spike_strength,rep_seed,theta_rs,tau_true,se_classical,se_hc1,se_swm_v_off_only,se_swm_fix,v_off,v_between,se_swm_sweep,h_sweep,se_conley_lehner,h_lehner,se_bch,t_bch,se_self_normalized,ci_sn_lo,ci_sn_hi,se_fixed_b,t_fixed_b,se_wcb,ci_wcb_lo,ci_wcb_hi,se_block_boot,ci_bb_lo,ci_bb_hi,cov_bin_0,cov_bin_edge_0,cov_bin_1,cov_bin_edge_1,cov_bin_2,cov_bin_edge_2,cov_bin_3,cov_bin_edge_3,cov_bin_4,cov_bin_edge_4,cov_bin_5,cov_bin_edge_5,resid_corr_within_fold,resid_corr_across_fold,cross_fold_mean_sd,cross_fold_mean_max_abs,rho
0.5,365994733,-0.10359962176719287,0.1,0.07005894854966165,0.06900176111670579,0.06907399565943671,0.06939958560882126,0.00029787904408604734,0.004518423438590062,0.04567976234081531,0.13433311575578563,0.05986424708967671,0.08231146441963005,0.06731628678016356,2.7764451051977987,0.08440253984658237,-0.33342178345757195,0.13525625378903966,0.02698564581496987,12.706204736432095,0.051185588923142296,-0.21019332444098351,-0.01044274386563282,0.061368756517613976,-0.24602001515514893,-0.020796222980038533,-0.004237719961421478,0.13433311575578563,-0.0025792762916873376,0.19388446592450692,-0.0045025205691465115,0.2861672411958622,0.0046558131105041605,0.44016388314903004,-0.005706339990792478,0.6614289311079893,0.00035894415465376124,1.364505794256775,-0.0062998771610197814,-0.0002614648778110183,0.035995432047889825,0.04969871938741283,0.05
0.5,127110760,0.012540395012988679,0.1,0.07460724736256169,0.09265870194668151,0.10833900610938894,0.08189948913997905,0.0020793731313301107,0.004628153190059436,0.08529444614709052,0.13433311575578563,0.11843860038324047,0.08231146441963005,0.0681287703936349,2.7764451051977987,0.09746243131939882,-0.16844120511753033,0.3727569756373126,0.03058539638997645,12.706204736432095,0.06017106339797223,-0.09334470242712195,0.10247315611277141,0.09469960470346711,-0.10399383421783547,0.2735417478973518,0.00010718499539084602,0.13433311575578563,-0.006047843802046416,0.19388446592450692,-0.008153109123167503,0.2861672411958622,0.0017125683736883093,0.44016388314903004,-0.002647398225365396,0.6614289311079893,0.001021289038885438,1.364505794256775,0.0017050707394848453,-0.0020088605919624156,0.10068468696230584,0.1701763244050796,0.05
0.5,894302036,-0.018853884628660226,0.1,0.08638529142756392,0.074375471667113,0.07336428783948355,0.08153291370607613,7.065411855584382e-05,0.006576961898846612,0.07257957162481024,0.13433311575578563,0.06815417172217796,0.08231146441963005,0.08121558015090395,2.7764451051977987,0.1541316380368299,-0.4226565722936859,0.43321949167326446,0.07135854889161777,12.706204736432095,0.07041145420457823,-0.162118883237914,0.11052399248115814,0.07755120719952034,-0.18822054485471648,0.09674455489394705,-0.010555573381130202,0.13433311575578563,-0.0014788684020461559,0.19388446592450692,-0.009371733165953026,0.2861672411958622,0.00543742498977293,0.44016388314903004,-0.0008585112285740878,0.6614289311079893,-0.0018692090981765046,1.364505794256775,0.0013656120629531822,-0.001923100042950537,0.09766356642158172,0.1661460725263234,0.05
0.5,2081528600,-0.17016863279374037,0.1,0.07120661761094413,0.04666591396309692,0.047145259286571706,0.04063814422323123,0.000364564561451999,0.0012868942044561432,0.07407073933261536,0.32612014812863077,0.053343552086758866,0.08231146441963005,0.03592511032506187,2.7764451051977987,0.058311298835802536,-0.3355003105904206,-0.011704070129640504,0.07662229169990238,12.706204736432095,0.032530119629903695,-0.22645966064312398,-0.11387760494435675,0.05867654564153643,-0.2592942488167532,0.014320903633348231,-0.016338810515544363,0.13433311575578563,-0.0064245575316737935,0.19388446592450692,0.0015105036780670735,0.2861672411958622,-0.0023510545885477322,0.44016388314903004,-8.161774767143405e-07,0.6614289311079893,-0.00020567300380809985,1.364505794256775,0.001363892518995093,-0.002236770728336888,0.105603972756456,0.1352462030919387,0.05
0.5,2048464303,0.1184273770320804,0.1,0.057515726717856666,0.041765409611569645,0.04504497566911608,0.02139752090150576,0.00014384954412830614,0.0003140043566020697,0.01793759268868124,0.13433311575578563,0.04505737320612961,0.08231146441963005,0.017745756778573072,2.7764451051977987,0.061285381942634026,-0.039404422031422,0.30090657539818566,1e-150,12.706204736432095,0.014790685625481283,0.08514106259973454,0.14515726780544722,0.07413605096001338,-0.05151602716822107,0.20424917430647918,-0.008123847721836058,0.13433311575578563,0.0014776480354067492,0.19388446592450692,-0.0021387206099868846,0.2861672411958622,-0.0005092699431764452,0.44016388314903004,-0.003891122850402351,0.6614289311079893,0.0017278058187923115,1.364505794256775,-0.00014059176792569203,-0.0015823657622804663,0.08845313279010593,0.13815261445708107,0.05
0.5,1809507340,-0.12171357822338477,0.1,0.06704871077074717,0.05063328989102024,0.046203275802698576,0.06646933637477825,0.00017591918202563596,0.004242253496077783,0.06203579337723883,0.13433311575578563,0.04683913485622746,0.08231146441963005,0.06522663830316831,2.7764451051977987,0.20012757644031484,-0.8734613864955497,0.2378250735500712,0.0525740723066885,12.706204736432095,0.05690266735453313,-0.22147618774436006,-0.027810175492716777,0.0507329274387783,-0.2310596205929816,-0.036592561329616594,-0.008401104845324503,0.13433311575578563,-7.457339609115383e-05,0.19388446592450692,-0.0029178810349772843,0.2861672411958622,-0.0018700935628373104,0.44016388314903004,-0.0004876561650063718,0.6614289311079893,-0.000477254076679166,1.364505794256775,-0.001421631037142789,-0.0013758746467820112,0.08255151577907636,0.13893883176419441,0.05
0.5,1558729212,-0.0709013994561048,0.1,0.09522073352284241,0.07811629060059874,0.07933552415653754,0.08542308286665808,0.00019780563434203518,0.0070992974521018985,0.08091273514544013,0.13433311575578563,0.08024080785484287,0.08231146441963005,0.08437900007010345,2.7764451051977987,0.1501775212481264,-0.3587045877526514,0.47521469980754644,0.06641174413397342,12.706204736432095,0.07189499470932703,-0.19812409747413245,0.04502588212438392,0.07375619290915358,-0.2051135828594251,0.08006165371370629,-0.035417607752802345,0.13433311575578563,0.019882349785590902,0.19388446592450692,0.0008500802596705764,0.2861672411958622,-0.003606722180943069,0.44016388314903004,0.0010546113468980402,0.6614289311079893,-0.0024921501525682252,1.364505794256775,-0.008223032472211683,-0.00027063603913136974,0.03682288783071925,0.04924984480559731,0.05
0.5,1506253675,0.0937083173810077,0.1,0.07154863341863474,0.030938678641677257,0.039115572817086226,0.031181459359073408,0.00012900557650079357,0.000843277831260753,0.03717890821756838,0.19388446592450692,0.039428830568818476,0.08231146441963005,0.029081180347885587,2.7764451051977987,0.08740559229586453,-0.14013153982880144,0.34522211796473357,0.034553129004426496,12.706204736432095,0.02365184746121277,0.044410471858276734,0.12867931669291086,0.0644363549256689,-0.11565846368584627,0.1431937387287712,-0.018430407622128255,0.13433311575578563,-0.0008233366425230871,0.19388446592450692,0.00612544164093733,0.2861672411958622,0.0011431386779811432,0.44016388314903004,-0.001981765171632444,0.6614289311079893,-0.0023920243922648707,1.364505794256775,0.004825791181673822,-0.0029743903576223345,0.12189426125084683,0.1406998062745286,0.05
0.5,113298368,-0.19581876891509958,0.1,0.06372893162039203,0.09489646289375672,0.09632218013085955,0.09620934360229068,0.000316070279515775,0.008940167516867856,0.10992220620940396,0.13433311575578563,0.10348147595608143,0.08231146441963005,0.09468899699178181,2.7764451051977987,0.09423732477647398,-0.5313751845791981,-0.008085666374045175,0.06498943851909564,12.706204736432095,0.0892902740804425,-0.3384801377715818,-0.06206544196344344,0.11924867859901857,-0.4433397719326216,-0.07372497041504128,-0.013357299819501484,0.13433311575578563,-0.0032436098107949196,0.19388446592450692,0.0007591504163346271,0.2861672411958622,-0.0009405561565870702,0.44016388314903004,-0.0006652618085684667,0.6614289311079893,-0.0007658156087997404,1.364505794256775,-0.00016359947180436855,-0.0017119235326886486,0.09262302855177995,0.10567220317661366,0.05
0.5,219539716,0.029255526375097762,0.1,0.07666719026062893,0.10669641813449941,0.1100254867071559,0.05647392954957079,0.0006517652175464916,0.002537539501223393,1e-150,0.13433311575578563,0.09516933091103805,0.08231146441963005,0.05044673855084868,2.7764451051977987,0.20319635786418092,-0.680137159643226,0.44818990672882464,1e-150,12.706204736432095,0.04529430953280487,-0.04545925998713615,0.10192987095351987,0.1277176801842538,-0.28225955234763905,0.22564269356722427,-0.01454785699596111,0.13433311575578563,-0.007193468539247965,0.19388446592450692,-0.008194481121716394,0.2861672411958622,0.002899060405145435,0.44016388314903004,-0.0014644745142613402,0.6614289311079893,0.0003605702586256492,1.364505794256775,-0.003927614096552925,-0.0010720877547357528,0.07323426614612474,0.09177851947730135,0.05
0.5,1599278428,0.13417389761151818,0.1,0.07038574640832232,0.07167249425718071,0.07337594902419067,0.0667767143786194,0.00034664877032242105,0.004112480812881294,0.09843095849934001,0.2861672411958622,0.07895052512661538,0.08231146441963005,0.06422123165727579,2.7764451051977987,0.1273288671455118,-0.1223292603445556,0.5847139595285186,0.08431853353615272,12.706204736432095,0.05753369203876997,0.021895115828315548,0.239325585000079,0.08399566756450108,0.031820771507423476,0.32850602839049353,-0.007743437557882919,0.13433311575578563,-0.0017783359182606475,0.19388446592450692,-0.0005569031652677401,0.2861672411958622,0.0021911098142800337,0.44016388314903004,-0.0029418144187690794,0.6614289311079893,-0.0006770017852094004,1.364505794256775,0.00846498893744683,-0.003562221703820962,0.13422745655160723,0.22771518211039202,0.05
0.5,338715847,0.26248848592451973,0.1,0.06929623893392156,0.057702027184623965,0.05447163444753556,0.0738102207597114,-0.0002721321793020975,0.005720080867899428,0.07776410697680643,0.19388446592450692,0.05292948163722835,0.08231146441963005,0.07574043103606681,2.7764451051977987,0.22262653351388997,-0.681196389311915,0.5550243092116721,0.06298278553965325,12.706204736432095,0.06459984729312764,0.1455450708184273,0.37834907274997037,0.09314778636255164,-0.021836796039644092,0.364327936000412,-0.015411197816036618,0.13433311575578563,0.017607637844801394,0.19388446592450692,-0.01135747380816725,0.2861672411958622,0.00213354503464345,0.44016388314903004,0.0008881263313161924,0.6614289311079893,-0.0030298008437245317,1.364505794256775,-0.00212373490819897,-0.001024920416563921,0.0712953644467016,0.11627063788576818,0.05
0.5,1756219502,0.14831063627935528,0.1,0.058810112012788615,0.04032124493103817,0.04013050692696876,0.05523404364625123,8.561378638526507e-05,0.002965185791130721,0.051753002050138844,0.13433311575578563,0.039769330033125654,0.08231146441963005,0.054532152829877875,2.7764451051977987,0.07388536748082863,-0.024016635106576895,0.38626069866919766,0.04242784597896652,12.706204736432095,0.04879283401832996,0.06488263626566425,0.2317386362930463,0.051219498491493605,0.055890697706714,0.24606764974672168,-0.014242234367949682,0.13433311575578563,0.0035479399477400374,0.19388446592450692,-0.001383350480405514,0.2861672411958622,0.0023300934271124622,0.44016388314903004,-0.0005282414677761331,0.6614289311079893,-0.003322341555277068,1.364505794256775,-0.0012135102367725177,-0.0014095839983450512,0.08458408640791071,0.1404762863634178,0.05
0.5,335068227,-0.22423703774537979,0.1,0.06364001080276477,0.028412969344443564,0.02873069221126797,0.040374441781627024,5.689134461056122e-05,0.0015732042045674287,0.03966701083606473,0.19388446592450692,0.027741009536120353,0.08231146441963005,0.039720914359171106,2.7764451051977987,0.12933247234469827,-0.6751276501442034,0.04304136942493092,0.03738053418571135,12.706204736432095,0.036760999716298814,-0.28201152060482093,-0.16646255488593864,0.06494898544996915,-0.45541953558220627,-0.1954348510249641,-0.006731791612561747,0.13433311575578563,0.00406622863117078,0.19388446592450692,-0.0014537280519148924,0.2861672411958622,-0.0036258167776510755,0.44016388314903004,-0.0015559780806345019,0.6614289311079893,0.0007982212975595058,1.364505794256775,-0.0037443146776107634,-0.0005994458595295118,0.05480540085486846,0.062498013237555265,0.05
0.5,310437996,0.08751002181137833,0.1,0.06566640791661749,0.05176046023100018,0.05700294738424501,0.046033754437624134,0.00011754416932276699,0.002001562378300713,0.044810526879597405,0.32612014812863077,0.052315247500197365,0.1718077529572306,0.04480342889406728,2.7764451051977987,0.11324122964285951,-0.2522473396237124,0.37656877587328197,0.04380459625690703,12.706204736432095,0.042104327852481034,0.024588872784971544,0.15043117083778512,0.10448349079213917,-0.23419287386968468,0.14802027768838757,-0.0018251903363354118,0.13433311575578563,-0.00424141748866717,0.19388446592450692,-0.002773024326606757,0.2861672411958622,0.003916061472340185,0.44016388314903004,-0.003387173178017578,0.6614289311079893,-0.0019160537629322343,1.364505794256775,-0.0034644166221929726,-0.000857987137446628,0.0654269330681442,0.10369804931634995,0.05
0.5,1531759933,-0.13926727936562544,0.1,0.06574725023662759,0.0320758155602559,0.03755685009581628,0.037057271824319254,0.00016086351524660257,0.0012123778798148832,0.03786649277999436,0.13433311575578563,0.039620981073956424,0.08231146441963005,0.034869497589246776,2.7764451051977987,0.09553110502079219,-0.26001264089172393,0.2704610969665068,0.027232255766920312,12.706204736432095,0.03027427247631459,-0.18550531405278436,-0.08726680321712009,0.04743843881925143,-0.2007507897759914,-0.02644584446244059,-0.0051792388969471815,0.13433311575578563,0.004404944640622109,0.19388446592450692,-0.00333659764163928,0.2861672411958622,-0.0011305685797973228,0.44016388314903004,0.00012872098877058508,0.6614289311079893,-0.0026300214365731515,1.364505794256775,0.0030253465412182073,-0.0023981528908530465,0.10988769519364189,0.1653833885549655,0.05
0.5,160064237,-0.1302731988710489,0.1,0.06795542122164007,0.032419636627759575,0.036517477452512215,0.052470375253810236,0.00021965090837197036,0.0025334893709036913,0.0555535126770041,0.32612014812863077,0.0368156999864402,0.08231146441963005,0.05040646381684615,2.7764451051977987,0.12900734396980887,-0.6212282767574633,0.09513534064162588,0.05515486430050719,12.706204736432095,0.046826261334238894,-0.20864541069931516,-0.051900987042782676,0.04145421387320972,-0.21497126929906388,-0.04949162524118991,-0.009687179011457528,0.13433311575578563,-0.0009165225664748599,0.19388446592450692,0.0021445636764941124,0.2861672411958622,0.0017391061616923184,0.44016388314903004,-0.0019145313535480707,0.6614289311079893,-0.0026735551207743217,1.364505794256775,-0.006358989000352802,-0.00011053352528007575,0.023628305540004692,0.03616363488748255,0.05
0.5,1862871184,-0.1818143810941596,0.1,0.08586730011924533,0.06069934706488534,0.07000377106643486,0.06382629594446372,0.001332223069906297,0.00274157298408397,0.06673048164192182,0.13433311575578563,0.0775992710578071,0.08231146441963005,0.05243564250989256,2.7764451051977987,0.12332210027537109,-0.5637785107172858,0.1210155726272466,0.04352810451922645,12.706204736432095,0.04795557595309476,-0.26649186646405826,-0.0865311291254362,0.0780039236837535,-0.36154002478403785,-0.08503438965233302,-0.02176599242284569,0.13433311575578563,0.0021503920885361304,0.19388446592450692,0.0015374934147240021,0.2861672411958622,-0.0014400588557945098,0.44016388314903004,3.598314641948397e-05,0.6614289311079893,-0.0006785279152862856,1.364505794256775,-0.0021174303558335644,-0.00112303556094959,0.07517652102578852,0.1159375970837515,0.05
0.5,1824841065,0.000798910271995237,0.1,0.060593095735831916,0.025199300482238084,0.023604987605265356,0.036098127981409676,4.4853828017769556e-05,0.0012582210157444627,0.040290455569902524,0.13433311575578563,0.02605894636937537,0.08231146441963005,0.035522633526648605,2.7764451051977987,0.05439260183257507,-0.1608394968939723,0.14119664934007942,0.03485136063638567,12.706204736432095,0.03242807263221699,-0.05242501003630055,0.05131582712814461,0.04269110063620272,-0.0455397952643744,0.08538936036238205,-0.005548428857394622,0.13433311575578563,-0.004756956570159607,0.19388446592450692,-0.0047842426322417244,0.2861672411958622,-0.001958028461039895,0.44016388314903004,0.0006332249841134969,0.6614289311079893,-0.0003269983004064835,1.364505794256775,0.001494583772419034,-0.0019877465553474944,0.10002539280982627,0.15646761119918337,0.05
0.5,187801294,0.16715203610791915,0.1,0.07212589822609523,0.04847542342092579,0.05275082583378592,0.04343621686090329,0.00029604441380058156,0.001590660521386838,0.0530224668986264,0.13433311575578563,0.05782625077300399,0.08231146441963005,0.03994067858876124,2.7764451051977987,0.051081986605062975,0.016774967807324848,0.30042763115413806,0.022872272947273547,12.706204736432095,0.03716559220692104,0.10545986009755742,0.21845996658389838,0.07458398400945461,-0.021785679086962346,0.253227057701751,-0.007692151707434614,0.13433311575578563,0.014045913419287378,0.19388446592450692,-0.0004223474536929298,0.2861672411958622,0.003635424950017676,0.44016388314903004,-0.005130642059160719,0.6614289311079893,-0.002861003655887006,1.364505794256775,-0.0036989686468663283,-0.0008226783630654113,0.06438068130018161,0.09152752883092466,0.05
0.5,600129777,0.13465300806716463,0.1,0.06578764184630752,0.04651341229908398,0.046926503233265415,0.03375406373445577,0.00023788996063505395,0.0009014468579546482,0.031033149701320147,0.13433311575578563,0.04630564653213236,0.08231146441963005,0.030067460745703177,2.7764451051977987,0.0878328368498045,-0.1769398206117507,0.31078627928280245,1e-150,12.706204736432095,0.025485087767624214,0.08950684703734593,0.17670687499625348,0.0722315427730284,-0.10374003390323094,0.20108191662287297,-0.017952035918407622,0.13433311575578563,0.008609509474772594,0.19388446592450692,-0.005094952243184971,0.2861672411958622,0.0025694223147928416,0.44016388314903004,-0.0022857188978443695,0.6614289311079893,-0.0005852006140905788,1.364505794256775,-0.0031396624906784173,-0.0008759005060657774,0.06656139196095655,0.08449859321337946,0.05
0.5,853607243,0.13054817634332486,0.1,0.07706419236804028,0.036509096282806894,0.03622288911647909,0.03927257110142585,0.00012187427941315028,0.0014204605615033986,0.039827862920946096,0.13433311575578563,0.036528301870447796,0.08231146441963005,0.03774342245807584,2.7764451051977987,0.04907439717824729,0.06570673439132171,0.3382114740634764,0.03127433871922515,12.706204736432095,0.033528434942015,0.06945894165889113,0.19163741102775858,0.0722607560160194,0.014585523951576113,0.2933675938797224,-0.00856544099259979,0.13433311575578563,0.0026050495950033334,0.19388446592450692,-0.0007055729567943978,0.2861672411958622,-0.0018609174587749468,0.44016388314903004,0.0004451381805955552,0.6614289311079893,-0.002301501698281171,1.364505794256775,-0.0019706854827454138,-0.0011281793140215377,0.0755568387511258,0.12485915018670228,0.05
0.5,1122187292,-0.21432504062890087,0.1,0.07110782214238213,0.033042621155096194,0.03434691335447075,0.03536766241948684,-4.995138436362026e-06,0.001255866683455144,0.036995110972227956,0.2431366342882323,0.03347056014688685,0.08231146441963005,0.03548938370767629,2.7764451051977987,0.08599590190335119,-0.5298162419430578,-0.05229044012979886,0.03483281290757516,12.706204736432095,0.03382760792148034,-0.2677863915849863,-0.1618698177755204,0.0477869203889268,-0.31250174467866143,-0.16163423263255872,-0.007717136009865241,0.13433311575578563,0.0035202581266192156,0.19388446592450692,-0.0002588904934952074,0.2861672411958622,-0.004259309147306552,0.44016388314903004,-0.0013158373796208513,0.6614289311079893,0.00044006652868157646,1.364505794256775,0.0023371421424484063,-0.0022584117193006656,0.1061651854111463,0.11797324158261076,0.05
0.5,55932169,-0.1973872486549125,0.1,0.06885834220563417,0.08516821262386806,0.08192419423621845,0.05514920339779125,-0.0005582283665813261,0.003599663001992276,0.07207874052255368,0.32612014812863077,0.07940061596383702,0.08231146441963005,0.06008383020652935,2.7764451051977987,0.060498153622922275,-0.4345422149823709,-0.09860260998263681,0.07594095699833435,12.706204736432095,0.0510067931375651,-0.2759319465171417,-0.10965787636792554,0.0907977415730065,-0.39033052092333215,-0.06754335332093535,-0.01765721035755353,0.13433311575578563,0.011214570480001278,0.19388446592450692,-0.008553484167839505,0.2861672411958622,-0.0010667676719814106,0.44016388314903004,0.0033802716991011934,0.6614289311079893,-0.0029830040917734582,1.364505794256775,-0.003202200530385143,-0.0008073189480141909,0.06365528193894453,0.08419347884134597,0.05
0.5,1843986025,-0.22278265215692755,0.1,0.06542665971587376,0.020387935899718903,0.024401075176695607,0.011618041781914803,3.4625176553151264e-05,0.00010035371829316683,0.015517526984142428,0.19388446592450692,0.026308900985630497,0.08231146441963005,0.010032136260109958,2.7764451051977987,0.04837576020896932,-0.3114680889751863,-0.042842803690355674,0.012235065373753644,12.706204736432095,0.009288453989261791,-0.24185072888969666,-0.207887853030164,0.06028870139122938,-0.3372948124991504,-0.1568228473314737,-0.011372601192418274,0.13433311575578563,-0.005913540189362305,0.19388446592450692,0.0014438484952681242,0.2861672411958622,-0.0017698168009730015,0.44016388314903004,-9.715056138989696e-05,0.6614289311079893,0.0001412138425612186,1.364505794256775,0.0011633119565533524,-0.0016073413871454077,0.08922092991606996,0.12625908159602187,0.05
0.5,1818916416,-0.4715153036175848,0.1,0.0886501620607594,0.08691103348599752,0.08253870235406115,0.07400547531887626,-0.0007310448110228566,0.00620785518819566,0.07880452347976052,0.13433311575578563,0.08696993927991849,0.08231146441963005,0.0789037195967099,2.7764451051977987,0.06253383941820966,-0.6744674516719504,-0.32722390694812376,0.04891731968365059,12.706204736432095,0.0674202297742003,-0.5834363846538545,-0.3551898857593172,0.10391522637634064,-0.7297017879755013,-0.3312433686357238,-0.015453790453040005,0.13433311575578563,0.0012556831607951702,0.19388446592450692,-0.004603636432846582,0.2861672411958622,2.97539802452246e-05,0.44016388314903004,-0.0004927030217020314,0.6614289311079893,-0.0005426639506439269,1.364505794256775,-0.0064864370031343125,-0.0002390748888428419,0.034764578465855414,0.05686797725631354,0.05
0.5,1726480543,-0.04737210525338689,0.1,0.05521219183721319,0.06371848054119708,0.06404725094109658,0.060571724880585716,0.0002134761628470724,0.003455457692162294,0.06344140381767738,0.13433311575578563,0.06896859701376856,0.08231146441963005,0.05886802667072306,2.7764451051977987,0.0480137131103693,-0.2172150376803289,0.04939983981498354,0.034801290974301465,12.706204736432095,0.0502427816511273,-0.13388314877233418,0.04118521027832431,0.07932050547418736,-0.26354643412652534,0.04671252353746982,-0.004138875953837288,0.13433311575578563,-0.008552790859141193,0.19388446592450692,0.004641600496001596,0.2861672411958622,-0.0002918678748348072,0.44016388314903004,0.00013143695965431673,0.6614289311079893,-0.002726236119592918,1.364505794256775,-0.004335271232618419,-0.00020119552026889265,0.03164452207136574,0.0509256296827025,0.05
0.5,552099655,0.15289372040459967,0.1,0.06081836308434769,0.03628566866802954,0.040173114098703215,0.02434825654316085,0.00012412568875179528,0.0004687119079397798,0.012655193424158304,0.13433311575578563,0.037646415884399556,0.08231146441963005,0.021681018579237637,2.7764451051977987,0.10073637663863022,-0.04228009674070066,0.5170979429266729,1e-150,12.706204736432095,0.01868614265368577,0.11468605492967819,0.19118669935493174,0.06604380561760313,0.048245704373888476,0.2448050629416464,-0.01101690509662993,0.13433311575578563,-0.0031933945519605172,0.19388446592450692,0.0035263665058488545,0.2861672411958622,-0.0012963572125567853,0.44016388314903004,-0.0015338697104747812,0.6614289311079893,-0.0005361625390865886,1.364505794256775,0.014012405040515985,-0.004998826258461099,0.15733865051226903,0.260587642105006,0.05
0.5,818247616,0.10445947047695003,0.1,0.08986827905054627,0.13159899994951887,0.14434483212265245,0.13973224766577075,0.005473453448630299,0.014051647589097993,0.19351538667945017,0.2861672411958622,0.1648212500412074,0.08231146441963005,0.11871082211547684,2.7764451051977987,0.10444078974160352,-0.13312627291801582,0.4468219660041193,0.15952087376862265,12.706204736432095,0.10365865324913327,-0.06462630504120911,0.30107208858434675,0.1290949502830746,-0.16790597754822925,0.29030035100056845,-0.013871872068799184,0.13433311575578563,0.0007299954487370337,0.19388446592450692,0.0011812599592396214,0.2861672411958622,-0.0034070877643857804,0.44016388314903004,-0.0001917427017966542,0.6614289311079893,-0.0002410611010686395,1.364505794256775,-0.002070608176870112,-0.0011760427049570586,0.07683960872328209,0.08322714829493301,0.05
0.5,274461442,0.07376460517825426,0.1,0.06331447405019335,0.07802448155344696,0.08322842147083906,0.11303891045209902,0.001850199249635573,0.010927596026562087,0.09958140578224112,0.13433311575578563,0.07187396681009277,0.08231146441963005,0.10468609589643556,2.7764451051977987,0.06686346557150612,-0.09654279525645748,0.2747426881486819,0.08174077820711965,12.706204736432095,0.09652517466553544,-0.06462433776687918,0.21725540722345918,0.08963146806481577,-0.08905822681080867,0.30016138596456954,-0.0007066193187430531,0.13433311575578563,-0.010356644189054113,0.19388446592450692,0.003698674762711504,0.2861672411958622,-0.0008636015420899186,0.44016388314903004,-0.0008260787946696058,0.6614289311079893,-0.0018395926791683836,1.364505794256775,0.0005203462324724798,-0.0015719937147881471,0.0889670708403189,0.13013963028969922,0.05
0.5,1274341342,0.05190212526576068,0.1,0.06403755583452903,0.08079915664743824,0.0855842849303949,0.09212116982965357,0.0001664784671843115,0.008319831463599565,0.09570288796658263,0.13433311575578563,0.09184011725800642,0.08231146441963005,0.09134482590313862,2.7764451051977987,0.12579627073260582,-0.1587368626848294,0.5397960175705316,0.07006171953256145,12.706204736432095,0.07509295218808278,-0.08242186931182208,0.18622611984334345,0.10696324006343844,-0.10488174403322488,0.2949689062354071,-0.010206265324004088,0.13433311575578563,-0.0005921158223547494,0.19388446592450692,-0.00145524007457402,0.2861672411958622,-0.000936897001016082,0.44016388314903004,-0.0012813146749239052,0.6614289311079893,-9.011356443042031e-06,1.364505794256775,0.005007142424149332,-0.0027929988610811613,0.11830513570612877,0.16392204127925336,0.05
0.5,1088131905,0.26048869556102056,0.1,0.06129344962560382,0.037882380217160797,0.040576113014145675,0.021867521724526582,9.966662237879541e-05,0.0003785218839938466,0.025195484766884383,0.19388446592450692,0.04072435160264191,0.08231146441963005,0.019483733673970757,2.7764451051977987,0.04873858266255214,0.08595145684093841,0.35659145537638076,0.019535899378212446,12.706204736432095,0.01710500180464624,0.22978626723278073,0.29131707918953903,0.052631414152835544,0.11477652486084843,0.3310383458759754,-0.0161110311559804,0.13433311575578563,-0.0074690394192534785,0.19388446592450692,0.0035778672849673615,0.2861672411958622,-0.0006303980415839669,0.44016388314903004,-0.001239133015948707,0.6614289311079893,-0.00010888353478176203,1.364505794256775,0.0031813111298754533,-0.0024818915789951916,0.11114951706328635,0.15711951487473633,0.05
0.5,711396414,0.2289747221527375,0.1,0.0829229373834437,0.06694539955124486,0.0689035826741669,0.07716714481681784,0.0004216593386675554,0.0055331089005121814,0.09126068129638902,0.13433311575578563,0.07698862073145271,0.08231146441963005,0.07449228513566566,2.7764451051977987,0.10313504433462584,-0.11321315619048586,0.45948442184397387,0.08239398092167241,12.706204736432095,0.06146560178943618,0.1266097141144281,0.33976637833563145,0.10930091196618592,-0.1066275833521522,0.34867180616803956,-0.006818697392697739,0.13433311575578563,-0.005470466420570054,0.19388446592450692,0.00031836137640325673,0.2861672411958622,-0.003986715430106304,0.44016388314903004,-0.00031025578550850324,0.6614289311079893,-0.00014817070846434504,1.364505794256775,0.002620872619647606,-0.0025364556093189447,0.11273900065820892,0.15909111968032766,0.05
0.5,897169238,-0.13991862054542648,0.1,0.07977452001566589,0.05847621834325878,0.060755041698926024,0.052066848092416324,0.0009148240436975936,0.001796132626581164,0.06517839340524072,0.13433311575578563,0.06816157377522794,0.08231146441963005,0.042442004680976954,2.7764451051977987,0.04492532969409411,-0.27024756011518997,-0.020782136658060127,0.029273476502881406,12.706204736432095,0.04450628971736554,-0.2164116864682095,-0.06936813697298072,0.0669479224218536,-0.297071103899083,-0.0201173605034187,-0.011858349506833453,0.13433311575578563,-0.0036837843366650295,0.19388446592450692,0.0060285571579854055,0.2861672411958622,-0.0026801017148765055,0.44016388314903004,-0.000379745695607554,0.6614289311079893,-0.0019252510708186695,1.364505794256775,0.0029390909014785837,-0.002491164031210497,0.11123663243124265,0.18652009592544685,0.05
0.5,2118338166,0.09043283205488872,0.1,0.06285158970539867,0.03594819403284414,0.04413124645466311,0.048795726455018215,0.0007301879769929548,0.00165083494328001,0.04988487259266278,0.13433311575578563,0.04523717372352098,0.08231146441963005,0.040689140351426,2.7764451051977987,0.2589310741312056,-0.14486006754938296,1.2929557591610052,0.045715951596074854,12.706204736432095,0.035654204642258464,0.012060871909071152,0.1688047922007063,0.045587101541793365,0.04807756279728645,0.2229656241635037,-0.013256332724855917,0.13433311575578563,-0.002731057251454945,0.19388446592450692,-0.003440084925201335,0.2861672411958622,0.0007924222281390855,0.44016388314903004,-0.003106489091503109,0.6614289311079893,0.0017943965021435491,1.364505794256775,-0.0053787005386100465,-0.00038259295617334125,0.043795924893793546,0.05959035925563291,0.05
0.5,617909794,0.08390068271893444,0.1,0.0759317527352087,0.03584907609467325,0.04254235568457529,0.06479128204351968,0.00030370491847794877,0.0038942053103649668,0.06586347619417479,0.13433311575578563,0.04472304521156604,0.08231146441963005,0.062493681592682954,2.7764451051977987,0.1294883228705231,-0.28000054953355236,0.43903389089471967,0.059094528994332686,12.706204736432095,0.06037570984546357,-0.008932981547463054,0.190211595824419,0.05614989847589304,-0.026505691375344823,0.1738648047408034,-0.009692848397861224,0.13433311575578563,-0.010017400232823047,0.19388446592450692,0.0050575935537304825,0.2861672411958622,-0.0038262858705604497,0.44016388314903004,0.0006527696976384154,0.6614289311079893,-0.0016509609494910005,1.364505794256775,0.0033588732581280147,-0.002750373478508041,0.11743203499563669,0.1633747551331543,0.05
0.5,262605991,-0.045498854483505484,0.1,0.07850716675408005,0.03706143278025932,0.045841349077574714,0.03639726125648042,0.00014261084099753056,0.00118214978597496,0.040899312528331046,0.2861672411958622,0.049468613791009246,0.08231146441963005,0.034432054888628126,2.7764451051977987,0.11929733898926377,-0.4848258879869607,0.17761913781276717,0.03535866720112745,12.706204736432095,0.031859620521009484,-0.0972871597632145,0.005673860446709485,0.07159097258474405,-0.16183702429959926,0.05640179547659584,-0.013508782173054916,0.13433311575578563,0.0055553894334742044,0.19388446592450692,-0.002245651023485115,0.2861672411958622,-0.0048842827379376764,0.44016388314903004,0.002827833450641496,0.6614289311079893,-0.0026481153412476594,1.364505794256775,0.0010999428528887618,-0.002193249395989801,0.10439753853428597,0.11622112579600949,0.05
0.5,1338711377,-0.11314494982263505,0.1,0.0778833486391155,0.09831438294337155,0.11258998209416024,0.09922813605207767,0.0016446900698610448,0.008201532914508591,0.10040965151671274,0.13433311575578563,0.11123196943616144,0.08231146441963005,0.09069309106465975,2.7764451051977987,0.09123785927587748,-0.39926720695250567,0.10736660863796549,0.08520002090508322,12.706204736432095,0.07632672562129886,-0.24839810111524038,0.019412882021314595,0.11891263470176044,-0.29719399330844715,0.16686010775492402,-0.0193683509992936,0.13433311575578563,-0.0013658783203171123,0.19388446592450692,-0.0036350764474697476,0.2861672411958622,0.0003523021759816896,0.44016388314903004,0.000916817618116494,0.6614289311079893,-0.0016769141335555742,1.364505794256775,0.0023831676545693317,-0.0025281822190923527,0.11204642464206091,0.1814088347083934,0.05
0.5,1442983138,0.019865321014077758,0.1,0.07617140286198155,0.061379681582004623,0.06130885500810708,0.06830374567099155,0.00023470026916731172,0.0044307014035201864,0.07407753276429875,0.13433311575578563,0.06349322844566001,0.08231146441963005,0.06665963470426524,2.7764451051977987,0.14069355178681384,-0.2829448140084955,0.49831103237428903,0.06744259632731836,12.706204736432095,0.059974413665738184,-0.09024262625613161,0.13283952812709876,0.07356129115805624,-0.08242968715147471,0.18053500030458286,-0.0030635854617050633,0.13433311575578563,-0.011155793523847908,0.19388446592450692,-0.0006001687535173276,0.2861672411958622,0.003866595813565143,0.44016388314903004,-0.003661451794238252,0.6614289311079893,-0.0009086050302972048,1.364505794256775,-0.006265796620232739,-0.0001670273640525407,0.028870033683991467,0.036697406076457564,0.05
0.5,2127719756,-0.2705881203977881,0.1,0.05764068389719594,0.04492472698090251,0.0445631153361985,0.04131327473706552,0.00032134544657754383,0.0013854412229227123,0.044212573176964205,0.13433311575578563,0.04846758341474925,0.08231146441963005,0.03727526510042392,2.7764451051977987,0.17069405264776633,-0.5144739092322584,0.43337142468827394,0.015207792666738806,12.706204736432095,0.03244083268103689,-0.3344919829423677,-0.20273103024877714,0.04204319632830808,-0.3237309143452077,-0.15827538437550093,-0.018827270218995638,0.13433311575578563,0.0032531606308286165,0.19388446592450692,0.002141365773503639,0.2861672411958622,-0.0030623995839457905,0.44016388314903004,-0.0005401823602798369,0.6614289311079893,0.0005865437293523494,1.364505794256775,-0.002131268622998264,-0.0009228795678860084,0.06785369352644068,0.09010226695650937,0.05
0.5,2283058,0.012955664156964648,0.1,0.0714971024513991,0.040532248603651025,0.046718500188409035,0.0318242013627834,0.0005729008979563502,0.00043987889442263436,0.03058966959491982,0.13433311575578563,0.048494019654946645,0.08231146441963005,0.021003576378966823,2.7764451051977987,0.123653803761539,-0.23352054333944813,0.45311545304618006,0.021055384938502366,12.706204736432095,0.01880524074698978,-0.01814858682844469,0.04357025222443862,0.0603355985760604,-0.037534367583452265,0.18617271614731049,-0.0020065517755585693,0.13433311575578563,-0.005383298297310909,0.19388446592450692,-0.0057472080212394,0.2861672411958622,-0.0006019330524496015,0.44016388314903004,-0.0002272584852807804,0.6614289311079893,-0.0006156104796101408,1.364505794256775,-0.00512854832860176,-0.00038260786157160966,0.04369928727339379,0.05923583302182075,0.05
0.5,839088194,0.13122933920881502,0.1,0.06504922340434965,0.057310361429576885,0.061467766362436164,0.05612738562346885,0.00012556811162462095,0.0030247153053009567,0.05333203318604828,0.13433311575578563,0.06391646396372827,0.08231146441963005,0.055076830492053364,2.7764451051977987,0.15982488099875233,-0.4111575155721138,0.4763325015034994,0.03147559978540159,12.706204736432095,0.05025705317258565,0.05332103061602568,0.22887495299176824,0.08814237256796961,-0.0367533818506974,0.31887621690223344,-0.013561418780777825,0.13433311575578563,0.002803117993530228,0.19388446592450692,-0.006924966289716425,0.2861672411958622,0.0014369125627339485,0.44016388314903004,-0.0028182295377406543,0.6614289311079893,0.0016104526533762878,1.364505794256775,0.0006821708773006296,-0.0017832689363583853,0.09402570523640225,0.14921101237674111,0.05
0.5,453547872,0.44446600160887373,0.1,0.06520231023781276,0.06296345764328391,0.07063633043167643,0.08814451988256426,0.0007878584391853203,0.006981597946142446,0.10716556935626373,0.32612014812863077,0.07757456930867138,0.08231146441963005,0.0836766154602857,2.7764451051977987,0.29231652349848736,-0.16202592002563343,1.4611756416459918,0.10714637799365709,12.706204736432095,0.07404600898375065,0.3315844763410864,0.5573475268766611,0.1193296313932096,0.3398998799091422,0.771221975988704,-0.014766858404295417,0.13433311575578563,0.00328098295148281,0.19388446592450692,-0.004700895238909163,0.2861672411958622,-0.00033221238038028713,0.44016388314903004,-0.0002841585320183652,0.6614289311079893,-0.00013980291799170627,1.364505794256775,0.0013052825731434663,-0.0018652668643558904,0.09674235146042764,0.12589224196357382,0.05
0.5,292064797,0.30660654235707496,0.1,0.061397415335609815,0.0540687798804228,0.05658894360882819,0.05737676693038364,1.1165783343984777e-05,0.0032809276000395813,0.049449233202832815,0.13433311575578563,0.0519076944346111,0.08231146441963005,0.05736209593233741,2.7764451051977987,0.16207974704839023,0.043886991789530205,0.9438980324779311,0.032315475678489025,12.706204736432095,0.0539617012571925,0.21920649800970296,0.38689508797228767,0.11276532998294661,0.23711898984418625,0.7079867069007398,-0.016787894712742963,0.13433311575578563,-0.008239474638325889,0.19388446592450692,0.0016456639004293837,0.2861672411958622,0.002948950343990772,0.44016388314903004,-5.737341023462039e-05,0.6614289311079893,-0.002155232395632109,1.364505794256775,-0.0034619842903692998,-0.0005953313653195391,0.05430577382165937,0.07896749342211441,0.05
0.5,1594476663,-0.14554380225879293,0.1,0.06875070902589223,0.05866671888967895,0.07097895611268552,0.0549834079528368,0.001268224874869521,0.001754950275238556,0.04949478354323373,0.13433311575578563,0.07254170529551296,0.08231146441963005,0.04195262072696572,2.7764451051977987,0.040016726152319354,-0.30858706256746077,-0.08637857566416514,1e-150,12.706204736432095,0.039178557375716426,-0.20229692567115506,-0.08876569242771239,0.07883379992114753,-0.2543871228945524,0.03045313002442188,-0.022968338037150867,0.13433311575578563,-0.0005977455158590897,0.19388446592450692,-0.006876832755905976,0.2861672411958622,0.002306464248766447,0.44016388314903004,0.0012677696019521253,0.6614289311079893,-0.0015647713585987084,1.364505794256775,0.001999878841407409,-0.0023485058015922573,0.10819462743045445,0.14309300191883761,0.05
0.5,256308724,0.09515609106266866,0.1,0.05557589198969747,0.0194768238298763,0.02231122566851564,0.02375094539164715,5.740349890467585e-05,0.0005067039080923293,0.022428880326364614,0.13433311575578563,0.022536897180646484,0.08231146441963005,0.022542590140763454,2.7764451051977987,0.16575613123299887,-0.4850534651035574,0.43537213333321,0.018446671381471266,12.706204736432095,0.021496290339339943,0.060275641983775365,0.13003654014156196,0.02802754432037212,0.048266715003753805,0.15664415912448548,-0.018051347562176513,0.13433311575578563,0.01399127149476655,0.19388446592450692,-0.01227858572257133,0.2861672411958622,0.0011892398244745211,0.44016388314903004,0.002335483470429754,0.6614289311079893,-0.0024514060298618523,1.364505794256775,-0.0041785065413539645,-0.00048637810370253293,0.04931610190408289,0.05592569495824692,0.05
0.5,1027633058,0.08806330088792824,0.1,0.0572409077068285,0.05648055402236422,0.056190205732397525,0.05976521895179258,1.9282575951043174e-05,0.0035525988204046636,0.05646310084228537,0.13433311575578563,0.054271451552729895,0.08231146441963005,0.05968975160823867,2.7764451051977987,0.08951560499657404,0.004106614610540904,0.5011769412736562,0.04703255129745608,12.706204736432095,0.05488656318738241,-0.0030840855291278764,0.18104935556031443,0.08278844215884004,0.024492291237455676,0.31359837652939226,-0.013145797040219698,0.13433311575578563,-0.0006096917785378617,0.19388446592450692,0.003833992469762654,0.2861672411958622,-0.004148576212125682,0.44016388314903004,-0.002105133877506522,0.6614289311079893,0.0014524459041374961,1.364505794256775,-0.0013373194219332809,-0.001325340874737757,0.081355864123718,0.09691588939191322,0.05
0.5,1799500337,0.14875914917995042,0.1,0.0779326914182465,0.02814509283228845,0.030380710446572045,0.0356153305973289,9.326186581248136e-05,0.0011751899077445506,0.038630689029666196,0.32612014812863077,0.03282575799878651,0.08231146441963005,0.03433054631619034,2.7764451051977987,0.07803695054729012,-0.07808564124892314,0.35524497749424955,0.038991405746024575,12.706204736432095,0.029523510835104457,0.0874258128823874,0.21009248547751344,0.06867580359666066,0.07873528545035595,0.3510197821597038,-0.010740533892416453,0.13433311575578563,-0.003187778632162391,0.19388446592450692,-0.0021997751712182624,0.2861672411958622,4.117316467852623e-05,0.44016388314903004,-0.002072535696100691,0.6614289311079893,0.00032228323876085086,1.364505794256775,-0.0050303506640099185,-0.0005538880539025532,0.052723177850085894,0.07690841694954399,0.05
0.5,1452660832,-0.13593585534881938,0.1,0.07907489561082091,0.05963602552762808,0.06061326284147942,0.04193205879099813,0.00037132029046911584,0.0013869772639826076,0.054807171731056537,0.13433311575578563,0.06481803882760949,0.08231146441963005,0.0372959229513335,2.7764451051977987,0.2190207794173255,-0.8614404588577412,0.3547578830419392,0.040810506406702106,12.706204736432095,0.03259622407441094,-0.19098322768187775,-0.08544103871107019,0.11396876143592628,-0.23956448246725529,0.13806799304961337,-0.024867608837475793,0.13433311575578563,0.009192814424828683,0.19388446592450692,-0.004044464305792496,0.2861672411958622,0.0011035649307873075,0.44016388314903004,-0.0016502523270872013,0.6614289311079893,-0.0008433426537827218,1.364505794256775,-0.005176738226113007,-0.0008816569376418364,0.06650081720298251,0.09392440625865882,0.05
0.5,227410161,0.2844363442028726,0.1,0.07683548202078816,0.07736418595049693,0.07828148373283732,0.02383291720956266,0.00015090002273586423,0.0004171079199820038,1e-150,0.13433311575578563,0.06306079050092477,0.08231146441963005,0.02045271214782051,2.7764451051977987,0.12681643513131874,0.013721664690168167,0.7179194058481364,1e-150,12.706204736432095,0.016892537083888062,0.25137829343300266,0.31198677259743596,0.12085831332473364,0.1193030885146503,0.5718128440267806,-0.01934636831116416,0.13433311575578563,0.00197983075277194,0.19388446592450692,-0.0025203099101370713,0.2861672411958622,0.000421000835087332,0.44016388314903004,0.0015262470838238612,0.6614289311079893,-0.0030666335475792337,1.364505794256775,0.0016777721830016148,-0.002278687431390348,0.10630963194534,0.13826606747616418,0.05
0.5,982546830,-0.31997849954707236,0.1,0.0714611843530049,0.04618995537230806,0.04505062903880578,0.031478930133382536,5.5534896071542366e-05,0.0009353881462708369,0.027197065287125927,0.19388446592450692,0.04148702235198196,0.08231146441963005,0.030628280725819346,2.7764451051977987,0.11656479877579104,-0.5362095919103349,0.11106193808848791,0.00456008489171769,12.706204736432095,0.029550879090281288,-0.36681416851323745,-0.27314283058090727,0.07289828520593472,-0.3912402384131667,-0.14824124351459841,-0.01040583257695718,0.13433311575578563,-0.003110422824069675,0.19388446592450692,0.0011901263124772616,0.2861672411958622,-0.0017137164154742753,0.44016388314903004,-0.0021605626205217564,0.6614289311079893,0.001250523826902281,1.364505794256775,0.0008199463032996931,-0.001667041845494374,0.09206221396624825,0.14803639177628367,0.05
0.5,1752096747,-0.04607912779148855,0.1,0.07700059332051461,0.04714042480727268,0.0500311505429163,0.035610446890143914,-7.023346872764421e-05,0.0013383373964434046,0.037675854047152194,0.13433311575578563,0.05396124377570129,0.08231146441963005,0.03663612184171185,2.7764451051977987,0.08439557990803373,-0.38047263370806284,0.088166755763917,0.012011457064583808,12.706204736432095,0.029095881119964917,-0.09330960900758062,0.017011264074776215,0.11845203947545346,-0.3438733373715266,0.07423098010327896,-0.019629524891255298,0.13433311575578563,-0.0020938891071817386,0.19388446592450692,-0.003801530819190726,0.2861672411958622,-0.001148174761472426,0.44016388314903004,0.0007882977051528552,0.6614289311079893,-0.00027764034588381,1.364505794256775,-0.002563140100825587,-0.0012980160896409732,0.08060583284083114,0.10565396389308793,0.05
0.5,1029553900,-0.003133690591413496,0.1,0.06575031221821245,0.10938291097397329,0.11005145701830632,0.03437837413004684,6.894892229693944e-05,0.0011129236855285344,1e-150,0.13433311575578563,0.09785331002600424,0.08231146441963005,0.0334086849183301,2.7764451051977987,0.2640923992412787,-1.0195559443696998,0.44692015401708235,1e-150,12.706204736432095,0.03264727037761733,-0.055152790748054716,0.04888540956522772,0.1442481895597255,-0.3620817205351679,0.15373790212586885,-0.027185368924218075,0.13433311575578563,0.01237534106789514,0.19388446592450692,-0.004679594157983693,0.2861672411958622,-0.00041934629160548273,0.44016388314903004,0.0026357977355257415,0.6614289311079893,-0.0034686069076257306,1.364505794256775,-0.003923662705277178,-0.0009554206917012945,0.06872561197961624,0.10896329020928958,0.05
0.5,99117540,-0.040044519479645574,0.1,0.06199657864458749,0.025635503488414393,0.0288066576119503,0.020113737100173206,5.885474817444796e-05,0.0003457076719604361,0.019716529194436817,0.13433311575578563,0.030593449468652056,0.08231146441963005,0.018620065173938275,2.7764451051977987,0.021420496663688827,-0.1421037228247864,-0.02315805659917714,0.004071750812204544,12.706204736432095,0.01818837226310295,-0.069455730390792,-0.010633308568499145,0.041592352454414463,-0.16593218373846857,0.005042512592350022,-0.017066037968481038,0.13433311575578563,0.003931062701209053,0.19388446592450692,-0.0034549212771105868,0.2861672411958622,-0.0015479326096623461,0.44016388314903004,-0.0022638844937009363,0.6614289311079893,0.0022889323087636666,1.364505794256775,-0.0032677077725365815,-0.0008236720516114177,0.06415045863879101,0.08915503006858035,0.05
0.5,789312278,0.4080551407948612,0.1,0.08601529582914151,0.09448745206816227,0.08919736242282139,0.10158385920958417,0.0009533039752016633,0.009365976476710954,0.12267208643535295,0.13433311575578563,0.10336451779457881,0.08231146441963005,0.09691772682479932,2.7764451051977987,0.07955235359478159,0.11969303039843587,0.5614385158888275,0.08219722274128718,12.706204736432095,0.08233482238368926,0.2607294986887774,0.5509139729123675,0.12018314774351951,0.14363853189375175,0.5735534393398886,-0.01806247255434314,0.13433311575578563,0.004053067849097111,0.19388446592450692,-0.0011702378999657167,0.2861672411958622,1.2067587222027631e-05,0.44016388314903004,-0.0014131133519042277,0.6614289311079893,-0.00041985146379480654,1.364505794256775,0.0025977192366822325,-0.0023439567541732177,0.10768677061908186,0.17771772942487696,0.05
0.5,509834458,0.04054253441012525,0.1,0.06152417190025755,0.05147379953274076,0.0494042952004125,0.05402658434725204,8.902865093446746e-05,0.002829843165296272,0.043078349518420135,0.13433311575578563,0.04744747001641765,0.08231146441963005,0.05327308797853025,2.7764451051977987,0.14445953522314778,-0.2828244840792278,0.5193434548596875,0.027553638890031363,12.706204736432095,0.04565995121974641,-0.03750922247999073,0.10857741915833444,0.061299770159952235,-0.09628570346524556,0.12844362198841142,-0.013070722893635877,0.13433311575578563,0.004407095625394327,0.19388446592450692,-0.002655945076157395,0.2861672411958622,-0.004502082863575919,0.44016388314903004,-0.0009896130389983999,0.6614289311079893,0.0014034958472898902,1.364505794256775,-0.005041619564544136,-0.0006022314675198804,0.054905560805886634,0.07750688876973522,0.05
0.5,1458881765,0.03444553279155357,0.1,0.075366473570277,0.03378789439744755,0.03761396927227889,0.04262282145259161,0.00040951834363867523,0.0014071865649408282,0.045585315454658534,0.13433311575578563,0.03935982053631627,0.08231146441963005,0.03756665513636127,2.7764451051977987,0.028828380042656945,-0.025207416971468756,0.13487341234896483,0.03105274946100893,12.706204736432095,0.03504626496437913,-0.021272656286253293,0.09420445909654152,0.03981625313403545,-0.03598216527823269,0.12356504567827384,-0.008002968134694708,0.13433311575578563,0.004370373993591171,0.19388446592450692,0.005561348882261,0.2861672411958622,0.003138324398539435,0.44016388314903004,0.0005782569857447328,0.6614289311079893,-0.008122543579520705,1.364505794256775,-0.002363266096893266,-0.0009899655869595942,0.07067509638136826,0.11825551788135984,0.05
0.5,1073953300,-0.397366849130562,0.1,0.0813955291644203,0.07625666397903114,0.07123553766099897,0.11404145723243965,0.0004795106893800997,0.012525943278318262,0.10949136313290324,0.13433311575578563,0.07433576099057569,0.08231146441963005,0.11208097709478396,2.7764451051977987,0.2082278215985707,-1.0829717104212497,0.07329452166545436,0.09707652517744582,12.706204736432095,0.10668435651925444,-0.5703702072934826,-0.2218436469320213,0.08065615958791929,-0.5206897830043049,-0.2395004107741772,-0.012924980494562659,0.13433311575578563,-0.005859988398957615,0.19388446592450692,-0.0029229449308635024,0.2861672411958622,0.0009262512353281112,0.44016388314903004,-0.0009253762908096062,0.6614289311079893,-0.0003799058802247543,1.364505794256775,0.005166980987185222,-0.00304608934249059,0.12287180547971088,0.14927237720158695,0.05
0.5,664406982,-0.37456136901013054,0.1,0.0712704342067538,0.06366511200784741,0.06958494447670105,0.05820333793814746,0.0011084845016098282,0.0022791440455323677,0.06601609083217697,0.13433311575578563,0.07490795977374734,0.08231146441963005,0.04780932092229763,2.7764451051977987,0.17711212221192504,-1.0622046084234056,-0.07872043885041835,1e-150,12.706204736432095,0.04058733619522979,-0.4459936542933559,-0.29865989344672755,0.11745397298260224,-0.7246877151691596,-0.27850792731839796,-0.014508010240256858,0.13433311575578563,0.0033288267255015794,0.19388446592450692,-0.0032487423047177547,0.2861672411958622,-0.00285455892310667,0.44016388314903004,0.00016738534083820202,0.6614289311079893,0.0004759770348874274,1.364505794256775,-0.0018126353189888123,-0.0011284950897152983,0.07488914346923654,0.12554065627976266,0.05
0.5,1162520674,0.02877377819469069,0.1,0.08908299994996063,0.08259430534759013,0.07814252581928996,0.05605300662827474,-0.0002724694990847735,0.0034144090511541852,0.04009475070977478,0.19388446592450692,0.0696791243828422,0.08231146441963005,0.05851732466036083,2.7764451051977987,0.17179869971648895,-0.6685594875954552,0.28541983021892914,1e-150,12.706204736432095,0.05070214177123103,-0.05202724747909877,0.13390227489716292,0.10311072122016153,-0.20689436742411818,0.20823879054841501,-0.02192108213825792,0.13433311575578563,-0.00892185817680762,0.19388446592450692,0.0025909720056817177,0.2861672411958622,0.0004646535841862657,0.44016388314903004,-0.002736203287886612,0.6614289311079893,0.0012076631078755176,1.364505794256775,-0.0067654564389112585,-0.0003856045538926504,0.044159513142929,0.07498838810663125,0.05
0.5,122917899,-0.19143824313758429,0.1,0.07638568723631776,0.03985803303828499,0.04106613240516472,0.044771138101322334,0.0001416802155456533,0.0018627745913420233,0.04070207881197629,0.13433311575578563,0.03974605983138707,0.08231146441963005,0.04322219722475359,2.7764451051977987,0.0976857003230591,-0.37638216051866363,0.16605580850088925,0.030555917583402835,12.706204736432095,0.0374190781810467,-0.2614435979649625,-0.12446852499053265,0.07698430995262058,-0.27809019533589363,-0.10865576046241476,-0.017619715251059053,0.13433311575578563,-0.0034007681745188436,0.19388446592450692,-0.0024031838447154848,0.2861672411958622,0.0007789906137434065,0.44016388314903004,-0.0015815589328049225,0.6614289311079893,0.000649031380745074,1.364505794256775,-0.0065786153458460795,-0.00014549398676177826,0.026945046472228295,0.0400143526644313,0.05
0.5,386264405,-0.5101033508786162,0.1,0.0775315376891557,0.1508719635468014,0.17511122569100265,0.21231533858891488,0.007502521808873907,0.03757528119125166,0.28916501309336323,0.32612014812863077,0.19163477966587059,0.08231146441963005,0.1941233635342204,2.7764451051977987,0.16749410503342707,-1.039516122401949,-0.1094397462628599,0.29207852456369937,12.706204736432095,0.16366268469189235,-0.8428465622435214,-0.1773601395137111,0.14442946787710473,-0.7830193825200787,-0.25043534067389916,-0.005295666287934148,0.13433311575578563,-0.010016446660857336,0.19388446592450692,0.0006248694014868333,0.2861672411958622,0.0005206878630509662,0.44016388314903004,-0.0005625116966379909,0.6614289311079893,-0.003100421879942022,1.364505794256775,-0.008172694823301636,-0.000103280784155994,0.022650266269670927,0.03049432994372454,0.05
0.5,736447549,0.12895775035322105,0.1,0.07003765911714593,0.06548483946873838,0.060992266578921844,0.055575624627620064,0.00017342389292225677,0.002915226159827873,0.06052674951942448,0.13433311575578563,0.06258301198094718,0.08231146441963005,0.05407080237022861,2.7764451051977987,0.03797862903032441,-0.0016727920048933836,0.20921836534184107,0.03647573334228389,12.706204736432095,0.04819495641818964,0.047752982712846226,0.20987916548442231,0.06422618554403003,-0.008054154583168917,0.2305062652606639,-0.017042736580484035,0.13433311575578563,0.0006011681124368717,0.19388446592450692,0.005995523227486647,0.2861672411958622,-0.0020563873485323902,0.44016388314903004,-0.002127483213192718,0.6614289311079893,0.00010072153261764451,1.364505794256775,0.002152682265734751,-0.0020775228015776142,0.10198976667261651,0.13416524133320856,0.05
0.5,416062833,-0.054109546813237056,0.1,0.07756989159975745,0.08836994104403728,0.10399725278647923,0.14832331522049175,0.0029028830555392487,0.019096922782458108,0.17165753103680592,0.19388446592450692,0.12210403424852667,0.08231146441963005,0.13839117096442435,2.7764451051977987,0.1376960631688788,-0.29607101201167835,0.46854010916880257,0.1672834742611299,12.706204736432095,0.1220174364321529,-0.272766738665151,0.15546763886746906,0.08775522971807316,-0.1729035930315172,0.1630568990197267,-0.00982164642606,0.13433311575578563,-0.004085391048861093,0.19388446592450692,0.005394059470251894,0.2861672411958622,0.0017261346742734817,0.44016388314903004,-0.0010768527050814976,0.6614289311079893,-0.0032849986462887447,1.364505794256775,-0.002811824754675207,-0.000732034517993696,0.06055672447971993,0.07350589438630069,0.05
0.5,220352148,0.06990421631794666,0.1,0.06150485966604716,0.06374420817188128,0.06598560663356101,0.045878659625556525,0.0002786410852926467,0.0018262103237450238,0.024793889305649876,0.13433311575578563,0.059867702167461664,0.08231146441963005,0.04279589218914029,2.7764451051977987,0.09409032688192034,-0.166445596143424,0.3560276588921132,1e-150,12.706204736432095,0.034589218061723895,0.0055956065565012925,0.12659803412079212,0.0995969889171313,-0.014190222157898235,0.3572683713546404,-0.02383408334501301,0.13433311575578563,-0.0028880999438478387,0.19388446592450692,0.004736250549940927,0.2861672411958622,-0.0022302165220142427,0.44016388314903004,0.00044090265708253954,0.6614289311079893,-0.0004776261681675108,1.364505794256775,-0.004545974311097088,-0.0005079980414960155,0.050445985829168365,0.07179649456528066,0.05
0.5,433952441,-0.16236433920930546,0.1,0.071129919462707,0.07532413947741734,0.08604160116652881,0.08543210413387355,0.00196654999322739,0.0053320944235136225,0.1522230848592228,0.32612014812863077,0.10673938718080864,0.08231146441963005,0.0731266374246637,2.7764451051977987,0.1842530080693448,-0.6790260971580241,0.3441106275861817,0.15402519839138196,12.706204736432095,0.05803013866673411,-0.2717171793715878,-0.054319658265946535,0.08070059306215004,-0.36150303538851974,-0.03392616173717525,-0.012318717725366603,0.13433311575578563,-0.001771762284925275,0.19388446592450692,-0.0033694159753175114,0.2861672411958622,-0.0016953509009445488,0.44016388314903004,-0.00014908997368622562,0.6614289311079893,5.559204706253136e-05,1.364505794256775,0.00122681995928777,-0.00206683329545863,0.10113784190302898,0.16510500399603395,0.05
0.5,1539718333,0.1968449616374161,0.1,0.06933270727097933,0.05501465657921289,0.054346794820694114,0.07233052119593998,6.806604751356457e-06,0.005224897691724967,0.06338618552621082,0.13433311575578563,0.0482262714316775,0.08231146441963005,0.07238783428246541,2.7764451051977987,0.12799190699816174,-0.1195866654963231,0.5911383418836329,0.05572637104883765,12.706204736432095,0.06807970756431975,0.07096442945676656,0.30522704249495364,0.07596655733202103,0.08756018482560735,0.38641506465477393,-0.014036295028066042,0.13433311575578563,-4.45677837029876e-05,0.19388446592450692,-0.002933825205694049,0.2861672411958622,0.0011853310406621637,0.44016388314903004,-0.0007218489019425609,0.6614289311079893,-0.000346247570767275,1.364505794256775,-0.0021333338121598973,-0.0008191223858160581,0.06366736943952138,0.0970918509091051,0.05
0.5,169963799,-0.2516635195153345,0.1,0.08161643867291972,0.08698013224807999,0.08528231927413178,0.07751804515510893,0.0005750481613277757,0.005433999163341731,0.09373325479705984,0.19388446592450692,0.09061732129933589,0.08231146441963005,0.07382211296918952,2.7764451051977987,0.11220676658777842,-0.68851909280225,-0.06544723707683131,0.07580491599638375,12.706204736432095,0.06437292539071861,-0.35580975443477425,-0.14751728459589475,0.11605434305959153,-0.5759703909431964,-0.10045105331848314,-0.024935242890991305,0.13433311575578563,-0.008936390479806712,0.19388446592450692,0.0030625693264333073,0.2861672411958622,-0.00014590141523876108,0.44016388314903004,-0.0009780908575145507,0.6614289311079893,7.5751830937698e-05,1.364505794256775,-0.0009276664147002233,-0.001872091125944308,0.09664832202455576,0.10641673012181778,0.05
0.5,293331168,0.17186659969907142,0.1,0.06866886319303876,0.08034408177225169,0.09373713891835692,0.14239657948091033,0.002150463850843687,0.01812632199701953,0.15351045919123285,0.2431366342882323,0.09560000729089847,0.08231146441963005,0.13482844733543342,2.7764451051977987,0.15366972159148243,-0.33425288867794223,0.5190582039816175,0.1486836016430388,12.706204736432095,0.11049839591818587,-0.022660406953801525,0.3690698527056657,0.09113706995104244,-0.058156603884520576,0.29033308438270766,-0.015197047963394661,0.13433311575578563,0.001033530764452979,0.19388446592450692,-0.0005771688462316171,0.2861672411958622,0.0015307587924059181,0.44016388314903004,-0.0022872085534200873,0.6614289311079893,-0.00021719342586536646,1.364505794256775,-0.0014435791250989225,-0.0011443254450565438,0.07533894673977605,0.1144684383308524,0.05
0.5,695147234,0.09680186730846128,0.1,0.0745965384162077,0.040243505050546496,0.04362450220095883,0.038538254270314536,6.677406474869178e-05,0.0014184229774547247,0.04468151623411578,0.2431366342882323,0.04853564329431453,0.08231146441963005,0.03771634215865679,2.7764451051977987,0.18292910663726553,-0.334239173794578,0.681546071647906,0.03680560825131945,12.706204736432095,0.03467354708708584,0.030792237814232543,0.1609683375848801,0.0659175889649806,0.03625331296806488,0.30007503878997766,-0.012542633341930086,0.13433311575578563,0.0020635577604009078,0.19388446592450692,-0.0008007222038334694,0.2861672411958622,-0.0013532250566953602,0.44016388314903004,-0.0017938482275483571,0.6614289311079893,0.00021316008063976272,1.364505794256775,0.004182241185126097,-0.0027158605937913044,0.11674921272568714,0.1535491897906609,0.05
0.5,1565781272,-0.1704469872591629,0.1,0.06901451664415768,0.03595794741729026,0.03183561214035952,0.03725770252776401,4.428633430541358e-05,0.0013438500633419393,0.03469372216334851,0.13433311575578563,0.031036850015735373,0.08231146441963005,0.0367114971509278,2.7764451051977987,0.1429544682851795,-0.7543160365692543,0.039494430903826816,0.029081821816700083,12.706204736432095,0.0328896197202612,-0.22276452037894381,-0.11553113896734589,0.0821022102565202,-0.43419397117174807,-0.1318153424576458,-0.012071685335381313,0.13433311575578563,0.003401692741542161,0.19388446592450692,-0.00124550143658021,0.2861672411958622,-2.4348238462320434e-05,0.44016388314903004,-0.001807852593039475,0.6614289311079893,-0.0003337793140442503,1.364505794256775,0.0009438037841019701,-0.0017303379314513125,0.09303690582946723,0.11454470260381582,0.05
0.5,1974395561,-0.14630597623334698,0.1,0.06923101412917727,0.04082034174424733,0.041065540482166325,0.03864526486805026,0.0004162617835589274,0.0010771947131628322,0.0461782226825477,0.13433311575578563,0.0446331950882017,0.08231146441963005,0.032868039075683295,2.7764451051977987,0.09603182899483349,-0.4808297491064798,0.052424454005315146,0.04496971161030268,12.706204736432095,0.030784572443825684,-0.1994389020410391,-0.08839850489270384,0.045855391953292635,-0.22636095039422616,-0.06550018124091099,0.0009657905781571261,0.13433311575578563,-0.011684561763750701,0.19388446592450692,-0.002952910835136671,0.2861672411958622,-0.00565019292963451,0.44016388314903004,0.00266749331775922,0.6614289311079893,-0.0014006725736842034,1.364505794256775,0.007052813711979118,-0.003665533623958982,0.1352068792268561,0.21956087230160418,0.05
0.5,813761475,0.033850643291723284,0.1,0.07171301991865202,0.06997309842134772,0.07297731788128341,0.06443903231597727,0.0004238617226465088,0.0037285271631730525,0.07994396775898638,0.13433311575578563,0.08380650481836333,0.08231146441963005,0.06114984262645346,2.7764451051977987,0.15156304976785692,-0.1758294255909684,0.6657835497226651,0.04908069796544912,12.706204736432095,0.06251731199799138,-0.07936321366619005,0.1401364681824049,0.1330865009117174,-0.04367143643267942,0.46051947872582544,-0.022697382689231837,0.13433311575578563,0.007483981405184921,0.19388446592450692,0.0018912740540652268,0.2861672411958622,-0.0014491989406770097,0.44016388314903004,-0.003572833341876608,0.6614289311079893,0.0015496723994667442,1.364505794256775,-0.0013858297041823553,-0.0014841007462776765,0.08620541047194365,0.1157832204629966,0.05
0.5,33534403,-0.5761909867172292,0.1,0.0690928405280233,0.05536750993412599,0.06082851232761367,0.07782336917706245,0.000729892487775591,0.0053265843022937635,0.09373631187749633,0.32612014812863077,0.0691768331195331,0.08231146441963005,0.0730888435714544,2.7764451051977987,0.09222784014016781,-0.7514396560708856,-0.23930858543061762,0.09380938765787204,12.706204736432095,0.06560503653958345,-0.6872738578888036,-0.4594988618722263,0.08300008633575022,-0.6471604235633361,-0.31867152603866766,-0.010969345234937788,0.13433311575578563,-0.00601565628005448,0.19388446592450692,0.0008936633890923387,0.2861672411958622,0.002700471095518194,0.44016388314903004,-0.0014595251649081723,0.6614289311079893,-0.0020596434572852616,1.364505794256775,-0.0011000598360790534,-0.0013017823681298092,0.08123893413031658,0.13883063692015885,0.05
0.5,220925574,0.13909975943279085,0.1,0.07058351104774864,0.05533070560377608,0.05804466069043896,0.04353817938134588,0.0004798488233318898,0.0014157242405103618,0.04293674656069601,0.13433311575578563,0.061919211965735584,0.08231146441963005,0.037680444915987245,2.7764451051977987,0.05535669323217993,-0.05358949558532354,0.2538001443435206,0.0011966686160764905,12.706204736432095,0.03706436657656273,0.08187136524355482,0.19675770994552727,0.07629175425578139,0.039822389789676435,0.3273825412110711,-0.022840440650243946,0.13433311575578563,-0.0012854951315996684,0.19388446592450692,0.001874853953351666,0.2861672411958622,-0.0030309905843303375,0.44016388314903004,0.0015333418413656593,0.6614289311079893,-0.0011868068354672014,1.364505794256775,-0.004137876128344532,-0.0008706325851698407,0.06561087958922011,0.1122154480995143,0.05
0.5,1141546393,0.2855973994906833,0.1,0.06329667170657424,0.12647075826787454,0.12366592333356351,0.15017679177782534,0.00029593276530087004,0.022257136023379438,0.14833411523823467,0.13433311575578563,0.12849056681498322,0.08231146441963005,0.14940369140722717,2.7764451051977987,0.133098208097829,-0.029617891437887567,0.709461845329743,0.11288411212252696,12.706204736432095,0.11919126033455275,0.0889206116114698,0.49285225768169916,0.13410003888912186,0.10368307716454052,0.5597750810071651,-0.014556626257928968,0.13433311575578563,-0.0029952749590497515,0.19388446592450692,-0.0026933321986806515,0.2861672411958622,0.0013492092912017264,0.44016388314903004,-0.002623376020518663,0.6614289311079893,0.0006481518351616781,1.364505794256775,0.0049631890924203646,-0.003082229183894173,0.12346063444917538,0.21349712317164482,0.05
0.5,577616928,-0.11159495015494647,0.1,0.07763054710893014,0.113900623178603,0.1093159583997974,0.1055974741317648,0.0007573252482236444,0.010393501294785093,0.11631651438429096,0.13433311575578563,0.11674826969811612,0.08231146441963005,0.10209574092913128,2.7764451051977987,0.17529797920899567,-0.7741279414252369,0.19928249122652614,0.08822095443615537,12.706204736432095,0.09484635076891204,-0.2584370901627988,0.03687002170701792,0.16649995105595938,-0.6245376550783648,0.036045574699056115,-0.014785603979282231,0.13433311575578563,-0.005117091677838191,0.19388446592450692,-0.0020876663971347194,0.2861672411958622,-0.003375965150200439,0.44016388314903004,0.0015149933340212413,0.6614289311079893,-0.0003176102810184197,1.364505794256775,0.0003550790721938323,-0.0019451582337370247,0.0987190988023871,0.13444673429757997,0.05
0.5,652774603,-0.0604407322623803,0.1,0.06808712981117127,0.11926003482276379,0.1192559890248859,0.08422346175979331,0.0010962429080807988,0.0059973486027225685,0.1321295534109597,0.32612014812863077,0.1274830794071796,0.08231146441963005,0.07755438079300926,2.7764451051977987,0.2599553947457585,-0.8053464446616874,0.6381573219615582,0.13811301758509825,12.706204736432095,0.07117698835960863,-0.16065360441237475,0.08319126197853086,0.13254490304194672,-0.23972002518517116,0.2210166633751876,-0.006129946483112275,0.13433311575578563,-0.00501584814358579,0.19388446592450692,-0.003352711750394911,0.2861672411958622,-0.0011921456441368844,0.44016388314903004,-0.0011347414646633322,0.6614289311079893,0.0003151665572414002,1.364505794256775,0.0010245828155642997,-0.00196419829722079,0.09969168506758697,0.1762624525817792,0.05
0.5,210638496,-0.19479083425425872,0.1,0.07575742512266492,0.07706480115248097,0.08205655713998546,0.10288199075754857,0.0008578806245488216,0.009726823397687488,0.11567074268040202,0.13433311575578563,0.09560933111380839,0.08231146441963005,0.09876707753112465,2.7764451051977987,0.2625180715062498,-0.6253565361186679,0.8323774932003178,0.09310810606428968,12.706204736432095,0.08717508930128001,-0.32908308280602167,-0.05078980313780543,0.21716951286286026,-0.3061027413053006,0.5595838099130477,-0.01711514606988117,0.13433311575578563,-0.006387306790330485,0.19388446592450692,-0.005399777431573565,0.2861672411958622,-0.0020129921383617118,0.44016388314903004,0.002252767541610777,0.6614289311079893,-0.0005491070281541119,1.364505794256775,-0.003344872050056455,-0.0011757691230999687,0.07637806553779691,0.13128013428844537,0.05
0.5,20963118,0.1490525510778572,0.1,0.0687049395327285,0.057958839049064174,0.05918179013622255,0.06277913613284619,0.0004683186874439027,0.0034729012461425313,0.061003284512827334,0.13433311575578563,0.06064409550239229,0.08231146441963005,0.05901642595905899,2.7764451051977987,0.05495662271625912,-0.021500816355788183,0.28366727592173135,0.05551798315165999,12.706204736432095,0.056739288091280995,0.06691583725200297,0.23601272520932426,0.08223787839421946,-0.023432786551692727,0.2786963498094988,-0.014349621143226278,0.13433311575578563,-0.00014755060852325645,0.19388446592450692,-0.005844356074860497,0.2861672411958622,0.0010469326439167023,0.44016388314903004,-0.0017227023060778681,0.6614289311079893,0.0006852648568237767,1.364505794256775,-0.0025048522726813936,-0.001139764157278715,0.07594227647720171,0.1158043698172925,0.05
0.5,2055693016,0.019734669966098056,0.1,0.07654061623787134,0.05497619563091916,0.060395397108751,0.06979390522884502,0.0005229078336199825,0.004348281373473018,0.07324549779147066,0.13433311575578563,0.06266357476149968,0.08231146441963005,0.06603672206189211,2.7764451051977987,0.14890751140130393,-0.5678334571301069,0.2590336051845645,0.07232669579774909,12.706204736432095,0.05486728209339746,-0.08200050103677489,0.12146984096897101,0.07947418533391966,-0.19950313899460806,0.12221213577281864,-0.019690082169295443,0.13433311575578563,0.003990911994041947,0.19388446592450692,-0.0064650081212944506,0.2861672411958622,-0.0015373214942162304,0.44016388314903004,-0.00043900802566286285,0.6614289311079893,0.0009395693399219458,1.364505794256775,-0.003962815956543254,-0.0010033001765306234,0.07074302649114908,0.09759437383247878,0.05
0.5,1381623581,-0.11351965431019585,0.1,0.05639740689145583,0.0729121408321743,0.0713576503889901,0.04765704934260234,-0.00018963611305903,0.002460830465102264,0.03695427278446792,0.13433311575578563,0.06452005835197562,0.08231146441963005,0.04967839260563909,2.7764451051977987,0.05068135413483391,-0.18697543744511835,0.09445255777979332,1e-150,12.706204736432095,0.04225481401080107,-0.18655453395621133,-0.04048477466418038,0.08112321288937907,-0.23040027553295442,0.04518388949456603,-0.00782190864390321,0.13433311575578563,-0.004216359443504093,0.19388446592450692,-0.0043245713402780914,0.2861672411958622,-0.0041084145466085175,0.44016388314903004,0.0033573344391258572,0.6614289311079893,-0.0012662686426641514,1.364505794256775,-0.0019854973137589,-0.0010407560201781683,0.07241901139390278,0.09446433604202843,0.05
0.5,415643109,-0.07526843436991411,0.1,0.08653384975486057,0.08888376507259839,0.10706607650903989,0.13596259983140394,0.0040689482382602745,0.014416880314654205,0.16462110554488368,0.13433311575578563,0.12667813719409135,0.08231146441963005,0.1202437008695283,2.7764451051977987,0.12147394311066895,-0.37234424105145036,0.30218722846593493,0.11317040299519557,12.706204736432095,0.11091132599742144,-0.2908869978267793,0.10628226657519381,0.09366172474335066,-0.24685568551179457,0.10614487466418598,-0.017337455661675858,0.13433311575578563,-0.0027050976941542827,0.19388446592450692,-0.0011941551432693748,0.2861672411958622,6.448503177575923e-05,0.44016388314903004,-0.0013323778738125636,0.6614289311079893,0.00026583072456410283,1.364505794256775,-0.0017872124063831281,-0.0013808845211025558,0.08330340919840785,0.11305183676759412,0.05
0.5,128610944,0.42247297619844293,0.1,0.0701138825211604,0.10818561265850782,0.12884413993718324,0.12442072720730105,0.006700881382158987,0.008779635976634637,0.1253177076679571,0.13433311575578563,0.13471177955432984,0.08231146441963005,0.09383501823459803,2.7764451051977987,0.12830829127786586,-0.09857382521541463,0.6139080293340335,0.11738109020573408,12.706204736432095,0.08301262431235128,0.2541234685545233,0.5908224838423626,0.16290961800144668,-0.064107575699642,0.5678120945878801,0.0027291375129029328,0.13433311575578563,0.011321854429064146,0.19388446592450692,0.007088935998765638,0.2861672411958622,0.0035742611101624066,0.44016388314903004,-0.001504045122329713,0.6614289311079893,-0.011313750382901463,1.364505794256775,0.006699415884427365,-0.0037932932903657728,0.1377240239269924,0.20346635884620198,0.05
0.5,1475043661,-0.11790595965265012,0.1,0.07302835020748351,0.032943521091893545,0.03458489873625225,0.03280125329794403,-9.883129328746307e-06,0.0010858053472446306,0.03127938387100525,0.32612014812863077,0.030717764322755133,0.08231146441963005,0.03299914412508471,2.7764451051977987,0.051628896704927256,-0.2814404061176752,0.0052491889686409055,0.03228519473504945,12.706204736432095,0.02692253934223535,-0.1638450084874966,-0.07196691081780361,0.04993578144387619,-0.1669741107403315,0.03211694698507772,-0.02587148428618228,0.13433311575578563,0.006634908167827697,0.19388446592450692,-0.0024610135405509644,0.2861672411958622,7.73282495981406e-05,0.44016388314903004,-0.0011724307184965807,0.6614289311079893,0.0002799226863606759,1.364505794256775,-0.0029573878072680763,-0.001121721414573759,0.07514662922438732,0.11452175810727402,0.05
0.5,1028596860,-0.3214016772510351,0.1,0.061550063131463724,0.03543198820471927,0.036841369153154786,0.036092971701508,0.00017353358516931125,0.001129169021076546,0.0376459768747655,0.13433311575578563,0.039096732487808254,0.08231146441963005,0.0336516346609955,2.7764451051977987,0.05570715847328223,-0.48126966700577023,-0.17193393207052518,0.023585841226750007,12.706204736432095,0.030207945349460596,-0.37100319175296226,-0.2718001627491079,0.046440203394513956,-0.3878265847746223,-0.22583832953291308,-0.01558188053497445,0.13433311575578563,-0.004661288774394058,0.19388446592450692,-0.0038389332591531313,0.2861672411958622,-0.00041973919738208775,0.44016388314903004,0.00047407196619079107,0.6614289311079893,0.00025746972029336784,1.364505794256775,-0.004337732903278999,-0.000498207968303635,0.0497894675804591,0.08219532857262091,0.05
0.5,1209583235,-0.1448104174221597,0.1,0.06763560569533067,0.08000478866571872,0.08900309690069515,0.05959341214959759,0.000293156837160617,0.0032582179344711887,0.040191686086640324,0.13433311575578563,0.092658791327752,0.08231146441963005,0.0571632289965385,2.7764451051977987,0.1197730040787314,-0.5991472669322221,0.06593907488623751,1e-150,12.706204736432095,0.04847299101969457,-0.23132191705397673,-0.07444744142674917,0.09133052845313602,-0.3867421433898401,-0.029308922711345997,-0.016295359563296193,0.13433311575578563,0.006199289968994233,0.19388446592450692,0.0012896796285671878,0.2861672411958622,0.0009426752315927435,0.44016388314903004,-0.0005476532247474313,0.6614289311079893,-0.004324924115730853,1.364505794256775,0.006549315810213602,-0.003639051036001721,0.13489384361435905,0.17109896717449485,0.05
0.5,763294176,0.10746077733968952,0.1,0.06580850830155867,0.06093890788583918,0.06764671753476616,0.07760136047706474,0.0010515148979146631,0.004970456249976683,0.09271242285766253,0.32612014812863077,0.07323178147579791,0.08231146441963005,0.0706032699700796,2.7764451051977987,0.06943538802526694,-0.18108127541868446,0.20448581100184005,0.08569291777024196,12.706204736432095,0.06318354273291309,-0.004678602152209735,0.21520672355488293,0.11261604694839698,-0.2421303182442493,0.18654337686606823,-0.016903564263315008,0.13433311575578563,0.0018367410116706172,0.19388446592450692,-0.009602137776841168,0.2861672411958622,0.001484108957106836,0.44016388314903004,-0.0003230402166444184,0.6614289311079893,5.358697304741737e-05,1.364505794256775,-0.004588290434969278,-0.0007108151030302005,0.05972699582566976,0.08556334434106819,0.05
0.5,670387217,-0.35730078680378596,0.1,0.05871257822170444,0.024113106257362092,0.025246293185583312,0.025602123329261976,1.8517381639204084e-05,0.0006369513373275362,0.03030969466884742,0.32612014812863077,0.024707686497937437,0.08231146441963005,0.025274339499706065,2.7764451051977987,0.09257463937632346,-0.587298094324985,-0.07324128560129567,0.030487121619804384,12.706204736432095,0.02205088257639793,-0.39785264834142936,-0.31674892526614257,0.036541531472817565,-0.3842397846038338,-0.27210623321448674,-0.016675699283391313,0.13433311575578563,0.003835506492079358,0.19388446592450692,-0.005166108787714883,0.2861672411958622,-0.002369274428003144,0.44016388314903004,0.00015999197120300447,0.6614289311079893,0.0010252218824076873,1.364505794256775,-0.005183165078424617,-0.00031467736280426755,0.03959012748859577,0.0657889154407771,0.05
0.5,1624369638,0.1744517007024894,0.1,0.0655168068027651,0.04095566222276973,0.0400993383344752,0.05985315224722302,0.0001575638862164005,0.0034248359477128576,0.0610720135581526,0.13433311575578563,0.04128839822999403,0.08231146441963005,0.05860660643224393,2.7764451051977987,0.3151200572041018,-0.9522135994072274,0.7976134813407301,0.049903276593606584,12.706204736432095,0.05192780716003218,0.08281501456265306,0.27236937462925154,0.047405215106482386,0.06975890249637544,0.24283958189837132,-0.0025054218593364695,0.13433311575578563,-0.009743504531084782,0.19388446592450692,-0.005194939026575095,0.2861672411958622,-0.000343195383034054,0.44016388314903004,-0.0006153755849999578,0.6614289311079893,0.000582298307739062,1.364505794256775,-0.003080393342899789,-0.0007610571478282845,0.06148413326011168,0.08692653932564644,0.05
0.5,1187705483,-0.08165686593199631,0.1,0.06344529533267228,0.031015736514974423,0.027608629661220407,0.03345469768768041,7.622262535192544e-05,0.0010429941720221639,0.03522272757281195,0.13433311575578563,0.028928089120187288,0.08231146441963005,0.03234205630514779,2.7764451051977987,0.14256035833978903,-0.6484437004550525,0.1431783177604503,0.02149356787707033,12.706204736432095,0.02764708163296618,-0.13218843356940418,-0.028308536523388186,0.06956704848220754,-0.2672158719327709,-0.03445293660711578,0.007946425679018864,0.13433311575578563,0.001514819170203444,0.19388446592450692,0.009641851902547922,0.2861672411958622,0.000713242133510432,0.44016388314903004,-0.003440256633509235,0.6614289311079893,-0.005864168499024807,1.364505794256775,0.003103645236509608,-0.0022772383199274205,0.10662402536184495,0.12987166698370836,0.05
0.5,589967050,-0.3412660339879846,0.1,0.07709485126281161,0.05314962983878074,0.053574252791966565,0.0661943230385194,0.00012319794808453776,0.004258490454443323,0.06176343847826459,0.13433311575578563,0.05526592837944806,0.08231146441963005,0.06535134451809861,2.7764451051977987,0.516982586410522,-2.072772438317637,0.7979751047063467,0.05414396588072799,12.706204736432095,0.0601225717471755,-0.4355893682358678,-0.2469426997401014,0.05514509902720066,-0.45081810876932993,-0.22250542579778632,-0.012367316832612241,0.13433311575578563,-0.0015163524981965468,0.19388446592450692,0.008685010724242876,0.2861672411958622,0.0005243269438401825,0.44016388314903004,0.001752038261096059,0.6614289311079893,-0.0073648740250097785,1.364505794256775,0.00019595502805875765,-0.0018013640473509152,0.09566449482440383,0.13643197535093782,0.05
0.5,514309730,-0.16508268282442712,0.1,0.07740616086836571,0.11406613557088364,0.12339726863068257,0.10596306261579716,0.001371253976062057,0.009856916662857294,0.13134106033343432,0.19388446592450692,0.13356071604917014,0.08231146441963005,0.09942537332746032,2.7764451051977987,0.14572657592331617,-0.4505784825141777,0.35862519432487544,0.12555615558309613,12.706204736432095,0.09349251522859722,-0.30344951384259194,-0.0263237241838096,0.20869820329674202,-0.2629215671319326,0.4906173284730709,-0.002682143173713377,0.13433311575578563,-0.01214788127197206,0.19388446592450692,0.0020358308112956173,0.2861672411958622,-0.0014072921539027916,0.44016388314903004,-0.002533631460973551,0.6614289311079893,0.0012600695340762042,1.364505794256775,-0.0029548604767877236,-0.0007702234287837453,0.06196661109978393,0.08461675524565122,0.05
0.5,1439753030,-0.3537437667143412,0.1,0.07345137986538731,0.050334072725254836,0.045352435657967566,0.042054080681756444,9.448422518744349e-05,0.0016740614768002372,0.048796951191897794,0.32612014812863077,0.04626745329940033,0.08231146441963005,0.04097437985824639,2.7764451051977987,0.3505305335730996,-1.0118538840570799,0.93460368426573,0.05044046431551577,12.706204736432095,0.03629893448647065,-0.41685281598083807,-0.2912965186147157,0.17133411711487145,-0.43866115493976454,0.09052444431120535,-0.02144840522374148,0.13433311575578563,0.006773299120194366,0.19388446592450692,-0.005761146431553591,0.2861672411958622,0.00011953804972432727,0.44016388314903004,0.0023893150312337143,0.6614289311079893,-0.0031727091694781647,1.364505794256775,-0.0012418195098887824,-0.001575684167869276,0.08841214350197014,0.15081540268934107,0.05
0.5,1977513564,-0.04640436246286171,0.1,0.07000135581196663,0.040050976173855696,0.047133878296925426,0.05458383241305326,0.0006003288510456838,0.0023790659098506,0.05377193210632187,0.13433311575578563,0.048457208647166704,0.08231146441963005,0.048846103456517916,2.7764451051977987,0.08152684908234886,-0.33887878914338965,0.11383085301038463,0.04591389397295581,12.706204736432095,0.04127135646740028,-0.12276263465286412,0.025615910688161322,0.052150561210339896,-0.12091639744935202,0.09749819162803595,-0.009800702913770712,0.13433311575578563,-0.002371175547665382,0.19388446592450692,-0.00045650953552923637,0.2861672411958622,-0.004112998811844275,0.44016388314903004,-0.0003445176022089829,0.6614289311079893,0.001181238490276185,1.364505794256775,-0.004662178318527887,-0.00037572441406716974,0.04314444329939784,0.0578097898742769,0.05
0.5,1860176895,0.0032861660468700713,0.1,0.07232844053342044,0.13055277157908254,0.1234792467859966,0.15210269623999587,-1.7877379016841694e-05,0.023153107582493292,0.16453038483480803,0.13433311575578563,0.1385840343803883,0.08231146441963005,0.15238118019754424,2.7764451051977987,0.24400385348780915,-0.8352386162919867,0.5196879930392704,0.12233212873873642,12.706204736432095,0.13981721395469238,-0.23402017910927037,0.2405925112030105,0.15127908659136832,-0.2450700986273565,0.2466832959383753,-0.00797056182101898,0.13433311575578563,-0.008931765513915797,0.19388446592450692,6.569291040373847e-05,0.2861672411958622,-0.0004994160807686428,0.44016388314903004,0.0017084462284798303,0.6614289311079893,-0.002530511416768134,1.364505794256775,0.0005146099569653718,-0.0016159599351702463,0.08950015128502294,0.14912284319397906,0.05
0.5,1141226769,-0.3444452714759801,0.1,0.08290147609028926,0.07612778577876157,0.07554992187929432,0.09966072265789344,0.0003541602432389065,0.00957809939745465,0.09577536310761868,0.13433311575578563,0.07196998009615223,0.08231146441963005,0.0980090902195066,2.7764451051977987,0.20489507014522546,-1.1435745163928444,-0.005814687225102588,0.0791104895436048,12.706204736432095,0.09223502604447648,-0.4854129071741007,-0.2034776357778595,0.10346136013979353,-0.6347083598078503,-0.22317749216186525,-0.012565679128850798,0.13433311575578563,-0.002343391833572286,0.19388446592450692,-0.006321980330831293,0.2861672411958622,0.003141091756601101,0.44016388314903004,-0.0023057916828195407,0.6614289311079893,0.0004241236167204949,1.364505794256775,-0.004062991064530071,-0.0006228436548101637,0.055952085232959727,0.06821353956953433,0.05
0.5,1348360629,-0.07056258254378359,0.1,0.08050758330299924,0.12528338536393382,0.13949368150867375,0.1826480322648726,0.002834003895334879,0.030526299794895073,0.21682321959732243,0.13433311575578563,0.1623802293503521,0.08231146441963005,0.17497007199769998,2.7764451051977987,0.16335884555678448,-0.31982994670062376,0.5872837875731711,0.20618028212044004,12.706204736432095,0.1493718808426916,-0.33279646151165326,0.19794836468548213,0.1379348365102827,-0.2525619558503309,0.25535088318203014,-0.011817389275252065,0.13433311575578563,0.0026298723345332983,0.19388446592450692,-0.001108127815169326,0.2861672411958622,0.0018114622686431433,0.44016388314903004,-0.004649996039758366,0.6614289311079893,0.0006785105467252361,1.364505794256775,-3.6252224912223622e-06,-0.0017260991528952024,0.09279128187374053,0.13332581241725353,0.05
0.5,1834972793,0.22374065613338628,0.1,0.06013180389205647,0.07714937860066601,0.0753847232285986,0.1047359785762193,-0.00018260938621916366,0.011152234594537434,0.08732426264657801,0.13433311575578563,0.05784455508389316,0.08231146441963005,0.10575663802537008,2.7764451051977987,0.15542819772417354,-0.20972015876209432,0.6533555587999003,0.07803174962785951,12.706204736432095,0.09236755122426608,0.08370611590992957,0.36377519635684297,0.08690724191154922,0.11575160037696322,0.42758651070798404,-0.018273922252491224,0.13433311575578563,0.007348682385839075,0.19388446592450692,0.00016133704901762633,0.2861672411958622,-0.0017812026557598032,0.44016388314903004,-5.419286823203635e-05,0.6614289311079893,-0.0009669760783552648,1.364505794256775,-0.004402997743081704,-0.00039367845474734775,0.044498163822932195,0.051220985430042484,0.05
0.5,188933851,-0.1408052362406742,0.1,0.06561477735460088,0.06405016157820995,0.07065922492384896,0.05192856452893132,0.0006040253075607445,0.0020925505064746395,0.05863884671768284,0.13433311575578563,0.07422773239035772,0.08231146441963005,0.045810461035754486,2.7764451051977987,0.13650712941069346,-0.6330883727671022,0.12492072978674246,0.034802640050328945,12.706204736432095,0.042085344067926134,-0.21364582755499403,-0.06134798817153139,0.0932037125873863,-0.4331131758048699,-0.03751129030805025,-0.008842386112783948,0.13433311575578563,-0.001762063077095707,0.19388446592450692,-0.0009437163997929245,0.2861672411958622,0.0010823577410330096,0.44016388314903004,-0.005173786896130046,0.6614289311079893,0.002081130854516046,1.364505794256775,-0.004810863859527006,-0.00048002295863689803,0.04876736424507027,0.07436919152136649,0.05
0.5,212118397,-0.02887019026055153,0.1,0.057010098520597255,0.04204890084637786,0.049390189093616324,0.028586923814254886,0.0003397206117043035,0.00047749160145770967,0.008156988437682762,0.13433311575578563,0.04623079267686473,0.08231146441963005,0.02188313585818847,2.7764451051977987,0.3384560258999938,-1.2841179557325324,0.595291197136942,1e-150,12.706204736432095,0.021870930537670807,-0.06151204156363074,0.005072278373007763,0.055862880633904585,-0.20588634178873413,0.028725348120272155,-0.014031949909385904,0.13433311575578563,0.006076038591434174,0.19388446592450692,-0.0042332606075679135,0.2861672411958622,-0.004565191292918765,0.44016388314903004,0.001282090531483005,0.6614289311079893,-0.00011743759198193134,1.364505794256775,-0.000513651445924741,-0.001575371479918051,0.08893416497790248,0.12655030538339782,0.05
0.5,672749038,-0.2967897526065649,0.1,0.08115425841240875,0.06849185672625098,0.08311055727131884,0.059245875568705204,0.0019181465474019718,0.0015919272245005283,0.04447429622548831,0.13433311575578563,0.08094525272971362,0.08231146441963005,0.03995657856018303,2.7764451051977987,0.0445517153703168,-0.4805869418458853,-0.23319615770972207,1e-150,12.706204736432095,0.03592178251799783,-0.3611623347253916,-0.23241717048773824,0.0821739492016126,-0.4893034496394498,-0.15936008514575728,-0.013183678376779006,0.13433311575578563,-0.004491973819805243,0.19388446592450692,0.0006878044863910286,0.2861672411958622,-0.004778927936585289,0.44016388314903004,0.0012531559581514331,0.6614289311079893,-0.0005776292776380099,1.364505794256775,-0.005244849446078358,-0.0006304602087426864,0.05597215703039975,0.0759096141367998,0.05
0.5,796492387,0.35673125944791595,0.1,0.076094784834821,0.05894813760221371,0.06352626913846922,0.06782131051044217,0.0006610422547769336,0.00393868790457688,0.0938884268048797,0.32612014812863077,0.07065820394783377,0.08231146441963005,0.06284959344045571,2.7764451051977987,0.2696689552516722,-0.8783965377750331,0.619045563889586,0.09159075380229512,12.706204736432095,0.05734591871816387,0.24284619010182124,0.47061632879401066,0.07418633567662149,0.14797503087895444,0.4465846775563846,-0.0176674861964695,0.13433311575578563,-0.0026757556591915873,0.19388446592450692,-0.0009487179623805813,0.2861672411958622,0.0025286129582788824,0.44016388314903004,-0.00429503415015492,0.6614289311079893,0.001013579245537186,1.364505794256775,-0.005599837747480325,-0.0006036934560164243,0.05496256684349854,0.06807755292211037,0.05
0.5,237189815,-0.3356000844062762,0.1,0.07524563417385992,0.061506943985963666,0.0637037327663557,0.05236529796235762,0.000435147073707458,0.0023069773569790375,0.0674559805959587,0.13433311575578563,0.07254065546080375,0.08231146441963005,0.04810036300896888,2.7764451051977987,0.08302519194329422,-0.6195519758936479,-0.15852220033551398,0.06710627621896587,12.706204736432095,0.04322021628514224,-0.4112460855076115,-0.2599540833049409,0.07264988747077913,-0.5352971450788542,-0.2085854439104805,-0.011593396996354787,0.13433311575578563,-0.0021171678676626007,0.19388446592450692,-0.0029318077376331284,0.2861672411958622,-0.0011989097087117334,0.44016388314903004,0.0009641812829033942,0.6614289311079893,-0.0023131705510284653,1.364505794256775,-0.0030145215197599135,-0.0013239017203734095,0.0812768845982923,0.1306817424646011,0.05
0.5,427629545,-0.14670749738620392,0.1,0.0548174885691267,0.04822306951848596,0.04074140133186004,0.06106015708425697,8.778389835930071e-05,0.0036405588847948367,0.06329150585401522,0.13433311575578563,0.04481670298226627,0.08231146441963005,0.060424173401732874,2.7764451051977987,0.08792498871411056,-0.5448238465778182,-0.056586037498090325,0.05180530000329223,12.706204736432095,0.05407602379389924,-0.239027688825141,-0.054387305947266845,0.0814646555471002,-0.31477591975180064,-0.09067536222444557,-0.01863669203917522,0.13433311575578563,0.002434787166478466,0.19388446592450692,-0.0026281240801280105,0.2861672411958622,0.0013446333015819573,0.44016388314903004,-0.0018822987215511785,0.6614289311079893,0.0006063243054234157,1.364505794256775,0.005152420117269474,-0.002746401341776215,0.11690510716619977,0.1407092522062876,0.05
0.5,471954163,-0.05770734700910367,0.1,0.0618045067685544,0.0702626201906164,0.0665758584404599,0.08966343266358635,9.973835211310889e-05,0.007939792804904377,0.08513612096902821,0.13433311575578563,0.06983611978174195,0.08231146441963005,0.08923418729922535,2.7764451051977987,0.1748444759596837,-0.36417585021823484,0.6067163286800411,0.07036383591593458,12.706204736432095,0.07788973655850434,-0.17765258228400618,0.0684816878056381,0.0662040585301682,-0.1678891287419434,0.08563681002994962,-0.013427385571197986,0.13433311575578563,0.0018228854970692987,0.19388446592450692,-0.0004949080975836914,0.2861672411958622,-0.0015406566422807362,0.44016388314903004,-0.001155333099411869,0.6614289311079893,0.0003711131126752325,1.364505794256775,0.005960286642870163,-0.002904933875682449,0.11985084609745579,0.19652939590700347,0.05
0.5,1802596705,0.06660027517466258,0.1,0.07541320906158151,0.046441490821823146,0.05064372125613877,0.054264378495811345,0.0004046212539357743,0.0025400015196008984,0.06070371445643716,0.13433311575578563,0.05656529446625895,0.08231146441963005,0.05047120530020298,2.7764451051977987,0.12091009387151398,-0.23343220877681595,0.43796826782032683,0.04217236187003366,12.706204736432095,0.04707391788382785,-0.016276465208580213,0.1585345775682248,0.06535313399715,-0.139816547807661,0.13929044371131905,-0.010140302302086623,0.13433311575578563,0.0062914446323997395,0.19388446592450692,-0.004679358633122417,0.2861672411958622,-0.0021423562612289536,0.44016388314903004,-0.0010329409119124967,0.6614289311079893,-0.0002472251502355193,1.364505794256775,-0.004458110255763752,-0.0007373115039315084,0.06046740693650917,0.09357522002065809,0.05
0.5,1824768801,-0.06653388781789953,0.1,0.06621267904040647,0.027376982689404777,0.02964753176011236,0.02864342206816364,8.392024752999511e-05,0.0007365253802449687,0.028767546661950232,0.13433311575578563,0.029875808847263693,0.08231146441963005,0.027178191005198287,2.7764451051977987,0.05654529685609874,-0.3255569393540417,-0.011567113997898004,0.019925191809196264,12.706204736432095,0.024218296921394926,-0.10669786218143835,-0.027704423222977947,0.051817067944028065,-0.18593363019450906,-0.00314975179700077,-0.014828646791295055,0.13433311575578563,-0.0007443865951092895,0.19388446592450692,0.0019049107522942116,0.2861672411958622,0.0005412969194195128,0.44016388314903004,0.002522033338606912,0.6614289311079893,-0.00492181450689017,1.364505794256775,-0.0006296957117340137,-0.0013749466718090153,0.08312641819485984,0.11415250315139974,0.05
0.5,1073430465,-0.0929174044488853,0.1,0.0708329799983589,0.10666504863805439,0.11635674070242488,0.14820121046941287,0.0023805942357555173,0.019583004548843697,0.1688065618363761,0.32612014812863077,0.12794732871375689,0.08231146441963005,0.14014136729704973,2.7764451051977987,0.20008496055587152,-0.38013057475588025,0.7309192439622079,0.1698229395165944,12.706204736432095,0.1257725276596768,-0.2971360127478996,0.11130120385012898,0.11802078652246932,-0.3126038479050944,0.14031894014251928,-0.01731707496262975,0.13433311575578563,0.0023043569509584873,0.19388446592450692,0.0007913916904755952,0.2861672411958622,-0.00023137404478293554,0.44016388314903004,-0.0020614647351254543,0.6614289311079893,-5.9358839169585034e-05,1.364505794256775,-0.0030067152790119343,-0.0009173625020588384,0.06796980662272303,0.10970286647095367,0.05
0.5,508408351,-0.3537660457826348,0.1,0.07021163945278525,0.05602733613180293,0.05623421742125764,0.048420020562340134,0.00013598874357133436,0.002208509647686107,0.055658694667076236,0.32612014812863077,0.056485102389641315,0.08231146441963005,0.047062645734663816,2.7764451051977987,0.2305052482281137,-0.7086422959960343,0.5713280403346652,0.059134303398292,12.706204736432095,0.04051469805000819,-0.43673868178100383,-0.2866690936884754,0.1493879372768683,-0.42563824101726905,0.06574231820533037,-0.014537427899229871,0.13433311575578563,0.008419635444149568,0.19388446592450692,-0.0007035068551596716,0.2861672411958622,0.003521827871532471,0.44016388314903004,-0.0016384816824571206,0.6614289311079893,-0.003789413158994409,1.364505794256775,-0.0026627228830517708,-0.0009707687650314706,0.06958530444410548,0.08334548797290749,0.05
0.5,457745824,-0.1657417167001669,0.1,0.07035257750776612,0.08422193614614072,0.08278162306637875,0.025738096170057245,0.00012560104197322907,0.0005368485524858864,1e-150,0.13433311575578563,0.07047711571551717,0.08231146441963005,0.023203450991128367,2.7764451051977987,0.08242512433397514,-0.38701768845163587,0.07067997755313468,1e-150,12.706204736432095,0.020878978169088416,-0.201888510260038,-0.12905641335744855,0.10175650047866516,-0.409198902328294,-0.05025942335451191,-0.018730409605595504,0.13433311575578563,0.011244550545446473,0.19388446592450692,-0.0024977867539200563,0.2861672411958622,0.0032804386253378285,0.44016388314903004,-0.0016388094572286282,0.6614289311079893,-0.0033353183371105976,1.364505794256775,0.00457861881734484,-0.0029528418412954724,0.12165657271070907,0.1684488912284425,0.05
0.5,1585869022,0.17392364374814326,0.1,0.06091341321335715,0.044524678814464924,0.04707196410198983,0.052771613853875646,0.00023322657011358872,0.0025516166586289713,0.04081937570257927,0.13433311575578563,0.04044630394913553,0.08231146441963005,0.05058647322406738,2.7764451051977987,0.30332168982868907,-0.8921854901292465,0.7921265519211309,0.03431779056855721,12.706204736432095,0.043678834523427607,0.0971501818086971,0.2506971056875894,0.10432504195682785,0.09510696053738409,0.4836749458318036,-0.01623061144978682,0.13433311575578563,-0.005863537733010169,0.19388446592450692,-0.0009889078950821616,0.2861672411958622,-0.0006021906802722678,0.44016388314903004,0.000600158370337342,0.6614289311079893,-0.0010164249288803753,1.364505794256775,-0.006713283711553852,-0.00013351372307284556,0.0259508301547828,0.03516344268064741,0.05
0.5,1578988116,-0.20387912916478962,0.1,0.06755977867833603,0.10378750534081488,0.10149011225087474,0.07128672450760005,8.72258189007491e-05,0.004994571272121717,0.11565187762982788,0.19388446592450692,0.11722532998524461,0.08231146441963005,0.0707743346786727,2.7764451051977987,0.2868422838232258,-0.9233335877869205,0.6694701219825855,0.0718930089939965,12.706204736432095,0.0573941026761964,-0.31222164325988955,-0.08540063004648166,0.13984955103274835,-0.3939147707248966,0.17723513803515928,-0.014235780216930305,0.13433311575578563,0.006231637192932757,0.19388446592450692,-0.00448788986338371,0.2861672411958622,-0.00011568360853989398,0.44016388314903004,-0.0009921893965500917,0.6614289311079893,-0.0005606681900845704,1.364505794256775,-0.005180650792632507,-0.0004017047507586005,0.04470793219600117,0.05103401662794588,0.05
0.5,1788144877,-0.6221899851432291,0.1,0.0684280548293756,0.07073161499865491,0.0708424565315813,0.05781408751612848,2.6965556963378517e-05,0.0033155031583591843,0.052182805665004314,0.13433311575578563,0.07133722298591713,0.08231146441963005,0.057663554672163456,2.7764451051977987,0.286560821074309,-1.1451650437588117,0.4460757342676433,0.02718259783264481,12.706204736432095,0.04847036601395745,-0.7108933498525043,-0.5334610257423339,0.09384059767303621,-0.7121316223732492,-0.3844493255100667,-0.007245495341093969,0.13433311575578563,0.002835172545060073,0.19388446592450692,-0.0025792947437505457,0.2861672411958622,-0.0010116660161832859,0.44016388314903004,-0.0028251915263624713,0.6614289311079893,0.0005640194460000613,1.364505794256775,0.003994185323126475,-0.002677188699233313,0.11612462421746646,0.17545715743162058,0.05
0.5,292920770,0.08619265813651072,0.1,0.07361118274138255,0.08784387003763969,0.08695919049754497,0.04061127571791056,-0.00018823288531049504,0.0018375086007466467,1e-150,0.13433311575578563,0.08109950080414391,0.08231146441963005,0.04292807145966278,2.7764451051977987,0.1244416728529566,-0.3616125178046648,0.3293984291457695,1e-150,12.706204736432095,0.039070870575503534,0.007336391632554007,0.15173399901189194,0.0931440501242064,-0.17784966687241305,0.20524412146281962,-0.020094837080968604,0.13433311575578563,-0.0024624323508931323,0.19388446592450692,0.001472121198169993,0.2861672411958622,0.0005442570094554827,0.44016388314903004,0.0002170059359752624,0.6614289311079893,-0.0023903187754259073,1.364505794256775,0.00040822496490443044,-0.002066840482373002,0.10154915632954885,0.15853238880894738,0.05
0.5,712051670,0.29901578907830934,0.1,0.06088133643913838,0.05287871931085254,0.05533566967656841,0.037798981479441204,8.91566559212435e-06,0.0014198473352910147,0.013936579330569552,0.13433311575578563,0.04513888523036863,0.08231146441963005,0.03773527448298617,2.7764451051977987,0.12473767204469977,-0.24888262367959835,0.4437719742849515,1e-150,12.706204736432095,0.03365285445190625,0.24517840160374446,0.353953273049177,0.07975841127953467,0.08482631856881175,0.3897760846125117,-0.019022479641229433,0.13433311575578563,0.00698295124434696,0.19388446592450692,-0.0033272685923545335,0.2861672411958622,-0.0015398195978172944,0.44016388314903004,-0.0024683918099637926,0.6614289311079893,0.0012042279325472232,1.364505794256775,-0.0032002376232287896,-0.0012325288242681233,0.07864919660253462,0.09219115447979397,0.05
0.5,1934844230,-0.26504939619017526,0.1,0.06356446785278116,0.07116454418467599,0.06644280921399594,0.07466771439015424,4.5215985703029975e-05,0.005530051586546615,0.06095017623847892,0.13433311575578563,0.05865392839802222,0.08231146441963005,0.07447170197195857,2.7764451051977987,0.10953330040548967,-0.41009343849224855,0.19813295304171516,0.03808202539679043,12.706204736432095,0.06700883769133259,-0.3809263009461817,-0.14917249143416883,0.0789596645223701,-0.38779631948134213,-0.07696431142157832,-0.010867724875948481,0.13433311575578563,-0.008137166336814789,0.19388446592450692,0.0018545426774136536,0.2861672411958622,-0.002190623116994063,0.44016388314903004,-9.723152638186464e-05,0.6614289311079893,-0.00020840019204040853,1.364505794256775,-0.0028950900207858096,-0.0008870239086251139,0.06624055256485419,0.10961576238543762,0.05
0.5,199673864,-0.007371667987925351,0.1,0.07309660913588854,0.06359226431108488,0.08018058156044412,0.08985545042973479,0.002675814409853196,0.00539818756207733,0.0784586464288563,0.13433311575578563,0.07585682414288221,0.08231146441963005,0.0735784564953195,2.7764451051977987,0.13054067692300764,-0.5792155048542224,0.14566254208996124,0.05937823866493367,12.706204736432095,0.07002787843762599,-0.11431013796612743,0.13061432352647254,0.14738347866199808,-0.4792752556544284,0.06800939784198376,-0.002312249983448162,0.13433311575578563,-0.0054111502000169535,0.19388446592450692,0.003903457308385961,0.2861672411958622,-0.004184414805966066,0.44016388314903004,-0.0017102812556881505,0.6614289311079893,0.00019364213874136535,1.364505794256775,-0.003272589156850577,-0.0007961390574522698,0.06310278908412177,0.08413638421340022,0.05
0.5,486919855,-0.02005649368625752,0.1,0.061425770016485005,0.038047783018973574,0.034727985829605366,0.051719886801894537,-0.0002223226812323462,0.002897269372033131,0.05274608043525225,0.13433311575578563,0.034645331657808885,0.08231146441963005,0.05390401638964357,2.7764451051977987,0.11699065566421381,-0.5518319445868645,0.09780432195871072,0.05124420352200084,12.706204736432095,0.04922651735502927,-0.0955610627763379,0.055712997893805086,0.06452675863176033,-0.1914201841735515,0.023435820114087885,-0.021150721194050624,0.13433311575578563,0.004669199560952141,0.19388446592450692,0.003087471008647165,0.2861672411958622,-0.005930701403777325,0.44016388314903004,0.0006622156867336615,0.6614289311079893,0.0009358899787089352,1.364505794256775,-0.003881055927583872,-0.0005664818721198736,0.05335069488722116,0.06503424807668923,0.05
0.5,1327409958,-0.48194493514568215,0.1,0.06859603466692746,0.04828352904060155,0.05509645759726435,0.05219264320197965,0.00021399116448566052,0.0025100808399234923,0.05893407535246666,0.13433311575578563,0.05713021640010025,0.08231146441963005,0.05017305460927214,2.7764451051977987,0.0535522584061175,-0.6496723219136877,-0.3523025104657826,0.044233045271279046,12.706204736432095,0.04132920051789623,-0.5447734528704311,-0.4004593900211252,0.07738543190565432,-0.7047321399227865,-0.4104791289981412,-0.002041210328645924,0.13433311575578563,0.00734277486978378,0.19388446592450692,0.0010731530134388985,0.2861672411958622,-0.0022729775823271342,0.44016388314903004,-0.004475021357178787,0.6614289311079893,-4.110384375437233e-05,1.364505794256775,-0.0013144130243591264,-0.0014575203935307396,0.08530823349971048,0.12438031601821731,0.05
0.5,7090293,0.23471780960782526,0.1,0.07633755932798611,0.07365981110927437,0.08219149696348338,0.12008279753019221,0.0011488618043585027,0.013271016458318635,0.11624395263105683,0.13433311575578563,0.08255120766538222,0.08231146441963005,0.1153662515522434,2.7764451051977987,0.0986410786687875,-0.10430753343719154,0.4434355466455806,0.10115257147208667,12.706204736432095,0.09833204132957242,0.05559161895515666,0.41384400026049384,0.07641624448646808,0.10106292783465579,0.3740772588966615,-0.0209629127794149,0.13433311575578563,0.006471037754307444,0.19388446592450692,-0.0026395919872272125,0.2861672411958622,0.0018561692930228984,0.44016388314903004,-0.002637228121336309,0.6614289311079893,0.00018978826733750912,1.364505794256775,-0.0016172794945950076,-0.001269167678697996,0.08007772920416246,0.10541227476724367,0.05
0.5,228315733,-0.3500160882789586,0.1,0.07701137643678994,0.03553919118789977,0.03794623053761404,0.018305474882399118,6.838892491981322e-05,0.0002667014857503318,0.01875807170233935,0.13433311575578563,0.03910829193005807,0.08231146441963005,0.016354580376547814,2.7764451051977987,0.12655608576911476,-0.5704753532099816,0.13227669652332139,1e-150,12.706204736432095,0.013727132103197223,-0.3747261928963338,-0.32530598366158336,0.06453726200553578,-0.4887924379622186,-0.26386602919275864,-0.008878246083505048,0.13433311575578563,-0.005869054298611508,0.19388446592450692,-0.0026918016010419616,0.2861672411958622,0.0009908364745095585,0.44016388314903004,-0.0010326115607096448,0.6614289311079893,-0.0005810514468224846,1.364505794256775,-0.0015417299632152456,-0.0012348683957239617,0.07835973849310494,0.11463667544750827,0.05
0.5,932489774,0.09091240106287359,0.1,0.0656512670617449,0.048711357418625895,0.04324019992139551,0.0377842708845779,7.206254992505028e-06,0.001420444871286656,0.02945760655391407,0.13433311575578563,0.0445753908773753,0.08231146441963005,0.037743214003110453,2.7764451051977987,0.25923173324713095,-0.702911402946606,0.7365739508252703,0.012804088978121627,12.706204736432095,0.03167312639377701,0.024010032251522692,0.1501312389529489,0.05145567006625138,-0.010578836423325827,0.1848415116320043,-0.004841863522551121,0.13433311575578563,0.006474200816741753,0.19388446592450692,-0.0013761972554855101,0.2861672411958622,-0.0038067748440325636,0.44016388314903004,-0.0002948019032469569,0.6614289311079893,-0.0025860939769316985,1.364505794256775,0.00013268747666165317,-0.002152012793894708,0.10372565756887048,0.12469657990065545,0.05
0.5,2128471481,-0.16599326939401243,0.1,0.06258569684867271,0.02326613534786568,0.030813700448230147,0.02604744021300873,6.0556266832241e-05,0.0006179128748180232,0.02558638583668129,0.13433311575578563,0.031075428162322748,0.08231146441963005,0.024893749219006132,2.7764451051977987,0.05886195000509375,-0.32433817893930306,0.00251576700877712,0.023006626563587134,12.706204736432095,0.02359650344076013,-0.20458499862157645,-0.12853413825738663,0.06542747283506704,-0.24573085739566028,-0.12309870042556598,-0.0012144192476757451,0.13433311575578563,0.0005641453589930442,0.19388446592450692,0.0004398796698984894,0.2861672411958622,-0.0009845881090691597,0.44016388314903004,-0.0013813455878465195,0.6614289311079893,-0.001969430157874538,1.364505794256775,0.0022667564314061655,-0.0020597738995109913,0.10171959910599664,0.13772823446165197,0.05
0.5,437221576,0.0034520417391645207,0.1,0.06283944788126805,0.03517197544087308,0.033230786333358533,0.022107671011883098,4.639702133463382e-05,0.00044235209623502247,0.028450399328952245,0.19388446592450692,0.03476640298048351,0.08231146441963005,0.021062539507419265,2.7764451051977987,0.11688813645859347,-0.4853189381053864,0.16374805054692199,0.029519652037292385,12.706204736432095,0.019230847795145372,-0.03752622459980584,0.03363447490553123,0.11453132324447278,-0.4337259829381252,0.043351331159946306,-0.006795488176703105,0.13433311575578563,-0.009263576472462162,0.19388446592450692,-0.0005983818641495974,0.2861672411958622,-0.0022111362612254894,0.44016388314903004,0.0002818127190640065,0.6614289311079893,-0.00064829427710024,1.364505794256775,-0.005570550998477038,-0.00040944745595647707,0.04515543310268018,0.06194507974011586,0.05
0.5,899919407,0.2368932918382444,0.1,0.08457636621784094,0.06281318387583314,0.07079492217533642,0.08258377759633237,0.0005525058466243384,0.006267574475456151,0.085520732266342,0.13433311575578563,0.07274396928957974,0.08231146441963005,0.0792823363212314,2.7764451051977987,0.12200086077540606,-0.2099029828314676,0.467554402628121,0.06969702343763727,12.706204736432095,0.06944403404562745,0.11826516529891093,0.3588209145253505,0.07080077047371097,0.10239847648565238,0.3210349774905266,-0.015125828205101468,0.13433311575578563,0.005927461574096552,0.19388446592450692,-0.0028873436991285212,0.2861672411958622,0.0006005747743107799,0.44016388314903004,-0.0006667683540039458,0.6614289311079893,-0.001963590619927608,1.364505794256775,-0.0026098054683063162,-0.001141322348378277,0.07592115178543421,0.12276541872133853,0.05
0.5,733175828,-0.11884434087558962,0.1,0.07071604272081886,0.07697069054190807,0.07666389166186695,0.09554754786241497,0.0004798494163626762,0.008649484486157802,0.11105151938704053,0.32612014812863077,0.08591261162539805,0.08231146441963005,0.09313690458799562,2.7764451051977987,0.11698566816926272,-0.47092742510452,0.1786811464291668,0.11436581268902521,12.706204736432095,0.07628005882610027,-0.25537455033441614,0.007156366322435326,0.0841594126916951,-0.29213524000034236,0.026384039692774593,-0.012976495455849108,0.13433311575578563,-0.01073598986234035,0.19388446592450692,0.006934811494889022,0.2861672411958622,0.0008990912236674359,0.44016388314903004,2.6874766086136728e-05,0.6614289311079893,-0.004027482730271671,1.364505794256775,0.009594881045664083,-0.004269001452166682,0.14681438198766344,0.21301675112270846,0.05
0.5,953690505,-0.5044615941959294,0.1,0.06730934144420969,0.042205589574757375,0.048381343168161686,0.04783005244362236,0.0007464499597318974,0.0015412639570277675,0.06808713767691109,0.32612014812863077,0.055202381019082994,0.08231146441963005,0.03931562637342541,2.7764451051977987,0.0455317789894613,-0.572665135171306,-0.3198321653588304,0.06705222009929891,12.706204736432095,0.034129960492967376,-0.5642988851451445,-0.44462430324671426,0.05657490452508121,-0.623648349081037,-0.3953123531133648,-0.019625300558741014,0.13433311575578563,0.01101639186855489,0.19388446592450692,-0.002281264507130658,0.2861672411958622,-0.0010119097024413103,0.44016388314903004,-0.002127676677007443,0.6614289311079893,-0.00013002720426690906,1.364505794256775,-0.0013183399602680942,-0.0015944840527820114,0.08988060950394063,0.13639286692458452,0.05
0.5,345689473,0.1805102931184809,0.1,0.06002988947752583,0.0346584205741512,0.03311039228522345,0.027060096467730246,4.999426954288219e-06,0.0007272493938885788,0.02325644778330492,0.13433311575578563,0.032893223646924374,0.08231146441963005,0.027006504230453962,2.7764451051977987,0.0864059428271412,0.03898479582404801,0.5187875098688821,0.019260930663028187,12.706204736432095,0.025987299578928407,0.13835546010300237,0.22913610638533904,0.056377411739796525,0.09415073032397524,0.2838836787393103,0.011716185701313457,0.13433311575578563,-0.0016870338946685269,0.19388446592450692,0.0005775380002239367,0.2861672411958622,0.002466176071039852,0.44016388314903004,-0.0034624013444544883,0.6614289311079893,-0.004560677428959164,1.364505794256775,-0.004612870670920212,-0.0005504936316298427,0.05251460743393075,0.06605429431959915,0.05
0.5,420093028,0.06727941854507023,0.1,0.08148723349651643,0.07343246555208087,0.08854371935660324,0.056432143002667426,0.002580791314922239,0.0006037954489512666,0.0749056668542701,0.13433311575578563,0.10260016331591588,0.08231146441963005,0.02460773298179149,2.7764451051977987,0.03062503055173391,-0.06801806111304132,0.102039371230748,1e-150,12.706204736432095,0.02117219615427056,0.03297458338820648,0.09872287255243462,0.08811028330793491,-0.1456617741417306,0.16787676872371332,-0.020848566322530033,0.13433311575578563,0.006788139872083738,0.19388446592450692,-0.0033730514845217462,0.2861672411958622,0.0028330322136176167,0.44016388314903004,-0.00042471961426476004,0.6614289311079893,-0.002776696099662142,1.364505794256775,-0.005813599817195124,-0.00039198957696150546,0.04418399795768878,0.07389003912627408,0.05
0.5,2091978275,0.0636431785969033,0.1,0.08058370710159844,0.05387839313705224,0.05280310841697787,0.05207631657889514,0.0004205570110424792,0.0022913857373828297,0.05310771678006092,0.19388446592450692,0.052015431442077445,0.08231146441963005,0.04793754519699558,2.7764451051977987,0.20100800802831795,-0.7775687272447447,0.3386066727468217,0.045749378548247684,12.706204736432095,0.04356917822365697,0.0014115755963625964,0.1287067903789163,0.09887228228390031,-0.1881219359548561,0.15563727975952393,-0.007915894908094762,0.13433311575578563,-0.005883088500919766,0.19388446592450692,0.009146604471705129,0.2861672411958622,0.002181441859570867,0.44016388314903004,-0.0007515960817986776,0.6614289311079893,-0.007554968096499825,1.364505794256775,-0.0038433977965368752,-0.0012804249488312853,0.08021285511580284,0.12052499445148772,0.05
0.5,765382066,0.1943906332984122,0.1,0.06355070017549702,0.0649316711802912,0.06568489634335098,0.06795901049102777,8.382211191909888e-05,0.004534604995000524,0.06750120577921917,0.13433311575578563,0.06745246319499472,0.08231146441963005,0.06743671692619506,2.7764451051977987,0.05101025553571969,0.022450321300081483,0.3057046698941571,0.04194563625392896,12.706204736432095,0.06321275760132121,0.10176811171543233,0.2861222494717319,0.07566665686586839,0.015242845115137627,0.31025363843323156,-0.014536816716103258,0.13433311575578563,0.004769360242693563,0.19388446592450692,-0.0018526534336100972,0.2861672411958622,-0.0012463434616255024,0.44016388314903004,-0.004599852239848029,0.6614289311079893,0.0030312006136864068,1.364505794256775,-0.002611176359591541,-0.0010926139242457816,0.07369172405482219,0.09125714332908653,0.05
0.5,853257553,0.07388144982551574,0.1,0.06655645636488086,0.10054746776461031,0.0966877410008466,0.1235236149967206,0.00022227498864257726,0.015035808473215482,0.11705306671453204,0.13433311575578563,0.09973178776402973,0.08231146441963005,0.1227976570096869,2.7764451051977987,0.14254554543931436,-0.11724810598874269,0.6742916578167268,0.08817849027189635,12.706204736432095,0.12176653896257093,-0.09945101058273424,0.2472139102337657,0.11561026704421944,-0.07006602143884114,0.3291164521273869,-0.008838786094903447,0.13433311575578563,-0.009027935008388619,0.19388446592450692,0.0005923577881293834,0.2861672411958622,-0.004955541975059629,0.44016388314903004,0.003275736748529638,0.6614289311079893,-0.002401835890808467,1.364505794256775,7.914623297612151e-05,-0.0019741985607825904,0.09958280145148551,0.12509135939408275,0.05
0.5,1555165249,-0.2230029851562459,0.1,0.07116969600700034,0.09461018764180848,0.09297687801003866,0.0786375227519812,0.0007914497031187226,0.005392410281449639,0.06859593266661052,0.13433311575578563,0.09704040123175445,0.08231146441963005,0.07353907316701154,2.7764451051977987,0.07498618694348687,-0.404882477102442,0.011507586290940397,0.027210652925255093,12.706204736432095,0.06661284209472133,-0.3404689293864034,-0.11888007815687619,0.09296758111260338,-0.35220959568917837,-0.031236553521514554,-0.010102652592204681,0.13433311575578563,-0.004355513978963824,0.19388446592450692,-0.0035697214862904173,0.2861672411958622,-0.0003693217076289339,0.44016388314903004,0.0009104019882917973,0.6614289311079893,-0.0011838705159141565,1.364505794256775,0.004913149305718791,-0.0027637976910035444,0.11775843889898178,0.1646158573306294,0.05
0.5,2046893227,0.2106891480306822,0.1,0.09072146468857041,0.07620397380879473,0.07868711186946685,0.10382083635748858,0.0009356121665056727,0.009843153895462751,0.14072489191758022,0.32612014812863077,0.09532574209119156,0.08231146441963005,0.09935593750313032,2.7764451051977987,0.14203597429885376,0.049686886034690736,0.8383970572427965,0.14566425279574133,12.706204736432095,0.08490926615567727,0.05938463063614702,0.36323597172246835,0.13818645789736814,0.11225197281648647,0.676290569988745,-0.016537772403040336,0.13433311575578563,0.002584124308161142,0.19388446592450692,-0.001559832116840883,0.2861672411958622,0.00013427394915881529,0.44016388314903004,0.00024139095885757807,0.6614289311079893,-0.003165231391739903,1.364505794256775,-0.0022726364982293083,-0.0015258328698351709,0.08782658208729324,0.1502793631584537,0.05
0.5,25923199,0.0034249100611585988,0.1,0.07779790370820788,0.08807274148436182,0.08563958576461397,0.14212680027046462,3.305027995838608e-05,0.020166977075162157,0.14176096101948177,0.13433311575578563,0.08604365451357124,0.08231146441963005,0.1422155516674356,2.7764451051977987,0.11927446114292534,-0.2732679698485542,0.389050017782206,0.13542952889951604,12.706204736432095,0.11877555759465742,-0.20786693815927257,0.21524663629767468,0.07992601214656415,-0.15217805419005032,0.14625923051434275,-0.007351415038296145,0.13433311575578563,0.011779460686050902,0.19388446592450692,-0.010200020372061486,0.2861672411958622,-0.0009891840877299864,0.44016388314903004,-0.004955278762449816,0.6614289311079893,0.0036811290797797527,1.364505794256775,0.002309456692078947,-0.0022730604675019615,0.10664574015562699,0.12096057785757779,0.05
0.5,167661493,0.2955128369750975,0.1,0.06549301135726832,0.06406939231560628,0.05940987909217037,0.06462739048280576,3.460813975372096e-05,0.0041420914608633315,0.06618716238341381,0.13433311575578563,0.06391280384069134,0.08231146441963005,0.06445201954529417,2.7764451051977987,0.1042574671583454,-0.16481991048995925,0.41411035825425746,0.04026066634428222,12.706204736432095,0.060139172586201516,0.20523258767599872,0.3890367739961846,0.06693442166739719,0.1910562217261876,0.42556809831312253,-0.02675028295561698,0.13433311575578563,0.013703618790698015,0.19388446592450692,-0.008152932158282972,0.2861672411958622,0.002632655108655636,0.44016388314903004,-0.002890703174238122,0.6614289311079893,0.00015375362577405298,1.364505794256775,0.0001752458332454059,-0.002225475453556973,0.10496302522317719,0.14709138137591374,0.05
0.5,25883884,-0.15635513610514853,0.1,0.07585061559597538,0.06802429714105387,0.07249283657989432,0.06887279655260994,0.0007682709742863796,0.0039751911306908205,0.07299825099018328,0.19388446592450692,0.07552439176275844,0.08231146441963005,0.06314016251482109,2.7764451051977987,0.05672884866021396,-0.3017600023063754,0.013249066065940118,0.04642885825907585,12.706204736432095,0.0563982489920023,-0.2581429977305202,-0.05205350278321193,0.0733367689736944,-0.2875695691503175,0.01606434539765213,-0.018339379974628596,0.13433311575578563,0.0072376583465197505,0.19388446592450692,-0.0022114845223103084,0.2861672411958622,-0.0008769465275253488,0.44016388314903004,-0.0014623227978071433,0.6614289311079893,0.0007267111847734422,1.364505794256775,0.0025223594809944804,-0.0020824888838677402,0.1017919830865122,0.15436984403729972,0.05
0.5,283137977,-0.0951624568150071,0.1,0.07163465894469673,0.050008604571182495,0.059124910910140584,0.05825579124207861,0.0010143337364120464,0.0023794034768285966,0.061488335443762296,0.13433311575578563,0.06621612413244586,0.08231146441963005,0.048849568733919754,2.7764451051977987,0.2900225794424645,-1.2569520370546734,0.3535115051250672,0.04904671106951368,12.706204736432095,0.04255399984876282,-0.18471650933316947,-0.013036045603054623,0.08206578995491376,-0.32629895016619076,-0.03893113066175817,-0.011735736487431706,0.13433311575578563,-0.012264156801810299,0.19388446592450692,0.0074704615648354625,0.2861672411958622,-0.003891283775294422,0.44016388314903004,-0.0014647288315955164,0.6614289311079893,0.0008793442105091261,1.364505794256775,-0.00647090753600062,-0.00015368211311060802,0.027744920551749465,0.029752746990207076,0.05
0.5,2095960042,-0.3766616062789492,0.1,0.0705912202598264,0.04577745479024945,0.04416994426760034,0.05090182846394601,0.0002443210398451446,0.00234667510112784,0.06910271339848092,0.2431366342882323,0.04890884724547777,0.08231146441963005,0.0485124458165941,2.7764451051977987,0.1143133722186684,-0.5719545198435958,0.06281508566675592,0.06530539659789722,12.706204736432095,0.043657374681215694,-0.4494271264107114,-0.29567001674330273,0.08419141542681041,-0.4483525141010795,-0.17468355932648028,-0.017323910975003246,0.13433311575578563,-0.010333282983942633,0.19388446592450692,0.0022405297843672116,0.2861672411958622,0.0009305529415536101,0.44016388314903004,-0.001445612733912447,0.6614289311079893,-0.00014754086615344198,1.364505794256775,-0.00012845391616373057,-0.0017729744931987584,0.09432901129133107,0.11427101168684595,0.05
0.5,346363994,0.14236737564151847,0.1,0.0648706079681735,0.03525465025106559,0.03806484179419957,0.03404761227584297,0.00012492828920061924,0.001034311612485514,0.03692449575746083,0.13433311575578563,0.04166912509888345,0.08231146441963005,0.032207156850706214,2.7764451051977987,0.05556933378162286,-0.07701728725227525,0.23155312230190372,0.03465002529297903,12.706204736432095,0.028184645498346438,0.09628138413061169,0.18830400272142508,0.05413170821125169,-0.0004704590271691814,0.20657238932456454,-0.01888714229305281,0.13433311575578563,0.002617772035383846,0.19388446592450692,-0.002452745867423996,0.2861672411958622,-0.00011670170157764669,0.44016388314903004,-0.0008646312771843296,0.6614289311079893,0.0003916800662305859,1.364505794256775,-0.0023782524333283693,-0.0009397861275443294,0.06904166494840674,0.09493362582457608,0.05
0.5,617350779,0.07256424833199915,0.1,0.07710358092561449,0.06712355842911177,0.07055757248657898,0.08175198524116471,0.0007080289154337283,0.005975358175437886,0.08836802457120918,0.13433311575578563,0.07872816074990605,0.08231146441963005,0.07741206622196685,2.7764451051977987,0.10800685964698685,-0.256549168587554,0.34320106500177056,0.0738129848643882,12.706204736432095,0.07056011552250556,-0.07371668137026938,0.21884517803426767,0.10411749076860066,-0.15939886296688152,0.20077903818792264,-0.01737514288772557,0.13433311575578563,0.001651050762981518,0.19388446592450692,0.002729193475325091,0.2861672411958622,-0.0014467147184225213,0.44016388314903004,-0.002573885027565242,0.6614289311079893,-0.00011654052970229148,1.364505794256775,0.0014812540207872701,-0.0023734436956734293,0.10848488153476017,0.17573433908241395,0.05
0.5,883938594,-0.33676753132356546,0.1,0.0843239427439577,0.08669072695531804,0.1026139829535419,0.07393363620912691,0.002848665218286245,0.0026175173448172756,0.10590460622622468,0.13433311575578563,0.12140226530024559,0.08231146441963005,0.05123555819788185,2.7764451051977987,0.09405087017067186,-0.5579561171399496,-0.035701960890038464,0.03670738770416839,12.706204736432095,0.041918160120019206,-0.41282161905572085,-0.2607134435914101,0.10376937810509528,-0.48142571023550274,-0.025544327087891082,-0.014076764632007414,0.13433311575578563,0.0027956840787452084,0.19388446592450692,-0.003633003739403675,0.2861672411958622,-0.001386774903391047,0.44016388314903004,-0.0005149126961178015,0.6614289311079893,4.592350530021937e-05,1.364505794256775,-4.634037715560587e-05,-0.0016847302411233751,0.0915871090994792,0.11597500899342213,0.05
0.5,380083668,-0.0755192280279585,0.1,0.06677909847677488,0.03910018538518512,0.03799297841285819,0.03213874117018531,2.3828276150122344e-05,0.001009070407854042,0.032190637815389944,0.13433311575578563,0.03976127548771053,0.08231146441963005,0.03181173991337234,2.7764451051977987,0.10518792171707242,-0.4046420445719465,0.17945493618264338,0.02220508703048003,12.706204736432095,0.030730944020060255,-0.12590148325421124,-0.02513697280170578,0.04213603804016228,-0.16052360036892924,0.005612123469682532,-0.017230293231077207,0.13433311575578563,0.0020663157567341562,0.19388446592450692,0.0003321202618587815,0.2861672411958622,0.0003055901017385823,0.44016388314903004,-0.003533955013034812,0.6614289311079893,0.0009017422344615729,1.364505794256775,0.004200698279463863,-0.0028484441275556495,0.11968912127350871,0.17453212893574063,0.05
0.5,1566686322,-0.23492714522620417,0.1,0.10269127221001129,0.12445745311154197,0.14718443926099456,0.12481719057104233,0.007048336543877697,0.008530994518170201,0.1927161497625584,0.19388446592450692,0.17420957531021347,0.08231146441963005,0.09249675979022685,2.7764451051977987,0.13302433090883137,-0.5084169261489284,0.23025257869914567,0.121112755905324,12.706204736432095,0.08813122326710547,-0.38604601503827907,-0.06265442714851555,0.12366528291567784,-0.4781408392068271,-0.0007773951923593803,-0.021049183280253705,0.13433311575578563,0.008833937946914047,0.19388446592450692,-0.007484031482327214,0.2861672411958622,-0.0004984904788336455,0.44016388314903004,0.00042415439674232936,0.6614289311079893,-0.001229147918068884,1.364505794256775,-0.0027979030322059996,-0.0014298556770084873,0.08451803202997817,0.09959317716527889,0.05
0.5,1347531742,0.24155829187326394,0.1,0.07135309176234157,0.037488674570035636,0.04014491873352816,0.043126488058799366,0.00025487671805694487,0.0016050172542288197,0.04483665787978305,0.32612014812863077,0.04003470637250524,0.08231146441963005,0.04012051884535186,2.7764451051977987,0.21874197115214275,-0.5526846725325029,0.6619654776808669,0.04498036518162782,12.706204736432095,0.039548750248163615,0.17097985660885412,0.3058063715766592,0.0592145104301864,0.10814339342827865,0.3637375376948685,-0.008344531459159508,0.13433311575578563,-0.013897855083781881,0.19388446592450692,-0.008179419056342369,0.2861672411958622,0.0034530466113864124,0.44016388314903004,0.0015208924192480467,0.6614289311079893,-0.0025738102515344215,1.364505794256775,-0.005869080840965851,-0.0004917961882181699,0.04974008583821692,0.07630235465180567,0.05
0.5,388186765,-0.04021336921475583,0.1,0.06695167610296619,0.052625198369269335,0.05657881948364546,0.05919731368616267,0.0003886726997284376,0.0031156492479295045,0.0858716295271957,0.32612014812863077,0.06597082522833858,0.08231146441963005,0.05589860476382233,2.7764451051977987,0.0895854720954545,-0.33788134989458235,0.15957694109793497,0.08768631094136341,12.706204736432095,0.047665006491763855,-0.13055727683056562,0.022953517511850645,0.07543198985228868,-0.27717212096027444,0.01861575125476046,-0.01958968740837239,0.13433311575578563,0.007076525369859167,0.19388446592450692,-0.0061020443179469214,0.2861672411958622,0.00010628801090247796,0.44016388314903004,0.000476919540597877,0.6614289311079893,-0.0007044303183573433,1.364505794256775,-0.004349046261521763,-0.0005310837252854993,0.05157322287867303,0.07551476316708967,0.05
0.5,1608096687,-0.2911623595836975,0.1,0.09147102909890589,0.09922952194521398,0.10438624472557118,0.1118054404537855,0.00011904440750245757,0.012381412107562518,0.1593916834652938,0.32612014812863077,0.11733467914407213,0.08231146441963005,0.11143247522880864,2.7764451051977987,0.1237055573951842,-0.47399553409968,0.2129278445315691,0.16673981266721632,12.706204736432095,0.10189709334111863,-0.4573832119615809,-0.1220113814014587,0.12529152764679843,-0.43329249439422235,0.07384203513364992,-0.01655487906644763,0.13433311575578563,0.009731990733074245,0.19388446592450692,-0.005124944781987947,0.2861672411958622,-0.005063526158299925,0.44016388314903004,-0.0007584317140285834,0.6614289311079893,0.0014564903157453667,1.364505794256775,-0.0024495508019360406,-0.001459556541991306,0.08560602072192361,0.09277139699347538,0.05
0.5,836745810,0.0308528403761859,0.1,0.06753438987228869,0.06475985293526942,0.0657050455312124,0.06256338241411635,0.0002408239601126858,0.003673352858982277,0.05909209105507015,0.13433311575578563,0.06675560807928187,0.08231146441963005,0.06069571225170966,2.7764451051977987,0.055955455591039135,-0.09655666622253069,0.21415783534717614,0.03664428500061019,12.706204736432095,0.05386667952619194,-0.06498390307516039,0.12668958382753218,0.06535127108825571,-0.09486138556834048,0.15773508619315565,-0.021834998830970967,0.13433311575578563,0.007564038101861697,0.19388446592450692,-0.005027326071101405,0.2861672411958622,0.0013931389772766315,0.44016388314903004,-0.002657506714606792,0.6614289311079893,0.0016183800486606603,1.364505794256775,-0.004822918491656447,-0.0003754474701997687,0.04319177796030671,0.07153624934046729,0.05
0.5,844084196,0.1574588068977112,0.1,0.06718452473296621,0.03149508235079991,0.03138454350692687,0.03921653390223722,3.991877403388268e-05,0.0014980177572714384,0.05263024178474309,0.32612014812863077,0.03279569188618126,0.08231146441963005,0.03876012497866613,2.7764451051977987,0.13231171629905575,-0.3780997893995942,0.3566126447580721,0.053495771571111565,12.706204736432095,0.03376193854834895,0.10103564412130776,0.21413051188416038,0.09013097424140029,-0.036068073919676334,0.2423535260024947,-0.004026780114376861,0.13433311575578563,0.0013669906997996132,0.19388446592450692,-0.002320158306169843,0.2861672411958622,-0.0064877690930720995,0.44016388314903004,0.000779009624387433,0.6614289311079893,0.00044207624744220053,1.364505794256775,-0.005706641109043536,-0.0002107490363415875,0.03261197699867969,0.04649576751125303,0.05
0.5,2139371150,0.23410841222939782,0.1,0.07286194169674347,0.04500519217853999,0.04194398407396985,0.02281646175651537,4.5172281057374863e-05,0.0004754186460291536,0.016791130824274175,0.13433311575578563,0.04169915894863111,0.08231146441963005,0.021835583078056726,2.7764451051977987,0.09627440680888308,0.046295318959465426,0.5808965300401556,1e-150,12.706204736432095,0.018808678595778675,0.2012567727180433,0.2641209530835363,0.13595983855869812,0.1689673880080704,0.7086956081710076,-0.012851340388339585,0.13433311575578563,0.002083131955704336,0.19388446592450692,-0.001456667905962781,0.2861672411958622,0.0002919808426504932,0.44016388314903004,-0.0010634694898702015,0.6614289311079893,-0.0018144938775950452,1.364505794256775,-0.006602414642173779,-0.0002739605643973895,0.036940909235329986,0.057608755059236495,0.05
0.5,2028137559,0.12003363147122201,0.1,0.07580198365254849,0.060372005264959845,0.06247827786725172,0.04646244884515359,0.0004677436113782944,0.0016910155413102194,0.047296886975620574,0.13433311575578563,0.06545502012949646,0.08231146441963005,0.041181341278111565,2.7764451051977987,0.044412904819244134,0.03691389368983301,0.28353387807584524,0.024666952917636053,12.706204736432095,0.03506153731904162,0.05946348206806459,0.1839045141611858,0.07636155275403528,-0.016659056759901727,0.2771960236912206,-0.011669578657624118,0.13433311575578563,0.004805827264640212,0.19388446592450692,-0.0017075005369903945,0.2861672411958622,-0.004884589069520385,0.44016388314903004,0.0009188597850096525,0.6614289311079893,5.049144743756272e-05,1.364505794256775,-0.0033389534975523183,-0.0006751817058445937,0.05778547071762754,0.09434761648149954,0.05
0.5,667790396,-0.009217873172977469,0.1,0.06907080787186431,0.03621565819787297,0.035886483254635206,0.021887322769259063,-1.6221001960319134e-05,0.0004952758999660454,0.017951184731343894,0.13433311575578563,0.038190455178020305,0.08231146441963005,0.02228693189299374,2.7764451051977987,0.05753059141069832,-0.1738663099078013,0.14559474793493446,1e-150,12.706204736432095,0.018759674548110065,-0.04369443844215626,0.025258692096201324,0.06669477321354378,-0.1352265095054472,0.07444233495672235,-0.0281741429690151,0.13433311575578563,0.005518419090845241,0.19388446592450692,0.0014070300503762141,0.2861672411958622,-0.00018634649981119246,0.44016388314903004,-0.001975008156376124,0.6614289311079893,0.0004896424923587494,1.364505794256775,0.003020797469288722,-0.0025927325493612014,0.11425220303231265,0.17937212069126265,0.05
0.5,923063242,0.00947789999892306,0.1,0.07050303802524467,0.06979471485972796,0.07938465148609967,0.08351155660329937,0.0010291798687444946,0.0059450002175615805,0.085953066453275,0.13433311575578563,0.08525667565321052,0.08231146441963005,0.07721516884081277,2.7764451051977987,0.28864545939025477,-1.0616437171765865,0.5411728285466992,0.0869173004323741,12.706204736432095,0.0706922294231459,-0.11142867406435522,0.13704635137915075,0.0975264026033009,-0.2889344166321806,0.10074375888803094,-0.015764521365879913,0.13433311575578563,-0.0030268725642152807,0.19388446592450692,0.0016685162667624796,0.2861672411958622,-0.004686621938973987,0.44016388314903004,8.441174476187004e-05,0.6614289311079893,0.00011877893122995957,1.364505794256775,-0.0036691325322899724,-0.0011454773074828486,0.07547676294181738,0.09815585085079094,0.05
0.5,41404205,-0.213137818146184,0.1,0.07348440817067294,0.03851549191507179,0.04165156845915898,0.06426356352482365,0.0005291337640090485,0.003600671832899997,0.0740315646731584,0.2431366342882323,0.046962249597506646,0.08231146441963005,0.06009224907499335,2.7764451051977987,0.19727563435706857,-0.6086883049201736,0.486761633850774,0.06446799952246451,12.706204736432095,0.05497953381897876,-0.2986145088477662,-0.1276611274446018,0.06215024894481151,-0.26279768292295885,-0.05061528460711558,-0.01403713169586208,0.13433311575578563,0.0017363347728604624,0.19388446592450692,0.0005663005176754317,0.2861672411958622,-0.0025599416039000364,0.44016388314903004,-0.0013235773555190526,0.6614289311079893,0.0006968176220224978,1.364505794256775,0.009318770226075544,-0.0038458266256198503,0.13891007387203044,0.16536554742456247,0.05
0.5,1119215550,-0.01729751079991429,0.1,0.07527752444034304,0.03938912499200295,0.04303501600790608,0.045243028889812256,0.0002327601373302683,0.0018141715257941177,0.04444290770961652,0.13433311575578563,0.043194223526709555,0.08231146441963005,0.04265459876847843,2.7764451051977987,0.14700928709848188,-0.25780381444189,0.5585226167245059,0.031037515293351282,12.706204736432095,0.03711071003151684,-0.0906396766992055,0.05334194345751289,0.053138802551192105,-0.1336718739707539,0.0730334374070051,-0.013565192382671622,0.13433311575578563,-0.005330961860799347,0.19388446592450692,0.0024220024528877745,0.2861672411958622,-0.0003521336168823323,0.44016388314903004,-0.001956966404369129,0.6614289311079893,-3.6433130900871626e-05,1.364505794256775,0.003644624185056711,-0.002608594303732791,0.11391050052877691,0.14631913757191334,0.05
0.5,182950611,-0.08124520384033344,0.1,0.07818990946580763,0.12501059633215908,0.14973027865209818,0.15107467624890009,0.005738135753099614,0.01708542205061036,0.19033844400344438,0.32612014812863077,0.15946377717236404,0.08231146441963005,0.13089996899589615,2.7764451051977987,0.28188056415055535,-1.2151465219300823,0.3501053032423247,0.1940963168043994,12.706204736432095,0.10874987638203955,-0.22333587385174353,0.14837359269142675,0.2432850283848733,-0.6628282090876865,0.13382851587157701,-0.0181236498576456,0.13433311575578563,0.011370196721807585,0.19388446592450692,-0.0015041930826267234,0.2861672411958622,0.002004060697042601,0.44016388314903004,-0.003624730115598146,0.6614289311079893,-0.002067645576876291,1.364505794256775,-0.005279559371053189,-0.0009340254563883384,0.06841790532217686,0.07503970100321578,0.05
0.5,1908054536,-0.2723904878928595,0.1,0.06639541778731922,0.11054775515472846,0.11761693291249119,0.1137432115185054,0.00028520264836200647,0.012652315518181453,0.1169025477211062,0.13433311575578563,0.12469338308399959,0.08231146441963005,0.11264494175981515,2.7764451051977987,0.1790379583179649,-0.8202201616348699,0.1739579643981724,0.06896751405912369,12.706204736432095,0.10354482264441825,-0.4433156901043643,-0.10146528568135477,0.11449532484352638,-0.4789924304319088,-0.052648165913299995,-0.005853616870120959,0.13433311575578563,-0.007744346977751054,0.19388446592450692,-0.004821580823518634,0.2861672411958622,-0.0003464375672128917,0.44016388314903004,-0.0005897456456113914,0.6614289311079893,0.00016987033083124922,1.364505794256775,0.00023824007761110658,-0.001775946483337103,0.09454602850946534,0.14822847492346083,0.05
0.5,515998926,-0.3177532045760761,0.1,0.09474189179539938,0.08995648088442204,0.10764445406360482,0.11980451304209913,0.003755359494400607,0.010597761850853895,0.11381145653797292,0.13433311575578563,0.11167804233706174,0.08231146441963005,0.10309408916307969,2.7764451051977987,0.13570101641045473,-0.7968151823901819,-0.04328233682383553,0.09835412332266626,12.706204736432095,0.09893040788123018,-0.49831600337677373,-0.13719040577537844,0.11227841438359244,-0.5581235401743906,-0.10585492048036957,-0.013143292637194815,0.13433311575578563,-0.003943779369829323,0.19388446592450692,-0.006683848604391064,0.2861672411958622,0.004470514198105382,0.44016388314903004,-0.0004677247530491691,0.6614289311079893,-0.0020670952110341985,1.364505794256775,-0.0038396471501508656,-0.0008007848624652738,0.06308991087191215,0.08010673150492194,0.05
0.5,1530865709,-0.23226800762817124,0.1,0.06104204810897698,0.061261900096931186,0.06040759017568541,0.06393512278694802,0.00010648776904570705,0.003981212156736413,0.06580264386906363,0.13433311575578563,0.06080107322552098,0.08231146441963005,0.06318796206757257,2.7764451051977987,0.12517023405025487,-0.41540136984408027,0.2796551974465057,0.05199752072063824,12.706204736432095,0.05518766830414438,-0.32962046288689223,-0.13233704963549478,0.08639927641967461,-0.32149614219649536,-0.02526437586034195,-0.0060814681300589936,0.13433311575578563,-0.0006691544710983868,0.19388446592450692,0.0002994606304577967,0.2861672411958622,-0.0009541591780822141,0.44016388314903004,0.00031674390216927394,0.6614289311079893,-0.0029116275730532238,1.364505794256775,-0.005545885301265368,-0.00022860405847743663,0.03365092463519613,0.04830535181613454,0.05
0.5,833402519,0.07227936965766066,0.1,0.06761606373270705,0.030853091878900073,0.03354613045850598,0.03781310103577158,0.00011055304806452827,0.0013192775618769417,0.03973524975850229,0.13433311575578563,0.035558156882269425,0.08231146441963005,0.03637431102862596,2.7764451051977987,0.08167302785202828,-0.09315950414536037,0.3603618526675344,0.03119082429923155,12.706204736432095,0.030864151898565513,0.00682226401068492,0.13131200499406975,0.05851631982471995,-0.010056865278077266,0.2206042715924241,-0.013182820828725498,0.13433311575578563,0.0024314135775822263,0.19388446592450692,-0.0012613366058088107,0.2861672411958622,-0.0007173657907147267,0.44016388314903004,-0.001408101055939754,0.6614289311079893,0.00023688725816460338,1.364505794256775,-0.001165091453017077,-0.0011557738117381558,0.07612250974416462,0.09659385408138993,0.05
0.5,1936765163,-0.07064272146357116,0.1,0.0557319237509706,0.040618632671041585,0.04196059364300096,0.022598900318262557,0.00012212678412705904,0.0003885835114677085,0.02253359843902363,0.13433311575578563,0.0423978285879853,0.08231146441963005,0.019740987442381758,2.7764451051977987,0.05072075751093836,-0.2690955573262912,0.012551240520047413,1e-150,12.706204736432095,0.01780040613581889,-0.10072139524911097,-0.04056404767803134,0.038866131508206656,-0.1461772193115594,0.008488689580355785,-0.01905070968687567,0.13433311575578563,0.007074114958081879,0.19388446592450692,-0.004695078049343013,0.2861672411958622,0.0033342716597945556,0.44016388314903004,0.0003056666674984465,0.6614289311079893,-0.0032331309732173707,1.364505794256775,-0.004690810942172311,-0.00041266368888603526,0.0453186574731462,0.07003554470113013,0.05
0.5,1248238864,0.41093623578363075,0.1,0.08060622820839064,0.09313965833795454,0.11495957435394272,0.10442209064272306,0.004920834003988508,0.005983139010208563,0.113109667823138,0.13433311575578563,0.11970249913081246,0.08231146441963005,0.0774624510294286,2.7764451051977987,0.20411954640322086,-0.47412399167163577,0.6593294393011992,0.10704539180623135,12.706204736432095,0.06525684167938306,0.2790915543895613,0.5487740973309049,0.10660931816634173,0.1339762927014617,0.5498021718890077,-0.018290244478950158,0.13433311575578563,0.0010408315786839574,0.19388446592450692,0.0018049943471392664,0.2861672411958622,-0.0007680544156489022,0.44016388314903004,0.0009057159862188516,0.6614289311079893,-0.0027538034605652365,1.364505794256775,-0.004744818677835077,-0.0005535826769159142,0.052834511601082185,0.08791132334267303,0.05
0.5,1611295177,-0.09434961050543601,0.1,0.08398282676179572,0.03893758528171385,0.04132277770820356,0.044282254709908875,0.0003509347146110871,0.0016099833675821593,0.05434123468950032,0.19388446592450692,0.04582461509198892,0.08231146441963005,0.040182539724391966,2.7764451051977987,0.08452227910030821,-0.3089470683220794,0.16039586785434648,0.04388068285528111,12.706204736432095,0.0387290201512169,-0.15808614629757634,-0.030613074713295704,0.05903102866486257,-0.1988849783041997,0.05965889517940479,-0.014531380717127023,0.13433311575578563,-0.0013240768221200623,0.19388446592450692,-0.004548332371193032,0.2861672411958622,-0.00046021322524279805,0.44016388314903004,-0.0003028771376567119,0.6614289311079893,4.446755923060938e-05,1.364505794256775,-0.00221908124069725,-0.0012221817800929591,0.07792606217448898,0.11260293864263478,0.05
0.5,1890067251,0.16993945369235747,0.1,0.08339619588860166,0.0529998370071815,0.05856840120065257,0.05052545945873438,0.00026853032034488246,0.002284291733171329,0.0372736989737857,0.13433311575578563,0.05396340952724118,0.08231146441963005,0.047863281671863545,2.7764451051977987,0.050307952953128676,0.06694884685776722,0.3463033863162377,0.026394373764496087,12.706204736432095,0.03892916704987056,0.09481132612525708,0.24506758125945785,0.0709358346412931,0.052325653185366645,0.30199518079113263,-0.015348820516831842,0.13433311575578563,0.0017602434500109212,0.19388446592450692,0.0011831884639602113,0.2861672411958622,-0.0010193833363000976,0.44016388314903004,0.0005568153578314856,0.6614289311079893,-0.0018316665033011555,1.364505794256775,-0.0039366798828751794,-0.00046221205555159743,0.04816665164117005,0.05946008117970653,0.05
0.5,1529935164,-0.0263436980902277,0.1,0.07500422464768464,0.09140032886427793,0.10039334167872027,0.11304268200254725,0.0011854093741585445,0.011593238580170475,0.13399428202139935,0.2861672411958622,0.1066679950003453,0.08231146441963005,0.107827385436425,2.7764451051977987,0.11442147832742998,-0.4077317525102273,0.22763815435315063,0.13281801775586688,12.706204736432095,0.10072322519306588,-0.19358687410048075,0.13393495659317456,0.08850273343484626,-0.16498890802256932,0.145391391732949,-0.015570535357434216,0.13433311575578563,-0.0018417648975304073,0.19388446592450692,-0.0014156975496506057,0.2861672411958622,-0.002795258300246758,0.44016388314903004,0.002355776848573245,0.6614289311079893,-0.0013483429189954615,1.364505794256775,-0.0040710413820655295,-0.0005777384757270074,0.05375418506166396,0.07446372850921251,0.05
0.5,898979774,0.20822420395169466,0.1,0.06887006635381494,0.04669989043259658,0.03716674766551959,0.026825263856630092,0.00015436155007223645,0.0005652332309055883,1e-150,0.13433311575578563,0.031136065765846727,0.08231146441963005,0.023808965810388084,2.7764451051977987,0.30228279018832843,-0.9852934357446377,0.6932497106631976,1e-150,12.706204736432095,0.02130263044740528,0.17479576760974838,0.24526980862612646,0.04719750458544598,0.11289996758576937,0.27596827548722447,-0.022626424062433474,0.13433311575578563,-0.000852103250210232,0.19388446592450692,-0.0022730753373663122,0.2861672411958622,0.00129612410290646,0.44016388314903004,-0.00035752653920778583,0.6614289311079893,-0.0005713899667637123,1.364505794256775,0.006319601347704268,-0.003314966464925488,0.12916367128525671,0.20413930890736312,0.05
0.5,1742430670,-0.1992026959530881,0.1,0.07016716066556021,0.0481236208452278,0.04930892384016296,0.06558231671890093,7.217160193025282e-05,0.00422886866428798,0.07023844015841929,0.13433311575578563,0.052952630243530745,0.08231146441963005,0.06512365797509839,2.7764451051977987,0.10882211039093058,-0.3698452391763466,0.23443199228804082,0.05652116908225285,12.706204736432095,0.05844638073398115,-0.28792176941509984,-0.11048362249107638,0.08887930958188123,-0.2745548457725419,0.10152061372359492,-0.011534486134107645,0.13433311575578563,0.005282983549031761,0.19388446592450692,-0.002390079034251186,0.2861672411958622,-0.0008207376419380231,0.44016388314903004,-0.0005213941596773022,0.6614289311079893,-0.001707362863315343,1.364505794256775,0.00011534023268842322,-0.0017539997640753982,0.0941449983578414,0.14564949429141327,0.05
0.5,731474999,-0.12472829244356824,0.1,0.058256668498596766,0.05060327000051924,0.05468785489184644,0.03785000848241941,0.0003781440935381941,0.0010544790485810269,0.04319870453293757,0.13433311575578563,0.058565569458296024,0.08231146441963005,0.03251963523610104,2.7764451051977987,0.18351895066692112,-0.4880649966165657,0.5309955879638532,1e-150,12.706204736432095,0.02966329438751119,-0.1795941489772414,-0.06809411426768497,0.07602785561771935,-0.2511063632977362,0.03533141022825496,-0.009620555630712851,0.13433311575578563,-0.0007297849391729418,0.19388446592450692,0.0007991432435062929,0.2861672411958622,-0.006219278334177828,0.44016388314903004,0.004036253546063545,0.6614289311079893,-0.0020701054622296487,1.364505794256775,0.002805845413933881,-0.0020703730052006875,0.10202942694820409,0.15216530231793265,0.05
0.5,155205092,0.18924352821799273,0.1,0.06732521050770175,0.06482490549951024,0.061881294462304524,0.09420108473049654,5.760213760291292e-05,0.008816242226799274,0.09671790359505304,0.32612014812863077,0.06588345191816336,0.08231146441963005,0.09403043494349508,2.7764451051977987,0.09576369856367742,-0.21058521803921879,0.32118008622630045,0.09796040425900446,12.706204736432095,0.08431277354421667,0.05754285081773891,0.3281381474855609,0.1324410439448481,-0.2332473841540183,0.26525339940090176,-0.019800617179328572,0.13433311575578563,-0.0017868118856948323,0.19388446592450692,0.0014005529289444927,0.2861672411958622,-0.0019941705632841415,0.44016388314903004,0.00021334932687768773,0.6614289311079893,0.00026811687974243026,1.364505794256775,-0.0021002199926004267,-0.000970573698937335,0.06975888320770247,0.09309823339000234,0.05
0.5,6130372,0.08344983177161867,0.1,0.06226623462597432,0.05570822142129171,0.05334581714037637,0.06908358666163851,-4.794746656572443e-05,0.004820489412601842,0.06195097252659522,0.13433311575578563,0.04991649482344815,0.08231146441963005,0.06953000404808905,2.7764451051977987,0.0915230760498611,-0.0805675829126564,0.427650010109909,0.050126609662375095,12.706204736432095,0.06365803831696347,-0.017769494621210222,0.19431368364855586,0.09094360851554636,-0.057015978692735676,0.30707452065471696,-0.004951819590451031,0.13433311575578563,-0.00800380059249417,0.19388446592450692,-0.006131017158641116,0.2861672411958622,-0.0006296754760581585,0.44016388314903004,0.0014037031898432048,0.6614289311079893,-0.0010745270305275122,1.364505794256775,-0.002475255325460592,-0.0009819289158937556,0.0703038660599741,0.09564329363646386,0.05
0.5,1060436906,0.27926576930784874,0.1,0.07050944655747451,0.032635469660515545,0.03459389164391018,0.04195079243730389,9.733986411762131e-05,0.0016625291220001316,0.04647845810080915,0.13433311575578563,0.03759556730218397,0.08231146441963005,0.04083300282201347,2.7764451051977987,0.11065648902632191,-0.11343997241719983,0.5010233622138109,0.03894728119075695,12.706204736432095,0.03821777140819372,0.22026068120965261,0.34256755749147677,0.11051627201914234,-0.10493463142176548,0.32572775696840867,-0.023658348560900468,0.13433311575578563,0.0017618593194795998,0.19388446592450692,-0.00032095840609995064,0.2861672411958622,-0.0007236978834079928,0.44016388314903004,0.0001689625269367026,0.6614289311079893,-0.00047710831283314357,1.364505794256775,-0.0036513593248178764,-0.0007987777782734419,0.06320791917912573,0.07306597239673292,0.05
0.5,1920040719,-0.27505585576002284,0.1,0.06376201231023453,0.06094269584485075,0.06036358525067719,0.08213743049311327,0.00015942235980900745,0.006587135128202007,0.07981615706364284,0.13433311575578563,0.062278899165443005,0.08231146441963005,0.08127836791545631,2.7764451051977987,0.07434625405133927,-0.49397379798476415,-0.0811372116834983,0.06588108827639486,12.706204736432095,0.07997961182109593,-0.39167271777092116,-0.15843899374912454,0.0787398022096618,-0.41539951348981835,-0.12048027139158553,-0.006931264213605411,0.13433311575578563,0.00210903219376654,0.19388446592450692,0.002944820645922102,0.2861672411958622,-0.004759578666751705,0.44016388314903004,-0.0022244701987941882,0.6614289311079893,0.0004524023521563137,1.364505794256775,-0.003818316336682583,-0.0008417534032635634,0.06506319712289076,0.08015587185688934,0.05
0.5,774027690,-0.2470241634204156,0.1,0.07960202492105094,0.0689793023797839,0.07001999837340633,0.044977550340553396,0.001484207798270785,0.00053877223636623,0.048114999407151436,0.13433311575578563,0.07691276258464393,0.08231146441963005,0.023244986159557935,2.7764451051977987,0.08385915250336125,-0.46636457562788336,-0.0007039086398972494,1e-150,12.706204736432095,0.020610738025179997,-0.2908388792330631,-0.2032094476077681,0.08519572832544778,-0.37382503170046566,-0.04792771731659905,-0.019345282458244604,0.13433311575578563,-0.00436119986889487,0.19388446592450692,0.00036696702916138625,0.2861672411958622,-0.0027023676849760457,0.44016388314903004,0.0005116799825937461,0.6614289311079893,3.1900170072223156e-06,1.364505794256775,-0.002875914778673396,-0.001229106789957392,0.07883469831782106,0.13440213621963645,0.05
0.5,891722183,-0.03287702490170692,0.1,0.07038543503899967,0.06585857156565353,0.06903198954050678,0.09483987697046749,0.00013875902364861043,0.008855843240124799,0.09122671276825535,0.13433311575578563,0.06819133496896991,0.08231146441963005,0.09424138243247558,2.7764451051977987,0.09174628588617179,-0.21773296708032253,0.2917240856571566,0.08572542907605869,12.706204736432095,0.08502342473989279,-0.1699204260340989,0.10416637623068507,0.10309220408997792,-0.1734292916868992,0.11728280416818532,-0.020282824937450424,0.13433311575578563,0.0012497047288109865,0.19388446592450692,0.0007333077449608351,0.2861672411958622,-0.0018560361271328133,0.44016388314903004,-0.0014455061413701483,0.6614289311079893,0.0013671761020999456,1.364505794256775,0.00012817152276937068,-0.00162571980604911,0.09031214163011493,0.12157117389860529,0.05
0.5,1810679606,-0.021697770926828133,0.1,0.06903174092464807,0.0409408524964477,0.03611487311103843,0.04384242299932538,-9.102507869492862e-05,0.0020131831331467037,0.045753599226842384,0.13433311575578563,0.03577681237565061,0.08231146441963005,0.04493330147572511,2.7764451051977987,0.10708952192635932,-0.4191956172743684,0.175460740666457,0.03410493086564348,12.706204736432095,0.044109672010323904,-0.10548006255943836,0.06208452070578209,0.04825564353521172,-0.12087424916737358,0.0448985995509831,-0.005141781983962437,0.13433311575578563,-0.002819731041518972,0.19388446592450692,-0.005601261726318765,0.2861672411958622,-0.00032276701597848195,0.44016388314903004,-0.0018031171150619315,0.6614289311079893,0.00037673642770969575,1.364505794256775,0.009865751873820069,-0.00423863397178142,0.14504464104693876,0.24017711220782992,0.05
0.5,1681172943,-0.08229234377821762,0.1,0.06767264675725367,0.024807884480236034,0.02676794055572752,0.02799392105346642,0.00013458013995311217,0.0006490794759945983,0.028886764206488006,0.13433311575578563,0.027527945693089872,0.08231146441963005,0.025513828176840836,2.7764451051977987,0.20005004554842037,-0.4692034749292351,0.6416524645857817,0.027036806039420862,12.706204736432095,0.02345468021648827,-0.11675949751315957,-0.041100781081435646,0.03621224717733053,-0.14057802760984348,0.014407424757374146,-0.0033166983296807825,0.13433311575578563,-0.005431666558993154,0.19388446592450692,-0.00872434189748578,0.2861672411958622,0.0017016253976598627,0.44016388314903004,-0.0013921927214696316,0.6614289311079893,0.00014774773323133797,1.364505794256775,-0.006189767750124135,-0.00014999159622222904,0.027483128669616438,0.043656439620192465,0.05
0.5,966819922,-0.026643810886684337,0.1,0.06691428111817642,0.05735269795646761,0.06182253136609057,0.02947937652456561,0.0002650635540471509,0.0006039700862299592,0.06914826146488945,0.19388446592450692,0.07457863371677802,0.08231146441963005,0.02461129140280657,2.7764451051977987,0.08560147367268373,-0.3175306561995336,0.15780492895294831,0.049728511304139494,12.706204736432095,0.02002768775899412,-0.06972517783903669,0.01196945084386911,0.0639263457912461,-0.10603594964727435,0.13713021704177522,-0.006167714569133817,0.13433311575578563,0.0006119204839377271,0.19388446592450692,-0.00033067423126715607,0.2861672411958622,0.0004358099260836155,0.44016388314903004,-0.002417386092473342,0.6614289311079893,-0.0015507939401123558,1.364505794256775,0.0028578382428106393,-0.0024666668638890304,0.11162675612002301,0.19283450534956206,0.05
0.5,1271620614,0.28053701484854454,0.1,0.06846732563082801,0.04313577820573315,0.037149960044285765,0.0463449643714241,-2.4598739671492917e-05,0.002172454462260062,0.03966141434213428,0.13433311575578563,0.034420351065687874,0.08231146441963005,0.046676902557712646,2.7764451051977987,0.02464721926455516,0.1821597555722338,0.31902305813985593,0.037693964446134154,12.706204736432095,0.03869632359896161,0.21296133669727946,0.3481126929998096,0.04991260376047679,0.17998165108751613,0.35490345120014655,-0.016138871528591073,0.13433311575578563,0.004202419213687117,0.19388446592450692,-0.004558702428402309,0.2861672411958622,0.00024707212806315295,0.44016388314903004,0.00033230297750265725,0.6614289311079893,-0.0012336398555492934,1.364505794256775,-0.002363413323192568,-0.0010021653270084366,0.07073445541802134,0.08976276871933861,0.05
0.5,370683569,-0.06339173714977286,0.1,0.06449744932287252,0.04837976721982804,0.04749071043554534,0.028385372207739533,0.00028228878943229417,0.0005234405659396178,0.01355918446807202,0.13433311575578563,0.04805832607894404,0.08231146441963005,0.022911861555648963,2.7764451051977987,0.021849480492275787,-0.13869114545092115,-0.017363379123133363,1e-150,12.706204736432095,0.01914026368088392,-0.1025161296555171,-0.024469628694310394,0.05059903932322277,-0.132913877087511,0.06258652507330702,-0.012988153924714392,0.13433311575578563,-0.003162318188900121,0.19388446592450692,-0.0027137992426993092,0.2861672411958622,-0.001809010446519413,0.44016388314903004,-0.000427535232931896,0.6614289311079893,0.000929827072861521,1.364505794256775,-0.0020576325056259324,-0.001098469404553623,0.07391625522238908,0.09894119740492717,0.05
0.5,339792517,-0.04512573923456548,0.1,0.0640685175636213,0.0479444474148549,0.049339059741971204,0.051939553246987784,-1.1985971477954452e-05,0.0027097031629746337,0.05064146211417079,0.19388446592450692,0.04684386061091948,0.08231146441963005,0.052129978659177977,2.7764451051977987,0.05544216017547389,-0.2310480683876277,0.07681616009394594,0.0401591749106436,12.706204736432095,0.04684672354908857,-0.14046077127529538,0.043620079781105305,0.057786370474345136,-0.19530669979620716,0.03133928349754739,-0.018736209083227286,0.13433311575578563,0.000976740545311365,0.19388446592450692,-0.0028638112746595078,0.2861672411958622,-0.0017263966047523602,0.44016388314903004,0.0005890723736303192,0.6614289311079893,0.00012640740466133462,1.364505794256775,-0.0010038043144322078,-0.0013853719549351963,0.08278487399220186,0.12274407126241112,0.05
0.5,214040974,0.22669999831161475,0.1,0.07561409608399355,0.06004940579243086,0.06106291428397755,0.07951075860540792,0.00041246104521342223,0.005909499688794027,0.06524651298158805,0.13433311575578563,0.04918563482532643,0.08231146441963005,0.07698427870457299,2.7764451051977987,0.11274393882982373,-0.015778937931426318,0.6102757762781419,0.055015913338163275,12.706204736432095,0.06677188838812873,0.11079436000037718,0.3256113766078421,0.05878684059197418,0.13953487247576443,0.36378834389493564,-0.01416987063133722,0.13433311575578563,-0.002057154892046635,0.19388446592450692,-0.0016166573229045244,0.2861672411958622,-0.0005441068849238814,0.44016388314903004,0.0002425910600056634,0.6614289311079893,-0.0009515767566134208,1.364505794256775,-0.0032107381302330634,-0.0008239722407494242,0.064130831236918,0.10280205389097848,0.05
0.5,820138587,0.3937772858882335,0.1,0.059062723902742816,0.049224664176883884,0.04830910542896117,0.04730267732786977,4.935110819344595e-05,0.0021881921741911184,0.05496066616612513,0.13433311575578563,0.05080198648753142,0.08231146441963005,0.04684566606453388,2.7764451051977987,0.09976468319373259,-0.012741545743514993,0.5412407869061808,0.030709593384567743,12.706204736432095,0.03968519812999312,0.32889942939141303,0.46805157138994274,0.11460779868481795,0.09321489938552374,0.49147749959632286,-0.00969765442587967,0.13433311575578563,-0.0034631195786885838,0.19388446592450692,0.0013711317047115485,0.2861672411958622,-0.0015091296982803096,0.44016388314903004,-0.0004821564923150289,0.6614289311079893,-0.0005193852897881239,1.364505794256775,-0.004813122617617428,-0.00019906126217228372,0.031435550987483844,0.0475701745747653,0.05
0.5,966710502,-0.061252378836103245,0.1,0.06839824450811954,0.027882330843982506,0.028045643965883053,0.0253199863403395,-8.972988260554527e-05,0.000730831590880524,0.03248360195825421,0.32612014812863077,0.027642679663314428,0.08231146441963005,0.027072935210500734,2.7764451051977987,0.0699088886505729,-0.16541834619989185,0.2227780372075103,0.03355140275567683,12.706204736432095,0.023806499934820792,-0.09989285447907491,-0.022611903193131583,0.038167384532044414,-0.1155573497682175,0.020401885356808248,-0.01629244667970532,0.13433311575578563,-0.006792092831986972,0.19388446592450692,0.002842808224096008,0.2861672411958622,-0.0015807173220842026,0.44016388314903004,-0.0009466351997973681,0.6614289311079893,0.0002545560651995885,1.364505794256775,-0.0020769953404916387,-0.001225958665519538,0.07796927920543793,0.11189772046650326,0.05
0.5,1084964443,-0.06581762882632636,0.1,0.08079564321884557,0.054636770300013175,0.0628206393829275,0.07550902603193836,0.0008891123692558616,0.0048125006430360835,0.07888944301253424,0.13433311575578563,0.06424339145412357,0.08231146441963005,0.0694723657610142,2.7764451051977987,0.11517448964065861,-0.5320828507988946,0.10746844521402779,0.07564856097045997,12.706204736432095,0.06325106925658126,-0.1738470816982102,0.041134444177514995,0.07703462675837056,-0.25782055225368855,0.06774354209084908,-0.012646095649527164,0.13433311575578563,-3.102487956697815e-05,0.19388446592450692,-0.0010428351250771272,0.2861672411958622,-0.0020267926269283915,0.44016388314903004,8.262125002080554e-05,0.6614289311079893,-0.0007756598101338997,1.364505794256775,-0.0032718715327329285,-0.000878307402472028,0.06641148837062125,0.09632083582904857,0.05
0.5,1194505672,-0.3123301063493926,0.1,0.07298070375870883,0.07265471014617382,0.07294034567846516,0.04661243433989251,0.0005477415859726506,0.00162497744911814,0.057561967013067955,0.13433311575578563,0.08135498844141542,0.08231146441963005,0.04036921990494847,2.7764451051977987,0.21378178085837193,-1.020101996815763,0.16700476127362734,1e-150,12.706204736432095,0.03498955293871673,-0.38062795477515454,-0.2529876371663784,0.08571981843594319,-0.4479626467848614,-0.13044239794106047,-0.011337865232917698,0.13433311575578563,-0.001481445088972016,0.19388446592450692,0.0017440443033254762,0.2861672411958622,-0.0021138368201205552,0.44016388314903004,0.0019447023008116642,0.6614289311079893,-0.0037588458714561154,1.364505794256775,-0.002537868838188313,-0.001135220834135513,0.07517835014380746,0.11695503763273142,0.05
0.5,1523466913,-0.08066131406280011,0.1,0.07474880247857837,0.07858512442327924,0.10653508594248969,0.10517505115999325,0.005570263430025489,0.005491527956481708,0.11529632931436244,0.13433311575578563,0.11541811723572515,0.08231146441963005,0.07421185501362988,2.7764451051977987,0.07275599731770915,-0.3291965741807461,0.07480949107232943,0.09429404806658212,12.706204736432095,0.06325409740215232,-0.20663992201698184,0.045317293891381616,0.08732161492870906,-0.3065377060582089,0.029423056937327285,-0.01149546648074603,0.13433311575578563,-0.0012107248556850535,0.19388446592450692,0.003381786471095056,0.2861672411958622,0.0013377433841756713,0.44016388314903004,0.0023223728028506974,0.6614289311079893,-0.006394549350615133,1.364505794256775,-0.001380834043311248,-0.0012021981970885022,0.0781918973099992,0.1123503868198342,0.05
0.5,642605231,0.09210492835516854,0.1,0.07055594846212027,0.06460335930752999,0.07762607643362777,0.05491178894926929,0.001459263134950037,0.0015560414306590566,0.046878465161351746,0.13433311575578563,0.08019854745234421,0.08231146441963005,0.03950365375794288,2.7764451051977987,0.049672508283353484,-0.04519125850202374,0.23063472647040403,1e-150,12.706204736432095,0.03380304173686477,0.024566127492221188,0.14991042616158573,0.07745754573777135,-0.00815438572995797,0.2732037834035243,-0.01414394628373286,0.13433311575578563,0.0008996603902768407,0.19388446592450692,-0.0030004498952208914,0.2861672411958622,-0.001747417975498989,0.44016388314903004,-0.00203271177529795,0.6614289311079893,0.0019222852080077667,1.364505794256775,-0.002139055794050024,-0.0011773907475750476,0.07670872132301476,0.09514523658002948,0.05
0.5,405422862,0.11045029403422527,0.1,0.07028453335597648,0.04621775433224777,0.047200874413672,0.024902404139503006,3.779247539095884e-05,0.0005823372565361777,0.009815291102963827,0.13433311575578563,0.04729324113234559,0.08231146441963005,0.024166512205755036,2.7764451051977987,0.05593788404883931,-0.0033339193859328875,0.3072830093391109,1e-150,12.706204736432095,0.020782698461254707,0.07337566487440007,0.14752492319405047,0.04092778631158472,0.023087765132026476,0.16968330785560437,-0.009330141452218173,0.13433311575578563,0.012236098638287783,0.19388446592450692,-0.0007926286741115931,0.2861672411958622,-0.004767300794300861,0.44016388314903004,-0.0019557549985254347,0.6614289311079893,-0.0002921393267726862,1.364505794256775,0.0016797176157385837,-0.0023513068819619493,0.10844985511394407,0.16299854942314815,0.05
0.5,550461357,-0.006264689044907096,0.1,0.08514331362240533,0.17649788540859454,0.17570002447348532,0.06750746610205642,0.0010688672902182152,0.003488390689302082,1e-150,0.13433311575578563,0.15411027043522985,0.08231146441963005,0.05914788874775998,2.7764451051977987,0.08744028265601232,-0.0797574623861706,0.4057888271686242,1e-150,12.706204736432095,0.0545976350144938,-0.10030204559432203,0.07922756251550056,0.2051437445968792,-0.21580338134856022,0.48076673695200833,-0.021812519971650502,0.13433311575578563,0.00282117543744277,0.19388446592450692,0.007557398135048429,0.2861672411958622,0.001437137859159141,0.44016388314903004,-0.004102058537338905,0.6614289311079893,-0.0006146496383943552,1.364505794256775,-0.0013155965962117547,-0.0013202494467837184,0.08153705309051759,0.1211487626027769,0.05
0.5,1020182111,0.1496540686212495,0.1,0.05504364064966124,0.06091768821649148,0.06973712453456561,0.07843215144394423,0.0008661375472960825,0.005285464832829721,0.10041164009489364,0.32612014812863077,0.07672275430943745,0.08231146441963005,0.0728061861571611,2.7764451051977987,0.12916935468387628,-0.23777752415497672,0.47948572095223657,0.1032229726207737,12.706204736432095,0.06768118838006353,0.023837187232351426,0.27083418539643134,0.06890901903873543,0.01438543363422179,0.25683878893874096,-0.01767917042129602,0.13433311575578563,-0.003986674209933138,0.19388446592450692,0.0026673264385502085,0.2861672411958622,0.00037285486545966915,0.44016388314903004,-0.0005340208814824475,0.6614289311079893,-0.001337895176136852,1.364505794256775,-0.0046295357999560395,-0.0004842086230626876,0.0489578857902677,0.07888612712808517,0.05
0.5,823406992,0.20307031911791418,0.1,0.07555200828504673,0.061492559164292325,0.07253711610564076,0.06259963838255536,0.001952907779822558,0.00196580694580414,0.07120692455232847,0.19388446592450692,0.07464948839746856,0.08231146441963005,0.04440144669680136,2.7764451051977987,0.06114724671054958,0.04822575555822617,0.38776970320988136,0.06740272974612667,12.706204736432095,0.036304418924629114,0.14095976906669694,0.26752733857531014,0.08137955819054762,0.036735396877835065,0.3401636484478232,-0.019608324021178698,0.13433311575578563,0.0016928649428095167,0.19388446592450692,0.0016222955839576435,0.2861672411958622,-0.002042474002860206,0.44016388314903004,0.0008998133290369867,0.6614289311079893,-0.001141321321212066,1.364505794256775,-0.001570031632202299,-0.0011355970029461185,0.07512817513163003,0.12717786096215009,0.05
0.5,1004857821,0.039385581555040745,0.1,0.06811098024647536,0.062053766679360946,0.06411747830138917,0.07085984270819283,0.00013794603835042907,0.0048831712702794,0.05999840847136871,0.13433311575578563,0.06010889887314501,0.08231146441963005,0.06998060075508933,2.7764451051977987,0.0970037391910272,-0.3083660320409907,0.23028508168463196,0.053695652935526965,12.706204736432095,0.0659212397689185,-0.06572492663165194,0.14665619640521627,0.07453721956452276,-0.12663238926277007,0.11622154592343374,-0.020620010030666536,0.13433311575578563,0.003198152227643484,0.19388446592450692,-0.0005160173887903307,0.2861672411958622,-0.0006970509653832184,0.44016388314903004,-0.0004905420093033895,0.6614289311079893,-0.00046920732874890984,1.364505794256775,-0.004383213426765187,-0.0005856276706179187,0.05444079938328531,0.09581889140677348,0.05
0.5,148489909,-0.034335925718988296,0.1,0.07692921720687754,0.07213515045885951,0.07421592874473423,0.03755230589796755,0.00047689519509395463,0.0009332804831605737,0.07072332497150656,0.19388446592450692,0.07920864286708613,0.08231146441963005,0.030593754682899807,2.7764451051977987,0.03239641156992834,-0.10090212812484828,0.07899158853375349,0.024245572042804878,12.706204736432095,0.029243552635366855,-0.08632846398976934,0.021715577642646484,0.09356509828793118,-0.18798891547594793,0.14668528876122938,-0.015576143709173344,0.13433311575578563,0.002555564228258019,0.19388446592450692,-0.0043255894377618636,0.2861672411958622,0.0013138156079222623,0.44016388314903004,1.0000226647865017e-05,0.6614289311079893,-0.0014282065382469503,1.364505794256775,-0.004768151897911539,-0.0003847762209082005,0.043727414349766076,0.07481388007375463,0.05
0.5,529210577,0.005991102429437132,0.1,0.07660640507298293,0.14053212977879673,0.14134251293270042,0.18422087301131998,0.0010851260114063989,0.03285220404164648,0.17793599467502347,0.13433311575578563,0.13690421756031843,0.08231146441963005,0.1815135053053651,2.7764451051977987,0.16143675571600838,-0.4380874416605523,0.4583531387528961,0.13686021027464013,12.706204736432095,0.16234549129192644,-0.2698702307407691,0.2656700241148946,0.14002898076775758,-0.22737401724597844,0.27002265961167,-0.010832019947893498,0.13433311575578563,-0.006256078904523499,0.19388446592450692,0.000415842779423296,0.2861672411958622,0.001979130784643648,0.44016388314903004,-0.0010954979045844266,0.6614289311079893,-0.0021344263333484942,1.364505794256775,-0.000667838248902306,-0.0015807557416197121,0.08911623373053755,0.11263625848823695,0.05
0.5,557469567,-0.07749493833808929,0.1,0.07004591876273024,0.0648356330530524,0.06571084736792374,0.0708640269572866,0.0003736051010598705,0.004648105215543171,0.06902460328687922,0.19388446592450692,0.06438927625860968,0.08231146441963005,0.06827546444840855,2.7764451051977987,0.061122844579275214,-0.24791777689889388,0.09149066839689506,0.06092236456113855,12.706204736432095,0.06552259038618491,-0.1887398747143802,0.0337499980382016,0.0848099239273956,-0.3247880003922856,0.03226874508752269,-0.014920404783570767,0.13433311575578563,-0.0008598954072035724,0.19388446592450692,0.0003749941696168617,0.2861672411958622,-0.0006999388454231923,0.44016388314903004,-0.0010126951515870614,0.6614289311079893,-0.000705490136753123,1.364505794256775,-0.004364808468700047,-0.000665820479620127,0.057758476499627974,0.07895435790529604,0.05
0.5,499376427,0.07945642501008479,0.1,0.06146583360052119,0.02192699716906852,0.023041955164206547,0.03376071834212191,6.939093639674119e-05,0.0010703951665793456,0.03842592794256042,0.2861672411958622,0.024727912783213925,0.08231146441963005,0.03276413884460293,2.7764451051977987,0.13038999628063852,-0.1358829620874829,0.5881583717927932,0.03632286631882165,12.706204736432095,0.03206692595153333,0.01652998503349823,0.14238286498667135,0.04021890630157051,0.020873341833586096,0.16086810354870432,-0.014542754040907982,0.13433311575578563,0.004113104284116378,0.19388446592450692,0.0002513718580916937,0.2861672411958622,-0.002990887204259233,0.44016388314903004,-0.0001749632522079088,0.6614289311079893,-8.538502818647348e-05,1.364505794256775,-0.0023171392682209252,-0.0008899945557615599,0.0665831565918632,0.1083877484093996,0.05
0.5,1994923292,0.21780244781997238,0.1,0.07622541048018647,0.10477926658551158,0.10348317531260391,0.0940484081568358,0.0006506098375719371,0.008194493239262841,0.10976875986177166,0.13433311575578563,0.11154485515230042,0.08231146441963005,0.09065416011267602,2.7764451051977987,0.07192023745096343,0.054669623188474514,0.4540348056592562,0.08367026001404977,12.706204736432095,0.08074007879484943,0.0842575966238314,0.3560034947507534,0.1330887131757553,0.11056888670614853,0.6045979972074234,-0.016021829632211212,0.13433311575578563,-0.002737962385872837,0.19388446592450692,-0.0012276394027351336,0.2861672411958622,0.00014307980501351505,0.44016388314903004,-0.0011267095399275188,0.6614289311079893,-6.133110698552084e-05,1.364505794256775,0.0002594669809472383,-0.001786122765167351,0.09440776542470208,0.1088127608329056,0.05
0.5,990449811,0.18295466932925336,0.1,0.0818166460668941,0.050779986576249964,0.06644345193149877,0.057915659719154744,0.0010630811355020419,0.002291142505202881,0.07391826021422146,0.2431366342882323,0.06785283709564731,0.08231146441963005,0.04793500082769236,2.7764451051977987,0.11565881106880753,-0.3030736490667933,0.33916703066318205,0.060356164800945446,12.706204736432095,0.044361489703406844,0.09406681221090846,0.27184252644759827,0.11516335444496473,-0.24695530577618813,0.23782554512886975,-0.009773633935606882,0.13433311575578563,-0.004106405088630204,0.19388446592450692,0.00535441722302021,0.2861672411958622,-0.004160063332020042,0.44016388314903004,-0.0023592980837428483,0.6614289311079893,0.0008404011981557052,1.364505794256775,-0.003073292437338323,-0.0010520751751099831,0.07276725023893073,0.11546471107729062,0.05
0.5,1754919588,0.33000507414381697,0.1,0.06144402734959592,0.061759617782088515,0.07051201935404884,0.07298620283769014,0.0006813226758498733,0.004645663128814576,0.07659531644893416,0.13433311575578563,0.07146076330413294,0.08231146441963005,0.06825752633126382,2.7764451051977987,0.09035741485582767,0.07110345018446645,0.5728482545740456,0.055037512792261406,12.706204736432095,0.059870262021045444,0.21343536278296787,0.4439361897868557,0.08721640770241615,0.175359287616086,0.5169320741083558,-0.0022609600877627613,0.13433311575578563,0.006925963573475946,0.19388446592450692,-0.005495225440137341,0.2861672411958622,-0.0009866819833837855,0.44016388314903004,-0.0004480847073750721,0.6614289311079893,-0.002494961484720004,1.364505794256775,0.007146703661389765,-0.003511498678637057,0.13211339398589844,0.2297416670314261,0.05
1.375,1853977316,-0.1439682364771459,0.1,0.06568479164000525,0.04407356775490844,0.04897706423571202,0.05928242499028925,9.204375470626687e-05,0.003422362158023004,0.05790878330416812,0.13433311575578563,0.049955945337050646,0.08231146441963005,0.05858543657030216,2.7764451051977987,0.10416867309898277,-0.5240433296683484,0.0543938754128922,0.05023675140095065,12.706204736432095,0.05596436454165011,-0.23650432231065133,-0.0514321506436405,0.07301751579326589,-0.27542907005026074,0.023521090588756125,-0.020371401842557944,0.13433311575578563,-0.0025201507504558768,0.19388446592450692,0.005439400139793254,0.2861672411958622,-0.004322037208962874,0.44016388314903004,0.0005467163945073592,0.6614289311079893,0.00025789822212471495,1.364505794256775,-0.004041279538410716,-0.0005421200970599586,0.05194643852106995,0.06993159542656574,0.05
1.375,934643513,-0.01405542173383335,0.1,0.07775595952875444,0.06542997010304243,0.07481866387932938,0.03973931869220653,0.00019958825654791193,0.0013796251935728433,0.03212773740182603,0.13433311575578563,0.07319291092469316,0.08231146441963005,0.03719694274565628,2.7764451051977987,0.15765807394988957,-0.6149865192262367,0.26047145619993023,1e-150,12.706204736432095,0.0335134162081229,-0.07644528088804542,0.048167035202964587,0.16551107245391933,-0.5952088057784156,0.05653319241119124,-0.016459364734685785,0.13433311575578563,-0.0011273598165582215,0.19388446592450692,-0.0022860841550603893,0.2861672411958622,-0.0020692752407543637,0.44016388314903004,0.0019498409826405607,0.6614289311079893,-0.001367851661801421,1.364505794256775,0.0005138884943718346,-0.0017946124960431112,0.0946751704012954,0.12568589059551663,0.05
1.375,262275338,0.3033005408782626,0.1,0.06687754480163631,0.042064357635130105,0.04226854235976216,0.027618178640038134,0.0001197933310933708,0.0006429704602996879,0.03536304253160838,0.19388446592450692,0.04344142227614947,0.08231146441963005,0.02539347862006547,2.7764451051977987,0.03640841157432376,0.15202189612341493,0.3541938083305311,0.020088659188915413,12.706204736432095,0.024139354695662047,0.2652357323699304,0.34136534938659474,0.07031927964708844,0.08778666488261615,0.381273406136966,-0.009683389391513525,0.13433311575578563,-0.002647618605540748,0.19388446592450692,-0.006002036474591368,0.2861672411958622,0.0031033415277422313,0.44016388314903004,-0.0004886165784085756,0.6614289311079893,-0.0017385777887728882,1.364505794256775,-0.0012220525850544764,-0.0012861727904277939,0.07998002995517718,0.11501924405564894,0.05
1.375,2060673877,-0.044681430048785,0.1,0.0707211326209484,0.09782311370958274,0.09641674698942655,0.10756199294928616,0.0002929503925103386,0.011276631934711947,0.1142207330996107,0.13433311575578563,0.1037428810279702,0.08231146441963005,0.10634483229799445,2.7764451051977987,0.07766543272690919,-0.25070698635576,0.18056063471963194,0.08649536244678488,12.706204736432095,0.09097984298759965,-0.20332779830980083,0.10612333972609048,0.09803439850658745,-0.24011624267101267,0.12780842387002353,-0.006934335042461614,0.13433311575578563,-0.0016085695405800128,0.19388446592450692,0.006727500906175694,0.2861672411958622,-0.004685518510334426,0.44016388314903004,-0.0038991625904821934,0.6614289311079893,0.0007479408132413649,1.364505794256775,-0.005555538505067363,-0.0006404266332557965,0.056289403163003814,0.08431436986284309,0.05
1.375,220258353,0.20469693884303974,0.1,0.06647157588452011,0.04660118931644784,0.04613954941721867,0.022568781692689402,0.00019590781410360912,0.0003134420929886632,1e-150,0.13433311575578563,0.043615966383803134,0.08231146441963005,0.017729861674348188,2.7764451051977987,0.11694354475935768,-0.0401147610035571,0.6092599038596396,1e-150,12.706204736432095,0.01500570304680142,0.178202647897371,0.23068607084649656,0.06373560921938114,0.11956437180425267,0.3897322871454882,0.0005383600272983552,0.13433311575578563,-0.01726211329660342,0.19388446592450692,-0.002038151009585816,0.2861672411958622,0.00533717620363422,0.44016388314903004,-0.0035995658449171275,0.6614289311079893,-0.001452565552884963,1.364505794256775,0.001482615895847993,-0.0022203308333595736,0.10617212491682396,0.18046067148320788,0.05
1.375,1574899225,0.22386654773077494,0.1,0.08749857853250974,0.05511266879180932,0.07085334522907302,0.07166715666639327,0.0013499129401706575,0.003786268404474699,0.09065239630104556,0.32612014812863077,0.07859620619690702,0.08231146441963005,0.06162151715709348,2.7764451051977987,0.07849414529263818,-0.06970147611741587,0.3661678948514443,0.08894468204348518,12.706204736432095,0.05529025774733543,0.1278935121751918,0.3182592800924323,0.08275293737476304,0.11477842870447401,0.44281987225673086,-0.016128018645977175,0.13433311575578563,0.002305462739758066,0.19388446592450692,-0.002481947304546418,0.2861672411958622,-0.001769907739735598,0.44016388314903004,0.0018961821916703965,0.6614289311079893,-0.0017140920042896161,1.364505794256775,-0.0032095458889102564,-0.0007464087575310831,0.06111892538941096,0.09166819603345751,0.05
1.375,294963049,0.23639137052492118,0.1,0.07468205689178839,0.0662041730194395,0.07470556613458025,0.05450283926653427,0.0008270971823937275,0.002143462305719943,0.0188422993787323,0.13433311575578563,0.06211427273144949,0.08231146441963005,0.04636439672293968,2.7764451051977987,0.16283429831653698,-0.1050653980909676,0.7991355829475669,1e-150,12.706204736432095,0.04393087983219198,0.1647610166528336,0.3137524523114795,0.07000203712315904,0.08020685180827784,0.36221708988181217,-0.029039033780840745,0.13433311575578563,0.005482692062811504,0.19388446592450692,-0.0006013837337305065,0.2861672411958622,-0.0035271226450175617,0.44016388314903004,0.0011969956370791914,0.6614289311079893,0.00017922523097432984,1.364505794256775,-0.00028286269254373627,-0.001834685109611393,0.09586854825290736,0.13806861789317346,0.05
1.375,780527382,-0.001267733500710487,0.1,0.07007300478755311,0.035462234337131804,0.03526435544016954,0.018926032123800597,0.00017126890911266647,0.00018692578283846569,0.023676528135304034,0.32612014812863077,0.036288438409160684,0.08231146441963005,0.013691823500386812,2.7764451051977987,0.03953069163027401,-0.1582847835579993,0.06122480700591644,0.028548354816595015,12.706204736432095,0.012492516028187918,-0.02132025208148932,0.018274644655392108,0.054947342812813896,-0.1105673320146522,0.12010379401846087,-0.01806932353167108,0.13433311575578563,0.0009799273671732573,0.19388446592450692,-0.004954316349417734,0.2861672411958622,0.0011991537195087663,0.44016388314903004,0.0012678244111125382,0.6614289311079893,-0.002405709188342608,1.364505794256775,-0.00393215125387891,-0.0008410189269516846,0.06485883984525079,0.08591464437973288,0.05
1.375,150262305,0.1057510180637169,0.1,0.0578148229361744,0.04201491156740682,0.03619659359306153,1e-150,-0.0003990915711915386,0.0003838500983200726,1e-150,0.13433311575578563,0.03572478888238951,0.08231146441963005,0.019620384595308498,2.7764451051977987,0.1368092320187752,-0.15901288511276668,0.6006737600560301,1e-150,12.706204736432095,0.018220800804451688,0.06872023342653646,0.14278180270089733,0.048347899200645035,0.014412033818340659,0.20579001153894835,-0.014552809975955384,0.13433311575578563,0.004219963881668316,0.19388446592450692,-0.0004279381177979319,0.2861672411958622,-0.005873811478972663,0.44016388314903004,0.0023927877291575615,0.6614289311079893,-0.0009607206906876492,1.364505794256775,-0.0012311498775968571,-0.0013350791428242143,0.08143833400962704,0.09737031011877277,0.05
1.375,1824558661,-0.2648210213126919,0.1,0.06322792449622767,0.04718157906908287,0.0616458763815047,0.06666118688133058,0.0014371810875898794,0.0030065327488378,0.08154250637184987,0.2431366342882323,0.07032444221789065,0.08231146441963005,0.05491103850635135,2.7764451051977987,0.3548209762261802,-0.9183402550992298,1.0519416702301354,0.06900661210285193,12.706204736432095,0.04968312495212077,-0.33935515927755067,-0.18981963591387846,0.0713155098843599,-0.317358508013017,-0.06613621367577857,-0.019684147431949958,0.13433311575578563,0.0003865999708220491,0.19388446592450692,-0.0020663304856152276,0.2861672411958622,-0.00045875055152458393,0.44016388314903004,-0.0008501262319930169,0.6614289311079893,0.0009036843334134201,1.364505794256775,-0.003286393947982619,-0.0007361536704444891,0.06088798657313966,0.08663786142436534,0.05
1.375,1195438264,-0.19502647137660215,0.1,0.0672488244407898,0.02831723498048093,0.027837706636355597,0.022687350611954614,5.581971233322531e-05,0.00045889616545653213,0.017869875889676385,0.13433311575578563,0.0237565597452734,0.08231146441963005,0.02145279597050397,2.7764451051977987,0.017932850412681608,-0.19099183928566654,-0.09141268978459821,0.012190536725431215,12.706204736432095,0.019940705909254425,-0.22777445192573492,-0.16247962189305534,0.0539765111573507,-0.259057350116291,-0.063216604259944,-0.01790585030341706,0.13433311575578563,-0.009224947145223896,0.19388446592450692,0.005339053148345237,0.2861672411958622,-0.004058542405290593,0.44016388314903004,0.0009549824669397772,0.6614289311079893,-0.0009163901013839883,1.364505794256775,-0.001548970104817789,-0.0016343905885272709,0.09004032109377287,0.14998477967083806,0.05
1.375,1746904716,0.3411260098644551,0.1,0.05950464685492368,0.06534147290230555,0.0820406641021035,0.05145126904471705,0.002362256644574335,0.0002849764417375237,0.022669072723814052,0.13433311575578563,0.08080617207289414,0.08231146441963005,0.01690562252837869,2.7764451051977987,0.09218318940906342,0.0167619319568883,0.5286450619895198,1e-150,12.706204736432095,0.014187050558604475,0.3169042346084525,0.3693299788627088,0.060509686607278866,0.2609241347232658,0.4789487767938937,-0.01659630505490988,0.13433311575578563,0.004236087345037459,0.19388446592450692,0.001732400860278616,0.2861672411958622,0.0008741177159716497,0.44016388314903004,0.0016492598521085516,0.6614289311079893,-0.005396993155290684,1.364505794256775,-0.00564542837414328,-0.00033325653147225605,0.04083797322438455,0.054295609249113926,0.05
1.375,220365404,-0.06073504299595859,0.1,0.0637983366724191,0.0879259098232217,0.08780885337233058,0.06317598097732548,0.00025458218361130384,0.0037366223888360855,0.03668307802950848,0.13433311575578563,0.07999920541225282,0.08231146441963005,0.06121618965199502,2.7764451051977987,0.04098347469998877,-0.1668115683434112,0.060765167106152054,1e-150,12.706204736432095,0.05481908648754669,-0.1428954648793258,0.021425378887408635,0.11044349126841664,-0.23932249899058608,0.16611572029197755,-0.01942870776503989,0.13433311575578563,-0.0008432117029870219,0.19388446592450692,0.0010067796907601277,0.2861672411958622,-0.0013418750768370601,0.44016388314903004,0.0011131013833063426,0.6614289311079893,-0.0012333140689708782,1.364505794256775,-0.0019994692256074314,-0.001034705983633478,0.07201831134218789,0.09737247185354413,0.05
1.375,1205226646,-0.255374237020109,0.1,0.07880970632553672,0.046845343083556465,0.048425437497911894,0.06688265567915454,0.00028254128176178825,0.004190748348934554,0.06783513274862855,0.19388446592450692,0.04719893366406772,0.08231146441963005,0.0648294712178215,2.7764451051977987,0.08758435783964927,-0.5550472556058399,-0.0687009323742665,0.06267192563477962,12.706204736432095,0.055974078096242566,-0.3484792549305756,-0.1465129923040422,0.056279619299357764,-0.3946472817588371,-0.1824336436123343,-0.011147649976418011,0.13433311575578563,0.004614440265939598,0.19388446592450692,-0.0017766247072229686,0.2861672411958622,0.0009499852955571563,0.44016388314903004,0.0014945210563168986,0.6614289311079893,-0.005244987771080301,1.364505794256775,0.006083933020466623,-0.0032890989117909564,0.12767358383371424,0.2279971911060644,0.05
1.375,1619773314,0.2942366353217096,0.1,0.07427309713207098,0.0942744400113956,0.10892548866942504,0.09950210105782833,0.0014483119701439087,0.008452356144778373,0.12025397464201254,0.13433311575578563,0.12193317379280627,0.08231146441963005,0.09206945704066731,2.7764451051977987,0.16087651395467173,-0.3240312133658293,0.5692984060556381,0.07520070209623124,12.706204736432095,0.07251998640294233,0.17039285570951093,0.431017645874071,0.1002500073185233,0.07745022370825946,0.46055502866435427,-0.015362299828214777,0.13433311575578563,-0.0014605162627021437,0.19388446592450692,0.00348126771214539,0.2861672411958622,-0.004260111353299756,0.44016388314903004,0.0005275075540210157,0.6614289311079893,-0.0011812151964294589,1.364505794256775,0.009387536023839604,-0.004242655317273039,0.14495039474089552,0.21127866958068825,0.05
1.375,947054611,-0.12903766204294187,0.1,0.06826653245287813,0.07460156812667469,0.07952631703127024,0.07142599313118157,0.0013420936771679493,0.0037595788176076487,0.07438583329384178,0.13433311575578563,0.0840266664251899,0.08231146441963005,0.06140394655346362,2.7764451051977987,0.0905025634232999,-0.38780658063349127,0.1147442178154574,0.05326621878265841,12.706204736432095,0.058646746808959836,-0.2247597076942616,-0.025329030086168103,0.08734258508867473,-0.27373552809334517,0.03440143526986789,-0.010040705543706343,0.13433311575578563,0.006326659929323683,0.19388446592450692,0.005348351728374259,0.2861672411958622,-0.004252056984772941,0.44016388314903004,-0.0009502083510698586,0.6614289311079893,-0.0017898088139527385,1.364505794256775,-0.00013432787447342746,-0.001610066885523215,0.09005144412667254,0.12783935935069618,0.05
1.375,1096760611,-0.24385488519071957,0.1,0.08800739009621592,0.10333702541773503,0.10876517896367688,0.08339147227355789,0.0018850085220280723,0.005069129125923503,0.10999605879486628,0.13433311575578563,0.1231659329385616,0.08231146441963005,0.07130062964755048,2.7764451051977987,0.2265943900548688,-0.9077038532154744,0.3505499170507682,0.041222061116058306,12.706204736432095,0.06534131016481075,-0.36144958986740755,-0.1262601805140316,0.11832077942604755,-0.5151234060085426,-0.028940441400287203,-0.017155065339893787,0.13433311575578563,-0.003929295796914284,0.19388446592450692,-0.00232684648601676,0.2861672411958622,0.0020998640573851126,0.44016388314903004,-0.001236586512567312,0.6614289311079893,-0.001180690044201478,1.364505794256775,-0.0019036796801580578,-0.0015190821870570042,0.08676140873247017,0.14158221748106004,0.05
1.375,308079503,0.3314701341700941,0.1,0.07054346852340192,0.08669772063729975,0.06627100269424369,0.05679499751189646,-0.002606189089942334,0.00583186083231866,0.04428184573262939,0.13433311575578563,0.06005594884768466,0.08231146441963005,0.07647689795898763,2.7764451051977987,0.10773363707045688,0.03670589135942076,0.6349389499782729,1e-150,12.706204736432095,0.06442938302169743,0.22743730743455706,0.4537238743607848,0.10191075329669434,0.19050290296643677,0.5411570349502661,-0.011741662460949404,0.13433311575578563,-0.011910551093490835,0.19388446592450692,0.00038093664628373244,0.2861672411958622,0.0014981884318904823,0.44016388314903004,-0.0005162858077542444,0.6614289311079893,-0.0009229114540801465,1.364505794256775,-0.0016977545056586132,-0.0012070622704267889,0.0775921051687808,0.10138947018362883,0.05
1.375,707208567,-0.2152427262379222,0.1,0.06786798558006844,0.059708511254189904,0.060794671786669086,0.05178674092779377,0.00011439319311469087,0.0025674733428077395,0.04854296281497584,0.13433311575578563,0.06113029587419868,0.08231146441963005,0.05074341125698041,2.7764451051977987,0.2068234322056835,-0.8774633975098044,0.2710044144655531,0.021424075705437078,12.706204736432095,0.04710856713249535,-0.2890696457721464,-0.12718921546626263,0.07708734596807365,-0.2985229167247284,-0.002475082296805549,-0.008745819127121213,0.13433311575578563,0.008659695333198143,0.19388446592450692,0.0020597734634419684,0.2861672411958622,0.0002438591448075128,0.44016388314903004,-0.002166895587068467,0.6614289311079893,-0.003208646335279368,1.364505794256775,-0.002137498641910701,-0.0011719273746223727,0.0761423117451598,0.13233044623544504,0.05
1.375,1685327203,-0.0016818335377052906,0.1,0.09058875035947667,0.12524746663219052,0.14130154826067595,0.10599577650117703,0.004805375801098142,0.006429728834989332,0.1348802078308824,0.19388446592450692,0.15031397464337468,0.08231146441963005,0.08030138147195433,2.7764451051977987,0.07592865139761007,-0.23803248747190223,0.18359097756242673,0.05442382174884168,12.706204736432095,0.0707273583451426,-0.1255179391242577,0.12048524391645149,0.1199492104238067,-0.3361009002219852,0.15359768609941826,-0.02140893217463552,0.13433311575578563,-0.010939347125587128,0.19388446592450692,0.010008148464101852,0.2861672411958622,-0.003477072754318279,0.44016388314903004,-0.0014375309431438816,0.6614289311079893,0.00034083257846778616,1.364505794256775,-0.0009797515225922991,-0.0018164002069014805,0.09546600502656818,0.13816614066823749,0.05
1.375,736912930,0.006671933437852492,0.1,0.07306969093870991,0.09256123599582931,0.09844814202466412,0.09294994570502127,0.0006224186581187015,0.008017273748447701,0.10717260648632451,0.13433311575578563,0.108278586101115,0.08231146441963005,0.089668528815072,2.7764451051977987,0.07123488297120466,-0.2107213810013492,0.1848381032881292,0.07540905107407943,12.706204736432095,0.08108702869202414,-0.1279165782352378,0.14101492213555245,0.11163037131352567,-0.2530996320554666,0.14660466045305776,-0.015474738757443924,0.13433311575578563,-0.00496518085686005,0.19388446592450692,0.004450913414375224,0.2861672411958622,-0.0016294119792313072,0.44016388314903004,-0.0015504383846775304,0.6614289311079893,0.00015459320782550536,1.364505794256775,-0.003527594108205879,-0.0007681242417839414,0.06171031202171101,0.1085364904591615,0.05
1.375,1638442013,0.041877150380478366,0.1,0.07353089271294419,0.07130307163216813,0.0768441438854196,0.05991373846168984,0.0005806837742578595,0.003008972282197913,0.08761909586559978,0.32612014812863077,0.08404027838245022,0.08231146441963005,0.054933311695915144,2.7764451051977987,0.12730643053437032,-0.2689889242092434,0.43792970762546873,0.09100643174163842,12.706204736432095,0.047686132078368575,-0.04876292698930424,0.13251722775026098,0.08329659794955689,-0.18780362603541395,0.16494646179865385,-0.018172210720284028,0.13433311575578563,-0.0016607801098786536,0.19388446592450692,4.5726656815789666e-05,0.2861672411958622,-0.0022392839407471914,0.44016388314903004,-0.00010923685201053777,0.6614289311079893,-0.00024142107568519213,1.364505794256775,-0.005391694930031076,-0.000583436422941712,0.053919448781306015,0.07071618564207843,0.05
1.375,698825070,-0.24249751177978687,0.1,0.05964001724717774,0.05314483872488488,0.05200435016812391,0.04118703402787715,7.240255416960262e-05,0.0016239692178439075,0.04114323683960546,0.13433311575578563,0.05021375931403324,0.08231146441963005,0.04035669424639034,2.7764451051977987,0.17197173516395492,-0.8315789401425439,0.12336122451412579,0.029298055112594163,12.706204736432095,0.03947774888094452,-0.30410078337526636,-0.18337705860505107,0.07780629646902658,-0.41520603320574023,-0.15146493077845166,-0.01191691284406332,0.13433311575578563,0.00027599057064705266,0.19388446592450692,-0.005509087507536552,0.2861672411958622,-0.004617788621173108,0.44016388314903004,0.0020543645964832486,0.6614289311079893,-2.909567316780196e-05,1.364505794256775,-0.0035478640291478707,-0.0009212549827338839,0.06757055710246539,0.11988953524580069,0.05
1.375,123518776,0.25134002198239047,0.1,0.07108485659915348,0.03625480204351622,0.034809930463926636,0.04859455399991512,-2.8866659637074785e-06,0.0023643173444143745,0.05110206064575162,0.13433311575578563,0.034923092913068825,0.08231146441963005,0.04869446202122949,2.7764451051977987,0.07858404856232104,0.07932393213793854,0.5156925260929033,0.043116841805913075,12.706204736432095,0.045181843843285684,0.17576888906488408,0.32889828726056736,0.04844513652211707,0.1714449212903812,0.3627155111819083,-0.020780087638286034,0.13433311575578563,0.006567052223782474,0.19388446592450692,-0.008846961638002113,0.2861672411958622,0.0013449961700051896,0.44016388314903004,0.001534716539744863,0.6614289311079893,-0.0017760811624603738,1.364505794256775,0.0004420473429117847,-0.0018513705978976758,0.09581255430874362,0.14668787920824805,0.05
1.375,2018196334,0.2159380602871417,0.1,0.060407422258414244,0.05926556053089272,0.06221139173032529,0.05844839121355113,0.0005115138415277419,0.0029047005939245793,0.06968283522554741,0.32612014812863077,0.0646007679642491,0.08231146441963005,0.05397310147051331,2.7764451051977987,0.10843075867233523,-0.010886166953672671,0.5912179313837052,0.06957952552908722,12.706204736432095,0.04546380364562267,0.13567393337450573,0.3132473214414676,0.07263594680943247,0.15026185321619645,0.4281363835948508,-0.015384305058277932,0.13433311575578563,-0.005770139214131832,0.19388446592450692,-0.0013783843599356747,0.2861672411958622,-0.00018565243705574274,0.44016388314903004,0.0017124264927702475,0.6614289311079893,-0.0017700752631142945,1.364505794256775,0.016900792725712696,-0.005722445256067488,0.1694242038014719,0.23991419387961338,0.05
1.375,826417711,0.006531206703450261,0.1,0.06022232490479288,0.0628632371842086,0.06538936212690452,0.034877193582242304,0.00032435129425124713,0.0008920673379219567,0.03663688470939039,0.13433311575578563,0.06631787001491342,0.08231146441963005,0.029910626326145513,2.7764451051977987,0.07302853977218055,-0.1810705735810462,0.2244488899993807,1e-150,12.706204736432095,0.025349022291710006,-0.04269625203286599,0.04220270294285947,0.07997848425778763,-0.0731524609122367,0.231848418254185,-0.011317736174754909,0.13433311575578563,-0.00648354460254685,0.19388446592450692,0.00047087139680179437,0.2861672411958622,-0.0023306523362749635,0.44016388314903004,-0.0006457835232045796,0.6614289311079893,0.0004289109428020847,1.364505794256775,-3.3788462039611204e-05,-0.0017010274733065193,0.09248502789424531,0.14260727611444887,0.05
1.375,593290990,0.3866921056722148,0.1,0.0846384299096806,0.07004513465028614,0.07716341892421065,0.07711824431178337,0.001733663317006466,0.004213560288725441,0.07376216476570539,0.13433311575578563,0.07772035317354631,0.08231146441963005,0.0650056782799399,2.7764451051977987,0.04311026642073634,0.24719178006553869,0.4865783564407916,0.0414991497200543,12.706204736432095,0.054669430698434565,0.29906022385296205,0.47440442486249584,0.07424104624577377,0.21311067067926057,0.49567326636506454,-0.016550105507130073,0.13433311575578563,0.0030995754408891193,0.19388446592450692,-0.0013560698509484147,0.2861672411958622,-0.0019521095162896122,0.44016388314903004,0.0001960768351679953,0.6614289311079893,-0.00032569932694471033,1.364505794256775,0.002705629998397465,-0.002267130269543776,0.10716459959668337,0.1491356619183148,0.05
1.375,489299934,-0.009106718647913271,0.1,0.07321594103579661,0.11365445297241862,0.1258135910557493,0.12724002197891202,0.0037756328799725958,0.012414390313221417,0.15830335785232932,0.32612014812863077,0.13146849146290712,0.08231146441963005,0.11158077815650452,2.7764451051977987,0.14700062500929292,-0.3431933029243118,0.4730850286118251,0.16312930474354917,12.706204736432095,0.10433649172032154,-0.19543577300925918,0.16508762305662003,0.10642466584448092,-0.19578074862084366,0.18474462103984535,-0.02137820553474366,0.13433311575578563,-0.00042834871376180113,0.19388446592450692,0.00023361458545211348,0.2861672411958622,-0.0021900035589150894,0.44016388314903004,0.0002776975211930804,0.6614289311079893,3.839001930071192e-05,1.364505794256775,0.004852400695844405,-0.0029618100297085555,0.12155344466863201,0.16468537356385535,0.05
1.375,849895883,0.013077111477025631,0.1,0.058404316965044716,0.06326649731768176,0.06470787265947359,0.03762888629029146,0.0003411035472902649,0.0010748295361574197,0.055298422740078415,0.32612014812863077,0.06341692009743567,0.08231146441963005,0.032831935366401103,2.7764451051977987,0.05416444859290557,-0.10600402219570683,0.19476521414731413,0.059114072254893096,12.706204736432095,0.03319990170743562,-0.044445310673135834,0.07449651078506872,0.06513692433858868,-0.11963171448215207,0.12274513015959296,-0.01261727636531455,0.13433311575578563,-0.005472286817271464,0.19388446592450692,0.0018633635260565623,0.2861672411958622,-0.00013403292279066094,0.44016388314903004,-0.0012349736360939905,0.6614289311079893,0.0002563178443783581,1.364505794256775,0.008127388378896327,-0.0032805849679094345,0.1274479863323022,0.18404707572722884,0.05
1.375,1759195196,0.11766520712338814,0.1,0.08778930714821825,0.10801146776252717,0.11043744703850404,0.11707267919358054,0.0009648642019928905,0.012741148011570136,0.16852114260827666,0.32612014812863077,0.11947808882248247,0.08231146441963005,0.11303969275777073,2.7764451051977987,0.12090292767644664,-0.17730389805545435,0.4940567854472532,0.1645090902821893,12.706204736432095,0.10366839002519496,-0.049432922156255624,0.29326346283815674,0.12495752847455101,-0.048163056355912774,0.44446293508791745,-0.015139506311846112,0.13433311575578563,0.0032169975406345437,0.19388446592450692,-0.008609687708100873,0.2861672411958622,0.0022680514563278987,0.44016388314903004,-0.0008995075576604976,0.6614289311079893,-0.00039460012103720554,1.364505794256775,0.002827393079187953,-0.0024338084456075274,0.10970138886821526,0.15966029564763853,0.05
1.375,1613411965,0.29533012987749346,0.1,0.05722462454947005,0.0514607031867133,0.051133930873109655,0.07387526532751734,0.00011862220078563647,0.00533893262642545,0.07245791248435487,0.13433311575578563,0.05208210286099918,0.08231146441963005,0.073173513428988,2.7764451051977987,0.14786353649441542,-0.3070116474898503,0.5140583367844612,0.06031175672845171,12.706204736432095,0.06246626693524653,0.1887082442244377,0.4039634003448908,0.1097681670412851,-0.06554658923155332,0.4284460639167673,-0.023413549956043583,0.13433311575578563,0.008586596521115843,0.19388446592450692,-0.0002979008824258434,0.2861672411958622,-0.005003157829191663,0.44016388314903004,0.0016337781260680189,0.6614289311079893,-0.0005105036459699259,1.364505794256775,-0.003548583665687692,-0.0009107244271316352,0.06762668812462803,0.07804555495788999,0.05
1.375,1579039910,0.03859226063155789,0.1,0.07339544273554184,0.04469469896038514,0.04382247060659111,0.03980911686482262,0.00018044866122466936,0.0014043171243324354,0.05013907473938781,0.32612014812863077,0.04593954416432969,0.08231146441963005,0.03752833388714393,2.7764451051977987,0.058071277864334664,-0.0763722425689675,0.24609118778905897,0.05033510864308031,12.706204736432095,0.0321110823252305,-0.014387275376348832,0.09455839175542215,0.07126546137537938,-0.0577664161242512,0.22376249430941997,-0.0226202757344852,0.13433311575578563,0.004944647754441462,0.19388446592450692,-0.004888328062349719,0.2861672411958622,0.0015692636961681455,0.44016388314903004,-0.003645310974768185,0.6614289311079893,0.0025766540619225095,1.364505794256775,-0.0023020354240140834,-0.0011774850762788077,0.07702944787329563,0.12534935722200655,0.05
1.375,471015643,0.06694802075168647,0.1,0.06806524716963212,0.09313243334316823,0.10555711023459047,0.1165417240084515,0.0024416799783144073,0.011140293456547674,0.1782748777939043,0.2431366342882323,0.1306922305862325,0.08231146441963005,0.10570000395685845,2.7764451051977987,0.12626388633316418,-0.338564994834725,0.36256450351120484,0.16246887221068446,12.706204736432095,0.09571855987564701,-0.09787423541047763,0.21826803143558954,0.10213785024960484,-0.14643461409009811,0.21280972809089427,-0.017996487860486864,0.13433311575578563,-0.013097114927550448,0.19388446592450692,0.006700410035400342,0.2861672411958622,-0.001799262360244623,0.44016388314903004,0.0004955068231918054,0.6614289311079893,-0.0013354416181835702,1.364505794256775,-0.0054085714956849645,-0.0005396708562184323,0.05214866203000477,0.08414994320780309,0.05
1.375,1141947010,-0.011468251604525394,0.1,0.07965050138256428,0.05680224693787877,0.05675011134664897,0.03163849343501499,0.0005392350345584255,0.0004617592322790612,0.05704277803649883,0.32612014812863077,0.06467696396254607,0.08231146441963005,0.02151961422828493,2.7764451051977987,0.1244953316051288,-0.41110996034681047,0.2801989477632628,0.061478388998109895,12.706204736432095,0.020317885333185688,-0.053263813165578676,0.03032730995652789,0.07816745730177034,-0.08361485715766573,0.23885469582819963,-0.010589175462206057,0.13433311575578563,-0.008061999596167433,0.19388446592450692,0.0005772942563280212,0.2861672411958622,-0.0010973521630214306,0.44016388314903004,0.0009176755261541697,0.6614289311079893,-0.0016360456281942243,1.364505794256775,-0.002430566995466192,-0.0010933375027957694,0.07359950542280944,0.10523433015190246,0.05
1.375,1609814160,0.08541664569546628,0.1,0.06653131341817595,0.0774975641001322,0.07868234999597828,0.11692881487718784,0.0001743293540910672,0.013498018394492597,0.12462948767289198,0.13433311575578563,0.09021378582883194,0.08231146441963005,0.11634874304585123,2.7764451051977987,0.14014950261244305,-0.23614352976605765,0.5420912712823895,0.1015124482614805,12.706204736432095,0.10825176587862423,-0.0938307487547188,0.26372750572584935,0.11006112652946708,-0.07667380326006935,0.37401943142997873,-0.0244281295782891,0.13433311575578563,-0.0014796690180586198,0.19388446592450692,0.0005502480188048357,0.2861672411958622,0.0023078034523667983,0.44016388314903004,-7.243368612953821e-05,0.6614289311079893,-0.0028483435124904747,1.364505794256775,-0.005964018041479029,-0.0005946048599348316,0.05453840760203937,0.07353214097257584,0.05
1.375,1187017355,-0.16657186148399541,0.1,0.07957847298556145,0.07546711155901656,0.07670821185899267,0.09416499908761708,-4.478215891746962e-05,0.008911829212088395,0.09107641346667425,0.13433311575578563,0.0804770930667023,0.08231146441963005,0.09453880655008952,2.7764451051977987,0.12795547533009313,-0.748102195482387,-0.03757948915539738,0.07344665373944986,12.706204736432095,0.08849249417161265,-0.30582135802489374,-0.027322364943097126,0.10344941338189444,-0.48135241144247914,-0.0688403231789732,-0.020043823499900134,0.13433311575578563,0.005732180489094046,0.19388446592450692,-0.006190662286183775,0.2861672411958622,0.0011357872537565753,0.44016388314903004,-0.0027507220821718762,0.6614289311079893,0.0012884900337202265,1.364505794256775,-0.004941422298383043,-0.0006981285711457774,0.05881102330575129,0.08299846791002449,0.05
1.375,554606488,-0.18370845686305498,0.1,0.07926961313740684,0.05721976670327523,0.058404389503484956,0.053615251442946724,0.00015839403897363342,0.0027162011483167674,0.03772506315518873,0.13433311575578563,0.053706520218128266,0.08231146441963005,0.05219244620299899,2.7764451051977987,0.19691027058041494,-0.5852594393923046,0.5081616744400298,0.028829463575677172,12.706204736432095,0.050437734678454416,-0.26680797083307783,-0.093003866909897,0.07707935999527932,-0.3725229254896756,-0.09780430946297321,-0.01851313202319236,0.13433311575578563,-0.004023453517142543,0.19388446592450692,-0.010142614461966272,0.2861672411958622,0.00416598857147296,0.44016388314903004,-0.000538109748417731,0.6614289311079893,5.6114597230298505e-05,1.364505794256775,-0.003982003522134878,-0.0008287201782444733,0.0647228579441096,0.11204765292719712,0.05
1.375,1648316491,0.2612060553345706,0.1,0.08089295312962994,0.10825274071559435,0.1347753856777732,0.10450565805175366,0.007667396720650288,0.003254035844179776,0.16201547387871848,0.2431366342882323,0.15663988441467167,0.08231146441963005,0.05712653124471263,2.7764451051977987,0.08521582405695681,-0.0059040502256516025,0.4672900649510175,0.11539371461174751,12.706204736432095,0.04859519641108674,0.17762619683315098,0.34478591383599017,0.1227142051063644,-0.014099305077306938,0.47870984557079566,-0.0075397385596515,0.13433311575578563,-0.007291519543081745,0.19388446592450692,-0.001931484200786584,0.2861672411958622,0.00030168960895112255,0.44016388314903004,2.6426348707171507e-05,0.6614289311079893,-0.0018087788324891354,1.364505794256775,0.0016476443773618945,-0.0021469666093758134,0.10313627734603487,0.17987826365553852,0.05
1.375,156825984,-0.39169353622013814,0.1,0.08304477067870265,0.09704343472781547,0.11116390112632371,0.09535910064637196,0.004109968185947232,0.0049833898901376645,0.12412096445773566,0.13433311575578563,0.12556694082992426,0.08231146441963005,0.07069506878907339,2.7764451051977987,0.07222165229290199,-0.5823956044239853,-0.181356698428135,0.07683964320767413,12.706204736432095,0.06368786191971733,-0.5146606005507438,-0.2621983285188657,0.09543537068135688,-0.553680731639246,-0.19593414841198967,-0.013296005677910614,0.13433311575578563,0.000785108702846768,0.19388446592450692,0.01105226507077576,0.2861672411958622,-0.0052374744523099375,0.44016388314903004,-0.0032961862849148556,0.6614289311079893,0.0007447557709706967,1.364505794256775,0.005515042130077634,-0.0030189902323440026,0.12260125495761007,0.20651242140027085,0.05
1.375,772032300,-0.0030604075179975,0.1,0.07022668673373743,0.06648009766336721,0.06900922568154914,0.08496476902636552,0.0007189731894009666,0.006500038786302674,0.09863977709789011,0.13433311575578563,0.07969312160247002,0.08231146441963005,0.08073924092762727,2.7764451051977987,0.10421598975121305,-0.23763016819418892,0.3410697810620099,0.08257475474531013,12.706204736432095,0.07525266348317676,-0.12123919554564817,0.11511838050965315,0.0800853136544003,-0.20033216013997446,0.10360989465468859,-0.008590462980530776,0.13433311575578563,-0.00026012069226198447,0.19388446592450692,-0.001093340266419392,0.2861672411958622,-0.00035218331990182855,0.44016388314903004,0.0008787303999130987,0.6614289311079893,-0.003440698968010198,1.364505794256775,-0.0036557721771206023,-0.0008022478529550594,0.06300783234519637,0.0976892107317556,0.05
1.375,1277725728,0.05700629743645281,0.1,0.07025707951729358,0.08797919694950286,0.0913459361496412,0.07092605610485102,0.00042169896484587494,0.0046088064697426,0.07153254506468937,0.13433311575578563,0.09096115930504463,0.08231146441963005,0.06798622448448767,2.7764451051977987,0.25824194288975866,-0.9736051709178302,0.4603839856682497,0.03863188429403353,12.706204736432095,0.062201968455539255,-0.054205976855697585,0.1783459121457928,0.11919769396131674,-0.26062796142486255,0.25849719553978456,-0.015637885194532755,0.13433311575578563,0.00391923904923229,0.19388446592450692,-0.00396981505841133,0.2861672411958622,-0.0021176372968230556,0.44016388314903004,0.000718374121384012,0.6614289311079893,-0.0003919248660698674,1.364505794256775,-0.005499257898543825,-0.00027583341675327757,0.0369604363721798,0.06360834268813323,0.05
1.375,516710044,0.44637184137238606,0.1,0.0627311248607637,0.030705936191281584,0.029773644757187266,0.02372575892384254,1.9189005083156845e-05,0.000543722631429137,0.026124476451766365,0.13433311575578563,0.0321982546987538,0.08231146441963005,0.02335153280024951,2.7764451051977987,0.10380987687436928,0.27778267037287024,0.8542275194109277,0.018419296165219777,12.706204736432095,0.02094149267662155,0.4129467421868203,0.49054917632364875,0.04087989858192045,0.39292467584867957,0.5591066600047119,-0.022008105332192704,0.13433311575578563,0.010837850394236856,0.19388446592450692,0.00040879586658599317,0.2861672411958622,0.0004471599310498609,0.44016388314903004,-0.0006652730518311164,0.6614289311079893,-0.0025351238847906104,1.364505794256775,-0.0020861210491611207,-0.001206176404610811,0.07734677090864657,0.12001970294772835,0.05
1.375,336199749,-0.05669815644901715,0.1,0.07073382064384888,0.048939759458516634,0.05009754098185174,0.052089151417188076,0.0001367925408835859,0.0025764871544791605,0.05875279065166385,0.13433311575578563,0.05317736496838947,0.08231146441963005,0.05083240746950007,2.7764451051977987,0.05692093446533579,-0.27487924528805174,0.04119645447108075,0.03853432100399331,12.706204736432095,0.045371591599201656,-0.1330344137044464,0.0162936478332094,0.08262851500028337,-0.2949795603958084,0.0262146497091895,-0.010673710081224723,0.13433311575578563,-0.0007235888013088856,0.19388446592450692,-0.00385262177989723,0.2861672411958622,-0.0034569942851168734,0.44016388314903004,0.0019407888833018379,0.6614289311079893,-0.0011610799768480018,1.364505794256775,0.004589177664321161,-0.0029046637685942664,0.120803529720519,0.17712665900129398,0.05
1.375,1765573696,-0.34767285302554746,0.1,0.0794924934648056,0.09273130367313344,0.09510887508506322,0.09059601803632564,0.0006715167426345012,0.0075361217414037385,0.06674073268460541,0.13433311575578563,0.08702715102350571,0.08231146441963005,0.08693619752484183,2.7764451051977987,0.11207666343493013,-0.7780394567985183,-0.1556900495968926,0.04282415620239,12.706204736432095,0.08222673420269382,-0.4744178019451973,-0.22092790410589763,0.09528720535890799,-0.5431687949827462,-0.19028299145422528,-0.004384805442904413,0.13433311575578563,-0.007765048185831255,0.19388446592450692,0.0012944092941557682,0.2861672411958622,-0.0007721534734392598,0.44016388314903004,-0.0023863819488976782,0.6614289311079893,-0.00021075949817923068,1.364505794256775,0.0010661205471666627,-0.0020276972657835715,0.10035525485678466,0.1265066259377185,0.05
1.375,631483662,0.46620167477042274,0.1,0.0725609440742093,0.043733451337555865,0.04928275137458627,0.048024828252069475,0.00011856979699277734,0.002187814331647993,0.04830052952943132,0.13433311575578563,0.04974289173133747,0.08231146441963005,0.04684162139012936,2.7764451051977987,0.14923251238407578,0.20047862495325053,1.0291503820435248,0.04805127997247013,12.706204736432095,0.04230950849838101,0.3932011001721784,0.5369212900396728,0.11729740127989642,0.4231223484264121,0.8632333363907329,-0.014248138198085172,0.13433311575578563,0.0072102486227340196,0.19388446592450692,-0.0040847724090654165,0.2861672411958622,-0.00587153178022455,0.44016388314903004,0.0007008339111575636,0.6614289311079893,-0.0005392547702146098,1.364505794256775,-0.001382904605180667,-0.002014790995530635,0.10050701280153236,0.13353490428752554,0.05
1.375,271107164,-0.0695080785613087,0.1,0.0700176565207879,0.06123252893103616,0.06001304779863154,0.06129419512732999,0.00015536189037583092,0.0036016164659313727,0.04325165306931365,0.13433311575578563,0.05433600915007576,0.08231146441963005,0.060100131131934145,2.7764451051977987,0.10635105894831172,-0.4521811368200441,0.13837461727924116,0.027263805320681258,12.706204736432095,0.056800452460071954,-0.15019795048766604,0.013176450677238835,0.07484129283256846,-0.14749370440748216,0.11170771579348394,-0.012742161472710439,0.13433311575578563,-0.0036935653084263944,0.19388446592450692,0.000422489653674275,0.2861672411958622,3.3003216336634186e-06,0.44016388314903004,-0.002692546477876284,0.6614289311079893,0.0006640480414222632,1.364505794256775,-0.004906247774316805,-0.000511440884065105,0.050642954730002465,0.07188771707118848,0.05
1.375,913631489,-0.13597221094025175,0.1,0.06941617500373991,0.05344187620511423,0.05899737562675031,0.06219608338106874,0.00043211835603224015,0.003436234431912615,0.07526812824150084,0.19388446592450692,0.0662938092280125,0.08231146441963005,0.0587040522051046,2.7764451051977987,0.16558073014799843,-0.6090902919313262,0.31036132353764945,0.060817741882738884,12.706204736432095,0.0517451313805837,-0.2297805314985399,-0.04216389038196361,0.16308095379155793,-0.5756641014665613,-0.0863030310322699,-0.014611362611540646,0.13433311575578563,-0.0010671272366921216,0.19388446592450692,0.0025184173229560293,0.2861672411958622,-0.0001935404975255544,0.44016388314903004,-0.0007156750958544633,0.6614289311079893,-0.0023117514888780135,1.364505794256775,-0.001914189787124599,-0.0013710173670132247,0.08244050098080795,0.14695298167028778,0.05
1.375,1845699133,0.13268246617919832,0.1,0.06922117001475009,0.07840277421661658,0.08452111568611075,0.07723322399155208,0.0002950968702108243,0.0056698740179184325,0.06129145752741248,0.13433311575578563,0.07560413803795873,0.08231146441963005,0.07540730029012685,2.7764451051977987,0.1734240906059166,-0.23366356785932263,0.7293413671130308,0.03533541834772191,12.706204736432095,0.06952017118123262,-0.00023836247997144057,0.2656032948383681,0.07555614137525508,-0.024155714250315763,0.2479238384245185,-0.016428037013629302,0.13433311575578563,0.0005127419920003268,0.19388446592450692,-0.0010021814492847112,0.2861672411958622,0.0025301345791294504,0.44016388314903004,-0.0012353199681225822,0.6614289311079893,-0.0016105739033648498,1.364505794256775,7.661276500079573e-05,-0.0015552744534834588,0.08839956042317977,0.11442259645543783,0.05
1.375,1406378027,0.13806440815228047,0.1,0.0658207138322562,0.03867740904179973,0.04348663063035579,0.02737424551746436,0.0005184450753535198,0.00023090424229689797,0.03070162434844693,0.13433311575578563,0.04416329095987609,0.08231146441963005,0.015217476650165561,2.7764451051977987,0.054767480838560756,-0.06982081059716182,0.23429699759931066,1e-150,12.706204736432095,0.012936593088662915,0.11618668389539662,0.15979251600091093,0.07333463136576561,0.06876792874733405,0.34184675892913197,-0.014751443651733528,0.13433311575578563,-0.007972863337718432,0.19388446592450692,0.005166731101616137,0.2861672411958622,-9.543729214332662e-05,0.44016388314903004,-0.0022522311635153245,0.6614289311079893,0.00014331864376147647,1.364505794256775,-0.004544528039544237,-0.00046669198093004144,0.0482523932599985,0.05194684305400378,0.05
1.375,985156531,-0.1206889544561797,0.1,0.06953856777159466,0.062001702920525884,0.0625246559715111,0.05549125942703231,0.000231027450749083,0.00284825242204912,0.059467270411041724,0.13433311575578563,0.06349592461036671,0.08231146441963005,0.05344608840191625,2.7764451051977987,0.048303386905249185,-0.3139425029609877,-0.04571909868587856,0.04884336791701243,12.706204736432095,0.04826319791381473,-0.1999807139602879,-0.03999577776113905,0.06303765014976698,-0.24292085922960266,-0.0039117400673099765,-0.012704442015419343,0.13433311575578563,0.004131844975687328,0.19388446592450692,-0.0002822837920033456,0.2861672411958622,-0.003547671285340591,0.44016388314903004,0.0002059819014584492,0.6614289311079893,-0.0010852931388787774,1.364505794256775,-0.005621402231245474,-0.0003839362459420757,0.04360615488166242,0.06592447332779684,0.05
1.375,1173480822,0.2570979525220415,0.1,0.0678742879463974,0.05854368013952972,0.05826899691596384,0.07894601105409146,0.00027089623019739377,0.0059615764311553385,0.07832859659485443,0.13433311575578563,0.0607771310826844,0.08231146441963005,0.0773227419381954,2.7764451051977987,0.05434216005101709,0.20970703675865215,0.5114630853176956,0.07007667384118582,12.706204736432095,0.0682695824491013,0.14162008495976788,0.36802722915521596,0.06494110174158428,0.15663171034600143,0.3931972513013057,-0.022248329061270215,0.13433311575578563,-0.00397466483599647,0.19388446592450692,0.005466044666261138,0.2861672411958622,0.0023584315446178133,0.44016388314903004,-0.002558247713422264,0.6614289311079893,-0.0015345143150832215,1.364505794256775,-0.0020147434059687597,-0.001396674475314146,0.08344640811613142,0.12834459404187384,0.05
1.375,146219739,-0.18887493241706027,0.1,0.08624008931415439,0.1057602666462161,0.12563625114698904,0.0972526628823252,0.0046093248175374975,0.004848755620165697,0.13903461242396806,0.13433311575578563,0.14543267673084334,0.08231146441963005,0.06973355981686759,2.7764451051977987,0.23573285477261036,-1.0384043284317834,0.27059433310365166,0.04781147662048408,12.706204736432095,0.061705065151476404,-0.296250374803333,-0.08149949003078753,0.14743268548236052,-0.5762771313684464,-0.004793720508261467,-0.009995886352044391,0.13433311575578563,-0.0020591927731148183,0.19388446592450692,-0.012241728546395126,0.2861672411958622,0.001336536824220511,0.44016388314903004,0.001336980526155185,0.6614289311079893,-0.0012880755920222893,1.364505794256775,-0.00713263122876686,-0.0001880303275903638,0.03057888628201416,0.042829280563659346,0.05
1.375,1908631525,0.08981505761380178,0.1,0.07410748152627472,0.04305109772031819,0.0445127490579183,0.026314465315923113,0.00012837542129932314,0.0005640756635635973,0.031092375817496055,0.13433311575578563,0.047165091201656476,0.08231146441963005,0.023784573572967097,2.7764451051977987,0.0472137087907414,0.010643648801827027,0.27281619014240355,1e-150,12.706204736432095,0.0218694308045048,0.051510525703428144,0.1334024536088338,0.064245612242615,0.020369517227628614,0.280794975488643,-0.006223201186566354,0.13433311575578563,-0.010091094114333819,0.19388446592450692,-0.0008910879007114252,0.2861672411958622,-0.0010969061921695569,0.44016388314903004,-0.0007939235296988385,0.6614289311079893,0.00029793913751256134,1.364505794256775,-0.0033366840863143362,-0.0007644722128345967,0.06161549894742135,0.10586006972355536,0.05
1.375,1942036508,0.5356213717339148,0.1,0.07559020737086071,0.06313100664512095,0.05711095201987312,0.03582779513941069,-0.00039738758495164,0.00168101848950322,0.014506827598148739,0.13433311575578563,0.053182755554409454,0.08231146441963005,0.041059431613747185,2.7764451051977987,0.14641865540781115,-0.04226630074660531,0.7707804174867157,1e-150,12.706204736432095,0.0365235005909892,0.47501702920325917,0.5972747437408205,0.06697268180485126,0.388256737425028,0.6076559416967628,-0.02322832696436932,0.13433311575578563,0.002905847737744791,0.19388446592450692,-0.0044047520726951395,0.2861672411958622,0.0020367632006149487,0.44016388314903004,0.0007828042543216055,0.6614289311079893,-0.001988762337178016,1.364505794256775,0.01021062160813226,-0.0042803769317851905,0.14573691231751396,0.250262373650332,0.05
1.375,1057192961,-0.0817839137517211,0.1,0.07658372721822854,0.0718776619493231,0.07488919423122897,0.06968326299505433,0.000402897567535661,0.004452859574102246,0.05939240110520101,0.13433311575578563,0.06751211766477624,0.08231146441963005,0.0668261109929613,2.7764451051977987,0.05529924284122892,-0.2892432250256627,0.017827399189686205,0.03280615127026392,12.706204736432095,0.058815149947434794,-0.17222593821848442,0.008432952437649814,0.07888613067368498,-0.24366089508979055,0.04073456984106126,-0.013891696576110035,0.13433311575578563,-0.0034487865475593066,0.19388446592450692,-0.0012674930585706724,0.2861672411958622,-0.000393771694923752,0.44016388314903004,-0.0007042123544723938,0.6614289311079893,-0.0002991561507103462,1.364505794256775,0.01691018227752056,-0.005890043210091473,0.17236368309428127,0.28123667895264887,0.05
1.375,1773393258,0.22188982747791763,0.1,0.07995343289135964,0.06382906412271777,0.06594272199457316,0.06497538615673959,0.0004719045691319009,0.003749896237085527,0.07443817030907737,0.32612014812863077,0.06898742736047735,0.08231146441963005,0.061324824398295084,2.7764451051977987,0.14545313737300425,-0.00578904700783478,0.8018962555820466,0.08025212696278815,12.706204736432095,0.05535894514767527,0.12097413257056908,0.32280552238526616,0.11868329252284958,0.12389570947330641,0.601046058685628,-0.009258741313498497,0.13433311575578563,-0.004738932776480514,0.19388446592450692,-0.0026227150757566144,0.2861672411958622,0.0025815463845428334,0.44016388314903004,-0.005495152106751319,0.6614289311079893,0.0016461594732488224,1.364505794256775,-0.001965292902654751,-0.0015186967464403901,0.08742745772369008,0.12351041063220505,0.05
1.375,1149262211,0.4044608913314558,0.1,0.08469863315874795,0.09022551910242013,0.08724233919637354,0.06678613969832913,0.00016698950597553164,0.004293398949829203,0.0679497473657891,0.13433311575578563,0.08808346701108498,0.08231146441963005,0.06561865296784337,2.7764451051977987,0.09436489317362641,0.24355291541896423,0.7675508069278207,0.0096499781688584,12.706204736432095,0.06304623406919013,0.3007906614424884,0.5065603440687827,0.09272029769722272,0.2648915812395394,0.6188134588747713,-0.027881171788988034,0.13433311575578563,0.004794697483725845,0.19388446592450692,-0.00012261800700786395,0.2861672411958622,9.288454951924196e-05,0.44016388314903004,-0.0013285841843601713,0.6614289311079893,0.0005626084729483874,1.364505794256775,0.0027274831796891136,-0.0023921834804206737,0.10977174928214828,0.1774782188123291,0.05
1.375,1659689263,-0.29356369281192174,0.1,0.07597054448758389,0.07256792361623447,0.0742287631725436,0.07896332517520947,0.00019778189441252338,0.006037424828313347,0.0589255447183701,0.19388446592450692,0.06602409666048069,0.08231146441963005,0.0778130710936116,2.7764451051977987,0.2593740033096086,-0.7305880194756024,0.7096873443334385,0.04434861175056069,12.706204736432095,0.0771812787230395,-0.4254351838621614,-0.16333284989558794,0.10571856467620154,-0.3954548527032096,-0.03263279172767325,-0.011752649631998874,0.13433311575578563,-0.009274337402474112,0.19388446592450692,-0.0022248229141720805,0.2861672411958622,-0.0005507617703516861,0.44016388314903004,0.00016120916131111404,0.6614289311079893,-0.0010447729656954674,1.364505794256775,0.007400167934327376,-0.0038728975275555927,0.13935487282759673,0.19598926597809546,0.05
1.375,247131243,-0.37003894736556764,0.1,0.06017534050061056,0.09084480714700344,0.10259472565083419,0.055117555559202176,0.001842728983258433,0.0011952159475633062,0.053560763047361626,0.13433311575578563,0.10815808790818565,0.08231146441963005,0.0346218186829439,2.7764451051977987,0.08002614010201763,-0.6676731884375119,-0.22329681848927171,1e-150,12.706204736432095,0.03131957252897764,-0.4225638835704709,-0.31751401116066436,0.11498056216124025,-0.5906014400425079,-0.19731802644627267,-0.010145855728536522,0.13433311575578563,-0.0006687336484793419,0.19388446592450692,-0.0026707219853173364,0.2861672411958622,0.0010702005707351563,0.44016388314903004,-0.0011045170135947683,0.6614289311079893,-0.0009252702560888855,1.364505794256775,-0.0021378893224192736,-0.0009582460787937439,0.06893489650827359,0.09688522269165822,0.05
1.375,387941038,-0.13169145116366357,0.1,0.06751770719084375,0.05660549726262298,0.052634021553501685,0.06999861149910426,-0.0002127868132027009,0.005112592425005232,0.056984236737252746,0.13433311575578563,0.04182912799428765,0.08231146441963005,0.0716056471494408,2.7764451051977987,0.11654154435532586,-0.17828148924073361,0.4688609115143396,0.05300847704363823,12.706204736432095,0.06411398151221845,-0.2289469504220422,-0.02399534778489138,0.08069071477308215,-0.19319768940341925,0.08433663495776195,-0.010694957734479881,0.13433311575578563,0.0008492326718829418,0.19388446592450692,-0.0012069054212073625,0.2861672411958622,0.0029089142696119476,0.44016388314903004,-0.0029812366048345387,0.6614289311079893,-0.0015295430403277034,1.364505794256775,-0.0028568239645222347,-0.0010147404766040057,0.07106930359650224,0.11231310906597612,0.05
1.375,1328804971,0.0036299156657141757,0.1,0.0685748818389712,0.07160876668095524,0.07986001086622627,0.09710724195628798,0.0006946472541889083,0.00873516918616815,0.14267858804468875,0.32612014812863077,0.0961511956312309,0.08231146441963005,0.09359709044561905,2.7764451051977987,0.129701806031937,-0.3582038112098924,0.3620160777754793,0.1459487071484033,12.706204736432095,0.07496139664129241,-0.11844097154597592,0.1414046444497361,0.08433803225471855,-0.13066307449066922,0.17408240189540508,-0.005323665759583129,0.13433311575578563,-0.005063443627209524,0.19388446592450692,0.004368273113119517,0.2861672411958622,-1.794033396536699e-05,0.44016388314903004,-0.004015325656101358,0.6614289311079893,0.00010407509420161019,1.364505794256775,-0.004403292221728209,-0.0004936906840890631,0.04955321025858223,0.0718620772704294,0.05
1.375,1331705778,0.0671702025840535,0.1,0.06476385696035733,0.06470131927311669,0.06987907446878892,0.07630436642570744,0.00023141582753307376,0.005590940508095554,0.06517065750475198,0.13433311575578563,0.05842202877386826,0.08231146441963005,0.0748805668761342,2.7764451051977987,0.28101906192436654,-0.5058582265442059,1.0546097713501634,0.05710866644904152,12.706204736432095,0.06433109081200233,-0.04607804695243315,0.1827542982406213,0.06305278741864379,-0.05465552230617577,0.15415518215819096,-0.008130083599058714,0.13433311575578563,-0.011066314529329479,0.19388446592450692,-0.008235675770449443,0.2861672411958622,-7.499597454583046e-05,0.44016388314903004,0.0007818057638374154,0.6614289311079893,1.681248878531363e-05,1.364505794256775,0.0007300928396755913,-0.002112594781856402,0.10224558118477949,0.16444914885078082,0.05
1.375,755559804,-0.2850586325488825,0.1,0.07330197753540507,0.08679656147529922,0.09426173091492195,0.10026929316330917,0.0010852091845839715,0.008968721966885666,0.10664313678257376,0.13433311575578563,0.1005813778405951,0.08231146441963005,0.09484009241159388,2.7764451051977987,0.1391451695760969,-0.8060039602687984,-0.03334611030585455,0.09270482857459762,12.706204736432095,0.08304156808016794,-0.43628203994222176,-0.14394577538978162,0.09541866475436808,-0.5320255013050267,-0.13634673787243934,-0.0012012554548399789,0.13433311575578563,-0.00941967767414977,0.19388446592450692,-0.0004193772682220766,0.2861672411958622,0.0006633373130512614,0.44016388314903004,-0.0021538238006348245,0.6614289311079893,-0.0008162948494622571,1.364505794256775,-0.0035953066821771177,-0.0008119581151539992,0.06391257682180647,0.09435673599772636,0.05
1.375,519419310,-0.20850301595427717,0.1,0.06611555079423498,0.05202986509111569,0.059297929239771514,0.07819540136981931,0.001243066214071574,0.004871454581315566,0.0947132460586568,0.32612014812863077,0.06873312469311603,0.08231146441963005,0.06989659455092553,2.7764451051977987,0.12667583621045603,-0.5591719443781592,0.14424506640855816,0.09934041725627048,12.706204736432095,0.060327162771051025,-0.31165406705357285,-0.10347374473572199,0.07192793226028397,-0.3234502910749428,-0.04659917389253437,0.0005321120778664184,0.13433311575578563,-0.009557477123443623,0.19388446592450692,-0.0035641263722262467,0.2861672411958622,-0.0016021986416529378,0.44016388314903004,-0.00047509512461873984,0.6614289311079893,0.0003742519668422165,1.364505794256775,0.001716437021723551,-0.0018667281858157315,0.09725943145294702,0.13517110894899886,0.05
1.375,1290490158,0.2155317207204307,0.1,0.07369198258168574,0.036056362179516965,0.04215649422682109,0.042861679511270595,0.00022986053234458023,0.001607263038182293,0.044298825869499944,0.13433311575578563,0.04606220743708508,0.08231146441963005,0.04014857789609456,2.7764451051977987,0.08740275499906647,0.006206112693666582,0.4915440152895877,0.04253049785857188,12.706204736432095,0.03370776838808609,0.16212633169630325,0.2787337533497161,0.06860999565012435,0.14219136499596668,0.4328469678805585,-0.013456103734308654,0.13433311575578563,0.004602341493214164,0.19388446592450692,-0.0003296047889005711,0.2861672411958622,-0.0031615751263791504,0.44016388314903004,-0.0005335570934647039,0.6614289311079893,-2.135100524856809e-05,1.364505794256775,0.0012101268431221899,-0.0018832602104881277,0.09686628667995073,0.14001227082508616,0.05
1.375,1660388581,-0.13072472477607172,0.1,0.06740847085947031,0.03198862287579498,0.0355452792331916,0.040445773821965736,0.00010594857599114738,0.0015299120440664614,0.033074712618425546,0.13433311575578563,0.03098627763771048,0.08231146441963005,0.03917057256636005,2.7764451051977987,0.1674453388718699,-0.7882354436629857,0.14157013933499402,0.0291221637399293,12.706204736432095,0.03369390318026992,-0.1906876642247473,-0.07504609108629463,0.03814392373378985,-0.23803256390624772,-0.08999890993828966,-0.007186999875622618,0.13433311575578563,-0.0034817415952522576,0.19388446592450692,0.0008359693738797661,0.2861672411958622,0.0013663633469612453,0.44016388314903004,-0.0043130658851947175,0.6614289311079893,-0.0002846758766063141,1.364505794256775,-0.002059879251041365,-0.0013856774402581087,0.08352641460774485,0.10986854632957214,0.05
1.375,1956123517,-0.015013385633502296,0.1,0.07321351171952417,0.07804487852352812,0.08190247884075995,0.09801504704438722,0.00040249325717675154,0.009204456189936688,0.09198715941810784,0.13433311575578563,0.08039434588109001,0.08231146441963005,0.09607839853200134,2.7764451051977987,0.1709268954836815,-0.553676248778475,0.39546203584617157,0.07583051899218528,12.706204736432095,0.08549719923221667,-0.15118118338365868,0.13589728955370411,0.06919033903460012,-0.12834606984614602,0.14475121197673196,-0.01689107583995529,0.13433311575578563,0.010533706101524763,0.19388446592450692,-0.004847610303628856,0.2861672411958622,-0.0002328762244450313,0.44016388314903004,-0.00283748051599966,0.6614289311079893,0.0011750576710044477,1.364505794256775,-0.0004037289161296876,-0.0015812258579220246,0.08884281691326515,0.1427164162700964,0.05
1.375,193548206,0.12706277371348348,0.1,0.05747809268477499,0.027852536898574008,0.026326168088509874,0.03049674766642642,2.312058035955724e-05,0.0009069310378701281,0.027372981744728315,0.13433311575578563,0.023750700654710768,0.08231146441963005,0.030158783560363493,2.7764451051977987,0.035264740759731746,0.0653677413529665,0.26118897508981953,0.021428012965625336,12.706204736432095,0.02781491936159038,0.08140043023502648,0.17366562384450052,0.036471851229133045,0.04639353526455368,0.18596143091163966,-0.010984936168734733,0.13433311575578563,-0.006382131665890161,0.19388446592450692,-0.0022264952035280197,0.2861672411958622,-0.0007738185325011553,0.44016388314903004,0.000501768334732511,0.6614289311079893,-0.00045772766607985057,1.364505794256775,-0.0018782434651629237,-0.0011111962999974553,0.07464760124494506,0.10344750081305923,0.05
1.375,2073191718,-0.49384675146490437,0.1,0.06488879749409811,0.019973247194723463,0.021785213961004815,0.02962216540652831,9.428154532623083e-05,0.0007831911380454916,0.04261237019323871,0.32612014812863077,0.02426169495855881,0.08231146441963005,0.02802596468005937,2.7764451051977987,0.15848256014138073,-0.7696785653345888,0.11035769139291579,0.042748923107287055,12.706204736432095,0.02544871713203307,-0.5447540749408013,-0.4490021158526197,0.059252407045427835,-0.5292476420736454,-0.3930230973586223,-0.0032950699248264067,0.13433311575578563,-0.01261687120240724,0.19388446592450692,0.0019221272580525093,0.2861672411958622,0.003949137967077586,0.44016388314903004,-0.008199826948472828,0.6614289311079893,0.00286419937192641,1.364505794256775,-0.0018104142373084218,-0.0013502650256618255,0.08177955233682646,0.10554631633003415,0.05
1.375,1218117375,0.48868241100872273,0.1,0.07249562917806199,0.0684337809545668,0.07283505037980754,0.07415463047770646,0.001040903776673643,0.004458005444611547,0.09281810201022042,0.2861672411958622,0.07995898740499464,0.08231146441963005,0.06686471306609344,2.7764451051977987,0.11241407885015392,0.1354236011517334,0.7596466391093919,0.08927604116789944,12.706204736432095,0.059163378972010225,0.3887938932176866,0.5853118746543763,0.09126977427526552,0.3643557012030971,0.7114026170891635,-0.022168104361466677,0.13433311575578563,0.005387381418336156,0.19388446592450692,0.0015138920888861946,0.2861672411958622,-0.0019454618252444115,0.44016388314903004,-0.0006840957473885406,0.6614289311079893,-0.0005923723743251812,1.364505794256775,0.00460530010084747,-0.002950463326820632,0.12175074952239137,0.1835028800914614,0.05
1.375,1046677676,0.009492248704038843,0.1,0.054734407845729846,0.06744447336250685,0.07192382283963361,0.06727599720490149,0.0005468691743996832,0.0039791906255142295,0.08949535810803536,0.2861672411958622,0.08147302690807852,0.08231146441963005,0.0631719176252789,2.7764451051977987,0.11216378007851122,-0.27296747407051286,0.3498656822884168,0.0890601483158632,12.706204736432095,0.055050382024755984,-0.08803262280643595,0.09629907646547832,0.0685835946039301,-0.08718868608089822,0.1462188035764192,-0.016747993433652453,0.13433311575578563,0.012103293810875018,0.19388446592450692,-0.00310408013991409,0.2861672411958622,0.0004946865716829701,0.44016388314903004,-0.0012539214061002078,0.6614289311079893,-0.001223679065580454,1.364505794256775,-0.004475852594727384,-0.00040953744157841697,0.045521850415289576,0.06067696707435132,0.05
1.375,1591034722,0.08871854682898395,0.1,0.07711766414441772,0.10723460413669547,0.10442170215113462,0.09310562808149282,0.00024348869066982866,0.008425169289779436,0.06525560598602138,0.13433311575578563,0.09842673246424065,0.08231146441963005,0.09192126788746392,2.7764451051977987,0.06596132167255996,-0.1645688149276559,0.20170716245265724,1e-150,12.706204736432095,0.0832003285975449,-0.04252796856873298,0.22500090252473692,0.11858760188644893,-0.17815830799402255,0.2574954486311787,-0.011990179319944567,0.13433311575578563,0.002089117665744382,0.19388446592450692,0.0009540264833867035,0.2861672411958622,9.94693865455628e-05,0.44016388314903004,-0.0004648491079473119,0.6614289311079893,-0.002295022492326622,1.364505794256775,-0.002167474652349617,-0.0009523916197728835,0.06894227222250314,0.07995398484641543,0.05
1.375,276622398,-0.33110240982423317,0.1,0.07138594297238478,0.06197238918450692,0.07053761086902453,0.061270298024719005,0.0013608067300604357,0.0023932426899774496,0.0669511488406097,0.13433311575578563,0.07108176840023663,0.08231146441963005,0.048991423498043696,2.7764451051977987,0.07211080397596772,-0.4567847145790761,-0.056361337117169036,0.04132414169287973,12.706204736432095,0.04482745776365246,-0.4175691109905215,-0.25279595548836903,0.10477419537281037,-0.432004088986736,0.001289121114242417,-0.006131212747782747,0.13433311575578563,-0.0025663936822193966,0.19388446592450692,-0.00028543792193686245,0.2861672411958622,-3.854760107025122e-06,0.44016388314903004,-0.0014286203755666568,0.6614289311079893,-0.0006194532676104345,1.364505794256775,-0.0002901760310500124,-0.0012632155722560065,0.07973827291977485,0.09516391293283133,0.05
1.375,815576865,0.012521601562404411,0.1,0.058996960229733254,0.029746041005634855,0.03144418455210487,0.009329369269534052,1.5672534016186734e-05,7.136459695113958e-05,1e-150,0.13433311575578563,0.028466641451347172,0.08231146441963005,0.008459955851639648,2.7764451051977987,0.33560158302943266,-0.6211898327870581,1.2423689122103436,1e-150,12.706204736432095,0.007928854475603304,0.00022268631084046073,0.028555017914778404,0.041449121657270424,-0.052433894127150514,0.07732612494356758,-0.015958981250047875,0.13433311575578563,0.009623722195534187,0.19388446592450692,-0.005115531417599245,0.2861672411958622,-0.0020871111053185286,0.44016388314903004,0.001873073144923453,0.6614289311079893,-0.0025541933869865294,1.364505794256775,-0.002656842645934891,-0.0011358859547927643,0.07558334868712116,0.09685907989032469,0.05
1.375,1310183686,-0.10043911498910277,0.1,0.07791930561828515,0.08377218170635135,0.08930418730528408,0.07565990516303199,0.0011835611945827723,0.004540860054696222,0.10125778695476623,0.19388446592450692,0.095573446646349,0.08231146441963005,0.06748321219152709,2.7764451051977987,0.14220880281608647,-0.3904070719917158,0.3992627969978086,0.07878501920060554,12.706204736432095,0.0628741383439061,-0.20263612019402086,0.001757890215815322,0.08539001418798697,-0.26604493280598546,0.06072222458302723,-0.013853112795455967,0.13433311575578563,-0.00405252261420682,0.19388446592450692,-0.0030242251043216704,0.2861672411958622,-0.0017445788652588469,0.44016388314903004,0.002165250499101108,0.6614289311079893,-0.0018884981223754103,1.364505794256775,-0.0025484097523289263,-0.00123132804979117,0.07871561567590944,0.09433013096687097,0.05
1.375,1048196625,-0.2758503187116107,0.1,0.07200118097190703,0.0807725843893971,0.08542575992165534,0.07927793085131196,0.0009288209419583684,0.005356169378107032,0.1000458604097431,0.13433311575578563,0.09757943352829523,0.08231146441963005,0.07329153864140978,2.7764451051977987,0.13707843213070503,-0.6552704885722844,0.10591099526268494,0.09321075608035638,12.706204736432095,0.056879976218736514,-0.40028060942292265,-0.19581635838178887,0.09331960741209387,-0.43980426297600544,-0.09695401085107794,-0.012736528868941352,0.13433311575578563,-0.005892533536267769,0.19388446592450692,0.0004998748869717317,0.2861672411958622,-0.0023616970062072373,0.44016388314903004,1.2679440726426664e-05,0.6614289311079893,0.0006274377771583095,1.364505794256775,0.007474324461032425,-0.0032938787552887327,0.12812541548758094,0.13747218740907852,0.05
1.375,2122232156,0.26630598538820005,0.1,0.08348115997879467,0.08247061195766597,0.09313456539999657,0.05316537873290176,0.0018347390253340354,0.0009918184704788473,0.0808943093515918,0.13433311575578563,0.10539731106143992,0.08231146441963005,0.03153862707617713,2.7764451051977987,0.09215566204870018,-0.127740132099151,0.38399014152360134,0.019326674639269285,12.706204736432095,0.027930943960162137,0.21038413903415118,0.3259583782882441,0.08539455714855083,0.07475195371233113,0.40400436886219226,-0.02310488604824869,0.13433311575578563,-0.015248567053767027,0.19388446592450692,0.005886002601591341,0.2861672411958622,0.0006627661214467453,0.44016388314903004,-0.0002707997653925205,0.6614289311079893,-0.002159226415000247,1.364505794256775,-0.008792048200633309,-0.0002604360349621016,0.036067377279999285,0.05540666140721907,0.05
1.375,876115461,0.11247745588594431,0.1,0.07391754777585617,0.11014521375464259,0.1170970118930545,0.09898270127592325,7.434587554761701e-05,0.009723229276331041,0.11531073206725378,0.13433311575578563,0.12624496994745882,0.08231146441963005,0.09874882832240979,2.7764451051977987,0.12759854637251075,-0.08162696652659546,0.6269137524860282,0.06987902331183188,12.706204736432095,0.08831220462916337,-0.044987739622941045,0.23707865246393744,0.11696320809322361,-0.038213505494488764,0.37538250008140284,-0.015311257994555722,0.13433311575578563,0.0019000686027380647,0.19388446592450692,-0.003089800824966807,0.2861672411958622,0.0009319519986159224,0.44016388314903004,-0.0029133767650174652,0.6614289311079893,-4.452371220500579e-05,1.364505794256775,0.005181589211731125,-0.003367863657148753,0.12903055066226612,0.2012364187476865,0.05
1.375,1946249991,0.2689876035152844,0.1,0.06156621042115429,0.04613397776562874,0.05006172297019956,0.06325138535579647,0.0005204944399124578,0.0034802433095150053,0.05625996265668218,0.13433311575578563,0.04613850379299146,0.08231146441963005,0.05907877635995778,2.7764451051977987,0.11982652907858153,0.07877627257121411,0.7441598328373529,0.04810085830794765,12.706204736432095,0.05375521769551391,0.16595899281658066,0.35453360044217463,0.055138300575451604,0.17291518456403368,0.3662117310157208,-0.023081468817431186,0.13433311575578563,-0.004230695773023681,0.19388446592450692,-0.00035793560481415073,0.2861672411958622,-0.0003254737042500466,0.44016388314903004,0.0010083556624220457,0.6614289311079893,-0.0012731585252887055,1.364505794256775,-0.004633977376651801,-0.0007831584082213434,0.06300660779158462,0.10933776591240474,0.05
1.375,1261039713,0.0849641949179582,0.1,0.06845714171540589,0.030615593141316462,0.034023275360728696,0.03767476044279827,0.0003520909222726042,0.0010672966521496335,0.05017461551912517,0.2861672411958622,0.038666279439030754,0.08231146441963005,0.03271668266427221,2.7764451051977987,0.10786300917255848,-0.08499080459687297,0.5139606431012376,0.04548391170695864,12.706204736432095,0.03128367448298514,0.0243053232868609,0.1456230665490555,0.05577453954223645,0.014357213641296156,0.24386084216535503,-0.013049250278027317,0.13433311575578563,0.0033703525720348545,0.19388446592450692,-0.0032105234094669155,0.2861672411958622,-0.0029323293923069695,0.44016388314903004,0.0006351415491153321,0.6614289311079893,-0.00047712314683632503,1.364505794256775,0.007234998758197771,-0.003436568123132814,0.1314165363530735,0.18356349395692426,0.05
1.375,1324425245,0.18674310106707548,0.1,0.05869894427327036,0.04744536692820206,0.04973198525709085,0.033113972020089616,0.00013202875470173922,0.0009645063882455388,0.024224202129590717,0.13433311575578563,0.04877193583588351,0.08231146441963005,0.031101350114794236,2.7764451051977987,0.04664843807874743,0.08578107775144597,0.34481473288916775,1e-150,12.706204736432095,0.02813554140557803,0.13823857963202657,0.23302398211422692,0.07475409842879821,0.09947487157417297,0.39242758056029914,-0.004639114762350539,0.13433311575578563,-0.006626164749234143,0.19388446592450692,-0.008135333717846511,0.2861672411958622,0.0025372220476624764,0.44016388314903004,-0.0006109249424099592,0.6614289311079893,-0.0003833199654710393,1.364505794256775,-0.004536574928471049,-0.0003959387833879118,0.04473125778811171,0.07357941122711138,0.05
1.375,467427858,-0.10488438320786114,0.1,0.0699530666440793,0.09754801890367587,0.10129741245106795,0.07800191607862438,0.0007283051528207789,0.00535599375911598,0.07088356932068782,0.13433311575578563,0.10299267867679264,0.08231146441963005,0.07329033708385352,2.7764451051977987,0.05760564449192072,-0.23164890753322787,0.08822891182948779,1e-150,12.706204736432095,0.0666916061169395,-0.21051240741840446,0.0007436410026821756,0.10302546304163772,-0.3131258859338082,0.11188911196169238,-0.010327100892104993,0.13433311575578563,0.0030780817332069863,0.19388446592450692,-0.003956899442040873,0.2861672411958622,-7.908955146451475e-05,0.44016388314903004,-0.0021622095467300063,0.6614289311079893,1.3890790675841609e-05,1.364505794256775,-0.003956945560537348,-0.0008011386987572188,0.0633013906541585,0.07523524685761972,0.05
1.375,114670813,-0.15153625347428618,0.1,0.052334863826705706,0.053164506431882204,0.06481713978099692,0.044819665171262534,0.0014621205865662356,0.0005466817994978481,0.0414906189025965,0.13433311575578563,0.06714140003633229,0.08231146441963005,0.023414991024954673,2.7764451051977987,0.05487608737109225,-0.22848005356743667,0.07624083478031497,1e-150,12.706204736432095,0.022091182369962676,-0.18650853421723354,-0.11558597468611305,0.06837839308239697,-0.24661077052365257,0.02215640519259521,-0.010062124889093353,0.13433311575578563,0.0062007938455522415,0.19388446592450692,-0.003303295194427258,0.2861672411958622,0.005823601839747357,0.44016388314903004,-0.0064884233105820515,0.6614289311079893,9.362635326939251e-05,1.364505794256775,-0.00469086663245911,-0.0004359747127912924,0.046566861156203,0.06962666458848747,0.05
1.375,62602200,-0.17487161991204253,0.1,0.0764579502883537,0.05116412447561359,0.05316541824262928,0.05528983678224567,0.00045438865841522687,0.0026025773929921397,0.07860586834743521,0.32612014812863077,0.05840327643166135,0.08231146441963005,0.05108913086921606,2.7764451051977987,0.10624634250886285,-0.6243496247567984,-0.03437534954899635,0.08336474393732189,12.706204736432095,0.04351738638684245,-0.24980547154433377,-0.10602432295222877,0.06613541320463545,-0.34746303587204064,-0.10001041837891955,-0.02078649049493688,0.13433311575578563,-0.0007986652276423205,0.19388446592450692,-0.0006626151624430497,0.2861672411958622,0.0015489236160748472,0.44016388314903004,-0.0002476371830755208,0.6614289311079893,-0.0030788524420798983,1.364505794256775,-0.0020045610054005517,-0.0017915717327428348,0.09429586779851355,0.14219096765265177,0.05
1.375,1566627011,0.06234111889694151,0.1,0.06200352092254427,0.03921482428141794,0.044593961450081515,0.020888336656887396,9.197332009309718e-05,0.0003443492881983686,0.029588492500314454,0.13433311575578563,0.04618708089599521,0.08231146441963005,0.018583447402325846,2.7764451051977987,0.10917889060612229,-0.2891399181349303,0.317118474693658,1e-150,12.706204736432095,0.017471507253303185,0.029113765266347152,0.09496434307832828,0.04860392214478177,-0.011981591812752355,0.1699618092816138,-0.010837485773295814,0.13433311575578563,0.0019764748638130673,0.19388446592450692,-0.0010748805982538781,0.2861672411958622,-0.0003528891289508169,0.44016388314903004,-0.0028598681768189395,0.6614289311079893,0.00036233397719989663,1.364505794256775,0.00030454149001655183,-0.0017715833328103034,0.09408325239744887,0.1319970126601054,0.05
1.375,1258594465,-0.045333646930792254,0.1,0.06464259051139161,0.05720297008233467,0.05598004668516397,0.06899439832493424,-0.00027890834675926846,0.005039135346978957,0.05826100924464063,0.13433311575578563,0.04664102969277398,0.08231146441963005,0.07108937559136547,2.7764451051977987,0.2237944147468444,-0.9329398514883975,0.30976596330056677,0.050828272394107074,12.706204736432095,0.06699725617907501,-0.15400677310080235,0.06316489724774887,0.07132705090445196,-0.22324511935055047,0.030249107379782945,-0.014288442621907189,0.13433311575578563,-0.0012128054280621553,0.19388446592450692,0.003522888019536589,0.2861672411958622,-0.0028562495443493867,0.44016388314903004,-0.0012353912085399067,0.6614289311079893,-0.00041810663647365054,1.364505794256775,-0.0070768128409522514,-0.0001167827253810022,0.024097616275263932,0.04105003663642391,0.05
1.375,1782384794,-0.11836886495481698,0.1,0.06282565072552343,0.03426207902581509,0.03126599373487905,0.03826933810869084,7.759971521939676e-05,0.0013869425240579003,0.03892697391171852,0.13433311575578563,0.03191349691674771,0.08231146441963005,0.03729545586881452,2.7764451051977987,0.10042877362964518,-0.42567691622089665,0.1319930377091956,0.02635769992180025,12.706204736432095,0.033726075368773964,-0.17459407055606402,-0.04659477847501749,0.07769900186225516,-0.4032092131810826,-0.0804823357040852,-0.0085411756087892,0.13433311575578563,-0.0012280493095170562,0.19388446592450692,-0.0032708177634136826,0.2861672411958622,-0.000278423474936821,0.44016388314903004,0.0011252849230489752,0.6614289311079893,-0.002696684927866983,1.364505794256775,-0.0031021111562348626,-0.0009099985710459653,0.06728561367943785,0.08428516302429023,0.05
1.375,900406478,-0.007459797051937616,0.1,0.06725191560203177,0.06497130333684908,0.06370751262882643,0.07949678387044985,6.608913750060213e-05,0.006253649508244414,0.09116784416335517,0.2861672411958622,0.06352707036232255,0.08231146441963005,0.07919421468624545,2.7764451051977987,0.17782957234093819,-0.6784408929654691,0.3090271984053623,0.08723090532702452,12.706204736432095,0.07517553150362666,-0.12212096666747158,0.121256572826456,0.07601657716336414,-0.21427462276613501,0.08101417256868063,-0.010840078140513335,0.13433311575578563,0.003623492775646506,0.19388446592450692,-0.005405502274389465,0.2861672411958622,0.0003128052905328179,0.44016388314903004,0.0011870985320195275,0.6614289311079893,-0.003948863165513612,1.364505794256775,0.0006128870940587984,-0.002187052723679802,0.10408180444439294,0.1339174620268912,0.05
1.375,1951131317,0.05054508250924303,0.1,0.07356303489112477,0.04715653975589834,0.0446222477844101,0.03610306961446265,-0.0003210534170959296,0.0016244850526826657,0.044517268325615894,0.13433311575578563,0.048109945785689154,0.08231146441963005,0.04036310315359225,2.7764451051977987,0.07267793189974613,-0.12754177191812313,0.27603080463977503,0.026699412052872247,12.706204736432095,0.03529055301778437,-0.0051972415263370954,0.11654453995199322,0.1063360486840018,-0.01920497562450765,0.17224909498641663,-0.01055540434198193,0.13433311575578563,0.00675653676045912,0.19388446592450692,0.0032554770474620856,0.2861672411958622,-0.006866350141177318,0.44016388314903004,0.0010659245339922625,0.6614289311079893,-0.0016783555167194963,1.364505794256775,-0.004931512058649342,-0.000557083872067205,0.05280212355288811,0.06805611866332359,0.05
1.375,874738441,0.43009886370245876,0.1,0.09055759629018875,0.05888906217004278,0.06317538122526486,0.08437907989342049,0.0005340460038294722,0.006585783119830765,0.0969205547247567,0.2431366342882323,0.06874509904362651,0.08231146441963005,0.08127002630177005,2.7764451051977987,0.1707662262937963,-0.04631373096649932,0.9019323752865216,0.09171062327550317,12.706204736432095,0.07659034500833362,0.28125402486800194,0.5613005628239448,0.08447416923731917,0.31416642447877763,0.6190355370810224,-0.018744026023469088,0.13433311575578563,-0.008447333868297975,0.19388446592450692,-0.004611781431929129,0.2861672411958622,0.004799624284366223,0.44016388314903004,-0.0021364229598769264,0.6614289311079893,0.00016958461986227655,1.364505794256775,-0.006042941806750941,-0.000302294419068099,0.038809917343644446,0.04718318125025297,0.05
1.375,685208547,-0.16391896849191853,0.1,0.07463847604346695,0.09565731760930474,0.1007001853222616,0.09287999022826922,0.0015734666547565501,0.007053225930046836,0.08157690253119639,0.13433311575578563,0.09696339354976669,0.08231146441963005,0.08410476191088961,2.7764451051977987,0.09963959362785077,-0.2631759946857551,0.29011172933813306,0.08193777468207314,12.706204736432095,0.07425721735447482,-0.29033302764132873,-0.036374011776964386,0.12942986667445464,-0.28492389191383277,0.22112881629334605,-0.014266484378974735,0.13433311575578563,0.000212154613885667,0.19388446592450692,-0.004965835388853088,0.2861672411958622,0.00408592139858812,0.44016388314903004,-0.0016643544907819898,0.6614289311079893,-0.0008793333054721847,1.364505794256775,-0.003606873545631894,-0.0005289428609412632,0.05155898179155943,0.07397822201370308,0.05
1.375,1960015152,0.05588194898189239,0.1,0.08539493446925218,0.06122371516310171,0.07598687070187717,0.07813206460343021,0.00028367936489318664,0.005820940154301406,0.08345551604303006,0.13433311575578563,0.0818593884373683,0.08231146441963005,0.07640525950979375,2.7764451051977987,0.26137629727990025,-0.3345776213177484,1.116816261077259,0.06154541449874994,12.706204736432095,0.06631276568992372,-0.05531190324863313,0.15451630367455393,0.08923326723726888,-0.029133123460746854,0.3048355693758748,-0.006034765865796648,0.13433311575578563,0.012474789005564441,0.19388446592450692,-0.005494365901069241,0.2861672411958622,-0.0034883709083555073,0.44016388314903004,-0.0026909491844281505,0.6614289311079893,0.00018431952495973593,1.364505794256775,0.0027322220789066398,-0.0027664386236751493,0.11747093777993864,0.19179635321198948,0.05
1.375,1967642642,0.11674822424822166,0.1,0.09343510301112731,0.08664619674100216,0.11597022636690395,0.11483692656447439,0.0061647731008917924,0.007022746601882691,0.11308740251482248,0.13433311575578563,0.12430082427394985,0.08231146441963005,0.08392284288189637,2.7764451051977987,0.05585543521214913,-0.0347465749424149,0.27541252444451353,0.07066799317928169,12.706204736432095,0.0703295476183999,0.002682783453537979,0.23016896770871448,0.09212720307809602,-0.04193563076946955,0.3007888920319985,-0.017248637992135045,0.13433311575578563,0.0034846270552608962,0.19388446592450692,-0.00044819854933563223,0.2861672411958622,-0.001108706818582975,0.44016388314903004,-0.0028906815401542555,0.6614289311079893,0.001433776601690651,1.364505794256775,-0.0049279038241037965,-0.000518852686989048,0.05092251812384973,0.06957307034293392,0.05
1.375,956792618,-0.05061077884033541,0.1,0.0753089877292934,0.04848532046764692,0.05091931318511708,0.05042491870285375,0.00030784037232036224,0.002234832053869047,0.0601786848842801,0.13433311575578563,0.05742966384382974,0.08231146441963005,0.04734227609703466,2.7764451051977987,0.07088513911028017,-0.30515706148230265,0.0884603335457022,0.03655664722621052,12.706204736432095,0.040966259167591584,-0.1282466312265476,0.018697659978458223,0.07185738737770653,-0.25454140315604146,0.02352007896526429,-0.013265149115590747,0.13433311575578563,-0.00448771552249441,0.19388446592450692,0.003890456291880376,0.2861672411958622,-0.003851265041197364,0.44016388314903004,0.00039134328460188925,0.6614289311079893,-0.001291264237475692,1.364505794256775,-0.0005853895986981534,-0.0017567072738014086,0.09393628447639253,0.12063843972029453,0.05
1.375,2063953952,-0.11716104784489502,0.1,0.08735183526329131,0.0561068645789803,0.06477728187122028,0.04260356021171736,0.0009174912767716441,0.0008975720659417822,0.04980756390129636,0.13433311575578563,0.07220371124725904,0.08231146441963005,0.03000276995313415,2.7764451051977987,0.05268220575241695,-0.2579689233212195,0.034569581263423174,0.03903171715375355,12.706204736432095,0.024267878209888478,-0.1689516228508996,-0.06537047283889044,0.07245371316180726,-0.28208812626052143,-0.005817573437529624,-0.021069660254391293,0.13433311575578563,0.0017629549371801566,0.19388446592450692,-0.0015094800750555905,0.2861672411958622,-0.0014913634468687775,0.44016388314903004,-0.0008616709196356262,0.6614289311079893,0.0009306718673711702,1.364505794256775,-0.004529933481247618,-0.0006222654505985268,0.05575633499007854,0.08710181051175385,0.05
1.375,365560100,0.48692237458970633,0.1,0.0757497569115819,0.0771112108861375,0.09751239980750893,0.10251981838913224,0.0033441504851630874,0.007166162677377569,0.12521769178946543,0.19388446592450692,0.10999000633356795,0.08231146441963005,0.08477543353001715,2.7764451051977987,0.19424017891721854,-0.1416271337367227,0.9369672542381895,0.11927774134156471,12.706204736432095,0.0693195481147516,0.3279248493935399,0.6459198997858728,0.08261230940644711,0.3674424148233432,0.6826534564563573,-0.007652567327473065,0.13433311575578563,-0.003230231174712182,0.19388446592450692,0.0032026371555175645,0.2861672411958622,-0.0008837862220734026,0.44016388314903004,-6.996924933687427e-05,0.6614289311079893,-0.0030167441441024305,1.364505794256775,0.00025503131502468534,-0.0017176472817724475,0.09258668350186211,0.13840350148724326,0.05
1.375,976872709,-0.00954050907873584,0.1,0.07692142092267376,0.07052317740072869,0.07492097271488256,0.10549401214668311,0.000758912012293827,0.010370074586510696,0.13633064811293077,0.2431366342882323,0.08482206275053851,0.08231146441963005,0.10198061531656172,2.7764451051977987,0.18497923907078187,-0.7318588105435644,0.29531059521900715,0.13389448406567664,12.706204736432095,0.08742319370428621,-0.16928195162970033,0.14702887746159515,0.09361673216833401,-0.28495174140512514,0.08889475673285133,-0.015481664484073747,0.13433311575578563,0.004379333442491576,0.19388446592450692,-0.0006066586780294087,0.2861672411958622,-0.0034558413396934425,0.44016388314903004,0.0001257092861605387,0.6614289311079893,-4.408193030368512e-06,1.364505794256775,-0.0014209129664599569,-0.0012270375318873476,0.07851842036334632,0.11015142839829462,0.05
1.375,1415394291,0.10076772439682324,0.1,0.07300413494323718,0.0796870979323415,0.07940639693656319,0.07407664912949324,0.0005497955838161435,0.004937554362437909,0.08323236391933336,0.13433311575578563,0.08648226584789498,0.08231146441963005,0.0703692031414926,2.7764451051977987,0.12402665155653932,-0.36700723961975723,0.32169913963669583,0.04612026626119097,12.706204736432095,0.06605393175095725,-0.02705361729745631,0.22046443031705554,0.10131736729604819,-0.20795899886598895,0.23790149275783645,-0.023742526628751565,0.13433311575578563,0.0034682089328026034,0.19388446592450692,0.0021758771329627624,0.2861672411958622,-0.0032893247427657974,0.44016388314903004,-0.0006238607300448188,0.6614289311079893,0.0004473430007667745,1.364505794256775,-0.0006536992324124189,-0.0017189350434471816,0.09219454172942639,0.1473474976458332,0.05
1.375,118195527,-0.16737361684223942,0.1,0.06823074975311,0.04641768370526703,0.04527285761921335,0.06262395944142957,0.00010579064492221386,0.0038159696511996023,0.06596775501002405,0.13433311575578563,0.04969859995581838,0.08231146441963005,0.06186273890816999,2.7764451051977987,0.09105852480249017,-0.5849288835632194,-0.07929089261440697,0.059821762505181134,12.706204736432095,0.054547842778589116,-0.25610133482522046,-0.0786458988592584,0.08238022390957887,-0.3906538299486979,-0.08445170542027958,-0.020872535677822365,0.13433311575578563,0.0012502520290947118,0.19388446592450692,-0.0017265632101971004,0.2861672411958622,-0.0011705903428351394,0.44016388314903004,0.001497008593137685,0.6614289311079893,-0.0009160881794997289,1.364505794256775,-0.004805822758409438,-0.00034382322956712984,0.04163073178597367,0.0633112984339406,0.05
1.375,1628922179,0.3710438435997078,0.1,0.07391229430420558,0.06127692952385254,0.06235199859701964,0.044148116316757,0.0005232207095638782,0.0014258354647540274,0.04522516410633527,0.13433311575578563,0.06189440310125478,0.08231146441963005,0.037814764001668326,2.7764451051977987,0.0891291249604422,0.1502629399035465,0.645187185357512,0.012770093767485299,12.706204736432095,0.03424392513657761,0.3096292194111095,0.4297780470960154,0.07305514108593641,0.2333251703600291,0.49356066832858253,-0.017295933393850223,0.13433311575578563,0.0006345962897359223,0.19388446592450692,-0.0030819515205007023,0.2861672411958622,0.0007754400265684579,0.44016388314903004,-0.00014727737778458242,0.6614289311079893,-0.0010939454803893186,1.364505794256775,0.002563106265950594,-0.0023433434680226613,0.1082939023096573,0.12193471504216065,0.05
1.375,800078288,-0.3037259915282237,0.1,0.06481589162104344,0.03954831330277921,0.0445722827811625,0.05013556347897849,0.0003294014313294589,0.0021841732940252228,0.05818101059388551,0.32612014812863077,0.048828900013266494,0.08231146441963005,0.04680262742200837,2.7764451051977987,0.10833680968933873,-0.6811526454882509,-0.07957023553883102,0.05851493273465728,12.706204736432095,0.03988242844607703,-0.37870362862088774,-0.2424335266993674,0.0499518813515947,-0.3973330237421633,-0.2163451850150561,-0.008646476465452756,0.13433311575578563,-0.009846876796575085,0.19388446592450692,0.0031210333248072974,0.2861672411958622,-0.001524213694275436,0.44016388314903004,-0.001520570563199853,0.6614289311079893,9.133951330095547e-05,1.364505794256775,-0.0055049881420151615,-0.0003453616614785018,0.041407707516297194,0.07093770433986747,0.05
1.375,1256615377,-0.05364502439374893,0.1,0.0549142420147484,0.046038858253004064,0.0441709134032723,0.05799652412462673,-0.0002240959149591305,0.0035876927254975413,0.0551927023363071,0.13433311575578563,0.042093099307702754,0.08231146441963005,0.05998384598887833,2.7764451051977987,0.07687390085395515,-0.34628547594426373,0.0805868555425856,0.047256411294169354,12.706204736432095,0.05753219322096218,-0.16929215093743732,0.06200210214993946,0.07497363695705736,-0.14303624283812258,0.20318100450374507,-0.013591344782078034,0.13433311575578563,0.005780628991106398,0.19388446592450692,-0.005216845255915082,0.2861672411958622,-0.001630671513385059,0.44016388314903004,0.0017410830276548763,0.6614289311079893,-0.0014425476835959773,1.364505794256775,0.000562662762053373,-0.0015674827419399414,0.08826242761625412,0.1349531134549387,0.05
1.375,727208320,-0.12763846535618636,0.1,0.07010819915399362,0.06893507274910156,0.06638552699139214,0.08209094824988322,0.00025265471727475494,0.006486269067290251,0.08215154731639611,0.13433311575578563,0.06846683632624456,0.08231146441963005,0.08065367635564583,2.7764451051977987,0.10480414542166752,-0.5536871774552616,0.02827873566559247,0.06189095416834375,12.706204736432095,0.0741298229532295,-0.2423531018284367,-0.009273717836697365,0.08556671004765413,-0.30796917233816185,-0.00341750551568994,-0.013557163862946664,0.13433311575578563,0.0052138623563374445,0.19388446592450692,-0.003949509178421277,0.2861672411958622,-0.00267167641664475,0.44016388314903004,0.0027015298631803807,0.6614289311079893,-0.0026286749874486273,1.364505794256775,-0.0012839555471336514,-0.001336816213847577,0.08138193557206742,0.1172911717788997,0.05
1.375,102625351,0.1971729623068163,0.1,0.05762271243386623,0.05369430836772217,0.04900496074308273,0.05345406657643841,6.307010548688326e-05,0.0027942671280714267,0.05260365254714235,0.13433311575578563,0.05000222398489904,0.08231146441963005,0.05293716128228398,2.7764451051977987,0.04166998633904859,0.055817242510842566,0.28720610172026373,0.035995949803354264,12.706204736432095,0.046577497048266865,0.12184092870691698,0.2757310898834693,0.056536514572402066,0.0632402337269695,0.2707780558192776,-0.008934953077733461,0.13433311575578563,-8.508756820745837e-05,0.19388446592450692,0.0016826501594328972,0.2861672411958622,-0.0005774764805205419,0.44016388314903004,-0.00199716557570132,0.6614289311079893,-0.0005475483254054663,1.364505794256775,0.000507112085332158,-0.0015666776943283323,0.08851502353821943,0.12279485634412891,0.05
1.375,1173374025,-0.13606466348326704,0.1,0.07842330095688775,0.0555626489488248,0.06132519219249054,0.0665821445149921,0.0006947783180665692,0.003738403650148724,0.09069010517388187,0.19388446592450692,0.0735929421990503,0.08231146441963005,0.061230778902246076,2.7764451051977987,0.12438567165726032,-0.6857239835673279,0.004975994891753988,0.08318795709251074,12.706204736432095,0.053055220790268025,-0.23159286712663,-0.03174838901359485,0.14031583030404055,-0.5721381484825517,-0.07472127335901338,-0.026319452159970332,0.13433311575578563,0.008502413526667025,0.19388446592450692,-0.005321305340845733,0.2861672411958622,0.0006899570371039697,0.44016388314903004,0.00023248457808490525,0.6614289311079893,-0.0013406988922370054,1.364505794256775,-0.0031094767331889756,-0.001212283448108995,0.07821693087827865,0.13053723829493355,0.05
1.375,1457416203,0.06301576075210422,0.1,0.0639356469431473,0.04265782853985014,0.04665986984173643,0.05802353331805157,7.965564321235174e-05,0.003287074775498689,0.06117558941968418,0.13433311575578563,0.05230564757576647,0.08231146441963005,0.05741580785474367,2.7764451051977987,0.05724616220386088,-0.031342841256517096,0.2865388124280205,0.04772989179807979,12.706204736432095,0.04953499926862017,-0.022067580306508752,0.1450378403450034,0.04919161567185193,0.001546145961283659,0.1925093565197195,-0.014316630279114125,0.13433311575578563,-0.002013520187820178,0.19388446592450692,-0.00248260984336361,0.2861672411958622,-0.0004856855475053718,0.44016388314903004,-0.0014063133228787083,0.6614289311079893,0.0006252265243236261,1.364505794256775,0.00016546513508456872,-0.0017853978557055533,0.09480059478705784,0.12530890092954464,0.05
1.375,2073493269,0.12039204290822901,0.1,0.07230685917484,0.09425773528716037,0.09852252379363144,0.10856499228084465,0.00041514996587169867,0.011371207583068161,0.1181735348024083,0.13433311575578563,0.10809512313844252,0.08231146441963005,0.1067898513196312,2.7764451051977987,0.09878704447181985,-0.12767108077146858,0.4208825313900144,0.09319412236125213,12.706204736432095,0.09490978999077981,-0.030173495410381404,0.3124482617441981,0.08568949684812807,-0.046458035606833856,0.24588527649319608,-0.01752980115595219,0.13433311575578563,0.005524790216467356,0.19388446592450692,-0.003298369667958456,0.2861672411958622,-0.0020041277309126994,0.44016388314903004,0.0016098763409771956,0.6614289311079893,-0.0012886570922319052,1.364505794256775,-0.004325817241941769,-0.0004719473617379806,0.048509748104358735,0.07417871253802673,0.05
1.375,1507851868,-0.20349913350940188,0.1,0.07863295551500271,0.09261162555736165,0.09121991801248025,0.08559802010564767,0.00017060616947746007,0.007156414876529403,0.07280895217131972,0.13433311575578563,0.08374600605220692,0.08231146441963005,0.08471775585152955,2.7764451051977987,0.13129071575061796,-0.3188238451485199,0.4102190850589176,0.04399749450497434,12.706204736432095,0.07601954584126944,-0.31875474576182666,-0.07843286228591652,0.11476099064945032,-0.36162549393002563,0.02839067863836339,-0.024809068989235624,0.13433311575578563,0.001568803955906852,0.19388446592450692,-0.000829542056737102,0.2861672411958622,-0.00042979497183681415,0.44016388314903004,0.0005595918968044199,0.6614289311079893,-0.0015047174583302217,1.364505794256775,-0.004851911215569625,-0.0008737709111272229,0.06617233821701222,0.09097433780638324,0.05
1.375,1930991489,-0.11495175890623725,0.1,0.06944357047176111,0.07092291072471482,0.05938126832034227,0.02549708591822868,-0.00039921683878737287,0.001049318229108908,0.009573130172974837,0.13433311575578563,0.0602491997729931,0.08231146441963005,0.03243995901282447,2.7764451051977987,0.16033348365969308,-0.3421514628248633,0.5481627689876689,1e-150,12.706204736432095,0.02883721482686237,-0.16984413736471243,-0.0608291773855998,0.07339271921735123,-0.27770426418116,-0.016942490186790816,-0.013131094349785415,0.13433311575578563,-0.0008423823544178687,0.19388446592450692,-0.00017768440282787403,0.2861672411958622,-0.002657795629654345,0.44016388314903004,-0.000985531248601529,0.6614289311079893,0.0008618251623766056,1.364505794256775,0.002672914757978341,-0.0022411754851025187,0.10582905061403687,0.13577366014462838,0.05
1.375,82235014,-0.20299137592866984,0.1,0.07722167700283063,0.06003304034863111,0.06434271782762842,0.0644190312491348,0.0004385589320354908,0.0037112526550415136,0.05691588446880362,0.13433311575578563,0.061218449971926,0.08231146441963005,0.06100802257723494,2.7764451051977987,0.10004541717521329,-0.57224054926418,-0.016699331636994608,0.04338870195079989,12.706204736432095,0.0576116228045382,-0.30649595977024524,-0.11229967382925952,0.07145557232148844,-0.3155781260747726,-0.06400928596565332,-0.014678418892776551,0.13433311575578563,-0.0011608363404120422,0.19388446592450692,0.0006099107777822596,0.2861672411958622,0.00036763389538174175,0.44016388314903004,-0.0001984958801214454,0.6614289311079893,-0.002556589748380662,1.364505794256775,-0.0064058810065346404,-0.00027362116854080874,0.036828556092198414,0.058825661701905875,0.05
1.375,22182036,-0.17515405935744535,0.1,0.07442406763629823,0.04576743160639013,0.042376445229423944,0.05519941663518822,0.00013566541656962134,0.002911310180295473,0.061150645351794056,0.19388446592450692,0.04444526352053736,0.08231146441963005,0.05403447391775,2.7764451051977987,0.06947711444969742,-0.2702033526258716,0.11559543604838773,0.0461078415422952,12.706204736432095,0.048643053254332436,-0.25884571441136867,-0.09511572472502261,0.07489828176631293,-0.25273242727977785,0.009308827179313885,-0.012377545464912678,0.13433311575578563,-0.002450672631511457,0.19388446592450692,-0.0017760154317937264,0.2861672411958622,-0.0030307806819490795,0.44016388314903004,-0.0005259257728549121,0.6614289311079893,0.0008265932056139082,1.364505794256775,-0.0017025167002097574,-0.0013923601639934551,0.0830844013431427,0.11695156140791174,0.05
1.375,2053694638,-0.39922451192347497,0.1,0.07087299392288737,0.048952430923744794,0.05095924096844142,0.07634782552813271,-1.957892882524081e-05,0.005848569391699435,0.07881684942958586,0.13433311575578563,0.05545723967236568,0.08231146441963005,0.0765863745808889,2.7764451051977987,0.09650765791318018,-0.6227134894683073,-0.0868170606140019,0.07228847098842292,12.706204736432095,0.06927309594127005,-0.51908936880754,-0.27935965503941007,0.06449036930444511,-0.5378190314934956,-0.2866483710316237,-0.015198849827725899,0.13433311575578563,-0.0027255723261373826,0.19388446592450692,-0.001956466583186432,0.2861672411958622,0.002514654056387441,0.44016388314903004,-0.001992928877497281,0.6614289311079893,-0.00018962972082580475,1.364505794256775,0.0011088403568506515,-0.001798639451770194,0.0946935598188115,0.10863260850717255,0.05
1.375,249346438,0.15503983877326927,0.1,0.07558059503389772,0.048348523576165266,0.04970818463685548,0.0411633315553738,0.00022887329876800696,0.0014655465659696256,0.035930043731885124,0.13433311575578563,0.048374739977336954,0.08231146441963005,0.03833773923546222,2.7764451051977987,0.18633839052433687,-0.5605210060159447,0.4741956185475173,0.013771899012558002,12.706204736432095,0.032805964044190825,0.09393047036246122,0.21817669513386131,0.059715616183514335,0.0007084399586580348,0.22771086109278765,-0.011411164844789363,0.13433311575578563,0.004904214204601164,0.19388446592450692,0.0020806728969266935,0.2861672411958622,-0.0048034573817654245,0.44016388314903004,-0.001691509798206239,0.6614289311079893,0.0008815169224214584,1.364505794256775,-0.004527615594644498,-0.0005263167404414353,0.05106345337246665,0.07513008088142276,0.05
1.375,443794378,-0.18626792833780778,0.1,0.06881878723009298,0.03489780757886051,0.028231496102991003,0.023138331022081217,6.898509213515078e-06,0.0005284838532738909,0.02198501201029461,0.13433311575578563,0.029516700870016194,0.08231146441963005,0.023021973487397894,2.7764451051977987,0.09105999157796382,-0.4104658237643646,0.09518031202761623,1e-150,12.706204736432095,0.017199750896033827,-0.21852623926377923,-0.15617738275032853,0.09882129700488929,-0.24757508113703502,0.12626871150077146,-0.018129944950107082,0.13433311575578563,0.0062102527366412,0.19388446592450692,0.002158676204619021,0.2861672411958622,-0.002422299822375197,0.44016388314903004,-0.0018719980989673043,0.6614289311079893,0.000562326829063756,1.364505794256775,0.005792469654557793,-0.0030046655871048514,0.1225578456920613,0.18335228636476025,0.05
1.375,679198624,-0.06293517950335673,0.1,0.07910072150721775,0.04780731989441103,0.03806381665304862,0.007146428587013841,-0.0006952568928065728,0.0007463283343558615,0.017617586528291995,0.2431366342882323,0.038266059415002725,0.08231146441963005,0.027358460348916716,2.7764451051977987,0.07933945747798796,-0.3257131270578789,0.11485016966973824,1e-150,12.706204736432095,0.02378566135768151,-0.11062139505135898,-0.01655119983181017,0.05152560877637018,-0.16468792680866337,0.02785819214716308,-0.0031402946281258648,0.13433311575578563,0.005164536221930606,0.19388446592450692,-0.004936747002809672,0.2861672411958622,0.0014465690411609986,0.44016388314903004,-0.00034931237770588995,0.6614289311079893,-0.003943981359631479,1.364505794256775,-0.0012767787319412738,-0.0014139877299539272,0.08451282373467613,0.1458135257146072,0.05
1.375,1964871685,0.1875741561975508,0.1,0.06975762955952773,0.029210409134282328,0.028291445582387848,0.03008127876464058,-7.087764476702558e-05,0.0009757609768830419,0.02668579362823596,0.13433311575578563,0.027575512885035677,0.08231146441963005,0.03128228085215877,2.7764451051977987,0.16669775940725667,-0.38241915332727716,0.543235202980159,0.022204529525063597,12.706204736432095,0.027775832829721327,0.13956155786383767,0.24718072089578885,0.03585059223912778,0.13683083060942763,0.2740113205557292,-0.005771705583342159,0.13433311575578563,0.003966858015177909,0.19388446592450692,0.0057646066756767405,0.2861672411958622,-0.0036965081051166197,0.44016388314903004,0.0011114756290978058,0.6614289311079893,-0.005540326039949928,1.364505794256775,-0.00210976354018028,-0.001451869776170796,0.0851754323320845,0.11832013537039074,0.05
1.375,816586826,0.057959161622196026,0.1,0.07467245380778308,0.03589417130009885,0.04056958484529549,0.03493808214032424,0.0001722992465424658,0.0010483703371015778,0.03937155896492426,0.2861672411958622,0.04305029852967312,0.08231146441963005,0.03242530353249026,2.7764451051977987,0.083912525175893,-0.11202504520998943,0.35393199436880085,0.03611398490885377,12.706204736432095,0.026444501903332345,-0.00042167226776837485,0.09843951811571211,0.06816200722582187,-0.1347637556124451,0.11749802063575696,-0.015589261089570578,0.13433311575578563,-0.004227350352089786,0.19388446592450692,0.0012280884344680742,0.2861672411958622,0.0021249315259922307,0.44016388314903004,-0.0025785590590686846,0.6614289311079893,-0.0004927317972470243,1.364505794256775,-0.005489889333134948,-0.00037311736839275024,0.04296287327973669,0.06961676996800042,0.05
1.375,1332803548,-0.08911807170725698,0.1,0.07287264137378606,0.058243948296146104,0.06263992663898889,0.07868297064255075,0.00023779516666160754,0.005953214702474895,0.0769021216130187,0.13433311575578563,0.06129077900194712,0.08231146441963005,0.07726849633139247,2.7764451051977987,0.13153223437678405,-0.3429137630795932,0.38747029354271023,0.06833373684111617,12.706204736432095,0.06589712867583351,-0.1930400076735856,0.013207190602182423,0.06399110242611794,-0.22683925210933584,0.01998448290968074,-0.01856460076470094,0.13433311575578563,-0.013113411125302963,0.19388446592450692,0.0032159256125257486,0.2861672411958622,0.00016770962426973556,0.44016388314903004,-0.002543091406834317,0.6614289311079893,0.001275814495776662,1.364505794256775,-0.006609195800760217,-0.0003797789142582493,0.04359481723740878,0.05870696995382284,0.05
1.375,1657424895,-0.11904595832496764,0.1,0.06119743750627128,0.05598592402173331,0.05700866295289755,0.0723142556810059,0.00015839938060137988,0.005070952194096514,0.05895729945092476,0.13433311575578563,0.04686631185531952,0.08231146441963005,0.07131344982044638,2.7764451051977987,0.13434614411407694,-0.7086393192377289,0.037370069217724955,0.05097251882289727,12.706204736432095,0.06567032667238351,-0.21662126260946435,-0.011540082108953714,0.05858736550312512,-0.23529347936130768,-0.027236204755611552,-0.022867038892184187,0.13433311575578563,0.0001750442763139731,0.19388446592450692,0.0017883401763491673,0.2861672411958622,-0.00173112661711006,0.44016388314903004,-0.0002979729800507201,0.6614289311079893,-3.677800901066738e-05,1.364505794256775,0.005220655012859257,-0.003033241834991867,0.12281332752119224,0.18120540691975592,0.05
1.375,133547833,-0.032499827001346335,0.1,0.0708558716168011,0.08660562500589838,0.08827967359491323,0.08029262733625643,0.0006620391217147274,0.005784866882844226,0.10226284588000803,0.13433311575578563,0.10109963243875443,0.08231146441963005,0.0761681439401785,2.7764451051977987,0.13808203994582252,-0.6240102585095326,0.14274414933707907,0.07544306795533194,12.706204736432095,0.07105680968491465,-0.15443304330348673,0.08943338930079399,0.17327410433207366,-0.656058382799124,0.04478961308313309,-0.009093737889302027,0.13433311575578563,-0.006011023310732562,0.19388446592450692,0.003560878976831233,0.2861672411958622,-0.0015403139708314946,0.44016388314903004,0.0015808886558880675,0.6614289311079893,-0.003713753679435545,1.364505794256775,-0.005324708567457721,-0.0003753090182459647,0.04351970408096824,0.06806129993495852,0.05
1.375,1165040663,0.16020207239370549,0.1,0.08197981446645358,0.07059328630682493,0.06964602009443573,0.08872297513057952,0.00022030069864991363,0.007651465617371518,0.09165926525509138,0.13433311575578563,0.07357465716265707,0.08231146441963005,0.08759897076935015,2.7764451051977987,0.06942919269082162,-0.012051307224308694,0.37348137718422425,0.0727119950881011,12.706204736432095,0.0799114205653954,0.014473695391098162,0.27479793488348714,0.09500525351670318,0.011621232023988615,0.3561627181794028,-0.006637320990413867,0.13433311575578563,0.002898010458246116,0.19388446592450692,0.005141169708325935,0.2861672411958622,-0.008771057740235053,0.44016388314903004,-0.004703281818374987,0.6614289311079893,0.0037067589323847494,1.364505794256775,-0.006403253653761754,-0.0005642212457170887,0.05305570664803822,0.06393913784805617,0.05
1.375,127415433,-0.12436680660533539,0.1,0.08750388484205654,0.07775179431897167,0.08210875983990688,0.05823010681277123,0.0011717617819015994,0.0022189835575251466,0.07689651388345865,0.13433311575578563,0.09158722978119378,0.08231146441963005,0.04717411159525139,2.7764451051977987,0.10654074891943652,-0.45585133082920976,0.13575775085374459,1e-150,12.706204736432095,0.03967502220602453,-0.1928790246027118,-0.055536180039453764,0.07408956777592696,-0.26640936216812033,0.0007499368438994574,-0.019148693940484185,0.13433311575578563,-0.0049575919179777285,0.19388446592450692,0.00029371829572502893,0.2861672411958622,-0.0007075970509916133,0.44016388314903004,-0.0019484153004876387,0.6614289311079893,0.0008285443891773141,1.364505794256775,-0.003404128034332743,-0.0012114904762838238,0.07751652184804303,0.13504825987447733,0.05
1.375,1418483937,-0.2110066567972813,0.1,0.06643160228944545,0.019692344929288095,0.024074386763161433,0.021637777954943004,3.872176515833629e-05,0.0004294716696690811,0.019361669471831128,0.2861672411958622,0.021198671056973043,0.08231146441963005,0.02075362419601166,2.7764451051977987,0.11898460475294226,-0.5625229189978594,0.09818552792254306,0.01738531931239846,12.706204736432095,0.01725956924341935,-0.24757795942044206,-0.1782493591360744,0.06701963446665792,-0.274405390050165,-0.04201125713417267,-0.012741454078847577,0.13433311575578563,0.003707450356223186,0.19388446592450692,0.001374926815387569,0.2861672411958622,-0.0049812160264679035,0.44016388314903004,0.00012760008135799484,0.6614289311079893,-5.7833225367447794e-05,1.364505794256775,-0.004004671346747487,-0.0006572328257427776,0.05731208793574156,0.0892762933687469,0.05
1.375,2031136130,-0.26745814279318925,0.1,0.06350946740765256,0.06502521271906365,0.0695311340561218,0.07468435368960445,0.0008673901667441766,0.004710362519289758,0.05824936482868846,0.13433311575578563,0.06210601885155022,0.08231146441963005,0.06873118858128656,2.7764451051977987,0.06063831809608249,-0.4675648676295943,-0.13084694469900365,0.03989414369261427,12.706204736432095,0.06306091349336705,-0.3651200659731323,-0.1697505135734941,0.056832626650345275,-0.3382060596782204,-0.12293911130621926,-0.015467090221756064,0.13433311575578563,-0.0009711527487869738,0.19388446592450692,-0.000614065781346914,0.2861672411958622,0.001286651455750343,0.44016388314903004,-0.0015944442169984485,0.6614289311079893,-0.0005052972630025256,1.364505794256775,-0.0043947415051977775,-0.0004844001945047873,0.04905834430819037,0.05977152988639467,0.05
1.375,1749269085,-0.23966801004410473,0.1,0.0705320504238106,0.06167580461493325,0.062464554188542826,0.02652990022497621,7.30556798907156e-06,0.0006965300379581211,1e-150,0.13433311575578563,0.05713751445832504,0.08231146441963005,0.026429966525771016,2.7764451051977987,0.08735953404188904,-0.5197796481029344,-0.03468174673700786,1e-150,12.706204736432095,0.024336546801799464,-0.28704875182316336,-0.19555559214661383,0.07586819382711059,-0.3528406352539677,-0.04274779619071887,-0.013598378734029219,0.13433311575578563,-0.002933975023223155,0.19388446592450692,-0.004573850044612317,0.2861672411958622,-0.00040025698900852404,0.44016388314903004,-0.0001336919198788951,0.6614289311079893,4.3092014522228885e-05,1.364505794256775,-0.0055184892758537284,-0.0003452039214163417,0.041437658858602226,0.051971151211788795,0.05
1.375,126488074,-0.2397526071191291,0.1,0.07968572270668181,0.04473861585059203,0.054370344042477474,0.04006809534080226,0.0009111082404249563,0.0006943440238146635,0.06596029031658801,0.2861672411958622,0.06426382773008413,0.08231146441963005,0.02638845956947782,2.7764451051977987,0.0404962874370141,-0.3118580528148001,-0.08698661474843832,0.06579872672820926,12.706204736432095,0.022241029239495915,-0.2892915518171111,-0.2012074713598406,0.08154482550319923,-0.3004655825425613,0.03855467244272476,-0.011435328117739726,0.13433311575578563,0.008498187746085776,0.19388446592450692,-0.0015190143034973895,0.2861672411958622,-0.0025128965214492155,0.44016388314903004,-0.0022113738561846635,0.6614289311079893,0.00032812170594099187,1.364505794256775,-0.0009356822108215842,-0.0014530948338447992,0.08507012393116521,0.13458972237032388,0.05
1.375,597540034,0.20115916079590673,0.1,0.06852560618762411,0.04196185412840107,0.04386753852507213,0.0384419922197333,-0.0001693200801188737,0.0016471068459409093,0.03386097029076957,0.13433311575578563,0.040293869742582006,0.08231146441963005,0.04064317003324351,2.7764451051977987,0.07139559357403381,-0.036312946954285524,0.3601389456683497,0.030709340767087784,12.706204736432095,0.03508758137663707,0.13617795224293455,0.2585569730107622,0.06326910655032235,0.002245343949370449,0.2771810724581284,-0.014588959844821687,0.13433311575578563,-0.0069274541211495405,0.19388446592450692,0.0016282362968615127,0.2861672411958622,0.0019310703114349223,0.44016388314903004,-0.002105595914085486,0.6614289311079893,-0.00037331044785511195,1.364505794256775,-0.002446364129305564,-0.0009920734469580374,0.07013771895256096,0.10486136538578017,0.05
1.375,936576948,0.09132834758833032,0.1,0.0640770748528855,0.10566726537757602,0.1043371649516737,0.13114732974432985,0.00025373071261618023,0.016945891386451806,0.13340949580546102,0.13433311575578563,0.11351592345910844,0.08231146441963005,0.1303643661095797,2.7764451051977987,0.23911709031361122,-0.9102642715458329,0.4175266783948987,0.10058036573040342,12.706204736432095,0.11227270277653788,-0.09683414521898161,0.2852132953534798,0.15227126100127403,-0.18790056335962177,0.3778197217391559,-0.0062682740695092914,0.13433311575578563,0.008289609697272179,0.19388446592450692,0.008303453681714361,0.2861672411958622,0.0025001347118466122,0.44016388314903004,-0.006031110041892137,0.6614289311079893,-0.0035559592358642366,1.364505794256775,-0.0036978452972157845,-0.0008900619845814613,0.06706349516936057,0.10092111583478983,0.05
1.375,1130742935,-0.13567264431779785,0.1,0.05869211437888254,0.04728228375814618,0.04975945035419861,0.0708588133548458,4.752631386760551e-05,0.004973445116189268,0.0771664437780006,0.13433311575578563,0.0573302474832742,0.08231146441963005,0.0706244945824194,2.7764451051977987,0.1765761064026729,-0.9061326568691721,0.07437507576400171,0.06383449708267419,12.706204736432095,0.06813788359985751,-0.24397586799894075,-0.027369420636654956,0.08517135570904764,-0.3672706240881242,-0.06670835431477305,-0.005606761201369297,0.13433311575578563,0.0023910237164539863,0.19388446592450692,0.003496433259998858,0.2861672411958622,-0.004554395539288981,0.44016388314903004,-0.001019207355116833,0.6614289311079893,-0.0008672570314953496,1.364505794256775,-3.5805720196024285e-05,-0.001605824682122829,0.09033949578769065,0.13945949782560838,0.05
1.375,1733299772,-0.08922633905593416,0.1,0.08996022800555911,0.10313992333242518,0.10536913667620962,0.03943554604178671,0.0009129707210159266,0.0006421915705979526,0.041431965500794025,0.19388446592450692,0.10468308146062774,0.08231146441963005,0.025378093222298663,2.7764451051977987,0.027003086834370915,-0.13701048798342136,0.012934688549619128,0.03221997507122311,12.706204736432095,0.02017215345337958,-0.12544929814148864,-0.05439463783096315,0.09862452672131522,-0.18606476976331401,0.16340702023303377,-0.02547132892283497,0.13433311575578563,-0.0038304458239142333,0.19388446592450692,0.005645777559021686,0.2861672411958622,-0.003356823594257946,0.44016388314903004,0.0005691881241447755,0.6614289311079893,-0.0004906290875989807,1.364505794256775,-0.004877421859567429,-0.0007344210629142858,0.06073107636284605,0.08814158605042363,0.05
1.375,2121366290,0.006479438410218464,0.1,0.07601322020045573,0.049227272762243125,0.05765438829895205,0.0776048520839956,0.0008479505644456422,0.0051745625025331945,0.07534979574771425,0.13433311575578563,0.05381784953285922,0.08231146441963005,0.07203830845798988,2.7764451051977987,0.05627333427456257,-0.16774135203293009,0.14473829496660742,0.06758348828374769,12.706204736432095,0.06582021265130626,-0.09103090976984107,0.10462311071865209,0.0843195987183729,-0.15572333048198533,0.10609413685579863,-0.011631615682410343,0.13433311575578563,0.007736261791859591,0.19388446592450692,-0.0016122578281776362,0.2861672411958622,-0.0018073842104001723,0.44016388314903004,-0.0017732043837540665,0.6614289311079893,-0.00022385682441677268,1.364505794256775,-0.001381117934685347,-0.0013007748262981486,0.08060080711108528,0.12185396118985961,0.05
1.375,733237921,0.13011594108374114,0.1,0.07302418022983997,0.13664099153103373,0.14843406913749294,0.2292991325489195,0.0019998134336678026,0.05057827875401915,0.30693686469120346,0.32612014812863077,0.18579142342947608,0.08231146441963005,0.22522091099722075,2.7764451051977987,0.20276736200573495,-0.3611371703187309,0.764807729150655,0.31283925809116775,12.706204736432095,0.1988664790619629,-0.22066934610262684,0.45902275199209963,0.14029071548969368,-0.09927816075232801,0.4485899144619774,-0.01378431704135165,0.13433311575578563,0.0001955203701169283,0.19388446592450692,-0.00416909234979438,0.2861672411958622,-0.0016257911001663363,0.44016388314903004,-0.0009042425353884141,0.6614289311079893,0.0014183877103998675,1.364505794256775,0.0008978185871026215,-0.001800814444570366,0.09451557041818487,0.11920363488914441,0.05
1.375,1227819170,0.157918958047994,0.1,0.07194296679391692,0.07645909199095993,0.08646116556171914,0.08332189807656736,0.0018786324613794432,0.005063906237702435,0.11636783839651245,0.2861672411958622,0.09565858390743529,0.08231146441963005,0.07126388850507265,2.7764451051977987,0.061923879419218904,-0.035411943969265,0.3084445598474331,0.1056944226632644,12.706204736432095,0.06233238897554634,0.04744869297546104,0.26467404855412535,0.08092917521906183,-0.05422547003946344,0.2556867899647477,-0.007314365100259524,0.13433311575578563,-0.004158184888030077,0.19388446592450692,-0.002813154419374743,0.2861672411958622,-0.0013490548023509035,0.44016388314903004,-0.0003992829169746883,0.6614289311079893,-0.00026687855911673687,1.364505794256775,-0.004032284327781217,-0.0006516557725211012,0.057298492499388336,0.09354764977718773,0.05
1.375,1620565186,-0.0888584328767701,0.1,0.05994963339150085,0.03232691179672679,0.03527398192346355,0.02952870870210242,0.0001360531185456387,0.0007358915190679805,0.03087796040766697,0.13433311575578563,0.037731541945556474,0.08231146441963005,0.027166493575162258,2.7764451051977987,0.06937193902532272,-0.39323769629514516,-0.008022935205270282,0.023039699565698023,12.706204736432095,0.024399071806201898,-0.12961974196623285,-0.04693972161802015,0.04769337380056351,-0.23542828067036276,-0.049517723752732536,-0.0027883701940251207,0.13433311575578563,0.0005700144430623193,0.19388446592450692,0.010878769885916137,0.2861672411958622,-0.0035445221776566004,0.44016388314903004,0.0006418241593322462,0.6614289311079893,-0.006459814165390997,1.364505794256775,-0.003990036073149889,-0.0008768501640921665,0.0666950895068625,0.11625178189845776,0.05
1.375,347042092,-0.1725157994563216,0.1,0.07364181443760111,0.10935448042716754,0.12086938554946183,0.11709726630508478,0.0029110697406494832,0.010800700035474462,0.1611214163142269,0.19388446592450692,0.1410733252547626,0.08231146441963005,0.10407649077255991,2.7764451051977987,0.0807810953607014,-0.408021764065445,0.04054678954802696,0.11241092297121848,12.706204736432095,0.08965804196603162,-0.3184186965909412,-0.022603526516244518,0.13674047133663003,-0.5490031388972931,-0.027077185351021847,-0.015093790858078698,0.13433311575578563,0.005768523454109869,0.19388446592450692,-0.0025717462413911833,0.2861672411958622,-3.8792688119747425e-05,0.44016388314903004,0.000589379418769468,0.6614289311079893,-0.0024023190533358444,1.364505794256775,-0.0028962035501265042,-0.0008768793671784699,0.0662415095195285,0.0826703533872349,0.05
1.375,1109975088,0.40555611826976723,0.1,0.07765209892073198,0.052359927940958464,0.05805880065954068,0.038723955633652295,0.0002930936270372844,0.001206451112879787,0.04942678924017941,0.13433311575578563,0.059761610728567956,0.08231146441963005,0.0347841625715955,2.7764451051977987,0.08385071756439515,0.1495656144144406,0.6151794431124166,0.02889592985888736,12.706204736432095,0.031877338628524335,0.357095960467679,0.4654818765768746,0.0730665161717303,0.2696626103061228,0.5518730816500484,-0.00795737815031811,0.13433311575578563,-0.005546078758285575,0.19388446592450692,-0.0025438809890512707,0.2861672411958622,0.0010588815525152447,0.44016388314903004,-0.000927556662749247,0.6614289311079893,-0.0016194351732132892,1.364505794256775,-0.0025971729402732833,-0.001177116381207908,0.07659314986043418,0.09579745565579038,0.05
1.375,1101525983,-0.030268703344824878,0.1,0.08650965991575646,0.14661908907994847,0.17317594610055248,0.13016958413163218,0.007841478313357901,0.00910264231964417,0.13931679419152987,0.13433311575578563,0.18817720443338629,0.08231146441963005,0.09554554167746826,2.7764451051977987,0.16288012922736686,-0.5104528853130834,0.3940025897415319,1e-150,12.706204736432095,0.09090057526731332,-0.18554798164669142,0.1281755801205179,0.1390501327195097,-0.26311332873099624,0.23557104347356422,-0.01714509544440755,0.13433311575578563,0.0030582155225075992,0.19388446592450692,-0.0066400261773062125,0.2861672411958622,-0.0016573723800615127,0.44016388314903004,0.0010181366421104074,0.6614289311079893,0.00032001347585355005,1.364505794256775,-0.001572926125373003,-0.0012149451112274947,0.07786604984408568,0.10352888070627835,0.05
1.375,652499090,0.028529176708201227,0.1,0.05742172623553276,0.026034271810769238,0.028642216211187246,0.025558845817083595,5.359308207264035e-05,0.0005996615174288113,0.018777111460792847,0.13433311575578563,0.02777330626078315,0.08231146441963005,0.024523348939362397,2.7764451051977987,0.02240028637062574,-0.04156194424089829,0.08282438665660731,0.009023119205168129,12.706204736432095,0.02122998216017116,-0.005863143271184124,0.06321950965466952,0.031123533548466156,-0.04126817574597856,0.0822810250053904,-0.013557366320747038,0.13433311575578563,0.0002659632496600475,0.19388446592450692,-0.0011770348783169296,0.2861672411958622,-0.0019839235632619218,0.44016388314903004,-0.0009519443363849851,0.6614289311079893,0.0008018965936792621,1.364505794256775,-0.003991669636197718,-0.0005472536935115494,0.05224067852929233,0.0585416203127067,0.05
1.375,16415546,0.08814973848431534,0.1,0.0771957501733063,0.03952783691137439,0.04258440167132279,0.04733520249390708,0.00012047644143586963,0.0021201449537033173,0.04884333968794176,0.13433311575578563,0.04193660367494224,0.08231146441963005,0.04611152285790086,2.7764451051977987,0.21481895562936912,-0.4923506011954009,0.7005154745263291,0.04404800027167076,12.706204736432095,0.039121074108161964,0.021250889880051766,0.16291522926349522,0.09094783389344638,-0.2212228515045442,0.15255826520623708,-0.019608257193835018,0.13433311575578563,0.00806403346558532,0.19388446592450692,-0.006654733122163647,0.2861672411958622,-0.001781358010009502,0.44016388314903004,0.0005799411963691235,0.6614289311079893,-0.00020196196279529243,1.364505794256775,0.002371292388231418,-0.0024297022415518325,0.11025342151965813,0.15757496585873626,0.05
1.375,993452646,0.3921525264630573,0.1,0.08068667466974114,0.05376129489675572,0.07373485709276272,0.08079638812504802,0.0018955731903627583,0.0046324831436906425,0.07498480666661442,0.13433311575578563,0.07035598855616246,0.08231146441963005,0.06816063250364306,2.7764451051977987,0.08201973890905347,0.08467310115762872,0.5401197064049146,0.05592522086801289,12.706204736432095,0.06431653325506545,0.293881875494513,0.4927523285196077,0.05499117357175489,0.2904913615362162,0.5093525024690894,-0.0114020626944525,0.13433311575578563,-0.007191497934590871,0.19388446592450692,-0.0010030355297051053,0.2861672411958622,-0.0015052454880944705,0.44016388314903004,0.0009605440843402637,0.6614289311079893,-0.0011535668793700258,1.364505794256775,0.003588234736051805,-0.0026761338958536957,0.11625481745905118,0.17320799745674223,0.05
1.375,1496496587,0.21931984717996728,0.1,0.06867443227957679,0.03327335407313184,0.030404532873184887,0.03732725212032217,-0.00011754866963536417,0.00151087242048946,0.03454511978202789,0.13433311575578563,0.030549390200353358,0.08231146441963005,0.03892607228819358,2.7764451051977987,0.143369039669123,-0.30631280791982773,0.48979972893266355,0.03280473390368993,12.706204736432095,0.03486143056103371,0.15841618983604508,0.2767352791038321,0.052605248559839,0.10254140140431336,0.3395428358138408,-0.0066042379344277554,0.13433311575578563,-0.009162783911066185,0.19388446592450692,-0.0007212425794851342,0.2861672411958622,-0.0020930739940573937,0.44016388314903004,0.00011576678992644884,0.6614289311079893,-0.0006036380185987441,1.364505794256775,0.004017780246894344,-0.0027853559198716587,0.11802979251685843,0.14795876643620912,0.05
1.375,1830159543,-0.05391541176921605,0.1,0.07528823166223343,0.04054448353297108,0.04476939091443918,0.05851386672243379,0.00041814468445657894,0.0030057279143541654,0.059775657572747797,0.13433311575578563,0.04738846469029482,0.08231146441963005,0.05490368830280114,2.7764451051977987,0.3175856500397977,-1.2891351398148567,0.4743831072532582,0.05020127553929894,12.706204736432095,0.04670684113084492,-0.13319309262476917,0.0268078144460253,0.05821738200151596,-0.12629819433897718,0.07352991199562724,-0.01845290904546391,0.13433311575578563,0.001771377940280671,0.19388446592450692,-0.004284272257884439,0.2861672411958622,0.00043815675908344924,0.44016388314903004,-0.0003112180213616953,0.6614289311079893,0.00030500099218392024,1.364505794256775,-0.0012855140107882281,-0.0011542398115778408,0.07590128377228784,0.11232803466067182,0.05
1.375,129342370,0.16028487126607846,0.1,0.0671375577725517,0.09285515438911555,0.08975976278486979,0.09685092533829023,0.0010318677970690363,0.008348233941814033,0.08001488199104277,0.13433311575578563,0.08123387990613083,0.08231146441963005,0.09150061084810579,2.7764451051977987,0.1556365738635676,-0.35629905873982953,0.5079337486466864,0.048367337290984386,12.706204736432095,0.08431684568056347,0.009545786319052174,0.289458153592023,0.09916667445808484,0.005449727276294684,0.3803457921378324,-0.010819249278866716,0.13433311575578563,-0.0013842129386231533,0.19388446592450692,0.005060931222404539,0.2861672411958622,-0.0015984509875928447,0.44016388314903004,-0.002402518185907905,0.6614289311079893,-0.0007933329661987243,1.364505794256775,0.002172192154395161,-0.0021918745305018676,0.10410732127455559,0.15025441657952396,0.05
1.375,1701900873,-0.28993796971487684,0.1,0.07580934110915312,0.05170483144614059,0.058907299686897736,0.0501810445466167,0.0005332835655655391,0.0019848536662239904,0.04393811679486599,0.13433311575578563,0.056656891300754963,0.08231146441963005,0.04461603117169495,2.7764451051977987,0.11086107816366879,-0.677995980893354,-0.06239658524441655,0.012905861956745803,12.706204736432095,0.04276268339216523,-0.36459258844361386,-0.21479210304010438,0.0618241489796807,-0.4001843405374232,-0.16845261960652402,-0.017239701255332345,0.13433311575578563,0.0008943995479009422,0.19388446592450692,0.0003024061063440811,0.2861672411958622,-0.0014502058751049431,0.44016388314903004,-0.0012497240595079992,0.6614289311079893,-0.00010536168343581664,1.364505794256775,-0.0032320067494877613,-0.0011000153506408835,0.07386653876962516,0.09503739162851117,0.05
1.375,923890838,0.05862598534789759,0.1,0.08102485724926752,0.07380130886226975,0.07626163181255095,0.06217668595264174,0.00034167422319715274,0.003524266052856284,0.047252113117490405,0.13433311575578563,0.06962852248283564,0.08231146441963005,0.05945125560401091,2.7764451051977987,0.14029550523852202,-0.32221259249022943,0.45683294511126377,0.037694544062825686,12.706204736432095,0.0495463360598514,-0.02967560518025557,0.14955092250118923,0.12071689429774847,-0.07545629433126672,0.3428864374846258,-0.014753407963020748,0.13433311575578563,-0.001965037072825362,0.19388446592450692,0.0013270618676150849,0.2861672411958622,-0.002811087855463197,0.44016388314903004,-0.001860372261485156,0.6614289311079893,0.0007342837016888964,1.364505794256775,-0.005964338361882166,-0.0005375042699798514,0.05196826588617549,0.07765872440570082,0.05
1.375,81035190,-0.1906959528895133,0.1,0.07248731259887169,0.055982161769380145,0.06823831992605439,0.035476288984399786,0.0009062729605396396,0.0003522941195650058,0.05284292404148952,0.13433311575578563,0.07537391537117179,0.08231146441963005,0.018796603700190494,2.7764451051977987,0.023182958267093257,-0.23797710582756676,-0.10924468381821494,1e-150,12.706204736432095,0.015967914808751316,-0.22016241558460814,-0.16122949019441846,0.06084840045963874,-0.288558809790293,-0.08624523641278936,-0.01598704447393725,0.13433311575578563,9.393702079543673e-05,0.19388446592450692,0.0010640756593354838,0.2861672411958622,-0.0016124988045832706,0.44016388314903004,-0.001494830695923228,0.6614289311079893,0.0006069731861181086,1.364505794256775,-0.001789641528445117,-0.0011507688448766898,0.07554735041308878,0.09952992792570486,0.05
1.375,1332499014,-0.09404550431740114,0.1,0.06405252049522193,0.03363158878670715,0.041874503499150104,0.02631207914444448,0.00037432652859619776,0.0003179989803073123,0.035311316937677,0.13433311575578563,0.0445564068000531,0.08231146441963005,0.017858276862696813,2.7764451051977987,0.03528736513559105,-0.14012466026534182,0.05582220414673665,0.035791142047308176,12.706204736432095,0.015391869702593052,-0.12246924033759782,-0.06905488172725038,0.04097899108837022,-0.15414713254785947,-0.024376132336982173,-0.003915026619294959,0.13433311575578563,-0.0013820180888012657,0.19388446592450692,-0.0025022655463584503,0.2861672411958622,-0.00018075199303854648,0.44016388314903004,-0.00033349742772725166,0.6614289311079893,-0.0027368731310632305,1.364505794256775,0.0044020931708181,-0.002897245453863128,0.12040928530501459,0.17900723324029857,0.05
1.375,1456385642,-0.06119865478095356,0.1,0.07605853676345393,0.07868173832742896,0.07810349519312852,0.09461473036812451,3.559451281753487e-05,0.008916352689815369,0.08881694680257456,0.13433311575578563,0.0813733874903456,0.08231146441963005,0.09456279657073002,2.7764451051977987,0.2897555142373914,-0.6488187015671224,0.9601618568498304,0.06654541931690451,12.706204736432095,0.08589829717647066,-0.20950092267542292,0.07658375892959095,0.0790155621295468,-0.20405699440870798,0.08908930670143443,-0.009613068308420363,0.13433311575578563,-0.0056411785935095386,0.19388446592450692,-0.002414845364023823,0.2861672411958622,0.0022745721042874926,0.44016388314903004,-0.0014512141389885738,0.6614289311079893,-0.0012621985173653133,1.364505794256775,-0.0023451647105575397,-0.001101529969903397,0.07412004550056726,0.10494018660623679,0.05
1.375,2032641769,0.1361575247423829,0.1,0.07104736517636193,0.04696856455688901,0.04073069067834121,0.04544241987970853,5.057708228552345e-07,0.002064507753700874,0.05473419949447122,0.2861672411958622,0.043523875621440264,0.08231146441963005,0.045502467395913765,2.7764451051977987,0.38601146475773834,-1.4025284516231393,0.7409508321305711,0.04677569682340855,12.706204736432095,0.04008357143052652,0.06973864688968257,0.20835533522893626,0.08118683168399848,0.0028231076113383186,0.2079229107399141,-0.016451281159164922,0.13433311575578563,0.003899214822899084,0.19388446592450692,-0.0062309416074514705,0.2861672411958622,0.004659210862726165,0.44016388314903004,-0.0025213271528596016,0.6614289311079893,-0.0017907808812907488,1.364505794256775,-0.0020292516863745745,-0.0015008070581396726,0.08615780463602088,0.12507601449432543,0.05
1.375,1426446131,-0.17830603841152376,0.1,0.0710290743769716,0.0581663353370513,0.05924346041639511,0.06621846531535179,-3.575486092570208e-05,0.00442064000964615,0.07077105737930783,0.13433311575578563,0.06259588518550492,0.08231146441963005,0.06658390515626879,2.7764451051977987,0.168341301639411,-0.804774340670859,0.13000642520787875,0.048955937429842535,12.706204736432095,0.06346335654194678,-0.2814666347781618,-0.05576238072105122,0.06873103646345857,-0.3938165575465684,-0.09462952476185282,-0.011831737727096428,0.13433311575578563,0.0020455023286236698,0.19388446592450692,-0.0032380939664754063,0.2861672411958622,0.0003627118530876774,0.44016388314903004,-0.0013583201319279205,0.6614289311079893,-0.00034133445094535793,1.364505794256775,-0.0033647656295090456,-0.0007236430851671771,0.060216442845713515,0.0849497253094556,0.05
1.375,1519572395,0.10023658706373259,0.1,0.07237882925701378,0.02680928193266319,0.026110855323510186,0.03466144971986343,2.9965207969447397e-05,0.001171450888713173,0.03953832232780777,0.19388446592450692,0.029213874046218728,0.08231146441963005,0.03427588926524484,2.7764451051977987,0.17128858151116053,-0.11712683010910907,0.8340198573167625,0.03395626509013844,12.706204736432095,0.0322714733562414,0.04628484431655338,0.1554480548870098,0.09286084709156774,0.05702685341963868,0.3627615286558671,-0.006244538196984093,0.13433311575578563,-0.012485967740409033,0.19388446592450692,-0.003846311363218785,0.2861672411958622,0.0008798907213520036,0.44016388314903004,-0.001093429352905049,0.6614289311079893,-0.0005112252983507739,1.364505794256775,0.0023489291425079248,-0.002595412210727687,0.11436850176660714,0.18802934105365038,0.05
1.375,1749035565,0.13675699965511168,0.1,0.07275411187487249,0.02963155904860995,0.03124335352442815,0.03637854417542417,0.00023260494197008329,0.0010907935343532045,0.03716554140000976,0.13433311575578563,0.03218869200930551,0.08231146441963005,0.03307485626306535,2.7764451051977987,0.08896822461821455,-0.16036200071876988,0.3336687827999903,0.029781998989668705,12.706204736432095,0.02813507168300264,0.0836276091028895,0.187738104981411,0.08472601602273695,-0.16016743637769038,0.18219468395117713,-0.02239956847859291,0.13433311575578563,0.009398102067070787,0.19388446592450692,-0.011023970704663173,0.2861672411958622,-0.002297670994967442,0.44016388314903004,0.002353298460548019,0.6614289311079893,-0.0008632061707595021,1.364505794256775,-0.007298145120005664,-0.0004138504242891683,0.04525448544670613,0.06396614212843202,0.05
1.375,573565245,0.024268870579747744,0.1,0.06765379692706384,0.056283294648059194,0.0589326853263586,0.05917998793840054,0.0001535095343010006,0.0033487614380882332,0.043906152348598,0.13433311575578563,0.051620795575971365,0.08231146441963005,0.057952048620858794,2.7764451051977987,0.21242944348982826,-0.7634564549505346,0.4161409222039175,0.0349446726945074,12.706204736432095,0.0540330764686213,-0.06775800950261207,0.11629575066210757,0.07129316287705291,-0.06316748391857196,0.20071559293394228,-0.013805132517005818,0.13433311575578563,0.005330126775555184,0.19388446592450692,-0.003679954883175488,0.2861672411958622,-0.0006104435840315206,0.44016388314903004,-0.0014548595669831744,0.6614289311079893,-0.00030134744583046465,1.364505794256775,0.004641078178095065,-0.0029155636032635384,0.12060232920769527,0.16717346320718793,0.05
1.375,625245419,-0.205025991638018,0.1,0.07033558526345506,0.08818203589491506,0.08558168941204772,0.04411285706884563,0.00031360076607380404,0.0016323433927025995,0.06860756246520726,0.32612014812863077,0.08861806521770166,0.08231146441963005,0.04046061230595553,2.7764451051977987,0.044059541800130456,-0.3076116659261959,-0.06295386758973585,0.06860640898315162,12.706204736432095,0.0377355728532264,-0.261660603258443,-0.1439663042674908,0.09727293352309929,-0.3154923385752394,0.014783865207655343,-0.01955142230980886,0.13433311575578563,0.003047515883898743,0.19388446592450692,-0.00527386204289504,0.2861672411958622,0.0003998497263826412,0.44016388314903004,0.0008374760322731177,0.6614289311079893,-0.0016302354621376936,1.364505794256775,0.005495182516801156,-0.0032568028309639904,0.12691357365672779,0.21393543093991058,0.05
1.375,1558143563,-0.04893918216263377,0.1,0.08192833787262663,0.09359752694618963,0.12019942876219403,0.1321284095014901,0.005344590778636195,0.012113325818757265,0.15098025984705682,0.32612014812863077,0.1290421889936599,0.08231146441963005,0.11021948752806919,2.7764451051977987,0.10797611092609505,-0.3079095926215636,0.29166989669653876,0.1420599052243686,12.706204736432095,0.10486725048907351,-0.2475060217862556,0.14962765746098808,0.10790083802862338,-0.2924822960522517,0.16018267609005415,-0.007545313950380997,0.13433311575578563,0.0003054408160069226,0.19388446592450692,-0.004094897990389483,0.2861672411958622,0.0005396045401847848,0.44016388314903004,-0.002852007617146301,0.6614289311079893,0.00023887548228515007,1.364505794256775,-0.005205020760702276,-0.0005169543547450596,0.05105927530809726,0.07360247267946123,0.05
1.375,480963512,-0.2590339660620709,0.1,0.07501115462404172,0.0776599644590931,0.08461534414239603,0.1151718619269304,0.0010657417538876505,0.012198816025828268,0.16425227825665983,0.32612014812863077,0.09904239410858767,0.08231146441963005,0.11060774258407288,2.7764451051977987,0.11792930554259173,-0.7379491901115619,-0.08310070384535295,0.17026272693608133,12.706204736432095,0.09218675915571664,-0.43210299454259277,-0.12756296517068624,0.07414382877438155,-0.42093934218009393,-0.11261300036269516,-0.019234743293785016,0.13433311575578563,3.967727485165548e-05,0.19388446592450692,-0.002111931390712349,0.2861672411958622,-0.0012386683666530866,0.44016388314903004,0.002193581866853269,0.6614289311079893,-0.0024441760516917873,1.364505794256775,-0.006004715141832703,-0.0003822225108222608,0.04387724176917278,0.06860247410878602,0.05
1.375,1652546737,0.04542528233053507,0.1,0.05801137851155017,0.027543970532146037,0.028156889166576257,0.01683644032177359,9.214116242218856e-05,0.00019132456028645516,1e-150,0.13433311575578563,0.025269294782018135,0.08231146441963005,0.013851986191277853,2.7764451051977987,0.05753515312148968,-0.15726584064401133,0.1622205478779204,0.0032507400695670854,12.706204736432095,0.012738715054199705,0.023971278057399115,0.06792385495485417,0.053982701553070826,-0.053277469816741196,0.12671501077561462,-0.011513006974859125,0.13433311575578563,-0.003141364620616996,0.19388446592450692,-0.0007460909305484148,0.2861672411958622,0.00048523432138408197,0.44016388314903004,-0.0011708392330456066,0.6614289311079893,-0.000542943664728341,1.364505794256775,0.006740401959773052,-0.003197600271789335,0.1262531832946072,0.20274050832866058,0.05
1.375,1321186540,-0.0790219813333202,0.1,0.07809418200407348,0.033825138479682645,0.03551638161446229,0.019867479681416708,0.0001664445944583575,0.00022827215443314825,0.04068215865403355,0.32612014812863077,0.03829699346959363,0.08231146441963005,0.015130495713763863,2.7764451051977987,0.11682421701120976,-0.30079993942603506,0.3479121115526425,0.04319670750903752,12.706204736432095,0.012778741678831938,-0.09966776976878014,-0.05382625741775329,0.08653888619577495,-0.12587135803871718,0.21858574122273441,-0.010071211830118797,0.13433311575578563,-0.0037119855083926935,0.19388446592450692,-0.0023553926490962273,0.2861672411958622,-0.0019460889355676885,0.44016388314903004,0.0009653537540075724,0.6614289311079893,-0.001540398902903803,1.364505794256775,-0.005944615818385628,-0.0003793090088064051,0.04372162200387759,0.05528834930920575,0.05
1.375,1267679688,0.22203355600309915,0.1,0.07311229209983176,0.059222754536324966,0.05803659046438724,0.0812947422435487,7.624222195728655e-05,0.006532592894487734,0.08517267222951933,0.13433311575578563,0.0634109824662078,0.08231146441963005,0.08094117135779776,2.7764451051977987,0.23201037150039855,-0.6739493433104724,0.6143787773043363,0.07553331425331987,12.706204736432095,0.07139710625972373,0.09731863447920104,0.33159485567483593,0.06553606877972969,0.0625247906033235,0.30311680954681725,-0.021031845146262784,0.13433311575578563,0.005949519550845662,0.19388446592450692,-0.0023224626480942956,0.2861672411958622,-0.0006945293448901828,0.44016388314903004,-0.0012640334629426516,0.6614289311079893,5.9786991595427134e-05,1.364505794256775,-0.005822980526188787,-0.00039306226747017704,0.04450303767485487,0.06499674442948652,0.05
1.375,993549976,-0.012235696375581681,0.1,0.07478685757695265,0.05891692118136308,0.06580807307906944,0.06694138229286768,0.0003463535863992618,0.004134795076880597,0.0841293286822012,0.32612014812863077,0.06954161988438057,0.08231146441963005,0.06439522770880828,2.7764451051977987,0.26629546179277863,-0.5753024276070353,0.90340703525486,0.08730899568086473,12.706204736432095,0.05541027352607767,-0.12144599364297745,0.09448423151314235,0.16902334119617687,-0.09250800978229008,0.38978601115356787,0.0008348495911783136,0.13433311575578563,-0.014982964207229013,0.19388446592450692,-0.006037207033017142,0.2861672411958622,0.0006767140021710528,0.44016388314903004,-0.0016174238535646176,0.6614289311079893,0.0009818403380479593,1.364505794256775,-0.002117315850053539,-0.00118999772949218,0.07727633266810166,0.08386759928669824,0.05
1.375,1244301263,0.16483421726958103,0.1,0.07697546016928361,0.09887589446807973,0.11933891600371387,0.14536105207759478,0.0036646023958207107,0.01746523306528451,0.14204502659115525,0.13433311575578563,0.12393575309838537,0.08231146441963005,0.13234693278461843,2.7764451051977987,0.2776295134741689,-0.2495701078280803,1.2920760996595249,0.12006513981475737,12.706204736432095,0.11514735102511307,-0.04109806288748165,0.36285194500234935,0.16849063638932069,0.00813620607176529,0.562240495875397,-0.013592918814861731,0.13433311575578563,0.0017740748376326764,0.19388446592450692,-0.0010620217314128066,0.2861672411958622,-0.004948817655418694,0.44016388314903004,-0.0012310671444563982,0.6614289311079893,0.0023998041241377987,1.364505794256775,-0.001993931061275547,-0.0011682567718195901,0.07689494357509587,0.11789912121048497,0.05
1.375,1327532100,0.25171475541398525,0.1,0.06671009538160141,0.06524135513855296,0.06484666991061395,0.09066922275421156,0.00022816809493257217,0.007992739859920262,0.07868593629104545,0.13433311575578563,0.056396483294746676,0.08231146441963005,0.08953122507896162,2.7764451051977987,0.10978511363496173,-0.010202090160971011,0.5994225925897763,0.06745016028754765,12.706204736432095,0.0814971520081518,0.1216661167477322,0.37903405622109443,0.07483324750818439,0.11294383537132106,0.43352372512973264,-0.01378637711825454,0.13433311575578563,0.001651034757588074,0.19388446592450692,0.004217818523841734,0.2861672411958622,-0.0004994263655418059,0.44016388314903004,-0.006242686266180217,0.6614289311079893,0.0017127071149186388,1.364505794256775,-0.005300997883611181,-0.0007296630714198376,0.06071512964787855,0.10501491637521727,0.05
1.375,458097443,0.10911644269032711,0.1,0.06067040119848277,0.04670664515853066,0.04370922491301679,0.032776588971707946,-8.658761598883671e-05,0.0011608924006091237,0.023649700922094438,0.13433311575578563,0.0424267743719469,0.08231146441963005,0.034121072388741014,2.7764451051977987,0.06360954239564232,-0.060196178525737554,0.2930206267307684,1e-150,12.706204736432095,0.03202468711073263,0.05795950193009513,0.15806968158049586,0.06627796496174967,-0.08485729659691461,0.18033749315633904,-0.01320890694134058,0.13433311575578563,-0.0074092862649544336,0.19388446592450692,0.0023678757402986433,0.2861672411958622,-0.003890411390666565,0.44016388314903004,0.0022942471457911284,0.6614289311079893,-0.0006980925396664249,1.364505794256775,0.004023488973823468,-0.0023358846708605046,0.10837059714428951,0.167190305281948,0.05
1.375,562783773,0.018914422307747,0.1,0.05627447716793669,0.01948090044102008,0.01953575318336698,0.03107900223522705,3.83935187679024e-05,0.0009275108611693457,0.034676952280171015,0.19388446592450692,0.021187250886625996,0.08231146441963005,0.03049904143408704,2.7764451051977987,0.34927963026423164,-0.5611048324652385,1.3784066071196075,0.033578924342159866,12.706204736432095,0.025959940255087063,-0.028163434275827747,0.060315717113105995,0.08552666634125106,-0.0021627295511089436,0.4110883178556332,-0.014123024853977695,0.13433311575578563,0.003750714426972882,0.19388446592450692,-0.0009144605035377267,0.2861672411958622,-0.002441610538722433,0.44016388314903004,-0.0011051178417036589,0.6614289311079893,0.0007679214015444641,1.364505794256775,0.0005633918337437238,-0.0016434225173196202,0.09095145994368618,0.14490171275225205,0.05
1.375,223102069,-0.09777117205464828,0.1,0.06677038159916233,0.048844907657910414,0.04198387013740822,0.03696610343282239,-0.0005823998384713667,0.00194889264147749,0.03569177738710747,0.2861672411958622,0.040201746217839146,0.08231146441963005,0.04421001333600364,2.7764451051977987,0.043598999788373255,-0.17394981814683874,0.06815064096105883,0.033966831072013474,12.706204736432095,0.04016743086949945,-0.16279355309288204,-0.0383034427478107,0.06465647646634026,-0.19963991301414746,0.023344771560497836,-0.008769273971801094,0.13433311575578563,-0.004259036766071756,0.19388446592450692,-0.0034122869032556583,0.2861672411958622,-0.0037323948731835047,0.44016388314903004,0.0006053801706590225,0.6614289311079893,0.0005011062323550838,1.364505794256775,-0.0017621353743239407,-0.00131920137841447,0.08098267675715579,0.12034040868291339,0.05
1.375,1890931255,0.36582246101131516,0.1,0.06169575910404127,0.05348450882282476,0.05280625909060786,0.03097060265885865,0.0003318956192258464,0.0006272826098270561,0.016500253312502416,0.13433311575578563,0.054255963436874215,0.08231146441963005,0.025081777555563862,2.7764451051977987,0.10374036859794117,0.051152541177989286,0.6272114183883276,1e-150,12.706204736432095,0.02108432518128324,0.3303238296307135,0.41155174914456427,0.056255786368195254,0.24964238946099593,0.46144388142282605,-0.006181274843152169,0.13433311575578563,-0.0023094086446311126,0.19388446592450692,-0.001053815743578183,0.2861672411958622,0.006208633311408794,0.44016388314903004,-0.003559267421749116,0.6614289311079893,-0.0035313317811175734,1.364505794256775,-0.003049769824652893,-0.0010053482606293524,0.07123533344001104,0.1132129796879618,0.05
1.375,95413628,0.028875278023683705,0.1,0.08523210154557122,0.07287985074329031,0.07339855389332169,0.10333829217221162,0.0005955038494253459,0.010083298779644027,0.12199646914821269,0.32612014812863077,0.08079434019121631,0.08231146441963005,0.10056063475170648,2.7764451051977987,0.09639849185419282,-0.24675373630951158,0.28853650540453546,0.1263629247229499,12.706204736432095,0.09104309182349951,-0.13955182512628078,0.2063840112132933,0.08151589932291223,-0.11285719205406496,0.20084321018977339,-0.017022843804962953,0.13433311575578563,0.0018390389635242698,0.19388446592450692,-0.0007051401187814742,0.2861672411958622,-0.002341846469712903,0.44016388314903004,-0.0011257513179798752,0.6614289311079893,0.00013778594812388973,1.364505794256775,-0.004320440637124699,-0.0009216482047112073,0.0680855224688058,0.09557145086203174,0.05
1.375,50626894,-0.10910925932473524,0.1,0.06114868412696244,0.05613309664897094,0.05952633999823683,0.03991784505307657,0.00041730722150610166,0.0011761271321753283,0.03975065713960622,0.13433311575578563,0.06416468093399298,0.08231146441963005,0.034344233046320845,2.7764451051977987,0.1186028400379752,-0.649026605784345,0.009561943587642452,1e-150,12.706204736432095,0.030562924313494694,-0.1668536252070455,-0.05136489344242498,0.1136639206059692,-0.48450645219096194,-0.02888651799558108,-0.02873385965429172,0.13433311575578563,-0.000767542741485562,0.19388446592450692,-0.0003105988936441204,0.2861672411958622,0.0009602032460891586,0.44016388314903004,0.0004923963484745161,0.6614289311079893,-0.0012507990688531666,1.364505794256775,-0.0023146805379614705,-0.001350502247688006,0.08220719153106323,0.12038298620550184,0.05
1.375,10312531,0.12681944044470517,0.1,0.06017543107348431,0.06038681761236043,0.06788398105790927,0.07520565242114656,0.0004870508633538378,0.005168839292736469,0.06979808078965895,0.13433311575578563,0.061218271658928604,0.08231146441963005,0.07199845925172975,2.7764451051977987,0.10604737908099379,-0.2019184690885536,0.38695098404840766,0.05670563982149233,12.706204736432095,0.06899041428941856,0.019041883814566146,0.23286520718079293,0.07323795072491528,-0.02886842922600217,0.23189549652612101,-0.020029150556453126,0.13433311575578563,0.0012935933010284353,0.19388446592450692,-2.6495000954826197e-05,0.2861672411958622,0.0007249375620740231,0.44016388314903004,-0.002354518197139396,0.6614289311079893,0.0002882857698537483,1.364505794256775,-0.004200605728832018,-0.0007166507698019092,0.05974674812680912,0.07732313064130573,0.05
1.375,315302543,-0.2226227774309793,0.1,0.06272993324896917,0.07086658427107469,0.07416359880019402,0.059095525153132614,0.00046558248600368606,0.0030266986071208436,0.04541807312769968,0.13433311575578563,0.06450445296700202,0.08231146441963005,0.055094884435457826,2.7764451051977987,0.0916945285610343,-0.4938920571793446,0.015277592814062296,1e-150,12.706204736432095,0.04949705701260321,-0.3091284996949526,-0.136117055167006,0.0819065194693577,-0.3610027322817781,-0.048491201626246,-0.013202118380094614,0.13433311575578563,0.0008477151518025652,0.19388446592450692,0.004250145512299959,0.2861672411958622,-0.0009020134452177457,0.44016388314903004,-0.0022389507815957625,0.6614289311079893,-0.000253708972436852,1.364505794256775,-0.0038141882684513857,-0.00041704379232871,0.045404341343719776,0.07452038210631605,0.05
1.375,209338559,-0.17077560204663705,0.1,0.08282170195015148,0.06390209828268777,0.07794338181797748,0.05784643025632445,0.0021490305931855603,0.001197178900214249,0.07761256343565923,0.2861672411958622,0.08606173329612316,0.08231146441963005,0.03465023744275276,2.7764451051977987,0.17721222183367605,-0.4916022223143512,0.49243778946832145,0.06062844381052964,12.706204736432095,0.030000110487905338,-0.2232608808603396,-0.10400501298456118,0.08625325990562578,-0.28028047526318955,0.017746101978993026,-0.006844646063354226,0.13433311575578563,-0.0030242985628647807,0.19388446592450692,-0.006374605862851711,0.2861672411958622,-0.001905404201064528,0.44016388314903004,0.0014894199300572698,0.6614289311079893,-0.0015726657404365114,1.364505794256775,-0.00019561442584308024,-0.0018683315388496203,0.0970426342807676,0.14259936185454553,0.05
1.375,448341930,-0.3969442197422787,0.1,0.06511282708868667,0.06260001358712702,0.06334677111259174,0.04497067809659127,0.0002204554121007585,0.0018019064763664752,0.02194693097124086,0.13433311575578563,0.058675358801393775,0.08231146441963005,0.04251016700217142,2.7764451051977987,0.0716229834035897,-0.5850684335086688,-0.18735387012754914,1e-150,12.706204736432095,0.03934730632543022,-0.46391955280880715,-0.3247430378643551,0.06587554411412522,-0.4822314418975639,-0.2325165961053957,-0.01412388143075994,0.13433311575578563,-0.0037459566062789376,0.19388446592450692,-0.0013799505099648334,0.2861672411958622,-0.0005149080305158473,0.44016388314903004,0.0010078002267288463,0.6614289311079893,-0.0011423396812409632,1.364505794256775,-0.005458835469509534,-0.00011860445580878934,0.024297833635370508,0.03258091558740808,0.05
1.375,1568290241,-0.4241108215595656,0.1,0.060199284822128024,0.04840200721889288,0.049466434829782885,0.05889425198902355,0.00019917659688717046,0.0032693563204594343,0.0697622372844605,0.19388446592450692,0.05622232398451401,0.08231146441963005,0.05726085335694856,2.7764451051977987,0.05560885308641226,-0.5010214907298506,-0.19223163481498495,0.05982207566082832,12.706204736432095,0.05279787007183331,-0.5101242180601718,-0.3382227746435163,0.05319579872048937,-0.5015993650301149,-0.30650199098408115,-0.008160091792180076,0.13433311575578563,0.008623333729667386,0.19388446592450692,-0.0060039448952474185,0.2861672411958622,-0.0025466547532420514,0.44016388314903004,0.00031212646352879046,0.6614289311079893,-0.0009234026362293883,1.364505794256775,-0.004434923730313965,-0.00048178603641808003,0.04917941377082766,0.06861830868890807,0.05
1.375,1165023654,0.5372558049785159,0.1,0.07695588281525237,0.1870841978208064,0.19093679626553983,0.19788549695045907,0.0013395468092930116,0.037819123094037135,0.24966295281040018,0.19388446592450692,0.2132374199321511,0.08231146441963005,0.19475221928904518,2.7764451051977987,0.1904971308432405,-0.008840534434271796,1.0489691185336074,0.17521213810461325,12.706204736432095,0.1832082340042587,0.2533256019019295,0.8211860080551023,0.1862308123036413,0.23248639710100485,0.9571424123954019,-0.01821735830078341,0.13433311575578563,0.012608321813969963,0.19388446592450692,-0.0032554546960238476,0.2861672411958622,0.0023987706781870657,0.44016388314903004,-0.0008605337100823886,0.6614289311079893,-0.00403340154606428,1.364505794256775,-0.0037520396843885176,-0.0010593456371552038,0.07247939739945466,0.11607344471356525,0.05
1.375,831010993,0.4941066949989398,0.1,0.08087546197574837,0.09176960019529859,0.09914272484111092,0.11431406249051596,0.0013902191095497424,0.011677485773535844,0.12469505429849698,0.13433311575578563,0.11163543375680714,0.08231146441963005,0.10821846299231425,2.7764451051977987,0.1775455739941888,-0.1385421009563811,0.847348978775017,0.10519222971271878,12.706204736432095,0.08745968107374538,0.33724195613165725,0.6404476575470069,0.10585526589330663,0.23390649778536488,0.6165146202576306,-0.008572841721517354,0.13433311575578563,-0.011833317898816902,0.19388446592450692,-0.004878917160353922,0.2861672411958622,0.0004916839511958488,0.44016388314903004,0.0015245826606192724,0.6614289311079893,-0.00167910047659897,1.364505794256775,-0.005076502502697194,-0.0005267064019104609,0.051378128624800526,0.07144728343159722,0.05
1.375,1791861667,0.4019690350237928,0.1,0.07199891514255562,0.08694788516015664,0.10050702169533778,0.1143617402330982,0.002560243413619998,0.010518364215522632,0.12510372810626058,0.2431366342882323,0.10614018216493754,0.08231146441963005,0.10270717653649761,2.7764451051977987,0.26064313672418143,-0.09388976066359933,1.353432961658909,0.11754334618627228,12.706204736432095,0.08087905187563893,0.26957488433609794,0.5377201901510646,0.2070326646075791,0.24264609592367062,1.0271938427313352,-0.01707924284485413,0.13433311575578563,-0.009144982464758788,0.19388446592450692,0.004377090655313787,0.2861672411958622,-0.0007721982338791597,0.44016388314903004,-0.0025740313384211466,0.6614289311079893,0.0016167038430512596,1.364505794256775,-0.0065683800538022365,-3.567491982396389e-05,0.013329034885282101,0.02252283024186921,0.05
1.375,399180851,-0.23883133725736977,0.1,0.06000406063164271,0.03359520036941011,0.03982705739822065,0.04133356067030777,0.00042404813833286383,0.0012844150993531497,0.043270895147703124,0.2431366342882323,0.04019879593639242,0.08231146441963005,0.03589049012929779,2.7764451051977987,0.07431091862426142,-0.4181756401208244,-0.005535267566659313,0.03910311325635575,12.706204736432095,0.03350383996171381,-0.30038285799505615,-0.16983636742211117,0.04782286215134988,-0.3608733743472273,-0.17644786361159234,-0.006666702348260017,0.13433311575578563,2.0615828633014772e-05,0.19388446592450692,-3.5056818349019975e-05,0.2861672411958622,-0.0018845224342895314,0.44016388314903004,0.00044822344638604443,0.6614289311079893,-0.0014091512691293067,1.364505794256775,-0.001753746141373721,-0.00083957775920328,0.06532204664846301,0.10924228098836103,0.05
1.375,116266626,0.1506617177341711,0.1,0.07552362589459152,0.0862263414886667,0.09082846447013614,0.07545591645220256,0.0011969955558995913,0.004496599771742182,0.035105519969834735,0.13433311575578563,0.07419459252904835,0.08231146441963005,0.06715352354746326,2.7764451051977987,0.1489838720361695,-0.2777009171081112,0.5495901674283649,1e-150,12.706204736432095,0.059527207305898125,0.04350344934050393,0.24963828160551638,0.08411330644312683,0.04000078887025928,0.33182958468070983,-0.013849993331360869,0.13433311575578563,0.008643076124456656,0.19388446592450692,0.0016768348449028446,0.2861672411958622,-0.00014761333640065548,0.44016388314903004,-0.0007434977296873928,0.6614289311079893,-0.0033767073707459774,1.364505794256775,-0.0010725227584304916,-0.0013988606251785305,0.08339334819603292,0.13675401560019682,0.05
1.375,236347638,-0.013993748610041896,0.1,0.062365887444387716,0.0422012692020532,0.04491424075158108,0.03583490490523891,0.00021413315642942587,0.00107000725313809,0.0317879089805438,0.13433311575578563,0.04619961973137962,0.08231146441963005,0.032758201410487256,2.7764451051977987,0.04671913789510695,-0.1786136119219527,0.08081263153390866,1e-150,12.706204736432095,0.030119144588533153,-0.06600849345796048,0.035482913186897044,0.05537341725790067,-0.1261614183478371,0.09428300631124695,-0.00946204479236737,0.13433311575578563,0.009409724504464414,0.19388446592450692,-0.005609210863367781,0.2861672411958622,0.0015777345256256716,0.44016388314903004,-0.00347226809547781,0.6614289311079893,-0.0013754088432628693,1.364505794256775,-0.0033960888812199245,-0.0013202143323622958,0.08122159106624603,0.09991599535188947,0.05
1.375,220747480,-0.024123702772973047,0.1,0.07941930660636,0.10980645764829562,0.11987174299966824,0.12734515169289118,0.001775637322482872,0.014441150337202592,0.14065299278475854,0.19388446592450692,0.12520733062607023,0.08231146441963005,0.12034487012715929,2.7764451051977987,0.21909874740077886,-0.36823730383506825,0.8483939857166546,0.10508971956684937,12.706204736432095,0.11541749159688526,-0.20094845533171138,0.15071935995849498,0.20452082418495815,-0.22115052606836788,0.6784073092603957,-0.0023957742861713156,0.13433311575578563,0.004283347120416551,0.19388446592450692,-0.006341812195434989,0.2861672411958622,-0.002335414221922584,0.44016388314903004,0.0011655370463849088,0.6614289311079893,-0.0029116191904137137,1.364505794256775,-0.005377219786559762,-0.0005836763875634795,0.054279293219835996,0.06885082360872226,0.05
1.375,2087578016,-0.33983977691483086,0.1,0.06700069777379264,0.05095903069421715,0.06207077130998728,0.06762990734653121,0.0009573960447294698,0.0036164083229709276,0.077961256052083,0.32612014812863077,0.05949128619824146,0.08231146441963005,0.060223420445430866,2.7764451051977987,0.0842726706476366,-0.6780275763859106,-0.2100706885427569,0.0816935929641752,12.706204736432095,0.049937239496170814,-0.42468092938233987,-0.25138218398754864,0.10664987591520561,-0.62130067535602,-0.25202434403097684,-0.004560316837282118,0.13433311575578563,-0.012014743842297015,0.19388446592450692,-0.003448398077909384,0.2861672411958622,0.0016730651988591902,0.44016388314903004,-0.00033191388553453495,0.6614289311079893,-0.0011672471402476923,1.364505794256775,-0.0034315741297936656,-0.0007624470542195484,0.06194366233848703,0.07335748621734552,0.05
1.375,1144230681,0.02510140268706111,0.1,0.07429012839702653,0.054968290447918275,0.05699880066346196,0.033284646326414015,0.0005610841208817828,0.0005467835601926832,0.07477554344292242,0.2431366342882323,0.06500724413333797,0.08231146441963005,0.023417170185562528,2.7764451051977987,0.03570591841861472,-0.050971590429001304,0.14729945441090825,0.05093580381256438,12.706204736432095,0.02101720971167358,-0.012004770166148974,0.06119824448445587,0.06618708901402322,-0.0838357821195742,0.18629982840180292,-0.007215945068842303,0.13433311575578563,5.283963966759247e-05,0.19388446592450692,-0.005445384162490441,0.2861672411958622,-0.004069097921648939,0.44016388314903004,9.502025308633162e-05,0.6614289311079893,8.775764077322146e-05,1.364505794256775,-0.005804891329277885,-0.0006481545369118156,0.056686686017763846,0.09195660431759378,0.05
1.375,107627185,-0.14994113315331603,0.1,0.06608763776996791,0.04793737005106866,0.04614576722061122,0.019832071034653235,9.392401560655598e-05,0.00029938702591697584,0.022419492916596343,0.19388446592450692,0.04432990137567932,0.08231146441963005,0.017327790001575537,2.7764451051977987,0.03715387988962154,-0.21299269621353734,-0.006681280296244055,0.016188329125701357,12.706204736432095,0.014101402071989306,-0.17878905788138472,-0.12142951521654811,0.0582431655663203,-0.22351560505745882,-0.013919929711991604,-0.011884054286218679,0.13433311575578563,0.006399279222679982,0.19388446592450692,-0.006595801801249201,0.2861672411958622,-0.00029397995246493894,0.44016388314903004,-0.00047179084356238984,0.6614289311079893,-0.0004562350484311833,1.364505794256775,-0.002388341741098353,-0.0010338452819523552,0.07176776334822205,0.09501682549086178,0.05
1.375,687421303,0.08733962575101692,0.1,0.08470103429887045,0.09478879000134788,0.10510891867419608,0.08639498990764836,0.0018877101804961154,0.005576384100646549,0.10523569859394936,0.13433311575578563,0.11517698914441256,0.08231146441963005,0.07478302493012996,2.7764451051977987,0.14217579553231577,-0.22902326219460503,0.5604633209719974,0.06948690605274395,12.706204736432095,0.06209081742561833,-0.011661260736028536,0.19144555951900888,0.09801743085841245,-0.10366635589572058,0.2710199425647068,-0.018112809446202697,0.13433311575578563,-0.001648836924839956,0.19388446592450692,0.0036463104931880813,0.2861672411958622,0.0021141846953671756,0.44016388314903004,-0.0018361654063467007,0.6614289311079893,-0.0018968441292115243,1.364505794256775,-0.004958308615455976,-0.0004175426484061479,0.04572521127997879,0.06683635291046511,0.05
1.375,407752231,0.09291709682599168,0.1,0.07335197854050433,0.06265928205925561,0.06932796417289523,0.06575374393839534,0.001120995642527635,0.0032025591993884266,0.07892849413125386,0.13433311575578563,0.08196987070446363,0.08231146441963005,0.05667287844138276,2.7764451051977987,0.15443274294816667,-0.23680281433591718,0.6207452521454973,0.04488754349636228,12.706204736432095,0.05270993742304737,0.0019623725187165875,0.18372109687164523,0.07676688907322693,-0.13246194382436347,0.16081861509711948,-0.012727057507111507,0.13433311575578563,0.002243058997129685,0.19388446592450692,-0.0018161996514367913,0.2861672411958622,-0.000494369577746378,0.44016388314903004,-0.000666370425492443,0.6614289311079893,-8.694970175264061e-05,1.364505794256775,-0.0029185427559695397,-0.0005633292730339109,0.05292987992013497,0.07394345266098153,0.05
1.375,344548476,0.42646302711830075,0.1,0.07466607624575533,0.08047161539440578,0.08101638806135333,0.032657291710216474,-1.835053910735282e-05,0.0010848492409535264,1e-150,0.13433311575578563,0.07644186994210454,0.08231146441963005,0.032984612221216555,2.7764451051977987,0.09289781402328687,0.11834362969888007,0.6341949917559406,1e-150,12.706204736432095,0.028927348981353237,0.3765156869914745,0.4785480672929425,0.08247220455891673,0.2823246343558313,0.5726141567731885,-0.005476902307996819,0.13433311575578563,-0.004907263588228006,0.19388446592450692,0.0013424911069006393,0.2861672411958622,-0.006365125328114237,0.44016388314903004,1.3385130055577715e-05,0.6614289311079893,0.00011745608885142968,1.364505794256775,-0.005896487920040023,-0.0005675997280123586,0.05320989993946545,0.07496912400771405,0.05
1.375,1224354485,-0.17492328668329551,0.1,0.07108781838271712,0.03769281545195784,0.039053807088608526,0.042287867144601435,0.0002871179702395631,0.0015011457373998987,0.0455427132123842,0.13433311575578563,0.04217204673721952,0.08231146441963005,0.0388005709867171,2.7764451051977987,0.1159684710150056,-0.45410273687653957,0.18985745053723058,0.027830612633766443,12.706204736432095,0.03429796410871706,-0.24786573151726254,-0.10692416513733288,0.06234459572051573,-0.23349930560972515,0.026676486654649598,-0.016281800104026342,0.13433311575578563,-0.0009851505786942056,0.19388446592450692,0.0008786166636806368,0.2861672411958622,-0.0020120524125729154,0.44016388314903004,-0.0011132305322508833,0.6614289311079893,0.0005734568718842384,1.364505794256775,-0.001677599091139984,-0.0012535710157209222,0.07890711405876687,0.13446021178611908,0.05
1.375,1498145732,0.23775431057058383,0.1,0.07033128734028418,0.06293403103121918,0.06631317231366296,0.050337866538911674,0.000882444355166866,0.0016514564525224175,0.02353992974011528,0.13433311575578563,0.06406697236452195,0.08231146441963005,0.040696798990214694,2.7764451051977987,0.08201779177153669,-0.10227294207136628,0.3531628509350644,1e-150,12.706204736432095,0.03994070168577105,0.1741212709052598,0.30138735023590785,0.07966134319846811,0.03165775850850551,0.3200370925360887,-0.01571811203328572,0.13433311575578563,-0.00570963442774227,0.19388446592450692,-0.0018126872111956145,0.2861672411958622,0.00037227368841253114,0.44016388314903004,0.00042973937564610396,0.6614289311079893,-0.00105868522804961,1.364505794256775,0.0016664568997145296,-0.002109711678283183,0.10269339191662932,0.14844962029533462,0.05
1.375,409082691,0.21457322509981275,0.1,0.06603632771591691,0.027567805852202008,0.022870782073811442,0.03356688838524718,-0.00018557086341379275,0.001312306859281435,0.03387546916570409,0.13433311575578563,0.023333143681089383,0.08231146441963005,0.03627808778963442,2.7764451051977987,0.10721169187473058,-0.006823802404847812,0.5885109518462929,0.02732721977413082,12.706204736432095,0.031864298798920346,0.1596579367887487,0.26824293079603195,0.038085406766607134,0.10595718588686841,0.27314387939921025,-0.01721800410475056,0.13433311575578563,0.004943073272827049,0.19388446592450692,-0.0064110065068097525,0.2861672411958622,0.002035958356349294,0.44016388314903004,-0.0008788166855623179,0.6614289311079893,-0.0005809156836963495,1.364505794256775,-0.003763851296426775,-0.0006752902591300802,0.058085163750341846,0.08109001203281212,0.05
1.375,1837166688,0.27620673221747416,0.1,0.08139478700281166,0.04826918237077791,0.0514943179840006,0.027008722197164006,0.0004965797837469805,0.00023289129097659917,0.047503002675741764,0.13433311575578563,0.058477335138344445,0.08231146441963005,0.015282813458041517,2.7764451051977987,0.20213286988331758,-0.03619950827210161,1.0862221261021396,1e-150,12.706204736432095,0.014329302742963798,0.25541132411786244,0.29853188311176493,0.056090868291957474,0.19595362604550653,0.3955834693010388,-0.013230087914809768,0.13433311575578563,-0.0029177026292048526,0.19388446592450692,-0.004739893273422829,0.2861672411958622,0.0005129844988835603,0.44016388314903004,0.000726539165177259,0.6614289311079893,-0.001454678974476725,1.364505794256775,0.0007608026577387382,-0.0018981768324341731,0.09791654408261394,0.14538142306396923,0.05
1.375,484702341,0.19868419343403146,0.1,0.0661046114988112,0.06459375249297625,0.05901126956808496,0.07394960661140847,-0.0007052876513522948,0.006173831969334361,0.07156033329975281,0.13433311575578563,0.055300776553109464,0.08231146441963005,0.07868719981250089,2.7764451051977987,0.11088223158938276,-0.26654475520764254,0.34917210309185853,0.05993721009646384,12.706204736432095,0.07153488406124363,0.07795039352683762,0.32014103736877414,0.07126657521312252,0.04645232137857835,0.29155668538853186,-0.01656767906791907,0.13433311575578563,0.004029648881944625,0.19388446592450692,-0.005466048446426563,0.2861672411958622,0.0009394814243782393,0.44016388314903004,-0.0008296440195355578,0.6614289311079893,-0.0008210046195067106,1.364505794256775,-0.00462722576762199,-0.0007049392591585431,0.059346003043478646,0.0879553802893473,0.05
1.375,991826248,-0.14078081843025164,0.1,0.06724563208254758,0.07590310138956467,0.0795845072803311,0.0711381378176169,0.001078210259763849,0.003982424392394407,0.10919982668678256,0.32612014812863077,0.0894893986917893,0.08231146441963005,0.06319758135785142,2.7764451051977987,0.08245596069426617,-0.4295062685212552,0.028362628406699647,0.11452454086046224,12.706204736432095,0.051482322798137796,-0.23523530074688945,-0.04151649472479184,0.09068464419174752,-0.414832152409916,-0.025371249969491978,-0.010683927903574966,0.13433311575578563,0.00320840949958406,0.19388446592450692,-0.006955751744181186,0.2861672411958622,0.0013183650555267277,0.44016388314903004,-0.0021036321738828307,0.6614289311079893,0.0007074998679729125,1.364505794256775,-0.001939527681900605,-0.0010574450389645015,0.07325292946013838,0.11463824891027521,0.05
1.375,345424276,-0.07592817323054672,0.1,0.06590049153029522,0.047670864189011765,0.05884666600171929,0.043739173108715355,0.0011278739781294869,0.000785241286104682,0.0439270031762714,0.13433311575578563,0.06242585653399529,0.08231146441963005,0.02806262228642458,2.7764451051977987,0.19369846828471754,-0.8147339248563825,0.26085240345044763,1e-150,12.706204736432095,0.028269013706515023,-0.12662962179631918,-0.02522672466477427,0.06406829324610323,-0.2607981957055199,-0.004003688117612432,-0.011780545105718455,0.13433311575578563,-0.002617844557730064,0.19388446592450692,0.005793059509878167,0.2861672411958622,0.000726909368235435,0.44016388314903004,-0.0012466316102230461,0.6614289311079893,-0.0035695326930044657,1.364505794256775,-0.005361283913153243,-0.0004725315838263227,0.04870543264984024,0.06530476235708889,0.05
1.375,1635047265,-0.044582339758634154,0.1,0.0689804424333178,0.04235490037541983,0.04325036432470949,0.024651809747782315,0.0001213179194977231,0.0004863938043431321,0.02433141188969239,0.13433311575578563,0.0433643931133554,0.08231146441963005,0.02208618497575871,2.7764451051977987,0.10822819387549927,-0.3512844557739115,0.2496948224861452,1e-150,12.706204736432095,0.02007613779408778,-0.0760567568853337,-0.0015484506600697279,0.04251579456600798,-0.12349826948280343,0.0345913173132196,-0.015728273342234644,0.13433311575578563,-0.005498093040234704,0.19388446592450692,-0.000535229372457636,0.2861672411958622,-0.0019901891288718714,0.44016388314903004,0.0005638719107435683,0.6614289311079893,0.00032418830704429867,1.364505794256775,-0.0051705830015290714,-0.00028700434464810096,0.037932148054439764,0.05288475279157756,0.05
1.375,1447336987,0.43219195074258177,0.1,0.07599203499074746,0.0904820057776202,0.09468008850035922,0.12798974117833303,0.0007503588603909976,0.01563101498650568,0.1526932082284178,0.19388446592450692,0.10830389415197679,0.08231146441963005,0.1252045978804186,2.7764451051977987,0.22169693289619105,-0.03515142960974582,1.1959072987442432,0.1374492957449457,12.706204736432095,0.11212740216687173,0.19877478385434622,0.6226168576829314,0.09690320429088714,0.2702565680737092,0.6487738212243783,-0.007062046161873681,0.13433311575578563,-0.0022066574941449913,0.19388446592450692,-0.012461068780425263,0.2861672411958622,0.005149207397284167,0.44016388314903004,-0.003042671554426866,0.6614289311079893,-0.000557924712495301,1.364505794256775,-0.0026250411395798774,-0.0015527551272675492,0.08847617259771139,0.14568115221862865,0.05
1.375,847843160,0.054373137421127204,0.1,0.08081646680948851,0.07046708902885573,0.07722102673002394,0.06382200367969221,0.000666282776801975,0.00340696537688867,0.082488332769157,0.2431366342882323,0.08011812295848177,0.08231146441963005,0.05845350372416629,2.7764451051977987,0.1039198561067163,-0.20807248002203527,0.36898307161866883,0.07639431075116214,12.706204736432095,0.049970944267207495,-0.04867125097871658,0.14917551202942797,0.09038711837351986,-0.093162430475112,0.2824406976141384,-0.02004940578573236,0.13433311575578563,-0.002225355114779536,0.19388446592450692,0.005140907913310362,0.2861672411958622,-0.000158039305177645,0.44016388314903004,-0.00233205105226307,0.6614289311079893,9.716478360502395e-05,1.364505794256775,-0.005274505995423393,-0.000329082816563932,0.04070523550141713,0.060182033098000576,0.05
1.375,662797968,-0.06023170094040629,0.1,0.0882198655059728,0.05716331020606898,0.061662899633236165,0.05101676280173762,0.001102174428405568,0.0015005356583631915,0.07307477464514346,0.32612014812863077,0.07053624078863185,0.08231146441963005,0.03879268573615853,2.7764451051977987,0.07361385917875372,-0.3412315443286802,0.06753813365446146,0.07638841618957234,12.706204736432095,0.03622210518515688,-0.12403335368995332,0.005469059841686795,0.07844821170558829,-0.23172909028851232,0.07413339918856446,-0.010726450991326148,0.13433311575578563,-0.010929381541384777,0.19388446592450692,-0.0038709285104673767,0.2861672411958622,-0.0021800903010666408,0.44016388314903004,0.003026543563028971,0.6614289311079893,-0.002800409729256858,1.364505794256775,0.010380059838872285,-0.004846985289415303,0.15560592324272624,0.2145684860314724,0.05
1.375,949595633,0.18061618371276758,0.1,0.07176212653276098,0.0627880701854421,0.07507919299087111,0.0730109119991035,0.0011086073637014272,0.0042219859072394105,0.07092480647723995,0.13433311575578563,0.07849095246110815,0.08231146441963005,0.06507063991269499,2.7764451051977987,0.20693595304591786,-0.3809280571234158,0.7681645707241446,0.061772249897677795,12.706204736432095,0.06378427480028775,0.0733746274330818,0.29777115007212185,0.07286392103855097,0.009593593669843532,0.2759865185110043,-0.015369467510249344,0.13433311575578563,0.006376258576599231,0.19388446592450692,-0.0031522517761944538,0.2861672411958622,-0.002024857426675014,0.44016388314903004,7.145664792188325e-05,0.6614289311079893,-0.0014754021217143899,1.364505794256775,0.0012562873199787952,-0.0022994880418249378,0.10723081501921232,0.12034089876700356,0.05
1.375,1529636736,0.2536410271967036,0.1,0.07079852896749064,0.05001407910183732,0.054274424899730715,0.056552532938365464,8.155546398850742e-05,0.0031166335177564035,0.060097102920250535,0.13433311575578563,0.06055666861352399,0.08231146441963005,0.055907433576219516,2.7764451051977987,0.14788610037266692,-0.17979172237758587,0.641403556635377,0.0477362971523456,12.706204736432095,0.04906154859138736,0.16726189702739575,0.34352169635139584,0.08715797351693313,0.003096427107989009,0.3485531476236397,-0.017313874371584218,0.13433311575578563,-0.01229314241354938,0.19388446592450692,0.0054079004927846674,0.2861672411958622,-0.003849125059522604,0.44016388314903004,0.0020262728889243273,0.6614289311079893,-0.0013367134699641332,1.364505794256775,-0.0013797919454763008,-0.001521458711775725,0.08701528448107054,0.12891397372207924,0.05
1.375,688991385,-0.06432453621533861,0.1,0.07907153216706607,0.07880505507956653,0.08041221011435591,0.06855028604744594,0.0004923408425028929,0.004206800874683769,0.06089636206480108,0.13433311575578563,0.08447112424032108,0.08231146441963005,0.06495351613819413,2.7764451051977987,0.11926049773377799,-0.5272828901432827,0.1349575602095195,0.03140099515433778,12.706204736432095,0.05655632617024077,-0.15794524403807242,0.02729638686679079,0.09810001523220281,-0.3501260747709981,0.04779140001170034,-0.019241015601386413,0.13433311575578563,0.001795210597472894,0.19388446592450692,-0.0035180142376573143,0.2861672411958622,-0.0010994398643907905,0.44016388314903004,0.0004040114011755651,0.6614289311079893,-4.3023180801834304e-05,1.364505794256775,0.012675385870766184,-0.004796786370502041,0.15498818434702896,0.1752918640054902,0.05
2.25,411864683,-0.28359367099424304,0.1,0.06778618006517845,0.053431945103771035,0.06468735614316198,0.04403102691813004,0.0011877481745908632,0.0007509831568742288,0.0528740537736596,0.32612014812863077,0.06750342922960298,0.08231146441963005,0.027443644590795322,2.7764451051977987,0.0864763267027611,-0.5799819359000342,-0.09978838792130065,0.05271392009857432,12.706204736432095,0.026302567788031892,-0.33428670303047536,-0.2329006389580107,0.07961286940971458,-0.5142233245165176,-0.22234720365705082,-0.01115738064064867,0.13433311575578563,0.004381396702929334,0.19388446592450692,0.0012096909286908723,0.2861672411958622,-0.0009397084570176989,0.44016388314903004,-0.002636247072821355,0.6614289311079893,-0.00014442984101953085,1.364505794256775,0.005210298945482438,-0.002830178140566704,0.11904512089232629,0.14443499890363903,0.05
2.25,443326667,-0.04744697523133053,0.1,0.07185321197179306,0.07743876393457243,0.07960703901855587,0.06520140651324985,0.00038335493219848315,0.0038678684791075774,0.09756217478765931,0.32612014812863077,0.08639911976305722,0.08231146441963005,0.06228199811936703,2.7764451051977987,0.06287511374130497,-0.2650156819592131,0.08412292161238902,0.10098031534733967,12.706204736432095,0.05376219279913219,-0.13635954313698187,0.04963452422140641,0.11459582153037651,-0.16920918422426665,0.16368633209180267,-0.021623424557277768,0.13433311575578563,0.001927299225495859,0.19388446592450692,0.006169321995279412,0.2861672411958622,-0.0009281532272639366,0.44016388314903004,-0.0010301661828115765,0.6614289311079893,-0.0022444956520220505,1.364505794256775,-0.004596825278239504,-0.0007937789161526605,0.0629913523154332,0.0771588070523333,0.05
2.25,1702886449,0.10765341887478842,0.1,0.054570524060166534,0.04840829123562044,0.0576891738754474,0.06881150566193016,0.00037599621677283186,0.004359027094689014,0.06525593712020795,0.13433311575578563,0.053802684313398484,0.08231146441963005,0.06611826857150234,2.7764451051977987,0.08505312804328982,-0.045424291808080525,0.4268663902670268,0.05942411906497213,12.706204736432095,0.058277271533361846,0.01707734219487267,0.20314890878774913,0.0637027059198727,0.02088704032023526,0.2273171763180374,-0.011323568902726245,0.13433311575578563,-0.0010655570183100787,0.19388446592450692,0.00108486704905054,0.2861672411958622,0.0020223966431020812,0.44016388314903004,-0.0009039357543045156,0.6614289311079893,-0.002837120732422746,1.364505794256775,-0.0021677646664293353,-0.001000973140723864,0.0703973626245079,0.12286724202868636,0.05
2.25,1807145538,-0.2666966967184975,0.1,0.06741722563155172,0.04113211492831159,0.040629271361785194,0.037392587121812475,-3.5125911471581804e-05,0.0014333314831339178,0.03692089016672342,0.32612014812863077,0.04213181573064731,0.08231146441963005,0.037914035127835796,2.7764451051977987,0.1154032489913275,-0.6774976105310693,-0.036676038959281176,0.03760075576208847,12.706204736432095,0.03001139000099025,-0.33390167214428246,-0.22427005675942566,0.04065496609084486,-0.33336309607571335,-0.19727447292896713,-0.02000266301960991,0.13433311575578563,-0.0027075892352387003,0.19388446592450692,0.0004646331618550214,0.2861672411958622,-0.001691491597442167,0.44016388314903004,-0.0006911808756368454,0.6614289311079893,0.0004978888492382731,1.364505794256775,0.00315240195981294,-0.002661812044040942,0.1153991202678143,0.1456962832592939,0.05
2.25,1578418003,-0.02987035077041606,0.1,0.07590571953951993,0.057692553727898936,0.06261892249107989,0.07682489288616924,0.0005011314233373423,0.005400932743634036,0.079947529206321,0.13433311575578563,0.06579709532101914,0.08231146441963005,0.07359716282467056,2.7764451051977987,0.5179270270892886,-1.0426099852247983,1.8333819331986079,0.07895243743472316,12.706204736432095,0.06072746075468529,-0.12324811580076364,0.10110758720497867,0.13049521019121718,-0.22415810636993339,0.3809251035985504,-0.017201767876187938,0.13433311575578563,-0.00015907589682637158,0.19388446592450692,0.002618505749012946,0.2861672411958622,-0.004125636668238549,0.44016388314903004,0.0016199462900846734,0.6614289311079893,-0.0019579649908051206,1.364505794256775,-0.00509880404127177,-0.0006541215512568515,0.0572296864144046,0.07941382988030928,0.05
2.25,1123785674,-0.13261491420054877,0.1,0.08869454056971358,0.10273044424075957,0.11063512446841654,0.11411305862787814,0.002880356931369236,0.010141433218040318,0.1445407895719973,0.32612014812863077,0.12169540290570083,0.08231146441963005,0.10085010519910476,2.7764451051977987,0.08228726925793495,-0.45699593093779745,-6.375903522390369e-05,0.149097291973264,12.706204736432095,0.09272156919802127,-0.27777542731826405,0.018118979091267168,0.10666507553894977,-0.40355104971147815,-0.014346770160533193,-0.00961381286059687,0.13433311575578563,-0.0022776712668972775,0.19388446592450692,0.0043484326448114995,0.2861672411958622,-0.0021840731196010087,0.44016388314903004,-0.002344389873543506,0.6614289311079893,-0.00039233226221134786,1.364505794256775,0.009610546430332332,-0.004122080006109457,0.14449490178356889,0.20065570988814127,0.05
2.25,656281361,-0.41632634492402465,0.1,0.07292736970778632,0.08087627473624862,0.08936488984197687,0.07903842150214359,0.00077709880965728,0.005469973263893235,0.08019042174348139,0.13433311575578563,0.0931350920451659,0.08231146441963005,0.0740660680418244,2.7764451051977987,0.29269822077013385,-0.8256105536706703,0.7997105310440155,0.061797242129677805,12.706204736432095,0.06781122653502107,-0.5356826876218227,-0.29697000222622655,0.11403529480007814,-0.5278409124580202,-0.16570201446213018,-0.013480194377598039,0.13433311575578563,-0.0032309113382955985,0.19388446592450692,0.0016969493371955587,0.2861672411958622,-0.004382088681895614,0.44016388314903004,0.0021580376259239136,0.6614289311079893,-0.001816440052188588,1.364505794256775,-0.00197109440601791,-0.0013015667119991611,0.08115950605173096,0.14431589968208378,0.05
2.25,893066473,0.09043575607815682,0.1,0.06102049407753988,0.08881643026378852,0.08214911045528486,0.12348101457167711,-5.57249056578734e-06,0.015253133450216522,0.11942770716705593,0.13433311575578563,0.08416554647196355,0.08231146441963005,0.12368192127768586,2.7764451051977987,0.13657731094646525,-0.32626154090503834,0.432137272011744,0.10050466420339697,12.706204736432095,0.11246519521988922,-0.0778392910892515,0.2587108032455651,0.0969064704427211,-0.1020757557233188,0.2197843811745291,-0.013499214170344585,0.13433311575578563,-0.008808461735874452,0.19388446592450692,0.00014988153759580702,0.2861672411958622,0.0021316973381764496,0.44016388314903004,-0.0017748132022997504,0.6614289311079893,-0.0006795432656733081,1.364505794256775,0.002634079438448542,-0.002381889600692967,0.10871210086733465,0.1919701945530395,0.05
2.25,1298262787,-0.11158368143423536,0.1,0.06583151933875624,0.045859318182378934,0.0456090592926493,0.06552026421582542,0.00013625918192365725,0.004156645840987916,0.06854035665490844,0.13433311575578563,0.047216048807176135,0.08231146441963005,0.0645651552176095,2.7764451051977987,0.30707161070048533,-0.7709991630982089,0.934135777850924,0.05849707502346011,12.706204736432095,0.059911177995526595,-0.2184859835451197,0.005254859482761456,0.05376388814862654,-0.23032968971091516,-0.027610566590102387,-0.010976505389432444,0.13433311575578563,-0.005897177510960073,0.19388446592450692,-0.00032277727417327594,0.2861672411958622,0.0028350733133059493,0.44016388314903004,-0.0028225058048472226,0.6614289311079893,-0.0005911681693915292,1.364505794256775,0.002090212576125385,-0.0021702455482684973,0.10396358240599932,0.1462126979874776,0.05
2.25,920941037,0.22898994203925277,0.1,0.06854582022538067,0.06594602321488233,0.06469918113484917,0.04262282626735281,0.00010908202124667969,0.0017076232977702608,0.023393442819542438,0.13433311575578563,0.06278346363760128,0.08231146441963005,0.041383071722873165,2.7764451051977987,0.10643264990233768,-0.24462874035811216,0.3463800793510407,1e-150,12.706204736432095,0.039082221065325044,0.16765159891787906,0.28699774162928965,0.06494664698093135,0.10919262952128445,0.337745145195633,-0.01858899453858319,0.13433311575578563,0.004121811656658975,0.19388446592450692,-0.003748427164854304,0.2861672411958622,-0.0004427802001671662,0.44016388314903004,0.001992977621636963,0.6614289311079893,-0.0033590623222132803,1.364505794256775,-0.0016319377105638365,-0.0015982694364078589,0.08971844978895432,0.14286557387487886,0.05
2.25,571266697,0.08894076482568242,0.1,0.0748642721738266,0.06993451812962603,0.06441315538763019,0.057991388269714075,5.82791814878799e-05,0.0033047219319608514,0.049657772469058954,0.13433311575578563,0.06562941124694652,0.08231146441963005,0.057569724260390386,2.7764451051977987,0.1670759525747446,-0.6012298522742161,0.3265245691706024,0.028236410895406017,12.706204736432095,0.04739840644073218,0.003358244291961322,0.16909731612476178,0.06752744342532421,-0.07748166706338774,0.17996019226631882,-0.003506713994961373,0.13433311575578563,0.0009371830874952478,0.19388446592450692,0.005135899033305626,0.2861672411958622,-0.00045710588315576214,0.44016388314903004,-0.0035586487011554932,0.6614289311079893,-0.0023610369379019366,1.364505794256775,-0.0027578849603625477,-0.0011705224129663174,0.07609156891257582,0.11697887848486402,0.05
2.25,753865955,0.17059617941923094,0.1,0.08339126953856661,0.05778250907662869,0.06699822506520257,0.01569437717186323,8.717405700786954e-05,0.00015913941780483214,0.02538426084879651,0.2431366342882323,0.06565839360875374,0.08231146441963005,0.012633263961412292,2.7764451051977987,0.017995047712736002,0.08717544985097964,0.18709997413063306,0.009711149130632306,12.706204736432095,0.011154917124741547,0.15194465664733,0.1874044957285816,0.06317954766234625,0.07842041263277652,0.32499858181564406,-0.016696223773126354,0.13433311575578563,0.011499358612246711,0.19388446592450692,-0.0036578002802970023,0.2861672411958622,-0.001966951810034605,0.44016388314903004,-9.471950336825231e-05,0.6614289311079893,-0.0009314825808390913,1.364505794256775,-0.001184984209789755,-0.0013440403172343507,0.08174092461939499,0.12583464313448625,0.05
2.25,129204890,-0.48766549140190657,0.1,0.0794834069268673,0.07511691621925992,0.08991436220523219,0.10694702242430262,0.0010655532000325369,0.01037211240539175,0.13022986019661076,0.13433311575578563,0.10048966350109034,0.08231146441963005,0.10199063490769897,2.7764451051977987,0.09616669564574856,-0.5983601921981323,-0.06435708938076218,0.10237204430705231,12.706204736432095,0.09439221326846306,-0.6453055057980722,-0.3492453993588761,0.11729362840522406,-0.579511759118092,-0.18864745531420682,-0.01999099202873866,0.13433311575578563,-0.0031307760518728607,0.19388446592450692,-0.002372500758610825,0.2861672411958622,0.0019707328341199786,0.44016388314903004,-0.0010052987948746496,0.6614289311079893,-0.0008804467099946226,1.364505794256775,0.01794265278019094,-0.006371496175407826,0.17924086934546352,0.2361495458080579,0.05
2.25,2061806565,0.031306256681602244,0.1,0.07690429398372087,0.06038998729661959,0.05706497963400464,0.025949705964199887,0.0003272957473854977,0.00034609149224293346,1e-150,0.13433311575578563,0.053119304029878925,0.08231146441963005,0.01863039872550722,2.7764451051977987,0.030267092545477804,-0.0316366456729361,0.13643319621998518,1e-150,12.706204736432095,0.016635710517622655,0.0019104186394289617,0.05855365889872526,0.06410833815889075,-0.07692460428181651,0.16438474614310036,-0.013403688360642409,0.13433311575578563,-0.00014970285481587104,0.19388446592450692,0.00044604495894912176,0.2861672411958622,-0.000566761086986966,0.44016388314903004,-0.0007340110258641787,0.6614289311079893,-0.0009099836444743642,1.364505794256775,-0.0002616491336244761,-0.0014324546650445514,0.08455548749028118,0.0920612427163247,0.05
2.25,1113896091,-0.13374278695975123,0.1,0.0723869545145706,0.027570531875688316,0.031887133249141116,0.028580342758453066,0.00019006722557255308,0.0006267687666181075,0.031733709453650685,0.13433311575578563,0.03275066846320893,0.08231146441963005,0.025071502488719324,2.7764451051977987,0.128434310676375,-0.5025932151836349,0.21058841125011463,0.02615180758891977,12.706204736432095,0.02217058471188729,-0.17187204122680697,-0.0956135326926955,0.05377581858760398,-0.23801869288813537,-0.013263040847447376,-0.02092848297197202,0.13433311575578563,0.004324261844492784,0.19388446592450692,0.0011617461647569973,0.2861672411958622,-0.005618473111866459,0.44016388314903004,0.000867062794061987,0.6614289311079893,0.000498256839052472,1.364505794256775,-0.005840068853387781,-0.0003255500195063843,0.04017574324435422,0.06011673279093768,0.05
2.25,28297167,-0.13495804610876244,0.1,0.07165399008131207,0.07360189575734398,0.07438212674366168,0.08033647722238214,0.0004750110269790787,0.005978938545523246,0.058740651395931084,0.13433311575578563,0.06663070883720015,0.08231146441963005,0.07743525498589103,2.7764451051977987,0.06582200155595795,-0.2609095169991321,0.10459283106959057,0.04016120676988132,12.706204736432095,0.07476111377517534,-0.2474321064812941,-0.021881965653269983,0.07614966612935727,-0.27719555290365483,0.0022981177584635235,-0.013596250009319178,0.13433311575578563,-0.00911376502839609,0.19388446592450692,-4.40070289682548e-05,0.2861672411958622,-0.00016851076132259508,0.44016388314903004,-0.0006196007480028978,0.6614289311079893,-6.03390241817439e-05,1.364505794256775,-0.0018433059924682568,-0.001259844303189228,0.07902762541879035,0.09879309393696441,0.05
2.25,760083292,0.22352174667571859,0.1,0.058840303719885786,0.07515046641223348,0.08200239020526964,0.09400595880849343,0.001274368832174016,0.007562751459330147,0.11420585971699028,0.19388446592450692,0.09540011304820727,0.08231146441963005,0.08708966139851158,2.7764451051977987,0.11651800491899127,-0.16523318838362844,0.48177850046586423,0.11010925354990822,12.706204736432095,0.07434492928283379,0.07442435043773973,0.3690912879263297,0.08391862926681312,0.04673549790889933,0.3763093954505799,-0.009049112462770011,0.13433311575578563,0.007419026332418702,0.19388446592450692,-0.0019917307965906877,0.2861672411958622,-0.0018810965712786104,0.44016388314903004,-0.00332151855478295,0.6614289311079893,0.000997288796725746,1.364505794256775,0.0003593282637340267,-0.0017755771363460024,0.09394425136890268,0.12130048305605097,0.05
2.25,336062515,0.05900464565520403,0.1,0.06655227457810567,0.0869390399144386,0.08966576696312296,0.08929453140906447,0.00014388414390121076,0.00782962919566319,0.09263857301263885,0.13433311575578563,0.09497691855281597,0.08231146441963005,0.0886129684740209,2.7764451051977987,0.13441120954377195,-0.3831469102792714,0.36322377936377115,0.06458629415375475,12.706204736432095,0.080402544671268,-0.08388161775113762,0.20189090906154566,0.09807272045046249,-0.10520344941685307,0.2144375116300651,-0.012299279521836444,0.13433311575578563,0.008583189243368868,0.19388446592450692,0.0027197310016694597,0.2861672411958622,-0.0018614771626094503,0.44016388314903004,-0.0014671121994094401,0.6614289311079893,-0.0018918220427342665,1.364505794256775,0.00296052572886796,-0.00236208038783072,0.10805462680205435,0.16098690534889393,0.05
2.25,1215975833,0.22205578955390143,0.1,0.07123698279647937,0.04093369409125228,0.04389017866764205,0.038963182352227684,0.0003967027730629707,0.0011214268059499758,0.032972687539143716,0.13433311575578563,0.045123989179558746,0.08231146441963005,0.033536068998710145,2.7764451051977987,0.13728404054130322,-0.2058943264095479,0.5564288783558071,1e-150,12.706204736432095,0.02813745367168824,0.1683176176864093,0.2723537618876469,0.04959164869613801,0.11428694258904593,0.2844434925642019,-0.0176522826860026,0.13433311575578563,0.0029336478391218815,0.19388446592450692,0.0012672485620052602,0.2861672411958622,0.0004273242874850783,0.44016388314903004,-0.0019374320798139254,0.6614289311079893,-0.0011392299429581422,1.364505794256775,-0.0049916004959073305,-0.0005658472728712681,0.05293502841181763,0.07439401898397936,0.05
2.25,1562704238,-0.23685897080316945,0.1,0.067600157146024,0.07383757472919403,0.07398472786202848,0.04021593399169591,0.0002157286670465006,0.0014015926797779415,1e-150,0.13433311575578563,0.07345859747090619,0.08231146441963005,0.03749191280360677,2.7764451051977987,0.05196390857512087,-0.43699666708876456,-0.14844678786808402,1e-150,12.706204736432095,0.03771950324907084,-0.29408597500007594,-0.17989227061664284,0.06847642606336574,-0.34980306387179855,-0.08640825581266597,-0.008869953516528839,0.13433311575578563,0.001044288776012436,0.19388446592450692,0.00750742302538956,0.2861672411958622,-0.0004896688745472104,0.44016388314903004,-0.001211663458868779,0.6614289311079893,-0.0037006104646118082,1.364505794256775,-0.0054195297036519425,-0.00017664807771236118,0.02964608088204558,0.04552523007274708,0.05
2.25,120620472,-0.545251603735138,0.1,0.05891905626330599,0.04553727566253505,0.047556293923213394,0.03662361932121888,0.0003459639093014487,0.000995325582884108,0.06183483211793132,0.32612014812863077,0.051836648148959066,0.08231146441963005,0.03159433883496308,2.7764451051977987,0.12810317721766365,-0.8704299324608016,-0.15908705376826487,0.06186537754570794,12.706204736432095,0.028810894240467125,-0.5951296640769005,-0.4983170940468631,0.17471175820158769,-0.6247721873236837,-0.21715973085127604,-0.010649549025495409,0.13433311575578563,-0.004445081556594926,0.19388446592450692,-0.004614988972077455,0.2861672411958622,-0.0006970533946021203,0.44016388314903004,-5.682224549982253e-05,0.6614289311079893,0.0007087814006461124,1.364505794256775,-0.004613834584688636,-0.00032786732429913764,0.040489933703335715,0.05847215140501077,0.05
2.25,726004327,-0.1077942127463569,0.1,0.07197453264266623,0.028700640581937296,0.031082887163724985,0.03298836745692198,0.0001337545739808104,0.0009544778134920986,0.03482911276451655,0.19388446592450692,0.03250035784334974,0.08231146441963005,0.030939237545380374,2.7764451051977987,0.055741617074145704,-0.2120512348309585,0.09747584493168528,0.031907294471332844,12.706204736432095,0.02407376130536409,-0.14445594001103887,-0.05894414842229863,0.0412748360339667,-0.18795338235017706,-0.031224557448930036,-0.013960005101578764,0.13433311575578563,-0.005545874311568162,0.19388446592450692,-0.0036123620128327254,0.2861672411958622,-0.0016503707297837221,0.44016388314903004,0.002567663558196168,0.6614289311079893,-0.0012665041863745448,1.364505794256775,-0.003195204731272902,-0.0008069366846650229,0.06351641898985855,0.07312762404971543,0.05
2.25,1920875136,0.09116282551837748,0.1,0.07336576926082483,0.040462856212591665,0.04499872266513566,0.04720162719352274,0.0003269675350538847,0.0019010260746624207,0.05142241255173148,0.19388446592450692,0.04567623268676072,0.08231146441963005,0.043663719146173244,2.7764451051977987,0.160757238394404,-0.21734365648359705,0.6753236388469201,0.0461528802122123,12.706204736432095,0.038403311476552786,0.024947290182412207,0.16406376171639586,0.08396725345282038,0.024825705127899195,0.27583078727691407,-0.020750817531102052,0.13433311575578563,0.0009236081269859037,0.19388446592450692,0.0070968024935452,0.2861672411958622,-0.0010370861664979493,0.44016388314903004,-0.0028141993635016705,0.6614289311079893,-0.0006599764286929507,1.364505794256775,-0.00334683069593363,-0.0010955399694322812,0.07398528660291488,0.11420663765220002,0.05
2.25,189485636,0.11374127937464837,0.1,0.06242851507059332,0.04366438270855173,0.04226166264433572,0.03736142011939113,3.5796832781248306e-05,0.001360078880556396,0.02573666777148695,0.13433311575578563,0.03816206866142276,0.08231146441963005,0.03693250254684935,2.7764451051977987,0.07251502048819426,-0.03038092683210028,0.37228702054342977,0.0056198682005440806,12.706204736432095,0.035443540212535346,0.049648866450219084,0.17316199067654703,0.06191832863483092,-0.021564101948058714,0.1823571263653399,-0.015567558965776126,0.13433311575578563,-0.001475254594152935,0.19388446592450692,-0.001731234425278525,0.2861672411958622,-0.0006814884113443723,0.44016388314903004,-0.0008017787505298743,0.6614289311079893,0.00013077296530622585,1.364505794256775,-0.006141071887113982,-0.00019321751983794768,0.031002990070229053,0.03978479969523131,0.05
2.25,1123929021,0.05403425155938045,0.1,0.07141572593673642,0.07665377106072024,0.07875731959021953,0.10433189570496358,0.00077530259632024,0.010109841865071158,0.11346101818942288,0.2431366342882323,0.08273906567115123,0.08231146441963005,0.1006929047213009,2.7764451051977987,0.10123100927856654,-0.23223391079376543,0.3298907696176526,0.11146239621078415,12.706204736432095,0.0920471310268594,-0.0842909633772978,0.20995298373465904,0.09228405444271919,-0.17864711402716665,0.17246392803287222,-0.008981379927448805,0.13433311575578563,-0.006820702492377117,0.19388446592450692,-0.006413317479919597,0.2861672411958622,0.0012463868292054317,0.44016388314903004,-0.0009267674590965417,0.6614289311079893,0.00029895186629261,1.364505794256775,0.0005580410454011971,-0.0018456310376308285,0.096624823103142,0.1478509511464024,0.05
2.25,983844774,-0.5033094148620082,0.1,0.06916822337732852,0.025035435621375453,0.02950139719414077,0.04494483784991762,0.000264787023415816,0.0017552514259395711,0.05183987592966215,0.13433311575578563,0.03453015557357338,0.08231146441963005,0.041956220122163004,2.7764451051977987,0.08540490175965387,-0.6005069898814032,-0.12626294698042342,0.04756965537621356,12.706204736432095,0.03670535019798215,-0.5638679373582316,-0.4427508923657848,0.042914934672394864,-0.5575565612895798,-0.4068041219315092,-0.013655548984522778,0.13433311575578563,-0.0032671110194925253,0.19388446592450692,-0.0015528134943628995,0.2861672411958622,-0.003285647660238856,0.44016388314903004,0.0019122249137417772,0.6614289311079893,-0.0010036512611136146,1.364505794256775,-0.003272424135430147,-0.0009206625517253804,0.06776280841533183,0.08336295710452749,0.05
2.25,497102788,-0.18016674234929492,0.1,0.08908172618141993,0.06216535140820964,0.06558921664215606,0.1030809015027328,0.0005489300753817217,0.01007674217923438,0.11047707520667899,0.13433311575578563,0.07301175552280367,0.08231146441963005,0.10052793498100072,2.7764451051977987,0.1380976762393021,-0.5694702360431303,0.19737099842447117,0.09516098058521022,12.706204736432095,0.09635124342689928,-0.3571168439930426,-0.009851637549340809,0.06952147665518964,-0.313149720771141,-0.06984155542208434,-0.010824523601602014,0.13433311575578563,0.008671520425680148,0.19388446592450692,-0.0035568914939164142,0.2861672411958622,-0.003196241996910806,0.44016388314903004,0.0005823287411715681,0.6614289311079893,-0.0015679876835076527,1.364505794256775,-0.002576704874543437,-0.001097927678778387,0.07389524130305761,0.12340766561908428,0.05
2.25,1081406967,-0.1896995137574773,0.1,0.06604949532933213,0.042297103202208745,0.044956428396071384,0.02321510185435994,0.00012035331730994906,0.0004185876367983572,1e-150,0.13433311575578563,0.04251586501906204,0.08231146441963005,0.02048895867671551,2.7764451051977987,0.05355637342024432,-0.2873487673287032,0.01004389434086253,1e-150,12.706204736432095,0.01724636761298911,-0.21846905834425207,-0.1613282214905758,0.07040906154953755,-0.2995493377351959,-0.08808906419058857,-0.023443592505217558,0.13433311575578563,0.004256940288885408,0.19388446592450692,0.0021026761289928237,0.2861672411958622,0.0007837442021228346,0.44016388314903004,-0.0025216658667959494,0.6614289311079893,-0.00011804339403570388,1.364505794256775,-0.0034102627847240282,-0.0008926160341756269,0.06681502929613123,0.08459117508136976,0.05
2.25,298835750,0.17570056601665712,0.1,0.074685792625462,0.1293455803914265,0.12997473656937134,0.16561850632320993,0.00034143625338529243,0.02708805338334584,0.15845717274236093,0.13433311575578563,0.13519627951785218,0.08231146441963005,0.164822154320874,2.7764451051977987,0.15412833220678415,-0.23778186606773727,0.618075840987915,0.1263653656667952,12.706204736432095,0.13604301271449923,-0.07530453817753507,0.3885869579445385,0.17276278108877882,-0.2659193428421078,0.3878051119263924,-0.014743116219548805,0.13433311575578563,-0.0037920193991279405,0.19388446592450692,0.0029343855186550164,0.2861672411958622,-0.0003426636972695016,0.44016388314903004,-0.0012358956068514954,0.6614289311079893,-0.0013254163864447135,1.364505794256775,-0.005844568457647842,-0.0003802605606897676,0.0436571778797016,0.04665871896215773,0.05
2.25,1654742210,-0.2425190274495713,0.1,0.0763584372421653,0.10177282918873269,0.11153508118926911,0.132037762468866,0.001450553312647247,0.015983417405137434,0.1885504001602678,0.32612014812863077,0.12433351873833329,0.08231146441963005,0.12660810500567946,2.7764451051977987,0.1091895382934476,-0.5800537542929365,0.026263763974363974,0.19592180046985508,12.706204736432095,0.11516410352277025,-0.46386240545886614,-0.030401227357855193,0.10116693778830346,-0.43136997273770433,-0.04137525122184195,-0.014260955225372057,0.13433311575578563,0.005780282138400686,0.19388446592450692,-0.003785182119920932,0.2861672411958622,-0.0063575155581267395,0.44016388314903004,0.001375308321032612,0.6614289311079893,0.00035351695637262536,1.364505794256775,-0.005255464055179241,-0.0006440200482628186,0.05683017271753751,0.08083251995660831,0.05
2.25,1565181603,-0.25211351098106016,0.1,0.06996519662779313,0.08853870287240985,0.09995878008667179,0.09566021265359508,0.002453388133977512,0.006697488150953519,0.12726033447266294,0.2861672411958622,0.11545028393572791,0.08231146441963005,0.08195636066300105,2.7764451051977987,0.21065684497122533,-0.7604987336119833,0.40925559858155697,0.12574191517884462,12.706204736432095,0.06596077119738848,-0.38674492941782795,-0.1448191467126745,0.09136675147471103,-0.4332990472620065,-0.09627554407348624,-0.008095090363382823,0.13433311575578563,0.0008985737783148619,0.19388446592450692,0.009367258763681791,0.2861672411958622,0.0013544313659745219,0.44016388314903004,-0.004272468470314522,0.6614289311079893,-0.003976478797428112,1.364505794256775,0.005819948276152389,-0.00346178386996642,0.1311344910262869,0.18574034814648774,0.05
2.25,704873059,-0.46778367729945575,0.1,0.06881618151990858,0.10098689827613841,0.10949202802648413,0.12628451747834005,0.002478284521142399,0.013469494833594772,0.14429373445213872,0.13433311575578563,0.12430647894061855,0.08231146441963005,0.1162257458974319,2.7764451051977987,0.13578164347558005,-0.7530870446380581,0.0008935141689156989,0.1077603174710391,12.706204736432095,0.10057393825962707,-0.6617416912452744,-0.26954659811953857,0.11820308191968747,-0.664642625644666,-0.22313054132322038,-0.011890253078795078,0.13433311575578563,0.008903160804341531,0.19388446592450692,-0.007606898308162891,0.2861672411958622,-0.002939388964831736,0.44016388314903004,0.001229122173301642,0.6614289311079893,-0.0003356807657387049,1.364505794256775,0.00117696358104572,-0.0018375661573706626,0.09535931874824724,0.15953018964875537,0.05
2.25,655533068,-0.03411747113887389,0.1,0.08445427602184738,0.1260616900339228,0.1321893836636743,0.05894295744798887,-2.5352824853754063e-05,0.0034996250575691813,1e-150,0.13433311575578563,0.12438724813865504,0.08231146441963005,0.05924305512764302,2.7764451051977987,0.14854951138617864,-0.24603562634079545,0.5788435011945653,1e-150,12.706204736432095,0.05561783888965017,-0.11948762587757011,0.06931666389459451,0.15582244493947628,-0.18413915275062143,0.3254982714273195,-0.012671890266472209,0.13433311575578563,-0.002881560173443282,0.19388446592450692,-0.003147034526737711,0.2861672411958622,-0.001011279885263157,0.44016388314903004,0.00040259411943427957,0.6614289311079893,-0.00029502437278800534,1.364505794256775,-0.00133121114474366,-0.0012607517158429442,0.07907377827079706,0.11240226028728786,0.05
2.25,1930347038,0.004850432656496012,0.1,0.08290568677886007,0.10160261602853603,0.11801152764809975,0.11159216721943624,0.0034135549928797707,0.009039256791850848,0.1115452895635332,0.13433311575578563,0.12759637455537717,0.08231146441963005,0.09521229863563042,2.7764451051977987,0.15416561872654658,-0.4566579373501354,0.3994068176560853,0.0769479792992101,12.706204736432095,0.08606259461988203,-0.15704073406819727,0.16674159938118924,0.13113318678444527,-0.3546468177520234,0.18948173066409116,-0.02194761031595685,0.13433311575578563,0.0013217802979986464,0.19388446592450692,0.001985999714241924,0.2861672411958622,0.003225861147361134,0.44016388314903004,-0.0023292419268382265,0.6614289311079893,-0.0019976658359227924,1.364505794256775,-0.006292262290949159,-0.00029737086244803533,0.038689911810394294,0.06153913706356523,0.05
2.25,1462724659,-0.014546058775190345,0.1,0.06912012749659632,0.048777312473376154,0.050857035028318655,0.025982277005213918,0.00021784682756401108,0.0004572318908116569,1e-150,0.13433311575578563,0.04619994637535478,0.08231146441963005,0.021413859303378007,2.7764451051977987,0.09512277841276688,-0.1401185267844818,0.3880878182494011,1e-150,12.706204736432095,0.02053495479044589,-0.050873801032566855,0.018831777135511388,0.10665110715811048,-0.3107535718143191,0.13450993264013777,-0.006826649115991459,0.13433311575578563,-0.003928631229315096,0.19388446592450692,-0.00268767673431176,0.2861672411958622,0.00030463845425766315,0.44016388314903004,8.312236762238447e-06,0.6614289311079893,-0.001612387846562941,1.364505794256775,-0.00488099669501487,-0.00031074429942659046,0.039481131695397756,0.052027649861484795,0.05
2.25,1897125933,0.05084080716292291,0.1,0.06834857869962599,0.04845082930968383,0.04755048974324048,0.05159820332428483,-0.00019323758172060113,0.0028556121680148394,0.04643648354746029,0.13433311575578563,0.04578032296315502,0.08231146441963005,0.05351509490202989,2.7764451051977987,0.24433225772572906,-0.7494776824547694,0.6072725195542855,0.03976707396731858,12.706204736432095,0.0492190611730143,-0.04445304688244793,0.12901930734851424,0.14286893685057747,-0.47337621723881035,0.12472544263034985,-0.012756001909816482,0.13433311575578563,-0.001883449807387745,0.19388446592450692,0.0038138289038636146,0.2861672411958622,-0.002715421015968532,0.44016388314903004,-0.0011951195373024652,0.6614289311079893,-0.0004346450927549272,1.364505794256775,-0.004502349001011451,-0.0006355180843688147,0.056112188730144265,0.09418390998260667,0.05
2.25,1247521169,-0.0436724957431181,0.1,0.06143194608861959,0.0502956328124517,0.0451201408310565,0.05199553528998964,0.00010329704458790327,0.0026002386455046544,0.04116936474122977,0.13433311575578563,0.04172327842676747,0.08231146441963005,0.05106617066217712,2.7764451051977987,0.06458115927760821,-0.17513305854581135,0.18347902858281812,0.036140314115176375,12.706204736432095,0.039293361452998915,-0.11438286393728939,0.030401334205965108,0.07485427652697373,-0.11908326343248096,0.13068635479545174,-0.010840732030293065,0.13433311575578563,0.003405908757395605,0.19388446592450692,0.001760990327449603,0.2861672411958622,-0.003337314821329034,0.44016388314903004,0.0010341194016056001,0.6614289311079893,-0.002446424913360473,1.364505794256775,-0.0021870250128240903,-0.0010526220776472513,0.07227279092476392,0.0998181624608165,0.05
2.25,742790538,0.14233833322422168,0.1,0.060020679213577524,0.06076068761762677,0.07426346792270792,0.05961884507066564,0.0012714801511722958,0.0022829265363877365,0.05860227857532137,0.13433311575578563,0.07125328634805783,0.08231146441963005,0.04784897689565693,2.7764451051977987,0.11462109946270714,-0.09459367368944044,0.5418847074218061,0.03987037041111041,12.706204736432095,0.04490157426909112,0.06999771129347293,0.2160310129089535,0.06317397097871354,0.01294384556241206,0.24480221880750638,-0.008863272920182337,0.13433311575578563,0.005054098559025144,0.19388446592450692,-0.005860738198800866,0.2861672411958622,-0.000246158354079718,0.44016388314903004,0.00019025561736115966,0.6614289311079893,-0.0006365149024117609,1.364505794256775,-0.001069113386900593,-0.0008968237811257775,0.06694802703050641,0.07406712923397375,0.05
2.25,1991727802,0.2593925056510848,0.1,0.08148733456969137,0.06519220244510883,0.06266248311796997,0.07560640102513293,0.0002419231235417877,0.005474404752431433,0.0882193568309977,0.2861672411958622,0.06784939812035232,0.08231146441963005,0.07409606421048764,2.7764451051977987,0.07551962487297023,-0.06064412920591364,0.35870805644395065,0.08749325861181896,12.706204736432095,0.06494992124020119,0.14498317439372888,0.3681774640915578,0.1400800866043515,-0.17145654317135955,0.36194836743051734,-0.017048980974186032,0.13433311575578563,-0.012763255914064443,0.19388446592450692,0.0006298921796232784,0.2861672411958622,0.002607295739514169,0.44016388314903004,-0.0002968137094202663,0.6614289311079893,-0.001815108977736448,1.364505794256775,-0.0053036167396811485,-0.0006105249847943711,0.055061078964164796,0.07665610028696018,0.05
2.25,546190108,-0.2990657631116113,0.1,0.06693289501783053,0.064506429567396,0.06152402818053937,0.07742382910639278,-0.0003931477038414061,0.00638759701733732,0.0712995080478174,0.13433311575578563,0.05587408907457863,0.08231146441963005,0.08003785529606104,2.7764451051977987,0.4437853182773114,-1.4197877814026523,1.0445033679767244,0.06507989527576159,12.706204736432095,0.0682353561010715,-0.4110186223161103,-0.1905125123487617,0.07250343723875692,-0.40285211837554386,-0.13206621143566855,-0.010589139280306649,0.13433311575578563,0.006015031446734649,0.19388446592450692,0.00035795784962752166,0.2861672411958622,0.0009167958264501491,0.44016388314903004,-0.006765343536499121,0.6614289311079893,0.0015772117185784854,1.364505794256775,-0.00632346998911815,-0.00038447899946882796,0.044121799477337624,0.07465085251818465,0.05
2.25,1050728476,-0.015072045769492132,0.1,0.06997504017885493,0.06104107971464845,0.06486327906020714,0.06540799725214132,0.00042914706142593894,0.003849059043110187,0.06749686310694936,0.13433311575578563,0.06956992226383243,0.08231146441963005,0.062130374948262346,2.7764451051977987,0.04493611643427306,-0.19711699476895866,0.05240832627211295,0.04815049779827425,12.706204736432095,0.055179149710639724,-0.10573634979603755,0.07017318310353615,0.0616103795384524,-0.15647668051338257,0.0904038577130037,-0.008040149456843075,0.13433311575578563,-0.0018375636353055184,0.19388446592450692,-0.004775787402794618,0.2861672411958622,-0.002730399936747629,0.44016388314903004,0.0026178900460532696,0.6614289311079893,-0.0018593185622589926,1.364505794256775,-0.002798323752247277,-0.0009140517218525507,0.0673147373641488,0.09935551265054009,0.05
2.25,492639453,0.216068643671062,0.1,0.07853993196352772,0.08026584197430083,0.0823760472458965,0.03038895341349866,0.00027064486011642123,0.0006528436294513705,0.013703991369850394,0.13433311575578563,0.07845427859615733,0.08231146441963005,0.025587701357299836,2.7764451051977987,0.21236736636489198,-0.5527690145513702,0.6264836551437338,1e-150,12.706204736432095,0.01972691417074914,0.18133950003578644,0.25130749991581186,0.11153525644148503,-0.06696339434890373,0.3833866883735081,-0.005557015467867334,0.13433311575578563,-0.0007958213268330869,0.19388446592450692,0.0036747442462391087,0.2861672411958622,-0.004006528949121952,0.44016388314903004,-0.003439075964906486,0.6614289311079893,0.0003262159040222577,1.364505794256775,-0.00655619657574933,-0.0005147295690744463,0.05056553338734733,0.07408610116514201,0.05
2.25,626748580,-0.2635497359800466,0.1,0.07387465888591838,0.03857024153180552,0.04180578213520602,0.05830921750626896,9.112702174895798e-05,0.0033088378244444244,0.0596639373416955,0.13433311575578563,0.044151820707180656,0.08231146441963005,0.057605563442639576,2.7764451051977987,0.1569558454535444,-0.49930563229226543,0.37225294539108567,0.0579303423925792,12.706204736432095,0.05363617495578892,-0.34846153349058234,-0.17507784939981652,0.08032215088420604,-0.3358869543868894,-0.028211600685805378,-0.018475784141045302,0.13433311575578563,-0.006863881908151798,0.19388446592450692,-0.00016656478804899573,0.2861672411958622,-0.00038589913731264664,0.44016388314903004,0.0014724128251385094,0.6614289311079893,-0.0018218047992747432,1.364505794256775,-0.001610718403184749,-0.0013828619603707094,0.08301189366019983,0.10863666790370942,0.05
2.25,1568891961,0.1658002485205054,0.1,0.06401843174519142,0.04268652908063425,0.04508807602529543,0.03262254799990116,0.00019945804383614133,0.0008647725941697137,0.026279888196401036,0.13433311575578563,0.040663378026845325,0.08231146441963005,0.029449481097761805,2.7764451051977987,0.13750866832059644,-0.29097790437633086,0.4725926337856443,0.023432282170409015,12.706204736432095,0.02773427454197194,0.11497965737000129,0.2166208396710095,0.057333011793527774,0.04180150936296167,0.23794399200820673,-0.022764059543969074,0.13433311575578563,-0.003479509879339201,0.19388446592450692,0.0013539422213289668,0.2861672411958622,0.0027400898335431093,0.44016388314903004,-0.0045676549041195995,0.6614289311079893,0.0016783182104522266,1.364505794256775,-0.00535392350138986,-0.0005391143094950461,0.052017480767727865,0.0638921827278036,0.05
2.25,726321287,-0.18008558131250296,0.1,0.06248126620117284,0.08494067457557562,0.08643215699743097,0.09975398691506991,6.068902460432211e-05,0.009890168880847617,0.10033114460729689,0.13433311575578563,0.0879593656155885,0.08231146441963005,0.09959293742013763,2.7764451051977987,0.08398038041695692,-0.4529727014662066,0.013361130816411576,0.07098131824664838,12.706204736432095,0.08314943195708623,-0.30823270877338405,-0.042737460778619424,0.08656997914283218,-0.4009207294713931,-0.03837294360055496,-0.016138774870614683,0.13433311575578563,-0.010679317576249856,0.19388446592450692,0.010501072708905162,0.2861672411958622,-0.004356357434018429,0.44016388314903004,-0.0017807505379852436,0.6614289311079893,0.0008389659488876762,1.364505794256775,-0.0004641371047960341,-0.0016877234157028364,0.09227805457483827,0.12030259228463291,0.05
2.25,1514769506,-0.046863845917458534,0.1,0.06770356280247708,0.06057145806618465,0.059202852950758444,0.07565575768908599,7.833220166605058e-05,0.005645461469843643,0.05838953463991681,0.13433311575578563,0.04733702784677096,0.08231146441963005,0.07524478608164983,2.7764451051977987,0.20182520694586212,-0.439030598608352,0.6816826172523913,0.05086478732789611,12.706204736432095,0.06376721688132889,-0.1528087741314641,0.05989762928560361,0.08195588953688696,-0.1262636104312402,0.16529621114396503,-0.0032401680546524252,0.13433311575578563,0.0010961464115124067,0.19388446592450692,-0.0007029211433010521,0.2861672411958622,-0.003443230659195766,0.44016388314903004,0.0007777480818800669,0.6614289311079893,-0.0018814582058477713,1.364505794256775,0.002397256785645006,-0.0020879167592370985,0.102824742057917,0.18059439073556804,0.05
2.25,102412963,0.1440729133754732,0.1,0.07913701078226226,0.07250379359952838,0.07652133916840749,0.062460996241152776,0.0007779119085637434,0.0031234641428735574,0.08228524719934086,0.19388446592450692,0.08350016825343796,0.08231146441963005,0.05596866530378977,2.7764451051977987,0.08892613129675069,-0.09705912891863785,0.3967379150074426,0.04931280167413264,12.706204736432095,0.0520319533860038,0.06689487715062417,0.24434506302884662,0.08871414150101685,0.02939852224422511,0.35883222616244986,-0.01729467565923842,0.13433311575578563,0.012371703930132951,0.19388446592450692,-0.0046954071248075085,0.2861672411958622,-0.0033696351523100428,0.44016388314903004,0.0019761380788101287,0.6614289311079893,-0.0021695250101888106,1.364505794256775,-0.004983990850645649,-0.0005538535725767506,0.05232734083470447,0.08774962603627022,0.05
2.25,2130799002,0.23801599134126644,0.1,0.06500746352775856,0.035574505458074876,0.03549632812712392,0.022168748241912097,6.806130171630484e-05,0.0004233920968969759,0.021551782464685438,0.32612014812863077,0.036300965851268706,0.08231146441963005,0.020606207158950993,2.7764451051977987,0.02857584064248464,0.1568919145091521,0.31557042026662974,0.0229941944498927,12.706204736432095,0.016596070514326898,0.20889089940882133,0.2656491740729991,0.03530867125288973,0.18565095591804967,0.31301203284864076,-0.015363233686830525,0.13433311575578563,0.008076612029432925,0.19388446592450692,-0.0005028391558557308,0.2861672411958622,-0.0044631813129118805,0.44016388314903004,-0.0005240577328577905,0.6614289311079893,0.0004119649025480732,1.364505794256775,-0.003836817280063073,-0.0006870899626460175,0.058714181753887665,0.06480868577744973,0.05
2.25,1804391893,-0.4530274882956269,0.1,0.06478247832314102,0.07709299766752115,0.08039860724045551,0.10322641040217419,0.0005663412226667424,0.010089350581851354,0.13342750716025228,0.32612014812863077,0.09379721399828189,0.08231146441963005,0.1005908075056129,2.7764451051977987,0.13833773134929678,-0.9357315939638997,-0.16755735982605352,0.13575770204622123,12.706204736432095,0.09107108659450998,-0.6135106816926745,-0.27671511211233607,0.10820545325729941,-0.7998262412097166,-0.32458534081227924,-0.012391325416737068,0.13433311575578563,0.011194629401009055,0.19388446592450692,-0.005298395709893752,0.2861672411958622,0.0004060318676376611,0.44016388314903004,0.00021224813857454946,0.6614289311079893,-0.003140273965341573,1.364505794256775,-0.0031814967113059705,-0.0009464397104382756,0.06863874135283303,0.11191018070166882,0.05
2.25,798539822,0.06403369670620865,0.1,0.06440804995280067,0.09215133241033042,0.09105400230117307,0.07176078683471822,0.00014531204425841625,0.005004298482879451,0.036830224482461656,0.13433311575578563,0.07990187336129,0.08231146441963005,0.07084321967056831,2.7764451051977987,0.3243531287711419,-0.4934606594517315,1.307636654012725,1e-150,12.706204736432095,0.0665536990088193,-0.03750298709396732,0.1854803089044724,0.10224756214416064,-0.10261553110059227,0.24239772692643982,-0.023626226600498484,0.13433311575578563,-0.0037421478136100065,0.19388446592450692,0.001433073483871904,0.2861672411958622,0.0003071523363804183,0.44016388314903004,-0.00042138954210283575,0.6614289311079893,-0.0007285887422488051,1.364505794256775,0.00014823134310253312,-0.0019660401392176496,0.09936559570910475,0.13179474790340068,0.05
2.25,1162740311,-0.13963913487896248,0.1,0.05821670583149427,0.020351778822591173,0.020562878607039425,0.015371013023500475,-9.246254410318576e-06,0.0002455142957789398,0.01480776197150995,0.13433311575578563,0.019703195735913233,0.08231146441963005,0.01569152238211686,2.7764451051977987,0.03850509393631443,-0.26368227381072373,-0.04986771464140047,0.010108021252194725,12.706204736432095,0.012808150445977086,-0.1591517139001617,-0.11157375784199458,0.030796246385169368,-0.18488377777007606,-0.08462006897973552,-0.007403078425301985,0.13433311575578563,-0.0020949595181369344,0.19388446592450692,0.005616258697908935,0.2861672411958622,0.0021765814989348543,0.44016388314903004,-0.0016471555011720253,0.6614289311079893,-0.00510657584731341,1.364505794256775,0.004028142250804089,-0.002871777976218695,0.11933504919727836,0.20835768288438164,0.05
2.25,360295584,-0.16490544139460184,0.1,0.05515614302728591,0.04588079441514133,0.04449900157623935,0.07010511594450775,-3.023964071742838e-05,0.004944966922310303,0.07025332580167057,0.19388446592450692,0.04208459379090174,0.08231146441963005,0.07042200461662884,2.7764451051977987,0.22086692782040732,-0.937581984119974,0.2888678171741168,0.06401696510052886,12.706204736432095,0.060291287713653816,-0.28906007840133163,-0.06297868240619008,0.1204224940992124,-0.5678960866010101,-0.08779673887318029,-0.017193540661530282,0.13433311575578563,0.002447987931414215,0.19388446592450692,-0.0036917231286357683,0.2861672411958622,-0.0003010381136740767,0.44016388314903004,0.001361480861127066,0.6614289311079893,-0.0012431670764818784,1.364505794256775,-0.0003468666832190248,-0.0013253777509176924,0.08170730080370824,0.12645827695182538,0.05
2.25,2073326326,0.31817487177394316,0.1,0.0677239744108328,0.049599404939888445,0.049764895405538544,0.055665328035805685,0.0001678548442150831,0.0029307739011187714,0.06222999748593578,0.13433311575578563,0.054155906708244696,0.08231146441963005,0.054214798218933664,2.7764451051977987,0.11059562793675326,0.01346137012321491,0.6275867498057659,0.04712921622099475,12.706204736432095,0.04656452641033444,0.22641618918908796,0.4065835428936496,0.057485471534768094,0.22363769821913365,0.4230737856988781,-0.008665499643524933,0.13433311575578563,0.004546617908638886,0.19388446592450692,-0.0030168997671891247,0.2861672411958622,-0.0001844115451358958,0.44016388314903004,-0.0012154652907824257,0.6614289311079893,-0.0013967362627848607,1.364505794256775,-0.0019195615729214789,-0.0011832940272870482,0.07681903124906506,0.10623703366656381,0.05
2.25,622644768,-0.21297285236794772,0.1,0.07830668370692277,0.07498823674429914,0.06842207815335753,0.0642339301749169,6.519383101712562e-05,0.004060803954698974,0.044519287100904366,0.13433311575578563,0.06189404576127586,0.08231146441963005,0.0638164585535245,2.7764451051977987,0.1322765207298491,-0.715323770231146,0.01919322679482338,0.04016986209095111,12.706204736432095,0.05710972842079623,-0.3093393687259589,-0.11774688298325722,0.08117296390704548,-0.3598771025922062,-0.11849638700546508,-0.017024793625012066,0.13433311575578563,3.418511701706133e-05,0.19388446592450692,-0.0013535796325209134,0.2861672411958622,0.0006425055237668474,0.44016388314903004,-0.0022746392671595724,0.6614289311079893,-0.00039042652157041054,1.364505794256775,0.0009354765800260411,-0.0022884221213578023,0.10656561527480461,0.12361328975622156,0.05
2.25,169156503,0.32171689390666436,0.1,0.06983595982516992,0.039895632342835656,0.047032124288657655,0.05028905010261333,0.00030559796505205206,0.0022233905951711016,0.058731390045664474,0.32612014812863077,0.04483535961275183,0.08231146441963005,0.04722093370053379,2.7764451051977987,0.21275119384605112,-0.5125632991242186,0.6688207224334948,0.05913667148687786,12.706204736432095,0.04661015056049921,0.23718602746189002,0.4062477603514387,0.054081502555191494,0.2140803743174018,0.40767771806979747,-0.021631634119491476,0.13433311575578563,-4.645394391493822e-05,0.19388446592450692,-0.0028751934507004174,0.2861672411958622,0.0001487780573907624,0.44016388314903004,0.0004630091740635004,0.6614289311079893,-0.00025287112221803625,1.364505794256775,-0.0008376721143124684,-0.001349294590874066,0.08183507605502116,0.1449272506057156,0.05
2.25,1505404043,-0.16845544504322418,0.1,0.05121129558678376,0.034307165234556826,0.033608675933199286,0.01927383431605197,5.737328770214888e-05,0.00031410740154047366,1e-150,0.13433311575578563,0.030790466260529076,0.08231146441963005,0.01774866829935184,2.7764451051977987,0.15818037051585784,-0.44069076628750226,0.4376674646267532,1e-150,12.706204736432095,0.015981704089470274,-0.19455771713713602,-0.14235317294931235,0.04631278431611708,-0.23261306385380495,-0.0470518262957572,-0.010633297719471958,0.13433311575578563,0.0013645120171485528,0.19388446592450692,-0.004116548286791966,0.2861672411958622,0.0016304202375606424,0.44016388314903004,-0.004004842869060307,0.6614289311079893,0.0019973662095861453,1.364505794256775,-0.004622660246947727,-0.00026300768443150675,0.03613094196560334,0.06291875260933348,0.05
2.25,307250667,0.1934031069766095,0.1,0.08125070550463769,0.05797163135787898,0.060100528701358215,0.045527854046682074,0.00017385818737299845,0.0018989273067229872,0.07296454401938504,0.32612014812863077,0.06242614798220375,0.08231146441963005,0.043639609713346066,2.7764451051977987,0.051948972129147855,0.07540356781949986,0.36387050659555875,0.08267401681111812,12.706204736432095,0.039751126486779184,0.1252003514301861,0.25976227846705746,0.07041766899767894,0.051290347388238657,0.3205603817865359,-0.008321283326709884,0.13433311575578563,-0.0007031484208144657,0.19388446592450692,-0.0017691622669040495,0.2861672411958622,-0.0009873493809553799,0.44016388314903004,0.0023156981242635657,0.6614289311079893,-0.004423188164780674,1.364505794256775,-0.006761955998234179,-0.00014946229550903928,0.027237699467309955,0.04411343676255954,0.05
2.25,838627770,0.4425525409882639,0.1,0.07545337888607206,0.09980328766241434,0.11010348305468798,0.09768229236496766,0.001783551813652329,0.007758278428022691,0.14314052712700295,0.32612014812863077,0.12101959147934338,0.08231146441963005,0.0882082830466951,2.7764451051977987,0.1807070181892218,-0.19047492694228885,0.8129713053104201,0.1328120946824456,12.706204736432095,0.08052144301374861,0.32458711943713253,0.5605179625393952,0.14473713915047737,0.020004694408122643,0.5498818856227463,-0.021981623339585806,0.13433311575578563,0.004823400596017952,0.19388446592450692,-0.00044239385380206336,0.2861672411958622,0.00047914152611320756,0.44016388314903004,-0.0011409279231305361,0.6614289311079893,-0.0008404757068700922,1.364505794256775,-0.005420479383504057,-0.0003941945682204072,0.044598472794595875,0.062169585862603745,0.05
2.25,1276021798,-0.08507032721613429,0.1,0.060623732524330336,0.04473738672696293,0.044035906365661515,0.03790447644674115,2.436274393112503e-05,0.0014123865907704296,0.036409167089525345,0.19388446592450692,0.04196019300985871,0.08231146441963005,0.03763600181927255,2.7764451051977987,0.08740751698293163,-0.40223189087214317,0.08313245449736478,0.024489375992065004,12.706204736432095,0.031854452636996634,-0.15052763970330307,-0.01961301472896554,0.06874179222297469,-0.27853150227596,-0.02890584821208722,-0.013144518114196587,0.13433311575578563,-0.006191938915422013,0.19388446592450692,0.0034010365796537526,0.2861672411958622,-0.001579932030825463,0.44016388314903004,0.0010291925580067321,0.6614289311079893,-0.0013862439814860154,1.364505794256775,-0.004230280566607856,-0.000258789022212343,0.03593142690784462,0.052323997380664886,0.05
2.25,1993382046,-0.26134415303052905,0.1,0.09506392609242885,0.09710389360318862,0.10768747550925685,0.06818253990351264,0.0026918313708758496,0.001957027376818243,0.09211873975809673,0.32612014812863077,0.11239145661599742,0.08231146441963005,0.04430218420468858,2.7764451051977987,0.0947076326235486,-0.5093046676146789,0.016596418430366827,0.10045847902933695,12.706204736432095,0.03625237233125407,-0.33900506989007806,-0.18368323617098004,0.09743076055933235,-0.4649641822676727,-0.08412988424362058,-0.015401732384418618,0.13433311575578563,-0.004497751771378955,0.19388446592450692,0.007383455799488279,0.2861672411958622,-0.0017458972532652286,0.44016388314903004,-0.004130966096463165,0.6614289311079893,0.0008449257489664121,1.364505794256775,0.0008929928794291687,-0.0022178750998644,0.10564092645417607,0.1639669052712965,0.05
2.25,1438738523,0.44436029447602404,0.1,0.06870556658448149,0.06303354525788744,0.06252978212268061,0.06869214132242608,0.00015473088030590115,0.004563879399154257,0.07044831152575234,0.13433311575578563,0.0641066586439356,0.08231146441963005,0.06765404497915842,2.7764451051977987,0.07690331377254038,0.28114677805257443,0.7081824362470948,0.06248967167877781,12.706204736432095,0.06416596680276372,0.3391985822105451,0.5427746300631199,0.07967559094652972,0.3437848663486561,0.6809080328394782,-0.00981908698976673,0.13433311575578563,0.00011664481453505738,0.19388446592450692,-0.00045885160963768856,0.2861672411958622,0.0005953322143148925,0.44016388314903004,-0.00014832213629971456,0.6614289311079893,-0.0027665910538489,1.364505794256775,-0.0009752198501495269,-0.0013242672367280862,0.08124002625010733,0.10405586067670293,0.05
2.25,1297161982,-0.12416871202009246,0.1,0.06786408017231675,0.06523633593911851,0.05638217537504868,0.03046480691933306,-0.0011140179602319826,0.0020421224208642262,0.01936372226060911,0.13433311575578563,0.05470766564281867,0.08231146441963005,0.04525510478151385,2.7764451051977987,0.05595034190033055,-0.26633459744048704,0.04435150836614503,1e-150,12.706204736432095,0.04131996537702536,-0.1966802804601129,-0.046665783715730616,0.0780965710545086,-0.2716358899694201,0.013993589054089156,-0.009563454313097616,0.13433311575578563,-0.01070632220368057,0.19388446592450692,-0.002163791422378879,0.2861672411958622,0.0019501612481353278,0.44016388314903004,-0.0014185776704610338,0.6614289311079893,-0.0010923447608888037,1.364505794256775,-0.007529594679508485,-8.773481856197958e-05,0.020922105088417742,0.023444811842293845,0.05
2.25,523963474,-0.12012628315490853,0.1,0.058875011978892805,0.05235427764038667,0.05068855252114563,0.05126490927863019,0.0003634687442258958,0.002264622179120288,0.04069099405070913,0.13433311575578563,0.05049343607102944,0.08231146441963005,0.04765676583578654,2.7764451051977987,0.09254832586360887,-0.42335618935282127,0.09055450332371406,0.026784057726136627,12.706204736432095,0.04558287528492277,-0.20958720249129437,-0.030665363818522695,0.0806834485822815,-0.26554469576019796,0.0605773816822794,-0.017667245812745282,0.13433311575578563,0.00895160336974258,0.19388446592450692,0.0020960669443331635,0.2861672411958622,-0.0007601666043366983,0.44016388314903004,-0.004054406823822738,0.6614289311079893,0.0010895776890058589,1.364505794256775,0.0013366454756053175,-0.0019088009162327477,0.09771385897359659,0.11578893965539286,0.05
2.25,1575849735,0.29720573978946374,0.1,0.07523187861613392,0.06147276139626488,0.06914208055301398,0.07625709451941226,0.0007962317964892419,0.0050189126680533335,0.09176268783779551,0.19388446592450692,0.07976278907094489,0.08231146441963005,0.07094658692280893,2.7764451051977987,0.22284619131462347,-0.565112813896684,0.672327620278233,0.08061697425332875,12.706204736432095,0.07023499370960555,0.17786752909436948,0.416543950484558,0.0702633074363679,0.12168585059869393,0.38083827996032477,-0.013751869619172762,0.13433311575578563,0.009915380816894054,0.19388446592450692,0.0015895749932604774,0.2861672411958622,0.0001634560390741405,0.44016388314903004,-0.0015110019169292208,0.6614289311079893,-0.003161638184935478,1.364505794256775,-0.004535845047717354,-0.0006117202800162203,0.05546273169153305,0.07102006503645227,0.05
2.25,1360626427,-0.3002392416525072,0.1,0.07163057929323328,0.05641655072861554,0.05884620349686341,0.08055164323937707,0.0003722278543125306,0.0061163393742513505,0.0866960124862322,0.13433311575578563,0.06501521333928618,0.08231146441963005,0.07831996332787586,2.7764451051977987,0.11933148565097595,-0.634488101409936,0.02814653705333109,0.0728545157344433,12.706204736432095,0.07034467633852669,-0.4350881311082727,-0.15650305085757046,0.07866740398281115,-0.4583716867104734,-0.1785815373373772,-0.023843628627925405,0.13433311575578563,0.001815008408523197,0.19388446592450692,-0.00688004590196408,0.2861672411958622,-0.0006077499244660399,0.44016388314903004,0.004135874372747446,0.6614289311079893,-0.002934286448161519,1.364505794256775,-0.0052960917060530695,-0.000641080227535072,0.05656771151001608,0.08250131901412802,0.05
2.25,212341943,0.17473976338264113,0.1,0.07286197058372518,0.049452869851451586,0.04384658553452774,0.05625396538711117,4.1873010797788875e-05,0.003122635610976513,0.051640359996936246,0.13433311575578563,0.04238473041911695,0.08231146441963005,0.055961241671265115,2.7764451051977987,0.27737760327504474,-0.4383950339856354,1.1018523438233543,0.03969353636442062,12.706204736432095,0.051592280471604746,0.07973787850073658,0.2697416482645457,0.06085436089800464,0.10453347808064975,0.3401603398251756,-0.013668274290584053,0.13433311575578563,-0.00762368362217698,0.19388446592450692,-0.0020027832874634018,0.2861672411958622,-0.0015138808332830567,0.44016388314903004,0.0004498032854526711,0.6614289311079893,-0.0002766085554034842,1.364505794256775,0.013043825795431398,-0.005099300737466402,0.1591692819971216,0.2140441449334873,0.05
2.25,701242346,-0.24031144823386913,0.1,0.05495663948860289,0.03846164779084299,0.0380745439042197,0.04447958484821783,-4.029821031515052e-05,0.00201873167858496,0.03860989914167865,0.13433311575578563,0.03611434182697244,0.08231146441963005,0.04499517933295907,2.7764451051977987,0.05119733744552785,-0.37593175830289494,-0.0916385644033034,0.03128077045146142,12.706204736432095,0.04250348629724346,-0.3041259936826288,-0.17649690278510946,0.049521609849247916,-0.30318473203918933,-0.1183538633769443,-0.011726747010124558,0.13433311575578563,-0.0029283457334405294,0.19388446592450692,-0.002086813672145883,0.2861672411958622,-0.0009230766322458256,0.44016388314903004,-0.001228163769725523,0.6614289311079893,0.000356194875406155,1.364505794256775,0.0014521778769938576,-0.002081220913678926,0.10257088243895025,0.16565421759793117,0.05
2.25,738316296,-0.01563783286440648,0.1,0.07862474030115425,0.06314136270559102,0.06487061682729343,0.060053688498397026,0.00010451260629392584,0.0035019328959685777,0.06786887555159765,0.19388446592450692,0.07093241037548864,0.08231146441963005,0.05926258591480401,2.7764451051977987,0.13548757103168563,-0.46807576637348636,0.28427184043863896,0.050140299278956864,12.706204736432095,0.050554832092113824,-0.09259086814922134,0.0847965648788949,0.06415030482228731,-0.1307448755213547,0.10640056491756683,-0.010956701431777394,0.13433311575578563,-0.0004093630517037487,0.19388446592450692,0.004356411387670595,0.2861672411958622,-0.0015583918250732431,0.44016388314903004,0.00010785482944495598,0.6614289311079893,-0.0033575481445087528,1.364505794256775,-0.006240752892329681,-0.00019166155742954554,0.031143848692805873,0.04572249859316942,0.05
2.25,1727757255,0.10765231917633714,0.1,0.07182295651707517,0.05146120115101507,0.05146990278624858,0.0030428613861957087,-3.972627599968656e-05,4.898528141528743e-05,1e-150,0.13433311575578563,0.0420446286322235,0.08231146441963005,0.0070090553837970975,2.7764451051977987,0.07729355374528928,-0.17746043779164966,0.25174218012725313,1e-150,12.706204736432095,0.006261010156369695,0.09818933504933411,0.11786515141502661,0.0745019132299765,-0.10464446562454477,0.19372425238827914,-0.018051723855905262,0.13433311575578563,-0.01016009322177418,0.19388446592450692,0.0031488412724324784,0.2861672411958622,-0.0015543555631524386,0.44016388314903004,0.00022947584395874564,0.6614289311079893,-0.0009968564369979723,1.364505794256775,0.007970100242015818,-0.004002422720362893,0.14248751887430644,0.1932993396543,0.05
2.25,1033616836,0.006228553736085225,0.1,0.08917675212399298,0.12192959287120148,0.1393045940473584,0.12230874239180542,0.0053509808397659096,0.00960844762569911,0.1727181125180768,0.13433311575578563,0.17055404698440413,0.08231146441963005,0.09816423842490792,2.7764451051977987,0.14296610986784086,-0.5218778875998773,0.27199722430359763,0.15315692210727544,12.706204736432095,0.09046405064541786,-0.17822386506026458,0.1672751104187913,0.12744584597775588,-0.23033979861268788,0.25322063600880546,-0.011884804699672579,0.13433311575578563,-0.007993696057277594,0.19388446592450692,-0.003327228569446404,0.2861672411958622,0.0005101361977399026,0.44016388314903004,0.0003853577975449769,0.6614289311079893,-0.0009831303311716823,1.364505794256775,0.003504690917727746,-0.002637210211824291,0.11487793059918604,0.15950661780002684,0.05
2.25,1907156041,-0.19296581161998877,0.1,0.0689097834368669,0.07098510597721909,0.07048779399138158,0.08956876224529751,0.0004501515353458824,0.007572411634808751,0.09677879207733664,0.32612014812863077,0.07638277695819719,0.08231146441963005,0.0871452650324062,2.7764451051977987,0.10963711725444472,-0.47023454842902246,0.13856832666917784,0.09632324403998699,12.706204736432095,0.08150022495795312,-0.3214640533247626,-0.06483762154712674,0.0810942821431053,-0.3530682449109498,-0.024193638565378258,-0.00669542244751483,0.13433311575578563,-0.006519657416927137,0.19388446592450692,0.00517517224084726,0.2861672411958622,-0.004233891181651897,0.44016388314903004,-0.0023514559701066475,0.6614289311079893,0.0013330634769195882,1.364505794256775,0.0022678366910824075,-0.00217337193609322,0.10378967053147019,0.12614283480659164,0.05
2.25,1491362312,-0.09996820139642168,0.1,0.06151858732615983,0.0254578978810762,0.026144081999478905,0.02392851652789344,1.962482915323033e-05,0.0005529490740724392,0.02712184143386166,0.13433311575578563,0.029421571781461504,0.08231146441963005,0.023548825719844953,2.7764451051977987,0.04272767772387937,-0.1871623363125798,0.050099767033288,0.01743837873271831,12.706204736432095,0.021982157401208038,-0.13075920992681342,-0.06492318169904554,0.050870336015909255,-0.1511757143278175,0.00047306001043014717,-0.013839834765007872,0.13433311575578563,-0.004345404997297116,0.19388446592450692,0.005472884032207796,0.2861672411958622,-0.0010433595069825948,0.44016388314903004,-0.0032774609237870124,0.6614289311079893,0.0006857427230314499,1.364505794256775,-0.0056338084067809385,-0.00027266448214197206,0.03684384029210067,0.052438486471660786,0.05
2.25,1167768765,-0.4343919579319224,0.1,0.09016007413750211,0.07131584833824141,0.0781668346901355,0.06847891952299283,0.0008383434888846238,0.003851018930151905,0.06373220680432012,0.13433311575578563,0.07666511689871938,0.08231146441963005,0.06214619089426797,2.7764451051977987,0.06000211180952945,-0.5930294090703906,-0.2598442698001924,0.06501625484799431,12.706204736432095,0.05479759291730437,-0.5315244063400819,-0.3426341418315715,0.07682242471083402,-0.5752423610546018,-0.2748627520482014,-0.012038129966444724,0.13433311575578563,-0.009323483376183562,0.19388446592450692,-0.0016087636405844844,0.2861672411958622,-0.00026389910166580956,0.44016388314903004,0.0010224791751556339,0.6614289311079893,-0.001260535762500433,1.364505794256775,-0.005409151466782422,-0.0003332065265100652,0.040841617468417406,0.05132989380090777,0.05
2.25,326517398,-0.2809384308516936,0.1,0.06464629277290146,0.04113331138675171,0.041644646602779375,0.03048823590181913,7.120255639214506e-05,0.0008583299720128279,0.04646776523859375,0.2431366342882323,0.04778112250463866,0.08231146441963005,0.029339575567402,2.7764451051977987,0.12750142489852237,-0.6653626519599036,0.04263876217059065,0.04556557262057112,12.706204736432095,0.02387776701521552,-0.317433483836232,-0.22961565087628433,0.06009665081792865,-0.4413300963488981,-0.22415097099520798,-0.011496101081561757,0.13433311575578563,-0.004794913412965245,0.19388446592450692,-0.0011305446361227294,0.2861672411958622,-0.004536280153716615,0.44016388314903004,0.0005471508577939691,0.6614289311079893,0.0010241670591492867,1.364505794256775,-0.005965254336843296,-0.00022786449999551907,0.03361346545663994,0.0587531560589505,0.05
2.25,242773979,-0.2649021454655914,0.1,0.06240274208348787,0.07361702661097069,0.07831636642639384,0.09399004330911842,0.00014905629075235953,0.008685071950497598,0.09472715660297153,0.13433311575578563,0.08288880771670755,0.08231146441963005,0.09332830928778453,2.7764451051977987,0.10651003614289065,-0.6502752720155897,-0.05883673500885089,0.0704164752318158,12.706204736432095,0.08280585294640108,-0.4000366015410234,-0.13125414723798168,0.07904830890155275,-0.40366150223105207,-0.1345628769414984,-0.011567580214060064,0.13433311575578563,-0.0019569740350559705,0.19388446592450692,-0.0008579119524432673,0.2861672411958622,0.0015669572316286127,0.44016388314903004,-0.0020253856915959435,0.6614289311079893,-0.0007899056273197629,1.364505794256775,-0.003510094909668894,-0.0007452837108343407,0.060962865886651965,0.10004609903935273,0.05
2.25,304004370,-0.2738325076961097,0.1,0.05975153666650296,0.04399902150539377,0.04213103980606267,0.0523855572295857,5.625568049947042e-05,0.0026879909257547276,0.04151777856191607,0.13433311575578563,0.03443083694439648,0.08231146441963005,0.051920705750747954,2.7764451051977987,0.049263881265738343,-0.403925267878541,-0.13036834387193144,0.034354843942373155,12.706204736432095,0.04480025878796945,-0.3401319671125857,-0.20080297369416134,0.05364445332413905,-0.36082945202869576,-0.17071611882437243,-0.012640678627440014,0.13433311575578563,0.0034038874933595385,0.19388446592450692,0.0013211935590804011,0.2861672411958622,-0.0018315441135946622,0.44016388314903004,0.0007463791463628561,0.6614289311079893,-0.002589897638627192,1.364505794256775,-0.003420655579703738,-0.0007149049156362146,0.059788638349725885,0.08993926921800184,0.05
2.25,94825598,-0.0003909043655748942,0.1,0.0778022443650273,0.0904373442208578,0.09278113992913312,0.03445344707203635,0.00028940771133412896,0.000897632303811481,1e-150,0.13433311575578563,0.07768036716414953,0.08231146441963005,0.03000377670941237,2.7764451051977987,0.16337986590270567,-0.3184276594452121,0.5888027985016677,1e-150,12.706204736432095,0.025081445710757815,-0.04365590944669703,0.044589487812825825,0.10250406823590215,-0.14244046420458234,0.20049438113508808,-0.01687453706886385,0.13433311575578563,0.006155107847512787,0.19388446592450692,0.001180887737120769,0.2861672411958622,-0.0018430106531694608,0.44016388314903004,-0.0028815485214731943,0.6614289311079893,0.0011572439286158499,1.364505794256775,-0.004122606361680627,-0.0006056654358184705,0.055394649087520835,0.09808408264921627,0.05
2.25,85506495,0.235037536230436,0.1,0.07951808416550626,0.0700939709038443,0.07390090394872582,0.07135567759346192,0.0006353597009569542,0.00445627302386513,0.07091490057821814,0.32612014812863077,0.06829971952051875,0.08231146441963005,0.06685171969118077,2.7764451051977987,0.05547542344282313,0.009366656643432891,0.31741559239663586,0.06820123008440963,12.706204736432095,0.05948263062268119,0.1303921585442559,0.3246424094206607,0.07526437319748536,0.042849787158707874,0.33392538567795443,-0.01130104909312579,0.13433311575578563,-0.008985069888659972,0.19388446592450692,0.003640678178014125,0.2861672411958622,-0.0003529366295158503,0.44016388314903004,0.00017102696696364607,0.6614289311079893,-0.002476536062693013,1.364505794256775,-0.002415850074531351,-0.001170909383326009,0.07616640278824534,0.12924545477514984,0.05
2.25,403792322,0.2921752518313292,0.1,0.07076207337863348,0.03933131259104614,0.03850617148005559,0.033556260460247775,-1.5169232027979285e-05,0.0011411918481039676,0.04049925026234891,0.13433311575578563,0.03922177276052599,0.08231146441963005,0.03383031318861129,2.7764451051977987,0.2839935319969633,-0.025743367179835053,1.5512415364617713,0.03224308692379699,12.706204736432095,0.029830929907875024,0.2416007039967672,0.3420867431824445,0.09664787896262264,0.2498807697828914,0.5946462554334007,-0.013763052332668458,0.13433311575578563,-0.0013212763983497834,0.19388446592450692,0.00033033903397985677,0.2861672411958622,-0.0004820545921851181,0.44016388314903004,-0.00219574982134188,0.6614289311079893,0.0003696739534961114,1.364505794256775,-0.002151462140605832,-0.001171741406531141,0.07662162274979387,0.09310909706755825,0.05
2.25,680006743,0.09157835555165475,0.1,0.07031406519812958,0.03239289487635718,0.03730411780202456,0.04257258868242437,0.00026184200605028547,0.001550583301072602,0.04207960954353705,0.13433311575578563,0.04031046415685476,0.08231146441963005,0.03943430937267674,2.7764451051977987,0.16915584992754784,-0.2157773889644209,0.7235264741294064,0.030023521568841943,12.706204736432095,0.036630981390039424,0.020845300990803783,0.16231141011250572,0.057049422078789505,-0.004491755574514977,0.24281541490853303,-0.029051254114303753,0.13433311575578563,-0.0006973271870593578,0.19388446592450692,0.007718860156820367,0.2861672411958622,0.0021984573925547817,0.44016388314903004,-0.002740749421315307,0.6614289311079893,-0.0018190086506904002,1.364505794256775,-0.007909052916141726,-0.0001316949722978143,0.025787008941514096,0.03467114660812636,0.05
2.25,1335583581,0.3126466262130392,0.1,0.07659057642877962,0.06899697946367059,0.07706219214291458,0.09326631998838579,0.0015271080034624292,0.007171498440713542,0.11412300771341807,0.19388446592450692,0.089490059292485,0.08231146441963005,0.08480698859657525,2.7764451051977987,0.1619563290160701,-0.343461382279993,0.5558643316249511,0.08715809011625891,12.706204736432095,0.07243220817799247,0.18385914008133714,0.44430902196492794,0.08955372102508076,0.05864451822689978,0.38619413693602866,-0.011920342760130001,0.13433311575578563,-0.007316961850803645,0.19388446592450692,0.002182314976121802,0.2861672411958622,-0.0023434492773660135,0.44016388314903004,-0.0013199934756460354,0.6614289311079893,0.0007116991770671731,1.364505794256775,-0.0030440385620160836,-0.0009859548866124734,0.07040923274838085,0.08936380947253995,0.05
2.25,1983180576,-0.05236321937205472,0.1,0.0736458305037078,0.060223258675163295,0.059922167958351,0.05185138732926154,0.00010369833729136297,0.0025848680306777413,0.057736109135177294,0.13433311575578563,0.06344864671265692,0.08231146441963005,0.05091501495167619,2.7764451051977987,0.08543019923786316,-0.15283739137429267,0.32154712564578314,0.029927159048207835,12.706204736432095,0.04484955755201617,-0.13000195213122331,0.025275513387113868,0.09720035177145389,-0.18791220570824707,0.20512246813998647,-0.018421829148145268,0.13433311575578563,0.008199850644753735,0.19388446592450692,-0.004848417387625763,0.2861672411958622,-0.001745002941216769,0.44016388314903004,0.0005290427540409252,0.6614289311079893,-0.0010356491109316261,1.364505794256775,-0.007410684855530271,-5.149718631668774e-05,0.015999936163228864,0.027466487206243534,0.05
2.25,1354213064,0.006406975943051577,0.1,0.06741084828531317,0.07799970342691015,0.08058267001674406,0.092859553095377,0.0005913060421439426,0.008031590558929196,0.10212893173617936,0.13433311575578563,0.0903428682471828,0.08231146441963005,0.08974855568980411,2.7764451051977987,0.5955461065151931,-2.2516974978705564,1.0553046468368734,0.08731567049748656,12.706204736432095,0.0843479066633505,-0.1339488079288227,0.14676275981492587,0.09511897340534306,-0.21606529541973094,0.15010505843354566,-0.028675275017264277,0.13433311575578563,0.00725328007033748,0.19388446592450692,-0.007230694018005463,0.2861672411958622,0.004341590631990232,0.44016388314903004,0.0007049866551347662,0.6614289311079893,-0.002867850829912794,1.364505794256775,-0.0021629929011136016,-0.0014295292924042346,0.08481960340908395,0.12081610029281596,0.05
2.25,2104775769,0.039846410709194396,0.1,0.061495793444619445,0.04160741104083767,0.04610213338147805,0.05159725519514529,0.00022043682851258196,0.002441839915160366,0.0541261336657488,0.13433311575578563,0.0509340387914057,0.08231146441963005,0.049486334032292446,2.7764451051977987,0.5734454644035516,-2.109468048765492,1.0748116567167467,0.04733036683941865,12.706204736432095,0.04071789659486887,-0.04177442130164579,0.10665605201269222,0.0655837264486442,-0.08850710112386716,0.12371444759129807,-0.0118543055810269,0.13433311575578563,-0.01066735224628222,0.19388446592450692,0.0004451616776396642,0.2861672411958622,-0.0017806888226771568,0.44016388314903004,0.0015117145192620506,0.6614289311079893,-0.001688223778107816,1.364505794256775,-0.0016937706394910081,-0.001437299044008416,0.08529609389829142,0.13887013000140183,0.05
2.25,223067550,-0.3773584985386511,0.1,0.06886437788268382,0.05297037142380344,0.05513088544330206,0.030000364731525873,0.0003737665343275494,0.000526255349697032,0.016069039379466472,0.13433311575578563,0.052947919244439576,0.08231146441963005,0.02297338283570379,2.7764451051977987,0.08280903173920763,-0.6110668568086062,-0.15123739513162177,1e-150,12.706204736432095,0.020032141404597407,-0.4102251082472472,-0.3379630373513011,0.06098396289179747,-0.5211330572093984,-0.260270461433986,-0.0217765282595018,0.13433311575578563,-0.006364390079863047,0.19388446592450692,0.0015281726607714319,0.2861672411958622,0.000489646590691456,0.44016388314903004,-0.0005227374159838382,0.6614289311079893,-0.00012012246211777444,1.364505794256775,-0.0007924134853009485,-0.001453223682891566,0.08519185933795714,0.11011745189940148,0.05
2.25,344502995,0.11276303176506107,0.1,0.06864549576060577,0.08618332970027803,0.09182607153605102,0.07330244064215977,0.0016540277329257476,0.003719220071171609,0.1304809271684065,0.32612014812863077,0.10796423863709272,0.08231146441963005,0.06107347429227155,2.7764451051977987,0.21451574459341555,-0.5227534624620458,0.6684289156664538,0.13206844409694032,12.706204736432095,0.0516626220898358,0.0226680920274451,0.1989296712132247,0.1123914482454476,-0.17557249641665884,0.23748539577052932,-0.02314804729565753,0.13433311575578563,0.004424997827652413,0.19388446592450692,-0.005030681470640632,0.2861672411958622,-0.001500618992361598,0.44016388314903004,0.003704053809995345,0.6614289311079893,-0.003222551900549567,1.364505794256775,0.001965881429581419,-0.0024704246598632393,0.11135747873573314,0.13315668004069928,0.05
2.25,195806605,-0.07680501341905666,0.1,0.07472358945153436,0.08169029607006084,0.08067518946238883,0.0511012409504389,0.00022736467290518543,0.0023839721537696284,0.04587781925567174,0.13433311575578563,0.0817115651504237,0.08231146441963005,0.048896444110994405,2.7764451051977987,0.12397511381625659,-0.3936647773863024,0.2947554184566688,1e-150,12.706204736432095,0.04566150838077147,-0.15102299018378199,-0.0017916036186700207,0.10375845344646298,-0.29154646843739507,0.05770909943941675,-0.024352436348267656,0.13433311575578563,-0.0023787115444401257,0.19388446592450692,0.0016482313203272949,0.2861672411958622,-0.001750316805654082,0.44016388314903004,-0.0002643843992819185,0.6614289311079893,0.00017137768779720833,1.364505794256775,-0.0026079296472230054,-0.001253541472699762,0.07963809594206633,0.11253990720308955,0.05
2.25,411882509,-0.003602199125984251,0.1,0.07084683540525145,0.03589496733737147,0.0380473282146295,0.024825650213712365,6.426505034823901e-05,0.0005520478581853577,0.020564522550200724,0.13433311575578563,0.036041986679226784,0.08231146441963005,0.023529627541173603,2.7764451051977987,0.18356750245731263,-0.4144429619138709,0.6048872254281101,0.005022256756817585,12.706204736432095,0.019290861335247943,-0.036680512631315644,0.03752113012129302,0.06034699522805966,-0.09709004532519093,0.0965598969039635,-0.0200837571091507,0.13433311575578563,-0.001166930343404069,0.19388446592450692,0.001139147113889247,0.2861672411958622,0.0004062539785803944,0.44016388314903004,-0.002979083098161799,0.6614289311079893,0.0013077088959645576,1.364505794256775,-0.0024467384682107227,-0.0011009089230881806,0.07416526017991662,0.0840440951197261,0.05
2.25,1343925810,-0.13609828307448346,0.1,0.08562894429096465,0.09399850677187281,0.10592062190431037,0.07263936215837911,0.002347839399952655,0.0029286375348235054,0.0920929505401303,0.13433311575578563,0.11414389437220354,0.08231146441963005,0.05419503487548804,2.7764451051977987,0.08317920843842323,-0.39059405618848897,0.07129095605768623,0.015478946643579608,12.706204736432095,0.0496013591193168,-0.22362531090197657,-0.05584106226578698,0.1107249187783198,-0.4043745492653319,0.027747621956931638,-0.0004484899450702892,0.13433311575578563,0.00615278065959095,0.19388446592450692,0.0016726218392606078,0.2861672411958622,-0.0044370854333032825,0.44016388314903004,0.00021726696609375816,0.6614289311079893,-0.0035243001328081583,1.364505794256775,0.007787725918410833,-0.003692619736128765,0.1354433902409934,0.176282024362802,0.05
2.25,964066232,0.05066183403824593,0.1,0.07549892682269638,0.04713016196361968,0.049041863046641064,0.0322487769406267,0.00018551830181971025,0.0008544653123465861,0.017041118373291426,0.13433311575578563,0.04619106079924705,0.08231146441963005,0.02927344983551552,2.7764451051977987,0.1029167254298602,-0.04891345307968881,0.5225718240457535,1e-150,12.706204736432095,0.025724598348941568,0.006334945775218009,0.09444936555942676,0.06829882334905059,-0.037734193287993,0.22910318609125885,-0.023528377530384576,0.13433311575578563,0.0065259250652265795,0.19388446592450692,0.0015595073346000826,0.2861672411958622,-0.004766804055033458,0.44016388314903004,-0.0010150463129468303,0.6614289311079893,0.0009016014290629921,1.364505794256775,0.00029107974599175483,-0.0021315926801505672,0.1032780196755162,0.1156999261518586,0.05
2.25,1991918128,0.3547247587810231,0.1,0.08430536589729819,0.05682111785345822,0.060072989730722025,0.06063801809193079,0.0004775975416337155,0.0031993716964836103,0.06118575334844242,0.13433311575578563,0.06245371271421775,0.08231146441963005,0.056644668200023784,2.7764451051977987,0.07147856471601846,0.1562955271105038,0.5532081493752109,0.045247391651667454,12.706204736432095,0.050269224893463034,0.2748150476356511,0.4544895333783562,0.07001980148104607,0.25059477999357993,0.5027915367016659,-0.013488321598740704,0.13433311575578563,-0.009185957141205835,0.19388446592450692,0.0024260646981752103,0.2861672411958622,-0.0008885728929712493,0.44016388314903004,0.00044815148537253756,0.6614289311079893,-0.0011888679714768169,1.364505794256775,-0.004133532881395259,-0.0005827346679739931,0.054065361002772726,0.0713259112542686,0.05
2.25,1503904892,-0.3707130160248111,0.1,0.06022024006015284,0.022223507028524832,0.02802899663656089,0.026394945190247435,0.00027324435558901956,0.00042344877600714666,0.03454749113523751,0.32612014812863077,0.0332624301682776,0.11987484580266503,0.02060758637978332,2.7764451051977987,0.09260901271457174,-0.7198968080731467,-0.20564912797599988,0.03425722846663609,12.706204736432095,0.018643082457706295,-0.39890783673278346,-0.33120765097345745,0.04032435751522235,-0.43314372473876733,-0.3147624149755286,-0.004765374432099445,0.13433311575578563,-0.0016126762853502005,0.19388446592450692,-0.0034234867969192384,0.2861672411958622,0.002082232366887677,0.44016388314903004,-0.0018474247492677512,0.6614289311079893,-0.0017175418705222994,1.364505794256775,-0.0051523578154656574,-0.0003366575449792764,0.04103673175839744,0.055962589562281284,0.05
2.25,1714968067,-0.10648335072779849,0.1,0.06521551153420743,0.05280998091309852,0.058522356098497895,0.0845624102399057,0.00021848864782592027,0.006932312577756188,0.09015814656783844,0.32612014812863077,0.058990384840116476,0.08231146441963005,0.08338074216053146,2.7764451051977987,0.35743976508224634,-0.7164420199123069,1.2683817524190009,0.09231994415294803,12.706204736432095,0.0725169027282311,-0.23268318988574355,0.0008621076192147359,0.08745853282957357,-0.1807754948684356,0.11195484530699573,-0.010700851148869865,0.13433311575578563,-0.00327242419125206,0.19388446592450692,0.0026432435802096707,0.2861672411958622,-6.535865585223012e-05,0.44016388314903004,-0.0018687295732402558,0.6614289311079893,-0.0006437461652616499,1.364505794256775,-0.0007764582507270474,-0.0012910644496920826,0.08030828876740426,0.11853753603434429,0.05
2.25,201103793,-0.24598539750964962,0.1,0.05720692711393658,0.045090981705495047,0.04657144544026517,0.04666565981621584,8.904232426718743e-05,0.0020886414818155944,0.05026952038225474,0.13433311575578563,0.05157584707264692,0.08231146441963005,0.04576765252763359,2.7764451051977987,0.03922345942440868,-0.3861507375310596,-0.1683471736754117,0.03764668526152937,12.706204736432095,0.04276278484891791,-0.31080137017024906,-0.17931489573145132,0.06562166416299799,-0.43691046625099034,-0.17638983063255134,-0.01750778483406055,0.13433311575578563,0.008112375077895148,0.19388446592450692,0.0017604950369808966,0.2861672411958622,-0.00305170073467583,0.44016388314903004,-0.002296550983888691,0.6614289311079893,0.0014011246422822416,1.364505794256775,-0.004944897276017734,-0.0002443926152859744,0.034943986524328105,0.0422296064150688,0.05
2.25,1794441268,0.013222213875565086,0.1,0.07642786141662405,0.07634651473806234,0.07904722393714651,0.08358503754197989,0.0008619317153765781,0.006124526785517611,0.09225912901774407,0.13433311575578563,0.08594186035382566,0.08231146441963005,0.07837236585675096,2.7764451051977987,0.24540560042385406,-0.4902385840788367,0.8724717720910363,0.0735382791724619,12.706204736432095,0.06970983273542825,-0.12550238696510643,0.1179707575038499,0.07747160809737909,-0.15803763299247994,0.12619306766799143,-0.002864772284710587,0.13433311575578563,0.006450694278778322,0.19388446592450692,0.0013024166692196257,0.2861672411958622,-0.0004257026584490364,0.44016388314903004,-0.005022214226387416,0.6614289311079893,-0.000423462711336217,1.364505794256775,0.005813023691361843,-0.0031800791044613035,0.12640869851444247,0.16121755822896938,0.05
2.25,1243827652,0.13561720668712274,0.1,0.0819395683884279,0.08514371872704996,0.08944484932414022,0.0650155528286642,0.0008648922814111044,0.003362129828205721,0.07975576490682051,0.13433311575578563,0.0985165396473743,0.08231146441963005,0.05806760685991396,2.7764451051977987,0.14503343011127606,-0.1738470566618443,0.6315076575831546,0.07777279392280656,12.706204736432095,0.04977143017805317,0.046205100851860165,0.21941540914205623,0.12436733361978242,0.028569181546380978,0.47180412931662863,-0.022373262185361658,0.13433311575578563,0.005053552638905489,0.19388446592450692,0.0012242041902567125,0.2861672411958622,0.000976291888500957,0.44016388314903004,-0.0017494874766959022,0.6614289311079893,-0.0017048781206010612,1.364505794256775,-0.0027568024863307066,-0.0012970934894069035,0.0805742860642096,0.10966398915834782,0.05
2.25,152473460,0.02041811623404724,0.1,0.08209857910426173,0.04581195101552954,0.04901775786039763,0.037491519746231355,0.0001393551882831836,0.0012662588645988718,0.04278621959230521,0.32612014812863077,0.046151346861047396,0.08231146441963005,0.03563591688591757,2.7764451051977987,0.09122296059800275,-0.36258380547408803,0.14396727939386472,0.044189174520163646,12.706204736432095,0.02949830200519094,-0.031535673829714964,0.0845655548843215,0.05128520519311122,-0.08664930796268462,0.10600564441721898,-3.675231537582963e-05,0.13433311575578563,-0.006057227885351921,0.19388446592450692,-0.007932187076534557,0.2861672411958622,-0.003328282947270846,0.44016388314903004,0.002987601892299872,0.6614289311079893,-0.0018363340626909557,1.364505794256775,-0.0046067244319266155,-0.0006531266437118603,0.05694466724057293,0.0900725457306117,0.05
2.25,212302157,0.20664714882252952,0.1,0.06826692302578402,0.05566768811704463,0.06302904288177402,0.05928719897103499,0.0005522373837628099,0.002962734578068282,0.078854096868167,0.32612014812863077,0.0731343771914484,0.08231146441963005,0.05450960827934742,2.7764451051977987,0.13308421890812538,-0.0454968550671645,0.6935052012659096,0.07701768997273863,12.706204736432095,0.05233854189240025,0.11389377322918051,0.2927137493926738,0.08046424214682657,0.14013217755119423,0.4381821022895789,-0.007888566544619025,0.13433311575578563,-0.0009182473477629385,0.19388446592450692,-0.00625084206484264,0.2861672411958622,0.0004774221512445752,0.44016388314903004,-0.00033010943126466263,0.6614289311079893,-0.0006817726235177318,1.364505794256775,-0.0003557279807674652,-0.001511593173390427,0.08646194999449804,0.14059628785253975,0.05
2.25,1765159612,0.06781519912022876,0.1,0.06404290406604841,0.05452564985493901,0.05783600005684204,0.05150976112284226,0.0002546816177158213,0.0023985738732164503,0.05908859669692655,0.32612014812863077,0.059869070584072925,0.08231146441963005,0.04904595974846155,2.7764451051977987,0.1435070458652952,-0.42826593535285085,0.36861293475533885,0.06088176744531003,12.706204736432095,0.04689229769093578,-0.018702640681992816,0.15433303892245034,0.0605617181065997,-0.07206106747429455,0.17596676323876562,-0.013301462539492765,0.13433311575578563,-0.004173438548555115,0.19388446592450692,0.0008981815160231784,0.2861672411958622,0.0018439382832981432,0.44016388314903004,-0.0021210191296405063,0.6614289311079893,-0.001230937227638453,1.364505794256775,-0.002110637964899579,-0.0012496247199581404,0.07903618154281905,0.10301069996821167,0.05
2.25,1266465983,-0.05844945580064555,0.1,0.07262514623013892,0.049333442941656015,0.05228949169788369,0.056640414765962106,6.0297361044453403e-05,0.0031478392238157645,0.04369463731714294,0.13433311575578563,0.04370067823833542,0.08231146441963005,0.05618662674552253,2.7764451051977987,0.15147480942553831,-0.2859626761044918,0.5551603102761187,0.03671974778076665,12.706204736432095,0.051047829038512106,-0.13622298604346678,0.025144226154264246,0.09445348202345952,-0.1336005951562407,0.24818737859568807,-0.02014886970628612,0.13433311575578563,0.005341581930283478,0.19388446592450692,0.0005612722427558436,0.2861672411958622,0.0014286272517678089,0.44016388314903004,-0.003099726329869018,0.6614289311079893,-0.00043711064119666027,1.364505794256775,-0.005929412352966611,-0.00036291097900113215,0.0423590222403883,0.06795564423949302,0.05
2.25,1544346586,-0.4410839948025566,0.1,0.07564435048971312,0.07224504907339757,0.08171914149805182,0.07691807915204242,0.0012947741972799392,0.004621616703159925,0.07749601931773165,0.13433311575578563,0.08373045619151742,0.08231146441963005,0.06808064318782896,2.7764451051977987,0.04385023401963741,-0.5862592659581282,-0.34276373074692756,0.051200836592206915,12.706204736432095,0.06137549760564763,-0.5356301598821348,-0.34936618227807664,0.07472646871507653,-0.5575862165638956,-0.2840243687607198,-0.015061395030865388,0.13433311575578563,-0.0008341621304706158,0.19388446592450692,0.0004835444285180588,0.2861672411958622,-0.0025564858232423574,0.44016388314903004,0.0011758535694960824,0.6614289311079893,-0.0008587216715840846,1.364505794256775,-0.004851100262151031,-0.00029600518456487235,0.038782223229659116,0.05977765080951618,0.05
2.25,1910429473,0.08174898626036467,0.1,0.06252626447945399,0.04557373278995741,0.04323255282597085,0.039289251963421805,-5.438755421356906e-05,0.0015980328740588133,0.03387759519888719,0.13433311575578563,0.03913325738740954,0.08231146441963005,0.040033129607618366,2.7764451051977987,0.10661300218377519,-0.23970564975955438,0.3523046463676153,0.004901694916766426,12.706204736432095,0.03693653375172206,0.022811261818523228,0.13938051151858638,0.06948856387590632,-0.00566429793810697,0.2303331403129895,-0.012294963389203644,0.13433311575578563,-0.006520913887509149,0.19388446592450692,0.0006117160517890745,0.2861672411958622,-0.003846403189647325,0.44016388314903004,0.0006246465145275093,0.6614289311079893,0.00011854277707683246,1.364505794256775,0.00012419851184570008,-0.0018079843953946685,0.09539592540555776,0.15198667763009202,0.05
2.25,522857945,-0.015188250369903932,0.1,0.06984207260208994,0.07291353962381628,0.08195950779345702,0.07690360323082762,0.001469582251581684,0.004444581938302876,0.0754514840106907,0.13433311575578563,0.0819107094120462,0.08231146441963005,0.06676396895662604,2.7764451051977987,0.05872060488588999,-0.22946487487749087,0.09660419714187554,0.052100359138384095,12.706204736432095,0.05993444800917022,-0.11965916586119724,0.09299370437047924,0.07688115580352325,-0.14623281271934016,0.1503845375247744,-0.013461970618930444,0.13433311575578563,0.0017271293843916086,0.19388446592450692,-0.0009245736353213842,0.2861672411958622,-0.00024937393677401236,0.44016388314903004,0.0001752481329270155,0.6614289311079893,-0.0012004872181485267,1.364505794256775,8.879349509166207e-05,-0.001340146286928078,0.08245635297067723,0.12983699538520985,0.05
2.25,1405937487,0.14876658805932183,0.1,0.08301840613046524,0.09678376165811026,0.10881345307818098,0.06812192233145879,0.002718023008104517,0.001922573294028787,0.10606001241056864,0.19388446592450692,0.12130529859264652,0.08231146441963005,0.04391047556384172,2.7764451051977987,0.045785853009998795,-0.0033286402951144545,0.2509151746587197,0.0495295429547165,12.706204736432095,0.038957789241765184,0.0897516213522551,0.22196871279806027,0.10867675968064709,-0.09987554644938977,0.3417499599953666,-0.010069694192660805,0.13433311575578563,-0.0017989406882029553,0.19388446592450692,0.004068227303724172,0.2861672411958622,1.4240531725842965e-05,0.44016388314903004,-0.001745263427341904,0.6614289311079893,-0.001602454017994535,1.364505794256775,3.394967118209147e-05,-0.001486132896928925,0.08634970197151519,0.11826289331850404,0.05
2.25,1601020913,0.3243978870788034,0.1,0.07381491530957988,0.05081607910569106,0.051634535282322286,0.04905927056147364,0.0005150701021379976,0.001891741925885877,0.07208584539529904,0.32612014812863077,0.0557021649701465,0.08231146441963005,0.04355696715910579,2.7764451051977987,0.16325949991929703,-0.3314948526706467,0.5750672261852986,0.08062520951121874,12.706204736432095,0.04022720058775366,0.2580891757290261,0.3907065984285807,0.0951831561225239,0.010138201685397169,0.398604698134861,-0.022487081352101406,0.13433311575578563,-0.00586018961487852,0.19388446592450692,-0.006731944268252284,0.2861672411958622,0.004233239214502387,0.44016388314903004,-0.0012887738839392213,0.6614289311079893,0.0001477914821028643,1.364505794256775,-0.004405914540850465,-0.0008891486387002586,0.06664591489656264,0.08120785656212581,0.05
2.25,1535395319,0.15301273795642636,0.1,0.07504760966251788,0.05171878117104346,0.055739718696632475,0.027041385882270622,4.015048344487406e-05,0.0006910860669889908,1e-150,0.13433311575578563,0.05362312981032486,0.08231146441963005,0.02632647765205408,2.7764451051977987,0.09944558822594893,-0.2587842085370705,0.29342622478983293,1e-150,12.706204736432095,0.02343882606226833,0.10598089552792361,0.19130952871743628,0.09436335793934846,0.07852612626550623,0.4020055990037193,-0.005985028187270016,0.13433311575578563,0.012309002475974407,0.19388446592450692,-0.00433298233436605,0.2861672411958622,-0.004721714646822653,0.44016388314903004,-0.0011712822145641512,0.6614289311079893,-4.842300487243842e-05,1.364505794256775,0.001498330324789754,-0.002149268504247154,0.10345831450115486,0.13018304118632,0.05
2.25,101441725,-0.1768813118212687,0.1,0.06676306508786005,0.0666137330586101,0.06527192171395718,0.03518049437359351,2.8542046064746092e-05,0.0012091251383056986,0.017227732937814016,0.13433311575578563,0.06670949963827386,0.08231146441963005,0.03482268972423416,2.7764451051977987,0.41284919669164094,-1.3838063946006618,0.9086998680780377,1e-150,12.706204736432095,0.030709695927413662,-0.24069887609826246,-0.11870659151864052,0.06437385889392898,-0.2960784939348422,-0.049300044966323814,-0.012930355462646932,0.13433311575578563,-0.0049856330761622195,0.19388446592450692,-0.0006396025101227613,0.2861672411958622,-0.0021573774210699777,0.44016388314903004,0.0004529357413055993,0.6614289311079893,-0.0013039681271886676,1.364505794256775,-0.007185756011525081,-0.00028224353251457676,0.037552691700766014,0.043960547130664655,0.05
2.25,711443911,-0.010880802139490803,0.1,0.07331232984279956,0.05818555919900663,0.05801120085989291,0.09308932752836653,9.825079189604595e-05,0.008567372107787453,0.08544311025337671,0.13433311575578563,0.05104770716358813,0.08231146441963005,0.09269376084101037,2.7764451051977987,0.16533477354938228,-0.46113300697462895,0.45695283850570884,0.0807962613231307,12.706204736432095,0.08197760720203259,-0.15545684377760172,0.11913859407075383,0.07682820745043421,-0.1888959727835415,0.12702946161929327,-0.014890176798592468,0.13433311575578563,-0.015741178824163822,0.19388446592450692,0.002050302416678592,0.2861672411958622,-0.003342104652794265,0.44016388314903004,0.0005658935365320726,0.6614289311079893,-1.201328119837814e-05,1.364505794256775,-0.0017967670844574906,-0.0018316603260612196,0.09522312718410185,0.14692805498447037,0.05
2.25,564772776,-0.012925186430287464,0.1,0.07393294856516998,0.0724000994997913,0.06995559403938754,0.031019614157096333,0.00020155062998163716,0.0007606658324734941,0.03504997670334655,0.13433311575578563,0.07047612512630162,0.08231146441963005,0.027619997984009926,2.7764451051977987,0.09655377240124448,-0.3874763927653776,0.14867610477825743,1e-150,12.706204736432095,0.024330572070085408,-0.05423891707446964,0.026774220983673467,0.08562249356874352,-0.21587030070663135,0.10405829950277277,-0.013203666879081978,0.13433311575578563,-0.00043374126826869005,0.19388446592450692,-0.005191249666528332,0.2861672411958622,-0.004431891966473524,0.44016388314903004,0.001288072609878979,0.6614289311079893,-0.0006080715158876651,1.364505794256775,-0.0016805998805803904,-0.0019099024319025127,0.09737139449324758,0.17081221319600845,0.05
2.25,34299659,-0.1810072161848942,0.1,0.08260530590917925,0.049109333782214985,0.04046444577996929,0.03986495963484768,-0.0006356471785547043,0.002224862185242739,0.05023764123096228,0.32612014812863077,0.042666091391325434,0.08231146441963005,0.04723655811733474,2.7764451051977987,0.17412970075325337,-0.7437363533779908,0.22318675727386467,0.04968667954685989,12.706204736432095,0.044718142332775844,-0.2651261416673566,-0.0949183747011435,0.0696009599324694,-0.3556281844080277,-0.07637672566073091,-0.03003066198668488,0.13433311575578563,0.0036555000059351334,0.19388446592450692,-0.004181546176799604,0.2861672411958622,0.0030795856148529226,0.44016388314903004,-0.0026744732148271757,0.6614289311079893,0.00043601802820762285,1.364505794256775,-0.006089888442101394,-0.000689808409520275,0.05840849225724127,0.09422452119333549,0.05
2.25,315007890,0.08078306364247455,0.1,0.06575892786894069,0.03773614127718886,0.04199657100266142,0.04610215790004858,0.00021770323059596645,0.0019077057324450451,0.05245272118578199,0.2431366342882323,0.045579110558980535,0.08231146441963005,0.04374036274229826,2.7764451051977987,0.08537119618897487,-0.23376935518080055,0.24028752438671996,0.04877380994271544,12.706204736432095,0.03766886211457517,0.005538750223577041,0.154577495789187,0.06399498267812068,-0.074301725511329,0.1550863485955055,-0.012915191568243337,0.13433311575578563,0.00045270576777115776,0.19388446592450692,-0.006766262161592714,0.2861672411958622,-0.00046853388678295895,0.44016388314903004,0.0014665114386409463,0.6614289311079893,-0.0011464497867538484,1.364505794256775,-0.004254287244150283,-0.0005722825924013833,0.05329966319612821,0.09073329537119168,0.05
2.25,1530422852,-0.036148029368550466,0.1,0.07342850228758194,0.03170989206417313,0.03479473924371143,0.02571497449410849,0.00018451112666182756,0.0004767487865708225,0.027824687152842052,0.2431366342882323,0.03615234465903791,0.08231146441963005,0.02186610786667833,2.7764451051977987,0.055130294770877705,-0.12022360367751322,0.18590887045191717,0.026049119523102782,12.706204736432095,0.020157624233037116,-0.07048449529614204,-0.0006058727432859123,0.045280548235791286,-0.09016026968121231,0.09687250436959563,-0.013032956527700484,0.13433311575578563,-0.007185571846371777,0.19388446592450692,-0.0025940439132680453,0.2861672411958622,0.0016011812913021605,0.44016388314903004,-0.0007255947026938975,0.6614289311079893,-0.00026537234808350467,1.364505794256775,-0.003565674332685591,-0.0006744297913600339,0.0580130516787252,0.06332471172214338,0.05
2.25,1002509348,-0.22376266148498086,0.1,0.08752704214914346,0.0653680049519084,0.07186483310014163,0.06369698971363284,0.0010472019301959908,0.0030101045683826573,0.07429919544149166,0.13433311575578563,0.08046717650141309,0.08231146441963005,0.05494364651685154,2.7764451051977987,0.06741335681849016,-0.3708516254526298,0.0034873436746695186,0.06705016254570069,12.706204736432095,0.048060187307792684,-0.31547541094624193,-0.13824414634480714,0.06883554847326187,-0.35157541981646384,-0.08667893507121376,-0.012572175705415304,0.13433311575578563,-0.0027723929425633453,0.19388446592450692,-0.006132312425890274,0.2861672411958622,-0.0017712521905421071,0.44016388314903004,-0.0007804737016531439,0.6614289311079893,0.0014869501532654799,1.364505794256775,-0.00449226422485757,-0.0007491476862209383,0.06108100705164013,0.1013514919495128,0.05
2.25,1213077042,-0.1563977784465023,0.1,0.06895415613413208,0.12053628293555083,0.11760556790328067,0.08089161833944972,-0.0004890911990449581,0.0070325451166201565,0.04904047694017534,0.13433311575578563,0.11963256922893958,0.08231146441963005,0.08398136931203065,2.7764451051977987,0.10318502056048791,-0.44188210826255,0.1310929822672518,1e-150,12.706204736432095,0.08269589747620179,-0.28511367142728256,-0.02419565503596488,0.12155739009474381,-0.4171139699652896,0.05320645851094351,-0.01880047468519864,0.13433311575578563,0.011802387384134585,0.19388446592450692,0.006872486006892495,0.2861672411958622,0.00281473938170631,0.44016388314903004,-0.004856391080412921,0.6614289311079893,-0.003152989897065354,1.364505794256775,-0.006707108176636631,-0.00022163143031716888,0.03311738764152643,0.05684064746187349,0.05
2.25,271823690,-0.09140328008164006,0.1,0.07031316155730133,0.02797509706038246,0.028493663756782167,0.024833348005800615,7.92177274975929e-05,0.0005374774456796085,0.031208734786516767,0.32612014812863077,0.02923395316323075,0.08231146441963005,0.023217037896807683,2.7764451051977987,0.09296709627134286,-0.259295990465585,0.2569400883084599,0.033614632367685554,12.706204736432095,0.019838450064096395,-0.12849812923282755,-0.05430843093045255,0.08798764500078216,-0.1478524922670549,0.23249319666993828,-0.020310253679700064,0.13433311575578563,-0.0018269196713461896,0.19388446592450692,0.00018929251562159967,0.2861672411958622,-0.003270687137047213,0.44016388314903004,0.0024573050174051944,0.6614289311079893,-0.0019656507370848218,1.364505794256775,-0.004618930000678972,-0.0008583031429789983,0.06515584497700062,0.10024252664339081,0.05
2.25,1728900233,-0.17551417895439697,0.1,0.0765344626861055,0.058635550366733,0.05658088058133803,0.013554573053361984,-7.709130009921072e-06,0.00019143558066884786,1e-150,0.13433311575578563,0.05256001273534177,0.08231146441963005,0.013856004571805773,2.7764451051977987,0.015519289150343509,-0.21120802338950734,-0.12503111459426625,1e-150,12.706204736432095,0.012431712679639524,-0.19653840815161686,-0.1544899497571771,0.06031587809612929,-0.2947118232568733,-0.08837779214347125,-0.004459265897594875,0.13433311575578563,-0.014235543701248713,0.19388446592450692,0.0013734561225078258,0.2861672411958622,-0.0006004908333904063,0.44016388314903004,-0.0016334799790269784,0.6614289311079893,-0.000435027522792464,1.364505794256775,-0.00038098647181447566,-0.0018381582026629432,0.09592531620188291,0.14114528881252617,0.05
2.25,1140374410,-0.1639373241932934,0.1,0.06536038770486982,0.025231254906083998,0.0257757855956161,0.023697333442649304,9.794187200835988e-05,0.0004636217402837452,0.028177046082470545,0.13433311575578563,0.028276173971445443,0.08231146441963005,0.021562970284958394,2.7764451051977987,0.044220464260706006,-0.30764773853560456,-0.0620963554431818,0.018666619980380463,12.706204736432095,0.019025235198329143,-0.1943298712294723,-0.129923364345461,0.04514592455570721,-0.2052455592298793,-0.08186016700436977,-0.011940028470357735,0.13433311575578563,0.00785184679901058,0.19388446592450692,-0.006733642816970802,0.2861672411958622,-0.00015949363451423645,0.44016388314903004,-0.000517887244132806,0.6614289311079893,-0.0007732566348134681,1.364505794256775,0.00389656224217108,-0.0025778854768947913,0.11350941330244198,0.1290002274735633,0.05
2.25,715695033,0.018963031506939686,0.1,0.05937108333027231,0.053203117874785315,0.048604003009993256,0.056423036198577546,0.00015449369525878665,0.0030290653186072053,0.046732953360824246,0.13433311575578563,0.042538936648484786,0.08231146441963005,0.05511642080768146,2.7764451051977987,0.2095983474494555,-0.4472632133148993,0.7166133983522771,0.034202225910390856,12.706204736432095,0.053258155568081715,-0.07141668811462028,0.1040353275362737,0.08916207354005865,-0.10135725586405733,0.24715180405205422,-0.008948334023407056,0.13433311575578563,-0.0028703658653494637,0.19388446592450692,0.002390008970619318,0.2861672411958622,-0.004053212809806744,0.44016388314903004,0.00018501175747717558,0.6614289311079893,-0.00029458742938241327,1.364505794256775,0.010634316603110833,-0.00410807508487458,0.14373170451650197,0.22246910260474487,0.05
2.25,1672146529,0.06150371275459386,0.1,0.059090173759204695,0.0551167971136741,0.061249858541545237,0.04785780082274328,0.0006549812672312573,0.0016353878323581105,0.0331943877419691,0.13433311575578563,0.05521795128342552,0.08231146441963005,0.04049832572819388,2.7764451051977987,0.20623376502336163,-0.3794089866265411,0.7657844682247097,1e-150,12.706204736432095,0.03623298581955639,-0.0020092627929582125,0.12056584362889342,0.06561209626132167,-0.07197316310336352,0.19881181715512047,-0.0007299063732386862,0.13433311575578563,-0.007589965162335784,0.19388446592450692,0.000463526634940646,0.2861672411958622,-0.0005318243968967397,0.44016388314903004,-0.001131550781873077,0.6614289311079893,-0.0012215564976562601,1.364505794256775,0.002623151264297123,-0.00211443557899305,0.10278829084919523,0.11839978122416293,0.05
2.25,38480920,-0.19323976060594306,0.1,0.07887590694291599,0.11805626263775486,0.11718361329357876,0.1455069933542234,0.00028297103409944194,0.020889314080886567,0.1584905201828622,0.19388446592450692,0.1259302257545093,0.08231146441963005,0.14474006985283905,2.7764451051977987,0.15212585273353008,-0.6740162107384204,0.17072194765368104,0.14896054458334815,12.706204736432095,0.12941499448570423,-0.43832177920299864,0.05184225799111243,0.13005181755105596,-0.5239016513991717,-0.07981831796071659,-0.007033206875813931,0.13433311575578563,-0.009923801103933731,0.19388446592450692,0.0042835835844252605,0.2861672411958622,0.0005122229904559959,0.44016388314903004,0.00040012289594292135,0.6614289311079893,-0.004044595457832116,1.364505794256775,-0.005586939495740594,-0.00037606981529107687,0.043563059259353366,0.06665182816298207,0.05
2.25,841303605,0.060364090860373996,0.1,0.07791468278349117,0.061376861846241366,0.06909741321236422,0.05933060189071108,0.000700281654789134,0.0028198386659249153,0.07585937236819826,0.32612014812863077,0.07743768986226686,0.08231146441963005,0.05317883496898744,2.7764451051977987,0.07286016742061355,-0.12949555368974236,0.27508895670796685,0.07596751243536919,12.706204736432095,0.04350848198259242,-0.0019801409388161342,0.15316845407772212,0.05804156619691619,-0.08436222395290635,0.13577816755970215,-0.009561282301719359,0.13433311575578563,-0.0047089193189825285,0.19388446592450692,0.0008373481574996552,0.2861672411958622,0.0016372971884155616,0.44016388314903004,-0.0011753742204249165,0.6614289311079893,-0.0016182697497375336,1.364505794256775,-0.0007516649753757087,-0.0012431954416433236,0.07854541309757258,0.1308699285237873,0.05
2.25,1980191042,0.03563070008414527,0.1,0.05296643017164199,0.04624867135742518,0.05305359787792745,0.03215037584481818,0.0004937559603502106,0.0005398907066128579,0.03376101261802226,0.13433311575578563,0.057050741034186836,0.08231146441963005,0.023269101494850095,2.7764451051977987,0.14923574553032556,-0.1757721229126587,0.6529175874837747,1e-150,12.706204736432095,0.021687954017728453,-0.005186460954450613,0.07078571149181197,0.06225726917345789,-0.0616983382912964,0.16712806200158364,-0.022392491119458187,0.13433311575578563,-0.00216989851088434,0.19388446592450692,0.0022710177929667692,0.2861672411958622,-0.00272776024716388,0.44016388314903004,0.0012485113424192161,0.6614289311079893,-0.0005971592116779496,1.364505794256775,-0.0006968784290420139,-0.0015130565385384758,0.08684262268417682,0.13165286463968712,0.05
2.25,473508485,-0.0881226514489768,0.1,0.07318380087300085,0.04788329487125351,0.04574677505829713,0.040919593880184436,0.0003957302460555691,0.0012786829172636586,0.04762482082435448,0.19388446592450692,0.04866796244890284,0.08231146441963005,0.03581031321604815,2.7764451051977987,0.05590506944743597,-0.19310480625009654,0.11732990659605666,0.034221224703460826,12.706204736432095,0.029921024578274724,-0.13864747002779482,-0.03234136004480752,0.06343542650701404,-0.20577355811564055,0.01380220225887612,-0.011176303052267453,0.13433311575578563,-0.0005398534116880225,0.19388446592450692,-0.002579116707987985,0.2861672411958622,-0.003026620719101641,0.44016388314903004,0.001891225508322214,0.6614289311079893,-0.0014258753872413905,1.364505794256775,0.0008293052757510634,-0.0018170696601272525,0.09510797593519545,0.11294492598704041,0.05
2.25,321443800,0.15368230367110622,0.1,0.07604612036323163,0.07084275073575502,0.07745053746308588,0.05472725198958889,0.0009329451043511711,0.0020621270059807896,0.06656853939695002,0.13433311575578563,0.08459717699026309,0.08231146441963005,0.04547622357476877,2.7764451051977987,0.04399978915030695,-0.010338025162190637,0.23398797327001924,0.0289260242411583,12.706204736432095,0.040554287440679966,0.08361626919474288,0.2284222155089869,0.08051809970106953,-0.010651360067989947,0.2816649243301656,-0.01633990863720483,0.13433311575578563,0.00039302290250822433,0.19388446592450692,0.0007905325644003788,0.2861672411958622,0.001358419036932084,0.44016388314903004,0.0005859337990620147,0.6614289311079893,-0.0036728893138366337,1.364505794256775,-0.003734104843950215,-0.0007917663835830907,0.06299956676805976,0.08780039505435919,0.05
2.25,2015229585,0.2670019752670968,0.1,0.07826157283304798,0.08002603677749884,0.08252845332681724,0.11430897085505057,0.00032618688092628245,0.012740353937014517,0.1264859805343841,0.2431366342882323,0.08905191824347664,0.08231146441963005,0.11303617018106384,2.7764451051977987,0.21881744704112815,-0.13712383519673377,1.0779454243417037,0.1279589035214748,12.706204736432095,0.10211283020803603,0.09305841050366552,0.4362673955718011,0.11356628603419194,0.17801272892612832,0.6217368013108152,-0.011210092638538666,0.13433311575578563,-0.0034772733770738876,0.19388446592450692,-0.001689810767568182,0.2861672411958622,0.003240642540309199,0.44016388314903004,-0.0030823912554448444,0.6614289311079893,-0.00022558185332973853,1.364505794256775,-0.004830756777399549,-0.00036568801344506404,0.04257458627800377,0.06972592213522409,0.05
2.25,346291332,-0.2846402911990201,0.1,0.0771432456820203,0.07909080962661506,0.08938072250905892,0.08559896880803969,0.000722588355571983,0.006604595105427768,0.10456025936533044,0.19388446592450692,0.10061697531726144,0.08231146441963005,0.08138601557139878,2.7764451051977987,0.15775234704007376,-0.6015190819473227,0.27446238159843184,0.09306770164634312,12.706204736432095,0.07608505007229555,-0.4027736463122882,-0.15579436103011685,0.11277242073832552,-0.4335047097240644,0.09933943904523296,-0.01497980713261846,0.13433311575578563,-1.6471552214693516e-05,0.19388446592450692,-0.0023785258340687757,0.2861672411958622,-0.0019570634279459627,0.44016388314903004,0.000658722575163708,0.6614289311079893,-0.0010454013236293888,1.364505794256775,0.0006901873544068896,-0.002042268732371947,0.10095235598797471,0.14912066495231066,0.05
2.25,692506793,-0.18769735639852353,0.1,0.07490382729291961,0.08437028748359636,0.08562509831981467,0.1182617278554455,0.00032085410576295284,0.013664982169592502,0.12804412101560392,0.32612014812863077,0.08868276045689517,0.08231146441963005,0.11706611951249049,2.7764451051977987,0.08457188730574722,-0.41709679773460695,0.052521607360156514,0.1290386086866566,12.706204736432095,0.11365066171024019,-0.37034984002247784,-0.005044872774569192,0.08617957559456756,-0.3571727735118839,-0.03488310379277213,-0.014375388230915961,0.13433311575578563,0.0002776275185969706,0.19388446592450692,-0.00012757026564034487,0.2861672411958622,0.0003827228164084618,0.44016388314903004,-0.00013548595901594562,0.6614289311079893,-0.0024086592952824396,1.364505794256775,0.0023031001174266715,-0.002311538534775792,0.1080065058989521,0.1779861356273023,0.05
2.25,83903841,-0.0784348721081923,0.1,0.07095839731280536,0.06728685246835052,0.06782263224416557,0.06671344738327901,0.00012793865856729897,0.004322745403194238,0.06804456505312066,0.13433311575578563,0.0647919680588657,0.08231146441963005,0.06584253098885628,2.7764451051977987,0.1325018841420293,-0.3636714613245255,0.37209695398672066,0.04845360048328123,12.706204736432095,0.05383637524249227,-0.19275133533648092,0.016458856846649023,0.11159728589892812,-0.20974507921955937,0.22064918212716317,-0.013438197819696221,0.13433311575578563,0.003636876675817022,0.19388446592450692,0.0003356449888227164,0.2861672411958622,-0.005858822533108381,0.44016388314903004,0.000648363415115332,0.6614289311079893,7.32442797718788e-05,1.364505794256775,0.0007109187190711757,-0.001953831790089777,0.09889274896934361,0.14233842075073483,0.05
2.25,787913836,0.11137356874511044,0.1,0.06807399819584942,0.07086823804775784,0.07747184089995628,0.08006796836133608,0.000733303250883559,0.0056775763066283565,0.09472763401951555,0.32612014812863077,0.08043637314518325,0.08231146441963005,0.0754585017523229,2.7764451051977987,0.07194960465376558,-0.046438555682171784,0.3530896996415567,0.09837195671602832,12.706204736432095,0.06382014071441876,0.0018217317564907937,0.224577037496631,0.07567391516224693,-0.014445905970021902,0.25504516490573714,-0.01270406687855736,0.13433311575578563,-0.000547619171568702,0.19388446592450692,-0.003799577206266863,0.2861672411958622,-0.0008485577880486795,0.44016388314903004,0.0012145964622049372,0.6614289311079893,-0.0007411041491036256,1.364505794256775,-0.0032254811488267353,-0.0005255582597144546,0.05097700836681126,0.07768388081831984,0.05
2.25,1902227201,0.06476491269290469,0.1,0.05975964531341514,0.10817928079398575,0.10474896047247749,0.04510064946902518,0.0013893724202395687,0.0006446961622883123,1e-150,0.13433311575578563,0.10672826351985897,0.08231146441963005,0.025427533226688493,2.7764451051977987,0.09546984667302122,-0.3280583382030359,0.20207523877555228,1e-150,12.706204736432095,0.024086144114415214,0.02668889259266205,0.10284093279314732,0.11607077077038083,-0.15617745761224597,0.23483449142100418,-0.008813886694340146,0.13433311575578563,0.009503818345313473,0.19388446592450692,-0.0004647684805222606,0.2861672411958622,-0.0028483305304611334,0.44016388314903004,-0.0009193316831904366,0.6614289311079893,-0.002116119524991472,1.364505794256775,0.007476083270867597,-0.0036999819833819694,0.13578620296370916,0.17461620022557872,0.05
2.25,978115952,0.06990281675191795,0.1,0.05456609913409982,0.031340155299228525,0.03314536225308811,0.04131873201460079,7.314191822482483e-05,0.0016340956970695715,0.04441693771509323,0.32612014812863077,0.03278990792676177,0.08231146441963005,0.040482323512902485,2.7764451051977987,0.1045362160638074,-0.34553854747210366,0.23493958334041143,0.04521396241238337,12.706204736432095,0.031858366114002536,0.0013893872956388664,0.13659794202692715,0.03976649438740466,-0.00850967362262161,0.1423553746547043,-0.010268420577910062,0.13433311575578563,-0.0031917984462519963,0.19388446592450692,-0.0012852804205815717,0.2861672411958622,-0.0012432127554475793,0.44016388314903004,-0.0015232084057818173,0.6614289311079893,0.00037723984239940715,1.364505794256775,-1.1625195576244694e-05,-0.0017296154382549236,0.09305682820312976,0.10695494705198476,0.05
2.25,1809705016,-0.12898946143708245,0.1,0.07931239973795731,0.0907044583590127,0.09418983586930392,0.07040245402013284,0.0007725973150217516,0.004183908217035167,0.048824952400083825,0.13433311575578563,0.09399100569243556,0.08231146441963005,0.06477654233837751,2.7764451051977987,0.0781740277696602,-0.20156025329475843,0.2325315402145813,1e-150,12.706204736432095,0.05846927458329955,-0.22968051774354925,-0.04448328848165706,0.11043509194093463,-0.2815157097350462,0.10513674723179278,-0.02262087706310619,0.13433311575578563,0.008421390875349858,0.19388446592450692,0.0008268476273004833,0.2861672411958622,-0.0020736995290793515,0.44016388314903004,-0.0009673255987013202,0.6614289311079893,-0.0001517132999250791,1.364505794256775,-0.0017581737533660944,-0.0013235155902513976,0.08147607252479636,0.10820730753189674,0.05
2.25,2048657614,0.18394356761568345,0.1,0.08439898624886127,0.05847192768333133,0.062091093578846616,0.053435460081365974,0.0005421629481089469,0.0023131854459983096,0.11421477453451301,0.32612014812863077,0.07150631142691753,0.08231146441963005,0.048165038700987976,2.7764451051977987,0.12179551805465494,-0.22931086133273954,0.44700627854301417,0.12424633496937491,12.706204736432095,0.046693016502871776,0.09889148237934939,0.26899565285201754,0.06854346846654209,0.03935679720172614,0.2958477112080825,-0.014253829784546987,0.13433311575578563,0.006284313551076791,0.19388446592450692,-0.004801147348183919,0.2861672411958622,0.000745028257858031,0.44016388314903004,-0.0014474615246131515,0.6614289311079893,-0.0008850681250165734,1.364505794256775,-0.006437458521187883,-0.000200902904043436,0.031925582048561225,0.05052569090975046,0.05
2.25,1152491696,0.14908197235910278,0.1,0.07414942038967413,0.06120524456196566,0.06123584829648662,0.06259703803135405,0.0001764749421035534,0.003741914228195231,0.051396858056091184,0.13433311575578563,0.05777382334335196,0.08231146441963005,0.06125952178397719,2.7764451051977987,0.052753822233000215,0.014183203899305719,0.3071193869378822,0.029202873249580406,12.706204736432095,0.05272033417458185,0.06075021836105811,0.23741372635714747,0.07318297391071546,0.06800749344850986,0.31315821443444813,-0.013062159499962093,0.13433311575578563,-0.0016072577639041942,0.19388446592450692,-0.0032238720717644503,0.2861672411958622,0.001353246951874113,0.44016388314903004,-0.001995983430030636,0.6614289311079893,0.00013636601193705688,1.364505794256775,-0.0003058330356491902,-0.0015795655731730015,0.08891405386525722,0.13219796384123286,0.05
2.25,1022845637,-0.1442967900530692,0.1,0.06507688011802214,0.03286910973146621,0.03552492783456955,0.05409772541070363,4.006627764641265e-05,0.002886497616965476,0.05774932852202234,0.32612014812863077,0.035714815150460655,0.08231146441963005,0.053803718232360354,2.7764451051977987,0.18251344603776218,-0.7927210415649323,0.22075608620372245,0.05925848994224402,12.706204736432095,0.04439876092417367,-0.23259251866218753,-0.06939681410196244,0.043472549000730006,-0.2181477130914014,-0.05161826821141044,-0.017611290553451536,0.13433311575578563,0.0005276629916164677,0.19388446592450692,0.003461072151677273,0.2861672411958622,-0.0040956845563377055,0.44016388314903004,0.0005611186225748688,0.6614289311079893,-0.000841238511117057,1.364505794256775,-0.002550437974761951,-0.0011209270235298448,0.07503479760266973,0.08519941619708912,0.05
2.25,1965604326,0.339358180063004,0.1,0.06716848060476116,0.07305879986266031,0.0658110057174233,0.07713124339524266,-0.0002723240007683836,0.006221552708464548,0.07580444358615566,0.13433311575578563,0.06919098314227787,0.08231146441963005,0.07899072144672423,2.7764451051977987,0.09791975861110443,0.10909203528521633,0.6528297042811182,0.053961463719336605,12.706204736432095,0.07001681372200887,0.21964327563861502,0.4572560165889609,0.08585872973667318,0.23756071452859062,0.5566420453706123,-0.015201943346376947,0.13433311575578563,-0.004191810543990253,0.19388446592450692,-0.0007371043076251537,0.2861672411958622,0.00026917567594009694,0.44016388314903004,-0.0030573123794893687,0.6614289311079893,0.0018817389798101436,1.364505794256775,-0.003131668082089856,-0.0008997970374304612,0.06670709763342243,0.09393630314658184,0.05
2.25,445843303,-0.05661249983275501,0.1,0.06372602350120228,0.046727557486207064,0.04770612868032804,0.02961742597788197,0.00017439685099260305,0.0007027950705627147,1e-150,0.13433311575578563,0.04393233291856389,0.08231146441963005,0.026548564371517692,2.7764451051977987,0.13520659527446696,-0.33654939168653575,0.41423798759397146,1e-150,12.706204736432095,0.024540476523151347,-0.10048027062567762,-0.012245193664280805,0.060573666828021525,-0.2010282317034504,0.01682873627506369,-0.005952489131423169,0.13433311575578563,-0.009236102272382783,0.19388446592450692,-0.0018291194326031947,0.2861672411958622,0.00026445966776199434,0.44016388314903004,-0.00099278263777302,0.6614289311079893,9.532827591958544e-05,1.364505794256775,0.005328671832651717,-0.0027823888251164697,0.11847603358292474,0.19138740400245052,0.05
2.25,608175699,0.10068990638074246,0.1,0.07303655178189257,0.05744096075372958,0.05824837018737013,0.04836796915738978,0.0003367671355574446,0.0020026933048527644,0.048700645423302595,0.13433311575578563,0.0616476872910904,0.08231146441963005,0.044816084565607074,2.7764451051977987,0.052675781737774006,-0.10621669336989704,0.18628613936672345,1e-150,12.706204736432095,0.03904972720263168,0.03748366055737347,0.16955713107922152,0.0759558570732316,-0.062193545786518756,0.20286857997392782,-0.01254970632633531,0.13433311575578563,-0.004509235927028787,0.19388446592450692,-0.0018332380701675606,0.2861672411958622,0.0027943271021067043,0.44016388314903004,-0.002223357674444987,0.6614289311079893,-0.0007176478382924416,1.364505794256775,0.0003666202660965766,-0.0018049759087151538,0.0949871520151916,0.1423009099338993,0.05
2.25,1474388838,0.5271340974827954,0.1,0.07248719786106655,0.04279352846733956,0.04012081011063321,0.02650159043288482,-4.145256051817873e-06,0.0007064795515241901,0.03116322913684355,0.13433311575578563,0.04326876675263848,0.08231146441963005,0.026618065292935925,2.7764451051977987,0.28715740239975845,-0.59217246700217,1.002381061626078,1e-150,12.706204736432095,0.02449349154181297,0.4878548651745897,0.5664133297910011,0.04761735420753653,0.4215640078506874,0.593934825518998,-0.025103397498230734,0.13433311575578563,0.0012114700422908673,0.19388446592450692,-0.001318977455953087,0.2861672411958622,0.0034667957158395616,0.44016388314903004,-0.0016551719472881479,0.6614289311079893,-0.002111038714224861,1.364505794256775,-0.006962001935653098,-0.00046562885049797396,0.04824413833813018,0.05641621754336655,0.05
2.25,749558641,-0.19133584211664098,0.1,0.08225449890910544,0.07463171095924566,0.09664207409150663,0.08002694500885775,0.003404269598909131,0.0030000423285416107,0.09812942455279608,0.32612014812863077,0.10394959925388858,0.08231146441963005,0.05485173626340055,2.7764451051977987,0.11053682760482532,-0.4073623321687469,0.20643653572627346,0.0958159354957406,12.706204736432095,0.04655570930544478,-0.25701359020315573,-0.08814972247644284,0.07761037723310306,-0.3314821790206731,-0.036029746363401734,-0.017359449605894157,0.13433311575578563,-0.00352782147007417,0.19388446592450692,0.009712689477439237,0.2861672411958622,-0.0055477844300803655,0.44016388314903004,-0.0005055535198149319,0.6614289311079893,-0.00015904130193676456,1.364505794256775,-0.005935089890114852,-0.00024452862180324685,0.0349312704128565,0.043996603802427155,0.05
2.25,532371547,0.08752718322525571,0.1,0.08571773811995945,0.06067005008459419,0.059260890978562804,0.06634727831204694,0.0002000813054317068,0.004201880033984509,0.05287546020933284,0.13433311575578563,0.053123910744200656,0.08231146441963005,0.06491551583352351,2.7764451051977987,0.08004292936762017,0.008026006077973935,0.4524956049748182,0.04418791556282386,12.706204736432095,0.05878682371581842,0.001326604224237471,0.18301617888580313,0.06557542989776065,-0.03259501494633456,0.20390684477119156,-0.010081332581412661,0.13433311575578563,0.000957426156218023,0.19388446592450692,-0.002933472152940523,0.2861672411958622,-0.003545487280107591,0.44016388314903004,0.002306210614145707,0.6614289311079893,-0.002371185354142235,1.364505794256775,-0.002196793995454146,-0.0013003497431556973,0.08058765211269635,0.09427467647790336,0.05
2.25,391318659,0.19906668551422665,0.1,0.07066641294234856,0.0825832046395059,0.0919859931012653,0.09758518105066816,0.0013346246756637085,0.008188242885027975,0.11017426680131265,0.13433311575578563,0.10226116323528445,0.08231146441963005,0.09061958026217193,2.7764451051977987,0.19817388364646923,-0.2056124163673882,0.894825402089167,0.07459981588100874,12.706204736432095,0.08053341198016438,0.06412418416659306,0.3330524305316327,0.11390749191314287,0.06570181016345161,0.4656354340786217,-0.020456994156548624,0.13433311575578563,0.015532197446152345,0.19388446592450692,-0.003894359635288235,0.2861672411958622,-0.0011568426800183955,0.44016388314903004,-0.002113051780969195,0.6614289311079893,-6.546721190188823e-07,1.364505794256775,-0.0026018925516388997,-0.0012272312414760638,0.07809101819240086,0.10013245329477048,0.05
2.25,565260587,-0.13347514322735377,0.1,0.06916034869175637,0.03035745067330637,0.02723101230601017,0.02895282554070881,5.875795520831294e-05,0.0007795081515824074,0.024919563447087102,0.13433311575578563,0.025489244312262075,0.08231146441963005,0.027959990438397947,2.7764451051977987,0.08995819426480994,-0.3550879304322724,0.14444004584565615,0.01981124344280665,12.706204736432095,0.024825497913417854,-0.1787700832405268,-0.08324652841650282,0.055478163146988786,-0.21096847927416978,-0.02400368539434488,-0.012286972577118799,0.13433311575578563,0.009667873213299268,0.19388446592450692,-0.01142010615549092,0.2861672411958622,0.004264997662689599,0.44016388314903004,-0.0016051710119514744,0.6614289311079893,-0.0015314534669209371,1.364505794256775,0.006771090827807719,-0.0033803342421752634,0.13105535724366227,0.20725868024585195,0.05
2.25,1982485518,0.0685986072551788,0.1,0.07241782628424563,0.06122633778401107,0.07135326693844345,0.055308885730424265,0.0008609989627410136,0.002198073878000115,0.0692557419518422,0.13433311575578563,0.07908857184943073,0.08231146441963005,0.046951322587083906,2.7764451051977987,0.1515198793462118,-0.2469240803901609,0.5944491743117407,0.05120572418307109,12.706204736432095,0.04534249900670297,-0.003111216547917059,0.14064152528352344,0.06669450615630498,-0.04283307845394334,0.25063832551219745,-0.018148222724209764,0.13433311575578563,0.009510033037712499,0.19388446592450692,-0.0023492328506518503,0.2861672411958622,0.0014226940246677684,0.44016388314903004,-0.0009073715524853947,0.6614289311079893,-0.0032955216313375973,1.364505794256775,-0.005749240310275109,-0.0006682891888834465,0.057535912178787105,0.09661370733844578,0.05
2.25,88166089,0.1382917561019058,0.1,0.05285082498385899,0.04842676855125398,0.05011576360547708,0.055975212240018335,4.5764902899468954e-05,0.0030874594824156294,0.04269458091000555,0.13433311575578563,0.045117426226619024,0.08231146441963005,0.05564515051392535,2.7764451051977987,0.1947600834239179,-0.5360470700487084,0.5454342905717952,0.03419764746488794,12.706204736432095,0.05049811467695359,0.053289921426834225,0.22167344743311357,0.06135769513528402,0.0030135154436655986,0.24242591577606773,-0.01047314389906653,0.13433311575578563,-0.0026906212156915087,0.19388446592450692,0.001445660798283651,0.2861672411958622,-0.0009994012648992347,0.44016388314903004,-0.0021801299787186585,0.6614289311079893,0.001109526254640302,1.364505794256775,0.000728742152243531,-0.0014705163363737167,0.0862241762042062,0.13554198978559054,0.05
2.25,561505229,0.21955289038694883,0.1,0.06591196680774404,0.05136779452809447,0.05546932820911223,0.032947404082305815,0.0006054928422479068,0.0004800385935148349,0.013357290678826923,0.13433311575578563,0.05319526934971637,0.08231146441963005,0.021941421747320288,2.7764451051977987,0.10145368367811106,-0.03441830253758654,0.5289428643671679,1e-150,12.706204736432095,0.01932229963997348,0.18547676502986288,0.2536290157440348,0.08640326618491401,0.12473699837921055,0.4680249054092049,-0.016243271919581064,0.13433311575578563,-0.00013355008624778457,0.19388446592450692,-0.0014070494257018402,0.2861672411958622,0.0023689334390333524,0.44016388314903004,-0.0025765791309326036,0.6614289311079893,-1.1631553787665188e-05,1.364505794256775,-0.0040785973987188485,-0.0005680386331228862,0.05340682720815901,0.0764832870203739,0.05
2.25,1396316816,-0.062957182379419,0.1,0.0774941160601536,0.07501963434726805,0.08511368648213738,0.08788084984743344,0.0016911087541467851,0.006031935015760356,0.127378590687232,0.19388446592450692,0.10063710305294708,0.08231146441963005,0.07777768544998107,2.7764451051977987,0.1562173901839759,-0.48424990722723515,0.3832081094189139,0.11039693512540552,12.706204736432095,0.0699617899817302,-0.18355445308432478,0.054836568836497075,0.07777064651590326,-0.20112997481421357,0.09550616432924622,-0.011102921775896068,0.13433311575578563,-0.006177510493339418,0.19388446592450692,0.0041739990703911515,0.2861672411958622,-0.0011760252292608987,0.44016388314903004,-0.000968383384570845,0.6614289311079893,-0.0005157271596754519,1.364505794256775,0.006002975689436819,-0.0029026182805092803,0.12044031766773651,0.15371298033834288,0.05
2.25,963870412,-0.09269356873321732,0.1,0.06278592105036362,0.05599598952959402,0.05635325116357494,0.056766999514737564,0.0003212348921760948,0.00290125734173012,0.05787311365072529,0.13433311575578563,0.06003084203712986,0.08231146441963005,0.053941101940504776,2.7764451051977987,0.06672293417700985,-0.31748039848558474,0.05302472951480308,0.034910332677318516,12.706204736432095,0.045534308049464255,-0.16358772220882664,-0.012465654966006295,0.061489408020549446,-0.22176519088978547,-0.0020600722675287375,-0.02525371807577911,0.13433311575578563,-0.0019028034559165415,0.19388446592450692,-0.0013106343621355054,0.2861672411958622,1.608124547223281e-05,0.44016388314903004,-0.0007748215094385415,0.6614289311079893,0.0006757039030516424,1.364505794256775,-0.005465582012119195,-0.0005413259603735482,0.05174145366984513,0.07361018703318523,0.05
2.25,245393431,0.19423101951068364,0.1,0.06436127720165326,0.08791972749809665,0.09012462607436902,0.11421294121249485,0.00010386555613822648,0.012940730384270578,0.12307139687335276,0.2431366342882323,0.09349631557553936,0.08231146441963005,0.11392160172302006,2.7764451051977987,0.1667429123564591,-0.23690320300097809,0.6890018826760548,0.11904973852886079,12.706204736432095,0.10635943222162403,0.0016797671957327065,0.3805828697706323,0.12064444962766134,0.04514316588496603,0.5001906438571921,-0.012055663537497594,0.13433311575578563,0.003607864235497769,0.19388446592450692,0.0037570087530539344,0.2861672411958622,-0.0011502864186399445,0.44016388314903004,-0.003225815082509213,0.6614289311079893,0.00028313756533226736,1.364505794256775,-0.0007887880082790867,-0.0012483056320145246,0.07876029529541248,0.11734643810542494,0.05
2.25,1147784924,0.04728899364334156,0.1,0.06735561949252733,0.038835594608240154,0.035749111586729644,0.031846010779905225,-1.9477358726603493e-05,0.0010336457613204432,0.02466419809317774,0.13433311575578563,0.03598755739647811,0.08231146441963005,0.032196788299698284,2.7764451051977987,0.1591592346384566,-0.2336855322963456,0.6501082236215959,0.011112469086891787,12.706204736432095,0.028509454266963306,-0.0035375482928895197,0.09215410696193282,0.04679511676528596,-0.02939895786057697,0.1558910810897627,-0.00895300069857139,0.13433311575578563,0.005696660164564985,0.19388446592450692,-0.008480650481670534,0.2861672411958622,-0.003325468689067677,0.44016388314903004,0.0024112750066357875,0.6614289311079893,-0.0012291929216825008,1.364505794256775,0.007331134801525917,-0.0034364467089968136,0.13060617934070473,0.17545495813570244,0.05
2.25,509912621,0.19027625153261105,0.1,0.06070306655028315,0.026715137384128222,0.03455964182875072,0.033701674671641174,0.0002365018244861978,0.0008993010511869423,0.03327687973462331,0.13433311575578563,0.03406486984043088,0.08231146441963005,0.03003165308758463,2.7764451051977987,0.1879813235193791,-0.12766698033648505,0.9161726707714829,0.028661175965823592,12.706204736432095,0.027081183003088045,0.14056707171267455,0.23134367604802478,0.04833530982757351,0.1474728507470009,0.3438589676589598,-0.013017824267646295,0.13433311575578563,-0.007139894357228427,0.19388446592450692,0.00786721605138017,0.2861672411958622,-0.0026256061810286486,0.44016388314903004,-0.0016533800443161671,0.6614289311079893,-0.00011123909264895202,1.364505794256775,-0.002830220071986356,-0.0008925072603742356,0.06671031100996715,0.07348337936955347,0.05
2.25,1632517988,0.07023317590706707,0.1,0.0666288366452183,0.09383375801131634,0.09379092784956669,0.07820175733802073,0.00018543698754851755,0.0059300778632061625,0.07663913887156254,0.13433311575578563,0.0956842534012485,0.08231146441963005,0.07711820029388668,2.7764451051977987,0.1135707051597579,-0.45012081549172295,0.18052484137762143,0.03436812127940492,12.706204736432095,0.06922038178305731,-0.04819197178587224,0.18807263507219163,0.09369361656906203,-0.1409498968205174,0.19260063313836098,-0.0048328021546873,0.13433311575578563,0.002180873424357683,0.19388446592450692,-0.0014098490214035774,0.2861672411958622,-0.0012742672713630403,0.44016388314903004,-0.0026088066328487994,0.6614289311079893,0.00032366333723772236,1.364505794256775,8.856643324537e-05,-0.001535690589328793,0.08773642247412075,0.12217892518144402,0.05
2.25,1595322467,-0.07067063133819662,0.1,0.058319002545412495,0.03421596493305576,0.032429229522943075,0.0365888302105482,0.00019823426963543164,0.001140508226540893,0.032186980865028275,0.13433311575578563,0.03301561921985989,0.08231146441963005,0.03382017878562424,2.7764451051977987,0.3039439904870485,-0.5755688823322385,1.1121987269518658,0.01656027155571374,12.706204736432095,0.03070808895870553,-0.12802879700191,-0.010271228139863989,0.04625388743476556,-0.12722387342348002,0.05281233299908668,-0.01548477818968737,0.13433311575578563,0.0026911579304103707,0.19388446592450692,0.0008742422480637861,0.2861672411958622,-0.002694773904461194,0.44016388314903004,-0.0002346890269479155,0.6614289311079893,4.4177308670853716e-05,1.364505794256775,0.00015005514103385564,-0.0014521161648417798,0.0854040018988772,0.1262336201620441,0.05
2.25,573042362,0.05441748730961361,0.1,0.07645166016570097,0.04864637901923582,0.05991012188913734,0.06756892141301063,0.0011744707645190999,0.0033910883763985065,0.08413492936969678,0.13433311575578563,0.07214142968041,0.08231146441963005,0.05831714336159058,2.7764451051977987,0.041102560110605105,-0.0396461295825406,0.18859187407783506,0.06690267661869478,12.706204736432095,0.050315992561531714,-0.03147024679575441,0.14633473372529143,0.06547281988838038,-0.03511749888977702,0.21246050649403503,-0.008544447480802403,0.13433311575578563,0.0012808172982999551,0.19388446592450692,-0.009053868191963566,0.2861672411958622,0.0007552172174764939,0.44016388314903004,0.00019809288480883221,0.6614289311079893,-0.0007961030272262582,1.364505794256775,-0.0009111143247431613,-0.001382754264008218,0.08275866175318639,0.11275792192212108,0.05
2.25,2143810409,-0.24294248508317226,0.1,0.07286417961684337,0.0456244056015715,0.05286322341311758,0.05174937490597384,0.0004552075113495907,0.002222790291809444,0.05738158002758593,0.13433311575578563,0.05649949576957145,0.08231146441963005,0.04721455857262394,2.7764451051977987,0.05192041167895832,-0.4333867288683373,-0.14507838313654034,0.048611984887868026,12.706204736432095,0.042220311307744424,-0.32091221516113844,-0.16497275500520606,0.09503434241666488,-0.4167028158867265,-0.17287831648513052,-0.020602353389713758,0.13433311575578563,-0.0065989209109629425,0.19388446592450692,0.012264546763002138,0.2861672411958622,-0.000662940127018243,0.44016388314903004,-0.0017584215682172498,0.6614289311079893,-0.002705093855974988,1.364505794256775,-0.005222678403674356,-0.0007221478002088021,0.06052785997387074,0.09231438506301894,0.05
2.25,723963274,0.09594123345034106,0.1,0.07306847766916033,0.03735799929995496,0.03751186197541742,0.03015173002985994,0.00010134199252339357,0.000807784831270164,0.027659526693688544,0.19388446592450692,0.03601096549140316,0.08231146441963005,0.028462597729491043,2.7764451051977987,0.12021462909366276,-0.08609159114822501,0.5814470458923127,0.023981035901049882,12.706204736432095,0.023643015280513758,0.04328329802513902,0.137261673344816,0.0760520636217611,-0.017098298711463084,0.30482929551854526,-0.013876498876752234,0.13433311575578563,-0.01092503407505186,0.19388446592450692,0.0017674457931245655,0.2861672411958622,0.0026496627138919565,0.44016388314903004,-0.0007535009731562602,0.6614289311079893,-0.002733992073184678,1.364505794256775,0.0026108647542567283,-0.0026223573471847905,0.11431960720117872,0.14621363508154958,0.05
2.25,1721052466,-0.17523950089384105,0.1,0.08128590662266101,0.060583083014894894,0.05561158980866152,0.023487349007475792,-0.0007410171736137554,0.0012926727370127294,0.022634985961086884,0.13433311575578563,0.0559613599105547,0.08231146441963005,0.036005677127164244,2.7764451051977987,0.09045471533278653,-0.48092949769878085,0.02135560555677002,0.0019546938253494363,12.706204736432095,0.03166848358474399,-0.23055473413863262,-0.12137755193798758,0.07002725635922472,-0.35374211705906217,-0.0720875285849449,-0.023316879514569608,0.13433311575578563,0.004438451407827798,0.19388446592450692,0.004351580536163828,0.2861672411958622,-0.002852360091539781,0.44016388314903004,-0.0012138183046206522,0.6614289311079893,0.00016067833343494484,1.364505794256775,-0.0022124711012985877,-0.00120701442275575,0.07812067715044209,0.13165625293727365,0.05
2.25,494760015,-0.022116931637155723,0.1,0.07245566737246399,0.057724849554816084,0.05217678085236985,0.06995504447555606,-0.0002120794668387725,0.0051057877144158,0.07274169462396489,0.13433311575578563,0.05408695000557407,0.08231146441963005,0.07155797877460747,2.7764451051977987,0.10637211261701224,-0.43180636368762404,0.15886629912248118,0.061930599163359655,12.706204736432095,0.06369942588693737,-0.12520887517314083,0.0884229802580434,0.06965016129240303,-0.1647860704681306,0.10726758511593174,-0.007900549961183388,0.13433311575578563,-0.011220830318970393,0.19388446592450692,-0.0006736218550781657,0.2861672411958622,-0.002910373687227779,0.44016388314903004,-0.003580463244611942,0.6614289311079893,0.0037679481133456043,1.364505794256775,0.007164635853804863,-0.003694865954909808,0.13538565662466392,0.17171422922693466,0.05
2.25,1195828260,-0.11925464821280757,0.1,0.07825232219085454,0.05352377969801751,0.06789699228912927,0.062730944407608,0.002272835337935329,0.0016623360483350761,0.08271401366867562,0.13433311575578563,0.07891434407767645,0.08231146441963005,0.04083063173379921,2.7764451051977987,0.03817020619810801,-0.25568242410694114,-0.04372745978068582,0.0710508202706985,12.706204736432095,0.03779491734897629,-0.1902670478283009,-0.04553228734099249,0.06274733878993886,-0.2713134172196672,-0.0298393258885779,-0.0018102110784626183,0.13433311575578563,-0.0032769469301837215,0.19388446592450692,0.000250423202022945,0.2861672411958622,-0.0014121020529879024,0.44016388314903004,-0.0040077994255856095,0.6614289311079893,0.0010184411028446617,1.364505794256775,-0.00228329590079596,-0.0011937251671733451,0.07708185308484773,0.08875902892258884,0.05
2.25,1367965973,0.018851889933771834,0.1,0.062060327823076106,0.0742784827935678,0.07166565769344728,0.08618676470403491,0.00012586535277284063,0.007302293057375838,0.0892030143409238,0.13433311575578563,0.07591430566075213,0.08231146441963005,0.08557685405882393,2.7764451051977987,0.1562677017200275,-0.24272913522886616,0.6250082558532938,0.07209851026925382,12.706204736432095,0.07815511707665683,-0.10620044493980306,0.1418185939220629,0.1364144941737904,-0.0902983961349713,0.518354729742745,-0.002202687392992535,0.13433311575578563,-0.018353487735313694,0.19388446592450692,-0.008891190785809373,0.2861672411958622,0.007163583652547581,0.44016388314903004,-0.004344094172565495,0.6614289311079893,0.0010599022648420276,1.364505794256775,-0.005309605556603961,-0.000522797018579503,0.0509264461439614,0.08331412186811522,0.05
2.25,186340834,-0.16222415073392865,0.1,0.0717110626955009,0.08128094652623989,0.09410157999198171,0.10876265100361528,0.002227526318086079,0.009601787935248136,0.12912999503818312,0.19388446592450692,0.10602220216477985,0.08231146441963005,0.09813021332612566,2.7764451051977987,0.10625474737704522,-0.3709536427369131,0.2190673037811386,0.10694902427414542,12.706204736432095,0.09123525946366544,-0.31403533492023805,-0.019620102931356492,0.08899599838763597,-0.273648977716902,0.03794256219344932,-0.01191755537290255,0.13433311575578563,0.0036941046283370093,0.19388446592450692,0.0007692234319392737,0.2861672411958622,-0.0013137397281213822,0.44016388314903004,-0.0012524644881534573,0.6614289311079893,-0.0012477830691153683,1.364505794256775,0.007344994453183166,-0.003457521179211185,0.13242282975057368,0.1934936446226353,0.05
2.25,1611607489,-0.09379312272475927,0.1,0.059798291679469665,0.03821049544756783,0.044488023465666555,0.055631679158529054,9.035275779606237e-05,0.003004530968201454,0.05793761097373339,0.13433311575578563,0.048714215143354556,0.08231146441963005,0.05489275529354019,2.7764451051977987,0.07080182291682274,-0.4792978954761248,-0.08614314612313712,0.05582301072264223,12.706204736432095,0.05051255999835117,-0.1727492252683176,-0.014837020181200936,0.057155465774781054,-0.2663601656190631,-0.052654649330464744,-0.01157174096117828,0.13433311575578563,-0.00131409423502743,0.19388446592450692,-0.0018637854318128973,0.2861672411958622,-0.002438179398835801,0.44016388314903004,0.00047775691257380485,0.6614289311079893,0.0004978424320098987,1.364505794256775,-0.0009914458701235278,-0.0010251287680488029,0.07161235938088897,0.09030867311626277,0.05
2.25,989519776,0.16245045891672416,0.1,0.05802055573973144,0.07041299667422105,0.07448289616625951,0.08832904011214783,0.00021160698167972235,0.007590412345453698,0.0888537502411577,0.13433311575578563,0.07372364053569383,0.08231146441963005,0.08724878195934047,2.7764451051977987,0.10259349339709184,-0.26616782822575,0.30352257690924667,0.06905151530052098,12.706204736432095,0.07398636067850595,0.04423046190968303,0.28096192247732454,0.07013106964821826,0.03518925030896163,0.2617419842065202,-0.012867412084602783,0.13433311575578563,-0.012906749151714036,0.19388446592450692,0.005074729023632106,0.2861672411958622,-0.0014220522271845796,0.44016388314903004,-0.0011462670740827207,0.6614289311079893,0.00015389523532618308,1.364505794256775,0.0022445799995538486,-0.002234909475351471,0.10623626575418574,0.17330993673988976,0.05
2.25,1388731689,-0.24146709250161813,0.1,0.06994125750292632,0.04720677736681146,0.05448230479107056,0.0350812950498678,0.00012665475769383467,0.0011040425046820446,0.05107645673511651,0.2431366342882323,0.05452110051411178,0.08231146441963005,0.033275116513290126,2.7764451051977987,0.07889645851232635,-0.5234855231078047,-0.0853821509998253,0.04752810908637603,12.706204736432095,0.029185609796147878,-0.29790193087325095,-0.18503225412998534,0.1258883077558178,-0.6520401780823387,-0.17369228726200703,-0.010692418841719092,0.13433311575578563,-0.00791725225487884,0.19388446592450692,-0.0009613809404578094,0.2861672411958622,0.0013095848170388432,0.44016388314903004,0.0006619186137188152,0.6614289311079893,-0.002744647889200753,1.364505794256775,0.00331964507462698,-0.0025425256510407295,0.11246615761411442,0.15546235470231445,0.05
2.25,782859320,0.5034312207160406,0.1,0.07510483152868513,0.047257373049009004,0.04412470705334714,0.0632418608336143,0.00012147689307398816,0.0038780560686242503,0.059703602491405536,0.13433311575578563,0.04299878250618038,0.08231146441963005,0.062363966544454544,2.7764451051977987,0.12424497903900411,0.16155661569236873,0.8514753434888609,0.053172265461550815,12.706204736432095,0.05843108718919508,0.40795770489551886,0.5989047365365624,0.057214382546249054,0.43186654737085445,0.6777233441239066,-0.008106860818380916,0.13433311575578563,0.0058492424347251675,0.19388446592450692,0.0030880572134365843,0.2861672411958622,-0.00011408212077256663,0.44016388314903004,-0.0005129408683113472,0.6614289311079893,-0.004229672017540071,1.364505794256775,-0.0033446342777882815,-0.0007392933852524144,0.06107715235309931,0.09891860818410286,0.05
2.25,729002192,0.051345496704202714,0.1,0.07622223333704536,0.06209696576296061,0.06704040551856463,0.07554176742181597,0.00023938241761958714,0.005467176207592148,0.0790458384297679,0.32612014812863077,0.06311280826788984,0.08231146441963005,0.0740471288767993,2.7764451051977987,0.11336240971080312,-0.16397501036706072,0.4655140047429127,0.07833750519086505,12.706204736432095,0.06673464610340657,-0.048705872061510364,0.15341411975807542,0.061533739127795035,-0.043840210550960046,0.1835995050991785,0.0039162421561984686,0.13433311575578563,-0.005856280185598557,0.19388446592450692,0.0027382082963636417,0.2861672411958622,0.00020281764435070354,0.44016388314903004,-0.0007789777318107625,0.6614289311079893,-0.004820666897158663,1.364505794256775,0.0019156900803802691,-0.0023254926975687187,0.10829537187341373,0.14499318626166974,0.05
2.25,909849662,-0.31106622954960383,0.1,0.058652244571314655,0.07590708274808891,0.09357344259721753,0.10837721929557732,0.0029228248543735017,0.008822796807868155,0.14173678678040058,0.2861672411958622,0.11281850512492239,0.08231146441963005,0.09406538268995483,2.7764451051977987,0.09808759777318549,-0.5091466419845521,0.03552301945139055,0.1287073333980365,12.706204736432095,0.08266197436246782,-0.4489624526735605,-0.13770913205295152,0.0909607359047366,-0.41526829052831543,-0.053544524336493024,-0.008514745842251542,0.13433311575578563,0.0031461609224193374,0.19388446592450692,-0.005265020669624935,0.2861672411958622,-0.0016490327717211895,0.44016388314903004,0.0002210183622480666,0.6614289311079893,-0.000942310188896885,1.364505794256775,-0.005034522666305142,-0.0004318157152486249,0.04651292904347154,0.06333773568872149,0.05
2.25,72394441,-0.3879086442692179,0.1,0.08027445003665495,0.09668772575676222,0.10767242267713065,0.11147131757782679,0.0014708626762998719,0.010954991966236845,0.15368472119219784,0.32612014812863077,0.11496472653885184,0.08231146441963005,0.1048172399595069,2.7764451051977987,0.08560203699426203,-0.5949360544925868,-0.11959734127722749,0.15918213091050692,12.706204736432095,0.09504249011253336,-0.5330089096093124,-0.23007320099159378,0.09516668848271793,-0.5499774923480677,-0.20385080058730995,-0.012542656928884663,0.13433311575578563,0.0013038633787449162,0.19388446592450692,0.007917347936797698,0.2861672411958622,8.683370039430176e-05,0.44016388314903004,-0.002148052875751367,0.6614289311079893,-0.0028610280650398627,1.364505794256775,-0.0031288698186901736,-0.0007483135143628222,0.06155984806299586,0.08785411511217568,0.05
2.25,1837102703,-0.28110353492520107,0.1,0.06672163020954372,0.03268686314987742,0.030702260598269956,0.02362581303999965,-0.00022720001858197167,0.0007853790603829891,0.023391856708089156,0.13433311575578563,0.029683474497008373,0.08231146441963005,0.02806508403800702,2.7764451051977987,0.025763685789073953,-0.35600134868621275,-0.2129384300843558,0.017074920253740546,12.706204736432095,0.022108588799715067,-0.32482776264555,-0.23814141580975323,0.035196167375290334,-0.3398272533210851,-0.2112088169326608,-0.016377542809349558,0.13433311575578563,0.00041500821586653024,0.19388446592450692,-1.3650432314357118e-05,0.2861672411958622,1.1078163632684948e-05,0.44016388314903004,-0.0017044294590029775,0.6614289311079893,-0.00044425011832313166,1.364505794256775,-0.00018181921331115875,-0.0017510820394740273,0.09358324333255447,0.1364389549004519,0.05
2.25,2136370359,0.16901375048717257,0.1,0.06496071695567165,0.04966870564497785,0.050398998034105434,0.041972180484107224,0.00020584609270254527,0.001555817841887926,0.04633449535026792,0.13433311575578563,0.05060783356620349,0.08231146441963005,0.03950081550102455,2.7764451051977987,0.09143060812692214,-0.04655896760766157,0.4611451611908406,1e-150,12.706204736432095,0.036599339542716505,0.1032254208989116,0.234197028640754,0.08927376718014565,-0.06023692836109247,0.24650555233033158,-0.015284855984691283,0.13433311575578563,-0.005935747713759499,0.19388446592450692,-0.002629843863686749,0.2861672411958622,0.0015037452710116028,0.44016388314903004,-0.0007737226172434894,0.6614289311079893,-0.0006326910530620456,1.364505794256775,-0.004374183808806837,-0.0007309240355969899,0.06055300438876831,0.08589585682360672,0.05
2.25,500349110,-0.3181867199453394,0.1,0.06732599277914733,0.09660090907407308,0.09562920498013952,0.11078757977691928,0.0002230307855365151,0.012050857047290739,0.10171280824878776,0.13433311575578563,0.09790598110517634,0.08231146441963005,0.10993491762811941,2.7764451051977987,0.07622946466711707,-0.6321831371937121,-0.20888928909998064,0.07659656158080018,12.706204736432095,0.1033411438679311,-0.46915685079227754,-0.16721658909840129,0.10954222960255129,-0.5532129219634093,-0.14433073186201031,-0.024347981563912435,0.13433311575578563,-0.006189557189484114,0.19388446592450692,0.005945530879873377,0.2861672411958622,-0.003144543644909698,0.44016388314903004,0.000367427319707354,0.6614289311079893,-0.00032539114069426366,1.364505794256775,-0.007364614536715967,-0.00012897089405425452,0.025339414140520763,0.04214165101237851,0.05
2.25,804554796,-0.4111888354486357,0.1,0.06781909917991048,0.034325689102306926,0.037004248473401474,0.02724906730050876,0.0001421667197809395,0.0006003449489667162,0.034876907471220825,0.19388446592450692,0.03911009400222258,0.08231146441963005,0.024537319535256712,2.7764451051977987,0.09775658292202352,-0.5549101435188303,-0.012078571209400368,0.0122561966060254,12.706204736432095,0.022433079055645677,-0.4494583961350999,-0.3750465087850009,0.06709037757912395,-0.4569777390832631,-0.18107897590009608,-0.008714961988860952,0.13433311575578563,0.0038346282091557314,0.19388446592450692,-0.0025071921057753517,0.2861672411958622,-0.00034563362131931157,0.44016388314903004,0.001487064158177792,0.6614289311079893,-0.0039654078427190835,1.364505794256775,-0.004011930549633176,-0.0006363225763892239,0.056207648977516164,0.07404175053636428,0.05
2.25,648522904,-0.20750863185824558,0.1,0.06852256664483355,0.03892605537558745,0.039953220751316,0.03914764574488612,0.00017697425953446867,0.0013555639078326317,0.03601473252066123,0.13433311575578563,0.0431565469550493,0.08231146441963005,0.036871150274912154,2.7764451051977987,0.5251484612496792,-1.1784498638144432,1.737641885663212,0.018671193468310733,12.706204736432095,0.0319297565967421,-0.25632277013478444,-0.15049827978998354,0.05778855117116719,-0.2906912416090145,-0.11932643628407151,-0.01773913856374383,0.13433311575578563,-0.0041499249421245304,0.19388446592450692,-0.0030472032027901203,0.2861672411958622,0.002007298597508602,0.44016388314903004,-0.0023180523063715645,0.6614289311079893,-0.0001810891839390611,1.364505794256775,-0.006852752282784673,-0.0004947765389917485,0.049553699041046576,0.05487259248198876,0.05
2.25,586006601,0.038501188499367525,0.1,0.06109187177625969,0.030506497588915812,0.027326353007363153,0.032028073882188285,5.625242140048061e-05,0.0009695450952024305,0.036653915712837375,0.13433311575578563,0.030282515045839106,0.08231146441963005,0.031182483041874206,2.7764451051977987,0.2627043079542513,-0.3931223885840107,1.0656457912839017,0.02691100954725547,12.706204736432095,0.026906410759209288,-0.011151683415823219,0.08815406041455824,0.07494006732446652,0.0027573947168069548,0.3216642186099051,-0.012396164263693964,0.13433311575578563,-0.005053997115337377,0.19388446592450692,0.006581274765029475,0.2861672411958622,-0.0032337055698019638,0.44016388314903004,-0.0015793372652759216,0.6614289311079893,0.0009075985637638058,1.364505794256775,-0.0022936534065386787,-0.0007510995954723258,0.06152539275347904,0.1011164620428414,0.05
2.25,1657835558,-0.2158325242388332,0.1,0.07688115152747281,0.07909121823441005,0.07891331618177351,0.07188059007977393,0.001140535852677556,0.004026283377538939,0.052785384594114665,0.13433311575578563,0.07688052674600411,0.08231146441963005,0.06354463025857852,2.7764451051977987,0.13524869639399048,-0.6911643016748545,0.05985686050010153,0.014607293630620456,12.706204736432095,0.05592921951407332,-0.33161522288651063,-0.1280652360671154,0.0813779174737697,-0.39963417622152925,-0.07667427420562584,-0.01611253790088968,0.13433311575578563,0.0014572128269357534,0.19388446592450692,-0.0031568300646592534,0.2861672411958622,0.0017676887442829668,0.44016388314903004,-0.0010177073542491089,0.6614289311079893,-0.0007708716774848089,1.364505794256775,0.004307114610605049,-0.0025971263509354785,0.11391797394900681,0.1680446691128058,0.05
2.25,88312952,0.12745725828124302,0.1,0.07557963857714538,0.0807181355228361,0.08444695161643917,0.04014894069120077,9.54525929189997e-05,0.001516484845706557,0.005692053742943158,0.13433311575578563,0.07741560062709835,0.08231146441963005,0.03899830444884622,2.7764451051977987,0.08462028969535008,-0.20875254351714626,0.2611346347330027,1e-150,12.706204736432095,0.03260245372315893,0.0763743144682418,0.18178139155324657,0.11023904644641719,-0.2617983048899808,0.19978152113951267,-0.009145991483703684,0.13433311575578563,0.0019969258902565543,0.19388446592450692,-0.003746853382258792,0.2861672411958622,-0.0029516043965881794,0.44016388314903004,-0.0028127559252487124,0.6614289311079893,0.0019015813419521862,1.364505794256775,-0.002518624075663122,-0.0013683552506150508,0.08261244283294468,0.09723324995643896,0.05
2.25,819908644,0.053212287460364105,0.1,0.06164352986210689,0.05892074400224693,0.060818034612140845,0.032581693575743184,0.0001978052233103829,0.0008637615329532419,1e-150,0.13433311575578563,0.05467697038420733,0.08231146441963005,0.029432260422344612,2.7764451051977987,0.10639950418278915,-0.2284651322508153,0.36235963291674,1e-150,12.706204736432095,0.026463616502880052,0.011897970349489417,0.10873697159277557,0.06607510370527774,-0.05990223137980049,0.20955460595915074,-0.013250559155701808,0.13433311575578563,0.001998133905025102,0.19388446592450692,0.0009558357057579147,0.2861672411958622,-0.00039768886317199763,0.44016388314903004,-0.0008156675019623005,0.6614289311079893,-0.0016045752107934886,1.364505794256775,-0.004517377783201191,-0.00046156919150364747,0.04816199700476701,0.05764147403291959,0.05
2.25,1195526001,0.108212549937104,0.1,0.06661322140187298,0.10022414669150566,0.10291546920274079,0.10603187082179587,0.00022089452304431025,0.011021863106925696,0.10585516347951872,0.13433311575578563,0.10771151149486265,0.08231146441963005,0.10513666440690642,2.7764451051977987,0.09541439934518778,-0.2797185551062126,0.25010712894845677,0.07302563940179224,12.706204736432095,0.09622406322093628,-0.048588271679048264,0.26288136602310597,0.1300858632567293,-0.2308729423900089,0.27695111060679034,-0.015540868373877168,0.13433311575578563,0.0044639177461177765,0.19388446592450692,-0.003603748407524502,0.2861672411958622,-0.002522995459606512,0.44016388314903004,0.0006941501781528658,0.6614289311079893,-0.0006956307180689371,1.364505794256775,-0.002654529168809962,-0.0010962998551025437,0.07424387101144889,0.08686230009111842,0.05
2.25,547663077,-0.4522714015153475,0.1,0.06945867401328357,0.04665329158134897,0.047739206762897404,0.02130001808046175,0.00010668387536674111,0.00034700689486125624,0.015511483022265573,0.13433311575578563,0.047059247762386944,0.08231146441963005,0.01865502090489345,2.7764451051977987,0.04521255841606366,-0.6086681374434597,-0.35760776442796066,1e-150,12.706204736432095,0.018452037761377032,-0.48572294721894443,-0.4188198558117506,0.06425093385553313,-0.5727382479573816,-0.32030191451057743,-0.01045214409224816,0.13433311575578563,-0.004813693837020468,0.19388446592450692,-0.0015308085580263745,0.2861672411958622,0.0020056912868934664,0.44016388314903004,-0.0022734161569953333,0.6614289311079893,-0.0005302567538602284,1.364505794256775,-0.006656808738748059,-3.580412118494741e-05,0.01341431729418536,0.019025786335550396,0.05
2.25,932045019,-0.09712692651987498,0.1,0.06291708902770826,0.04154301797403029,0.04555917467666479,0.028353399726420994,1.2369702358314876e-05,0.0007915455736878952,0.02919782825618317,0.13433311575578563,0.04506398629258069,0.08231146441963005,0.028175047074638436,2.7764451051977987,0.044445909965608266,-0.201487785845263,0.04531547249488725,0.0160585863685648,12.706204736432095,0.024880775871560144,-0.13884501988102943,-0.05608325127949091,0.06261491405484106,-0.1750732263251628,0.023508316229545384,-0.021151570887063348,0.13433311575578563,0.011881081259209282,0.19388446592450692,-0.004672786922132239,0.2861672411958622,-0.003794450723944145,0.44016388314903004,0.002386096295486765,0.6614289311079893,-0.0022662645562408004,1.364505794256775,-0.002504747320875208,-0.0014568271383142758,0.08490261603977955,0.14740493954640985,0.05
2.25,354842427,-0.15014812299333735,0.1,0.08526671456810112,0.08750358454826605,0.09608250495497125,0.0903498460000234,0.0015691862157131342,0.006593908456514808,0.1073011503622638,0.13433311575578563,0.10024176447693926,0.08231146441963005,0.08132014507738207,2.7764451051977987,0.09347945431765128,-0.5325995792424179,-0.013518432488809573,0.1020108206453364,12.706204736432095,0.07056157434343839,-0.2774891107008818,-0.03610501396448011,0.09683623338386084,-0.43015620938641297,-0.0376708013651681,-0.017403526381903206,0.13433311575578563,-0.0062295644068662975,0.19388446592450692,0.0013409899778191394,0.2861672411958622,-0.0006318712169768324,0.44016388314903004,-0.0006291564547639407,0.6614289311079893,-0.0002743576909280208,1.364505794256775,-0.003123052625711181,-0.0010322161761147255,0.07177920264300902,0.11448882656732898,0.05
2.25,1971984169,0.035229634215116726,0.1,0.06977700519966326,0.05767713346701877,0.0673378525042536,0.0531962709494795,0.0004271865140448314,0.002402656728885605,0.053783208938150986,0.13433311575578563,0.0688174222602203,0.08231146441963005,0.04908768504908089,2.7764451051977987,0.20277148085717778,-0.4826636707527649,0.643304100246476,0.03300188614794474,12.706204736432095,0.045129575821615475,-0.04972023537314178,0.1097031412823869,0.06566938134445782,-0.06619499312712673,0.16673054875134266,-0.008735806874934818,0.13433311575578563,-0.0037525984335832594,0.19388446592450692,-0.001206720151178077,0.2861672411958622,0.002815273843461054,0.44016388314903004,0.0005993637995715055,0.6614289311079893,-0.004087797498757163,1.364505794256775,-0.0017165234783197661,-0.0010977295187110834,0.07409257034609804,0.10023880176161547,0.05
2.25,1636252017,0.14010468295074197,0.1,0.06096845147515226,0.05196085194065135,0.05144184428905867,0.056867359308200645,0.00019072636860206858,0.003043170186085926,0.07856326616293476,0.32612014812863077,0.055454030437797314,0.08231146441963005,0.05524459680042101,2.7764451051977987,0.13280779822519095,-0.3628781802613863,0.3745889423674703,0.0796586748196471,12.706204736432095,0.04757795343989448,0.07769290064152504,0.2453375965696388,0.06241335116592977,-0.01748799319511858,0.21264311409942704,-0.017680019744925207,0.13433311575578563,0.0004237929825041375,0.19388446592450692,-0.0013773264682510754,0.2861672411958622,-0.0022671286802359862,0.44016388314903004,0.0007274864706281226,0.6614289311079893,-0.00010553637392698219,1.364505794256775,0.005682086688122201,-0.0029853402880937953,0.12178326747713572,0.17328963942808795,0.05
2.25,1092196633,0.18919009644757717,0.1,0.06318772451832906,0.0494410349324682,0.05719752873301903,0.056695138684387573,0.00024119431985554973,0.002973144430586391,0.0620328508259362,0.13433311575578563,0.0625358449238362,0.08231146441963005,0.054605286681464874,2.7764451051977987,0.06483056247319655,-0.04531852871521594,0.31467846697663737,0.04175008241836886,12.706204736432095,0.04973270336035359,0.10080233542805363,0.2685015528959378,0.07149727222064395,0.08862653773019165,0.36433378833995517,-0.00833942043030405,0.13433311575578563,0.012300635270095084,0.19388446592450692,-0.0052597965423150156,0.2861672411958622,-0.0032047245950477766,0.44016388314903004,-0.0008621016535908092,0.6614289311079893,0.0004224714955645843,1.364505794256775,0.0033617089977616586,-0.002201704547956613,0.10460395166642765,0.16606865190816,0.05
2.25,1789285919,0.4508768834375096,0.1,0.06537450616825187,0.04129245314858442,0.04840714472002351,0.0484486524346545,0.0005196787407244071,0.0018275931820095465,0.06142338276909021,0.13433311575578563,0.054234731855412624,0.08231146441963005,0.04281209225475002,2.7764451051977987,0.10955874853291984,0.1906650367504984,0.799032738942142,0.042141579561618334,12.706204736432095,0.03680510339942254,0.38669522717820326,0.5085972635561864,0.07254034193230015,0.3363909263050808,0.6294674800270814,-0.01549066693211245,0.13433311575578563,0.004789713421689858,0.19388446592450692,-0.005556714867070188,0.2861672411958622,-0.004123451346566758,0.44016388314903004,0.002555294487400811,0.6614289311079893,-0.0010860303438559584,1.364505794256775,0.003300451367338771,-0.002638499314361334,0.11566512228964758,0.1826550319411626,0.05
2.25,955895939,0.052521960940414086,0.1,0.08249612764262211,0.07761880376262095,0.09311922901710001,0.11210372185378409,0.0031843958376093348,0.009382848615861255,0.11635201012390958,0.13433311575578563,0.09975755433808928,0.14769271601669026,0.09700498273513929,2.7764451051977987,0.14983882200060925,-0.16259762835300706,0.6694408994713845,0.11249646236864798,12.706204736432095,0.08396109722427017,-0.08473465201057744,0.2153911179508906,0.1065973125785003,-0.14544084176667954,0.28547990120676486,-0.003855782926799781,0.13433311575578563,-0.00542762447657303,0.19388446592450692,-0.000840137947914283,0.2861672411958622,0.0015782899505166796,0.44016388314903004,-0.0007407105259884171,0.6614289311079893,-0.0030663922681767332,1.364505794256775,0.002291158642788835,-0.0022770271035487902,0.10688850819942566,0.13191218042918013,0.05
2.25,297132410,-0.0906774423646648,0.1,0.08155037833637026,0.11536579238662728,0.13066232471287245,0.08397024847929949,0.0016150905440198478,0.005435912085655451,0.14092871389993258,0.32612014812863077,0.14411058308420105,0.08231146441963005,0.07383510556792555,2.7764451051977987,0.1294141378245855,-0.4512007926231626,0.2674217063897648,0.1390231293760513,12.706204736432095,0.06911515051903057,-0.2131237896361028,0.030650065207838875,0.11335452224135179,-0.3098992688517226,0.11213434882911673,-0.01175181149568597,0.13433311575578563,0.0006522712755064581,0.19388446592450692,-0.006009684343024227,0.2861672411958622,0.0016621781662478695,0.44016388314903004,-0.0004883822582947223,0.6614289311079893,-0.001463872942907488,1.364505794256775,0.013127810565496379,-0.004956885782470788,0.15862150079685858,0.26566455797101457,0.05
2.25,2008078979,0.27003513734990536,0.1,0.06064230252565163,0.0382125960035477,0.03726900527765748,0.04153845691724342,0.00013484159889640178,0.001590601804169286,0.0346604179228714,0.13433311575578563,0.035045791140222646,0.08231146441963005,0.039939941402188324,2.7764451051977987,0.056843793634938224,0.08075914980811072,0.3964064950053068,0.0313463018661866,12.706204736432095,0.035246892257205426,0.21451624984086107,0.3226708189102016,0.05370857854655712,0.15010235810935327,0.34942524797211,-0.005733471651429765,0.13433311575578563,-0.0064140996012790165,0.19388446592450692,-0.003092862578934889,0.2861672411958622,-0.005508961656886027,0.44016388314903004,0.002994600398204029,0.6614289311079893,-0.0009712222379486692,1.364505794256775,0.0014815375756835648,-0.0021490443935770344,0.103784482648546,0.1278049351891837,0.05
2.25,1236846770,-0.13206173062830795,0.1,0.06774482489354908,0.043157799158888746,0.045667098138858005,0.029149361502171182,0.00012097250563269132,0.000728712770351568,1e-150,0.13433311575578563,0.03903542360716467,0.08231146441963005,0.027033661916659762,2.7764451051977987,0.23257082173794366,-0.5587949607237654,0.7326452785285216,1e-150,12.706204736432095,0.024635117517503767,-0.17121645322589277,-0.09201212729332892,0.05402367672076197,-0.23509032594524729,-0.007210459010186953,-0.015695726150152075,0.13433311575578563,-0.009510583606961916,0.19388446592450692,0.004076039316331635,0.2861672411958622,0.0012014292743146831,0.44016388314903004,-0.0009161135579404221,0.6614289311079893,-0.0025266368749228287,1.364505794256775,-0.002353930306651598,-0.001457261678396833,0.08533093645823493,0.13144495200713177,0.05
2.25,1150557542,0.015118888422437794,0.1,0.07031369263832277,0.06320814922194122,0.07117734079564286,0.08192122816717422,0.0012411884831151432,0.0054698991413030746,0.09136035369733851,0.13433311575578563,0.07735304631907629,0.08231146441963005,0.07406556621236933,2.7764451051977987,0.17932564563701803,-0.680528010227522,0.31524761190314543,0.07111776104598146,12.706204736432095,0.06710224593616965,-0.0942243319049882,0.12446210874986376,0.0803987256448331,-0.1766554837922929,0.10331733897651744,-0.014912748990616032,0.13433311575578563,-0.00042001048189039555,0.19388446592450692,-0.008731335732410767,0.2861672411958622,0.0013295198621971688,0.44016388314903004,2.0698413622107655e-05,0.6614289311079893,0.00022529007919679095,1.364505794256775,-0.002384861163261964,-0.001041014129347444,0.0719349622540702,0.11438147806672735,0.05
2.25,1026355232,0.07251149720860385,0.1,0.06734645045131527,0.06382588761220782,0.06311128237155875,0.06429758078834177,0.0004052079079644097,0.003728970987268928,0.06564659404880306,0.13433311575578563,0.06502235393804354,0.08231146441963005,0.061153481994605186,2.7764451051977987,0.04694795344071837,-0.06343164803315103,0.19726518302592233,0.04162110639736515,12.706204736432095,0.05377548676878874,-0.012255193343109108,0.1625285353118473,0.08150193843135678,-0.0618232552634522,0.25102618666003645,-0.004548540527127499,0.13433311575578563,-0.0057445305410524046,0.19388446592450692,-0.0033112419967012007,0.2861672411958622,-0.003853892343392993,0.44016388314903004,-0.0017749658827099133,0.6614289311079893,0.002297940730314783,1.364505794256775,-0.0033566299836657906,-0.0010019914944142134,0.07052466219181629,0.0946081913732862,0.05
2.25,909246002,0.140355805579758,0.1,0.06535519403200478,0.05412397627346904,0.05643248876082829,0.04239289382570203,0.0001602978659099169,0.0016368595810073282,0.03154234698784197,0.13433311575578563,0.05405613695516247,0.08231146441963005,0.0405165446335805,2.7764451051977987,0.09503272823695594,-0.12942495183039893,0.398281354463779,1e-150,12.706204736432095,0.03608046719981926,0.0753148925109777,0.1972418774591177,0.0581553772294217,-0.011396935904076949,0.2159052988450501,-0.009784266526891584,0.13433311575578563,-0.0053558339657230674,0.19388446592450692,-0.0017247673773768365,0.2861672411958622,-0.0016682999543137212,0.44016388314903004,0.0010366633787427168,0.6614289311079893,-0.0011629898774641325,1.364505794256775,-0.005388171171870662,-0.0002828177467093213,0.03765145065494383,0.05123908066764416,0.05
2.25,2135372899,-0.19078818223747274,0.1,0.06918531104999036,0.03851356233673101,0.04198550299370923,0.04883498055674828,0.00021831585933352118,0.0021665394666444612,0.048796197900809975,0.19388446592450692,0.042894341732116203,0.08231146441963005,0.046613315065585595,2.7764451051977987,0.12949406590799,-0.5487071155318066,0.17035921535299342,0.043226064444319354,12.706204736432095,0.03750334556018477,-0.2438453928394006,-0.10846646446497768,0.06505957928426527,-0.332935099285359,-0.098758549837328,-0.010649742879448603,0.13433311575578563,-0.016487081876450458,0.19388446592450692,0.005957735470386662,0.2861672411958622,-0.002889498038781697,0.44016388314903004,0.001726445303613102,0.6614289311079893,-0.002093910819764152,1.364505794256775,-0.0006727223325877157,-0.0016490411979427821,0.09046790167563513,0.1188768816784082,0.05
2.25,894934623,0.14733131051479742,0.1,0.07714184636568856,0.039872395926713475,0.0423873495644581,0.03706394807218859,0.00017351747535621076,0.0012002187713416811,0.04376670557590049,0.13433311575578563,0.04685570345460245,0.08231146441963005,0.034694201413511185,2.7764451051977987,0.18260686304634796,-0.363497040492415,0.6504988216687002,0.033417195998052936,12.706204736432095,0.02972591195498354,0.08572721305542869,0.20893540797416615,0.06343775416784328,0.04325715546583734,0.2500388581283349,-0.012787885581699488,0.13433311575578563,-0.003917217042780446,0.19388446592450692,-0.0019795972633457133,0.2861672411958622,0.00020254950401848404,0.44016388314903004,-0.0016117494598658641,0.6614289311079893,0.0005129003235484527,1.364505794256775,-0.003395888425500577,-0.0008186572105299479,0.06417019773036134,0.08788353608629337,0.05
2.25,2063855486,0.1410947339354791,0.1,0.056447896393822486,0.026909873714676107,0.029344877956140856,0.016177441562394895,8.415268492344824e-05,0.00017755693058125354,0.020202234837750768,0.13433311575578563,0.031361061203066885,0.08231146441963005,0.013344290947849287,2.7764451051977987,0.04697602931180661,-0.010140566306209325,0.25071216698257826,0.012213690302149582,12.706204736432095,0.01208373967480235,0.11666156396931444,0.1586335914123487,0.03732540661920912,0.061233917904746187,0.18316281834074574,-0.014042082729241104,0.13433311575578563,-0.0010086543226536107,0.19388446592450692,-0.004206845429652514,0.2861672411958622,-0.0012567999264671938,0.44016388314903004,0.0006035424317195765,0.6614289311079893,-0.00019991604858806295,1.364505794256775,-0.0038807293153181577,-0.0006692868877067747,0.05799218696254898,0.08797034339862503,0.05
2.25,1479293383,0.22953366702962577,0.1,0.057857666469625695,0.037793337605336035,0.03620234776809172,0.043554026826652166,0.00023381066772388778,0.001663142585092849,0.03367663627390681,0.13433311575578563,0.030012663853814694,0.08231146441963005,0.04084053569151604,2.7764451051977987,0.09199995971801794,-0.04700612942723159,0.4638595462477395,0.026785884848543592,12.706204736432095,0.037106186737809285,0.1631540182631835,0.2993519934866521,0.0428883053150475,0.1670696474018841,0.33679040904625734,-0.01366874957727092,0.13433311575578563,-0.000316975776241263,0.19388446592450692,0.0006110939797259524,0.2861672411958622,-0.002879663004327446,0.44016388314903004,0.0007176436843964263,0.6614289311079893,-0.0006329650340931704,1.364505794256775,-0.0026533828939370088,-0.0008255340277447016,0.06420451612365588,0.07319060568957937,0.05
2.25,1046430772,0.3639628353648525,0.1,0.07250952338954232,0.038187353890405076,0.0361704920000615,0.015272163402562435,7.92812414198926e-05,0.00015395773357467483,0.027371018177039987,0.13433311575578563,0.040812068086041764,0.08231146441963005,0.01242588822268165,2.7764451051977987,0.13387251167961198,-0.12080344840805046,0.6225759111387372,1e-150,12.706204736432095,0.011094019546780057,0.34321440048501567,0.3847112702446894,0.08735191104710663,0.2472948897521024,0.4323248129769227,-0.01887540370765961,0.13433311575578563,0.003432662821133517,0.19388446592450692,-0.0009829939064280786,0.2861672411958622,0.0012116344373675817,0.44016388314903004,-0.001378056419291926,0.6614289311079893,-0.0009567454878299933,1.364505794256775,0.003378746548262369,-0.0024948197733234007,0.1112058565502081,0.1562033359766921,0.05
2.25,546684334,-0.10208317900711547,0.1,0.06387318226452363,0.0420219676829742,0.04444721912339115,0.037764491110981714,0.0002806311991460763,0.0011455255897253407,0.04399295097652876,0.13433311575578563,0.04703566757549977,0.08231146441963005,0.03389448859808484,2.7764451051977987,0.06401562515975057,-0.19774703421856932,0.1577247040433637,0.03447357247022921,12.706204736432095,0.031147394629212188,-0.1566717860440971,-0.04186667666941737,0.05199188652050025,-0.22653982405873138,-0.022168593497965895,-0.01481003874884658,0.13433311575578563,-0.0038906777620743654,0.19388446592450692,-0.0011743463183236829,0.2861672411958622,0.0020633197135758613,0.44016388314903004,-0.0008723156523048188,0.6614289311079893,-0.0012902140761999025,1.364505794256775,-0.00405628710091376,-0.0006093359778844119,0.054888530454389496,0.08379571213882986,0.05
2.25,1768174772,0.05925626497744236,0.1,0.07350120716662441,0.031219017182909557,0.03584215086257212,0.024082638737661984,0.00020318943167569703,0.00037678405689304053,0.02311282991095469,0.13433311575578563,0.0356838946324846,0.08231146441963005,0.01943895645747829,2.7764451051977987,0.03958840838544768,-0.0620876230579017,0.1577424623107937,0.004436475749533371,12.706204736432095,0.014758112333705534,0.0354965991458662,0.08790560323304378,0.08941269151173828,-0.02286593208670268,0.3520679337081783,-0.013229436409456565,0.13433311575578563,0.005708725233437309,0.19388446592450692,-0.0015676019789452587,0.2861672411958622,-0.0059173775789015245,0.44016388314903004,0.0006208968959212788,0.6614289311079893,0.00045278836303959044,1.364505794256775,0.005202539707215311,-0.0030186319331618034,0.12266686119009185,0.19233380902404532,0.05
2.25,700652274,0.19007376411780308,0.1,0.07675924982305417,0.03147137508909258,0.03854185393724756,0.05039772164869823,0.00026977701729055334,0.0022701533300891127,0.05105162789929226,0.13433311575578563,0.04170734534564869,0.08231146441963005,0.047714929182398204,2.7764451051977987,0.14806821286278876,-0.12411741472116511,0.6980891149553861,0.049321261967721026,12.706204736432095,0.04510778550150783,0.11342121428706928,0.26672631394853685,0.08038436935912006,0.10661061621088343,0.47971275016006787,-0.018704977651318358,0.13433311575578563,-0.003081733954795187,0.19388446592450692,-0.0017504155347049903,0.2861672411958622,-0.0018362835349398136,0.44016388314903004,0.0010232319423070188,0.6614289311079893,-0.00014759018091031447,1.364505794256775,0.0014183448190617646,-0.0020752235948918716,0.10182466011068077,0.12059624007578301,0.05
3.125,1958402471,-0.008874602117508151,0.1,0.07902592687895339,0.05117894076153171,0.05232917420204404,0.04720931256583457,0.00018311969062711824,0.0020455995023115478,0.039582900856767314,0.13433311575578563,0.04957187377774736,0.08231146441963005,0.04529361588128579,2.7764451051977987,0.13663352663392153,-0.5322698100135318,0.22644116244379722,0.022473952750047693,12.706204736432095,0.03944442714503152,-0.08661873439136486,0.05673510128254969,0.0741086907855549,-0.11514546081482809,0.153422013668064,-0.00938216637544061,0.13433311575578563,-0.017396932696911317,0.19388446592450692,0.003579925361073876,0.2861672411958622,-0.00031332766329857336,0.44016388314903004,-0.00211955030429126,0.6614289311079893,0.0013849452452491056,1.364505794256775,-0.0012363430678305294,-0.0012753816832013405,0.08018196183513554,0.0953815961896118,0.05
3.125,1004127797,-0.10880253001799929,0.1,0.06205922015015924,0.03850615311610426,0.035314693555932065,0.03261847627875953,-1.9316675795071937e-05,0.00108328167054307,0.027639740048091485,0.13433311575578563,0.034069864703508305,0.08231146441963005,0.03296077278255551,2.7764451051977987,0.18086587060941453,-0.6392956693401739,0.3650326529615208,0.022460136899485672,12.706204736432095,0.030137038271571572,-0.1693870089786276,-0.04821805105737098,0.06188447876169415,-0.18906826576915897,0.03210615073341772,-0.016282455874157952,0.13433311575578563,0.0003053397167459101,0.19388446592450692,0.0019835555055430247,0.2861672411958622,0.0008304113337368932,0.44016388314903004,-0.002921730203017742,0.6614289311079893,0.0006336657234572199,1.364505794256775,-0.0006789952212392891,-0.0012180750497035595,0.07765528692987535,0.10408675800350933,0.05
3.125,1560192098,0.11862551168305081,0.1,0.08410175859469744,0.06203610366031173,0.07544598609858322,0.054891937301857575,0.001426359560206092,0.0015867652205449716,0.06201951733610891,0.19388446592450692,0.0778939904557045,0.08231146441963005,0.039891744098170805,2.7764451051977987,0.06834102379757942,-0.09632462973324582,0.28316557228074546,0.03548133579893989,12.706204736432095,0.04036769488376495,0.04316217598443141,0.1940888473816702,0.12586042945562384,-0.1802924627373831,0.2968529166324478,-0.01941161554885955,0.13433311575578563,-0.005252897607457865,0.19388446592450692,0.0016170038842920607,0.2861672411958622,0.0010738003455714774,0.44016388314903004,-0.002618143736762276,0.6614289311079893,0.0002304582195832004,1.364505794256775,-0.006099861267429532,-0.0004633752089860214,0.048188343868767004,0.06683250182874852,0.05
3.125,1465487706,-0.404657308952983,0.1,0.06626740953100758,0.046597029779041114,0.0474257344218636,0.07180598814149912,2.7134414680300353e-05,0.005128965518296811,0.06771826728372243,0.13433311575578563,0.045839853915995335,0.08231146441963005,0.07172021415236202,2.7764451051977987,0.05153168150337515,-0.5508801764673642,-0.2647304067220485,0.06291406756020401,12.706204736432095,0.06819353291705407,-0.5093071108932864,-0.3060496555727338,0.05957311120239899,-0.5088792027648281,-0.2786060941244254,-0.005062818460819437,0.13433311575578563,-0.0008697807098200555,0.19388446592450692,-0.0030679344284471393,0.2861672411958622,0.00673705316664744,0.44016388314903004,-0.004131458293677052,0.6614289311079893,-0.0026637418872191734,1.364505794256775,0.004693610916915668,-0.002762571461430771,0.11688306710808517,0.18684058834739395,0.05
3.125,872516118,-0.054381550376465394,0.1,0.06807738372174434,0.039830065662668696,0.03817342241700668,0.041579844070239035,0.00016676670648639526,0.0015621167264189971,0.03448182469858832,0.13433311575578563,0.03626863467926561,0.08231146441963005,0.03958069623750497,2.7764451051977987,0.0337893035753354,-0.17510437833540288,0.01252391470416199,0.027076039202262665,12.706204736432095,0.03561559178378371,-0.11032796607557137,0.006194083721922414,0.04540484215790302,-0.1794185584560209,-0.002452459192078151,-0.011801563090052728,0.13433311575578563,-0.0038461695825121787,0.19388446592450692,0.0019037429336636472,0.2861672411958622,-0.0017711675096622433,0.44016388314903004,0.0014605585000123324,0.6614289311079893,-0.0037710199954258893,1.364505794256775,-0.0018822983431419854,-0.0015289553554630217,0.08747613616456995,0.12243157560271063,0.05
3.125,744620567,-0.06464505255163584,0.1,0.06531850721426057,0.06108253629465916,0.06976656026136933,0.05572893241902551,0.0006875449939144395,0.0024181689146498733,0.03513255242658108,0.13433311575578563,0.06648973575610162,0.08231146441963005,0.049245891627107935,2.7764451051977987,0.12466688677286764,-0.5814409227450879,0.11082061237646523,1e-150,12.706204736432095,0.04386022755947009,-0.1446124373247178,0.008604151815094455,0.06488373679914274,-0.20091589476967384,0.05450043825070317,-0.01116789953630324,0.13433311575578563,-0.007137839045516084,0.19388446592450692,-0.003862950299517678,0.2861672411958622,0.0021152083039986946,0.44016388314903004,-0.0021494130368706985,0.6614289311079893,0.0004677581483207957,1.364505794256775,0.0012972529421725752,-0.002043060648058615,0.1006577951251821,0.12988487196226303,0.05
3.125,94707960,-0.07795154675999005,0.1,0.05817899598748744,0.09082212891930545,0.09873496953434856,0.07897078295014541,0.0010418956810852344,0.005194488878673743,0.11461705860869366,0.19388446592450692,0.11597888952904217,0.08231146441963005,0.07217687893163244,2.7764451051977987,0.13997960237842347,-0.5679009406026879,0.20939042309952802,0.08065400373458591,12.706204736432095,0.07181578932533582,-0.18755964345831974,0.031656549938339634,0.10440538852977953,-0.3113723051393316,0.0732193289455535,-0.016377447742156038,0.13433311575578563,0.0017825102517099124,0.19388446592450692,0.005044621811164352,0.2861672411958622,-0.001316901381914905,0.44016388314903004,-0.001156738744454171,0.6614289311079893,-0.0012392673316580043,1.364505794256775,-0.0027117313155328696,-0.0008288429811135769,0.06411445604472293,0.09023081768804883,0.05
3.125,1133947380,-0.25208420172382084,0.1,0.0816130327237474,0.029505813075558423,0.03433082486483036,0.03171789694857433,0.0002906474934017432,0.0007153774934386376,0.04102850184076902,0.32612014812863077,0.037015060622475726,0.08231146441963005,0.02678516489492972,2.7764451051977987,0.0991781961715897,-0.6155384898239942,-0.06481285521807972,0.04166857630062135,12.706204736432095,0.02294916212589912,-0.29807939008875173,-0.2072079249652511,0.0655364132215287,-0.3416957798034767,-0.14056431566761443,-0.015945388704292372,0.13433311575578563,0.0033231570067752095,0.19388446592450692,0.0065230671064916475,0.2861672411958622,0.0017253029697501454,0.44016388314903004,-0.003393241109158572,0.6614289311079893,-0.003232551366343396,1.364505794256775,-0.00401378615677628,-0.0010077844211854672,0.07099173967308899,0.09681077264825481,0.05
3.125,403517150,0.1338483941195519,0.1,0.0674289140040188,0.035434451831604895,0.04217156338750218,0.03647933904930405,0.00025250912457422175,0.0010782330528998577,0.035468351382137005,0.19388446592450692,0.040846868303913285,0.08231146441963005,0.03288387649592986,2.7764451051977987,0.036053057856728556,0.045718494051624106,0.2459171660790782,0.02688148310885922,12.706204736432095,0.02831091399141354,0.08115651027426254,0.18638428663364792,0.061811261151652,0.03125306773349801,0.2751610527054871,-0.007578696796140269,0.13433311575578563,0.00033269318337006903,0.19388446592450692,-0.0016267775544678567,0.2861672411958622,-0.002599398542084526,0.44016388314903004,-0.003131153285188193,0.6614289311079893,0.0023466238696269,1.364505794256775,-0.003878785650754653,-0.0006409920234954259,0.05635185285436587,0.08553377466710294,0.05
3.125,903572253,-0.016854925489062998,0.1,0.077476739736356,0.051228310478762196,0.05341118575951676,0.037749682818045804,0.0002815256805592009,0.0011435128723038615,0.0666004775331299,0.2431366342882323,0.06009459731109005,0.08231146441963005,0.03386469877028068,2.7764451051977987,0.14715178113814065,-0.30912627111528634,0.5079914138089704,0.05314053105835,12.706204736432095,0.028185679283871168,-0.07767763558367385,0.023714146051702273,0.06613456668855683,-0.10502686236202131,0.13792689713863154,-0.02322146626778996,0.13433311575578563,0.0064137957106422455,0.19388446592450692,-0.0014771514796352793,0.2861672411958622,-0.0007204949369171877,0.44016388314903004,-0.001850814483969266,0.6614289311079893,0.0006799303004364326,1.364505794256775,-0.0051349485853644395,-0.0005875706344993456,0.05441516969918966,0.08840026145431236,0.05
3.125,1283461701,0.3889925321975307,0.1,0.05581107871540533,0.05742531046990718,0.05860036516107565,0.06370195231816275,0.00016993967791466454,0.0038879990512308157,0.069767412029941,0.32612014812863077,0.056588049519928595,0.08231146441963005,0.06244386313088228,2.7764451051977987,0.2611099733728574,-0.581922252210768,0.867992762768027,0.06916742327157527,12.706204736432095,0.056743554656064885,0.30506683437274706,0.47182609033576484,0.1494075819184884,0.09006804631350238,0.4588980101632349,-0.011588887089176426,0.13433311575578563,0.005726668383285984,0.19388446592450692,0.0032731204135591106,0.2861672411958622,-0.003736602045783047,0.44016388314903004,-0.0020139912867273664,0.6614289311079893,0.0003594492087167884,1.364505794256775,-0.004012172379424294,-0.0005187405321167803,0.05102322489917151,0.07359066648585141,0.05
3.125,1426568904,0.05530091414461455,0.1,0.08201067541318813,0.06965755633601556,0.08320141821543121,0.11507998076336996,0.0018395974501761482,0.011403804522321453,0.13094316389910596,0.19388446592450692,0.09582692782934399,0.08231146441963005,0.10694280478334818,2.7764451051977987,0.20026737592222343,-0.28988300422234026,0.8221797469977893,0.11083665132001133,12.706204736432095,0.09443114931933522,-0.09001109149384065,0.2115154325695594,0.06895569873313687,-0.04324683343241782,0.21430759700369587,-0.012190636598412694,0.13433311575578563,-0.0031739285334045704,0.19388446592450692,-0.004218121744348897,0.2861672411958622,0.001388021786876865,0.44016388314903004,-0.0021740413621063296,0.6614289311079893,0.0007925644964548345,1.364505794256775,0.00045602120864313416,-0.0017695812579206793,0.09404667584236845,0.14110853402970847,0.05
3.125,34657166,-0.024169691853372536,0.1,0.0872263156546187,0.06642929011514599,0.061445341201975597,0.07979949451743273,0.0002968992912824866,0.006071060033955291,0.08369926639378603,0.13433311575578563,0.06837651089253476,0.08231146441963005,0.07802952293996421,2.7764451051977987,0.11293575746743222,-0.3683963549748316,0.2587235070696843,0.06447683626646533,12.706204736432095,0.07652931856768228,-0.15604158519694422,0.10770220149019916,0.08692682301472911,-0.21031364048935233,0.12042461809520687,-0.011641969492983404,0.13433311575578563,0.013743769356205015,0.19388446592450692,0.0005375359707558495,0.2861672411958622,-0.004096104031765975,0.44016388314903004,-0.0028602792970523383,0.6614289311079893,-0.0005763696595915803,1.364505794256775,-0.00271066735305496,-0.0014434642863728384,0.085009797624907,0.10072971529137513,0.05
3.125,1597043462,-0.15430743597497948,0.1,0.06873681338641503,0.04767026172671491,0.04949317469395904,0.06438531137468644,0.0006405876013124779,0.003504880719502849,0.05546020878201751,0.13433311575578563,0.04638490212107822,0.08231146441963005,0.05928752341399489,2.7764451051977987,0.23617729172170682,-0.8368516179290978,0.47461495319011326,0.04408415274411799,12.706204736432095,0.05451193317879067,-0.23787219620430028,-0.0636108272822021,0.05743164279674129,-0.2552720693450315,-0.050538187201957144,-0.013548022374178788,0.13433311575578563,-0.0048933823692447085,0.19388446592450692,-0.005907724170558096,0.2861672411958622,0.002272711432422952,0.44016388314903004,-0.001959044683128963,0.6614289311079893,-7.60184650752151e-05,1.364505794256775,0.006818061689844754,-0.003790627920617385,0.13786610688466822,0.19320229531801464,0.05
3.125,1808685676,0.387119040389713,0.1,0.07781149212810294,0.06325732555614134,0.07646931826650592,0.06268736787478776,0.002024494975495556,0.0019052111155734173,0.09503168441260036,0.19388446592450692,0.09326531689182495,0.08231146441963005,0.04371175478153278,2.7764451051977987,0.1880467154597611,-0.2994844913100402,0.7447182740635138,0.06648538883151191,12.706204736432095,0.03925231050356779,0.32707415769867443,0.4547463837034325,0.08153752026458817,0.15389914833248364,0.47148487900939295,-0.008210687974987047,0.13433311575578563,-0.003080730882819523,0.19388446592450692,0.005101259340964062,0.2861672411958622,-0.0014534166816004299,0.44016388314903004,0.0013356310700232948,0.6614289311079893,-0.005510694357773713,1.364505794256775,-0.001574587612550176,-0.001621666644134766,0.09014815769292013,0.10575438149422674,0.05
3.125,779204408,0.049256864801578114,0.1,0.08503734535500886,0.06338058944003497,0.07702146745603505,0.0631992040843474,0.0019813019980247136,0.00201283739887028,0.08694506715694524,0.13433311575578563,0.08760306667842467,0.08231146441963005,0.04492944299676955,2.7764451051977987,0.034865817413470244,-0.03293031617547383,0.16067574001722545,0.07070321362475292,12.706204736432095,0.04285353511739594,-0.01592116500356202,0.12076517762138339,0.07771794446696918,-0.1140594773544646,0.1788183116367264,-0.012388262078684603,0.13433311575578563,-0.011665771091802495,0.19388446592450692,-0.0020181420265455684,0.2861672411958622,0.00020439739134729977,0.44016388314903004,-0.0005747787726723182,0.6614289311079893,0.0001400225609125785,1.364505794256775,-0.004006775939114115,-0.0008586796877583908,0.06578991327949829,0.10745169516010096,0.05
3.125,410072089,0.0004973152364296657,0.1,0.06572409832956008,0.0726728806606814,0.07652581927580904,0.03024522629334865,0.00041538969467349706,0.0004993840188623715,1e-150,0.13433311575578563,0.06268250112523426,0.08231146441963005,0.022379171684297625,2.7764451051977987,0.020852746300993954,-0.03393930953139847,0.08185370126325386,1e-150,12.706204736432095,0.019401239990876805,-0.029539882018789564,0.030534512491648895,0.11044556848978337,-0.20092147971542748,0.13033860985832202,-0.011577237668645638,0.13433311575578563,0.0020703444548822777,0.19388446592450692,-0.0027690184276374322,0.2861672411958622,-0.001131915703630592,0.44016388314903004,0.00020438665080505208,0.6614289311079893,-0.0011985090899284247,1.364505794256775,-0.0038524100586747336,-0.0006630435277310263,0.057384510894365796,0.07183586551675986,0.05
3.125,171719112,-0.42015240668098863,0.1,0.062081106742331096,0.03303453210747204,0.03442922405918735,0.04996058062894476,6.622121003926635e-05,0.002429838406742024,0.0500583318732858,0.13433311575578563,0.03747776825894967,0.08231146441963005,0.049364572935423734,2.7764451051977987,0.09301130613099334,-0.8112382093187878,-0.29475663804788677,0.045144721975290354,12.706204736432095,0.04379217119966599,-0.4944822988305589,-0.3480138672086533,0.05598071328483747,-0.5569917469293396,-0.33946642072857763,-0.02682643920014915,0.13433311575578563,0.003495329667707406,0.19388446592450692,0.004040553991303114,0.2861672411958622,-0.00303592220827295,0.44016388314903004,-0.0010467213930612721,0.6614289311079893,0.0012185962497117972,1.364505794256775,0.00043835983858684887,-0.001772948338839305,0.09406974524517678,0.14561921124304975,0.05
3.125,1170365371,0.23827364342794344,0.1,0.07423243582236168,0.0647614755324324,0.05964387402356802,0.06443178920051393,0.00022630567559196995,0.003925149783987493,0.07818976793348446,0.13433311575578563,0.06559406819845136,0.08231146441963005,0.06274148665376866,2.7764451051977987,0.28294327673495845,-1.064805198084433,0.50634775339437,0.06475288389208343,12.706204736432095,0.054244824291258875,0.15722563038551604,0.31981695306211644,0.1759480013879459,-0.37890811993845713,0.31585284834189487,-0.019596225747135276,0.13433311575578563,-0.006748805669801103,0.19388446592450692,0.0012618982547607295,0.2861672411958622,-0.0015877768383977,0.44016388314903004,-0.00012212821424617066,0.6614289311079893,9.108713591149529e-05,1.364505794256775,-0.0031720799998814753,-0.001110343693180402,0.07414041477575282,0.11200165287821068,0.05
3.125,419159951,0.29737523944447125,0.1,0.09141418617930719,0.06977865770607942,0.07408111990364522,0.06839699824110687,0.0010856860061369336,0.003592463362257043,0.07810699693746954,0.19388446592450692,0.07710488993474247,0.08231146441963005,0.06002371368338091,2.7764451051977987,0.09466035569391892,0.019912494014634408,0.5455510564599619,0.05017312435297705,12.706204736432095,0.04822080466378907,0.2126937976259101,0.37680801469202824,0.06837968841961517,0.13873101882288022,0.4015688589891026,-0.017107189907731288,0.13433311575578563,0.001131564609545757,0.19388446592450692,-0.0032020110532660086,0.2861672411958622,-0.0023820458399678385,0.44016388314903004,0.0001851097079188721,0.6614289311079893,0.0002476737823200926,1.364505794256775,0.0033294727737104334,-0.002671823009738811,0.11526372582503748,0.16848642164275052,0.05
3.125,308918932,-0.030936577543279824,0.1,0.06391004756042325,0.0732970475523507,0.06434937791908861,0.07043457541556777,-0.0007010311876238778,0.005662060601595182,0.049876020313592284,0.13433311575578563,0.05221226147936093,0.08231146441963005,0.07535532455370363,2.7764451051977987,0.15298428726613572,-0.3255483556255042,0.5239565954789687,0.03486162494723298,12.706204736432095,0.06920018120034949,-0.1532730113552184,0.09608370435316016,0.11047574214406337,-0.19373099608615799,0.20263852614603103,-0.010675789661127031,0.13433311575578563,0.003841748543756529,0.19388446592450692,0.0056547076198736656,0.2861672411958622,-0.0034885887355677347,0.44016388314903004,-0.003994263974649451,0.6614289311079893,0.0008237161349338955,1.364505794256775,-0.0031483182640382147,-0.0009963166283037605,0.07090111668048313,0.11723199502694877,0.05
3.125,1027747587,-0.3680704868405391,0.1,0.06275686155477808,0.031051702980489326,0.03935475601796042,0.033581284966333884,0.0004321318681163208,0.0006955708318738014,0.03052322864754032,0.13433311575578563,0.04003322319073565,0.08231146441963005,0.026411761626160723,2.7764451051977987,0.13379768445696194,-0.6216241706534047,0.12133968154125835,0.016121330428757748,12.706204736432095,0.020490992746150953,-0.4035950601240128,-0.32912136356206373,0.039250377646224265,-0.4568327046971151,-0.3072818153610982,-0.017496087943531514,0.13433311575578563,-0.008345727051650422,0.19388446592450692,-6.372133761067844e-05,0.2861672411958622,0.0014605044318823782,0.44016388314903004,-0.0030801416603528356,0.6614289311079893,0.0007287324351460902,1.364505794256775,-0.005886918859887046,-0.0006735974309855693,0.0582919171144629,0.09826167580758834,0.05
3.125,1543716309,0.21749184368097274,0.1,0.0686979643531572,0.06446020319547273,0.06484317675062554,0.0588823536330008,0.00033615005577374533,0.0031309815135880177,0.058283924760324186,0.13433311575578563,0.06765009143576356,0.08231146441963005,0.05603597588252621,2.7764451051977987,0.04714238969181234,0.08926696597090542,0.35104348018522447,0.04662446461499973,12.706204736432095,0.04771011518963826,0.13792573504097877,0.3048942629855793,0.08062441549364868,0.08888902286526472,0.3735915701311954,-0.012304074319685953,0.13433311575578563,0.004753289574142658,0.19388446592450692,-0.0009883805750324096,0.2861672411958622,-0.0047520179690680436,0.44016388314903004,0.0001645978160974156,0.6614289311079893,0.0006147595785294484,1.364505794256775,0.0029930939620716962,-0.0022346917608894864,0.10515684893078427,0.1756474732664645,0.05
3.125,2118410899,0.12279829545052931,0.1,0.08485740405921827,0.06872866576648524,0.07071114643545397,0.07385995797057548,0.00045377937483955227,0.005001514016575626,0.07435139303116012,0.13433311575578563,0.07267826129018128,0.08231146441963005,0.07082350781624767,2.7764451051977987,0.07940014602417392,-0.1352102443771761,0.30569004918444015,0.05820325456224774,12.706204736432095,0.06542447287897532,0.003147225207504713,0.23068094736942366,0.0757327466218542,0.006183933168920073,0.3113000960228308,-0.016763581859302105,0.13433311575578563,0.008289602395767117,0.19388446592450692,-0.0036026191831024083,0.2861672411958622,0.004567565136665826,0.44016388314903004,-0.005669000960821064,0.6614289311079893,-4.282183278793498e-06,1.364505794256775,-0.0031989977521685886,-0.0011715364086342802,0.07623981970043534,0.13473106341647564,0.05
3.125,1729184009,-0.1824526125250619,0.1,0.06732700939276626,0.042766156015073144,0.04272047539232147,0.016939864066386336,-4.2520479792055145e-05,0.00032947947437970217,0.02697101507882925,0.13433311575578563,0.0466395478468237,0.08231146441963005,0.018177781140607575,2.7764451051977987,0.1881187991989736,-0.7924941310814966,0.2521089073818589,1e-150,12.706204736432095,0.016111960951110296,-0.21080131944444436,-0.15501452557916567,0.06471816502823716,-0.3107102190496639,-0.07686020236251624,-0.010249011619501596,0.13433311575578563,0.0007028205793711297,0.19388446592450692,0.0028780524852080364,0.2861672411958622,-0.002103955990809695,0.44016388314903004,-0.0016395326273280246,0.6614289311079893,-0.0011785351269964497,1.364505794256775,-0.0019049560649367402,-0.001333172203829632,0.08196128304020023,0.13428902508642357,0.05
3.125,1187426393,0.08825100319382184,0.1,0.05916231960251314,0.038377441393103465,0.034285626385581434,0.024087837139357964,-1.7130989556219268e-05,0.000597354887608452,0.005849428026633038,0.13433311575578563,0.02886738765248991,0.08231146441963005,0.02447613831512628,2.7764451051977987,0.055946994526119696,0.010241920966810703,0.32090943917195686,1e-150,12.706204736432095,0.020501707922744375,0.05701083972584764,0.12123304667689978,0.051670861825947545,-0.010707854400314347,0.1890636325164503,0.0021828608766534924,0.13433311575578563,-0.00038207538787505386,0.19388446592450692,0.0019234538872598245,0.2861672411958622,-0.0015686289653978217,0.44016388314903004,-0.006081748802430179,0.6614289311079893,0.0016005613562463644,1.364505794256775,0.012360108874346904,-0.0047698553893230815,0.15357449012573454,0.2210409566308823,0.05
3.125,650750003,0.016426974916084087,0.1,0.05593852699880413,0.025839239645465393,0.03092860271186796,0.04781363931034522,5.5210359776841004e-05,0.002230933744322949,0.046372344108334414,0.13433311575578563,0.032250813833148956,0.08231146441963005,0.047300967534619896,2.7764451051977987,0.0671789224041047,-0.09965389148803631,0.2733832890746421,0.04348666579994788,12.706204736432095,0.04345975107380645,-0.06558094042337528,0.09765011930341147,0.05818169855064974,-0.017497295654740015,0.20476858023810848,-0.008018844401362597,0.13433311575578563,-0.011827656073962167,0.19388446592450692,0.006035048238412299,0.2861672411958622,0.0032475873821725234,0.44016388314903004,-0.003442895063208145,0.6614289311079893,-0.001631438498657864,1.364505794256775,-0.000649025138470885,-0.0014024920736544588,0.08339638315879813,0.12406374180608429,0.05
3.125,1553919210,-0.030057948154357177,0.1,0.06452229053423636,0.0775370917078126,0.085319007145882,0.10211828576120889,0.00035075281914935183,0.010077391467658566,0.08866851336403743,0.13433311575578563,0.0719873583660562,0.08231146441963005,0.10053117365536239,2.7764451051977987,0.07021482914529216,-0.21919906314605708,0.17069617423943523,0.0819944777626175,12.706204736432095,0.09176900419528423,-0.17344181260688216,0.1179187469105188,0.08808448457769426,-0.1482640691407899,0.19243207651910477,-0.01795693924309383,0.13433311575578563,-0.0028191138906116754,0.19388446592450692,0.0013364673116385947,0.2861672411958622,-0.0012153695471239698,0.44016388314903004,-0.0004358014941791474,0.6614289311079893,0.00046283999636784575,1.364505794256775,-0.0010174610260338072,-0.0011694039882610737,0.0763002067762171,0.09393091798264537,0.05
3.125,1081859724,-0.01630529899089842,0.1,0.0688583588980351,0.07509596585513091,0.07846086964606536,0.0967207510668569,0.0004841196721289279,0.008870784014807974,0.10482615009634398,0.32612014812863077,0.07706041834581895,0.08231146441963005,0.09432084668246468,2.7764451051977987,0.13503625031372332,-0.5789778830902824,0.17086358932532117,0.10437927146812294,12.706204736432095,0.07743049057828273,-0.1783829192713897,0.11213543162943954,0.10893255044939858,-0.3342089482613952,0.07033305219707268,-0.007809025813453448,0.13433311575578563,-0.005625166399973532,0.19388446592450692,0.000525889356675428,0.2861672411958622,-0.0007553627473415925,0.44016388314903004,-0.0014395757740261373,0.6614289311079893,0.0003491181557991271,1.364505794256775,0.00024102212667013987,-0.0014379084461499435,0.08494091920701648,0.10339091900859887,0.05
3.125,1091499338,-0.009512113278870082,0.1,0.05815577020705493,0.02602693235434149,0.030584533523572873,0.02732004202073781,0.00020595356754740256,0.0005404311284674771,0.042126725427960095,0.19388446592450692,0.0379451408713475,0.08231146441963005,0.023280744578838723,2.7764451051977987,0.4444226246228597,-1.772996633747617,0.6948334077989781,0.03881550542963842,12.706204736432095,0.020733968349089475,-0.048257157097894125,0.025429169502125246,0.03980476548393141,-0.12760838961720095,0.03340971109424781,-0.02634762991469009,0.13433311575578563,-0.002054080763741546,0.19388446592450692,0.002438327713972473,0.2861672411958622,0.002333809283290277,0.44016388314903004,-0.001806434966736057,0.6614289311079893,-0.0008512096286445599,1.364505794256775,-0.0047112054115252665,-0.0007000709601280449,0.05946259030098617,0.10230761820078785,0.05
3.125,735005084,-0.0047986384696370975,0.1,0.06451967522468313,0.04880393921722924,0.05041712301992441,0.05192827566462286,0.00023262849923803494,0.0024639173142630274,0.05594053529118218,0.13433311575578563,0.052352729523384496,0.08231146441963005,0.04970954096116908,2.7764451051977987,0.16016783930581055,-0.4016895987290829,0.48770482817236765,0.040738899079683775,12.706204736432095,0.04123602212450682,-0.08426792086901583,0.07467064392974163,0.06567158282508449,-0.08247317858503556,0.15991474297197525,-0.013041487545818034,0.13433311575578563,-0.007378270389430541,0.19388446592450692,0.010213400875103418,0.2861672411958622,-0.004356118837644885,0.44016388314903004,-0.0021512785775668953,0.6614289311079893,0.0006799330746510244,1.364505794256775,0.0011448060005882666,-0.001906009423672424,0.09833560315600896,0.15126099197613246,0.05
3.125,481175188,-0.06598803653844806,0.1,0.06922763478104599,0.04648950109792294,0.06062914734337727,0.048460811692966864,0.001537619496501312,0.000810830773439882,0.05351650346133217,0.13433311575578563,0.06866981187208636,0.08231146441963005,0.028516209688203946,2.7764451051977987,0.09244464389756711,-0.21237515699348686,0.3009598011088207,1e-150,12.706204736432095,0.02679486447317652,-0.11408627221673376,-0.017889800860162376,0.06660831771770821,-0.1569084080458908,0.08911271997299634,-0.00977817541033714,0.13433311575578563,0.01255836931760609,0.19388446592450692,-0.0003914626419401747,0.2861672411958622,-0.001837973480898168,0.44016388314903004,7.922053929836493e-05,0.6614289311079893,-0.003048587694478177,1.364505794256775,-0.004333381939593415,-0.00037655791009743385,0.04326553752763782,0.05876611686278855,0.05
3.125,1056489175,-0.3736481594139389,0.1,0.05809635321275521,0.03355794206636412,0.03839988762182734,0.03482072960135767,0.00036534533743634275,0.0008471378725345233,0.031417184682974254,0.13433311575578563,0.037668603659468045,0.08231146441963005,0.029147662820347517,2.7764451051977987,0.07379373285230398,-0.6747876905962593,-0.2650191938521526,0.019064052314033943,12.706204736432095,0.02612415441764257,-0.42336053328734624,-0.33611732774263614,0.04575884951682065,-0.46870755059918773,-0.2922825049233275,-0.02327975296167493,0.13433311575578563,0.010061740033568415,0.19388446592450692,-0.0002077827806881162,0.2861672411958622,-0.0010117942404235438,0.44016388314903004,-0.00013406321743589353,0.6614289311079893,-0.000793100595247754,1.364505794256775,-0.003237898407753488,-0.0006454341965821406,0.05670610426670797,0.08042368836667511,0.05
3.125,333716442,0.17112614423220124,0.1,0.07294099760533626,0.04458086125726139,0.04673620842174263,0.04187367707002113,1.8809537979488922e-05,0.0017345952933849244,0.03347662912651332,0.13433311575578563,0.04183432777795316,0.08231146441963005,0.041708615112224456,2.7764451051977987,0.1964121743681674,-0.23278729617686938,0.8578679440746406,0.021261919107348315,12.706204736432095,0.03619559829424486,0.1081417444156101,0.2332772096485933,0.05600585341565602,0.09146469364173905,0.31198857891511567,-0.02196724895690694,0.13433311575578563,-0.009178206614998534,0.19388446592450692,0.006702678704953192,0.2861672411958622,-0.002511445640167051,0.44016388314903004,-0.00011797169982775374,0.6614289311079893,-3.0081809653114985e-05,1.364505794256775,0.006127782160356023,-0.0033115490809213087,0.1283622965339468,0.2034521613856122,0.05
3.125,1563530807,-0.04400653040550899,0.1,0.0634622268410226,0.03351918664702043,0.0439027215887911,0.02549051949419152,8.61205971746245e-05,0.0005636459869091335,0.020158369492951637,0.13433311575578563,0.04308427074948099,0.08231146441963005,0.023775513066038756,2.7764451051977987,0.05055204220619614,-0.23522377927545446,0.04548616100683715,1e-150,12.706204736432095,0.024066941962234224,-0.07997639385776303,-0.009302630098111844,0.03556029950504473,-0.09935211286421412,0.029273075156878107,-0.01789295955338017,0.13433311575578563,-0.0015837308411578558,0.19388446592450692,-0.0022061939193219393,0.2861672411958622,0.006113439802450164,0.44016388314903004,-0.0023795726100034973,0.6614289311079893,-0.0030596192302321298,1.364505794256775,0.0009442381654917772,-0.002246295781076358,0.10592352177292262,0.15736793360036494,0.05
3.125,572927474,-0.4256170745046444,0.1,0.087782455303022,0.06387647936858526,0.06460131655994614,0.06273110312583509,0.00018162873054670698,0.00375356256883745,0.05803720813361063,0.13433311575578563,0.06438741960911899,0.08231146441963005,0.061354796190421765,2.7764451051977987,0.04382052437171789,-0.5728306781348828,-0.3295001173367688,0.03215326640466315,12.706204736432095,0.058274110658893555,-0.5158334282032321,-0.329739703746828,0.0860599883589881,-0.572681068701859,-0.22598848941575356,-0.011148366352169467,0.13433311575578563,-0.005182330072671011,0.19388446592450692,-0.002313171891134778,0.2861672411958622,0.004301893823871227,0.44016388314903004,-0.003087174286103772,0.6614289311079893,-0.0019659792720320116,1.364505794256775,-0.0006815410523223558,-0.001961077112100194,0.09924819221627769,0.13779685507187697,0.05
3.125,21524178,-0.24680584487160862,0.1,0.06150479241396321,0.05526993232122375,0.05502159315895156,0.028055886298557885,4.621642595160468e-05,0.0007409163300460034,1e-150,0.13433311575578563,0.03872195161185473,0.08231146441963005,0.02725908484748593,2.7764451051977987,0.056352966844529534,-0.4847401645767624,-0.17181832665902663,1e-150,12.706204736432095,0.02488765892433956,-0.29029709269468795,-0.20331459704852925,0.06504666193669312,-0.417445202267755,-0.16625546896996898,-0.019026906484786138,0.13433311575578563,-0.010632221335015296,0.19388446592450692,0.0013678426492037513,0.2861672411958622,-0.0016862633855406473,0.44016388314903004,0.0009165317763610045,0.6614289311079893,-0.0003817842934135883,1.364505794256775,-0.0013215364566509663,-0.0015763270646171159,0.08842044904510071,0.11995578913937582,0.05
3.125,1672225398,0.3423745767240811,0.1,0.0808273140805815,0.06651717392290063,0.07209675108350096,0.08501882736073187,0.0008929032301352863,0.006335297775658643,0.11248008077433962,0.32612014812863077,0.0764048943623266,0.08231146441963005,0.07970952192076458,2.7764451051977987,0.1251669406967172,-0.1384517342958383,0.556586545364129,0.11367828359363744,12.706204736432095,0.0731440808735702,0.21575929813034497,0.4656740387420256,0.08191283496499129,0.10229469851128797,0.4082368999000306,-0.01331381337452801,0.13433311575578563,0.00013123926156827993,0.19388446592450692,-0.0008254416141684084,0.2861672411958622,-0.000423579963674045,0.44016388314903004,4.514417968989271e-05,0.6614289311079893,-0.001606233881830778,1.364505794256775,-0.0012969676775204518,-0.0012923459971924695,0.0805970590184337,0.10919780915976886,0.05
3.125,1741879334,0.2815030676245882,0.1,0.06654484079214322,0.052443443545947474,0.054683986321217286,0.026442783556768514,0.0003483180448845694,0.000350902757345538,0.008341407710053254,0.13433311575578563,0.05350720256504949,0.08231146441963005,0.018759449010151003,2.7764451051977987,0.06704659720046635,0.03896518118787154,0.41126757442267803,1e-150,12.706204736432095,0.01678727702251614,0.25126114735801663,0.3082997750264829,0.05601223959769644,0.19000990814390759,0.4061455711603863,-0.01732465651488906,0.13433311575578563,-0.006382746842851378,0.19388446592450692,-0.0015908350526129941,0.2861672411958622,-0.0006868568875130124,0.44016388314903004,-0.00030885916104686717,0.6614289311079893,0.0005652805806312397,1.364505794256775,-0.002467373737549325,-0.0011491416858592281,0.07588605665250843,0.10393492561172857,0.05
3.125,1505353018,-0.053835426817283656,0.1,0.06729400645125694,0.07318817130459973,0.07461334275247697,0.02399728945655995,0.0003113423178930253,0.0002645275833688981,1e-150,0.13433311575578563,0.06598543741030882,0.08231146441963005,0.01628779033376441,2.7764451051977987,0.06196030842903242,-0.14815712476186826,0.1959016653467977,1e-150,12.706204736432095,0.014618649855109753,-0.07496680372797225,-0.026723447671820916,0.09907957045802915,-0.2592541950198228,0.10147224028790883,-0.00430117429266843,0.13433311575578563,-0.0005761435962146367,0.19388446592450692,0.0015069950852338182,0.2861672411958622,-0.006205641728178089,0.44016388314903004,0.00012143087964078889,0.6614289311079893,-1.8231542674520496e-05,1.364505794256775,-0.0054582959804891544,-0.00028509772120912025,0.03801743534080685,0.06428502985265361,0.05
3.125,110095625,-0.12154678947888785,0.1,0.07172223456827416,0.10515818195317614,0.1090649936087696,0.09524878956017527,0.0016391040842932709,0.007433227828385281,0.16047128576446879,0.32612014812863077,0.12763593135200127,0.08231146441963005,0.08634066912995494,2.7764451051977987,0.08229710283991852,-0.4291880985132188,0.027798678190484455,0.16355033110579217,12.706204736432095,0.07806588254151153,-0.2749905096059387,0.03189693064816298,0.11810533904230801,-0.388038573682354,0.030549567398893935,-0.010045717443995326,0.13433311575578563,-0.00015499483492183066,0.19388446592450692,-0.004122326058999846,0.2861672411958622,-0.0022521434841888837,0.44016388314903004,-0.0017783292338974367,0.6614289311079893,0.0022971197555682592,1.364505794256775,-0.0003965376119555924,-0.0014165074687932293,0.08416843146176049,0.095511586401864,0.05
3.125,373334581,0.16064914657658957,0.1,0.06660840631500811,0.08806861603965549,0.08793329606015278,0.054369438056123945,1.9948005871755874e-05,0.002936087788666943,1e-150,0.13433311575578563,0.07963868108776491,0.08231146441963005,0.05426392532359186,2.7764451051977987,0.11810816460085388,-0.02336704949739965,0.6324746214824737,1e-150,12.706204736432095,0.0472361832994029,0.07606081525845562,0.23406420840520506,0.1250239146189012,-0.00613690873176755,0.3955193979422681,-0.00849907958055759,0.13433311575578563,-0.003297226007145616,0.19388446592450692,0.007324747065974655,0.2861672411958622,-0.00621799234151453,0.44016388314903004,-0.002565677663247444,0.6614289311079893,0.001974372156612103,1.364505794256775,-0.0027018098621946715,-0.0009401517152312239,0.06886898648851512,0.10641238608135846,0.05
3.125,146608347,-0.38098126621622563,0.1,0.06529011329949896,0.03816262388888238,0.03765094140998805,0.04414612638962197,0.00013138376057964083,0.0018174967146288362,0.04897523038504066,0.32612014812863077,0.03695508433980789,0.08231146441963005,0.04269367160724121,2.7764451051977987,0.06255760229706374,-0.5095554152450452,-0.1621799178638588,0.05296992846404926,12.706204736432095,0.03500164526813562,-0.44359620853778386,-0.31781048698611514,0.06336142315915641,-0.44421948482610035,-0.2512724536230866,-0.011172750208400216,0.13433311575578563,-0.0050421761679045225,0.19388446592450692,0.00133438039905289,0.2861672411958622,-0.003665759768209902,0.44016388314903004,0.0014748512456453128,0.6614289311079893,-0.0011517426896696537,1.364505794256775,-0.0020340264990229995,-0.0011236377415270438,0.07479035999737896,0.09913598517471656,0.05
3.125,525303892,0.1217676152641501,0.1,0.07352397201589997,0.0964929595805538,0.1024932944938529,0.09823617994380139,0.001457856136191463,0.008192490913759462,0.11272163804567842,0.13433311575578563,0.11139103850146757,0.08231146441963005,0.09064308375801981,2.7764451051977987,0.11501588585938269,-0.29172223776500494,0.34694834886353865,0.09845283251295665,12.706204736432095,0.0843709981882867,-0.019642618326157282,0.25782859244152473,0.13183911022344771,-0.20522049650564883,0.33059956769342796,-0.015205712201478653,0.13433311575578563,-0.009362559732731401,0.19388446592450692,0.0034328245437363217,0.2861672411958622,-0.002430895353918073,0.44016388314903004,0.001245281076986027,0.6614289311079893,-0.0004274555122304042,1.364505794256775,-0.003806987612591869,-0.0004694039057364262,0.04865407010433572,0.07729683348965335,0.05
3.125,1912383414,0.03906092481455193,0.1,0.08407361807506265,0.10409741463043924,0.12063533505905999,0.14747766732039289,0.003486971540801336,0.018262690817463147,0.13450613771920755,0.13433311575578563,0.12509614024886653,0.08231146441963005,0.13533467094897078,2.7764451051977987,0.20447281583408458,-0.23156806674323366,0.9038470305938766,0.10737845947025201,12.706204736432095,0.12640169177101257,-0.15796874386482923,0.24661607295540677,0.10197317919608304,-0.10012078206608108,0.3117204258657579,-0.014201779110813812,0.13433311575578563,0.0023087077389431884,0.19388446592450692,0.0022483723453962613,0.2861672411958622,-0.00011634260518708575,0.44016388314903004,-0.002998332725526842,0.6614289311079893,-0.0003190923676357341,1.364505794256775,-0.004306035802425001,-0.0006613372072201767,0.05725499605068194,0.08505850273591334,0.05
3.125,1855480146,0.2727720599481886,0.1,0.0750391931178509,0.06189611854499962,0.06818094774460792,0.047827624937818204,0.0003301076515440861,0.001957374055648524,0.052700870810587615,0.13433311575578563,0.07316097254067397,0.08231146441963005,0.04430610799989519,2.7764451051977987,0.1641307652491602,-0.33479111391007155,0.5766090056667281,0.024843669936968748,12.706204736432095,0.042155330766495844,0.19662534744678306,0.34481634634720487,0.07659668982084612,0.10872495583579705,0.36590599640688254,-0.016510735063141664,0.13433311575578563,-0.0018312230330907247,0.19388446592450692,0.000341766024573941,0.2861672411958622,-0.0003493885775933503,0.44016388314903004,-0.0015105841194027927,0.6614289311079893,0.0002602336055504504,1.364505794256775,-0.003715507240813895,-0.0007384287023263076,0.06080687451335653,0.07522998106197117,0.05
3.125,529122460,0.0987094706964081,0.1,0.0743907852168358,0.06905819886099014,0.07278503765151839,0.033334231275866356,0.00041864597862072573,0.0006925249961322211,0.04286306962318677,0.32612014812863077,0.07432460586414126,0.08231146441963005,0.02635387093885988,2.7764451051977987,0.2505541359822584,-0.588317731935896,0.802981876934114,0.04909204655393636,12.706204736432095,0.021560749927571416,0.06433555920554415,0.13629576067750396,0.07326322099334512,-0.016008188422819356,0.2689947551495788,-0.013442773532260189,0.13433311575578563,-0.0017036448179376714,0.19388446592450692,-1.4685370514439345e-05,0.2861672411958622,-0.001510242843539097,0.44016388314903004,-0.0010346729817271641,0.6614289311079893,-0.0007525947936099538,1.364505794256775,-0.00501627888424428,-0.000747986646354585,0.060850770730864534,0.08773516396213261,0.05
3.125,744765565,-0.2217131454500998,0.1,0.08601119193003688,0.05497496024819835,0.06119616817692729,0.05961255723767431,0.0007188979154983816,0.002834759064916614,0.07766852807088624,0.32612014812863077,0.06860862260062438,0.08231146441963005,0.053319339926437,2.7764451051977987,0.03999361399017866,-0.36680070202681936,-0.1447205544224159,0.08011466535381793,12.706204736432095,0.047614740345456166,-0.3049526029369065,-0.14374862990448434,0.06774367673719572,-0.33368994171817623,-0.058682537181434596,-0.01664918394519782,0.13433311575578563,-0.003345502855559657,0.19388446592450692,-0.002575390011645795,0.2861672411958622,0.003276912951038221,0.44016388314903004,-0.002959842402881086,0.6614289311079893,2.14218046249266e-05,1.364505794256775,-0.004475718151960111,-0.0007799746477235985,0.06226787936670151,0.08126381056077804,0.05
3.125,736455344,0.26771740486709794,0.1,0.0905350805740164,0.09490681132494198,0.10767711138508813,0.1509649796242122,0.002037727999359454,0.02075269707357935,0.1458536014931272,0.13433311575578563,0.09770616875395233,0.08231146441963005,0.14426599033332696,2.7764451051977987,0.11891520640226302,-0.05578221894624197,0.6045408665520562,0.13026407666845774,12.706204736432095,0.11790393429096707,0.04652685539634083,0.47764652650873357,0.11731532201119756,0.08391106296623557,0.5210077302033773,-0.021120424568684137,0.13433311575578563,-0.0008977752047529342,0.19388446592450692,0.0005740149763266649,0.2861672411958622,-0.0011405428626226747,0.44016388314903004,-0.0009683617652972717,0.6614289311079893,0.0001214431178757442,1.364505794256775,-0.005197610842342547,-0.0006198616472439684,0.055616311451113565,0.08738757433791429,0.05
3.125,1891264069,-0.23671087937839502,0.1,0.07066943971177349,0.06040286975314686,0.06040740044840862,0.025077754976236176,0.00012044703930712405,0.0005084467553410142,1e-150,0.13433311575578563,0.0510232100636749,0.08231146441963005,0.02258132535157997,2.7764451051977987,0.0915667966583622,-0.48553656684374646,0.022923801917757364,1e-150,12.706204736432095,0.018250174090247127,-0.2742127433196725,-0.20532902059103705,0.11340748962924489,-0.4221429172200742,0.019589569835111814,-0.020553121161298524,0.13433311575578563,0.0033424365148246524,0.19388446592450692,-0.008005137197903365,0.2861672411958622,0.004444504936877885,0.44016388314903004,-0.002432946832900178,0.6614289311079893,-9.277739928594741e-05,1.364505794256775,0.0031417643989308935,-0.0026826795139220923,0.11543114075038857,0.17412515646068938,0.05
3.125,1639120805,0.0038802507969440975,0.1,0.0588600858164715,0.030553424606552474,0.027415902510030593,0.026803338158273692,-0.00016900939422917483,0.0008874283306559453,0.024306733522427612,0.13433311575578563,0.025950710193192013,0.08231146441963005,0.02983275301444448,2.7764451051977987,0.12705506713881473,-0.47848895412806547,0.22703388436821428,0.01759707332918862,12.706204736432095,0.02840797543378041,-0.050954686946945035,0.05871518854083323,0.03415431027899768,-0.05813598722895609,0.07545847629622138,-0.013525865632294642,0.13433311575578563,-0.0016046010590061318,0.19388446592450692,-0.002846454777374035,0.2861672411958622,0.001955801885644743,0.44016388314903004,-0.002363521241170433,0.6614289311079893,0.00048363225277050115,1.364505794256775,0.00415454768701106,-0.002536973161920818,0.11243906423212002,0.17479047170207704,0.05
3.125,1720518923,-0.22658082549293146,0.1,0.075484715161915,0.0739936511444978,0.0827216968235549,0.07322689813154046,0.0009264133343464872,0.004435765275620516,0.0485726492568072,0.13433311575578563,0.07463466878250703,0.08231146441963005,0.06669771665113365,2.7764451051977987,0.09759122646975761,-0.48822596507436933,0.0536874010100474,0.02222904299896616,12.706204736432095,0.05760578398247925,-0.3441320498778343,-0.10896559510432896,0.08868086475447642,-0.3794814444089666,-0.040580612474433835,-0.022830884041983333,0.13433311575578563,-0.0038367979588344765,0.19388446592450692,0.0013966772067907298,0.2861672411958622,-0.0006393905476411782,0.44016388314903004,-0.00045138571042720865,0.6614289311079893,0.00030981853279010675,1.364505794256775,-0.0031921382972389125,-0.0009077213287489464,0.06712813382564896,0.08676693253762237,0.05
3.125,1137281331,-0.28537004752618556,0.1,0.061183347717923664,0.05588326306000777,0.06279031575598079,0.0887910418721781,0.000645421253158941,0.007238427863587943,0.08190412703857647,0.13433311575578563,0.057858307893523774,0.08231146441963005,0.08520180852148863,2.7764451051977987,0.28265071050032686,-1.2484212970764317,0.3211070662221935,0.06988878320013367,12.706204736432095,0.0823557425753564,-0.41340955009226077,-0.15733054496011037,0.059919237251266494,-0.39007201952059445,-0.14553353209629374,-0.007435728799555637,0.13433311575578563,0.011185448774372334,0.19388446592450692,0.006226614472864077,0.2861672411958622,0.0013190182128847239,0.44016388314903004,-0.004498126503823985,0.6614289311079893,-0.00345962410701047,1.364505794256775,-0.0015851812966884693,-0.0012653170514635912,0.07957475272441784,0.1188577467549535,0.05
3.125,466389680,-0.23331140279662865,0.1,0.08045880497963788,0.127389221844532,0.12799321084498125,0.0995638279191669,0.00045965865641499695,0.009453297173502483,0.12434881798770872,0.13433311575578563,0.13862790895378146,0.08231146441963005,0.09736846944280268,2.7764451051977987,0.09699085352987087,-0.5332679392739303,0.005311621790002885,0.05233097269421931,12.706204736432095,0.08288807284511135,-0.3699612329546613,-0.09666157263859596,0.12227121389053709,-0.4844674964183812,-0.06507518365765673,-0.021244502850925884,0.13433311575578563,-0.001679201916730768,0.19388446592450692,-0.0009741288153887717,0.2861672411958622,0.0013686103785815913,0.44016388314903004,-0.0008325406860330818,0.6614289311079893,-0.0004730751267791868,1.364505794256775,-0.003977319079127271,-0.0007517185064300878,0.06140633633245713,0.06612340143494654,0.05
3.125,784667901,-0.1057718329691297,0.1,0.07410704316450924,0.07656850678078823,0.10480763300515918,0.10487035229447576,0.003372475942509531,0.0076253148478579265,0.1085310850341212,0.13433311575578563,0.1063873335861343,0.08231146441963005,0.08744914710891792,2.7764451051977987,0.17891775955795786,-0.31665977667662465,0.6768508988386728,0.10517176413655789,12.706204736432095,0.07484417128679777,-0.27317246129223083,0.01474757369281411,0.18566460423693673,-0.17655306815767333,0.5801816910033294,-0.007413571177096565,0.13433311575578563,-0.005317135791042053,0.19388446592450692,0.0002317021832418653,0.2861672411958622,-0.002915198521770046,0.44016388314903004,-0.0032302684494360983,0.6614289311079893,0.0022344415490406274,1.364505794256775,-0.0030390591915659525,-0.0011175321355901908,0.07473156350117917,0.0987810658376461,0.05
3.125,633613159,0.0008063342578829014,0.1,0.06915589453809291,0.05588791748072423,0.0566872924451099,0.04307057954578257,0.00015402915440841398,0.00170104566800117,0.03195115043566536,0.13433311575578563,0.05232115201133729,0.08231146441963005,0.04130329266487976,2.7764451051977987,0.0831535626884452,-0.22756575793465506,0.23417684627752894,1e-150,12.706204736432095,0.038895047762981264,-0.06905046857261465,0.07066313708838046,0.09238830535999708,-0.2209319478582351,0.09427253885406478,-0.011008922866399061,0.13433311575578563,0.0015698220137205874,0.19388446592450692,-0.0040958532318745924,0.2861672411958622,0.0005815535817257552,0.44016388314903004,-0.005078547855295968,0.6614289311079893,0.0032493143027652817,1.364505794256775,-0.0028917467145471317,-0.0009243068680787869,0.06827360900939829,0.11404435002198368,0.05
3.125,675812342,-0.09107573539089994,0.1,0.06844847095371565,0.04313470835639845,0.04715951346050963,0.04218198414054612,0.0001379257899100253,0.001641393996123259,0.04099836184784422,0.13433311575578563,0.04756776545023882,0.08231146441963005,0.04057262512343579,2.7764451051977987,0.17421425808994695,-0.7283195993983492,0.23907304886064915,0.025095057517400328,12.706204736432095,0.03554766473731707,-0.14537862268556598,-0.03630742580095703,0.07422590542406317,-0.24481311870054145,0.05288005093327781,-0.011332068749941226,0.13433311575578563,-0.003055182262105696,0.19388446592450692,-0.0031099115877033065,0.2861672411958622,-0.0023796306916158915,0.44016388314903004,-0.0011364098043318126,0.6614289311079893,0.0016198643605813735,1.364505794256775,-0.0036228059080903735,-0.0007881164442193209,0.06283465428377023,0.08491799365134645,0.05
3.125,936112360,-0.48036585231794804,0.1,0.06549439058686779,0.03745592457493069,0.039391870334749966,0.04258043365553855,0.00022351675772035043,0.0015895765725733695,0.03539869669705417,0.13433311575578563,0.035177308854569746,0.08231146441963005,0.039927067567218394,2.7764451051977987,0.07182474727394329,-0.5781423520772928,-0.17930741607567524,0.030634690276826353,12.706204736432095,0.035909293629979265,-0.542098181500387,-0.4186335231355091,0.06235825401721862,-0.554364552241556,-0.34805106630038923,-0.009441983957407417,0.13433311575578563,0.002284016549514087,0.19388446592450692,0.007974358152445762,0.2861672411958622,-0.0008405762106118395,0.44016388314903004,-0.0007309531888963178,0.6614289311079893,-0.004798447750635429,1.364505794256775,-0.0018878624166876925,-0.0012639224521452045,0.07968151783930168,0.11734316148732825,0.05
3.125,360526410,0.2504152159704799,0.1,0.07763048767252106,0.06261828436164636,0.06531003863483248,0.08410638790078202,0.00042027968793633417,0.006653604797780478,0.0810857743349655,0.13433311575578563,0.0628093507169312,0.08231146441963005,0.08168742173340009,2.7764451051977987,0.07556504352198609,-0.003444367339663884,0.41616002308169,0.07159072340565885,12.706204736432095,0.07280779271997853,0.10470625070452988,0.3886011132540318,0.06385143750312858,0.1531827236341027,0.38168153127184157,-0.015217307987057492,0.13433311575578563,-0.010359604324804662,0.19388446592450692,0.0023315574847165036,0.2861672411958622,-0.0017529605868981874,0.44016388314903004,0.0003328068597752466,0.6614289311079893,-0.0004426799035299446,1.364505794256775,-0.005703896246570387,-0.00034656942217400167,0.04155739540502538,0.06789871657148518,0.05
3.125,664026082,-0.1867708330654913,0.1,0.06786009607517245,0.06008488491875989,0.06471635475628805,0.08094674261711496,0.00015312004704468073,0.006399255093276775,0.07749845279627514,0.13433311575578563,0.06662910109827275,0.08231146441963005,0.08011086100020247,2.7764451051977987,0.10315045635432313,-0.4009615807826271,0.17182157850513213,0.06545772442792998,12.706204736432095,0.07395647300231363,-0.3143443967323363,-0.06423260892045458,0.08316858674517504,-0.3467700823859252,-0.011877771350753692,-0.010812624450679816,0.13433311575578563,0.0034865745245750623,0.19388446592450692,-0.001134264551372883,0.2861672411958622,-0.002434854887169802,0.44016388314903004,0.0014618338164967893,0.6614289311079893,-0.0023449287244253587,1.364505794256775,-0.0015870918963308332,-0.0011608443063819327,0.07639088873556094,0.09152562632970636,0.05
3.125,1147612966,0.04952274781982981,0.1,0.07650639341697003,0.057207996343042716,0.052134038550900805,0.0478026234303224,0.0006802721225616895,0.0016048186842595184,0.025418020213233132,0.13433311575578563,0.04756982539683304,0.08231146441963005,0.040118036947852855,2.7764451051977987,0.025209781199661527,-0.02274789389562651,0.11723925333418897,1e-150,12.706204736432095,0.03239778996729487,-0.009372574738959458,0.10778810577733275,0.09775811391194249,-0.230252401029886,0.15117411969577924,-0.004861335974598666,0.13433311575578563,0.003945757027357611,0.19388446592450692,0.0028724599870374903,0.2861672411958622,-0.005884110309825855,0.44016388314903004,0.0007656963235490068,0.6614289311079893,-0.0031180868036399176,1.364505794256775,0.013718963638524055,-0.005377490352563646,0.16460750325480422,0.2673796040944199,0.05
3.125,646488079,0.10985457027183879,0.1,0.07947601829450968,0.09501095886731804,0.08791527711191738,0.10716251600296112,-0.0004889962968070132,0.011972801132891911,0.10839596287644972,0.19388446592450692,0.08508894665737463,0.08231146441963005,0.10957830352936777,2.7764451051977987,0.2450103364226367,-0.9826195782108449,0.3778959203561463,0.08302796589363214,12.706204736432095,0.09624213380280251,-0.0485477052997439,0.2868568233707397,0.13971962724638304,-0.2732777702965616,0.2081502490410554,-0.021596980563049074,0.13433311575578563,0.009582025350313925,0.19388446592450692,-0.004857281750148563,0.2861672411958622,-0.0004396785161036636,0.44016388314903004,0.002714567859761788,0.6614289311079893,-0.004220813532457951,1.364505794256775,-0.00019141198283392972,-0.001995431059963087,0.09997619267608021,0.12433968548084824,0.05
3.125,340887250,0.12702936731691788,0.1,0.07342479509370232,0.05755617915084236,0.06397558446894051,0.07365257287376697,0.0005709518524599339,0.00485374963846562,0.08742679852608258,0.13433311575578563,0.07271421595055655,0.08231146441963005,0.06976946192003686,2.7764451051977987,0.06981231315934769,-0.08633962827340136,0.3013204820342122,0.08238382651196373,12.706204736432095,0.05982066270042273,0.01862881501388352,0.23440778252047112,0.09716870627142792,-0.12772319139613109,0.24496151969663676,-0.013337009272288251,0.13433311575578563,-0.003319693059334086,0.19388446592450692,-0.000308520430227828,0.2861672411958622,-0.005021328775426389,0.44016388314903004,0.0023169803840679486,0.6614289311079893,-0.0009147637446405531,1.364505794256775,-0.005658603549243517,-0.0003940284607393149,0.04424383945017097,0.06609539258437837,0.05
3.125,393912183,-0.2249660883341565,0.1,0.07048149301604692,0.04934601387873775,0.05749167527477189,0.03997751302366625,0.0009653887152172328,0.0006328128323401716,0.03994970675972907,0.13433311575578563,0.06016017013940823,0.08231146441963005,0.02519209739505554,2.7764451051977987,0.15800920553193545,-0.5857458659506186,0.2916619046000517,0.02318448619816304,12.706204736432095,0.02273423280209774,-0.26742746591881755,-0.18250471074949545,0.0795010034958907,-0.2868752463975376,0.012168511902367117,-0.017932853049709655,0.13433311575578563,0.0025387403665585308,0.19388446592450692,0.0014274794992693409,0.2861672411958622,-0.0009099016333871684,0.44016388314903004,-0.0018131179444424567,0.6614289311079893,0.0003173706424235901,1.364505794256775,-0.002612728291917074,-0.0009346988764569937,0.06831901469951372,0.09832734671895482,0.05
3.125,1921683344,-0.0027732779017783267,0.1,0.05711424210778334,0.0564260537126071,0.05742488872597624,0.025494058854288303,4.788816423507026e-05,0.0006020588726308456,0.016807587942703595,0.13433311575578563,0.05659782255687567,0.08231146441963005,0.024572320345787883,2.7764451051977987,0.11065128429852053,-0.24514161212077917,0.3692928212281756,1e-150,12.706204736432095,0.018982985840665538,-0.038412993397370206,0.02959998987201215,0.11185439624255851,-0.09995671611751944,0.33442541879760745,-0.011733908787568893,0.13433311575578563,0.003126777167584162,0.19388446592450692,-0.002047384167946684,0.2861672411958622,0.001380094287453006,0.44016388314903004,-0.0021142984761268985,0.6614289311079893,-0.00033163950268525876,1.364505794256775,-0.004761493739582493,-0.0001802252566606176,0.030103911776965427,0.04586060547359074,0.05
3.125,1908526400,0.11125101869907891,0.1,0.05289001344125381,0.037345452908226835,0.037265085889064305,0.03767547823892609,9.176983964323104e-05,0.0013276718208885625,0.03953649831610996,0.13433311575578563,0.038804790817908996,0.08231146441963005,0.03648984821403122,2.7764451051977987,0.08893617314051304,-0.06514071503813912,0.42871209014386363,0.02493464147925888,12.706204736432095,0.03141623524984517,0.057937761415285956,0.1636592266082626,0.043467274478116845,0.019398271700297308,0.18040960571862943,-0.007744938719063089,0.13433311575578563,-0.004683216825480814,0.19388446592450692,-0.0027804958715929393,0.2861672411958622,0.0003412962140780043,0.44016388314903004,-0.002269365640660066,0.6614289311079893,0.0006426672218983543,1.364505794256775,0.011160604740952004,-0.004411715558114067,0.1481397185439874,0.20330501310230809,0.05
3.125,1192795891,0.26406408517947355,0.1,0.0754317908745541,0.08836289427234706,0.09031080219692296,0.0458412987034024,0.00022860515086121566,0.0018728195159533473,0.012733839235449747,0.13433311575578563,0.08564939986799162,0.08231146441963005,0.04333857737767639,2.7764451051977987,0.34851038110093707,-1.0549345467997069,0.8803053366369255,1e-150,12.706204736432095,0.0359390141390854,0.192689871100456,0.3354382992584911,0.10662087213219068,0.06758469466663986,0.433172121581781,-0.00957858676103831,0.13433311575578563,-0.009749752317089012,0.19388446592450692,0.004018477738510519,0.2861672411958622,0.00038491182869432647,0.44016388314903004,0.0017687170372849821,0.6614289311079893,-0.005381632293217306,1.364505794256775,-0.0036370532532298103,-0.0010592278627240825,0.0730668235241821,0.12048915685338087,0.05
3.125,248239481,0.16825344668795472,0.1,0.07522457897179621,0.0659738704364932,0.06780785827063236,0.07788611753066868,0.0001247115126724093,0.005941535791328727,0.067119505992145,0.13433311575578563,0.06379072600234241,0.08231146441963005,0.07719266713937142,2.7764451051977987,0.32973609196539555,-1.0956467942408887,0.7353415228478585,0.06106064423114214,12.706204736432095,0.06783358518825554,0.04566754669810616,0.28005234417544445,0.07576536283930678,-0.007029527238589629,0.2702789890885276,-0.014603574191597387,0.13433311575578563,-0.002416270729076229,0.19388446592450692,-0.006685029462081588,0.2861672411958622,0.001238962559551627,0.44016388314903004,-0.0011574408773496574,0.6614289311079893,0.0006969740895443685,1.364505794256775,-0.002861142281585919,-0.001037857981240623,0.07212288233096889,0.09302955024230139,0.05
3.125,2140563639,-0.04147173985688871,0.1,0.06596886817553399,0.15202154013838573,0.15520655196094282,0.15656930845256492,0.003396275093247591,0.021117673256066827,0.2565600375060686,0.32612014812863077,0.17764004712093331,0.08231146441963005,0.14552905893257584,2.7764451051977987,0.2939540857205635,-0.6271426909043417,1.0051520739991633,0.26658174338592133,12.706204736432095,0.1306613141278502,-0.26603730336711856,0.17207481091373036,0.16969310272973825,-0.25333096730675675,0.4146284823950251,-0.014308824429393322,0.13433311575578563,-0.00368521032949819,0.19388446592450692,0.002655668877890911,0.2861672411958622,-6.519548423201931e-05,0.44016388314903004,0.00043162265572964934,0.6614289311079893,-0.0028206899991012656,1.364505794256775,0.004607178566570615,-0.0028119879866031145,0.11815595661110789,0.18329685358826506,0.05
3.125,2053655949,-0.027844411552003793,0.1,0.08214234718043528,0.06275798054126785,0.06745921400209755,0.06203278529473001,0.0004174014916071187,0.003430664959814953,0.07135819090488878,0.2861672411958622,0.07443045642000451,0.08231146441963005,0.05865645894922244,2.7764451051977987,0.289836548547955,-0.5210338934620089,1.0883966395847786,0.0648633441465396,12.706204736432095,0.05687252283044438,-0.12771994432871595,0.0731244922175324,0.07169477420797453,-0.11180422258342966,0.14311767764762454,-0.023020812415708716,0.13433311575578563,0.0071263714922695075,0.19388446592450692,-0.0011285725827750498,0.2861672411958622,-9.031646392252002e-07,0.44016388314903004,-0.0002476516126845574,0.6614289311079893,-0.001694406318870754,1.364505794256775,-0.0037598752394205665,-0.0009375513062460473,0.06847705828340904,0.07638450964630027,0.05
3.125,1008720842,0.2039608514468473,0.1,0.06537837706515447,0.06124128941600034,0.05806935491895683,0.07032189796294949,8.394360959815359e-05,0.004861225723513326,0.07544798817011729,0.13433311575578563,0.06324120437674263,0.08231146441963005,0.06982317315076278,2.7764451051977987,0.13769841102654787,-0.10354396185338044,0.6610801967229664,0.05654214336199705,12.706204736432095,0.061741732713167886,0.09032179762526976,0.31759990526842485,0.06907231343158886,0.09337300089513385,0.33005680877110466,-0.012340978001643861,0.13433311575578563,-0.00844558402946324,0.19388446592450692,0.005377299632732987,0.2861672411958622,-0.0030383533743605982,0.44016388314903004,-0.0006234605479924063,0.6614289311079893,8.460557462370041e-05,1.364505794256775,-0.002687955977089806,-0.000916491295312042,0.06731098828884126,0.0990268632533388,0.05
3.125,517395875,-0.22325447742879878,0.1,0.07574704958586509,0.06933360673041629,0.07531197888225508,0.09281103054001676,0.0002457783813435612,0.008368109008556363,0.09389052113520634,0.13433311575578563,0.07915880855000279,0.08231146441963005,0.09160946618504148,2.7764451051977987,0.10832569568596595,-0.5287210472486004,0.07279964786029264,0.07653794646573385,12.706204736432095,0.08395349764477708,-0.3891025566493085,-0.09147292195310078,0.09149401199978191,-0.4359798879883207,-0.11432531209340834,-0.020484924481348178,0.13433311575578563,-0.0034089131351601578,0.19388446592450692,0.0025205919479829807,0.2861672411958622,-0.0018922560623695001,0.44016388314903004,0.0013667776410943777,0.6614289311079893,-0.00198573347811596,1.364505794256775,-0.000739180886530052,-0.001705422551050306,0.09286116428953788,0.15688307641805943,0.05
3.125,173042607,-0.25266458834475325,0.1,0.0573625594229743,0.06444272042759479,0.06428054073334791,0.018599072665694955,-0.00022338599838789535,0.0005693115024116966,1e-150,0.13433311575578563,0.06459046661684119,0.08231146441963005,0.023894704672337022,2.7764451051977987,0.2542781655389687,-0.7141491629282105,0.6978295732104799,1e-150,12.706204736432095,0.02205390271165949,-0.2874851562702427,-0.21784402041926382,0.08208833806419094,-0.3677276817792766,-0.07278090514970056,-0.011748724062180632,0.13433311575578563,0.005962059267924674,0.19388446592450692,-0.0009651316352945075,0.2861672411958622,-0.003948046637149304,0.44016388314903004,0.0005493416748716182,0.6614289311079893,-0.0013384945159310897,1.364505794256775,0.0011095129120854003,-0.0020387921625036956,0.10091633750880379,0.15048437604431383,0.05
3.125,778206158,0.05515579883622275,0.1,0.06781725187011502,0.05247873249779288,0.05663787775988497,0.05605755689431425,0.0004301861017428363,0.0027122635832164425,0.045157952064098214,0.13433311575578563,0.05354966049511174,0.08231146441963005,0.052154601861261134,2.7764451051977987,0.31226644731964315,-0.32883090495035416,1.4051503934059049,0.026860847004751345,12.706204736432095,0.04912015110801061,-0.023975776795686687,0.1342873744681322,0.05578182266777832,-0.04420090891253352,0.15477103865115305,-0.011553976784750454,0.13433311575578563,-0.002384604805590078,0.19388446592450692,-0.003228691239985498,0.2861672411958622,0.005016361596022144,0.44016388314903004,-0.003680760765035752,0.6614289311079893,-0.001281478038491736,1.364505794256775,-0.005593711648057539,-0.0005039212292354674,0.05005275753962082,0.08453866424703459,0.05
3.125,757368346,-0.00980606970848202,0.1,0.07371532101118701,0.031748328672818585,0.0333784437497222,0.02676133310553246,0.0001502466743329772,0.0005659222752522903,0.03256516737676523,0.19388446592450692,0.035162080063494014,0.08231146441963005,0.023823473482357273,2.7764451051977987,0.042723941971376134,-0.19321643992851978,0.044024919193844325,0.025929979485508133,12.706204736432095,0.021086380209859517,-0.054537333850583056,0.029303369100953717,0.041950780324342365,-0.12877435839313534,0.03508565029155606,-0.01691877123836027,0.13433311575578563,-0.002898171368017118,0.19388446592450692,0.001756585924599774,0.2861672411958622,-0.00292957313669706,0.44016388314903004,-0.0014803232673534165,0.6614289311079893,0.0013480228442390284,1.364505794256775,-0.002702608456121491,-0.0011217645252469045,0.07475313366459733,0.11958813933473607,0.05
3.125,617828789,0.12069351783072614,0.1,0.06458849081450896,0.07343944998698987,0.07183280723628456,0.09542843785624412,0.00016284506495444547,0.0089437416867286,0.09453738781464455,0.13433311575578563,0.07278607425784776,0.08231146441963005,0.09470792285305969,2.7764451051977987,0.06653828396958338,-0.08037105227418226,0.2891087333970396,0.07417765137081099,12.706204736432095,0.08230211469638861,-0.00853682750579697,0.25814367526636817,0.08978648182488025,0.004028630638383926,0.3468978193220177,-0.015501159716982134,0.13433311575578563,0.004357185506272498,0.19388446592450692,-0.0031098654968148686,0.2861672411958622,-0.0016781284218352524,0.44016388314903004,0.0008614559840569218,0.6614289311079893,-0.000642657659432126,1.364505794256775,-0.0047725489560590546,-0.00024258519514817412,0.034801692410602054,0.05444785649105091,0.05
3.125,2084002234,0.21782601921903547,0.1,0.08106581936845011,0.05892600731491918,0.0619309481864252,0.08765511352595466,0.0005633487641544862,0.007120070163093513,0.10658410137603451,0.19388446592450692,0.07259288983783277,0.08231146441963005,0.08450235736687525,2.7764451051977987,0.2304865327199857,-0.4590955770245543,0.8207708341442789,0.09751083335494129,12.706204736432095,0.06922092566488638,0.08036901286666659,0.32278345700273026,0.08902664763929606,-0.0476255542006891,0.33726722670511844,-0.007982813383436458,0.13433311575578563,0.0013592572773517381,0.19388446592450692,-0.0021366194094111024,0.2861672411958622,0.001747347266223159,0.44016388314903004,-0.00014582331157599502,0.6614289311079893,-0.003936306287713864,1.364505794256775,-0.004074579258510383,-0.000720938392698968,0.05987819492640571,0.09927452593126786,0.05
3.125,1652913254,0.35504966525722215,0.1,0.08037961526743263,0.04799999426977574,0.05789110291478059,0.05599097348582683,0.001234475740818032,0.0019005133710725312,0.05703455901392837,0.2431366342882323,0.05916870915669962,0.08231146441963005,0.04365783073268441,2.7764451051977987,0.11398480729085708,-0.13322176196180663,0.4997233585774224,0.05648090475464746,12.706204736432095,0.04067877336820979,0.29032199064807196,0.41977733986637233,0.09762445724151957,0.0217493305707461,0.40935790013685575,-0.026777331925437537,0.13433311575578563,0.007413600929208949,0.19388446592450692,-0.005119861043423275,0.2861672411958622,-0.00048368151155440595,0.44016388314903004,0.0001835990636967594,0.6614289311079893,-0.0002534595143085489,1.364505794256775,-0.004349304079972931,-0.0009029026434190273,0.06686634973085555,0.09122465113916484,0.05
3.125,1406074592,-0.10385416971640235,0.1,0.0922911779544618,0.06278591380259577,0.07190403710183865,0.04631981627579437,0.0013313942572299063,0.0008141311225934387,0.07095504284202413,0.19388446592450692,0.08143985628179529,0.08231146441963005,0.02857418595019884,2.7764451051977987,0.13581743224510404,-0.6283231213886994,0.12585616852620618,0.060408681134716265,12.706204736432095,0.02738969662576508,-0.15597332710152106,-0.05173501233128362,0.09281233976331124,-0.26957981629482414,0.05348493650947288,-0.024340606184511452,0.13433311575578563,-0.007420812035037791,0.19388446592450692,0.00495678373502093,0.2861672411958622,0.00015377710551092605,0.44016388314903004,0.0009409804456269992,0.6614289311079893,-0.002759302222550638,1.364505794256775,0.0076728906808734764,-0.0038844647901717525,0.13884783855303023,0.19707826350145877,0.05
3.125,1789389655,-0.03933405428515464,0.1,0.08015778742100349,0.06066471680438293,0.060532352014863657,0.06364769506794232,0.0007848173350018758,0.0032662117524598936,0.058074136483172625,0.13433311575578563,0.06140060461599717,0.08231146441963005,0.05723330910247637,2.7764451051977987,0.03542421445508377,-0.13913445637313235,0.05757231728545653,0.03467087100449275,12.706204736432095,0.05162601625060908,-0.12350332313751188,0.042371151092787315,0.06868226141866629,-0.18545249973996364,0.10579480031387244,-0.007939098483376757,0.13433311575578563,-0.01961126901732153,0.19388446592450692,-0.0029160770406742435,0.2861672411958622,0.003281294684082763,0.44016388314903004,-0.0040894745312436516,0.6614289311079893,0.002394144723166786,1.364505794256775,-0.0008834957621088388,-0.0016906595102242753,0.09228507803736877,0.11376357321287787,0.05
3.125,842827208,-0.09134517259235536,0.1,0.05719295059060295,0.07004782050686298,0.06492598123832667,0.07538214191324638,-0.0006413546199313062,0.006323821939360123,0.06267781659401664,0.13433311575578563,0.059045319028438736,0.08231146441963005,0.07963729579400215,2.7764451051977987,0.08325239804024075,-0.30180200156443565,0.16048942450517484,0.05803785694633892,12.706204736432095,0.07199111859784864,-0.198357610731605,0.013739149019941388,0.07752023583630852,-0.15505967846070176,0.1203463403711767,-0.018559358810751592,0.13433311575578563,0.004102218749476963,0.19388446592450692,0.0022962246720501967,0.2861672411958622,-0.0012124495011759735,0.44016388314903004,-0.0007522287468021072,0.6614289311079893,-0.0010517931151403188,1.364505794256775,-0.0013171078746522867,-0.0012624948774759958,0.07983085849800164,0.12193158026700725,0.05
3.125,703826270,-0.3623629590879015,0.1,0.06008623951038499,0.04360780569829047,0.03954776194722939,0.0460045848249739,2.9694530232055342e-05,0.002086727294686164,0.049749636027099725,0.13433311575578563,0.0427203603877375,0.08231146441963005,0.04574667527184935,2.7764451051977987,0.07518195721604551,-0.49563984753108425,-0.07816269330772452,0.03720100827481083,12.706204736432095,0.0424971185842307,-0.44461233671668243,-0.28652473545041074,0.06952966224033347,-0.4447478743289584,-0.17026551329583114,-0.013185832049321099,0.13433311575578563,-0.008470100936578238,0.19388446592450692,0.003928167331095853,0.2861672411958622,-0.0028194436183631585,0.44016388314903004,-0.0011232031711977232,0.6614289311079893,0.0010304591421212944,1.364505794256775,-0.0022616303086027277,-0.0010242624390992797,0.07178790952185163,0.11309737185109539,0.05
3.125,1554138663,0.5138202595038626,0.1,0.09473026827406535,0.1021867444892577,0.11208644770028997,0.09485073707028845,0.002865346632894547,0.006131315689882444,0.11764740078500188,0.13433311575578563,0.12940212684692404,0.08231146441963005,0.07841579085528716,2.7764451051977987,0.08767925996878377,0.3235627712008073,0.8104360755361972,0.04956271919496237,12.706204736432095,0.06404983342858322,0.4027904616306128,0.6267104413633576,0.11634290290194926,0.2617306332759301,0.7206725080097014,-0.013246666026753024,0.13433311575578563,-0.0015200260788508346,0.19388446592450692,-0.0025682610794663377,0.2861672411958622,-0.0016187592014194358,0.44016388314903004,-0.0013967495732180946,0.6614289311079893,0.0006946651585235787,1.364505794256775,-0.00688616703559959,-0.0002552272715992803,0.03579577518100854,0.049418687827493826,0.05
3.125,448982507,-0.09386830286332701,0.1,0.086040078565679,0.07544549888857152,0.10002152770273637,0.11611661837795005,0.004310468727567511,0.009172600335962977,0.15180041996004942,0.19388446592450692,0.12340716104011533,0.08231146441963005,0.09591199477415872,2.7764451051977987,0.10804372853352998,-0.5085804208378466,0.09137454163063147,0.13952107724235152,12.706204736432095,0.09589127194243172,-0.24133553418453668,0.053598928457882666,0.08422813509289487,-0.2513783931539588,0.05470287610654078,-0.016772352009800835,0.13433311575578563,0.009167575226958954,0.19388446592450692,-0.0060060186857833885,0.2861672411958622,-0.0029493303742240944,0.44016388314903004,-0.0010043407202140707,0.6614289311079893,0.0015988537270083,1.364505794256775,0.000514314242086696,-0.0018607019941211831,0.09676681948888304,0.11243361457998477,0.05
3.125,729996823,-0.2343284831856126,0.1,0.07257013748637647,0.08403903513046229,0.0796446314912587,0.04111660352619505,8.598192787972504e-05,0.0016045931576505901,0.08332932751891338,0.32612014812863077,0.08100297336105776,0.08231146441963005,0.040115217936954405,2.7764451051977987,0.10249655168406767,-0.4643026325845562,0.10484946586120955,0.08537966186145314,12.706204736432095,0.033815619682621444,-0.29539952730132785,-0.177203664960229,0.08084528244183548,-0.38042018835776104,-0.07320425925518051,-0.00865627497556241,0.13433311575578563,-0.0006170616220070459,0.19388446592450692,0.0030949135076694164,0.2861672411958622,-0.006075258672709356,0.44016388314903004,0.0022945175867055264,0.6614289311079893,-0.0028632921486080607,1.364505794256775,-0.0022700790332193495,-0.0013496602624319177,0.08178499369543843,0.12090641651919043,0.05
3.125,1087078685,0.10938721426412848,0.1,0.08135117058067881,0.036957057158,0.04242528101233325,0.03405040663294847,0.0003188293501238076,0.0008406008417453334,0.04695601723000773,0.13433311575578563,0.048560183297434154,0.08231146441963005,0.029034984483324748,2.7764451051977987,0.19848049513315943,-0.2828058998620924,0.8193344985172997,0.03469650768073105,12.706204736432095,0.023636571344305912,0.06941839913002273,0.14935602939823422,0.0697502631995891,0.02808638863368422,0.2786161922594169,-0.019163707812426857,0.13433311575578563,0.0014740692951193252,0.19388446592450692,0.00146506974775941,0.2861672411958622,-0.0061960945938593845,0.44016388314903004,0.001345276885564829,0.6614289311079893,-0.00018102635466413875,1.364505794256775,-0.005280330556113587,-0.0007527884575081398,0.06128370024363332,0.09421000217550748,0.05
3.125,228423235,0.034083005949836244,0.1,0.0665946747282516,0.046180243407463434,0.04848338657938695,0.0557290589788243,2.9086385668996087e-05,0.003076641628996281,0.059442357220242104,0.13433311575578563,0.0537054170302413,0.08231146441963005,0.055547580116740915,2.7764451051977987,0.055992253830704636,-0.03927668947848484,0.2716421486760203,0.04754207579310005,12.706204736432095,0.05156420745911759,-0.049232814704649054,0.10657507833470276,0.05143990153121993,-0.04665247457137051,0.1484246209302209,-0.02376067695617192,0.13433311575578563,-0.0037281532887832487,0.19388446592450692,-0.00284583379320086,0.2861672411958622,-0.003466923508318923,0.44016388314903004,0.0022170880887326817,0.6614289311079893,0.00023019756702648698,1.364505794256775,-0.005855868416745657,-0.0005566420675733329,0.05246707286010044,0.08395524597031054,0.05
3.125,1766706902,-0.12294562116504444,0.1,0.07443574135879695,0.053061361619156165,0.06122468067363635,0.033873491463403814,0.0003829166967747174,0.0007644967271465739,0.0626873880744895,0.32612014812863077,0.06913134695010789,0.08231146441963005,0.027689461086480436,2.7764451051977987,0.0958935328711981,-0.49830331106355374,0.03418294885717063,0.0703466684722674,12.706204736432095,0.02464409056119927,-0.16914676101730738,-0.0763511533227774,0.04467634586941144,-0.20125853534692656,-0.03430515244117435,-0.012333895136333574,0.13433311575578563,-0.0058829472820695885,0.19388446592450692,0.0039009420520376282,0.2861672411958622,-0.0016985199243566482,0.44016388314903004,-0.0007495971281866172,0.6614289311079893,-0.00048141215691528883,1.364505794256775,8.563067278617785e-05,-0.0015532625095203906,0.08871764555649253,0.14017565440364074,0.05
3.125,1482018728,0.12031515553055984,0.1,0.07121349904271508,0.11732150927401665,0.1274199497284753,0.163976905382549,0.002041900913655066,0.024846524585182363,0.24188645550764545,0.32612014812863077,0.16134937230054333,0.08231146441963005,0.15785542546862116,2.7764451051977987,0.15315937437125732,-0.23613907413980526,0.6143381164366638,0.24550061560450723,12.706204736432095,0.13697261467197366,-0.09377491010869643,0.3647958500233425,0.14561406020877724,-0.07737524409936604,0.48322697341693,-0.019499449236360048,0.13433311575578563,0.009288682025606648,0.19388446592450692,-0.001968891981574572,0.2861672411958622,-0.00296685564941407,0.44016388314903004,8.192786618134791e-05,0.6614289311079893,-0.0007431912774523715,1.364505794256775,-0.0060944124140638435,-0.00036099239006395756,0.04233420160903777,0.06120094535195621,0.05
3.125,1129408468,0.42663023198173944,0.1,0.05647401500743501,0.032590882681440496,0.03617520550683362,0.03811749181572825,0.00010703704916126158,0.0013459061331608485,0.04341077914183184,0.13433311575578563,0.039996688983835994,0.08231146441963005,0.03673957042862383,2.7764451051977987,0.3399761337575031,-0.8804276425845952,1.0074225023255878,0.034622762514527235,12.706204736432095,0.034295987592138144,0.36941418053315106,0.4827674281939551,0.08001585810078621,0.2273279698812599,0.46650022841311145,-0.016188611335023452,0.13433311575578563,-0.0012143545679601099,0.19388446592450692,0.003867856334354312,0.2861672411958622,-0.0025014410990355385,0.44016388314903004,-0.0017452760041925454,0.6614289311079893,0.0004897896351969347,1.364505794256775,-0.004682997783113204,-0.000544862295113886,0.05231726842666111,0.05783094189055614,0.05
3.125,1022502580,-0.23002180933946575,0.1,0.0759011877898961,0.027733492116781173,0.03108617937582161,0.01587000492749328,9.49039946850763e-05,0.0001569530617135847,0.02667264660539838,0.2861672411958622,0.03379721161578638,0.08231146441963005,0.012546182020010347,2.7764451051977987,0.03490063659464897,-0.3297557802833558,-0.13595637700035518,0.020787921680095158,12.706204736432095,0.012307287472355622,-0.250840883439005,-0.20977086985345156,0.08105064631845567,-0.28620155148594245,0.02056812299598608,-0.009486194277696475,0.13433311575578563,0.004236099038901345,0.19388446592450692,-0.003251681782559232,0.2861672411958622,-0.003069281817362333,0.44016388314903004,-0.0017594222507600736,0.6614289311079893,0.001089297908767474,1.364505794256775,-0.0025782473355453533,-0.0011139619423308504,0.07473342489398806,0.10299360739423896,0.05
3.125,1612604300,-0.185538137234451,0.1,0.07044316501888989,0.06914293743956017,0.06779545086554446,0.07320973172170124,-0.0003490385757165043,0.005708703394479974,0.07292291783725707,0.19388446592450692,0.06570368652649153,0.08231146441963005,0.07566506814401602,2.7764451051977987,0.08880567574023046,-0.3489741746192753,0.14415399282621622,0.06836340960056148,12.706204736432095,0.06723780701643842,-0.29942586383034,-0.07420464533603735,0.07614216339626187,-0.29652715347105324,0.003149787683919906,-0.019168154990757455,0.13433311575578563,0.000524321754694703,0.19388446592450692,-0.00040398340797064675,0.2861672411958622,-0.0004535081475360414,0.44016388314903004,0.00036948166345471446,0.6614289311079893,-0.0014321179941743673,1.364505794256775,-0.0005624669747101955,-0.0015717993677291998,0.08856507267207,0.12099597016682573,0.05
3.125,1085807684,0.15730063813403838,0.1,0.07695835876717576,0.028181595896471644,0.03103260557444902,0.026810386997454944,0.00021977986775959218,0.0004990169831937089,0.029930075079074872,0.13433311575578563,0.035378787525558716,0.08231146441963005,0.022370946086606978,2.7764451051977987,0.09665274164468228,-0.07044005320974223,0.4662620096769089,0.01875288551339186,12.706204736432095,0.01963593370346832,0.1146459992039307,0.1957213240465181,0.07074594134815729,-0.011177013550210616,0.2912358167769709,-0.01848765011551886,0.13433311575578563,0.0017539482511947932,0.19388446592450692,-0.00485705772765367,0.2861672411958622,-0.00177230600788557,0.44016388314903004,-0.00017514865415482482,0.6614289311079893,0.0005021639023303154,1.364505794256775,-0.0003902348966958675,-0.0018730947415537772,0.09694189509103378,0.1338440079243494,0.05
3.125,1774291621,0.03443960792920714,0.1,0.07135011645028325,0.05530089272331833,0.05404983828016041,0.0573951883015276,0.0002961038336616534,0.0029981038065061577,0.03650094729502058,0.13433311575578563,0.04343230927289228,0.08231146441963005,0.05483401176650631,2.7764451051977987,0.10748421485996065,-0.3397583640385711,0.25708968042936137,0.032593650199791276,12.706204736432095,0.04909200256923231,-0.05138657288222767,0.1158081637655047,0.05562475400718239,-0.04238099275651333,0.15518060220896693,-0.008024873662639867,0.13433311575578563,-0.000498942876330297,0.19388446592450692,-0.004460049475330986,0.2861672411958622,-0.0011789686608447245,0.44016388314903004,0.0022164841851352902,0.6614289311079893,-0.003795810078180841,1.364505794256775,-0.005337666760781487,-0.0006597152263965195,0.05725112123526864,0.07587745630451521,0.05
3.125,2002478643,0.03613463983095126,0.1,0.07321491045799118,0.05944051754347615,0.0628394961986502,0.03359286782452589,0.0003105964655184786,0.0008178843031575881,0.04450743058014398,0.13433311575578563,0.06696338378868752,0.08231146441963005,0.0286399743474634,2.7764451051977987,0.06725369180572068,-0.11119210246249833,0.2622602643784506,1e-150,12.706204736432095,0.025114445250152162,-0.0026832551917039824,0.08087512460850965,0.08883321843866894,-0.27180479219806014,0.10974830154797403,-0.018507594561011045,0.13433311575578563,-0.002854904004489399,0.19388446592450692,-0.0008394709932989669,0.2861672411958622,0.001062532081843038,0.44016388314903004,-8.024029115965427e-05,0.6614289311079893,-0.0010206402432376652,1.364505794256775,-0.004573380739672047,-0.0005070129045134672,0.05031493918173606,0.0718384063226311,0.05
3.125,400836489,0.21812563487221015,0.1,0.07202510988494354,0.050206385842860024,0.06032006714163316,0.05511148621542823,0.0011150098264203156,0.00192226608645302,0.07762423391845041,0.13433311575578563,0.07172467526436932,0.08231146441963005,0.04390696720093304,2.7764451051977987,0.12646305868613528,-0.07928633743176516,0.6229491431231593,0.048901153751193874,12.706204736432095,0.037292032317877796,0.15812882217999044,0.27812244756442983,0.05764773114206842,0.10857293760041921,0.3387513048999193,-0.016139129345128032,0.13433311575578563,-0.00796925558600363,0.19388446592450692,0.003428802000092805,0.2861672411958622,-0.0025781861363842478,0.44016388314903004,-0.0012741252978938661,0.6614289311079893,0.0012256397970041117,1.364505794256775,0.00848566589963812,-0.003811078727975059,0.13773533831954546,0.22039392356531226,0.05
3.125,327732520,0.06059693217904773,0.1,0.07064818212877946,0.057827708584063844,0.06047709668458359,0.07252947215993549,0.0001114177893618549,0.005149106542437004,0.07916087957335144,0.32612014812863077,0.05680261268016576,0.08231146441963005,0.07186089585618381,2.7764451051977987,0.33382366272961417,-0.5380324261036034,1.315653722666073,0.081810593965517,12.706204736432095,0.06616764112885329,-0.05003660407707944,0.1712304684351749,0.06830363100141891,-0.06079031328808923,0.2205347270538778,-0.016862287126658375,0.13433311575578563,-0.0033136161475628024,0.19388446592450692,0.0007041996626182507,0.2861672411958622,-0.0013897671408623906,0.44016388314903004,-0.0006540475521889059,0.6614289311079893,-0.0001331868432994604,1.364505794256775,0.0021211475934506934,-0.002317357427064444,0.1077936312823856,0.13588127720888132,0.05
3.125,1992181774,0.15279574282700875,0.1,0.0669730604262009,0.05620906771974537,0.05958594044371684,0.05747886489895689,0.0001674852097725034,0.003136334700300035,0.05737135208792277,0.13433311575578563,0.06229824671720754,0.08231146441963005,0.05608385909918265,2.7764451051977987,0.21380397418949057,-0.6680370741978287,0.5191929210226666,0.03650925687125657,12.706204736432095,0.053627086899584786,0.05989664925260374,0.24569483640141376,0.08596520652557331,-0.05182853496422088,0.25314563733360546,-0.015240528657485652,0.13433311575578563,-0.003027971546954254,0.19388446592450692,0.0035521352122256634,0.2861672411958622,-0.0010221522352889963,0.44016388314903004,-0.0008632154049371898,0.6614289311079893,-0.0004442840022682814,1.364505794256775,0.0028881552624834155,-0.0021491988226915158,0.10370473755769673,0.1359372777416211,0.05
3.125,1853625189,-0.07272550235609906,0.1,0.08671140899611361,0.06758555098348774,0.07427940583007955,0.08961149972285487,0.0007183350586321569,0.007311885823947062,0.10337832290131088,0.19388446592450692,0.08018704871473033,0.08231146441963005,0.08563304526837374,2.7764451051977987,0.3467161746467506,-1.3785550510440518,0.5467218009376997,0.08526327659645384,12.706204736432095,0.07592506898518622,-0.20433539634765735,0.0601936977831993,0.12552202067141335,-0.3675243256939294,0.02789128949330767,-0.017959772906068427,0.13433311575578563,-0.006485792579503035,0.19388446592450692,0.007136106807152306,0.2861672411958622,-0.005952235194114657,0.44016388314903004,0.001576598354599097,0.6614289311079893,-0.0010113120630095367,1.364505794256775,-0.00362430034320775,-0.0009850709383471662,0.07027274814775407,0.09755609347908202,0.05
3.125,1508685338,0.08753872131044949,0.1,0.07296288306280659,0.05268061133848137,0.05177543828927907,0.07583644008762748,0.0003335329183340044,0.005417632726830308,0.08447948998949131,0.13433311575578563,0.05963789824829841,0.08231146441963005,0.07371085825632971,2.7764451051977987,0.25770586390827893,-0.2589899884670272,1.172022380390795,0.08026599129192258,12.706204736432095,0.0680535335022774,-0.023480276570158505,0.19855771919105747,0.13754130289292998,0.02863882451243325,0.5412623348550522,-0.0132445768812593,0.13433311575578563,-0.011891179113026364,0.19388446592450692,0.004987045160556469,0.2861672411958622,-0.0022223407825334015,0.44016388314903004,0.00042835019559898403,0.6614289311079893,-0.0017451463270954277,1.364505794256775,-0.006558939507979208,-0.0003709096331153097,0.04295642407935706,0.06071698280784804,0.05
3.125,350503347,0.301689002891536,0.1,0.07468995694318432,0.04158691775854646,0.04573721296105156,0.02675155115356977,0.00023994887416149756,0.00047569661496056257,0.02933437633614335,0.13433311575578563,0.04804716810348637,0.08231146441963005,0.02184196558619533,2.7764451051977987,0.03660520837858284,0.18395588573486527,0.3872205889897888,0.0031087894600415698,12.706204736432095,0.020456866119995247,0.26334663131501124,0.34003137446806075,0.04796009677163047,0.20606914474083576,0.3991204917243313,-0.015365265269388731,0.13433311575578563,0.00611724612673806,0.19388446592450692,0.0017922793290548328,0.2861672411958622,0.002179504355013426,0.44016388314903004,-0.0027915744397663794,0.6614289311079893,-0.0021327170616705594,1.364505794256775,-0.0022183944042681917,-0.001094807870634665,0.07441339989056754,0.11025963280024806,0.05
3.125,1527099687,-0.1400065928853028,0.1,0.06565992655505284,0.0737694201555311,0.08265033868883767,0.11054098781017563,0.001509622550899919,0.010709687435149476,0.12339814141822049,0.32612014812863077,0.08839087367150988,0.08231146441963005,0.10363706040316029,2.7764451051977987,0.08714517954837141,-0.3507935461310224,0.13311406826629582,0.12507569207763583,12.706204736432095,0.0923189406453261,-0.28928429116828525,0.009271105397679677,0.0789407329554033,-0.24590241094633927,0.04874958952965517,-0.017195069655515843,0.13433311575578563,0.005290822880220549,0.19388446592450692,-0.0006325243976065046,0.2861672411958622,3.4717761046532705e-05,0.44016388314903004,0.0001911949846767427,0.6614289311079893,-0.0021290784602977513,1.364505794256775,-0.003588734880324008,-0.000672046870606005,0.05768337322574688,0.08804893278478211,0.05
3.125,11959488,0.10542571352074466,0.1,0.07081154416366237,0.06396177154270252,0.06424816840270954,0.038970358759142884,7.1673038393354e-05,0.0014470158234229503,0.03228185652259116,0.13433311575578563,0.062525141037362,0.08231146441963005,0.03809459213694567,2.7764451051977987,0.05980463181496033,-0.13410190718515314,0.19798664735645316,1e-150,12.706204736432095,0.03417985395585345,0.04858253109208628,0.16173465217654717,0.1044126666794565,-0.17955089929043466,0.2091775674336628,-0.01451205890058847,0.13433311575578563,-0.0021229500532638293,0.19388446592450692,-0.002939724157007008,0.2861672411958622,0.0016442131558194455,0.44016388314903004,-0.000851655052764071,0.6614289311079893,-0.0008979647781655694,1.364505794256775,-0.005729787816154187,-0.0002275331513173532,0.03394629162732823,0.05895049177899175,0.05
3.125,488678714,0.11265549867693873,0.1,0.060010955627504574,0.025606623049153045,0.025981095475191673,0.02228274428591587,5.997109490347985e-06,0.0004905235834211683,0.024825810541050337,0.2431366342882323,0.026106891896479377,0.08231146441963005,0.022179749359249955,2.7764451051977987,0.12468067262687471,-0.06388958671153422,0.6284484997437767,0.02185372033545191,12.706204736432095,0.018644782609905878,0.08208554123694474,0.14733186936397658,0.06835923620434965,0.07628484099064223,0.3761007820092498,-0.012029707074881461,0.13433311575578563,-0.0013401872834860596,0.19388446592450692,-0.003675777228136534,0.2861672411958622,0.0040312813249970695,0.44016388314903004,-0.0006594497354702343,0.6614289311079893,-0.003146424950187731,1.364505794256775,-0.004165881788309483,-0.0006658418309639045,0.05784363450021237,0.07045657875332882,0.05
3.125,302165927,0.2998100822750474,0.1,0.0712863998560435,0.04059413603863764,0.048963662712275174,0.014605311583136264,6.743649208272801e-05,0.0001458786343577663,0.0128006944584099,0.13433311575578563,0.05037947474415451,0.08231146441963005,0.012095463980680234,2.7764451051977987,0.04383055095980297,0.22081174089573957,0.4641979782366748,0.0032039510732679477,12.706204736432095,0.009785923712145603,0.2822431641453052,0.314377134557072,0.05554689504775551,0.22530272013733094,0.4416478615011252,-0.011480287467009383,0.13433311575578563,-0.012994430763725525,0.19388446592450692,-0.00025485830582486826,0.2861672411958622,0.0030232376066041734,0.44016388314903004,-0.0012923297668122253,0.6614289311079893,-0.0013795540303995412,1.364505794256775,-0.001327399679991906,-0.001486269125176749,0.08576191321012724,0.1335491823013532,0.05
3.125,1239293725,0.17658645931910683,0.1,0.06524636250063372,0.09715350660761614,0.10109482621481694,0.12220196633700191,0.0005232306118008144,0.014410089964828933,0.12005441916201401,0.13433311575578563,0.10692711628979448,0.08231146441963005,0.1202153801461644,2.7764451051977987,0.07525166116234673,-0.0021905518681070157,0.41567366071629475,0.08921438619696336,12.706204736432095,0.10593435754820384,0.013638560292213147,0.3389598786292475,0.0971580395850099,0.012713874337333108,0.34973832706398333,-0.01834513055651804,0.13433311575578563,-0.0018488228187290665,0.19388446592450692,0.0008870639896523975,0.2861672411958622,-3.835834593224184e-06,0.44016388314903004,-0.00032646368629761323,0.6614289311079893,-0.0006460096813138519,1.364505794256775,-0.0032909270231582023,-0.000735372055685546,0.06099098265892015,0.0946190267135214,0.05
3.125,1971256496,-0.08601760559613375,0.1,0.08445782029714059,0.09920584259979727,0.09933147750974806,0.08230437328526559,0.0009962785717227366,0.005777731290157602,0.09470104269587326,0.13433311575578563,0.10615058158272352,0.08231146441963005,0.07612115300956021,2.7764451051977987,0.11351760597269953,-0.4216456782057457,0.2087051247076023,0.09396143388627731,12.706204736432095,0.06864685635957102,-0.2160068163868505,0.03633213087153844,0.10232575916601852,-0.2537564568398836,0.12501575441914087,-0.014994758987919353,0.13433311575578563,0.012194609989430394,0.19388446592450692,-0.0077934142123034095,0.2861672411958622,0.001342909883256515,0.44016388314903004,-0.0017990906731854492,0.6614289311079893,-0.0015171010355796693,1.364505794256775,-0.00126870226941366,-0.0017222195548607117,0.09271964153134339,0.10319057287711107,0.05
3.125,1527783405,0.06598606253649243,0.1,0.09127925950780807,0.08723101479506028,0.09649009687296187,0.0618201885879513,0.0007827762262650846,0.003038959490784779,0.054098697796050976,0.32612014812863077,0.09124107992448463,0.08231146441963005,0.05520636386052192,2.7764451051977987,0.156657449987794,-0.5826188986350003,0.2872827217877589,0.04924103311447407,12.706204736432095,0.05123092442455251,-0.010907836532296517,0.15292534215622078,0.11156614425425358,-0.23750875245743264,0.16982627233244302,-0.011048046304532726,0.13433311575578563,0.01003816442418083,0.19388446592450692,-0.004682764208796056,0.2861672411958622,-0.0003315657443613606,0.44016388314903004,-0.0020466408641621023,0.6614289311079893,-0.0013533334406911402,1.364505794256775,-0.0014288189711466534,-0.001648961128510687,0.09107715162949673,0.12858645054703524,0.05
3.125,230719439,-0.507307771405551,0.1,0.07535907922574557,0.08286101853067755,0.08852044923572003,0.11177067684123247,0.002054912660223415,0.010437771541323805,0.09027549468678532,0.13433311575578563,0.07686059808785242,0.08231146441963005,0.10231294400561648,2.7764451051977987,0.10102294409612325,-0.8753893373684664,-0.31442002007176184,0.07703543761698099,12.706204736432095,0.0939223264965787,-0.6523420008953847,-0.3658055753815465,0.08663021975263645,-0.654323354966127,-0.36190124394478573,-0.0171740213835952,0.13433311575578563,0.012478415423108928,0.19388446592450692,0.0023685882837456334,0.2861672411958622,-0.0032317895634491694,0.44016388314903004,-5.137252172841287e-06,0.6614289311079893,-0.002567736979778244,1.364505794256775,-0.002857274447978258,-0.0010605247578149759,0.07259246164415602,0.09929941692658166,0.05
3.125,1240043894,0.03738894626130372,0.1,0.07228472160983576,0.04167191465510101,0.047573544051327805,0.04393537859406873,0.0005286169382648393,0.0014017005539393131,0.053753039205851845,0.13433311575578563,0.0548914443710115,0.08231146441963005,0.037493355566148766,2.7764451051977987,0.09341292421492103,-0.34502036305958056,0.17369134933788027,0.03295148877449895,12.706204736432095,0.027450596292546068,-0.006622647157867867,0.10165639772070281,0.051223592800391925,-0.07813571042541476,0.12186247740005252,-0.0052225080238641666,0.13433311575578563,-0.009248451576379687,0.19388446592450692,-0.0044061247550314766,0.2861672411958622,0.0032676778773312767,0.44016388314903004,-0.0023705563288607882,0.6614289311079893,9.836004618382665e-05,1.364505794256775,-0.0015824408471396191,-0.001113064161175249,0.07460776297265352,0.09155465400217626,0.05
3.125,1638032183,0.1751274664858347,0.1,0.0704037426926719,0.06012584298519613,0.061074098479799485,0.05144582255342178,0.0003023613095670748,0.0023443113486310866,0.03142755389737342,0.13433311575578563,0.05435076600505385,0.08231146441963005,0.04848800691878983,2.7764451051977987,0.034125300028506556,0.12162550634096955,0.3111195507960762,1e-150,12.706204736432095,0.041339739446522285,0.1100195931115981,0.2507416688847124,0.08593339291458982,-0.07745531793211391,0.2621846066353323,-0.01592759339171911,0.13433311575578563,0.011507385740668237,0.19388446592450692,0.000851385241107906,0.2861672411958622,-0.0026373822352579804,0.44016388314903004,-0.003098367273795562,0.6614289311079893,0.0004608867078080419,1.364505794256775,0.0014179153966203764,-0.0021690398848471775,0.10448397753511202,0.15515645878339906,0.05
3.125,1846430023,-0.01865577281826697,0.1,0.06026152666415102,0.06794876853389116,0.07084744442457132,0.09181971823450474,7.614720687059567e-05,0.008354713449793248,0.07622865252703423,0.13433311575578563,0.05561303883204774,0.08231146441963005,0.0915361132037918,2.7764451051977987,0.15843746219756005,-0.13157085572537236,0.7482149770713815,0.06855866270477566,12.706204736432095,0.07914739202081333,-0.1417687271717943,0.10445718153526037,0.09188521870743224,-0.09107657695841288,0.24428954232025832,-0.00590114783221274,0.13433311575578563,-0.008750605520909407,0.19388446592450692,-0.006888210237929124,0.2861672411958622,0.003618795445990098,0.44016388314903004,0.0003391685307629132,0.6614289311079893,-0.0018113625122681486,1.364505794256775,-0.002256358943965845,-0.0008585164718152095,0.06546933146361933,0.08061083477722118,0.05
3.125,1511058918,-0.10235951923998429,0.1,0.07378078463533642,0.08579225222741202,0.0892613417185292,0.06629117860457603,0.00022272726965014839,0.004171793091133651,0.08194198771411798,0.19388446592450692,0.09289431825189626,0.08231146441963005,0.06468268931174208,2.7764451051977987,0.15663203909949064,-0.5243350971126882,0.34542541943717375,0.04154709613924848,12.706204736432095,0.05862875345297606,-0.21864623756031687,-0.011641505795884091,0.10777743302842736,-0.278529911068526,0.18283067547088022,-0.024959529957553826,0.13433311575578563,0.01746821770693088,0.19388446592450692,-0.0010649230141560094,0.2861672411958622,0.0016022717235681624,0.44016388314903004,-0.0018834267774902175,0.6614289311079893,-0.003258678214728955,1.364505794256775,0.008701082130447124,-0.004238750984530556,0.1462908372156943,0.22721085430924198,0.05
3.125,1159515470,-0.41512916676027756,0.1,0.06283287784212813,0.03355314848553571,0.033951955228008326,0.03667014115386945,0.00014011320692183978,0.0012045860453228701,0.0387196996294628,0.13433311575578563,0.037722305767604485,0.08231146441963005,0.03475726554091399,2.7764451051977987,0.11516852878087785,-0.5745068216566734,0.06501137435632687,0.028125285602006916,12.706204736432095,0.02861868155851774,-0.4690394178427172,-0.3528986607026067,0.05270063790608455,-0.5336060435245409,-0.30684968357642123,-0.011021843482164407,0.13433311575578563,-0.006798802729239647,0.19388446592450692,0.002497249868498904,0.2861672411958622,-0.0038691651255789755,0.44016388314903004,0.0005215162389288366,0.6614289311079893,-0.0007684244340625568,1.364505794256775,-0.0048242788509189685,-0.0006798832660966185,0.058219317247660315,0.06340720534983042,0.05
3.125,1562298823,0.1399045048857448,0.1,0.07430219883443122,0.04953794770541372,0.05114988977031243,0.042579344485304614,0.0003188568668096069,0.0014941437099886337,0.04469853727600232,0.19388446592450692,0.05139480740079655,0.08231146441963005,0.03870997344884863,2.7764451051977987,0.05962671479228575,0.02812322286522287,0.3592238237133568,0.03605110145575151,12.706204736432095,0.03383002154297398,0.06764563897525888,0.20499052468978035,0.051174852504173675,0.06322674343372199,0.24224801326634282,-0.01526189702724759,0.13433311575578563,-0.005281608491389487,0.19388446592450692,-0.0025280231638648482,0.2861672411958622,-0.0013901797868195458,0.44016388314903004,0.001084439641660459,0.6614289311079893,-0.001774437639890672,1.364505794256775,-0.004392320680028024,-0.0011127772125304324,0.0748449919868013,0.08634173050907765,0.05
3.125,520358809,0.22942891672397864,0.1,0.0671416400704466,0.08971099684319603,0.09192695719893987,0.05834000210875225,0.0014651790230799915,0.0019383768229692257,0.10577236563710012,0.32612014812863077,0.1036672508816251,0.08231146441963005,0.04409057799714489,2.7764451051977987,0.10052227105495469,-0.12157597569815692,0.4366131591696337,0.10858399162885528,12.706204736432095,0.039795223924517106,0.153405655647574,0.30545217780038325,0.15455928768085597,-0.26422246058343357,0.31800163362391354,-0.0028675889774308397,0.13433311575578563,-0.010154253010178829,0.19388446592450692,0.0003170558972885417,0.2861672411958622,-0.0023647180642201973,0.44016388314903004,-0.0025195547960816934,0.6614289311079893,0.001858993328610232,1.364505794256775,0.004413433539795087,-0.0026887544972378293,0.11602382292144582,0.16000779741550056,0.05
3.125,510789080,0.06654263854132846,0.1,0.0708742528393681,0.05566233920105956,0.056521788534221025,0.05965106015242495,9.617600356049034e-05,0.00346207297374773,0.04196665361615972,0.13433311575578563,0.04479877405450816,0.08231146441963005,0.058924349508512476,2.7764451051977987,0.09214340432588568,-0.23022755904194275,0.2814346487917912,0.03295464322695426,12.706204736432095,0.0524186692183724,-0.0269499132378275,0.1470549396212132,0.06262945501323632,-0.09373721150631154,0.14068196181618015,-0.015667969557691414,0.13433311575578563,0.0007937819643558717,0.19388446592450692,-0.007803607040464868,0.2861672411958622,0.0008554137837890961,0.44016388314903004,-0.00011964522680713978,0.6614289311079893,-0.00033840401589048657,1.364505794256775,-0.004783804613150138,-0.0007105351730298874,0.05954560921013431,0.09491836655240136,0.05
3.125,2033164648,0.05758289551867434,0.1,0.06997753634863116,0.07151346927686303,0.07224058598325775,0.04219022995779631,0.00036152385472616906,0.0014184916491655642,0.03365800084293694,0.19388446592450692,0.06850344219914759,0.08231146441963005,0.03771725514950503,2.7764451051977987,0.060324139675543835,-0.06654303003213136,0.26843029462273266,1e-150,12.706204736432095,0.03620037171690234,-0.006254754060504334,0.12142054509785301,0.06870131482208185,-0.06376875294905188,0.20516513838109174,-0.023249620356194222,0.13433311575578563,-0.007642840840414051,0.19388446592450692,0.004602990349544795,0.2861672411958622,-0.0020817719401774694,0.44016388314903004,-0.00014979094686167906,0.6614289311079893,-1.1693710361683692e-05,1.364505794256775,0.00434051815799159,-0.002975350998886009,0.12152693156966832,0.15487191467780206,0.05
3.125,597457331,0.1940465325463349,0.1,0.06598301652925853,0.05159132151199164,0.05325403990945537,0.06772660173327337,2.230020809897322e-05,0.004564592374238455,0.06860097295485255,0.13433311575578563,0.05577768096521442,0.08231146441963005,0.06765932927355854,2.7764451051977987,0.12975855801048825,-0.1126301421269304,0.6079048843645589,0.05264599895440679,12.706204736432095,0.055374164024768566,0.09985188499294173,0.2889957191410188,0.06098877905721581,0.07841853139328255,0.2983118191627269,-0.009895578717169371,0.13433311575578563,-0.010051158308142096,0.19388446592450692,0.004975904694177092,0.2861672411958622,0.00013124936794217757,0.44016388314903004,-0.0006610785604380853,0.6614289311079893,-0.0020875200263168604,1.364505794256775,-0.0009912331107244988,-0.0013439828430189325,0.08264439223521283,0.12707236418225015,0.05
3.125,1107569203,0.03499813537206706,0.1,0.08102433091302799,0.1297961267993774,0.13272851794200208,0.12115975816899532,-0.00023935591028409475,0.014919042909853523,0.11214255476323999,0.13433311575578563,0.13241642028386647,0.08231146441963005,0.1223199146949517,2.7764451051977987,0.3459568194262778,-0.5131279662187367,1.407932269593039,0.06881102436858813,12.706204736432095,0.10771405411918202,-0.15832622517902611,0.24535537543417538,0.1829345386670373,-0.1274905445470861,0.5832671891984554,-0.01231962112796424,0.13433311575578563,-0.005245673350199421,0.19388446592450692,-0.007533992126907983,0.2861672411958622,0.004112529676577416,0.44016388314903004,-0.0006928860911942892,0.6614289311079893,-0.0016412220393599258,1.364505794256775,-0.006107000207913614,-0.0003920419457609166,0.04444422769195867,0.0714887838896333,0.05
3.125,876685764,0.04804127724168539,0.1,0.08230951669355073,0.039253683278995394,0.04345785148958283,0.022991767685109937,0.00028246048702226714,0.00024616089426379847,0.03376427276850779,0.19388446592450692,0.045140105427270004,0.08231146441963005,0.015712171776526663,2.7764451051977987,0.021755817556154522,-0.008871230925944697,0.11193643540077841,0.02426907718993739,12.706204736432095,0.013873748577055315,0.021512113379509555,0.07518988395456741,0.042270191802072775,-0.047467385274803896,0.11652180616445534,-0.012800265242124043,0.13433311575578563,-0.004685838490064487,0.19388446592450692,-0.001215586927944464,0.2861672411958622,-0.001295280055736304,0.44016388314903004,0.0005364614017054983,0.6614289311079893,-0.0008212328559577327,1.364505794256775,-0.0007680990613734991,-0.0014808984569885655,0.08608859941146971,0.12892337451177252,0.05
3.125,1824445488,0.31612119237533953,0.1,0.06693187114755371,0.07375163548228333,0.08147202210410742,0.09033889459580537,0.0018172657726138281,0.006343850104178204,0.1178143734367383,0.32612014812863077,0.0920542983113178,0.08231146441963005,0.07976330566788774,2.7764451051977987,0.15360072643263384,-0.18553678581145147,0.6673911843059732,0.11938164028752485,12.706204736432095,0.07048154153852032,0.20001805677502418,0.4354818736859649,0.06445941611343695,0.1848188664772906,0.43316313098354503,-0.012807936688045345,0.13433311575578563,-0.016215462810259137,0.19388446592450692,0.00589989510611495,0.2861672411958622,-0.0009893984699083024,0.44016388314903004,-0.0006228205311988354,0.6614289311079893,-0.0010421757457210405,1.364505794256775,0.0022409563124367706,-0.002486919572691591,0.11118356962899602,0.17869652517698778,0.05
3.125,836881735,-0.36417936780394894,0.1,0.07394110250186503,0.05168842856166184,0.05922802644842318,0.0540651557285502,0.000601502744708127,0.0023215383192442575,0.05903613028003934,0.13433311575578563,0.06618116255345212,0.08231146441963005,0.04825192190540987,2.7764451051977987,0.31367820943620883,-1.2694043903083398,0.47241626808440423,0.044655945594153146,12.706204736432095,0.0460676219912839,-0.4551784047386077,-0.28388842596617253,0.07702438740045303,-0.5707600374638554,-0.2575569660182411,-0.012788314247480516,0.13433311575578563,0.002270048147445077,0.19388446592450692,0.0014583466782172312,0.2861672411958622,-0.00387256764539524,0.44016388314903004,0.0006738703324915718,0.6614289311079893,-0.0010421472422428306,1.364505794256775,-0.004034898660852752,-0.00059095676140079,0.054676303955178154,0.09667199515723249,0.05
3.125,1727659740,0.21691665125725507,0.1,0.05487960877655373,0.02333143854803988,0.024012776975862293,0.02056247197534626,1.3867099771763748e-05,0.00040894815396513666,0.022001293281837985,0.32612014812863077,0.02214753194318996,0.08231146441963005,0.020251668697812555,2.7764451051977987,0.17169074574868828,-0.1624538837489818,0.7909259775344288,0.022699010054622867,12.706204736432095,0.019559552146917156,0.18456111547337123,0.25071698672671705,0.045174757159157586,0.14895512687560147,0.30930634131943946,-0.012617132263728986,0.13433311575578563,-0.003428116151413394,0.19388446592450692,0.004574851079203723,0.2861672411958622,-0.002901588786855112,0.44016388314903004,-0.00021992582108036168,0.6614289311079893,-0.0001730054956399278,1.364505794256775,-0.003021134751241748,-0.000570537332912875,0.053130477287920044,0.07900022147474829,0.05
3.125,405329716,-0.021371018841424567,0.1,0.06633079620961058,0.07488855465425596,0.08106420627722702,0.06916270612009699,0.0004763129091320201,0.004307167008722882,0.07610838098296338,0.13433311575578563,0.08642545929043507,0.08231146441963005,0.06572378160366052,2.7764451051977987,0.04712072353040599,-0.15813419032810314,0.10352201407064579,0.0509317164437316,12.706204736432095,0.060700950593408895,-0.11515885514106858,0.07241681745821946,0.10072966862437349,-0.2008021085324746,0.1030886604937699,-0.011765651113115656,0.13433311575578563,0.003916639231795061,0.19388446592450692,-0.005507894424549062,0.2861672411958622,-0.002588401430475299,0.44016388314903004,0.0007737520661082914,0.6614289311079893,-0.0004800127574182759,1.364505794256775,0.00017125870814378678,-0.0017477045283033983,0.09372091489888323,0.12585246860404004,0.05
3.125,16425377,-0.04342620014333251,0.1,0.069298337378444,0.05448481302746591,0.06146836045067852,0.05039742845569505,0.0009361245660857017,0.0016037762288611999,0.07499982625488864,0.19388446592450692,0.07047394405475689,0.08231146441963005,0.04010500492798991,2.7764451051977987,0.22221032284059714,-0.9678306046173071,0.2660789217330899,0.060781624094712675,12.706204736432095,0.0325979184441324,-0.10242578287482774,0.0052666500078916165,0.05358691153181232,-0.14786405393811855,0.02842150835336326,-0.003097314624992014,0.13433311575578563,-0.002253315178619453,0.19388446592450692,-0.0050825710856107565,0.2861672411958622,-0.0007839578301572521,0.44016388314903004,-0.0006169211890394518,0.6614289311079893,-0.0006048125768200172,1.364505794256775,-0.003424529570714327,-0.0007747560692064893,0.06189576184960781,0.0943364075183842,0.05
3.125,178504369,-0.06005876482693913,0.1,0.06445231009297966,0.08460581695657873,0.09689864811747154,0.10823414009970359,0.001974983435527043,0.00973964564759522,0.13492086436118284,0.2861672411958622,0.10438275236258952,0.08231146441963005,0.09883215525562852,2.7764451051977987,0.14950641657141933,-0.5920468986301314,0.23814581834062917,0.134250004456253,12.706204736432095,0.0849168632783017,-0.22570591430421488,0.10558838465033664,0.10173971268000534,-0.30533887398875154,0.06708109600798522,-0.015995275210322915,0.13433311575578563,-0.005213206624790135,0.19388446592450692,0.002519754813428672,0.2861672411958622,-0.002990121613148323,0.44016388314903004,-0.0005628207160592204,0.6614289311079893,-0.00014930081983799935,1.364505794256775,-0.0064673925434891606,-0.00040644999227143003,0.0451317218401305,0.04989494901435898,0.05
3.125,959324018,-0.0742107170511434,0.1,0.06248777841641041,0.031020801635117473,0.03167462683434075,0.023633470327052975,0.00010412513908672049,0.000454415780612973,0.026011777887965888,0.13433311575578563,0.0339372296421769,0.08231146441963005,0.021347813026616307,2.7764451051977987,0.0948136917785398,-0.42646264057431793,0.10002738031420122,0.024357817299151374,12.706204736432095,0.017924584306765454,-0.10732767424088763,-0.04280500589308648,0.0804780637502737,-0.3235092062637948,-0.013231377641756106,-0.017638760143321403,0.13433311575578563,0.005124227615556007,0.19388446592450692,6.932205776018907e-05,0.2861672411958622,-0.002392435614325235,0.44016388314903004,-0.00026075701683134884,0.6614289311079893,-0.00035458720227319967,1.364505794256775,-0.003052122683669265,-0.0008499503527476338,0.06540254557280253,0.0970070370149524,0.05
3.125,1783621058,-0.025773167647617525,0.1,0.07650688458155254,0.05175503868027117,0.06124757366171696,0.06940606950650094,0.0015646475982977722,0.0032525548860434664,0.0803037735495108,0.2861672411958622,0.06697402264147424,0.08231146441963005,0.05711353021562394,2.7764451051977987,0.17045045232250794,-0.3355699399999128,0.6109227080592431,0.0747085864999794,12.706204736432095,0.049114708279274985,-0.1262219430221952,0.07159539725426615,0.0631637124557285,-0.13535210056934197,0.09634564306467097,-0.03205263612483896,0.13433311575578563,0.012608667111403252,0.19388446592450692,-0.0015052740915410818,0.2861672411958622,-0.0013978402099169764,0.44016388314903004,0.001743249455551563,0.6614289311079893,-0.0020188410467462045,1.364505794256775,-0.0017508759460873546,-0.0014182013985668054,0.08411484027277451,0.11780107364372053,0.05
3.125,1861044489,0.11225323815055122,0.1,0.06731023783418108,0.04857510442561464,0.04467188196442667,0.06935412790956808,6.686469507738912e-05,0.00474313036301934,0.07278222801937871,0.19388446592450692,0.047328857005370206,0.08231146441963005,0.06896984001921869,2.7764451051977987,0.24073719755626968,-0.7235402832826748,0.613246944305606,0.0662047473794083,12.706204736432095,0.060410531469701066,-0.005665365493505761,0.2450075966121662,0.10591204768903371,-0.13367348460147851,0.34450873396884346,-0.015501547042455292,0.13433311575578563,0.0002766042429375177,0.19388446592450692,-0.004736892397571391,0.2861672411958622,0.0022701348915092987,0.44016388314903004,-0.00027348030228783955,0.6614289311079893,-0.0012361629884536673,1.364505794256775,-0.002755482902598977,-0.0008520338488288513,0.06512147024510902,0.08293775051321542,0.05
3.125,1486077081,-0.023171217509458636,0.1,0.0810305828976848,0.08694726059823488,0.0901063770628504,0.12218410631494306,0.0025215916513693787,0.012407364184611929,0.14214451829255592,0.2861672411958622,0.09852664705697975,0.08231146441963005,0.11154919819824567,2.7764451051977987,0.17933571564773038,-0.31103326445239854,0.6847982753421721,0.13792479221402282,12.706204736432095,0.10393043266787987,-0.19453089204039867,0.14389761159628053,0.11741956950896439,-0.13660972658664805,0.31374081189867636,-0.00916907234984055,0.13433311575578563,0.0014443441201287919,0.19388446592450692,-0.010038175721541009,0.2861672411958622,0.0014496100075802642,0.44016388314903004,-0.000895486972643658,0.6614289311079893,-0.0004967541874710749,1.364505794256775,-0.0019874541587633914,-0.0014145188931572199,0.0836931594179108,0.14167382983769702,0.05
3.125,1690563017,-0.03572946715139041,0.1,0.07871514480680356,0.05509978431226025,0.057747832218520215,0.049712614516597836,0.0005126919289573945,0.0019586521131184594,0.05950577836459278,0.2431366342882323,0.06338767087779267,0.08231146441963005,0.04432057036383926,2.7764451051977987,0.05258910337592677,-0.2229992203892603,0.06902229692040553,0.05609743070832032,12.706204736432095,0.03935240175980324,-0.10540436549820781,0.0408984293415798,0.07411802343723552,-0.24073965867671399,0.06867160193076664,-0.02167077587150978,0.13433311575578563,0.009751165276360144,0.19388446592450692,-0.0012574525746934014,0.2861672411958622,-0.0010569022961445225,0.44016388314903004,-0.000617056643286514,0.6614289311079893,-0.0009560220548501077,1.364505794256775,0.001165398694357099,-0.0020097331288759573,0.09991194391195835,0.13303599506048341,0.05
3.125,1018379370,-0.10433708500191374,0.1,0.08460853956919065,0.059443435311234534,0.06003427419383806,0.034092228913193766,0.0006693660627888642,0.0004929140094807407,0.056634213293856935,0.19388446592450692,0.06909711745938661,0.08231146441963005,0.02223372700301408,2.7764451051977987,0.028770035948340742,-0.15840284262424165,0.001354008346029098,0.028609627218767388,12.706204736432095,0.021037214272230723,-0.13751130756226532,-0.06858479544653419,0.062166400374468335,-0.2079065289855486,0.01215082120622661,-0.016539772250392687,0.13433311575578563,0.011491740683237028,0.19388446592450692,0.0019866999151385827,0.2861672411958622,-0.0028352876234793356,0.44016388314903004,-0.0031581214013443313,0.6614289311079893,-0.00024686013803965626,1.364505794256775,-0.000723456327876347,-0.001853967261700297,0.09626199117192721,0.1502222628964172,0.05
3.125,1238862870,-0.014313912451246809,0.1,0.07798712843804831,0.10210104401019619,0.0957003666441776,0.14375903785566252,0.0002959666298659701,0.020370694335319843,0.16346158124139695,0.13433311575578563,0.11155342160186572,0.08231146441963005,0.14293204390352526,2.7764451051977987,0.13910234537874655,-0.24717587488329185,0.5252441770134172,0.1441951035879906,12.706204736432095,0.13482438609079464,-0.22095180138174483,0.19141282839474946,0.13366891450328033,-0.15300322711011446,0.4265215146189979,-0.01386487543989195,0.13433311575578563,-0.003298645994796579,0.19388446592450692,-0.0023830622144609924,0.2861672411958622,0.0005081620126622015,0.44016388314903004,0.0004854646661304625,0.6614289311079893,-0.0009738463186274954,1.364505794256775,0.002272862127444414,-0.00198648871223589,0.0996045253677565,0.11761087671702646,0.05
3.125,1280384647,0.18268722795732767,0.1,0.07340879537617896,0.037728962492744066,0.03941701352368038,0.02295487961992108,5.217802677478199e-05,0.0004747484715902862,0.01793668793173261,0.13433311575578563,0.03811202690250022,0.08231146441963005,0.021820187373153027,2.7764451051977987,0.10557782222061524,-0.03681429376937695,0.5494477616743642,0.010756227716616641,12.706204736432095,0.01856798115496842,0.15205684591825447,0.21331760999640087,0.07273868719745304,0.08045688656800594,0.3646466043240872,-0.014234987268934943,0.13433311575578563,0.0008532801980488706,0.19388446592450692,0.00651904543658545,0.2861672411958622,-0.0013605670745176547,0.44016388314903004,-0.004547379254675985,0.6614289311079893,0.0005385080474866406,1.364505794256775,-0.006362841090688823,-0.0002990377815553021,0.038514430214270375,0.060095475192209626,0.05
3.125,1259080393,-0.16091401892832358,0.1,0.06354602732840521,0.017134975910445674,0.018436678042150198,0.025819486329401415,2.195845329360657e-05,0.0006446874210205398,0.03089289764761151,0.32612014812863077,0.01939630076091266,0.08231146441963005,0.025427360843445698,2.7764451051977987,0.23787970535782094,-1.1550486676910972,0.1658712194421359,0.03165262472235157,12.706204736432095,0.022617069073250947,-0.2055124985966471,-0.12008084436342538,0.02127480793270011,-0.1869870003838669,-0.12334507960760517,-0.016249403905252705,0.13433311575578563,0.0027226278440749463,0.19388446592450692,-0.002929136502151176,0.2861672411958622,-0.0003864014451786786,0.44016388314903004,1.2167520299637805e-05,0.6614289311079893,-0.0010243730687166267,1.364505794256775,-0.0006247577765035335,-0.0015489629404936808,0.08802574850088288,0.1127654798040389,0.05
3.125,1041602295,0.288501525791661,0.1,0.06653298109379698,0.0338738802859361,0.03924279307009388,0.04338107083025481,0.0005635449285421275,0.0013183723778374574,0.0469809444088878,0.13433311575578563,0.04462429950686041,0.08231146441963005,0.036361830298114725,2.7764451051977987,0.05806148380113636,0.11975347319998261,0.44216251820035524,0.027266163944681055,12.706204736432095,0.03414421405899651,0.22936178867602716,0.34764126290729486,0.04029920948035597,0.1881764978935066,0.34242549398291094,-0.011186412695566198,0.13433311575578563,0.0017618204051099327,0.19388446592450692,-0.004897465370775576,0.2861672411958622,-0.001773478187846381,0.44016388314903004,-0.0009595798702264058,0.6614289311079893,0.0009509308982005945,1.364505794256775,-0.005207485506099849,-0.00033326777040967274,0.04072798505866718,0.06445975891186252,0.05
3.125,773466876,0.03518602542710665,0.1,0.0641835589883027,0.10679196808796886,0.10106108392877179,0.0762932552248545,0.00024096097001921786,0.005579699822785571,0.059542785018380166,0.13433311575578563,0.09446031696638293,0.08231146441963005,0.0748052546473269,2.7764451051977987,0.09404243071401065,-0.34773402847560997,0.17447326439802602,1e-150,12.706204736432095,0.06818242804325048,-0.08313192708618296,0.15350397794039627,0.12430734127996544,-0.2793907670045449,0.182924866124857,-0.006852419493455259,0.13433311575578563,-0.00269383945661411,0.19388446592450692,0.0014725740653842223,0.2861672411958622,0.0007933342579404612,0.44016388314903004,-0.004248663526429749,0.6614289311079893,0.00038189294554582566,1.364505794256775,0.0006818079552241065,-0.0017825922432533113,0.09423400859128038,0.14673614015615097,0.05
3.125,147680791,0.06671818736361557,0.1,0.07309299475419524,0.04932243408154471,0.050995448723503596,0.06480986980889525,0.00027616641158618614,0.0039241528130597655,0.07284372054599568,0.32612014812863077,0.05074090472886381,0.08231146441963005,0.06273351811574446,2.7764451051977987,0.122239262045507,-0.22886992425659394,0.44991127728188407,0.07639193395286785,12.706204736432095,0.05486570722900832,-0.045288019017827724,0.17419628540568993,0.09460557214442004,-0.15241818730215462,0.17719650310138008,-0.010516807842591134,0.13433311575578563,-0.003312255740919045,0.19388446592450692,-0.0010172955161287486,0.2861672411958622,0.00020497491297677902,0.44016388314903004,-0.0009079435950485036,0.6614289311079893,-0.001025438247208079,1.364505794256775,-0.0037900198360195513,-0.0007053986373394779,0.05913978290084074,0.08106361915688774,0.05
3.125,2087282552,-0.035044396482449114,0.1,0.07011756197982687,0.06779601239071902,0.07710125111439028,0.09301575186601392,0.0010539062691026588,0.007598023826097213,0.08724812278006357,0.13433311575578563,0.07144688717494933,0.08231146441963005,0.08729251647495917,2.7764451051977987,0.10537156209875169,-0.3960537320130104,0.1890629836192396,0.06860102731642632,12.706204736432095,0.07940388295817724,-0.15541396143305167,0.08523021406938049,0.08666543232222362,-0.15595260270459246,0.14376344632081203,-0.012797548008835376,0.13433311575578563,0.0025006103746198906,0.19388446592450692,0.0011507134981545153,0.2861672411958622,-0.00400071654857889,0.44016388314903004,0.0010102252962130814,0.6614289311079893,-0.0007461850063885091,1.364505794256775,-0.0052027421328222885,-0.00011009449311881392,0.02334755044089986,0.035356287639919146,0.05
3.125,1227468925,0.12118101844914315,0.1,0.07390127971787615,0.07031862977877322,0.06884042877959803,0.09589407811080256,0.0005348128932334264,0.008660861323487274,0.09799888906722085,0.32612014812863077,0.07276853183079987,0.08231146441963005,0.09319813686225498,2.7764451051977987,0.08566956678813825,-0.11568361456073092,0.36003008418595384,0.10206389639206159,12.706204736432095,0.09155072141761253,-0.022414923618677765,0.2647769605169641,0.11330146482716273,-0.1238141465687412,0.3192619957820821,-0.012582082379929157,0.13433311575578563,-0.014279396769591127,0.19388446592450692,0.005210778142833485,0.2861672411958622,-0.002868082895473079,0.44016388314903004,-0.0008553807362470378,0.6614289311079893,0.0008902103432286575,1.364505794256775,0.002407617843366289,-0.0023088920079342517,0.1078249117896284,0.16901679976476186,0.05
3.125,1512202715,0.04982759773212908,0.1,0.0653509242153928,0.05204387409851789,0.04940127483467505,0.049152020788616024,6.432484951511205e-05,0.00235159629808943,0.05134671196795974,0.13433311575578563,0.049730303773162655,0.08231146441963005,0.04856328674196356,2.7764451051977987,0.06383907667308503,-0.16201201439380294,0.19247936950486486,0.03209676855644903,12.706204736432095,0.03943563613230144,-0.018746973788842616,0.1223938178985729,0.06926607948649148,-0.034600325845580523,0.17955148377193103,-0.015598568382640994,0.13433311575578563,-0.00192413079587149,0.19388446592450692,-0.0009397123130740066,0.2861672411958622,-0.0007666623032246483,0.44016388314903004,-0.000716563017256547,0.6614289311079893,0.00011029698780029645,1.364505794256775,-0.0027921482259282496,-0.0009530102091258826,0.06922847339967088,0.10687132710141307,0.05
3.125,502495180,-0.3336640077892023,0.1,0.06232301190893386,0.043025718531957496,0.04063902671584314,0.044757213314268955,0.0001234295708343509,0.0018797785728246234,0.043934083627456856,0.13433311575578563,0.04070893700467555,0.08231146441963005,0.043419021855325673,2.7764451051977987,0.07725177669636137,-0.5346593894392402,-0.10568875488634835,0.03106751023593913,12.706204736432095,0.04094254201791649,-0.3958088523973899,-0.2561656186838158,0.055637540196503965,-0.45588515757329906,-0.22390665048517452,-0.007789943584783394,0.13433311575578563,-0.003477973702609045,0.19388446592450692,0.006282682729785585,0.2861672411958622,-0.00654674088280043,0.44016388314903004,0.0028152367589642743,0.6614289311079893,-0.00368694233500534,1.364505794256775,0.006449772752411158,-0.0034580076756216965,0.13142449148504914,0.18938277081040586,0.05
3.125,1786998076,-0.0037493815884821063,0.1,0.0633205161499695,0.08500727682954007,0.09854194732382063,0.1564067377934718,0.002821176480322111,0.021641891146873732,0.2005149186965833,0.32612014812863077,0.10915327401015969,0.08231146441963005,0.14732426807969315,2.7764451051977987,0.13129831713183546,-0.41401497876837673,0.31507016107440894,0.20622732425215592,12.706204736432095,0.14005688671825606,-0.23549751591056317,0.22799875273359899,0.09364036422977469,-0.23867085903352567,0.16720462548039047,-0.01471793452264134,0.13433311575578563,-0.001913042440273516,0.19388446592450692,0.0005040213410075127,0.2861672411958622,-0.0034020339167440145,0.44016388314903004,0.0015923406695584818,0.6614289311079893,-0.0005606403841493885,1.364505794256775,-0.0042376440585700816,-0.0003883364434126031,0.04437280897920936,0.06050674541356387,0.05
3.125,793131442,0.12777728587832654,0.1,0.06452318232391913,0.0778154081014538,0.0813416524930443,0.0986369971820543,0.0007367022351738627,0.008992554977918727,0.09403532551202856,0.13433311575578563,0.07949384696678234,0.08231146441963005,0.09496602035047853,2.7764451051977987,0.1106144198954355,-0.1280744094569539,0.48615531990899785,0.07871065773021398,12.706204736432095,0.09200839090692484,-0.014144113099576666,0.2696986848562297,0.08702489048478636,-0.06341817693575345,0.26114884105708486,-0.01560935652588144,0.13433311575578563,-0.007792862872901294,0.19388446592450692,0.00547026530175064,0.2861672411958622,-0.0012632059804745831,0.44016388314903004,-0.001708146811573914,0.6614289311079893,-0.000536843562004195,1.364505794256775,-0.0011003348864049225,-0.001645212604442851,0.09059986841068836,0.1264311781657339,0.05
3.125,365823442,-0.4835905973047391,0.1,0.06403086041722234,0.06599570104135855,0.07022776367651591,0.06705618797623572,0.00033238743226879103,0.004164144913635469,0.07973528275765576,0.13433311575578563,0.07950916363278233,0.08231146441963005,0.0646233704981559,2.7764451051977987,0.15287787609357045,-0.7205725130418836,0.12834154850417484,0.06576673142882136,12.706204736432095,0.05976627349551938,-0.6057420763378828,-0.3713192562744528,0.11066078532073949,-0.551672455950567,-0.14519097475317252,-0.0187910636766788,0.13433311575578563,-0.0009215988580773209,0.19388446592450692,0.0005107102742467423,0.2861672411958622,-0.00021597145619077916,0.44016388314903004,-0.0012100411148361816,0.6614289311079893,0.00014956056596199832,1.364505794256775,-0.004545950615854204,-0.00048639729348933755,0.049057246509084336,0.06661836435756012,0.05
3.125,842352018,0.18672481576939395,0.1,0.06113224359105245,0.04382241469270909,0.04766417237311302,0.057017446906010155,4.3701150797010885e-05,0.0032072881008826763,0.053833635332278626,0.13433311575578563,0.046443868894475056,0.08231146441963005,0.05671470461592261,2.7764451051977987,0.19803796869760687,-0.6253696924261113,0.47431340524145954,0.05212593435394539,12.706204736432095,0.05347899140560282,0.09679488416706764,0.26531627551070436,0.05906759585285836,0.09129254749458307,0.2755871283351875,-0.019987163364166078,0.13433311575578563,6.167660070040698e-05,0.19388446592450692,-0.003550800223790546,0.2861672411958622,0.0013876217726711748,0.44016388314903004,-0.0010524562728273525,0.6614289311079893,0.00023505645439666996,1.364505794256775,-0.002166850359950535,-0.0011106668767298577,0.07437377228681014,0.10768055578332818,0.05
3.125,2126104577,0.10255263993161476,0.1,0.06873160665673765,0.07915923945783637,0.08256066638265659,0.11155567596687001,0.0006202797946836848,0.011824389045741615,0.12550533258011964,0.19388446592450692,0.0947369793831853,0.08231146441963005,0.10889703200985731,2.7764451051977987,0.12807305138093963,-0.1718716014730754,0.5393039917556366,0.12269437830607999,12.706204736432095,0.09498780309507404,-0.0518100538592495,0.27689511985756315,0.0727500948648271,-0.022841579920961905,0.22738898042985134,-0.021575133270409302,0.13433311575578563,0.010269453217448722,0.19388446592450692,-0.0004593936887386379,0.2861672411958622,-0.002643981025042232,0.44016388314903004,-0.0011379254782211989,0.6614289311079893,4.26713004877817e-05,1.364505794256775,-0.0070882626978933695,-7.406194794500677e-05,0.019270341545425285,0.027239660306379962,0.05
3.125,332988153,0.211942846681384,0.1,0.08484023345948048,0.061854618210701554,0.06687058659241545,0.0302740822007806,0.0006328961643808475,0.00028362388871877326,0.05872245707287087,0.13433311575578563,0.07371133826765758,0.08231146441963005,0.016865456143861157,2.7764451051977987,0.041021623212839545,0.08788987272512856,0.3156784426782421,1e-150,12.706204736432095,0.015884040735114846,0.1828287332431646,0.24365286046521512,0.07187147968780883,0.09890921588857442,0.39170691556528725,-0.008681282243573665,0.13433311575578563,-0.005431710915984949,0.19388446592450692,0.001514972733918616,0.2861672411958622,-0.0018201835720970197,0.44016388314903004,-0.0019134277195853734,0.6614289311079893,0.0006618912776050167,1.364505794256775,-0.002580379678215663,-0.0009763121678002467,0.069468785618836,0.10113805613054014,0.05
3.125,1964366931,0.015504692964798804,0.1,0.07495369789946459,0.0882277875712198,0.09879228753740564,0.086049710958239,-2.8435506518795922e-05,0.007432988262515273,0.07798003874898544,0.13433311575578563,0.09956328767609746,0.08231146441963005,0.08633927777988093,2.7764451051977987,0.1128429515098038,-0.28764935860861907,0.3389551621423156,0.05046295988182017,12.706204736432095,0.07340043808060447,-0.11463543843007382,0.1282671349757782,0.10185951221779653,-0.1009130198475042,0.26495292861450304,-0.016784900506160338,0.13433311575578563,0.0037068180627228406,0.19388446592450692,-0.001729252216606382,0.2861672411958622,0.0007976790670254411,0.44016388314903004,-0.002094072700176039,0.6614289311079893,-0.0002600895333555647,1.364505794256775,0.012190970699170356,-0.004723974707424476,0.1547491734558761,0.2516656726850803,0.05
3.125,135534136,-0.11365139662283891,0.1,0.07138921497533057,0.05184955498687,0.05776375808583718,0.07320047423890882,0.0011777567021449067,0.004180552726656247,0.10244939398426352,0.32612014812863077,0.06773832934899096,0.08231146441963005,0.06475056176580728,2.7764451051977987,0.15925217155570334,-0.7312457242353149,0.15306410018059047,0.107909236742625,12.706204736432095,0.052221653856460104,-0.21130011878157912,-0.00391856113218092,0.06608070754979403,-0.21997972786477954,-0.020390338472362306,-0.002820231980656704,0.13433311575578563,-0.0002735033397153142,0.19388446592450692,-0.0011506866728277726,0.2861672411958622,0.0023533604633484244,0.44016388314903004,-0.0029542388553027944,0.6614289311079893,-0.002175680906121258,1.364505794256775,-0.001069396612914135,-0.0013887653224222906,0.08368301817600296,0.11740862707700964,0.05
3.125,1159761530,0.05223498703524851,0.1,0.06877904017671052,0.045112699999432536,0.04539794183850102,0.03904053698968883,0.0008280739474224481,0.0006960895810208139,0.033452397698674176,0.13433311575578563,0.04394690141934083,0.08231146441963005,0.026421608592573247,2.7764451051977987,0.16858370329070155,-0.20413849754421526,0.7319882980909573,1e-150,12.706204736432095,0.0249701390502794,0.012914980191445047,0.09140853445147692,0.08707841459970753,-0.005419453259995549,0.31938172594244413,-0.003843358282887527,0.13433311575578563,-0.0007558014624598929,0.19388446592450692,0.0017898482890942337,0.2861672411958622,2.9762164184264004e-05,0.44016388314903004,-0.0039813244897971885,0.6614289311079893,-0.00023733711567905472,1.364505794256775,0.001250603898550437,-0.0019489718026552757,0.09846674064052334,0.13969756450700094,0.05
3.125,411191511,-0.3063177076488294,0.1,0.09015965866958214,0.06071700463846023,0.06884079632357194,0.1053357949026328,0.001103721680164719,0.009991908007604801,0.11102323522064977,0.2861672411958622,0.07050630671809899,0.08231146441963005,0.1001038778192313,2.7764451051977987,0.17385366943711197,-0.8098745319411318,0.15551580711755947,0.10660726510784971,12.706204736432095,0.0866060495723418,-0.44730630828758855,-0.16708463504763366,0.10516412481707053,-0.47397186229218036,-0.026042626277442135,-0.009491006411577388,0.13433311575578563,-0.004838990190656906,0.19388446592450692,-0.0028418581298342597,0.2861672411958622,0.0028501839513555066,0.44016388314903004,-0.0011622686887647743,0.6614289311079893,-0.002290812043395247,1.364505794256775,-0.002860419804518971,-0.0011243867308156543,0.07530082349757666,0.10217390485174076,0.05
3.125,2075922512,-0.3256523464538495,0.1,0.07607360233140355,0.05926128091012526,0.06755489442239392,0.0839150824860909,0.0009384877032275274,0.0061032533654199125,0.08818221872525593,0.13433311575578563,0.07372541216832677,0.08231146441963005,0.07823613504010542,2.7764451051977987,0.08548929162373446,-0.5321687957458778,-0.05745614519478842,0.07038901460211643,12.706204736432095,0.07659563605340261,-0.4615722447400216,-0.18973244816767737,0.05752111470908011,-0.4217786045933925,-0.20472926543021258,-0.0005912791828666833,0.13433311575578563,-0.0007493408137823387,0.19388446592450692,0.002766578790840142,0.2861672411958622,-0.0025713908491344696,0.44016388314903004,-0.004340988067104772,0.6614289311079893,0.0015748464648767642,1.364505794256775,-0.003745109284761164,-0.0004963783467774416,0.04991603507648816,0.07198582488274047,0.05
3.125,1804810117,-0.16041533799074148,0.1,0.0682619116945966,0.08671561512104263,0.08772995755607509,0.08610922179393836,0.0007056563167392709,0.006709141761218397,0.09110157928305555,0.13433311575578563,0.0892609406112977,0.08231146441963005,0.08202763159047874,2.7764451051977987,0.11948802710920395,-0.5597037661058251,0.10380012988835735,0.08699882260464065,12.706204736432095,0.07130900265796361,-0.3114305943814487,-0.04488336202321273,0.09367464693089604,-0.3152521904688426,0.02218131436535371,-0.01216239910571414,0.13433311575578563,0.003329008693851347,0.19388446592450692,-0.006616357931101044,0.2861672411958622,0.0024269351902991617,0.44016388314903004,-0.0018637547722575225,0.6614289311079893,-0.0005097890019335655,1.364505794256775,-0.0011856225427688048,-0.0013807464725608804,0.08290484784124695,0.13107312970323773,0.05
3.125,259027751,0.036813131151127526,0.1,0.06953892547916204,0.03494163317220128,0.0390941645272588,0.03301299039058281,0.00045344174639585003,0.000636415788132863,0.041119261447722676,0.13433311575578563,0.04419664619370703,0.08231146441963005,0.02526371192286847,2.7764451051977987,0.12126122565352447,-0.23281465764868714,0.4405356151833404,0.035161608777795755,12.706204736432095,0.023435613807078412,-0.0013544247101789572,0.074980687012434,0.08165525089792168,-0.027512120976848423,0.19968808337987412,-0.010231165712231984,0.13433311575578563,-0.003582469010908915,0.19388446592450692,0.0006116604049179779,0.2861672411958622,-0.002030420562932771,0.44016388314903004,-0.0010438064407089177,0.6614289311079893,0.00020127341737794478,1.364505794256775,0.0012099863288550306,-0.0019072728716217657,0.09772631125761756,0.1262986502186612,0.05
3.125,83289367,-0.2752736989991686,0.1,0.06936983416521367,0.043389228895230156,0.050835750627191444,0.06645742759977746,0.0007100478517403624,0.0037065418314392996,0.07104994406194341,0.13433311575578563,0.05486137155633913,0.08231146441963005,0.06096929046729243,2.7764451051977987,0.1186754355426769,-0.7181092951330448,-0.05911763089368044,0.0628427931663315,12.706204736432095,0.05646855184849486,-0.3694515668698317,-0.1850008673992155,0.05028053677489135,-0.38269963273843643,-0.17024410375668864,-0.018097880312213887,0.13433311575578563,-0.004549309942566536,0.19388446592450692,0.000755601015646667,0.2861672411958622,0.0032989850672010415,0.44016388314903004,-0.0024248215822678513,0.6614289311079893,-0.0010933996352026098,1.364505794256775,-0.005001426016077695,-0.0005924003304393074,0.054168171917275215,0.0872522121041735,0.05
3.125,2045635079,0.07585176083205561,0.1,0.08633912419250021,0.1261577879297134,0.13558728777264967,0.11328142927157715,0.001962768473450737,0.010869913744360601,0.14801173605956908,0.19388446592450692,0.14909219694245707,0.08231146441963005,0.10440943290736683,2.7764451051977987,0.1595575424369614,-0.46776637592127834,0.41823913947170477,0.12585731580067336,12.706204736432095,0.10405411715478562,-0.12349000265839344,0.27519352432250466,0.15469313521776917,-0.32706331500283337,0.22490049243274124,-0.010147244346109254,0.13433311575578563,-0.002741657673468702,0.19388446592450692,0.006937273943385277,0.2861672411958622,-0.0009204641284640035,0.44016388314903004,-0.0018344038873636833,0.6614289311079893,-0.002672653099974726,1.364505794256775,0.004506242442745242,-0.0029631755800346173,0.12130796083818886,0.2027317515309536,0.05
3.125,546672130,0.43242898009301906,0.1,0.07565421835518825,0.08418578006426393,0.08834854444167535,0.07416253604355201,0.0016602974497584716,0.0038397843026526787,0.12053574210961394,0.32612014812863077,0.10160266934384213,0.08231146441963005,0.06205547473950944,2.7764451051977987,0.06461372901148874,0.23641738243218127,0.5952103257172311,0.11401612009195176,12.706204736432095,0.05560594213224149,0.35005423902157734,0.5172393047440078,0.09916682177499103,0.19333423461257185,0.5539424714114841,-0.015968714986786703,0.13433311575578563,0.0072270079729694296,0.19388446592450692,-0.0011817299225228668,0.2861672411958622,-0.002612617200061471,0.44016388314903004,-0.0004543637566084692,0.6614289311079893,-0.001074322712156182,1.364505794256775,-0.004283684076501458,-0.0008555623297287065,0.06547985322070113,0.08143469973611561,0.05
3.125,1025635249,-0.4039061335020621,0.1,0.07978104007121326,0.02763276318417757,0.03454429575562391,0.04191556502053322,0.00017428639692091883,0.0015826281940696293,0.040306693161454035,0.13433311575578563,0.035248917169332164,0.08231146441963005,0.03983970712737089,2.7764451051977987,0.17544523308457857,-0.609356469204415,0.3648716480515151,0.03816610463054153,12.706204736432095,0.037271147788249394,-0.46190620697587315,-0.3376622220195292,0.029497386009523188,-0.44678178518947537,-0.32738535124751833,-0.015228958672461169,0.13433311575578563,-0.0015168522829256898,0.19388446592450692,0.007426849836926876,0.2861672411958622,-0.00038119619579334545,0.44016388314903004,-0.006472970045696181,0.6614289311079893,0.0015111190199356373,1.364505794256775,0.005420671475544215,-0.0034109184379150607,0.13136833035999626,0.20398257969158187,0.05
3.125,1689947755,-0.09179369319046737,0.1,0.08033648892649194,0.07074652044496771,0.07721498424733934,0.07644421471690778,0.00011773940144773568,0.005725978562236965,0.06987439453758461,0.13433311575578563,0.08038515027029033,0.08231146441963005,0.0757794670951577,2.7764451051977987,0.09901286592733251,-0.33653977997155177,0.21326779393954468,0.04944923876755486,12.706204736432095,0.06555384964163796,-0.20671360037586453,0.017256810102851492,0.07247418322542722,-0.1963137973326025,0.09028592536071647,-0.014132782305309705,0.13433311575578563,-0.010753071919346801,0.19388446592450692,0.005744643602615592,0.2861672411958622,-0.0028599398069771085,0.44016388314903004,0.0016751490714249824,0.6614289311079893,-0.0018796133355697391,1.364505794256775,0.007223128130002445,-0.003405322987000078,0.12980885878344517,0.21881281795443827,0.05
3.125,398602496,-0.540524563827274,0.1,0.06984068799180945,0.04338047857877806,0.04205569930659032,0.015091277971211571,-9.141255653235462e-05,0.0003191592273367303,1e-150,0.13433311575578563,0.04302723935741837,0.08231146441963005,0.017890825940947052,2.7764451051977987,0.40568978509651327,-2.0147804954955086,0.23797034062441358,1e-150,12.706204736432095,0.01701284831213041,-0.5680970557924894,-0.5135870226041381,0.05458464660980451,-0.645163808937488,-0.4579061996450683,-0.0018897251618630914,0.13433311575578563,0.001864366204542384,0.19388446592450692,-0.0036941875110650274,0.2861672411958622,0.0008765901022579927,0.44016388314903004,-0.001977444151223431,0.6614289311079893,-0.0017145063611378622,1.364505794256775,-0.00414094888386706,-0.000598612192194798,0.0545794808925181,0.09400208323802507,0.05
3.125,2012404369,-0.1502165940647766,0.1,0.06055842312884871,0.03563666291158697,0.031807113206095756,0.0312755748588408,-0.00019347395145826178,0.0011716355342092162,0.027760896074726378,0.13433311575578563,0.0319100921605783,0.08231146441963005,0.034278590462223986,2.7764451051977987,0.15569572502142717,-0.6853686123985628,0.179192654873365,0.021182685675255983,12.706204736432095,0.03300952570396941,-0.2124286036797482,-0.10057483190302649,0.04634113595719547,-0.23049041011364899,-0.05847861581140035,-0.015349664067754648,0.13433311575578563,-0.0013103896491666915,0.19388446592450692,-0.00545781368935615,0.2861672411958622,-0.0012160595291665478,0.44016388314903004,0.0024036224737321744,0.6614289311079893,-0.0012529630942711592,1.364505794256775,-0.003945445812619254,-0.0006308461636784922,0.055842853062818595,0.08937757428597667,0.05
3.125,1877004221,0.023699949210739216,0.1,0.06439060970232739,0.033026399198966085,0.03374019164248711,0.022765740982923985,7.303571762676654e-05,0.0004452432448748183,0.032346877444951315,0.2861672411958622,0.03590627018515638,0.08231146441963005,0.021131258246075132,2.7764451051977987,0.03181430658942946,-0.07704237768897734,0.09961897392198965,0.031763489477598356,12.706204736432095,0.020300154912087434,-0.011715046628990415,0.055853390153690015,0.06386682731887736,-0.04616815600027303,0.1030300306521882,-0.01522429742316432,0.13433311575578563,-0.00201370136670565,0.19388446592450692,-0.000892167517869444,0.2861672411958622,-0.0006067716869967691,0.44016388314903004,-0.0020947447371787234,0.6614289311079893,0.0010024931949726302,1.364505794256775,0.005056479428076925,-0.0029899288613867803,0.12253668767043872,0.1383549741619169,0.05
3.125,2098104473,-0.16223963057473562,0.1,0.08279961746429902,0.1306534859571355,0.14030064900453218,0.17317902685290734,0.0011172434268850381,0.02887373191483496,0.1710360588320978,0.13433311575578563,0.14327953893034137,0.08231146441963005,0.17016809926385842,2.7764451051977987,0.12784067828693205,-0.3716310736674904,0.33825417728234763,0.16093098364408515,12.706204736432095,0.1511839878575421,-0.39586380876568095,0.06973625331104158,0.1200425235233051,-0.3882181957605906,0.0696318356790729,-0.008865564501155375,0.13433311575578563,-0.0053163470534707755,0.19388446592450692,-0.004516020764329282,0.2861672411958622,-0.0017920600172919852,0.44016388314903004,0.0007015550160622525,0.6614289311079893,-0.0006375312093339736,1.364505794256775,-0.003761370937419882,-0.0009054947736089644,0.06703376475854707,0.11610982281148899,0.05
3.125,1787226978,-0.22584183248724735,0.1,0.06488307769890898,0.017191335497054986,0.019993672517473037,0.017906751480088037,4.868479684177042e-05,0.00027196695172786465,0.01803762985919918,0.13433311575578563,0.020861716673505257,0.08231146441963005,0.016515234887226317,2.7764451051977987,0.04808662862481478,-0.3677817403438898,-0.10076197100222703,0.014176886023682136,12.706204736432095,0.015490689732894322,-0.25167845821609697,-0.19767032179565536,0.046734294027002875,-0.2925328325259058,-0.1136882690950808,-0.005896753043319356,0.13433311575578563,0.007107983893832167,0.19388446592450692,-0.00189975337176568,0.2861672411958622,-0.0025160605982192433,0.44016388314903004,-0.0025048978098518976,0.6614289311079893,0.0013566455712204866,1.364505794256775,-0.002979195925469036,-0.0004978064285094218,0.049780097238289786,0.06460647154489295,0.05
3.125,1980500543,0.29348644567950327,0.1,0.07971234651060657,0.15869252564724098,0.15527333543880167,0.1701652329045287,0.0011272666383004386,0.027828939851152056,0.16187882104008988,0.19388446592450692,0.153046707576666,0.08231146441963005,0.16706097782890414,2.7764451051977987,0.1573380415245539,-0.21457216500269455,0.6591087055018168,0.14955964424045995,12.706204736432095,0.1506296821032344,0.028982959215567275,0.5266176634405814,0.15848795732056836,-0.10882616571341049,0.4854788769896684,-0.014466737968075604,0.13433311575578563,0.0040476481811347305,0.19388446592450692,-0.006003304028680799,0.2861672411958622,-0.0038371208959162937,0.44016388314903004,0.0024621433809479463,0.6614289311079893,-0.0003715710814008745,1.364505794256775,-0.002502616973449818,-0.0009559482880006266,0.06907681472758487,0.11169122501723495,0.05
3.125,1977925942,0.14482901099076675,0.1,0.075431784192606,0.058076419650286926,0.05397536961889172,0.04675443503745688,0.0001222586293392427,0.002063718566332533,0.05557031239507488,0.13433311575578563,0.05791144750005176,0.08231146441963005,0.04549376958287262,2.7764451051977987,0.04416473652923547,0.05907490572555313,0.3043168388434456,0.033548364144879356,12.706204736432095,0.040076885405466424,0.08328936248484708,0.21548431967660567,0.10249685444506033,0.03525893344055251,0.4596859393082013,-0.00907609792844713,0.13433311575578563,-0.017937886238693485,0.19388446592450692,0.0026862869761891074,0.2861672411958622,-0.0013325782167833654,0.44016388314903004,0.0006562878629957528,0.6614289311079893,-0.0022276333936519393,1.364505794256775,0.0012110332207211907,-0.0025572376278433927,0.1128357467226621,0.14308350762945604,0.05
3.125,673943374,-0.08720190781659304,0.1,0.08365329576286969,0.09787004482977028,0.11054287395390218,0.09488264542824114,0.003178406836395418,0.00582430956706591,0.120438625145245,0.13433311575578563,0.12564180010007125,0.08231146441963005,0.07642736965060759,2.7764451051977987,0.2152253441046448,-0.8679883381241082,0.3271343681835977,0.061976381067910716,12.706204736432095,0.06832095810346948,-0.1995841600562742,0.042939639382953504,0.11639433009812485,-0.3686829571878616,0.0506394333014351,-0.012308629436749997,0.13433311575578563,0.0032588313818648833,0.19388446592450692,-0.0005606690388164487,0.2861672411958622,0.0003723133175503915,0.44016388314903004,-0.002539481241196274,0.6614289311079893,-0.0009004479086536716,1.364505794256775,-0.004089682739097302,-0.0008212203495547245,0.06402849226640742,0.08121584825193284,0.05
3.125,189675162,0.11924005561516969,0.1,0.08253046286271712,0.04177301587591829,0.04819373206306983,0.04691349055416199,0.00043349808677313646,0.0017673775092023098,0.049614446301543914,0.2861672411958622,0.050636089865223596,0.08231146441963005,0.042100897100721665,2.7764451051977987,0.04926015273102873,-0.07180593399615154,0.20173028586656988,0.047240267209146036,12.706204736432095,0.03616081985851029,0.061914030987200976,0.18387515554656925,0.05716281618999578,-0.011591667785416012,0.22670261041163528,-0.003597100818997183,0.13433311575578563,0.005305917167313198,0.19388446592450692,-0.0007407609533643379,0.2861672411958622,-0.0007709572218724581,0.44016388314903004,-0.0017123929619821884,0.6614289311079893,-0.0019116470898830561,1.364505794256775,-0.004669269625091963,-0.00032220449796398307,0.0404409355374787,0.0622980466715866,0.05
3.125,1496755422,-0.22766110135792517,0.1,0.07118321875280852,0.02879613665172032,0.03507303444136036,0.03690438551839098,0.00013679803318400463,0.0012251356373060211,0.04085707274413692,0.32612014812863077,0.03277930884902383,0.08231146441963005,0.03505248196275267,2.7764451051977987,0.14824855981076046,-0.6913013823284309,0.131906594149987,0.04188859456407691,12.706204736432095,0.02830757987149363,-0.28103135284572156,-0.1806064216988647,0.046553791499862406,-0.29384801535906324,-0.11571765645074807,-0.017993176000580632,0.13433311575578563,0.0028192052296983827,0.19388446592450692,0.0036971662376204316,0.2861672411958622,-0.002537619190259381,0.44016388314903004,0.000255894981747247,0.6614289311079893,-0.0018112746670140665,1.364505794256775,-0.0019584350726366676,-0.0012067821944740929,0.07730124771259766,0.10842794904755085,0.05
3.125,1999247453,-0.09231576591523312,0.1,0.07746550417144159,0.05230441684844696,0.05530608174145954,0.0438363948874968,0.00046418925503475487,0.0014574402616978005,0.0426096023122843,0.13433311575578563,0.05458067143280843,0.08231146441963005,0.038231564404159736,2.7764451051977987,0.038896608808440196,-0.19043275843744603,0.02555583983252871,0.007490097515937023,12.706204736432095,0.03628787183707517,-0.14825232869622898,-0.036379203134237266,0.06573418497716235,-0.25230806391336136,0.011270224619432886,-0.015771949029166857,0.13433311575578563,0.0007094079559398,0.19388446592450692,-0.0017320182771706153,0.2861672411958622,0.0025324313589228254,0.44016388314903004,-0.0025360899402958373,0.6614289311079893,-0.0015047015665845575,1.364505794256775,-0.0021596056407976855,-0.0014968682694435922,0.0869444978215192,0.14716007360379404,0.05
3.125,79335138,-0.13977738207396356,0.1,0.08054588762976757,0.13263443890459756,0.1390997419201767,0.12075262110493656,0.0006930404121479432,0.013888155091564427,0.13201893288309596,0.13433311575578563,0.14199981189222288,0.08231146441963005,0.11801819464866271,2.7764451051977987,0.3466496243837253,-0.6087693276427233,1.316137978034976,0.10836753605315254,12.706204736432095,0.10746252666591842,-0.3175905268225424,0.038035762674615184,0.39472443714141353,-0.2836820424669422,1.031888662045996,-0.021164776639762198,0.13433311575578563,-0.0017388956995967833,0.19388446592450692,-0.003372163934849114,0.2861672411958622,0.0006529782879092712,0.44016388314903004,0.0028745450101894496,0.6614289311079893,-0.0039691704145578795,1.364505794256775,0.0010134562979096204,-0.0023437114549308097,0.10803539287798931,0.14120688967410203,0.05
3.125,2094247634,-0.10068584871770525,0.1,0.057568625485812784,0.033947334751919196,0.04057292284606542,0.03933460476639969,0.0003056136317876488,0.0012415975003412245,0.03947400598972384,0.13433311575578563,0.04619809591210959,0.08231146441963005,0.035287192186728815,2.7764451051977987,0.19644192420389506,-0.4631706937912166,0.6276497440318662,0.025932673233449482,12.706204736432095,0.029674919980662857,-0.13951485644493467,-0.0364714225572616,0.04826156335776533,-0.14435894618016384,0.08151715599762191,-0.011605248219743272,0.13433311575578563,-0.005018640323259746,0.19388446592450692,-0.001280789858751396,0.2861672411958622,0.0015019100918047693,0.44016388314903004,-0.0014779951243797554,0.6614289311079893,-0.001261555175754291,1.364505794256775,0.003881676809250996,-0.0028088850357669477,0.11882776327690867,0.13214459807065765,0.05
3.125,1950372138,0.16944089004403393,0.1,0.06512016487365961,0.05219599202344581,0.05425339062934266,0.03911124655977226,0.00032859806972650174,0.0012010915377327954,0.052596510679929064,0.19388446592450692,0.05961562908775632,0.08231146441963005,0.034706813460163875,2.7764451051977987,0.048184777192481806,0.06627530839291512,0.3338400859551404,0.029743861692895925,12.706204736432095,0.03205555153660127,0.10239367026513782,0.21429694874930227,0.06529038279782325,0.05876594262194932,0.3282148955255914,-0.0014057894699055107,0.13433311575578563,-0.006833193408031462,0.19388446592450692,-0.00912639362308078,0.2861672411958622,0.002263282672801052,0.44016388314903004,-0.000928294071172109,0.6614289311079893,-0.00019719260141147033,1.364505794256775,-0.003475753098914555,-0.0006520333008948532,0.05688542209910142,0.07424040543123342,0.05
3.125,312526217,0.2019232359998219,0.1,0.06887440086590026,0.04388878051916475,0.046473340954312256,0.02814460334087945,0.00018170994318247825,0.0006104087540329645,0.011710881434829706,0.13433311575578563,0.044143419711758516,0.08231146441963005,0.024742128873307335,2.7764451051977987,0.08885198572890185,0.08251847645302265,0.575903798181251,1e-150,12.706204736432095,0.02130691476084636,0.17010502819572354,0.24178880655774648,0.05239154660493402,0.09014919633095204,0.27917172995849004,-0.008956545573389794,0.13433311575578563,0.0009195929143812411,0.19388446592450692,-0.003538135434874152,0.2861672411958622,-0.0016467018908934278,0.44016388314903004,-0.00013651976014253657,0.6614289311079893,-0.0007291208871638732,1.364505794256775,-0.005506224564531669,-0.00031756107153276664,0.03989924991539697,0.0559436635374349,0.05
3.125,888494036,-0.12701304073025577,0.1,0.06876082704437826,0.0347662389537977,0.03898188594916768,0.030525733952463076,0.0001458946397681685,0.0007859257935683886,0.03466258128529543,0.13433311575578563,0.04281946016433409,0.08231146441963005,0.02807485094171492,2.7764451051977987,0.11514098973090388,-0.5188411900626201,0.12052408462937611,0.035133222371258106,12.706204736432095,0.024359094092611222,-0.17197542581781078,-0.08679329229842159,0.05222800454655661,-0.23651713634131755,-0.046700020029420905,-0.01737225369026548,0.13433311575578563,-0.006731063864166014,0.19388446592450692,0.00018510687904478045,0.2861672411958622,-0.0012229082195315565,0.44016388314903004,0.00101103291280974,0.6614289311079893,-0.001207330267865183,1.364505794256775,0.001469265594579233,-0.0022134540898149004,0.10557023001923119,0.15847463255068267,0.05
3.125,129437503,0.15288949126455825,0.1,0.07083753726378157,0.04700468963736974,0.0478784448352428,0.03311934397737531,-1.3145203767846777e-05,0.0011100361492595529,0.03378629032283501,0.13433311575578563,0.05069248306609724,0.08231146441963005,0.03336531651614789,2.7764451051977987,0.03552010969840386,0.0911035043755565,0.288342773792001,0.018038621052872194,12.706204736432095,0.03191672904683342,0.09870743707808763,0.20207002997743662,0.0516012109699363,0.0651938513319615,0.27370082931792833,-0.011829082708748936,0.13433311575578563,-0.0013791076736225857,0.19388446592450692,-9.533285214981672e-05,0.2861672411958622,-0.0009645474264701102,0.44016388314903004,-0.002600651255448318,0.6614289311079893,0.0007831441572553991,1.364505794256775,-0.00524525249967451,-0.00044417386405039256,0.047155102192167585,0.066447856483446,0.05
3.125,2105507260,0.085373331291707,0.1,0.06563540857125769,0.0414737671372595,0.04326069632350435,0.05582224349275762,0.00017924755937489731,0.0029368753091898233,0.05986259229378873,0.13433311575578563,0.047728505430095,0.08231146441963005,0.05427120219893895,2.7764451051977987,0.18939092221728568,-0.3350821762140676,0.716584821704092,0.04749727351526454,12.706204736432095,0.04845146242362292,-0.0025686142363697956,0.17331527681978381,0.061132010362994836,0.02459079161351261,0.2306240584476479,-0.007580873829491282,0.13433311575578563,-0.005318611706164424,0.19388446592450692,-0.003958344558351923,0.2861672411958622,-0.0018416107336897915,0.44016388314903004,-0.0018137977490275082,0.6614289311079893,0.0004969058823154105,1.364505794256775,-0.001644135918752091,-0.0018170009270063179,0.09606694063686969,0.16185488391946906,0.05
3.125,569861483,0.27669069945062585,0.1,0.07749873723067321,0.035881811941834506,0.035810816271165544,0.04494279023021181,2.418464728155649e-05,0.0019956697463952657,0.052288084205034606,0.19388446592450692,0.038094635944774476,0.08231146441963005,0.04473742927384458,2.7764451051977987,0.15947644503935843,-0.30561935207285557,0.5799358383748894,0.04153437873233748,12.706204736432095,0.03859603707808074,0.21159431526078132,0.3383704502073894,0.05547641420036804,0.1851406536388416,0.39151317801267693,-0.022513258028926505,0.13433311575578563,0.005292374515298192,0.19388446592450692,-0.0036632843961225798,0.2861672411958622,0.0016257119527922147,0.44016388314903004,-0.002138699482594512,0.6614289311079893,0.00043165726827057725,1.364505794256775,-0.005949156760909096,-0.0002973420664705982,0.03850371977790596,0.05830354013601277,0.05
3.125,656770470,-0.20104588256667302,0.1,0.07884640539853276,0.12827611972879438,0.13481162214681328,0.06578614988109437,0.0028056260524451405,0.0015221914637326714,0.06989815793699476,0.13433311575578563,0.1407270399615641,0.08231146441963005,0.03907161195838608,2.7764451051977987,0.0511864973829383,-0.3644838116637379,-0.08025081144157994,1e-150,12.706204736432095,0.03790839526915609,-0.2604625021978539,-0.1358129639935605,0.14171782177630757,-0.530372347713478,0.02521546153838964,-0.020297683740060433,0.13433311575578563,0.002731664308404243,0.19388446592450692,-0.005411229093879481,0.2861672411958622,0.0018985206786115193,0.44016388314903004,-0.0005736786613022189,0.6614289311079893,-0.000418560065646007,1.364505794256775,0.005064518256654462,-0.002915815972009122,0.1208836933231016,0.1251703710652946,0.05
3.125,1078872907,-0.1613585832024855,0.1,0.06473977353241622,0.14032289312332652,0.14779597882754306,0.12250805224970873,0.0022287824190537174,0.012779440446963646,0.23130906966499384,0.32612014812863077,0.17879208122345408,0.08231146441963005,0.11320943090548288,2.7764451051977987,0.1598561879001838,-0.5604882578543233,0.3271756030077665,0.2363567620855507,12.706204736432095,0.09358637646794316,-0.3300463421937312,0.024845187580503622,0.16105866392981502,-0.557775981213424,0.06622018855873771,-0.011399741659959498,0.13433311575578563,-0.0019722365831817755,0.19388446592450692,-0.0038019170248541185,0.2861672411958622,-0.0008902312647594903,0.44016388314903004,-0.00011962258840382804,0.6614289311079893,-6.002721932147548e-05,1.364505794256775,-0.002782272403757848,-0.0009027254257775468,0.06711949734029586,0.08309421539144861,0.05
3.125,424063615,-0.3553834764358526,0.1,0.05264251532289684,0.0418196512636305,0.04173625216305204,0.05226593289876372,6.229774602317401e-05,0.0026694299957548974,0.053387691476184024,0.13433311575578563,0.04329730012387655,0.08231146441963005,0.05174113558233493,2.7764451051977987,0.1689563391325023,-0.569069200177716,0.3691268013754347,0.04294610266211334,12.706204736432095,0.04385638847175398,-0.4183495103880216,-0.27875472643205546,0.045927744447809005,-0.420678012540466,-0.24718865180035068,-0.012962027671357915,0.13433311575578563,-0.0001758045808205964,0.19388446592450692,-0.00015398644106225508,0.2861672411958622,-0.0012615101252720308,0.44016388314903004,0.0003054142485783183,0.6614289311079893,-0.0013338999473786282,1.364505794256775,-0.005683422438463462,-0.0001370720302629377,0.026198346161647994,0.031292029855776685,0.05
3.125,263711996,-0.1475407631552954,0.1,0.07134025802277445,0.05652251390896391,0.05212989912656024,0.031092583624798432,-0.00010869740888108529,0.001075446165346169,0.03129488212158476,0.13433311575578563,0.05164997470170842,0.08231146441963005,0.03284135184881362,2.7764451051977987,0.23552230743883804,-0.9423646963058541,0.3654648190010518,1e-150,12.706204736432095,0.028237557754727288,-0.2056023297315861,-0.0894791965790047,0.08492276631179152,-0.35251310572673056,-0.011474735367452414,-0.008489435784711952,0.13433311575578563,0.00564226192590227,0.19388446592450692,0.003518205523428663,0.2861672411958622,-0.004999577537547223,0.44016388314903004,-0.00042562337965993167,0.6614289311079893,-0.001208915775053444,1.364505794256775,0.00020288115328173642,-0.0016353720684284248,0.09006356183531732,0.12545633130894454,0.05
3.125,1241044515,0.24043425669531554,0.1,0.0733360262523002,0.0578073848826786,0.06303779847808581,0.04691035166738682,0.0007321758021432241,0.0014684052914146774,0.044749300017753936,0.13433311575578563,0.06498647298138858,0.08231146441963005,0.03837511221278215,2.7764451051977987,0.08405409734668357,0.01183298727768703,0.47857616157772476,0.019915659492023514,12.706204736432095,0.0337747451246502,0.18436232814631265,0.29650618524431843,0.09415853785673217,0.1378842911403521,0.49439591154406154,-0.013477389074946684,0.13433311575578563,-0.0029987019537619105,0.19388446592450692,-0.001148073609844047,0.2861672411958622,-0.0016671003117552411,0.44016388314903004,-0.0011021303996778164,0.6614289311079893,0.0003692586971161591,1.364505794256775,-0.002935884882957774,-0.0011338218493246544,0.07517278928572312,0.09432572557768618,0.05
3.125,90891595,-0.2093182455976829,0.1,0.07442017829898108,0.12340899515804402,0.12919555620188405,0.14279177116340164,0.0005778957087649878,0.019811594203216272,0.1485893374515884,0.13433311575578563,0.13427263211639892,0.08231146441963005,0.14095691946832595,2.7764451051977987,0.15703150483534067,-0.6062187390975249,0.26575996682632735,0.10533472965667832,12.706204736432095,0.11495846205138131,-0.43384191683349377,0.0065836850777837574,0.1356286815825387,-0.47419793211943584,0.016129963743887105,-0.01832733100111934,0.13433311575578563,0.0005498609347522161,0.19388446592450692,0.003858848113070924,0.2861672411958622,-0.0016808106602491145,0.44016388314903004,-0.00030461187323733025,0.6614289311079893,-0.0015890501619144732,1.364505794256775,-0.0037213365298444994,-0.0008284956968023958,0.06467587661159764,0.10074187565970762,0.05
3.125,618586078,-0.2096805944190309,0.1,0.06679867480259004,0.10542304632892995,0.1007570630365461,0.11329759736776825,-0.00036308381577042706,0.013199429385079354,0.10683311961004745,0.13433311575578563,0.10154712676741266,0.08231146441963005,0.11505467406811697,2.7764451051977987,0.08226428251526886,-0.42037431504771616,0.03643021399653801,0.07294510076921334,12.706204736432095,0.09523488135381183,-0.3750349527387523,-0.04557936338818505,0.11527319378667214,-0.452989135681368,-0.005377889459963016,-0.017964631808555,0.13433311575578563,-0.0037891687543917525,0.19388446592450692,0.001066484095309292,0.2861672411958622,-0.002266094655365658,0.44016388314903004,0.0008595597407110137,0.6614289311079893,-1.903444031997284e-05,1.364505794256775,-0.003731308984972542,-0.0005539141181487792,0.052456501234797455,0.07669858997184174,0.05
3.125,434905343,0.04390940009609857,0.1,0.06789590755320112,0.03412748901055188,0.03627881880802888,0.022455810216147745,9.359399886687061e-05,0.0004106694135967749,0.024846871269514088,0.13433311575578563,0.037558258458302685,0.08231146441963005,0.020294243504413233,2.7764451051977987,0.048868500042605914,-0.12088315901418617,0.15047825646911706,1e-150,12.706204736432095,0.018795397141010528,0.00789933669340099,0.07991946349879614,0.04301709398491185,-0.03413372344850592,0.13530339520111812,-0.014099252677282207,0.13433311575578563,-0.005303193515421651,0.19388446592450692,0.003778284087945704,0.2861672411958622,-0.005619134392789612,0.44016388314903004,-0.004121753254460616,0.6614289311079893,0.004257630285011689,1.364505794256775,-0.005347201862193897,-0.0007650924615556226,0.06176792415562415,0.10025501533917236,0.05
3.125,1166760216,-0.11367757556554624,0.1,0.05940306749374611,0.03740378236212038,0.0352410296390266,0.05920470468645166,3.908262433490969e-05,0.003466114432675042,0.06072835908321056,0.13433311575578563,0.03933980491947349,0.08231146441963005,0.058958732215387576,2.7764451051977987,0.4026933598020757,-1.7126578232273966,0.5234541922088619,0.052362275873636316,12.706204736432095,0.058271157316493245,-0.20273214120597297,-0.0246230099251195,0.07786627583300083,-0.4124153494345229,-0.05864581396642191,-0.003848932557074699,0.13433311575578563,-0.0019084163389902846,0.19388446592450692,-0.004732515633045581,0.2861672411958622,-0.0017340506524905737,0.44016388314903004,-0.0022598600225580273,0.6614289311079893,0.0006791922151167265,1.364505794256775,-0.005964027413624487,-0.0004994332945274973,0.049883085635009296,0.06906468037910538,0.05
3.125,103577901,-0.2694325065680231,0.1,0.07061045924422696,0.11329813821264811,0.11272187100983526,0.13250890755152644,0.0004625570684079691,0.017096053512091015,0.14576530417038,0.13433311575578563,0.1189133507444448,0.08231146441963005,0.13094068913586224,2.7764451051977987,0.12902222836718802,-0.712453229601608,0.003993039221975581,0.10941121247596972,12.706204736432095,0.11918786664099104,-0.4539789563906937,-0.07890574513867071,0.12713828779653452,-0.5392642704439772,-0.08679233160245756,-0.011999163679711449,0.13433311575578563,0.007602582609914224,0.19388446592450692,5.133393379861884e-05,0.2861672411958622,0.0031283453152023185,0.44016388314903004,-0.003134136886350405,0.6614289311079893,-0.002934191539337279,1.364505794256775,-0.0008930101369255457,-0.0015426186219394894,0.08807171143116171,0.13469346701527343,0.05
3.125,1520352846,-0.050839824359577616,0.1,0.0718580954450503,0.05006147512783741,0.051493013300169095,0.058387806070797556,0.00024664618545209953,0.0031624897123089645,0.06880124725963689,0.13433311575578563,0.0588103962483414,0.08231146441963005,0.056317225215613706,2.7764451051977987,0.3654794757876889,-1.504078678372981,0.5253887248289917,0.04970675871693386,12.706204736432095,0.049781036498433656,-0.14358592602688566,0.04190627730773039,0.07955074416960431,-0.32793934337811664,0.011353488097118341,-0.00915703334558945,0.13433311575578563,-0.002013460196320329,0.19388446592450692,0.0031839644871663403,0.2861672411958622,0.003409450579822767,0.44016388314903004,-0.006668192767597949,0.6614289311079893,0.0007931430010561703,1.364505794256775,-0.0038832819305356894,-0.0006845966227178022,0.058752940679171486,0.093929114432007,0.05
3.125,648192650,0.08517355609134804,0.1,0.06285267684302202,0.05482595918283311,0.056402008366136444,0.02931395229202651,0.00034051619834732675,0.0005187916006318795,1e-150,0.13433311575578563,0.05221407159676568,0.08231146441963005,0.02280988816986104,2.7764451051977987,0.30007928437164794,-0.9536702378677452,0.7126370826620952,1e-150,12.706204736432095,0.019238285585301607,0.04674465095562574,0.12464413887289622,0.06655350399987756,-0.011512343449046007,0.21913029669234907,-0.008453953398852711,0.13433311575578563,-0.014162758666672668,0.19388446592450692,-0.006339526815069324,0.2861672411958622,0.0019529425344238613,0.44016388314903004,-0.0019919788719698346,0.6614289311079893,0.0012114476688002498,1.364505794256775,-0.0050418860287282765,-0.0007430163439381126,0.060747788475838914,0.10401830222979173,0.05
3.125,310555994,0.19055356285645159,0.1,0.07632372124436146,0.04637349119076216,0.05391439175012956,0.04869957935761067,0.0005582539757095655,0.0018133950538986538,0.04593514000765037,0.13433311575578563,0.05639818885249742,0.08231146441963005,0.042645469631204566,2.7764451051977987,0.20550310038564804,-0.3533450857989894,0.7877910685384194,0.027799597032129288,12.706204736432095,0.040921051555666714,0.12448914825595592,0.2663707826829226,0.04716399610204368,0.0843681437478059,0.28951486188171677,-0.002385876981893714,0.13433311575578563,-0.004864524825502118,0.19388446592450692,-0.01049425137231907,0.2861672411958622,0.0001862342476453433,0.44016388314903004,-0.0004776935983256677,0.6614289311079893,0.00017809371184753203,1.364505794256775,-0.002995276777766302,-0.0010871805657429396,0.07338384997093347,0.11173001024469234,0.05
3.125,662827439,0.015377975601784007,0.1,0.06264383327977932,0.040005403703874384,0.0422955380391535,0.05414001714957347,0.00020107807881678376,0.0027300633781393254,0.061364943321478294,0.32612014812863077,0.04634549078838954,0.08231146441963005,0.052325459718224575,2.7764451051977987,0.13035092508214272,-0.5304598298397118,0.19336454596492839,0.06015658025064422,12.706204736432095,0.050158277140174325,-0.06347133907094826,0.09535609910231577,0.07064333654089727,-0.200697239687492,0.08028999519906671,-0.013654069320534838,0.13433311575578563,-0.001544571803938281,0.19388446592450692,-0.0027807199079842087,0.2861672411958622,-0.002055883062620206,0.44016388314903004,0.0001982243055102189,0.6614289311079893,-0.00015782519521473538,1.364505794256775,-0.005770595834947937,-0.00036111202610102826,0.042618338849562475,0.06582128500342999,0.05
3.125,338851300,-0.1708705579972212,0.1,0.06928951558778915,0.02364141106827015,0.025651472937822342,0.018000417515297608,0.00014732744661414665,0.00017668758411088626,0.019770263067018342,0.13433311575578563,0.02726559285156517,0.08231146441963005,0.013311582996339399,2.7764451051977987,0.050446202866750424,-0.36851691734019276,-0.088394691289784,0.012929546822469145,12.706204736432095,0.011027218398123734,-0.19108008954759714,-0.1484173668040371,0.030693268672583148,-0.21867737642035567,-0.117663695908993,-0.010567401684021961,0.13433311575578563,-0.005037164948487563,0.19388446592450692,0.0018160618803997114,0.2861672411958622,-0.00034176164536382564,0.44016388314903004,-0.0021792309726106074,0.6614289311079893,-0.0006036867501869051,1.364505794256775,-0.004729217447879765,-0.0007120440002039578,0.0596155370205291,0.08641793397444637,0.05
3.125,726576074,0.15287909621929796,0.1,0.06757171558069432,0.09574096645938054,0.10676298483077143,0.1286728807215644,0.002271864819664106,0.014284845413521836,0.14284609426666858,0.32612014812863077,0.1117711686632803,0.08231146441963005,0.11969181715517455,2.7764451051977987,0.1409394161989709,-0.4365693693508181,0.34605173511931814,0.14249086157192697,12.706204736432095,0.10329550850531802,0.008197559554288025,0.36832238930357075,0.10916618708515752,-0.056281582202036336,0.3071609668664787,-0.01871344842301854,0.13433311575578563,-0.007581229213471738,0.19388446592450692,0.0035962628741478936,0.2861672411958622,-0.00205596935207111,0.44016388314903004,-0.0013967975067915453,0.6614289311079893,0.0007629598379267517,1.364505794256775,-0.0021538424343250932,-0.0014083384916357543,0.0839387994197341,0.1083272370541365,0.05
3.125,234962399,-0.07027956203894199,0.1,0.07554604739343118,0.05773977453018192,0.06435820635211474,0.07630168251583229,0.0002693542984488384,0.005552592456298029,0.07678760006502387,0.13433311575578563,0.0670073115583525,0.08231146441963005,0.0746233235079626,2.7764451051977987,0.11953452947666669,-0.3547152899292585,0.309046828605968,0.0697685364536456,12.706204736432095,0.07088293178654378,-0.19665352626511867,0.053832378228555536,0.07225614177659812,-0.18404380127798078,0.097877288931568,-0.005897467969171907,0.13433311575578563,0.008878838319321077,0.19388446592450692,0.006401189922601238,0.2861672411958622,-0.003013730574533689,0.44016388314903004,-0.004437111988590456,0.6614289311079893,-0.0016346544774561347,1.364505794256775,0.004236911388275285,-0.0030798193101603953,0.12341186812512048,0.2113833923735492,0.05
3.125,1583797687,-0.2629525897867748,0.1,0.0655277215794057,0.053444123727441124,0.04669631565494346,0.06835433668678392,3.8356273165863434e-05,0.004633959070724352,0.06867814713450208,0.13433311575578563,0.05011201257053168,0.08231146441963005,0.06817148975939617,2.7764451051977987,0.13487872341595328,-0.41867916885914774,0.33028757398795466,0.057908642537141446,12.706204736432095,0.06087594288381436,-0.3589370006365284,-0.16232084177499692,0.10606533446178355,-0.32665739668463983,0.05331055615505786,-0.013548290555599469,0.13433311575578563,-0.0033386336958443853,0.19388446592450692,-0.008815228821058297,0.2861672411958622,0.001400293642436249,0.44016388314903004,-0.000733916070961255,0.6614289311079893,0.00040953079574870404,1.364505794256775,-0.003208910407685466,-0.0010501247666721404,0.07254146429002949,0.10153941550657006,0.05
3.125,808183163,0.25148731727746754,0.1,0.07886948095247157,0.11096822846016144,0.09792428073378148,0.14139178262312357,0.000531488832210875,0.01946014736113376,0.12699008084532096,0.13433311575578563,0.0957393392685574,0.08231146441963005,0.13970107573529797,2.7764451051977987,0.15814635663721494,-0.3552192790473949,0.5229500765331268,0.10353901647959314,12.706204736432095,0.1124204607315431,0.05406281183417169,0.44688958426139624,0.1266104544383003,-0.014613042082433882,0.3803990194678652,-0.019428678022638896,0.13433311575578563,0.0018040913686686035,0.19388446592450692,-0.0008284061521377797,0.2861672411958622,-0.0006926561610534395,0.44016388314903004,-0.0003133030016328073,0.6614289311079893,-0.000336024603173117,1.364505794256775,0.008226095011509633,-0.003662309644609634,0.13500484512884428,0.2110211620298148,0.05
3.125,1227645363,0.2901388709903683,0.1,0.05664521070010506,0.030530296638212384,0.03202055611029519,0.02603466828733312,6.67413006346368e-05,0.000611062652196832,0.023808069178383018,0.13433311575578563,0.033387004146547244,0.08231146441963005,0.024755377783954393,2.7764451051977987,0.2224576094523075,-0.5494593378531837,0.6858233439025417,1e-150,12.706204736432095,0.02376174294945717,0.25620989561719554,0.3357102816088,0.03753721845320556,0.21434940131865457,0.35328123860020516,-0.006347188519182802,0.13433311575578563,0.0013181824593993107,0.19388446592450692,-0.0032522849095783903,0.2861672411958622,-0.003546302727649487,0.44016388314903004,0.0020100086240597247,0.6614289311079893,-0.002317969997507484,1.364505794256775,-0.00543939748772594,-0.0004436323081661863,0.04720103473390108,0.054800567650022475,0.05
4.0,30610854,-0.03163569210535195,0.1,0.05873265547755207,0.03670962927393069,0.03785083449088393,0.022046155211678374,0.00016186969512070474,0.00032416326449670886,0.02237346831693992,0.13433311575578563,0.03666570727025505,0.08231146441963005,0.018030533895156492,2.7764451051977987,0.07622037664720153,-0.16426231775426808,0.25898106556264255,1e-150,12.706204736432095,0.01583386753765366,-0.06447234621215706,0.001200962001453157,0.049533853797945546,-0.08734915688613148,0.07498371631365441,-0.014632345122732527,0.13433311575578563,0.003814603227896539,0.19388446592450692,0.0062209971515554355,0.2861672411958622,-0.0009365858791182184,0.44016388314903004,-0.004052214943601099,0.6614289311079893,-0.00022126904872163828,1.364505794256775,-0.0017854424247611925,-0.0012779495473628994,0.0798537146266041,0.09863445722611733,0.05
4.0,378261438,0.14698160184263692,0.1,0.09704116076727305,0.11823352427428184,0.1200918888785763,0.14036653732252347,0.00018943417226049454,0.01951333062765488,0.11835033740711216,0.13433311575578563,0.11231259687524232,0.08231146441963005,0.13989184228175477,2.7764451051977987,0.08955754269011577,-0.12483122443542786,0.3724719776356018,0.10524631831251925,12.706204736432095,0.11428077615030524,-0.05058344690772304,0.34497417576984046,0.1349754525917883,-0.11451553562808514,0.3347262042346068,-0.026207297497812473,0.13433311575578563,-0.003193950002536154,0.19388446592450692,0.0015321174537068002,0.2861672411958622,-0.0028516613096712527,0.44016388314903004,-0.0010094176552449795,0.6614289311079893,0.0009205596335997824,1.364505794256775,-0.0038378267262718564,-0.0014513018710159392,0.08564509654988008,0.12856983463060725,0.05
4.0,6261802,0.006195077186807084,0.1,0.06450485185886916,0.0487498909794804,0.04496984141254778,0.04845468866551677,-9.05951170190873e-05,0.002438451970691247,0.03810961564925761,0.13433311575578563,0.03951215287123321,0.08231146441963005,0.04945199207048679,2.7764451051977987,0.3141723677487777,-0.9924399945541238,0.7521246706948694,0.029692118061869447,12.706204736432095,0.04407037620903826,-0.06574970726237093,0.08412930125998037,0.0869169621048432,-0.22774634186505283,0.09790703183383523,-0.01492161584481119,0.13433311575578563,-0.017976027539159774,0.19388446592450692,0.004404536521062851,0.2861672411958622,-0.003455559500658759,0.44016388314903004,0.000960495966274029,0.6614289311079893,-0.00012368102786867907,1.364505794256775,-0.001453360397912843,-0.0016944265590925654,0.09153937841231327,0.13995732937725164,0.05
4.0,407389098,0.22160651239596363,0.1,0.05890593116317535,0.06408438723107443,0.054281780228079474,0.048956888800529584,-5.015394172474055e-05,0.00244693090275216,0.02621581516943486,0.13433311575578563,0.046380967791925215,0.08231146441963005,0.04953789415573082,2.7764451051977987,0.212311960340049,-0.33094685425181986,0.8479981518703366,1e-150,12.706204736432095,0.04751333928666004,0.14421264987620205,0.2990003749157252,0.07115931057837489,0.11995716026001886,0.37221929657177744,-0.015248826952348585,0.13433311575578563,0.0007411527715213081,0.19388446592450692,0.004011884898072447,0.2861672411958622,-0.004252881134627117,0.44016388314903004,-0.0011758110879474006,0.6614289311079893,0.0004556058437044595,1.364505794256775,0.008292887512710163,-0.003785400061888921,0.1372633839840029,0.1909489225306881,0.05
4.0,1283091082,0.010166813701284649,0.1,0.07204397260966929,0.05438387026034841,0.05830789217688291,0.046905097674640996,0.0004158774620739952,0.0017842107257936169,0.041951352874214067,0.13433311575578563,0.059836878778016606,0.08231146441963005,0.04230091493327143,2.7764451051977987,0.08502908581765554,-0.12468772803117245,0.34746945020457415,0.009345387661194547,12.706204736432095,0.04059614958126779,-0.05537441688443889,0.07420248575580969,0.05431082173425402,-0.07578637703960538,0.13641567746412941,-0.013443822336152733,0.13433311575578563,0.0073315780043731295,0.19388446592450692,-0.0034386463805971094,0.2861672411958622,-0.0014071747401405836,0.44016388314903004,0.0004694133273327601,0.6614289311079893,-0.0012100073148221253,1.364505794256775,-0.00484046763910186,-0.00023403931629608547,0.034358332028187596,0.056748238303866244,0.05
4.0,649275225,0.07563440643910609,0.1,0.0719144526715022,0.04154405183529774,0.05564436486442945,0.0506690447483636,0.0004000804553661705,0.002167271640345502,0.05076674581417807,0.13433311575578563,0.05960499397125915,0.08231146441963005,0.04662119079574815,2.7764451051977987,0.05117720652623145,-0.11194319104452145,0.17223821807038284,0.049617267508457526,12.706204736432095,0.03789802273256441,0.015819146548699092,0.14526444886597636,0.07422761375846322,0.00921211931277548,0.31336416867396916,-0.021663174261025268,0.13433311575578563,-0.008104144436210008,0.19388446592450692,0.004371059670249546,0.2861672411958622,-0.002789207185363365,0.44016388314903004,0.0010615394882216018,0.6614289311079893,0.00023148376356387068,1.364505794256775,0.010681701580604934,-0.00419355533577545,0.14475692489365644,0.17074817025917294,0.05
4.0,1973427015,-0.13801066299439207,0.1,0.09634712415221554,0.13233713526151575,0.1488064829319765,0.1277917283824585,0.0037556478473010045,0.012575077995675041,0.2409410923433533,0.32612014812863077,0.1727957816830915,0.08231146441963005,0.11230058838551067,2.7764451051977987,0.0753159681683016,-0.32590571534171775,0.09231558698651066,0.2633332408172479,12.706204736432095,0.09392084580888026,-0.29804313022880957,0.0031850674347572716,0.12650517264855876,-0.39929693634462726,0.13475445084021592,-0.014254852794450833,0.13433311575578563,0.0070874066007701195,0.19388446592450692,0.0006571306422285527,0.2861672411958622,-0.003399022884121873,0.44016388314903004,0.002753607085681547,0.6614289311079893,-0.00456985486768487,1.364505794256775,-0.003663712662977143,-0.0010049817510504957,0.07081124071625504,0.0842508241739133,0.05
4.0,1723889995,0.2342324154581344,0.1,0.07264647602149266,0.0536936073821511,0.05821060222485809,0.04330764277876156,0.000360206288497721,0.0015153456345550972,0.03821671236876022,0.13433311575578563,0.06004296602822315,0.08231146441963005,0.03898365357705276,2.7764451051977987,0.1112659886618471,-0.17028831504048425,0.4475595041498741,1e-150,12.706204736432095,0.0320764970373521,0.1766486398081611,0.294837946645549,0.06211140461988305,0.1361432326238363,0.38890831088670225,-0.004639583304817794,0.13433311575578563,0.004062918665647479,0.19388446592450692,-0.001745270030527097,0.2861672411958622,-0.002686210509148546,0.44016388314903004,-0.0013493743146595716,0.6614289311079893,5.004402093461756e-05,1.364505794256775,-0.0005022748962798602,-0.0012848308347318152,0.07995132597448924,0.12225718064706866,0.05
4.0,41203569,-0.24671324682954116,0.1,0.06770918340736763,0.07678453241086958,0.08278940966005104,0.0935558008706795,0.0011771368713334946,0.007575551005220739,0.13208454921567997,0.32612014812863077,0.09276043927084564,0.08231146441963005,0.08716332750248347,2.7764451051977987,0.13445577590225602,-0.41211627098983805,0.33450189074894365,0.1297817771998241,12.706204736432095,0.08039004034752151,-0.3832961358471836,-0.12389171466437976,0.09271538072381334,-0.3482874954011348,-0.011890162337735932,-0.017845384701832553,0.13433311575578563,0.0034503220315146386,0.19388446592450692,0.001262171791781523,0.2861672411958622,-0.004182505066085684,0.44016388314903004,0.0016018509103190805,0.6614289311079893,-0.0010530328290333086,1.364505794256775,-0.004355143357239318,-0.0005015504093982009,0.05017087617289756,0.05660605691629205,0.05
4.0,641093931,0.10431314203757605,0.1,0.06668010890389027,0.0950320743758348,0.09202181029918399,0.062322911465432194,0.00014862578091570829,0.0037355195126123914,0.03498076104853232,0.13433311575578563,0.08302959049251452,0.08231146441963005,0.06120715490677368,2.7764451051977987,0.15355879554560553,-0.24476413255350654,0.6079309999518254,1e-150,12.706204736432095,0.050764259199235905,0.015700750773180474,0.19663228454530238,0.11289583182700377,-0.16438235227068984,0.2508986463150335,-0.007993342849868338,0.13433311575578563,-0.0009041540862475467,0.19388446592450692,-0.002449296435079715,0.2861672411958622,0.001291156133243952,0.44016388314903004,-0.0034054228473003214,0.6614289311079893,0.0006192739394789641,1.364505794256775,0.008398531269392115,-0.00368540628276255,0.13577885521052172,0.17434975548875203,0.05
4.0,10038778,-0.009623931889893363,0.1,0.07387716913925017,0.07673102450016761,0.08078919381587901,0.09740266680194715,0.000282214936955634,0.009205064563175502,0.11115100323147944,0.19388446592450692,0.08809408269280206,0.08231146441963005,0.09608157365497841,2.7764451051977987,0.26557700509679444,-0.5487547116881624,0.9259652400200091,0.09862437835719202,12.706204736432095,0.09080284269810583,-0.15063074571177051,0.12981292426245805,0.09451163592506023,-0.11540738519343194,0.2109592617630064,-0.011858502248719588,0.13433311575578563,-0.00030072493294667336,0.19388446592450692,0.0023308407132208247,0.2861672411958622,-0.004091343970339294,0.44016388314903004,-0.000613631691363319,0.6614289311079893,0.00011580446372775223,1.364505794256775,-0.003765655017070055,-0.0007528254880664733,0.06148977142365012,0.07703232960342048,0.05
4.0,1405175683,-0.4870302660439908,0.1,0.07569182471367195,0.10475915402265687,0.10019833348226194,0.11850080408306125,0.0006722613206155328,0.013370179247716534,0.121361355783124,0.13433311575578563,0.1035409434249264,0.08231146441963005,0.11579646533582368,2.7764451051977987,0.09981604500736088,-0.7222121134441821,-0.16794457428240156,0.083213047167654,12.706204736432095,0.09944653899884946,-0.6488682573381381,-0.3098953827927787,0.13336094945009594,-0.5997012738081442,-0.15684037898335962,-0.01735857729582917,0.13433311575578563,0.004930163174836406,0.19388446592450692,0.00020345268069928317,0.2861672411958622,-0.002283763620250965,0.44016388314903004,0.000112574152838107,0.6614289311079893,-0.001293376505327107,1.364505794256775,-0.0028759794942505865,-0.001051028978322026,0.07220240281887834,0.1141269533557512,0.05
4.0,973763880,-0.1741088073998865,0.1,0.06544706335194327,0.048381169577217206,0.05052932949055435,0.06773471821852582,0.0008820436296630651,0.0037059484224800285,0.0866987817577665,0.32612014812863077,0.052340636179827246,0.08231146441963005,0.06096440974922181,2.7764451051977987,0.12276976337112543,-0.2996217992879594,0.382105217868147,0.08714641841099355,12.706204736432095,0.05671214115223103,-0.2829321035795081,-0.06528551122026488,0.08217401679375327,-0.23387198535268228,0.060170788007953606,-0.012624546115090117,0.13433311575578563,-0.002822421774893027,0.19388446592450692,-0.0009082020981483742,0.2861672411958622,-0.0017656319475968416,0.44016388314903004,-0.00042704360103264054,0.6614289311079893,-2.791257036045684e-05,1.364505794256775,0.0006918592864082684,-0.0018477621043910028,0.0965990465682543,0.12967666965670693,0.05
4.0,1758552695,0.13245245710433415,0.1,0.07630485325899303,0.05490842268974241,0.053703253417460704,0.051261270716160996,-0.0001672084123451813,0.002794926287780726,0.05135861300119062,0.13433311575578563,0.0576516342134661,0.08231146441963005,0.052943404777381964,2.7764451051977987,0.2851919688477318,-0.6351076590059047,0.9485320328921113,0.03186184226986778,12.706204736432095,0.04785468220439999,0.04981534770052952,0.20463693357616494,0.09959545355038532,-0.22103953778763336,0.22800600344870023,-0.015732379717447176,0.13433311575578563,0.004465323041067651,0.19388446592450692,-0.00018973436339639598,0.2861672411958622,-0.004229931317207215,0.44016388314903004,-0.003004826589983957,0.6614289311079893,0.0024937760454232416,1.364505794256775,-0.003382966820409726,-0.0011136836839223455,0.07491701034387503,0.12329983152414582,0.05
4.0,441970500,0.3500116588307947,0.1,0.07261140890533943,0.052116390806754107,0.05532634593342714,0.05383430924849264,0.0006816487632937693,0.0022164840889685707,0.04767973136397139,0.13433311575578563,0.05458742968721543,0.08231146441963005,0.0471475355914505,2.7764451051977987,0.06979278100392196,0.12449993852405503,0.5120515889170171,0.03231346987617756,12.706204736432095,0.039138304168655616,0.28358128212181855,0.4164420355397709,0.06802113840170365,0.20841763758915685,0.49691799771940476,-0.010160734762681992,0.13433311575578563,0.00039058400887383485,0.19388446592450692,0.0007320961685763525,0.2861672411958622,-0.0019804742026188153,0.44016388314903004,-0.0031235496572913518,0.6614289311079893,0.00176953733765517,1.364505794256775,-0.004425690220317046,-0.0004273185755289597,0.04600336382482141,0.07325691063745547,0.05
4.0,680914746,-0.09458717862975363,0.1,0.06193283966770543,0.05200756187948826,0.059321517981869035,0.06710675463431122,0.00032584016728956803,0.0041774763502600825,0.07273214490426617,0.13433311575578563,0.06787953269583481,0.08231146441963005,0.06472673312728054,2.7764451051977987,0.148827351361875,-0.32586358285467093,0.5005583595617907,0.06209543738049483,12.706204736432095,0.05755652367311084,-0.19416984567613427,0.004995488416626982,0.07562249868443725,-0.17121702594963206,0.06400851751560936,-0.018043053911054197,0.13433311575578563,0.013204689495183487,0.19388446592450692,-0.009027393849749052,0.2861672411958622,-0.003983360943752936,0.44016388314903004,0.0014569445811648193,0.6614289311079893,6.433996522090155e-05,1.364505794256775,-0.002669230009934618,-0.001210408872552248,0.07787015955536976,0.10406051194622605,0.05
4.0,709053142,-0.07974646051408316,0.1,0.059730512035088355,0.025412947087608617,0.02769138498208259,0.024604215729501906,0.00019634151167035327,0.0004090259199935158,0.033001698993177876,0.19388446592450692,0.03166217308339763,0.08231146441963005,0.020253594146018804,2.7764451051977987,0.06758453095221377,-0.2751671802392004,0.10012230005952569,0.027802069006403637,12.706204736432095,0.017525677087578847,-0.11618069358836082,-0.04331222743980549,0.06205427619652514,-0.1423276594209924,0.08504827352533689,-0.01773105833234428,0.13433311575578563,0.00035007234476603527,0.19388446592450692,-0.0032881895999306993,0.2861672411958622,-0.0001424894292310165,0.44016388314903004,-0.00017905312745676954,0.6614289311079893,-0.0002531672786151679,1.364505794256775,-0.002674205258438649,-0.0011542444775982624,0.07587140767157803,0.10636342449705372,0.05
4.0,199085620,0.49069547049748174,0.1,0.09285914975944665,0.05424995717279339,0.05948242983536635,0.05175867055256541,0.000951516046988848,0.001727443930380154,0.05528886408577578,0.13433311575578563,0.06432026208803643,0.08231146441963005,0.04162254849112081,2.7764451051977987,0.05367873682592217,0.3156076290306461,0.613679761257711,0.05622326775059479,12.706204736432095,0.03578197105570119,0.43036055492942715,0.5510303860655363,0.07369491608239531,0.3435243579222953,0.6252505814597982,-0.007374359429759237,0.13433311575578563,-0.005065244844515302,0.19388446592450692,0.003416462608042283,0.2861672411958622,-0.0031668932308642973,0.44016388314903004,-0.0017168271412072768,0.6614289311079893,-7.260911595079983e-05,1.364505794256775,-0.0005080209461690448,-0.0016840336668275512,0.09143665322360346,0.12085559927317804,0.05
4.0,1692502914,0.1661077467172139,0.1,0.07032507792701553,0.07262510590746343,0.08977651973340596,0.07935564172416884,0.0027933597175542318,0.0035039581559004156,0.08348120305520419,0.19388446592450692,0.0919715263828517,0.08231146441963005,0.05927971999422543,2.7764451051977987,0.042755264059527454,0.058880929721310926,0.29629621696033964,0.05510999840643385,12.706204736432095,0.05161551335634897,0.07840697730396182,0.2506259864290794,0.08215598539268916,-0.02951107785704931,0.29169992860252997,-0.009828314390424375,0.13433311575578563,-0.0031640137158227585,0.19388446592450692,-0.001067941336597338,0.2861672411958622,-0.0014681028948296826,0.44016388314903004,0.000503461074027777,0.6614289311079893,-0.0011123368438282486,1.364505794256775,-0.005155229339283404,-0.00025891084095307904,0.036138844853555466,0.06083535103611335,0.05
4.0,2035146291,0.033802580004689185,0.1,0.07455178874617993,0.06544491192599199,0.06531987054823647,0.06831265619847626,0.0002030332738498456,0.0044635857230413715,0.07740805028570891,0.19388446592450692,0.0681047518953901,0.08231146441963005,0.06690654870648441,2.7764451051977987,0.0990774531166688,-0.20034264228115542,0.3498235772013235,0.06753378300505906,12.706204736432095,0.056403302035120825,-0.06704539517902659,0.13776495403576347,0.09243573856172044,-0.07810647119084281,0.22844693963468188,-0.020934000227280692,0.13433311575578563,0.0030098354131527882,0.19388446592450692,-0.005728215226424795,0.2861672411958622,0.0035056616594584824,0.44016388314903004,-0.0006969422870105504,0.6614289311079893,-0.001089777249296508,1.364505794256775,-0.004040399327018317,-0.0006310617991843609,0.05634015487865229,0.0777067445345025,0.05
4.0,1627508391,-0.20671345976440464,0.1,0.06024314496410737,0.03871647101196938,0.040261866968087076,0.023229014940141856,8.824844251913394e-05,0.0004513386925701997,0.009812143241028493,0.13433311575578563,0.03693812731296678,0.08231146441963005,0.02127541162136594,2.7764451051977987,0.1940315408827089,-0.546885224462901,0.5305506194126663,0.007676339433913084,12.706204736432095,0.018121752036906243,-0.23421127142665776,-0.17703103595827513,0.047443951759412885,-0.2847334172557512,-0.10654284136685478,-0.014966365081205097,0.13433311575578563,-0.009976426523471365,0.19388446592450692,0.004385030543906234,0.2861672411958622,0.0008524902703653292,0.44016388314903004,-0.002191246495125362,0.6614289311079893,6.830506808095283e-05,1.364505794256775,-0.0016659428444274302,-0.001178295479937057,0.07668025879770751,0.1131187640892341,0.05
4.0,1133748631,-0.12264341139607032,0.1,0.06713064406108234,0.06231000089503114,0.06983335887192552,0.09893873535680689,0.000998897772006689,0.00878997558199758,0.09461690675277738,0.13433311575578563,0.07092719770386782,0.08231146441963005,0.09389025580805911,2.7764451051977987,0.13917720640690784,-0.47869725784494666,0.2941384891221793,0.09068984036742851,12.706204736432095,0.07515262825952415,-0.2586588112739209,0.03361044077343714,0.09056727424768772,-0.3122362188754233,0.07211054965247043,-0.014348667276342477,0.13433311575578563,0.0011525202240550507,0.19388446592450692,0.006454440269592804,0.2861672411958622,0.000287053256726093,0.44016388314903004,-0.0007766767409602084,0.6614289311079893,-0.004147544347063639,1.364505794256775,-0.006403438042911028,-0.00020557538870141702,0.032146868030724265,0.04539924175496862,0.05
4.0,124110389,-0.026890749742290013,0.1,0.07875141688932943,0.043811035568598306,0.050725645380880445,0.03851395225218434,0.0001989414807709968,0.0012843830373125383,0.04778410279769039,0.13433311575578563,0.055617665739111866,0.08231146441963005,0.03589004217071574,2.7764451051977987,0.044740021164108454,-0.1595959278364253,0.08884049769864438,0.02610256690248293,12.706204736432095,0.03475461162312918,-0.0909495740393238,0.0396996148666761,0.03705586579862858,-0.10722150276802121,0.02691298421474327,-0.017542618765974443,0.13433311575578563,-0.011399063683747749,0.19388446592450692,0.004781545938908174,0.2861672411958622,-0.0006095832091072475,0.44016388314903004,-0.0007757076767464061,0.6614289311079893,-0.0008021040101250787,1.364505794256775,0.0070253095066636975,-0.0036782393575083756,0.13512088824197452,0.17036065678204357,0.05
4.0,1764643916,0.48186413224963476,0.1,0.07641807855960407,0.05238630132480898,0.05857623698956399,0.09193348076860702,0.00047920869882960926,0.007972556187402228,0.0926925802514304,0.13433311575578563,0.06205917551847456,0.08231146441963005,0.08941810922463082,2.7764451051977987,0.12422292831800942,0.0654878987695755,0.7552841813333241,0.08499409183937086,12.706204736432095,0.08653418007056368,0.3325305048863803,0.6165629672219584,0.06536348059025483,0.356766224000895,0.6154493936277977,-0.012186348030885584,0.13433311575578563,0.006160947187005256,0.19388446592450692,0.011448156604009612,0.2861672411958622,-0.00011645032619263896,0.44016388314903004,-0.0027416854013013864,0.6614289311079893,-0.005149349601617922,1.364505794256775,-0.005651972358503084,-0.000538861294157387,0.052130771508118706,0.08332737068656253,0.05
4.0,743733340,0.03972455385734121,0.1,0.07292053854613807,0.11832077190223639,0.11696776619960175,0.12449957775497753,0.000482225691417695,0.01501791916975,0.10270498514524892,0.13433311575578563,0.102912645360624,0.08231146441963005,0.12272458417291135,2.7764451051977987,0.09016767074901717,-0.11432392387253296,0.38636725232385793,0.06672116770290802,12.706204736432095,0.11788574789424605,-0.1501924223161924,0.21915797121939676,0.12354256842355207,-0.10891499306658839,0.3275794955064447,0.0060744587632759256,0.13433311575578563,-0.00032416906191247115,0.19388446592450692,-0.009173559291659911,0.2861672411958622,-0.0028391194179205634,0.44016388314903004,1.5313004133683515e-05,0.6614289311079893,-0.0004976244084528368,1.364505794256775,-0.0016100793146553753,-0.001273190006546296,0.07995509832672204,0.09214460808857815,0.05
4.0,62701156,-0.30889781307877723,0.1,0.07183121334210221,0.07690265304722466,0.07825212788201186,0.11231033574768455,0.00044655251316909426,0.012167059002588538,0.1360814393192239,0.32612014812863077,0.08746163840943051,0.08231146441963005,0.11046367689426531,2.7764451051977987,0.07979856801226423,-0.42268317864471994,0.020429508474169383,0.13450453212053207,12.706204736432095,0.09776947733411763,-0.47411410219092426,-0.1436815239666302,0.09383270881649046,-0.43526535351551193,-0.07656323452317534,-0.011464611487043886,0.13433311575578563,0.005064544114131036,0.19388446592450692,-0.0021720201784117556,0.2861672411958622,0.002317148931896029,0.44016388314903004,-0.0036492530199234868,0.6614289311079893,-0.0010098400263006352,1.364505794256775,-0.005719171245211509,-0.00039291819800173536,0.04424492202743873,0.07251261435146503,0.05
4.0,507382662,-0.2564015104050472,0.1,0.07075288192835542,0.07469263360694775,0.08812220741089619,0.06574649112231554,0.0017179398485885006,0.0026046612463082146,0.05778379680720429,0.13433311575578563,0.08894253053054453,0.08231146441963005,0.051109580011827596,2.7764451051977987,0.1547832003321264,-0.4887011688873855,0.37079294897057974,1e-150,12.706204736432095,0.03985386543837465,-0.34075299448575325,-0.19299712189146678,0.09066696048877278,-0.34871301668788385,-0.035335661159091154,-0.01224469295177694,0.13433311575578563,-0.0006640324881186907,0.19388446592450692,-0.003022111255298867,0.2861672411958622,-0.0006230152021580562,0.44016388314903004,-0.0006420316384108674,0.6614289311079893,-0.0008682361797707703,1.364505794256775,-0.0053054599561433505,-0.0006000938909010712,0.05488981051410604,0.06490731951015465,0.05
4.0,646709742,-0.07766599749995558,0.1,0.07882830797933013,0.04322405901109415,0.036219733647296457,0.04292236850677465,-0.0006294179035246387,0.002471747621755999,0.04250746556589611,0.13433311575578563,0.035936600162777006,0.08231146441963005,0.049788466546075015,2.7764451051977987,0.0780662688616361,-0.23136606594207257,0.20212735418181724,0.03598804266473837,12.706204736432095,0.04410774081698703,-0.15362402178241283,-0.007560511237171122,0.04711316923088528,-0.18771905072362344,0.008672480110732843,-0.028397119345074447,0.13433311575578563,0.019509101727873047,0.19388446592450692,-0.008026333932436132,0.2861672411958622,0.001786704049490146,0.44016388314903004,-0.0037728213375484974,0.6614289311079893,0.0013267732097764526,1.364505794256775,-0.006730371490869167,-0.0003878915886824409,0.04413169865923913,0.04755216127458642,0.05
4.0,659336905,-0.12004376748803448,0.1,0.06071986956712518,0.05928421904695298,0.061023596851876284,0.0472479451816925,0.0002726683999292067,0.001959699923963013,0.0684146045981649,0.13433311575578563,0.07157307213109743,0.08231146441963005,0.04433242376157235,2.7764451051977987,0.06984146571581082,-0.27831512703894395,0.1095068642140617,0.05878843011982691,12.706204736432095,0.0400306447447657,-0.20254677539325222,-0.03754075958281673,0.07901886595880334,-0.3230899188841941,-0.010531480275721875,-0.009763579778558051,0.13433311575578563,0.0010778251762368208,0.19388446592450692,-0.0010544382686804245,0.2861672411958622,-0.0023779312800658865,0.44016388314903004,-0.000437676001068834,0.6614289311079893,0.000236852936906813,1.364505794256775,-0.00272116547759552,-0.000630656558732345,0.05621110070067029,0.07454878962121596,0.05
4.0,923401960,-0.2100715521268368,0.1,0.0638798525502628,0.10660121489529363,0.11107097442074894,0.0915260028128195,0.0011096059475137147,0.007267403243378528,0.1503426507423461,0.19388446592450692,0.13252998025181353,0.08231146441963005,0.08537216934689681,2.7764451051977987,0.2649252259397624,-0.7327327968571264,0.7383678967506222,0.10008211417520506,12.706204736432095,0.07685726760672348,-0.34551032757412525,-0.06495208814290043,0.1308903679080519,-0.47608293393577655,0.011684667624232084,-0.019089385117569493,0.13433311575578563,-0.003415590318236155,0.19388446592450692,-0.0006986398060212437,0.2861672411958622,-0.001011617088379901,0.44016388314903004,0.0006701746046361407,0.6614289311079893,-0.0011874712818273955,1.364505794256775,-0.005977062955015222,-0.00045202894998094275,0.04747224154989837,0.07771807545320156,0.05
4.0,2048422301,0.23563191821375123,0.1,0.06474688690875648,0.041932853054331226,0.044009152250093116,0.034351119726650295,-0.00010004320807812891,0.0012800426345527917,0.028317236757268154,0.13433311575578563,0.043034928547131285,0.08231146441963005,0.035829348022806115,2.7764451051977987,0.20175369656182918,-0.28815905996549007,0.832157066583815,1e-150,12.706204736432095,0.030960449517830543,0.18633321802586753,0.2954427361664083,0.06046872138042361,0.05319782498523413,0.30029713318222717,-0.015219191791542562,0.13433311575578563,-0.004442057887245611,0.19388446592450692,0.0025433280387619356,0.2861672411958622,-0.003396868207088268,0.44016388314903004,0.0003730938458572443,0.6614289311079893,-0.00014890555654300898,1.364505794256775,-0.004216275678160239,-0.0006382684944630816,0.05639451839088127,0.07956698099945579,0.05
4.0,966046597,0.21912471154536095,0.1,0.06377925986844128,0.0383687009896287,0.03438321308841159,0.04535437021242368,1.7384649090602944e-05,0.0020396342482749815,0.05085049565499774,0.13433311575578563,0.03848646190725252,0.08231146441963005,0.04522752640755734,2.7764451051977987,0.24318642123939208,-0.8424526426009962,0.5079348552003642,0.03810362425660221,12.706204736432095,0.04305319933892697,0.15018397220440333,0.28997904385939727,0.07629006811919413,-0.0475365293169428,0.26241691737430994,-0.008820859461464554,0.13433311575578563,-0.008385707570746645,0.19388446592450692,0.0014555806437622954,0.2861672411958622,-0.0008190445087207889,0.44016388314903004,0.0015710760968618209,0.6614289311079893,-0.002999599592812121,1.364505794256775,-0.0006779059047323286,-0.001460958385392211,0.08557271291442486,0.11266685867602569,0.05
4.0,816703631,-0.5879372049648015,0.1,0.0735736704654949,0.05041082709299927,0.05376814909844192,0.03948231878014343,0.0004025096372298714,0.0011563438590269954,0.04718527254376434,0.13433311575578563,0.05849573248202589,0.08231146441963005,0.03405416117454136,2.7764451051977987,0.12735954911056552,-0.8448771783642341,-0.13766358490777753,0.01311162507801532,12.706204736432095,0.028910066732559064,-0.63579009711758,-0.5342395457492308,0.0619051859646639,-0.6807908690925615,-0.45378790014760817,-0.013452518137089713,0.13433311575578563,0.003952145601321821,0.19388446592450692,-0.006450687617001589,0.2861672411958622,0.0036595875977896313,0.44016388314903004,-0.0022790971154228444,0.6614289311079893,-0.001079227053574934,1.364505794256775,-0.0014802613615154106,-0.0013667110678559661,0.08298821601830464,0.1336490080132035,0.05
4.0,1531517994,0.07299190312664669,0.1,0.07770091125608608,0.08878336047364228,0.09194900194913955,0.06079243484755057,0.00012215109297542253,0.003573569041718258,0.06435813596113744,0.13433311575578563,0.09276560436137675,0.08231146441963005,0.05986566023976408,2.7764451051977987,0.06485014001454835,-0.18679119002613442,0.17331451760343491,0.0465492969972607,12.706204736432095,0.05386836905505999,-0.019137875902490373,0.16512168215578377,0.16238466035731314,-0.4515095431572549,0.20339690897061113,-0.014977074106712266,0.13433311575578563,-0.007438329167117469,0.19388446592450692,-0.0015879400773918205,0.2861672411958622,0.000902846902673878,0.44016388314903004,-0.0010516829714602956,0.6614289311079893,0.00010905333979055172,1.364505794256775,-0.006332950028787181,-0.0001622696194114205,0.02839228740286522,0.04725271356156543,0.05
4.0,1545665632,0.05931907295088058,0.1,0.06391217185979807,0.06527960421430724,0.07122516472416927,0.08618041120558571,0.0004152099850038924,0.00701185329055995,0.11220666155717048,0.2431366342882323,0.08201629536938314,0.08231146441963005,0.08385772929490747,2.7764451051977987,0.055928241387898044,-0.14046070254749118,0.17010268154000976,0.09987358894133383,12.706204736432095,0.07162017483176962,-0.0672529008881229,0.18677636596587766,0.06394951982875452,-0.058923987708920746,0.19624957869205845,-0.011925792656750804,0.13433311575578563,-0.0076407645937827855,0.19388446592450692,-0.0031619409318729684,0.2861672411958622,0.0005371419883986018,0.44016388314903004,-0.00030049393188775423,0.6614289311079893,-8.221685300084165e-05,1.364505794256775,-0.00510297027921035,-0.00035932804258277765,0.042377884524861215,0.059987264338774146,0.05
4.0,1826252623,-0.05432637300768903,0.1,0.0632756354650155,0.05302636320742718,0.06108479590304066,0.06694325446734806,0.00014928517925928827,0.004332114139420827,0.07606583380176116,0.32612014812863077,0.06512198110794133,0.08231146441963005,0.06591384301129331,2.7764451051977987,0.1375629482340277,-0.20211327780684363,0.5617586707550452,0.07866412373311105,12.706204736432095,0.0580077643648288,-0.1473504694616613,0.038697723446283236,0.07236324351329236,-0.11615812814727125,0.14148457461507652,-0.013869355878731242,0.13433311575578563,-0.008876192029543227,0.19388446592450692,-0.001922301131898791,0.2861672411958622,0.003301387918421403,0.44016388314903004,-0.0020063470874025343,0.6614289311079893,-0.00022362128921645416,1.364505794256775,-0.0010752931310528265,-0.0013771319955195212,0.08302686454078388,0.12151466251134975,0.05
4.0,1689382078,-0.01602193262282228,0.1,0.06216318591692834,0.07321022880885775,0.07260618008846018,0.061935130120233814,0.00011207257308930817,0.003723887769920986,0.057094309022931146,0.13433311575578563,0.07057790372419889,0.08231146441963005,0.061111786517307275,2.7764451051977987,0.06645046934248112,-0.19211881688405136,0.17687334380400488,0.015037471667609215,12.706204736432095,0.05666399408785719,-0.10451297548478415,0.07452407976310169,0.07932639052994797,-0.1501737541593043,0.12407869011944514,-0.010453953784617203,0.13433311575578563,0.0034666573260832643,0.19388446592450692,-0.0026527241052332327,0.2861672411958622,0.0033208741516620606,0.44016388314903004,0.0002379264532981401,0.6614289311079893,-0.005232863424325838,1.364505794256775,0.0010069305998797536,-0.0020532780959687208,0.10205580988613926,0.1632379475419191,0.05
4.0,2052786072,0.11976602699968453,0.1,0.06645703267284778,0.07020728008016465,0.07313358631351848,0.057642697881220596,0.0003067118851075466,0.003015968733918127,0.07822287797507087,0.19388446592450692,0.0893649807522464,0.21377008105087555,0.05499713998527112,2.7764451051977987,0.1055427434112743,-0.3007621102912229,0.28530515637553666,0.06606277055004094,12.706204736432095,0.04837852051053797,0.03262778938313744,0.20690426461623163,0.13134862683657036,-0.3449779737405271,0.18513194349622217,0.009081801369629517,0.13433311575578563,-0.009141840106472076,0.19388446592450692,-0.011978825426205939,0.2861672411958622,0.010766188754812934,0.44016388314903004,-0.0053350788443751445,0.6614289311079893,-0.0029224707570194076,1.364505794256775,-0.003227870648235396,-0.0011061840378647967,0.0743365241588449,0.11318983990909647,0.05
4.0,1680053748,-0.2132531836438865,0.1,0.0654561679020026,0.020088805589718324,0.025398078694144066,0.025004055431151886,4.252542347470709e-05,0.000582677364529409,0.028178906828042635,0.13433311575578563,0.02833521824715632,0.08231146441963005,0.024173568275188843,2.7764451051977987,0.18765529254866253,-0.6578606616796745,0.38416857524271547,0.02636259254645727,12.706204736432095,0.024400790892217077,-0.2573007774706991,-0.16920558981707393,0.08003460855202357,-0.2564650448156929,0.09156681590161936,-0.015873233640393003,0.13433311575578563,0.0038791734433560607,0.19388446592450692,0.0011633125653131241,0.2861672411958622,-0.0019821573751208793,0.44016388314903004,-0.0021057036717039754,0.6614289311079893,0.0004677540666968788,1.364505794256775,-0.0007893326511376114,-0.001515060276231989,0.08677217561335504,0.13656024445039716,0.05
4.0,163904824,0.03203760429566439,0.1,0.07692690974758473,0.07089446339493904,0.0753500853956076,0.08601580447215702,0.0008661988432462362,0.006532519775746111,0.08493275280665284,0.13433311575578563,0.07411452512684635,0.08231146441963005,0.08094071837279997,2.7764451051977987,0.09434050219948094,-0.2529964169746676,0.2708660341326344,0.06790840269192813,12.706204736432095,0.0746461984823506,-0.10163078954812153,0.16862279165710364,0.08488511489712787,-0.12843063689453546,0.1728515965302035,-0.013279348324277651,0.13433311575578563,-0.012635921199964895,0.19388446592450692,-0.0003442745893725596,0.2861672411958622,0.0016256624806471154,0.44016388314903004,9.494567874184821e-05,0.6614289311079893,-0.0019057420657451962,1.364505794256775,-0.0034270619785184754,-0.0011158588774912105,0.0744586320447279,0.08806710339648342,0.05
4.0,839987886,-0.12520850879434928,0.1,0.0736055714770641,0.04690866833007449,0.050084066345235136,0.028876752127439103,0.0003931234577845828,0.00044074335564497593,0.026737567690793197,0.2431366342882323,0.04992910163498936,0.08231146441963005,0.02102420463114535,2.7764451051977987,0.01384628392290121,-0.16727026916120252,-0.09038337471536645,0.02610189177261369,12.706204736432095,0.018754677894743586,-0.15446412605212792,-0.09595289153657063,0.05793376066695532,-0.2300290973335107,0.009845921276008512,-0.010943947449753287,0.13433311575578563,-0.015533830879160418,0.19388446592450692,0.004604761252505465,0.2861672411958622,-0.0013283550371515664,0.44016388314903004,-0.0010117324748058583,0.6614289311079893,-3.6731099344311536e-05,1.364505794256775,-0.004694054986629376,-0.0006229019145910386,0.05603097882026912,0.08943078287752904,0.05
4.0,1417768473,-0.10717704513733758,0.1,0.06157022624955624,0.044151712212004264,0.04380774659420225,0.06307910698482987,0.00013095842878110722,0.003848015309222505,0.064920841323042,0.13433311575578563,0.04656184983103726,0.08231146441963005,0.06212195055495322,2.7764451051977987,0.13830768983041736,-0.5298844324451776,0.23812298443657773,0.05682413237739172,12.706204736432095,0.05317289594089024,-0.19752326784248264,-0.016830822432192513,0.05911097717568972,-0.20563137192426426,-5.1253486772101595e-05,-0.017039457420527364,0.13433311575578563,-0.0027330367335847393,0.19388446592450692,0.00444119671161554,0.2861672411958622,-0.003166456083398862,0.44016388314903004,0.0005374232587203584,0.6614289311079893,-0.001717201300463636,1.364505794256775,-0.0016058742858922382,-0.0015136762666368622,0.08660608941883138,0.1372377716913277,0.05
4.0,1861889161,-0.1575198980051348,0.1,0.06491196434849555,0.06266299996607064,0.061878503509679224,0.09402644446403534,0.00021754852720818046,0.008623423731340141,0.09481048270942892,0.13433311575578563,0.06517879510103279,0.08231146441963005,0.0929964887579908,2.7764451051977987,0.2503484530267948,-0.6490965979645223,0.7410608760356486,0.07934894467074172,12.706204736432095,0.08337381535804948,-0.2974101147014967,-0.025354010238743285,0.08069759848148894,-0.3139698513233267,-0.017568247795360478,-0.017659382118454532,0.13433311575578563,0.0015225892529604063,0.19388446592450692,0.000555618216614031,0.2861672411958622,-0.002399065312078588,0.44016388314903004,8.744191625220604e-05,0.6614289311079893,-0.0003059826272072894,1.364505794256775,-0.0031596170424803838,-0.0008417737364750705,0.06510073451694982,0.09717889006509876,0.05
4.0,1623857003,0.11870034849929806,0.1,0.06064039406851689,0.0744636423513871,0.07136073270658508,0.06314401394911329,0.00022436942910049502,0.0037627970685053178,0.05982261234241873,0.13433311575578563,0.07398104080747611,0.08231146441963005,0.0614302222406973,2.7764451051977987,0.1491900615041912,-0.4374057873977919,0.3910302446171485,0.044028673469833,12.706204736432095,0.057168672764567136,0.026612645014020858,0.2337966769284574,0.0822315281571165,-0.0671213889710314,0.23074279123373817,-0.01732864932378176,0.13433311575578563,-0.006765687140861493,0.19388446592450692,-0.002326658881348704,0.2861672411958622,0.0003235871307827883,0.44016388314903004,-0.0009233783605172031,0.6614289311079893,0.0011049020139471235,1.364505794256775,5.0321227829681155e-05,-0.0016614678037734467,0.09064284019941098,0.1375564115363491,0.05
4.0,385332131,0.042761666100663516,0.1,0.06510056268181703,0.04402709479858225,0.04722709061798031,0.014255306378902407,0.0001181659941912269,8.504776576514877e-05,1e-150,0.13433311575578563,0.044680354408828504,0.08231146441963005,0.009235451724543724,2.7764451051977987,0.049327533808050106,-0.0707041251441541,0.20320625444152524,1e-150,12.706204736432095,0.009201579578002812,0.026256402095961324,0.05806705933299963,0.07438985365842748,-0.13961615523897364,0.18697299675872278,-0.018548011378764415,0.13433311575578563,0.005716626633508848,0.19388446592450692,-0.004990874003186304,0.2861672411958622,0.0031727305687124664,0.44016388314903004,-0.002108115953779318,0.6614289311079893,-0.0009408589673240131,1.364505794256775,0.0038984538017575224,-0.002750393049844699,0.11687376933818105,0.1618459483523155,0.05
4.0,814720191,0.32660401269858985,0.1,0.07784778523138043,0.09915709663597293,0.10470349647534864,0.13080419549428032,0.0011828879188925112,0.015926849640013396,0.11172595487368463,0.13433311575578563,0.09678785764675403,0.08231146441963005,0.1263838636747368,2.7764451051977987,0.09575294155700517,-0.027952414012035964,0.5037531577764398,0.0955663130844099,12.706204736432095,0.10935838933846138,0.1384764565825996,0.51473156881458,0.11121602187816859,0.06328584124226609,0.48720915540343285,-0.0038018225050515477,0.13433311575578563,0.00011876155758785795,0.19388446592450692,-0.007321566970477154,0.2861672411958622,0.0010350517547038356,0.44016388314903004,-0.0021553955751562113,0.6614289311079893,-0.0008029947568647325,1.364505794256775,-0.004549752152755847,-0.0009190372736627565,0.06798079211597526,0.10494001274495783,0.05
4.0,1325589858,-0.28102493202257206,0.1,0.08931907769012366,0.07435053942287109,0.07845044600837461,0.11401181239741233,0.0009482065777010442,0.0120504867884417,0.10954257754171438,0.13433311575578563,0.0770085900824878,0.08231146441963005,0.10993322875700545,2.7764451051977987,0.08213126707728154,-0.5895102585456937,-0.13344434962487078,0.10237354893482449,12.706204736432095,0.09653519153546387,-0.4047594503363447,-0.11145286116734313,0.07419043373319881,-0.42221222776893763,-0.165560856885728,-0.013393109585066587,0.13433311575578563,-0.004454501975845244,0.19388446592450692,0.001181010387766301,0.2861672411958622,-0.0015950433974758708,0.44016388314903004,6.0495269006333054e-05,0.6614289311079893,-0.0012181456058590315,1.364505794256775,-0.0038856432265699146,-0.0008373254381419707,0.06462667859307117,0.09650044047690752,0.05
4.0,2075280059,-0.23101111629837476,0.1,0.09582346877336337,0.09390308843028096,0.09631837718552444,0.11451913415386945,0.0010171893301065965,0.012097442757245353,0.14943135664109938,0.32612014812863077,0.1031096674246756,0.08231146441963005,0.11014720361696084,2.7764451051977987,0.14321635660920484,-0.4877664387335862,0.3074982658501922,0.1555781143354517,12.706204736432095,0.09175793749810841,-0.42255320032579985,-0.06877235092171632,0.09725392539547548,-0.33137560771751684,0.020476021785135648,-0.019290808752228283,0.13433311575578563,-0.002282918857628342,0.19388446592450692,-0.003443069225843363,0.2861672411958622,0.0050304342144133415,0.44016388314903004,-0.004573043925447762,0.6614289311079893,5.4191496827435864e-05,1.364505794256775,0.00037243886186090193,-0.0023022191406796336,0.10712105990172079,0.15372300441189896,0.05
4.0,254241546,0.012449604441801015,0.1,0.07274425055232875,0.062109293598920555,0.0675472289451784,0.05811393845025178,0.000819539911182986,0.002557689931016666,0.049002440703133456,0.19388446592450692,0.06238370025304343,0.08231146441963005,0.050646639557302815,2.7764451051977987,0.09997391772937916,-0.34619890318885416,0.20894528586551034,0.03526747959538207,12.706204736432095,0.046406843215641785,-0.06158456804384363,0.08871594779883815,0.07018001918850542,-0.141627421866997,0.1087674837718917,-0.010786522319839332,0.13433311575578563,-0.0012922418592629552,0.19388446592450692,0.0008302798999123358,0.2861672411958622,-0.0012238024950255765,0.44016388314903004,-0.0010991031660658804,0.6614289311079893,-0.0010781628982152837,1.364505794256775,-0.0040394962028192215,-0.0007683394243313254,0.06178072767643829,0.10484821871573986,0.05
4.0,1964269578,0.06329110301018823,0.1,0.08010439775026008,0.06132712046662801,0.06386346929090156,0.03788532878139577,0.00024360979208551663,0.0011916883447889383,0.03363045967737724,0.19388446592450692,0.06032499600622464,0.08231146441963005,0.03457068889618106,2.7764451051977987,0.050134126798711674,-0.0261297222640358,0.2522595796432618,0.03053077216279644,12.706204736432095,0.031144491016017174,0.00887172976172717,0.11771047625864928,0.090931949805275,-0.16437200934720186,0.17008519607032843,-0.009131856640749047,0.13433311575578563,-0.008877352675361692,0.19388446592450692,-0.002796565434604987,0.2861672411958622,-0.00025447716743270775,0.44016388314903004,-0.0015607167363506566,0.6614289311079893,0.001411907572470788,1.364505794256775,-0.006025169208609594,-0.00011817924046801806,0.024272776936957452,0.03532099022662898,0.05
4.0,1841235926,0.17419476606931666,0.1,0.07658762051746792,0.06581601436636043,0.0643326015246254,0.04837174181977781,-0.0001303618717496376,0.0024701872784288793,0.04404459399097534,0.13433311575578563,0.06815635578314942,0.08231146441963005,0.04977274905025556,2.7764451051977987,0.38799894524544654,-1.1055945624045265,1.048920982292731,1e-150,12.706204736432095,0.047036129558062835,0.09893782731510069,0.24945170482353263,0.09291722523876221,-0.050528744713823,0.2767025611998579,-0.010002095179599971,0.13433311575578563,-0.0052314090867324895,0.19388446592450692,-0.004501693643523978,0.2861672411958622,0.0016401113025365129,0.44016388314903004,-0.000828268075901177,0.6614289311079893,-0.0010784190807167579,1.364505794256775,-0.006014430663462136,-0.0003347038471406791,0.04105415182729797,0.06400354623685908,0.05
4.0,629416067,0.014589885300649492,0.1,0.07359182874548167,0.05526146943070615,0.05882428097420331,0.03949393661838898,8.192617331801702e-05,0.0014778448562993089,0.041231396231945716,0.13433311575578563,0.06030703543755542,0.08231146441963005,0.038498260794582496,2.7764451051977987,0.06266323944652008,-0.235247379370311,0.1127147095039456,0.02271419617958701,12.706204736432095,0.03280351158997548,-0.03892217768499982,0.07165880396245326,0.0616544402198236,-0.08119670027669844,0.13671592910443534,-0.011508142841932785,0.13433311575578563,-0.005495895837043649,0.19388446592450692,-0.003968968263339886,0.2861672411958622,0.0006514934661951763,0.44016388314903004,-0.001923496597869637,0.6614289311079893,0.0012434658672987955,1.364505794256775,-0.004625823112868287,-0.00047819909369692913,0.04870387298535977,0.06888365076100607,0.05
4.0,934453668,0.2599917865792147,0.1,0.08095320669878235,0.07382244371615126,0.0821453537159029,0.08251062127440793,0.0013096584465002734,0.005498344176588505,0.11577959622026118,0.2431366342882323,0.09689879238361057,0.08231146441963005,0.0742578975242966,2.7764451051977987,0.10665648768438489,-0.03304943231821805,0.5592023340195813,0.1104515012590289,12.706204736432095,0.07615207495640931,0.12609341327116788,0.3938901598872615,0.08519231777254316,0.15786376651240946,0.4609374895357759,-0.017933595196825098,0.13433311575578563,-0.002364358702196917,0.19388446592450692,0.0026974802849664783,0.2861672411958622,0.0010367250035188832,0.44016388314903004,-0.0007002765036519072,0.6614289311079893,-0.001780643137299793,1.364505794256775,-0.001701971822554981,-0.0011458652273521963,0.07575963225320705,0.10772526202133637,0.05
4.0,379717321,0.0942083416865199,0.1,0.07114682083752144,0.08405843774063976,0.08454014195588895,0.0974711408692083,0.0006262789508597365,0.00887434435148531,0.1244000907333115,0.32612014812863077,0.0883475657608843,0.08231146441963005,0.09433977287212823,2.7764451051977987,0.15752371413883487,-0.5670106785027458,0.3077012116439449,0.12617641443013033,12.706204736432095,0.07673728625123906,-0.03718346095092731,0.22958498614190864,0.12712828329955936,-0.3060644328955252,0.19946966578054345,-0.020026006794401273,0.13433311575578563,0.010443274357630003,0.19388446592450692,-0.0017409175202256727,0.2861672411958622,0.0004801836101600042,0.44016388314903004,-0.002738339074338845,0.6614289311079893,-0.0001930378222921202,1.364505794256775,-0.003559431721649024,-0.0009068919288496727,0.06708529938697864,0.09205642388558063,0.05
4.0,51074049,0.006550235865734916,0.1,0.062047865565458424,0.0572236539793101,0.06043322618563401,0.06502375872836948,0.00043613797836443684,0.003791951220800769,0.08370052286805439,0.19388446592450692,0.06976672698048311,0.08231146441963005,0.061667743735219285,2.7764451051977987,0.10636874701891663,-0.1813633455942489,0.4092906284191391,0.0638552768370596,12.706204736432095,0.05686384068105179,-0.09527891851674052,0.10503988574336029,0.10396905107964555,-0.07459835949781003,0.34136507954038137,-0.009817913464535331,0.13433311575578563,0.0026048906409384277,0.19388446592450692,-0.005272617129292608,0.2861672411958622,0.0026696784681106726,0.44016388314903004,-0.0024988623811718386,0.6614289311079893,-0.0007725229828814045,1.364505794256775,0.00444979694748207,-0.002767009244442304,0.1170642377395642,0.1624283549191903,0.05
4.0,1614331729,-0.2599422018022809,0.1,0.07728611221355826,0.05313702505280247,0.05217825628918198,0.03171048311672208,0.00012022783816136072,0.0008853269013345554,0.016858878429697938,0.13433311575578563,0.050263673976103485,0.08231146441963005,0.02979741011571825,2.7764451051977987,0.1642518490426247,-0.7584593761801484,0.15361310840801778,1e-150,12.706204736432095,0.025244953302666247,-0.30172031587766146,-0.2148075473421115,0.08633728013064189,-0.3453025451652172,0.004008377159439344,-0.013612551573096326,0.13433311575578563,-0.009858749993549597,0.19388446592450692,0.013041190846308766,0.2861672411958622,-0.006178509149913059,0.44016388314903004,-0.0003067667014049311,0.6614289311079893,-0.0013931462890018494,1.364505794256775,-0.0029228285974668717,-0.0012882148722622663,0.07991136134238074,0.09924725617330428,0.05
4.0,2083472476,-0.160991207733787,0.1,0.06059822545185317,0.024053678836937663,0.02316666920490408,0.022389800159599182,0.0001450032511945477,0.0003562998999922398,0.02438786395150075,0.13433311575578563,0.023927688216054885,0.08231146441963005,0.018903165567949912,2.7764451051977987,0.0727981199363536,-0.3322965591542347,0.07194340837554775,0.02042880071376125,12.706204736432095,0.01612649566083837,-0.19211211250169935,-0.13335652935004133,0.0730673677955281,-0.3835749959128743,-0.12624367094560626,-0.013734892518426793,0.13433311575578563,-0.003689698816637514,0.19388446592450692,-0.002029964148198517,0.2861672411958622,-0.0016437670032194316,0.44016388314903004,0.0016797350779594444,0.6614289311079893,-0.0009961280596827735,1.364505794256775,0.0010542517878931734,-0.0017527936867692468,0.09385342320654932,0.14240818278866416,0.05
4.0,569420019,-0.028745325994553865,0.1,0.06601854225770828,0.04836010631108687,0.04532578590343555,0.033418360698527105,-0.00017686006899567336,0.0012936469007725343,0.03237070669488765,0.32612014812863077,0.042827446348058316,0.08231146441963005,0.03601924158901183,2.7764451051977987,0.04308287954058039,-0.17346991101143122,0.0657645890251104,0.030740732327159154,12.706204736432095,0.028129285943266472,-0.0819858812625376,0.028822359214885764,0.06122178892997102,-0.22881011595108022,0.04399567545459682,-0.019698218277907135,0.13433311575578563,-0.0016222546970121104,0.19388446592450692,0.003011873595860921,0.2861672411958622,-0.00199076896564504,0.44016388314903004,-0.001132653679986744,0.6614289311079893,0.0005633739683871891,1.364505794256775,-0.004782323761932264,-0.0004992608207650777,0.04988304722333692,0.06387841885347527,0.05
4.0,256167588,-0.3187744284334032,0.1,0.07112477406627665,0.06125630506357549,0.06022207089557544,0.0769173972366834,-2.462101691383606e-05,0.005940907014579586,0.07299170622339606,0.13433311575578563,0.055435962435211435,0.08231146441963005,0.07718858248515005,2.7764451051977987,0.18139394993319566,-1.0305440866229074,-0.023283397813875895,0.05710858979361664,12.706204736432095,0.06470867439551078,-0.42701431497212045,-0.20089127628262504,0.0628921424699572,-0.48212220717371307,-0.24903756162328503,-0.016476743807511324,0.13433311575578563,0.011902867670006761,0.19388446592450692,-0.009481921678436095,0.2861672411958622,-1.7297147401341178e-05,0.44016388314903004,0.002572561749990837,0.6614289311079893,-0.0033292523292222445,1.364505794256775,-0.0007445952892242935,-0.001608483721371054,0.0898872873116986,0.1336777960563528,0.05
4.0,1788277171,0.0014948670933895606,0.1,0.07285679562643543,0.0785034106270793,0.08363927250123501,0.06802637416428449,0.00093197192176125,0.0036956156601779823,0.10481374950754806,0.32612014812863077,0.09787071927848645,0.08231146441963005,0.060879361283559016,2.7764451051977987,0.12712505933443108,-0.20458475173970175,0.5013267457344202,0.10670858347819442,12.706204736432095,0.05287508566173651,-0.1062354181603552,0.10922515234713431,0.1519834379897497,-0.09632023987610287,0.5242452322164276,-0.011839888250624892,0.13433311575578563,0.0027425087912763602,0.19388446592450692,-0.0025895341720337055,0.2861672411958622,-0.0027942131929012855,0.44016388314903004,0.0041783623194193206,0.6614289311079893,-0.004755677294999999,1.364505794256775,-0.0054527436576123495,-0.0004733999117260466,0.0488878195388063,0.07344169968039689,0.05
4.0,1836838914,-0.028992350904783096,0.1,0.0715134320279153,0.05979345155083441,0.05885870151162857,0.048954656031267245,3.09197804975697e-05,0.002365638566642121,0.0517209955803044,0.19388446592450692,0.057145027772729555,0.08231146441963005,0.04870806578305135,2.7764451051977987,0.07125676503278182,-0.33075247271658753,0.06492852025840595,0.0469313983101392,12.706204736432095,0.04573800232945281,-0.10087852996033268,0.04289382815076649,0.10549430512278377,-0.3816579705705744,0.03420916626373122,-0.015435427766891517,0.13433311575578563,-0.003070515638578086,0.19388446592450692,0.00048509733867102485,0.2861672411958622,-0.0023356292027808096,0.44016388314903004,0.00021447190296899898,0.6614289311079893,-0.0006983209002390704,1.364505794256775,0.000792184644983857,-0.0020395937432196587,0.10141834274938497,0.16074675507363761,0.05
4.0,1689445613,-0.0229667169789836,0.1,0.06920813644466171,0.02125297230869649,0.025643418386911764,0.02036482642066743,7.436196125134475e-05,0.0003403641938925695,0.025466325726851764,0.19388446592450692,0.02845189549439378,0.08231146441963005,0.018475602978945276,2.7764451051977987,0.024481084409311182,-0.08957294512792072,0.046367828828411645,0.019217412651264025,12.706204736432095,0.016063142509073123,-0.04985004069551656,0.008856845970197938,0.056751686559435244,-0.07646316969174596,0.12315575822986237,-0.010435031951862132,0.13433311575578563,-0.004825405482145064,0.19388446592450692,-0.004076187900519037,0.2861672411958622,0.0007892173860250082,0.44016388314903004,-0.0015569221451922266,0.6614289311079893,0.0008032946033264692,1.364505794256775,-0.001135483388506805,-0.0012623733167948274,0.07960360607431904,0.09401472274156954,0.05
4.0,654489127,0.1446704790022242,0.1,0.06876359761372308,0.06778256053714457,0.07459744740983029,0.09871087575345534,0.00017123688283301498,0.009572600109181083,0.10149161285185326,0.13433311575578563,0.08301063258368804,0.08231146441963005,0.09798095010503355,2.7764451051977987,0.16795397660670847,-0.16749667408508762,0.765133318411315,0.088134745811722,12.706204736432095,0.09262142722589761,-0.005630447728622645,0.2874250728802794,0.0916347679368854,-0.05271727928058714,0.30007234082694084,-0.01040644137003296,0.13433311575578563,0.0016295781327917043,0.19388446592450692,-0.0019515511126748364,0.2861672411958622,-0.0005022170343910397,0.44016388314903004,2.310218211854978e-05,0.6614289311079893,-0.0024434921043028084,1.364505794256775,-0.00044383936002434266,-0.0017170357751440499,0.09237961150265278,0.14829009867867005,0.05
4.0,1193722941,0.06884266655252846,0.1,0.06819957831261313,0.06150982262379809,0.06088918086539855,0.07511195658273431,0.00032965061801663517,0.00531215540366993,0.08112954785568816,0.13433311575578563,0.067918198726845,0.08231146441963005,0.07298978321634854,2.7764451051977987,0.07014685860865524,-0.241586148314681,0.14793165614332482,0.05901315396853028,12.706204736432095,0.06805328279138292,-0.03987955770270152,0.18455487538999465,0.06971592048738197,-0.033687275908611376,0.23521580268693387,-0.011762924450545139,0.13433311575578563,-0.004748732243151579,0.19388446592450692,0.004066599235523425,0.2861672411958622,-0.0002032931857195689,0.44016388314903004,-0.004072075959661762,0.6614289311079893,0.0011797341106714277,1.364505794256775,-0.002342108518334295,-0.0010819911231667945,0.07349174186768902,0.11664446674118188,0.05
4.0,487214208,-0.20820365515615738,0.1,0.06329506886850737,0.024708369055892222,0.028133010127960618,0.027156625927016086,0.00013526119219832303,0.0006022211395415593,0.029487839705348448,0.13433311575578563,0.03051617161456171,0.08231146441963005,0.02457563148865651,2.7764451051977987,0.10316154110954365,-0.5042684386206853,0.06857627309582259,0.021073382400638118,12.706204736432095,0.020020513711803693,-0.2504166497746818,-0.17311357474545938,0.041783846221022033,-0.3068706443005186,-0.14907287167733296,-0.013332859078012125,0.13433311575578563,0.0001088379221121535,0.19388446592450692,-0.005810913833579767,0.2861672411958622,0.0008523027207019164,0.44016388314903004,0.001886354694118771,0.6614289311079893,-0.0030875114945086873,1.364505794256775,-0.0019748855263804076,-0.0012999965814785182,0.08078561719275729,0.10193749893213436,0.05
4.0,1141613769,0.19289582834580932,0.1,0.06010265038143832,0.09473849236044263,0.09013071251956269,0.10555404672564865,0.00026701969560264695,0.010874637084557772,0.10418454711720712,0.13433311575578563,0.09078955505076358,0.08231146441963005,0.10443211513470059,2.7764451051977987,0.1492831129505402,-0.3048093271977847,0.5241434092826502,0.07623196945116126,12.706204736432095,0.09156429412613015,0.037409763498535566,0.34714544304426426,0.09242637604481799,-0.061866561500885514,0.35129322224723813,-0.013172072646746127,0.13433311575578563,-0.0032777221555752314,0.19388446592450692,-0.0010695246076193087,0.2861672411958622,0.002059951431981967,0.44016388314903004,-0.0013319858755012988,0.6614289311079893,-0.0020357368521252825,1.364505794256775,0.002107050113823532,-0.0024283445919087493,0.11017549435512772,0.14447623694485356,0.05
4.0,1846521085,0.2777669887700798,0.1,0.09388431884326615,0.11245739968651285,0.1393487304071479,0.08329653232891573,0.0056842879310205485,0.0012540243670015562,0.15139658019150323,0.32612014812863077,0.16347201613260026,0.08231146441963005,0.03546334325586158,2.7764451051977987,0.0755393481103523,0.054132164634528857,0.47359387125616936,0.15659063846968274,12.706204736432095,0.032430821888941835,0.21826938085539582,0.3380812550442266,0.09227334810004992,0.08086547243594686,0.4720349003570116,-0.01437301194491764,0.13433311575578563,0.00635042886713544,0.19388446592450692,-0.004617033797465035,0.2861672411958622,0.001509108837623288,0.44016388314903004,-0.0024614913667073764,0.6614289311079893,-0.001101671617542063,1.364505794256775,-0.003615880703958562,-0.0011391527539421614,0.07546666928609254,0.10973727049212832,0.05
4.0,1077159725,0.49145351111113644,0.1,0.066831945770135,0.08054978947209683,0.080309596277903,0.0603436806432091,0.0005481931158250065,0.0030931666777446023,0.03506863357782193,0.13433311575578563,0.07072203054278171,0.08231146441963005,0.05569655703749172,2.7764451051977987,0.050093839997165775,0.3703936980624009,0.6485592917837861,1e-150,12.706204736432095,0.045882765500238384,0.413604146689877,0.5673586528669685,0.11133978519050607,0.3483469946827845,0.7429500885011099,-0.01689505086742688,0.13433311575578563,-0.0070019938396343575,0.19388446592450692,0.0017253068140810177,0.2861672411958622,-0.0002604346640433098,0.44016388314903004,7.743576268103398e-05,0.6614289311079893,-0.00037583674491873786,1.364505794256775,-0.001824142866841822,-0.0010027019166540963,0.07096917150314658,0.10080864821531862,0.05
4.0,995220076,0.16246910809180498,0.1,0.0703834808251385,0.05790904204892709,0.049411611604020925,0.06409848429010556,8.84751809421356e-06,0.004099768170194695,0.060434371955028036,0.13433311575578563,0.05143257131102784,0.08231146441963005,0.06412189338399964,2.7764451051977987,0.10491064103252434,-0.29905416546633934,0.2835031060894918,0.042497335269464774,12.706204736432095,0.058177779411030896,0.06731245338016716,0.2515113369198118,0.07555859317085238,-0.02763443306883821,0.24152395990716402,-0.020319886687281158,0.13433311575578563,8.105181220670053e-05,0.19388446592450692,-0.003823804320398208,0.2861672411958622,-0.0007441084933058772,0.44016388314903004,0.0005563105036069589,0.6614289311079893,-0.00019148836068959407,1.364505794256775,0.003982392734021787,-0.002771712060544622,0.11704966502745871,0.1795863957352486,0.05
4.0,1826142817,0.13562079793219953,0.1,0.0758688223877254,0.0810050189930905,0.08252624975803521,0.09590370318015812,8.706136164506051e-05,0.00911045892202281,0.09354297982945818,0.13433311575578563,0.0829565654702092,0.08231146441963005,0.09558655621035746,2.7764451051977987,0.09448146397890643,-0.234937341988444,0.2897078544038698,0.07048833676931117,12.706204736432095,0.08923178494842703,-0.008792594030198952,0.280034189894598,0.08475098797019111,-0.07714897349338473,0.2532645324948742,0.0009813991220415166,0.13433311575578563,-0.004440068766538422,0.19388446592450692,-0.00980120513938848,0.2861672411958622,0.001840062465347568,0.44016388314903004,-0.001513520889710315,0.6614289311079893,-0.000836495166325216,1.364505794256775,-0.004474979766981926,-0.000750275497036693,0.06106230398875868,0.08001094335541407,0.05
4.0,1733952586,0.11287082026106114,0.1,0.0777743830437603,0.07762146146887396,0.08572363629479757,0.034661593262436535,0.000442156681583452,0.0007592693659071338,1e-150,0.13433311575578563,0.08150683159705925,0.08231146441963005,0.027594633283300096,2.7764451051977987,0.15369830008623853,-0.35391609723477874,0.49955368866853994,1e-150,12.706204736432095,0.025065568706413438,0.07220086874962442,0.15459409185382175,0.1776307586341792,0.012571139036098477,0.7145480794038672,-0.02091895191481113,0.13433311575578563,-0.0019381838948175274,0.19388446592450692,-0.0012643917111624194,0.2861672411958622,-9.232443180922476e-05,0.44016388314903004,-0.0009243533625721731,0.6614289311079893,6.0999380247159585e-06,1.364505794256775,-0.0034659917750643654,-0.0010977396052046242,0.07379493548979672,0.11679387447682349,0.05
4.0,1247360860,0.38635485234256295,0.1,0.07472169616751434,0.06310432274829915,0.08075550266582504,0.05656462441771644,0.002707044715014458,0.0004925120205028651,0.07046209101109507,0.2861672411958622,0.08536897830499232,0.08231146441963005,0.022224658954612283,2.7764451051977987,0.02150704072014359,0.34004015662290765,0.4594663924923724,0.06144459710157435,12.706204736432095,0.018508066304195537,0.35331714300428874,0.4167793908903248,0.07668636220390074,0.1941726278942411,0.5081357758435614,-0.013595246120651735,0.13433311575578563,0.0018619815122008663,0.19388446592450692,-0.002062627779908369,0.2861672411958622,-0.0014868857802578844,0.44016388314903004,0.0004018313109955137,0.6614289311079893,-0.0013007716514677507,1.364505794256775,0.003220119307763716,-0.002477258994337346,0.11114823773908279,0.1334137587734638,0.05
4.0,1085347545,0.06701060283188949,0.1,0.07459023439023958,0.05619764581965452,0.06458397064032781,0.07401665589460137,0.0009248480494461709,0.004553617300373656,0.08046687298418723,0.13433311575578563,0.07210959752428842,0.08231146441963005,0.06757794051327959,2.7764451051977987,0.1465428837279058,-0.21013479282278652,0.6036017516330419,0.06577207320515904,12.706204736432095,0.06674890471534063,-0.0420147299008239,0.1760359355646029,0.05921179922040953,-0.044912742101646114,0.1806335384212093,-0.007671666726924849,0.13433311575578563,-0.0034097937213667215,0.19388446592450692,0.0017856105852481106,0.2861672411958622,0.0005172127546577886,0.44016388314903004,-0.0024638562721920367,0.6614289311079893,-0.0012379690635884453,1.364505794256775,-0.006325396722851895,-0.00015630524725729686,0.02796867181467997,0.03790661283027182,0.05
4.0,1647057561,0.15087736010944153,0.1,0.068595260875091,0.06289624973548845,0.06447213924877855,0.031166186197830303,0.000487449263472467,0.00048388189864536117,1e-150,0.13433311575578563,0.0613356771131414,0.08231146441963005,0.02202908080793665,2.7764451051977987,0.10779724168981573,-0.27286736245644927,0.3257188856305767,1e-150,12.706204736432095,0.019472303690902065,0.11387993698114872,0.1821780181390739,0.07250691198213506,-0.004964649878317842,0.3029416397300664,-0.00827578951476298,0.13433311575578563,-0.008407708911995845,0.19388446592450692,-0.008108973677199958,0.2861672411958622,0.00276613294639101,0.44016388314903004,-0.0008211428242543877,0.6614289311079893,-0.0011504661398359928,1.364505794256775,0.0069069601281985405,-0.0037717801102654753,0.1382280833868479,0.21429898655914298,0.05
4.0,252315236,-0.1812730101822025,0.1,0.07692560170160849,0.09180371659799488,0.08932062751312966,0.039828516429902004,-0.00015663677562869488,0.001742947496635669,0.053137188872601354,0.32612014812863077,0.09214371933803789,0.08231146441963005,0.04180890954265818,2.7764451051977987,0.19965365080634345,-0.42971404974262895,0.6789407532896566,0.057447837265552304,12.706204736432095,0.0372882994624038,-0.24920165979757175,-0.1156625494990659,0.13098527722320474,-0.30502043107002563,0.08888676540863528,-0.011164376030389668,0.13433311575578563,-0.012037406003417371,0.19388446592450692,-0.000462533735496399,0.2861672411958622,-0.001305939176188583,0.44016388314903004,0.0018037260511050333,0.6614289311079893,-0.0013670272392991248,1.364505794256775,-0.005098159420541226,-0.00042070107886635203,0.04600622160356796,0.06564699056760696,0.05
4.0,322161801,0.06591109726722909,0.1,0.07473690953762746,0.048572493120764004,0.05028018435209763,0.016050950096487642,8.713442688244605e-06,0.0002489195563116921,1e-150,0.13433311575578563,0.05024833366850312,0.08231146441963005,0.015799967626380564,2.7764451051977987,0.12934630476182626,-0.4011081686372883,0.31713766082550215,1e-150,12.706204736432095,0.013026902764511496,0.03867377475934429,0.09346041447594325,0.10739695938268116,-0.31266890886739107,0.15181238777967998,-0.012716373363097078,0.13433311575578563,-0.0037306824967717643,0.19388446592450692,-0.001977495777736373,0.2861672411958622,-0.007835961852002672,0.44016388314903004,0.0062613486423005885,0.6614289311079893,-0.002815203772105711,1.364505794256775,-0.0016873590117897146,-0.0015187826928809167,0.08673850027309667,0.14111196362281708,0.05
4.0,1232238162,-0.017798642747045512,0.1,0.07254917372910057,0.11852019973139975,0.13561704509516107,0.1380942771799292,0.0041060164864753865,0.014964012903371725,0.15077861379602567,0.13433311575578563,0.14620527183808676,0.08231146441963005,0.12250412848381072,2.7764451051977987,0.18676184123144776,-0.43051826922853126,0.6065497306210318,0.12987003704185648,12.706204736432095,0.10696937004008412,-0.19364285509773455,0.16492272876258865,0.14025875051144077,-0.3416046570464038,0.1933560415321382,-0.015447251086330082,0.13433311575578563,0.007598084520284825,0.19388446592450692,-0.0016885735377065606,0.2861672411958622,0.00555701282643724,0.44016388314903004,-0.0034426629651306754,0.6614289311079893,-0.002763695111678087,1.364505794256775,-0.0020034278577750436,-0.0011341410174364865,0.07514199670074753,0.09953181552664107,0.05
4.0,1487040275,0.13512197471932558,0.1,0.0652468948437975,0.036339930245179876,0.038740547619001385,0.03958529961233654,0.0002315929322421655,0.0013354030131562862,0.04371303147906354,0.13433311575578563,0.04415915868558723,0.08231146441963005,0.036595936378744066,2.7764451051977987,0.24105334986075105,-0.28388904990337727,1.0546537367214521,0.029604469934566932,12.706204736432095,0.03277530628058978,0.08019120857537479,0.19121818095327164,0.08743095147441401,0.074304221487596,0.3511168880487095,-0.023450172722849705,0.13433311575578563,-0.004940528190470762,0.19388446592450692,0.0049321249258576,0.2861672411958622,-0.0025381475688647237,0.44016388314903004,0.0006242487854580024,0.6614289311079893,-0.0009544641860765587,1.364505794256775,-0.005878867514868994,-0.0004903331416968711,0.04955901436736748,0.05252342884466772,0.05
4.0,1040235582,0.129326061353631,0.1,0.0568946807056875,0.05666775716098469,0.056099859765288695,0.08809611232136788,4.0973274414032e-05,0.007719951731725034,0.09415452759795927,0.13433311575578563,0.06350462409272664,0.08231146441963005,0.08799013428191634,2.7764451051977987,0.3342619112001318,-0.4707977691520244,1.38532192525931,0.08019438075260849,12.706204736432095,0.07543308901748194,0.0015766640099695306,0.2570754586972925,0.09813757980958623,0.01904269962113258,0.335555903477424,-0.002899347660775635,0.13433311575578563,-0.007293215618744495,0.19388446592450692,0.0037265173902045526,0.2861672411958622,-0.0013356109884554912,0.44016388314903004,-0.002596889720661114,0.6614289311079893,-0.000388300933527828,1.364505794256775,-0.0034957416251549145,-0.000745277539194843,0.06102333667471151,0.07996050989147514,0.05
4.0,2140699141,-0.12554022094205794,0.1,0.07304018885478183,0.08328649700594881,0.10880182824449226,0.09239793625920265,0.004879908892915715,0.003657469732043962,0.09760888532894581,0.13433311575578563,0.11369734504241477,0.08231146441963005,0.060564349693634764,2.7764451051977987,0.055482786591250874,-0.22921265206655617,0.0788771704414689,0.04357675905537086,12.706204736432095,0.056264965942909105,-0.2186012742171792,-0.029360891107359732,0.08601999278562344,-0.24486528501998314,0.12231025578917269,-0.01763596546949733,0.13433311575578563,0.0018787607958998343,0.19388446592450692,-0.0014223205083545814,0.2861672411958622,0.0006925809007763058,0.44016388314903004,-0.002318458818243244,0.6614289311079893,0.0008790224252853497,1.364505794256775,-0.003442540304265167,-0.0006737401958261168,0.05800374212929405,0.07389011979459166,0.05
4.0,293203827,0.11381098496211538,0.1,0.07657140526174858,0.05873961619299442,0.05915632523116628,0.04568470447352151,0.0005189379780655705,0.0015681542447674262,0.06858737336703048,0.2431366342882323,0.0626873734063679,0.08231146441963005,0.03965711137323375,2.7764451051977987,0.07350528943036448,-0.059778137227176675,0.34838866486298925,0.057571648416619124,12.706204736432095,0.034983342822695655,0.04475792166359624,0.18336393970589815,0.11627350169896689,-0.04124664960267646,0.3648858724338816,-0.009826747737507625,0.13433311575578563,-0.003506467151160845,0.19388446592450692,-0.0038834877766068723,0.2861672411958622,-0.00400122056690041,0.44016388314903004,0.0023144270627587175,0.6614289311079893,-0.001188082541780498,1.364505794256775,-0.0028640463744124297,-0.0011896156387107303,0.07682501863507879,0.09138708472042212,0.05
4.0,1321964954,-0.050576435358970925,0.1,0.07003999556210803,0.0609618936449233,0.06470734268687174,0.07915873344634422,0.0007573909652162565,0.005508714115613119,0.07019489360793617,0.13433311575578563,0.05992319234934185,0.08231146441963005,0.07432789015353242,2.7764451051977987,0.27870690590176617,-0.863799591645285,0.6838292577062794,0.050600183888779335,12.706204736432095,0.06586894666504088,-0.170038887751076,0.07313963527230818,0.06726918329283256,-0.1430783042582818,0.08179156083836618,-0.019918973573581786,0.13433311575578563,-0.0003085423143736029,0.19388446592450692,-0.0021991773398385727,0.2861672411958622,-0.0014264125374571833,0.44016388314903004,8.450031725089979e-05,0.6614289311079893,-0.00018574286507016898,1.364505794256775,-0.0013904576167269032,-0.001562263211964623,0.08822656684772404,0.11904754764208494,0.05
4.0,298236659,-0.12927365606950947,0.1,0.05781684618244176,0.05644140732403081,0.06363934750136228,0.0506979590157258,0.0009317147427105816,0.0016385683056496314,0.04005242420182704,0.13433311575578563,0.0629694422665117,0.08231146441963005,0.040537686813602855,2.7764451051977987,0.061781758526730124,-0.2272287693964525,0.11583855270765195,1e-150,12.706204736432095,0.03573859052051337,-0.18373307911673786,-0.07660604532875895,0.06311412457707202,-0.24803060049838255,0.01901408937951965,-0.011296125728567637,0.13433311575578563,-0.006270302945385605,0.19388446592450692,-0.008072877976458231,0.2861672411958622,-0.0018947666299701312,0.44016388314903004,0.0037930509722665733,0.6614289311079893,-0.0017740275144622097,1.364505794256775,0.0037610760215373734,-0.0027452044843389776,0.11649738538982088,0.1686466791273624,0.05
4.0,229555764,-0.2331960491718337,0.1,0.07462734080590491,0.031645463536334184,0.03742851856335036,0.03179043174343883,0.0002416053438799295,0.0007690262065543139,0.032551794311819225,0.13433311575578563,0.036693155741295336,0.08231146441963005,0.027771367010797306,2.7764451051977987,0.03819380646374048,-0.3772174880414924,-0.16513147403124379,0.015574533445200378,12.706204736432095,0.02344926021510903,-0.27487790585809607,-0.1937062304896869,0.052811866328627236,-0.3321758753738216,-0.15544373377452247,-0.022463753840231616,0.13433311575578563,-0.00783057575744884,0.19388446592450692,0.0061432795227136135,0.2861672411958622,0.00019680921572594933,0.44016388314903004,-0.000881184539846376,0.6614289311079893,-0.0014175293192521053,1.364505794256775,-0.005222303032762274,-0.0006750598624727201,0.058247810208701456,0.06888591004734528,0.05
4.0,1024425306,0.06400515267535202,0.1,0.06489706705392928,0.07529015179346256,0.08434363078865291,0.08276601895704558,0.0008221931577143604,0.006028020736283667,0.09905649678004862,0.13433311575578563,0.09833696603459152,0.08231146441963005,0.07775244537333238,2.7764451051977987,0.08304782661696762,-0.17946645749698434,0.28168900591900614,0.06539919815941539,12.706204736432095,0.06680273084274918,-0.05203569849889253,0.18535337613096994,0.1127075550177366,-0.20432384745595417,0.21874796232776156,-0.015992971389841036,0.13433311575578563,0.0005507010310467763,0.19388446592450692,-0.0026553750828465146,0.2861672411958622,-0.00027528655324783564,0.44016388314903004,0.0003463393490991546,0.6614289311079893,-0.0008202650678038006,1.364505794256775,-0.002894187794307185,-0.000826688897515411,0.0640123935742804,0.1062952244206224,0.05
4.0,1265946291,0.17562613422036236,0.1,0.07991169454374056,0.08969969715814727,0.09489680082801079,0.06898584269637516,0.0008099902902901183,0.0039490562022388995,0.07213623078643613,0.13433311575578563,0.09412626461104277,0.08231146441963005,0.06293226246902937,2.7764451051977987,0.15129197656664,-0.12261489277201881,0.7174928428162766,0.029789495656055414,12.706204736432095,0.06311091915156286,0.056673813322460756,0.26666822382713073,0.12982028969070425,-0.001991790217469951,0.47942028313618784,-0.013310095713953262,0.13433311575578563,0.004627568875234018,0.19388446592450692,-0.004347587331255948,0.2861672411958622,-0.00394305496470488,0.44016388314903004,0.00038511522324298145,0.6614289311079893,-0.0004191000253018731,1.364505794256775,-0.0058137430338039125,-0.0006329988373148506,0.05619018874300039,0.08074418888622663,0.05
4.0,715567207,0.023294668940854194,0.1,0.07613981007920168,0.06356398022808088,0.06164326765272964,0.07417988699406991,3.070420201547845e-05,0.005471951432437504,0.07936179601692356,0.13433311575578563,0.06775621042907183,0.08231146441963005,0.07407945950781877,2.7764451051977987,0.14486383884892967,-0.31225360772396193,0.4921593848605851,0.07497009831122817,12.706204736432095,0.07116879827919365,-0.09644401504788362,0.14641720342746506,0.07158898672024498,-0.11839069839668634,0.1654727415025585,-0.014176901605353716,0.13433311575578563,-0.005079477616030738,0.19388446592450692,0.008130594330019296,0.2861672411958622,-0.002724005239117661,0.44016388314903004,-0.0024635656368239196,0.6614289311079893,-0.00020293984719206085,1.364505794256775,-0.003553844065913882,-0.0009867699164712099,0.07009555847237504,0.09048386185718404,0.05
4.0,1954926137,0.4447668817929993,0.1,0.07020364612991294,0.07951198987704589,0.08349612212736636,0.09136969972598553,0.0011329972544102352,0.007215424773606527,0.08112512122086205,0.13433311575578563,0.0804007326236769,0.08231146441963005,0.08506631884848424,2.7764451051977987,0.2900441316872266,-0.234937231184963,1.375645988243729,0.051859166275130854,12.706204736432095,0.07324600790198318,0.3080414870551066,0.574114715176148,0.07439990090756826,0.3076975111894784,0.5988321947087641,-0.004624249024129661,0.13433311575578563,-0.005349377940005784,0.19388446592450692,0.0045591750958696095,0.2861672411958622,-0.001923494582509544,0.44016388314903004,-0.005319250720095634,0.6614289311079893,0.002211183282310234,1.364505794256775,0.002102227270890207,-0.0022279566108960687,0.10600348052889921,0.17353095318325543,0.05
4.0,1982520962,-0.14121029567623883,0.1,0.06610154376517945,0.0331382356765108,0.04329212547151849,0.05307604318308266,0.0005842161673371179,0.002232850192635338,0.05387029713658776,0.13433311575578563,0.0478366156885219,0.08231146441963005,0.04732127974697545,2.7764451051977987,0.16510657248560223,-0.7268639830777475,0.1899546869495244,0.0452828849180085,12.706204736432095,0.04438732501872864,-0.21857435923103,-0.05704681921624463,0.061861232223033594,-0.2881058373838915,-0.06000312522007983,0.005990455964055304,0.13433311575578563,-0.0036818931337681835,0.19388446592450692,-0.0011980354766148653,0.2861672411958622,-0.004287224402238395,0.44016388314903004,-0.006087103064050106,0.6614289311079893,0.0040859505448967975,1.364505794256775,-0.004514531360455115,-0.0006947102461647193,0.058655099511163336,0.08453823777854402,0.05
4.0,497706057,-0.008592782452077244,0.1,0.07955675354614752,0.09266973030347318,0.08673745203336966,0.09474658022268886,-0.0004377992419175858,0.009414713705812002,0.08866755436593823,0.13433311575578563,0.0822753023504033,0.08231146441963005,0.09716956242070408,2.7764451051977987,0.06620319661113495,-0.21393091394158162,0.15368816841728464,0.07098530319006785,12.706204736432095,0.08869418690340504,-0.1522508658286854,0.12749868044771945,0.10300330977953853,-0.2773993416577229,0.10995296519279997,-0.0221665154745663,0.13433311575578563,-0.0014773825123920118,0.19388446592450692,0.005205394533872753,0.2861672411958622,-0.001949642871080948,0.44016388314903004,-0.0017075463455049323,0.6614289311079893,0.0006053573105773089,1.364505794256775,0.002949694634955131,-0.00241865866639417,0.10956451189314421,0.17454610686560612,0.05
4.0,1116151363,0.2083018794548669,0.1,0.07821819828507288,0.07666801750965105,0.07314806570830007,0.06266677068216032,0.0006210766254558563,0.003306047522274612,0.03997245992570687,0.13433311575578563,0.06305855943120238,0.08231146441963005,0.05758126928886704,2.7764451051977987,0.07799756762106717,-0.10751563299459353,0.325596296683099,1e-150,12.706204736432095,0.04895205576749192,0.12068295439062585,0.29592080451910796,0.07361721189387666,0.023733376831524582,0.2775591336664587,-0.01538333698860634,0.13433311575578563,0.005144894510942995,0.19388446592450692,0.0013271035972365116,0.2861672411958622,0.0026961320639008455,0.44016388314903004,-0.0018138450876187034,0.6614289311079893,-0.0027687777774921926,1.364505794256775,0.0003861481932456203,-0.0016325341457301614,0.0904802853142569,0.116115587194562,0.05
4.0,53940186,-0.08051840290934413,0.1,0.06157480377981294,0.06520305124120739,0.07338497714207015,0.08348383212819466,0.0012272047787131894,0.005742345448095398,0.06908199918537816,0.13433311575578563,0.07206824954308533,0.08231146441963005,0.07588769216561303,2.7764451051977987,0.2483280451855755,-1.0202578385614698,0.35868053251618787,0.05083223567008947,12.706204736432095,0.07284458758871153,-0.1924383568008261,0.02873015194599729,0.0794534541195312,-0.25598762558228294,0.032019431391501,-0.009367392129021063,0.13433311575578563,0.010023956300978316,0.19388446592450692,-0.00534084582206541,0.2861672411958622,-0.0008054903733815533,0.44016388314903004,-0.0019034247043368565,0.6614289311079893,1.3517395173429135e-05,1.364505794256775,-0.0003412434827223258,-0.0014455073477289604,0.08533257431746073,0.1251425415051554,0.05
4.0,452026743,-0.16205002592845152,0.1,0.05254249828257105,0.03309746218513578,0.039105343437831015,0.05134341222431308,4.788386070792364e-05,0.0025882621181278183,0.054955718095970794,0.13433311575578563,0.04522126079635791,0.08231146441963005,0.05094843122688656,2.7764451051977987,0.28323168572676505,-1.2663807807352667,0.30637367421072953,0.0520155564821144,12.706204736432095,0.046732681372798915,-0.2328474077304799,-0.08304515740235797,0.07826098938959451,-0.3314648952041704,-0.11428908733991945,-0.015325690399896204,0.13433311575578563,-0.0014396732753351954,0.19388446592450692,0.0017741865623488993,0.2861672411958622,0.0008531287406161584,0.44016388314903004,-0.001534881523901486,0.6614289311079893,-0.0004483824747357802,1.364505794256775,0.005004330603995279,-0.002586753107300325,0.11439269784943419,0.16586704414316852,0.05
4.0,515434860,-0.10297247045635938,0.1,0.060628756811506784,0.0638621210236766,0.05691593613166537,0.09109984512375702,-0.0004052000585795493,0.008704381840152063,0.08106676182995219,0.13433311575578563,0.04657210299609829,0.08231146441963005,0.09343200208226554,2.7764451051977987,0.30641785417522666,-0.598067804013801,1.1034368987262408,0.07418427552965831,12.706204736432095,0.07661906077254674,-0.2407463782121783,0.03480143729945956,0.06770986542913016,-0.2060520104274212,0.031375722410349596,-0.011521341798518492,0.13433311575578563,-0.01716878379792274,0.19388446592450692,0.003113634593743103,0.2861672411958622,0.0009027004270285981,0.44016388314903004,-0.001511781435287957,0.6614289311079893,0.0002754414253343975,1.364505794256775,-0.0026550985814283116,-0.0010415485945314909,0.0722741407450737,0.08631825844832694,0.05
4.0,1804934130,0.05884570520797451,0.1,0.08166342681014402,0.0749712968330397,0.07266991320660808,0.05665159971269484,0.0006156778252702924,0.002593725924737113,0.05881355682323093,0.13433311575578563,0.07951790285934307,0.08231146441963005,0.051002178800896955,2.7764451051977987,0.06295799224124703,-0.18653702306225386,0.16306179572032872,1e-150,12.706204736432095,0.0419310768036637,-0.0184770765514375,0.1361684869673865,0.08970538772826245,-0.1655622799387192,0.16499274741442366,0.0009738248677976406,0.13433311575578563,-0.0011447292819660815,0.19388446592450692,0.0051582909681031595,0.2861672411958622,-0.0037087820443542983,0.44016388314903004,-0.005112154979676415,0.6614289311079893,0.0006372414803188068,1.364505794256775,-0.0034754275285013357,-0.0011344335512017685,0.07549443928892496,0.09901843307106625,0.05
4.0,712000931,-0.28096514666432704,0.1,0.06641379643098828,0.02805944621941618,0.03171289997273726,0.02476665405112262,0.0002563640641737396,0.0003570230887142489,0.025149072660718263,0.13433311575578563,0.03331972197098364,0.08231146441963005,0.01892233990161236,2.7764451051977987,0.029569097882535703,-0.32747626790773454,-0.1632823137455728,0.01515514319671933,12.706204736432095,0.015017222143484981,-0.3102079139128461,-0.25730979374270574,0.048409923991167454,-0.39066545340304254,-0.21996610315436485,-0.011569417690820946,0.13433311575578563,-0.00488451047784315,0.19388446592450692,0.003131998027616405,0.2861672411958622,-0.002466575587328086,0.44016388314903004,-0.000869592638708541,0.6614289311079893,0.0006425265894523679,1.364505794256775,0.0020680943755667803,-0.0018583754797915724,0.09698991710818082,0.15027294976203612,0.05
4.0,861433396,-0.1723098751916018,0.1,0.07051634725614936,0.06011225735111931,0.05869225155238276,0.05140836145472206,-2.1371115670024404e-05,0.0026641907431293774,0.03865246237528479,0.13433311575578563,0.05335563549135883,0.08231146441963005,0.05169033484487614,2.7764451051977987,0.16120820339951628,-0.7862301433403791,0.10894131115225708,0.01128888030584367,12.706204736432095,0.05062233574168932,-0.26468516026454747,-0.08524776133273887,0.09783321748803489,-0.4697260318865872,-0.10852860520895787,-0.001678398809133939,0.13433311575578563,0.0018845865627050264,0.19388446592450692,-0.0024803371953364154,0.2861672411958622,-0.003189339882245914,0.44016388314903004,0.00011975097249960877,0.6614289311079893,-0.002253590402263851,1.364505794256775,-0.004314188343485318,-0.0008393944246329867,0.06491676480378661,0.09437476553988988,0.05
4.0,2132412704,0.029033927689572282,0.1,0.05810538534034817,0.03903246554972976,0.040350244386972094,0.0389995277812492,0.00015592420966266678,0.0013650389574977617,0.043702373485921354,0.13433311575578563,0.04092942201940002,0.08231146441963005,0.03699978590204121,2.7764451051977987,0.23790084155186125,-0.8748118346700839,0.44622541942812055,0.03202638375575361,12.706204736432095,0.035751720380513836,-0.03307809852579569,0.09114595390494026,0.15602141975935604,-0.5194267736674603,0.09327558701962008,-0.020810025290577745,0.13433311575578563,0.004695650682174593,0.19388446592450692,0.004576006938554445,0.2861672411958622,-0.005405079158545052,0.44016388314903004,0.0012668579816180398,0.6614289311079893,-0.0012101136151000925,1.364505794256775,0.00021035385331531645,-0.0017500857007055346,0.09340915576541878,0.13326338144207522,0.05
4.0,2094293366,0.1944159812738129,0.1,0.0726820317527084,0.05068856417988084,0.057357481847165555,0.02913462187926396,0.000368818682792938,0.0004800075092547482,0.004839926814720066,0.13433311575578563,0.05750440630623952,0.08231146441963005,0.021940711342041553,2.7764451051977987,0.06875654546426611,0.03363438462706961,0.4154319328362127,1e-150,12.706204736432095,0.018065345927156296,0.16248794540156847,0.22634401714605734,0.0464322649214009,0.10877676905677224,0.28959648096153806,-0.01779347030943093,0.13433311575578563,-0.0033536914102757676,0.19388446592450692,0.002387035923751879,0.2861672411958622,-0.0016343830884185944,0.44016388314903004,-0.0002584085536169501,0.6614289311079893,0.00017270157157312863,1.364505794256775,0.002380877720847915,-0.0020567388489555684,0.10137875521418917,0.1371996657116901,0.05
4.0,92806549,0.022226319478037715,0.1,0.07610621750025771,0.1017077673197423,0.10277629958078927,0.12290666652860674,0.0001603066397931948,0.014945742037380945,0.12100813450212926,0.13433311575578563,0.10493299272259922,0.08231146441963005,0.12242931766376937,2.7764451051977987,0.19875238518413021,-0.711799802343395,0.3918503716383367,0.0890613895249037,12.706204736432095,0.10606927263231877,-0.1646319774822126,0.20674269529723432,0.15171049903313102,-0.4036124087866691,0.19724084437150452,-0.014037162653616788,0.13433311575578563,-0.008849813698212378,0.19388446592450692,0.001014538141293443,0.2861672411958622,-0.0007950136597356614,0.44016388314903004,0.0002577400506489421,0.6614289311079893,-0.0007475909828364819,1.364505794256775,-0.003758744248013989,-0.0007549325235972243,0.061500747828291,0.07753806261334455,0.05
4.0,74285017,0.14012189527287094,0.1,0.051054035071983875,0.056808376145692195,0.05718998984790224,0.06878036537152321,-3.071663322491572e-05,0.004761455293865145,0.06846970915213194,0.13433311575578563,0.06059783227417421,0.08231146441963005,0.06910294295723088,2.7764451051977987,0.2568519389621798,-0.7993804231298386,0.6268901942543771,0.05339439854700749,12.706204736432095,0.06476519935908433,0.035613621636899656,0.23860460649117946,0.07005734464803699,-0.022004740831418325,0.258293273817988,-0.019513092032712467,0.13433311575578563,0.004164327956245957,0.19388446592450692,-0.002262616957727086,0.2861672411958622,0.0005255085645260092,0.44016388314903004,0.0007533124327505571,0.6614289311079893,-0.001519342213522738,1.364505794256775,-0.0032734037308867685,-0.0005883068719522614,0.054422350382957806,0.07414013247776947,0.05
4.0,1065304657,-0.14084269999238558,0.1,0.07392984300614833,0.03121515117594926,0.03370913392993268,0.024237822278735693,0.00012960771348019496,0.0004578643153353813,0.022749510112938614,0.13433311575578563,0.03408186305984336,0.08231146441963005,0.021428663574874114,2.7764451051977987,0.13681270657078654,-0.6917118292967517,0.06799410967789438,0.016093696906140573,12.706204736432095,0.017819868591542776,-0.1722035370449073,-0.10948186293986387,0.07474729370424436,-0.3693026259675278,-0.08561007664269217,-0.02762214414919283,0.13433311575578563,0.014956138722950325,0.19388446592450692,-0.0040979132770843,0.2861672411958622,-0.0036423381025923593,0.44016388314903004,0.00235635595348108,0.6614289311079893,-0.0023425761428531758,1.364505794256775,-0.002590359965874317,-0.0015646216172934423,0.08866229083261203,0.10854931007722414,0.05
4.0,1601327343,0.08400412973801251,0.1,0.09665618739974902,0.0767988839085827,0.08354471189343053,0.062048394350544336,0.001186887557311611,0.002663115684169051,0.07151515784178959,0.13433311575578563,0.08895644279021374,0.08231146441963005,0.05167990470490699,2.7764451051977987,0.06689953746331599,-0.15710475043080369,0.2143810362292372,0.06168687987711376,12.706204736432095,0.048759495192701105,-0.000749459111915679,0.17347035976973532,0.09305852377320098,-0.12135521259850346,0.2085253461699735,-0.009657696621319661,0.13433311575578563,0.019680946101895105,0.19388446592450692,0.0015563184619680449,0.2861672411958622,-0.0022024200415116015,0.44016388314903004,-0.004421820811543353,0.6614289311079893,-0.002681387474296076,1.364505794256775,-0.007950465744323038,-0.0003815964667001823,0.043940204529585115,0.07662130966987038,0.05
4.0,206766157,0.20036807019837802,0.1,0.05866524104286724,0.050448953004175234,0.05117929457628371,0.0579563302403082,0.00011449654459180347,0.0032444396703318586,0.04723496338143404,0.13433311575578563,0.04157257675029046,0.08231146441963005,0.05704223578716662,2.7764451051977987,0.15293157713984024,-0.12130491993576847,0.7279073376244096,0.038528410800417294,12.706204736432095,0.05521211943989166,0.10765756855892374,0.2929342772055329,0.05691814252918047,0.07853856313891468,0.27782728975787113,-0.013354730097463963,0.13433311575578563,-0.0028468383445024383,0.19388446592450692,-0.0006408648282440641,0.2861672411958622,-0.0022744722282921526,0.44016388314903004,-0.0008328939248242905,0.6614289311079893,0.0010533212084567502,1.364505794256775,-0.004398421365181073,-0.0004897788503775985,0.04967496145416853,0.07942761925567696,0.05
4.0,1270298473,0.26699796156113065,0.1,0.07167659940885197,0.04185419140092069,0.040257923225222,0.02239172595009681,0.00036581217497323824,0.00013557721605100077,0.017077310714882717,0.13433311575578563,0.04030378398554834,0.08231146441963005,0.011660577074737256,2.7764451051977987,0.04046544288922986,0.09421713809529877,0.31891729977422545,1e-150,12.706204736432095,0.010253162145898068,0.24896669522171885,0.2850292279005424,0.09852423730054914,0.0569597559472056,0.35278086245533924,-0.006230648529285973,0.13433311575578563,0.0009451873250648093,0.19388446592450692,0.001120013467267863,0.2861672411958622,0.001835926659847733,0.44016388314903004,-0.004225298019171528,0.6614289311079893,-0.0012160246326575657,1.364505794256775,0.0033488556179770727,-0.002575794622569647,0.11351987143767785,0.14974319262133587,0.05
4.0,1624326495,-0.24993479306029395,0.1,0.06552534052384122,0.06686041692974239,0.06746698510869396,0.07662982166732395,6.66009840584016e-05,0.005805528584707469,0.06490132851681851,0.13433311575578563,0.05808045409714383,0.08231146441963005,0.07630404687207837,2.7764451051977987,0.09735704701777954,-0.5022816026544228,0.03833139064362914,0.049048006361135946,12.706204736432095,0.06754532377145521,-0.35884902886878944,-0.12211334881411254,0.07619147909371268,-0.38876233100193264,-0.09948195831980373,-0.010514059291572675,0.13433311575578563,-0.006302260432770973,0.19388446592450692,-0.003950124493420292,0.2861672411958622,-0.0005029746460475775,0.44016388314903004,-0.0011557081493414208,0.6614289311079893,0.001351116982188428,1.364505794256775,0.001757713671813501,-0.002016520922683045,0.09994741198574701,0.14059100324448512,0.05
4.0,1113573895,0.4271002122466151,0.1,0.056044473167933755,0.040140366550427194,0.041174232726862235,0.04102091824818384,0.0001347434137662024,0.0015479723201579797,0.027915015224783537,0.13433311575578563,0.038844042139630254,0.08231146441963005,0.03940109425634956,2.7764451051977987,0.0759427160666772,0.14558166261980304,0.5672832272173074,0.016493336615829437,12.706204736432095,0.03377890512016771,0.37478555715052275,0.4835165402614726,0.05587191220378537,0.32908719328512437,0.5314642620600284,-0.012580901938149022,0.13433311575578563,-0.004115243863727683,0.19388446592450692,-0.0032455546094968457,0.2861672411958622,0.000615235104345949,0.44016388314903004,0.001251011837326852,0.6614289311079893,-0.0017330566446905806,1.364505794256775,-0.0053628746671157326,-0.00014232859603305963,0.026768416618563974,0.04099944186902696,0.05
4.0,950473537,0.02812187407056564,0.1,0.07572413273126163,0.04808017932558234,0.049820676902237876,0.04408473584534743,-9.95366764407991e-05,0.00204300061099486,0.04722088076490106,0.13433311575578563,0.053484354202063815,0.08231146441963005,0.04526483444174074,2.7764451051977987,0.2411954618097484,-0.4367439614962587,0.9025879571789384,0.030493572686378433,12.706204736432095,0.04032890533988565,-0.03721605026387996,0.09607309801603403,0.05853512106249343,-0.06166476461472978,0.1471390453225758,-0.006361612216783448,0.13433311575578563,-0.0033570591625352586,0.19388446592450692,-0.002153489710650345,0.2861672411958622,-0.001813083800248483,0.44016388314903004,-0.002012838905836224,0.6614289311079893,0.000817502730541147,1.364505794256775,-0.0059318424255105535,-0.0003161550745538932,0.039930927647321444,0.047596152699594274,0.05
4.0,1652016067,0.116213998242367,0.1,0.08203563267371422,0.06634020763760372,0.07321256742557605,0.059529268948586365,0.0010341021379350248,0.002509631723618104,0.07386863080811634,0.13433311575578563,0.08173484249425557,0.08231146441963005,0.050168565800664575,2.7764451051977987,0.18111034191381895,-0.20380725794636262,0.801878586668282,0.054332909780527516,12.706204736432095,0.043384393164200376,0.04137027652521044,0.18479537992739786,0.09294559832393999,-0.07835510800775992,0.32239557899801013,-0.015824151243355265,0.13433311575578563,-0.0007761431882946708,0.19388446592450692,0.0022044381663978035,0.2861672411958622,-0.001547735467617983,0.44016388314903004,-0.004746257958911967,0.6614289311079893,0.002378245557088471,1.364505794256775,-0.006544617817758163,-0.00041632701286943157,0.045530872179142014,0.06359060742418957,0.05
4.0,368005042,-0.2667744591091942,0.1,0.07817206150032267,0.09094418821960343,0.09465482129422707,0.10143961898554396,0.00047183733919469763,0.009818158960737634,0.1073744036319417,0.13433311575578563,0.10062539612971509,0.08231146441963005,0.09922970897218779,2.7764451051977987,0.16308803260628804,-0.8684110479824813,0.037198891709653625,0.09821612564114572,12.706204736432095,0.09094062692063033,-0.41593476787773875,-0.11595981655346091,0.12041949907509439,-0.6385368059762607,-0.12956580824312613,-0.012110605328700126,0.13433311575578563,0.004660342727575081,0.19388446592450692,-0.0089200709711246,0.2861672411958622,0.0013210933191770769,0.44016388314903004,-5.87859126796255e-05,0.6614289311079893,-0.001108522021249521,1.364505794256775,-0.006531684845898339,-6.230119690171405e-05,0.017588652483230733,0.028228037225105394,0.05
4.0,60739202,0.1119139940523443,0.1,0.06146444049026581,0.028640522704749757,0.03423572802433392,0.019370132281242573,0.0001898239275212923,0.00018537809707154333,0.018722165051923752,0.13433311575578563,0.0369963513151467,0.08231146441963005,0.013635023722699235,2.7764451051977987,0.04545865899089738,-0.002017535414997648,0.2504094070732682,1e-150,12.706204736432095,0.012069887245716228,0.0878064197505964,0.13602156835409218,0.04627909837042238,0.02327375395490986,0.20600233917078922,-0.009425791880980802,0.13433311575578563,-0.0031454123349263976,0.19388446592450692,-0.0016235111841642186,0.2861672411958622,-0.0032603636186741137,0.44016388314903004,0.0010272574659030084,0.6614289311079893,-0.0004913741249339853,1.364505794256775,0.0029194020836760285,-0.002319159599931926,0.10835835469110867,0.1550372273698161,0.05
4.0,1149834848,0.2612917038508773,0.1,0.05895990892939135,0.05310637523197327,0.04919353578479646,0.03672225904692172,0.00044955476813406114,0.000898969541375163,0.020541882351047855,0.13433311575578563,0.049078777023128406,0.08231146441963005,0.03002611728546349,2.7764451051977987,0.24692998776468877,-0.6082327319996014,0.7629423797120435,1e-150,12.706204736432095,0.026436157734227618,0.20276521128830272,0.3198181964134519,0.09287112207276377,0.0864125118942558,0.32637268296052224,-0.02084715342610342,0.13433311575578563,0.003957161430952468,0.19388446592450692,-0.0011155421668064963,0.2861672411958622,-0.001810308918272829,0.44016388314903004,0.0008123083277533712,0.6614289311079893,-0.000608098738014717,1.364505794256775,0.0011693096227526512,-0.0018540561187466262,0.09585600525008686,0.13031021758076175,0.05
4.0,316737469,0.1383742825431184,0.1,0.0735838157335554,0.0684136271727325,0.08186510795063243,0.09275572609243979,0.0009056937106090056,0.007697931012326711,0.08142410919332976,0.13433311575578563,0.0771922560199753,0.08231146441963005,0.08786455125847774,2.7764451051977987,0.17500847544535716,-0.3569889733357419,0.6148138767010403,0.06758389500674362,12.706204736432095,0.08464754390631075,0.0005897297536195112,0.27437087843665775,0.08370642520634704,0.025032478628535502,0.34968990861263183,-0.018579300126820006,0.13433311575578563,0.0022848624215189967,0.19388446592450692,-0.008326251802431942,0.2861672411958622,0.00423532986149419,0.44016388314903004,-0.004624107537134333,0.6614289311079893,0.002023309323512945,1.364505794256775,-0.0018407117135083922,-0.0015188153566391505,0.0869405147944905,0.1256368929560281,0.05
4.0,1247698434,-0.32828008780008106,0.1,0.05438176088608566,0.0867254080191022,0.08606025198278919,0.07947326975582608,0.00011027398201755422,0.0062057266236647465,0.07159228321603744,0.13433311575578563,0.08402056157053853,0.08231146441963005,0.07889019108700843,2.7764451051977987,0.13561590044989152,-0.6060442900045437,0.14701591597764288,0.04035054361651222,12.706204736432095,0.07674744585330164,-0.4574645620429853,-0.1990956135571768,0.09348331126923212,-0.4664746459641145,-0.16181136295241838,-0.012713120758850935,0.13433311575578563,-0.001898581126434331,0.19388446592450692,-0.0036269714899184805,0.2861672411958622,-0.00040699473600592096,0.44016388314903004,-0.0007501352874694577,0.6614289311079893,0.0005009574260507454,1.364505794256775,-0.004422098007189484,-0.0004207082820495894,0.045923972728007224,0.06393857417137698,0.05
4.0,187263145,0.14568680845875243,0.1,0.06421481902631768,0.028291191732936642,0.03132969750092212,0.023804572970032592,0.00024376158622614868,0.00032289610805945774,0.036595028420674136,0.13433311575578563,0.037348232690669864,0.08231146441963005,0.01799525864791318,2.7764451051977987,0.03010975349974245,0.11911712653557502,0.28631328198171946,0.019530340703859648,12.706204736432095,0.01913121540944562,0.11198341477585926,0.17939020214164558,0.06408151819996467,0.10193480001031696,0.3490136613933965,-0.011401502912253619,0.13433311575578563,-0.006318540797527664,0.19388446592450692,0.0010822369851162194,0.2861672411958622,-0.0008318236869810442,0.44016388314903004,0.0010948705772431716,0.6614289311079893,-0.002099823280351495,1.364505794256775,0.0035277874651134405,-0.0024215521796416705,0.11051145118572114,0.18096151396631185,0.05
4.0,2069338842,-0.029728475899374624,0.1,0.06781772445284245,0.0657037030725635,0.05787620378360358,0.0652073278335172,-5.327944963310228e-05,0.004305275052820888,0.05114156562321584,0.13433311575578563,0.052100712763180665,0.08231146441963005,0.06570934518242459,2.7764451051977987,0.16514536043651645,-0.6516326062720532,0.26540144898813145,0.03728136549220397,12.706204736432095,0.06001655531499992,-0.12872480514099885,0.06751035398554936,0.07835687468885075,-0.2050170449759092,0.07816431851185035,-0.010853045875555746,0.13433311575578563,0.0007696195309581726,0.19388446592450692,0.002025907649450492,0.2861672411958622,0.0002543361574283699,0.44016388314903004,-0.0010506575084695531,0.6614289311079893,-0.001974244056839812,1.364505794256775,0.006723173472898189,-0.003110902088396416,0.12419255806763738,0.18108604847178922,0.05
4.0,986224613,-0.26379768561907024,0.1,0.07862226736020496,0.04559552966430353,0.05732119935539087,0.05434159085666924,0.001007991946382734,0.0019450165504509033,0.055536023738136174,0.19388446592450692,0.05788828299802353,0.08231146441963005,0.04416602750494788,2.7764451051977987,0.05722145353055853,-0.4388712143247733,-0.1211267651903282,0.03418144059629109,12.706204736432095,0.0375254320953691,-0.3299446153378669,-0.1976507559002736,0.06609793349402363,-0.42279596841405465,-0.14506220926779917,-0.01849165534115041,0.13433311575578563,-0.0019890661276743874,0.19388446592450692,0.001179482353413031,0.2861672411958622,0.002271379496130779,0.44016388314903004,-0.00026668186429006747,0.6614289311079893,-0.0034588808951166597,1.364505794256775,0.004200718053983813,-0.003006941321231352,0.12332604180442207,0.19249841405163892,0.05
4.0,1038093632,0.0457945737085782,0.1,0.06617836334283299,0.03946905655967499,0.046308614666990246,0.03956569970502097,0.0011489034165490148,0.0004165411765988812,0.04689050551661109,0.13433311575578563,0.050111972874782695,0.08231146441963005,0.020438812412462364,2.7764451051977987,0.09719854153166796,-0.08743433440970783,0.45229849532622113,0.030773018986222225,12.706204736432095,0.018413561083774795,0.008986908978583175,0.07623612823991992,0.06319484561267205,-0.016833999484042857,0.2021981846376057,-0.009445242027701414,0.13433311575578563,0.004364966021983829,0.19388446592450692,0.003734137243652207,0.2861672411958622,-0.0013596152404996241,0.44016388314903004,-0.004083794836179296,0.6614289311079893,0.0002247020411761877,1.364505794256775,-0.00019286568767601855,-0.0016151575092870185,0.09039792936556534,0.1486596461353893,0.05
4.0,640312140,0.2666678132027733,0.1,0.08798817096894876,0.0909287942201413,0.09562504998522162,0.09675435630425143,0.0008392695814444049,0.008522135882405633,0.10714732814592477,0.19388446592450692,0.10363995101312742,0.08231146441963005,0.09244872272201933,2.7764451051977987,0.2194593284083291,-0.21916169908459787,0.9994718572140051,0.07216976550776795,12.706204736432095,0.0789057555637921,0.09919597981337677,0.39925728532616883,0.08852585878922968,0.10494224927510043,0.4413592519708295,-0.012391624104882168,0.13433311575578563,0.007645202019959848,0.19388446592450692,0.003749181167302942,0.2861672411958622,-0.003945585253288196,0.44016388314903004,-0.003039882531760439,0.6614289311079893,0.00015198845733683993,1.364505794256775,-0.003240882607702385,-0.0011014734613990769,0.07392833702971036,0.08609585463040167,0.05
4.0,1209711487,-0.262071674960894,0.1,0.059009080543770485,0.031494987448611456,0.0351465917868038,0.022044314564222744,0.00010169623032876439,0.00038425557427763853,0.013506089305674752,0.13433311575578563,0.03263325525345217,0.08231146441963005,0.019630744752077427,2.7764451051977987,0.04430918389524041,-0.35824991745046353,-0.11220588396796474,1e-150,12.706204736432095,0.01792951325251955,-0.28978940873752546,-0.23399288201300866,0.05032571627185017,-0.3448652377242476,-0.17163272190335413,-0.012842566847106206,0.13433311575578563,-0.003624799713816144,0.19388446592450692,0.0019864952547438792,0.2861672411958622,-0.0034348909415395134,0.44016388314903004,0.0010567801415962235,0.6614289311079893,-0.0012915417163333672,1.364505794256775,-0.004815759027465575,-0.0005412391383166888,0.05210576156623585,0.07314907894800415,0.05
4.0,1229738588,-0.19537850597481926,0.1,0.08350783139596898,0.0675068648126243,0.07533398310422494,0.0720784194201251,0.0008211618451509752,0.004374136700952494,0.08346162250392795,0.32612014812863077,0.07639471856921308,0.08231146441963005,0.06623276164058889,2.7764451051977987,0.12452738145354592,-0.6341193221278439,0.057367555271749415,0.08384766167574825,12.706204736432095,0.05415248679009104,-0.292230146625583,-0.0985268653240555,0.07441276508823859,-0.31855770636427666,-0.027861408983269546,-0.016607990172718478,0.13433311575578563,0.004789426539480853,0.19388446592450692,-0.003699981734962164,0.2861672411958622,-0.00016107896988338876,0.44016388314903004,0.0002228006383853447,0.6614289311079893,-0.00109372839422842,1.364505794256775,-0.0013550304458639336,-0.0012683563911269084,0.07948096556927288,0.09525394727181509,0.05
4.0,1032030633,0.046036540828128074,0.1,0.07773222489521525,0.07376729530359484,0.07959401709324729,0.10747750009851764,0.0008248172356576768,0.010726595791769183,0.13418416073028738,0.32612014812863077,0.09295740633616036,0.08231146441963005,0.10371883875994133,2.7764451051977987,0.17112029065438633,-0.7046859154844002,0.24552627129039098,0.14234979263286643,12.706204736432095,0.08925579482049828,-0.1454488386718592,0.20722589925164497,0.13984645789055022,-0.4359127696281676,0.13466660152490156,-0.01189663159620989,0.13433311575578563,-0.002424614946881988,0.19388446592450692,0.005714695627445851,0.2861672411958622,0.002300838330449973,0.44016388314903004,0.0003578676625190003,0.6614289311079893,-0.0065149796088316185,1.364505794256775,-0.004626639571042409,-0.000790745467681452,0.06267282989184979,0.10834003335092353,0.05
4.0,86983935,-0.2644731519909678,0.1,0.06704849160106569,0.024801138439992314,0.027398528968672838,0.026387951482614403,6.217101551977446e-05,0.0006341529679290372,0.026263433254568043,0.13433311575578563,0.02970600630771927,0.08231146441963005,0.025218758493928177,2.7764451051977987,0.09410115129414919,-0.5940336178573866,-0.07150025604915061,0.019273286458703187,12.706204736432095,0.021420711545677745,-0.30844203368072365,-0.22050427030121203,0.06827423759996566,-0.5220491208166717,-0.23075442641659566,-0.018598565945971597,0.13433311575578563,0.0006773249632704937,0.19388446592450692,0.0022791311311391943,0.2861672411958622,-0.004444531278244145,0.44016388314903004,-6.222807436867173e-05,0.6614289311079893,0.00010977129208545546,1.364505794256775,-0.002747801814615364,-0.0012478683903285545,0.07906896688824219,0.10866837962981693,0.05
4.0,1928352084,0.2367801460713785,0.1,0.06318910863521252,0.052132495172535445,0.052761751222124065,0.03987381133595103,0.00019692234216288872,0.0013929984882921282,0.03568614536124052,0.19388446592450692,0.05150895422488478,0.08231146441963005,0.03737679086657553,2.7764451051977987,0.10227823194784297,-0.02957540395346253,0.538364388966285,0.029744707218291155,12.706204736432095,0.03304639791158641,0.1827112899831332,0.30052494309736305,0.1190509788206741,-0.014879221999347998,0.4010431886140468,-0.01583045676241273,0.13433311575578563,0.005986601440339454,0.19388446592450692,-0.0023723172987040234,0.2861672411958622,8.279090442895423e-05,0.44016388314903004,0.0019174952088220995,0.6614289311079893,-0.004814047039008644,1.364505794256775,-0.0067029836996746845,-0.00031757043133556404,0.039932169606567286,0.054993710326533544,0.05
4.0,1148957391,0.011223648556773009,0.1,0.0791162053711372,0.10316702562523451,0.10450688882562602,0.10359783809021954,0.0005001589061095508,0.010232353150857791,0.09151026493551723,0.13433311575578563,0.091799585334751,0.08231146441963005,0.10130116695211498,2.7764451051977987,0.13945451190951408,-0.4217573203748797,0.3526182736029573,0.06044689682333267,12.706204736432095,0.08732756908680946,-0.15370084268217488,0.1609221370507881,0.1296514504334417,-0.2935668583399206,0.1633209063017693,-0.023631713540610066,0.13433311575578563,0.0005985801271851972,0.19388446592450692,0.0024510053704385804,0.2861672411958622,0.000689184231483646,0.44016388314903004,-0.00243831730159271,0.6614289311079893,-0.00037613470381750447,1.364505794256775,-0.00399872255891957,-0.0010255711471890447,0.07162225321842595,0.09155737170520947,0.05
4.0,1652465170,-0.3152266017580912,0.1,0.08486068285395884,0.10850234041702493,0.11509500727991352,0.10550921407316446,0.0012714536358582763,0.00986074061847857,0.12908455998175353,0.13433311575578563,0.1258110073666279,0.08231146441963005,0.09944465731662507,2.7764451051977987,0.12096470166282448,-0.8602462229242757,-0.18854251525735355,0.10763469837907265,12.706204736432095,0.09342494236999525,-0.47467086460547303,-0.1705531750437311,0.15947120199567938,-0.7687206869980339,-0.20113412648558682,-0.003699133486261354,0.13433311575578563,-0.008331125746893464,0.19388446592450692,-0.002709545217442764,0.2861672411958622,-0.003881366434282018,0.44016388314903004,0.0009785495291303836,0.6614289311079893,-0.000944806330292083,1.364505794256775,-0.002634555105456149,-0.0013719260608005732,0.08258193738563215,0.14287518714831224,0.05
4.0,2069285587,-0.03739357568767955,0.1,0.06858455068043688,0.06750129436302772,0.07331185706130397,0.052804568867442635,0.0004918243552189863,0.0022964981380575056,0.07834721909116314,0.19388446592450692,0.08308628794627441,0.08231146441963005,0.04799099307071238,2.7764451051977987,0.05713399444210866,-0.1886422134742705,0.12861658494411118,0.06747729222124192,12.706204736432095,0.04890942317824208,-0.11286599915682592,0.04413953973953666,0.06959376519676509,-0.13041719680103284,0.11776518063042091,-0.02371909693778663,0.13433311575578563,-0.0018170919242631452,0.19388446592450692,0.001123755029477061,0.2861672411958622,0.0019404042747722102,0.44016388314903004,-0.00402128454428276,0.6614289311079893,0.0018308761983759534,1.364505794256775,-0.002704577679156303,-0.0011077883560991575,0.07424560430770318,0.10161383066858369,0.05
4.0,392098450,-0.1369149872125099,0.1,0.07283218547158653,0.04356730359575461,0.044584686912589995,0.05404536896578642,0.00030762953470691136,0.0026132723719410784,0.07334479411381466,0.32612014812863077,0.053299458940192085,0.08231146441963005,0.0511939955684708,2.7764451051977987,0.27887145879438463,-0.5727775664727799,0.9757650270252978,0.07346157403203406,12.706204736432095,0.042244528523147466,-0.22396823627189488,-0.06444024248899922,0.12417011636167166,-0.19968867557873887,0.31462262419019843,-0.018377469213296305,0.13433311575578563,-0.002191225494101058,0.19388446592450692,-0.003827283862182621,0.2861672411958622,0.002478197331778417,0.44016388314903004,-0.0022884277309931115,0.6614289311079893,0.00019722240290264556,1.364505794256775,-0.005814249982923759,-0.0004909401814725521,0.0496001900503693,0.06698714245977874,0.05
4.0,514323828,-0.21126377130098728,0.1,0.07983335900829824,0.0693181446774695,0.0713271423253868,0.07026302826912968,0.0003474486077610422,0.004589444533787474,0.07780347206613884,0.13433311575578563,0.07274826684292736,0.08231146441963005,0.0678432666102359,2.7764451051977987,0.18894406320195253,-0.4745011034856333,0.5746845353808561,0.07231724394121415,12.706204736432095,0.056225460671662966,-0.30795457170944895,-0.10986857610052077,0.14298285321415857,-0.29947599543987996,0.20805386062821213,-0.013071954391818337,0.13433311575578563,0.005946463672640415,0.19388446592450692,-0.002830024167135673,0.2861672411958622,3.12336400610748e-05,0.44016388314903004,0.00019568557895865337,0.6614289311079893,-0.002387229966682703,1.364505794256775,7.148212538152925e-05,-0.0016467367349693777,0.09123879957839369,0.16069308356713838,0.05
4.0,1454922737,-0.2525086644554602,0.1,0.07199410665062865,0.09816145881203565,0.1077991760328167,0.11394779051326119,0.0014894789718910648,0.011494619990962993,0.16221639403337593,0.32612014812863077,0.1216221925510787,0.08231146441963005,0.10736778583925245,2.7764451051977987,0.12209728455873867,-0.45066045800050514,0.22733235814160038,0.16171575150419668,12.706204736432095,0.1025996461582897,-0.4502594771095947,-0.05475785180132578,0.09041822105848132,-0.42332703953781486,-0.10388362461106518,-0.02581699749936382,0.13433311575578563,0.004032804170154986,0.19388446592450692,-0.002056941358443485,0.2861672411958622,-0.0028878422364454212,0.44016388314903004,0.0008494691047312445,0.6614289311079893,-0.0003953520630238983,1.364505794256775,0.003082456966855477,-0.002945245189267298,0.12181990468826741,0.18434316820758245,0.05
4.0,380589198,0.009080829498353562,0.1,0.07181896326712374,0.04739579658582976,0.0431354095870352,0.04774290129758551,-0.00021622796965558785,0.0024956125939665803,0.04776390598545974,0.32612014812863077,0.044607647361616015,0.08231146441963005,0.050028245493204476,2.7764451051977987,0.09436259849580882,-0.19524577010304325,0.32873937931182384,0.049053481988987346,12.706204736432095,0.043683130014696946,-0.06998492867719891,0.08174905089985988,0.04666655922408707,-0.07993079357909942,0.09880358842180488,-0.008389437739676512,0.13433311575578563,-0.010634962351430096,0.19388446592450692,-0.001877091593409219,0.2861672411958622,-0.0024183398983388584,0.44016388314903004,-0.00010566336066205534,0.6614289311079893,0.0003588700380812077,1.364505794256775,-0.0005334059740141224,-0.0018020933049955627,0.0944373787056788,0.16560330639433607,0.05
4.0,504265793,0.020199253304997077,0.1,0.05518659126041746,0.04207161243514075,0.04337240908268315,0.029836217513240774,0.00015851810933181277,0.0007316817661656027,0.023145943320789963,0.13433311575578563,0.04278101029486627,0.08231146441963005,0.02708867758586697,2.7764451051977987,0.055365920461577664,-0.029013346440121476,0.2784275312805144,1e-150,12.706204736432095,0.021866560968415327,-0.01892194581933394,0.0564798201615981,0.04793547363564615,-0.07216804330190624,0.12577801366134542,0.0003367529299694325,0.13433311575578563,-0.012510641811793899,0.19388446592450692,0.0017446656439957838,0.2861672411958622,-0.0028954347883060204,0.44016388314903004,-0.0034233741930868858,0.6614289311079893,0.001970746330781368,1.364505794256775,-0.004988924911630223,-0.000575222116599599,0.05353496148424271,0.07215703927971047,0.05
4.0,197707379,0.20425321160328475,0.1,0.06312297259758914,0.07758582839445484,0.07113659440273064,0.09580594354008647,6.63438732922397e-05,0.009112434944313996,0.08586644109615721,0.13433311575578563,0.0695778984156452,0.08231146441963005,0.09559692182018253,2.7764451051977987,0.09354422791305192,-0.06759998370610373,0.45184084371129685,0.06778175464430941,12.706204736432095,0.09347478877475154,0.05933075408204036,0.34917566912452913,0.10055200190634897,0.04034207951598569,0.36495813015168127,-0.006673229201630935,0.13433311575578563,-0.006654244619976638,0.19388446592450692,-0.000512709473622984,0.2861672411958622,-0.0015736195245047854,0.44016388314903004,-0.0011313446937477882,0.6614289311079893,0.0009551706178824491,1.364505794256775,0.0020322565670286546,-0.0018533087703976343,0.09636844254608738,0.11653080673455644,0.05
4.0,1860297763,0.03935793959841801,0.1,0.08135896929011656,0.07206309993665949,0.0850295499684446,0.12450550065893655,0.0022651527608931986,0.013236466933439252,0.13970090718448683,0.13433311575578563,0.09810593235114846,0.08231146441963005,0.11521598247733679,2.7764451051977987,0.10958426904011954,-0.3834350030482697,0.2250744117179675,0.1092722969132116,12.706204736432095,0.10478411769042975,-0.12685734779273367,0.23131528611357643,0.08317511120195925,-0.16300965188402866,0.14374455536182565,-0.02312787736381964,0.13433311575578563,0.004376298639103226,0.19388446592450692,0.001987911344864706,0.2861672411958622,-0.0010458097494277013,0.44016388314903004,-0.0007990436606762065,0.6614289311079893,-0.0001187716216718495,1.364505794256775,-0.0028638323460471312,-0.0008189603080963753,0.06450171590578466,0.10593801283576011,0.05
4.0,1683656202,0.004725996487167174,0.1,0.06027780616887393,0.06857296803803781,0.07183606358701007,0.0680929739664687,8.862827066663873e-05,0.004548024832931544,0.06818773960317195,0.13433311575578563,0.07249131709434652,0.08231146441963005,0.06753643026821558,2.7764451051977987,0.15673172954102502,-0.5560381233967793,0.31427596322994905,0.039578259362430486,12.706204736432095,0.06154259164149948,-0.09938038949932096,0.10883238247365531,0.08445239345131542,-0.16454371680857496,0.15610130560606938,-0.012873349318956298,0.13433311575578563,0.0048570301019624255,0.19388446592450692,-0.004483416864457238,0.2861672411958622,-0.0011944774677984263,0.44016388314903004,-0.0034875197484078887,0.6614289311079893,0.002694070585080924,1.364505794256775,-0.0008791133871830962,-0.0014344859454406243,0.08426108293652068,0.12902563643167803,0.05
4.0,1181993349,0.24251650544337522,0.1,0.0722185709660882,0.03074627767133322,0.03202591594282397,0.026406520995154715,0.00013051035382106264,0.0005667939972464841,0.040712263814472474,0.32612014812863077,0.03459343793429832,0.08231146441963005,0.02384181474188788,2.7764451051977987,0.09540041946465602,-0.12133789286035454,0.40841016245256745,0.03905303754212881,12.706204736432095,0.020143686619584922,0.20300028862640757,0.28203272226034287,0.071678022171073,0.07967788851755454,0.32364044987960505,-0.022089029211999983,0.13433311575578563,-0.0025497344215521006,0.19388446592450692,0.0007616550647659431,0.2861672411958622,-0.0019243829589008835,0.44016388314903004,-0.0009125012888145666,0.6614289311079893,0.0014346152654952124,1.364505794256775,-0.005028117696049614,-0.0004984698334237652,0.04985210882832319,0.060318967073839935,0.05
4.0,1010300324,-0.3096507380255701,0.1,0.06619578758956061,0.05800412797353357,0.06606600140326747,0.05877034612939939,0.0010516659441531725,0.0024022876400162374,0.05230411444138834,0.13433311575578563,0.059906518238957,0.08231146441963005,0.049083914553319355,2.7764451051977987,0.20135106901423616,-0.6591794551424675,0.45890092483937295,0.024257122714069865,12.706204736432095,0.04411729623362881,-0.38521278727735,-0.2289443605111146,0.08798310619780142,-0.38960129945099875,-0.0847030216030852,-0.02130305818440876,0.13433311575578563,-0.005494710655907245,0.19388446592450692,0.0006937922903328758,0.2861672411958622,0.0010243913126262948,0.44016388314903004,0.0008678812350332604,0.6614289311079893,-0.0017021916233404511,1.364505794256775,0.004145002456257582,-0.002656151878367136,0.11558221889007533,0.1790010187273348,0.05
4.0,1217232480,0.10969536865337345,0.1,0.07344280340715666,0.08811153707517784,0.08882496734987158,0.0783547365259636,0.0005778743684864184,0.0055615903675667565,0.0649024733281826,0.13433311575578563,0.08620993165401486,0.08231146441963005,0.0746837621452392,2.7764451051977987,0.06868008635693404,-0.12711383528312648,0.2542591438974168,0.05978349067622991,12.706204736432095,0.07194241027572336,-0.008566123648469842,0.21517977428435453,0.07356913364883046,-0.06620282785057983,0.22083906030802164,-0.011029382693241621,0.13433311575578563,0.001090054010729787,0.19388446592450692,-0.0019169905809226294,0.2861672411958622,-0.005894035977245862,0.44016388314903004,0.0031769423777508812,0.6614289311079893,-0.0010495960502882014,1.364505794256775,-0.0001641699185539167,-0.0014935254782726946,0.08620355284269497,0.1066894093807143,0.05
4.0,1957547614,0.22267580463794412,0.1,0.07686798230199478,0.0441163327012675,0.04298949441045694,0.018574038555181995,4.987659888687794e-05,0.0002951183093625093,0.03860133553659102,0.2431366342882323,0.04679834890354755,0.08231146441963005,0.017203815055189132,2.7764451051977987,0.15431217315433715,-0.15987489122958531,0.6970036644240037,0.02442250155752515,12.706204736432095,0.015051032948054441,0.19677743763468253,0.2488756117134859,0.06846668803374602,0.08323653618905219,0.3200561640179595,-0.014601773705309209,0.13433311575578563,-0.0038617844970634647,0.19388446592450692,-0.00024109244770931763,0.2861672411958622,-0.0016714591559415547,0.44016388314903004,-0.0007126427288352014,0.6614289311079893,-0.0008639414058256078,1.364505794256775,-0.005874695600515973,-0.0007375555273681997,0.06058098684997211,0.09561575107849082,0.05
4.0,1615498279,-0.37575120733393585,0.1,0.07670278857469963,0.11890469132122927,0.12626823803773374,0.14027503726259105,0.0012328834836934765,0.018444202595327832,0.15857553164886776,0.19388446592450692,0.13742550538612597,0.08231146441963005,0.1360055496634051,2.7764451051977987,0.21254413704326913,-0.787525956090106,0.39270830177444355,0.1273273057142562,12.706204736432095,0.11670783409571071,-0.6035238450241188,-0.1479785696437529,0.14494423651720623,-0.5777883473533924,0.021054996542774228,-0.015117683217541084,0.13433311575578563,0.006475497386607374,0.19388446592450692,0.002497071778462964,0.2861672411958622,-0.0032233895905267565,0.44016388314903004,-0.0007704349295680743,0.6614289311079893,-0.000633311294689439,1.364505794256775,-0.002528047321911481,-0.0008608565892182891,0.06549229095489195,0.10329284489740255,0.05
4.0,284535886,0.018080177135872965,0.1,0.06086501367658582,0.03970411203261346,0.04380105711199549,0.04786604345350971,0.00017416869743233014,0.0021169894184609496,0.04914210826471326,0.13433311575578563,0.04515941051239316,0.08231146441963005,0.04607719484721585,2.7764451051977987,0.19388563008983617,-0.5866250966519202,0.49000052061031313,0.04109948855883419,12.706204736432095,0.041722358394262166,-0.06159724200420369,0.08526787274928364,0.1685694912567636,-0.5694040384282936,0.08317061546140449,-0.019792929626713817,0.13433311575578563,0.007782035363616824,0.19388446592450692,-0.002980530758206402,0.2861672411958622,0.0011690807311587098,0.44016388314903004,-0.002838553227872577,0.6614289311079893,0.0011188632042572217,1.364505794256775,-8.289580558674949e-05,-0.0014485426255452293,0.08507724032668545,0.09229644918077029,0.05
4.0,214141572,-0.08996677660538657,0.1,0.07781642051422744,0.08996113757774662,0.09359168963121844,0.11769282653387825,0.0004148681400626183,0.013436733277470938,0.14103757200189557,0.32612014812863077,0.1043373117598171,0.08231146441963005,0.11608431318103313,2.7764451051977987,0.11282034779714825,-0.4722565432675287,0.1542224615486823,0.14263308943749456,12.706204736432095,0.10584496371379208,-0.27864514616936126,0.09403422666200839,0.10435693416079964,-0.3347766218919542,0.04745510531901932,-0.016773659436684275,0.13433311575578563,0.004786824353464435,0.19388446592450692,0.00035120066522192233,0.2861672411958622,-0.001553397409872621,0.44016388314903004,-0.0021549230089191714,0.6614289311079893,0.00054820212633232,1.364505794256775,-0.004389167923464997,-0.0006222780334846604,0.05563529505132131,0.08137086354315103,0.05
4.0,2028712802,0.11160786537149195,0.1,0.07756952589260213,0.06535839497676349,0.07423328003453648,0.08242637430776474,0.0008067657865265072,0.005987341394997231,0.1087960965515897,0.32612014812863077,0.08448880781679596,0.08231146441963005,0.07748964995337156,2.7764451051977987,0.12306892661666209,-0.209721701178689,0.4736665366348681,0.11304079654208504,12.706204736432095,0.07021635914095413,-0.006455770592427482,0.2306970969277017,0.06394701088604307,-0.0017914455180570357,0.21368890451071892,-0.004118442923036778,0.13433311575578563,0.007397564385928424,0.19388446592450692,0.006473486348520256,0.2861672411958622,-0.0015832305453220964,0.44016388314903004,-0.0034010831652494813,0.6614289311079893,-0.003072428204044097,1.364505794256775,-0.0013306386383761242,-0.001489515116881728,0.08667685542809357,0.1445255901921224,0.05
4.0,283352705,-0.03955339746209017,0.1,0.08810488103863476,0.07798016823268739,0.07757183525262484,0.06583416099873929,0.00041144845836060297,0.003922688296047323,0.08410016344878095,0.32612014812863077,0.07937417717333743,0.08231146441963005,0.06272181076354433,2.7764451051977987,0.12329561045336343,-0.4970607750631581,0.18758621320807284,0.0833545218353201,12.706204736432095,0.05306500504382072,-0.1470089453611393,0.05036901246753121,0.08350651600285679,-0.22131142816217,0.1054358774932878,-0.011030768170295883,0.13433311575578563,0.014602652400715484,0.19388446592450692,0.00044483993331619526,0.2861672411958622,-0.005582479782772879,0.44016388314903004,-8.147182026848602e-05,0.6614289311079893,-0.0013638160730876244,1.364505794256775,-0.004069748896651271,-0.0006694917014387633,0.058100324490474066,0.09350616656884832,0.05
4.0,1353286536,0.19165253183318925,0.1,0.06993845917994024,0.07734879935217089,0.08131904722649855,0.0681489097320032,0.0011359028191863093,0.003508371078474412,0.06897521960129792,0.13433311575578563,0.08255967496076608,0.08231146441963005,0.05931703700691103,2.7764451051977987,0.11142259198438643,-0.26148313251913535,0.35723428772786703,0.052546401213706684,12.706204736432095,0.04837041855027489,0.10729885763233832,0.277753048567441,0.1582518496685065,-0.3244685466524374,0.2666429436066862,-0.007285515513721958,0.13433311575578563,-0.012528127052116454,0.19388446592450692,0.00012225439601539636,0.2861672411958622,-0.0016878789149146185,0.44016388314903004,0.0009363936204919343,0.6614289311079893,-0.0004288645908126702,1.364505794256775,-0.00492714124176399,-0.00022545849335329213,0.03367215494828985,0.05161228681009372,0.05
4.0,1775798549,-0.1145095683696747,0.1,0.08383729840695563,0.08214948408869376,0.09158906337382942,0.11003180708161063,0.0019170474930232237,0.010189951076621555,0.13204941327871353,0.32612014812863077,0.09623850220474485,0.08231146441963005,0.10109105698466372,2.7764451051977987,0.07840786637263368,-0.33027205675529864,0.10511821684330507,0.1289687547221978,12.706204736432095,0.08580352401850366,-0.26507475840465916,0.03368788711137401,0.08205922494916158,-0.30583050714212645,0.01450205532838966,-0.006834751528716931,0.13433311575578563,0.0017510154182680527,0.19388446592450692,0.0008813735406224636,0.2861672411958622,-0.0026655707096069395,0.44016388314903004,-0.0025847753083129,0.6614289311079893,0.000528057705045261,1.364505794256775,0.001695283335604224,-0.0020766165357691516,0.10271365466032695,0.1515784435550567,0.05
4.0,544418074,-0.07900038703497042,0.1,0.06395460361944015,0.07550969110219981,0.08769121552574476,0.05842106290102814,0.002821340296760834,0.000591680293725052,0.056545946894862066,0.13433311575578563,0.08980236030806983,0.08231146441963005,0.024359604930651816,2.7764451051977987,0.09722748149689474,-0.18613850594662068,0.3537550242389052,1e-150,12.706204736432095,0.023645879433050247,-0.12016151720054839,-0.03438553922127195,0.11536091600071983,-0.18227309542316827,0.21068783182724402,-0.00901506694284537,0.13433311575578563,-0.010663604543736962,0.19388446592450692,0.0002509574501916585,0.2861672411958622,-0.0010352232808257945,0.44016388314903004,0.0007732861127984583,0.6614289311079893,-0.0006775310782162873,1.364505794256775,-0.00288285078758786,-0.0007269691080809942,0.05996485461028732,0.0900521127483762,0.05
4.0,242165681,0.22155340627139086,0.1,0.0599360290021354,0.050679502207078994,0.04684151857956654,0.03395723240105864,-0.0002896828548871835,0.0014427764872266902,0.031661271775586405,0.13433311575578563,0.05072900425767157,0.08231146441963005,0.03803874815851896,2.7764451051977987,0.08380064397533306,0.008356826679014301,0.47369260223448806,0.0015515386529053406,12.706204736432095,0.0348738687167246,0.1545167186209152,0.29170763235862296,0.05451002041963789,0.13505200268035067,0.32302967392206305,-0.009167479363609312,0.13433311575578563,-0.013365928561768563,0.19388446592450692,0.0031103591865815103,0.2861672411958622,-0.004144253297431315,0.44016388314903004,0.0006464193899782625,0.6614289311079893,-0.0005526281888296469,1.364505794256775,-0.007120337970205582,-0.00021432983520368963,0.032591628822039365,0.04565200442439376,0.05
4.0,791709451,0.05050139115810271,0.1,0.06646332504852297,0.054171791232170474,0.05637483386859615,0.08521851159365484,0.0001790548024120384,0.007083139915825846,0.08379862543779654,0.13433311575578563,0.059199114330085824,0.08231146441963005,0.0842829248334011,2.7764451051977987,0.14776571300944985,-0.4699981076550597,0.35052867354723977,0.07625071368530666,12.706204736432095,0.06956615641305859,-0.06880942464501302,0.1830642371097095,0.0708561359986229,-0.05059400942666973,0.21544650229841278,-0.018859173967125414,0.13433311575578563,0.006994718816421179,0.19388446592450692,-0.005072355400701709,0.2861672411958622,-0.0018136785896047552,0.44016388314903004,0.0008429500307363428,0.6614289311079893,-0.0011056099756348759,1.364505794256775,-0.006610164824388072,-0.00029323525896149535,0.038318821267606294,0.04806698560601276,0.05
4.0,31506005,0.20510993091946922,0.1,0.07752587795282646,0.061579270266882806,0.062375215278896265,0.07704832599690671,0.00012444825506870063,0.005811996283856909,0.07368765552238028,0.13433311575578563,0.06438439765812548,0.08231146441963005,0.07634653863128231,2.7764451051977987,0.13673011817426595,-0.22256282313981332,0.5366845115363011,0.05658902782329882,12.706204736432095,0.0666035318676377,0.07674902320005697,0.3288814298963904,0.072021727352583,0.0760218573806449,0.3721111980019121,-0.02300543357659719,0.13433311575578563,0.006313067228149402,0.19388446592450692,0.005659372383323236,0.2861672411958622,-0.0012754331685092424,0.44016388314903004,-0.0022226310898145305,0.6614289311079893,-0.0006196886448746316,1.364505794256775,-0.0027879449837213657,-0.0009618556685172482,0.0697916430324708,0.11398380044114634,0.05
4.0,1360328796,0.290324765922287,0.1,0.06756959545558928,0.0929092962046897,0.10221297954302394,0.08883883742749034,0.003448681602392485,0.004443657433075573,0.15645838257453443,0.32612014812863077,0.1267401922734447,0.11987484580266503,0.06675702490100649,2.7764451051977987,0.07126298073646746,0.1027216869842349,0.4984371950793751,0.1682627799382082,12.706204736432095,0.057670526702703284,0.1990794245936946,0.38441765268391187,0.0993402567336339,0.17661851255828054,0.5597234866692766,-0.010577448393829856,0.13433311575578563,-0.0005268355297996016,0.19388446592450692,-0.003959386893032962,0.2861672411958622,-0.0031176338753573646,0.44016388314903004,-0.00033898470608157723,0.6614289311079893,0.001001133022161504,1.364505794256775,0.00321497360357118,-0.0025523948032090417,0.11303363045979259,0.14740591521123533,0.05
4.0,16218646,-0.1920593950173764,0.1,0.07057436025218777,0.05625715383113007,0.06716399951159337,0.05474623758006763,0.0009475140655706414,0.0020496364636025674,0.05895422309791642,0.13433311575578563,0.07289371960251811,0.08231146441963005,0.045338287003488194,2.7764451051977987,0.20028723435444,-0.5307516945379442,0.5814213283760346,0.04308491641907865,12.706204736432095,0.0388496032882933,-0.25110849266915714,-0.12057961536887786,0.06828131484559276,-0.27090172072121926,-0.030970174809707558,-0.007089073407424766,0.13433311575578563,-0.00583411806851867,0.19388446592450692,-9.470333669687679e-05,0.2861672411958622,-0.00616235726349311,0.44016388314903004,0.000854697901063571,0.6614289311079893,-0.00023934914834401605,1.364505794256775,-0.0036129679788133875,-0.0012426395430218315,0.07843897558475363,0.13611462622750123,0.05
4.0,1593575388,-0.2090700414620448,0.1,0.07765347618955466,0.07404726772606492,0.07898543057796853,0.12348972814561959,0.0009873351215572805,0.014262377835921752,0.13038156293208436,0.2861672411958622,0.08484858028671258,0.08231146441963005,0.11959765290804113,2.7764451051977987,0.15524222950769043,-0.5449159978110668,0.31712705866217394,0.12797512181144272,12.706204736432095,0.10902086655018263,-0.38361709251462706,-0.039158481306205806,0.09827485550819823,-0.3918562295145787,-0.028277270446572828,-0.012148591551346765,0.13433311575578563,-0.004223380481103848,0.19388446592450692,-0.00035114807536665407,0.2861672411958622,0.0033295528979666576,0.44016388314903004,-0.004467835922966203,0.6614289311079893,0.00023105762968859996,1.364505794256775,-0.0023084525378790546,-0.0012488059742996255,0.07924368576689932,0.11499299925688673,0.05
4.0,70106630,0.12445553532189207,0.1,0.07246816536941492,0.05204337121930319,0.0539257788143631,0.026453717013993846,5.76525006049447e-05,0.0006421466432515227,0.012789921445920652,0.13433311575578563,0.05160567527806026,0.08231146441963005,0.02537720548849751,2.7764451051977987,0.03988729082647106,0.011519293607162598,0.23300904035667586,1e-150,12.706204736432095,0.023287254731788935,0.08489078158852748,0.16402028905525667,0.058193569521966616,-0.0020088825155957103,0.23162290503450103,-0.012613141463802751,0.13433311575578563,-0.01327617360037266,0.19388446592450692,-0.0021803974545454856,0.2861672411958622,0.003099707080640296,0.44016388314903004,-0.0021410556418459477,0.6614289311079893,-0.0003118257195124299,1.364505794256775,0.00013470774189193157,-0.0020652278628344807,0.10176721870152278,0.14408899453646576,0.05
4.0,737151210,0.20490611398507944,0.1,0.06255950473951359,0.07924425346050365,0.08278695824638434,0.10270562088992784,0.0007451941603722947,0.009803250402013287,0.150949859468269,0.32612014812863077,0.10006928952224264,0.08231146441963005,0.09915434178925664,2.7764451051977987,0.2376785453939713,-0.36051318989562137,0.9592896780436275,0.15379774147921388,12.706204736432095,0.09366088848413742,0.058349763532335897,0.351462464437823,0.0965108129262345,0.008739459332227332,0.38927040608711444,-0.012347825687715752,0.13433311575578563,-0.006643136261372939,0.19388446592450692,0.008287384919014184,0.2861672411958622,-0.0022559360336889783,0.44016388314903004,-0.001555501460690271,0.6614289311079893,-0.0021989693405885017,1.364505794256775,-0.0072672906574075555,-0.00032690204297971485,0.0403411218231351,0.05711039641217328,0.05
4.0,244176604,-0.028693092785068677,0.1,0.08595756593055517,0.1044991035439187,0.10485292930177119,0.10579174098589586,0.0012063715454484637,0.009985520915378413,0.1282586292042443,0.32612014812863077,0.1154918034236491,0.08231146441963005,0.10007187817972175,2.7764451051977987,0.12601082282688916,-0.3893286424760556,0.3103956220032713,0.12797582449014153,12.706204736432095,0.07741388295320228,-0.14644100538035737,0.13294729259839527,0.09610428877909129,-0.17154263520300647,0.16438079150332296,-0.01874019931293844,0.13433311575578563,0.0011108875396810777,0.19388446592450692,-0.0031585102895169965,0.2861672411958622,-0.0020264847633464354,0.44016388314903004,0.0010587223728428519,0.6614289311079893,-0.00048733272588859103,1.364505794256775,-0.004421751949842737,-0.0006845168013988671,0.05821874924450234,0.09610080142384156,0.05
4.0,1242695024,0.10010833975437901,0.1,0.059710206497428045,0.04651928752160957,0.06487423802361193,0.049658322096676685,0.0015107590307324643,0.0009551899227248238,0.06718126385260274,0.2431366342882323,0.07295276301928746,0.08231146441963005,0.03095077684390764,2.7764451051977987,0.06836349153299923,-0.06668294006632514,0.31293202281572857,0.038236239382392415,12.706204736432095,0.027680101310204788,0.05660809905628073,0.143550795325656,0.0691988851038723,0.04457559196319824,0.3271222654616571,-0.008702514477660527,0.13433311575578563,-0.004623633172031177,0.19388446592450692,-0.001691526221761469,0.2861672411958622,0.0005795839594534754,0.44016388314903004,-0.0009646906100968352,0.6614289311079893,-0.000402597910885747,1.364505794256775,0.00045827384979764136,-0.0015192744305011431,0.08721746618608858,0.12290950457454855,0.05
4.0,1525448342,0.07905483903422444,0.1,0.06065249456937128,0.0508678722939001,0.05311492216106064,0.05252265471897767,0.0002070354818316084,0.002551593776897339,0.03401774250950389,0.13433311575578563,0.04542783482721081,0.08231146441963005,0.05058624640537665,2.7764451051977987,0.2553497649870763,-0.33842645757275713,1.0795027526507952,0.02746925821880136,12.706204736432095,0.04332794918457807,-0.014460634831692007,0.14895109057903003,0.09112055098416343,0.019432510519061662,0.22880774034307078,-0.00696608193359729,0.13433311575578563,0.0067841154917533215,0.19388446592450692,-0.00819777293964483,0.2861672411958622,0.0010885644005348735,0.44016388314903004,0.0014055442618731968,0.6614289311079893,-0.0037892281638655326,1.364505794256775,-0.004813346834065001,-0.00046925090840333296,0.048191102940539104,0.0664941734915309,0.05
4.0,675574152,0.18055132163064536,0.1,0.06849836114149864,0.06449954823039125,0.07745256066158308,0.08675039717676993,0.0011752438815195842,0.0063503875288077475,0.09199368261868558,0.13433311575578563,0.08494273672319425,0.08231146441963005,0.07980439367597045,2.7764451051977987,0.143970215676192,-0.4449518227139672,0.3544989785029022,0.08536137816044237,12.706204736432095,0.07226323976024804,0.037783490607570025,0.2912985874337869,0.17159086106460505,-0.32265173777142697,0.26762771767466137,0.0022594379668758172,0.13433311575578563,-1.4381142062160762e-05,0.19388446592450692,0.004762232879965896,0.2861672411958622,0.0011888551478256805,0.44016388314903004,-0.006655214203254919,0.6614289311079893,-0.0006225350210537571,1.364505794256775,0.0004505944475749952,-0.0017941010291571595,0.0948685323773848,0.13554469476491843,0.05
4.0,160949112,-0.36368163204807913,0.1,0.08176685397072798,0.07529838808003535,0.09876599735380083,0.08604384366591444,0.0038244649109635317,0.003579078121840794,0.10056710334914461,0.32612014812863077,0.10118610037549793,0.08231146441963005,0.05991178747343714,2.7764451051977987,0.19110627118764917,-1.1095563610356702,-0.04836421861256701,0.10028012833189792,12.706204736432095,0.057333054784671725,-0.4576283717689489,-0.2503890860878079,0.08241386302101766,-0.6143352812592247,-0.2925982831655062,-0.009206270155514097,0.13433311575578563,0.0005804413807735593,0.19388446592450692,-0.003098751620800908,0.2861672411958622,-0.004703848699115667,0.44016388314903004,-0.0005871989668189471,0.6614289311079893,0.0015409299824122975,1.364505794256775,0.000828041171574549,-0.0019396231824044114,0.09795809707985044,0.16476310258300164,0.05
4.0,398337732,-0.2868929895324482,0.1,0.061059754884524954,0.03175063850007151,0.033682396484008344,0.029623033122436176,8.159942443984472e-05,0.0007959246669331061,0.03126935516992282,0.13433311575578563,0.03421778746120169,0.08231146441963005,0.028252876441915806,2.7764451051977987,0.19188437851065077,-0.7111966751359002,0.3543162118237357,0.01743057369009589,12.706204736432095,0.024742785362121923,-0.3323498516677944,-0.2447123818798677,0.060788117019588465,-0.32880924117734445,-0.11671745326393826,-0.00531636896735511,0.13433311575578563,0.031321057722077064,0.19388446592450692,0.00483406175788934,0.2861672411958622,-0.0009759118048509075,0.44016388314903004,-0.003671311709501971,0.6614289311079893,-0.006509730988885413,1.364505794256775,0.005102387398093504,-0.0030856847367707035,0.12476267159095007,0.20844077370219347,0.05
4.0,1243865193,-0.09920751933401488,0.1,0.07671682653461799,0.05707684216754868,0.049307733940755896,0.06206156620536734,-0.0003700376040779627,0.004221675603941156,0.06091729310716204,0.13433311575578563,0.0499272469521114,0.08231146441963005,0.06506824862034494,2.7764451051977987,0.19188659555298646,-0.6863121193469892,0.3792130786053287,0.049970608679110025,12.706204736432095,0.05922343213660384,-0.19769222078203746,-0.00036567449361227244,0.07780031783615905,-0.24188931628944077,0.04933661928160019,-0.011570202182324634,0.13433311575578563,-0.002364003353806483,0.19388446592450692,0.004120992290560682,0.2861672411958622,0.00018623136467800034,0.44016388314903004,-0.0036673619428647672,0.6614289311079893,-0.00011596135542156315,1.364505794256775,-0.0009102515921406427,-0.0014911903970336374,0.08641279169253961,0.11441133127105474,0.05
4.0,1052929186,0.04437703819450276,0.1,0.07964215033697428,0.07761031332164806,0.07087910971354995,0.0568404473872927,-0.00015064102014336698,0.0033814774793309564,0.04658941146046943,0.13433311575578563,0.07148329031785763,0.08231146441963005,0.05823444458075994,2.7764451051977987,0.15360863164011973,-0.3824110313292514,0.47056083553743283,0.027427409935403414,12.706204736432095,0.05106123625311817,-0.056858942035912054,0.1312507671257772,0.07201286333512798,-0.10827405829728404,0.15978913748432594,-0.018566418195968618,0.13433311575578563,-0.005470728632550209,0.19388446592450692,-0.004203916127697713,0.2861672411958622,0.0022818003004053903,0.44016388314903004,0.0005964529586656797,0.6614289311079893,-0.001114816907357515,1.364505794256775,0.008943448900647875,-0.00384806587627446,0.13864004388720022,0.19360138473380137,0.05
4.0,1842319073,0.360379814369026,0.1,0.06635785890293469,0.03451048303856026,0.030104360071814783,0.0375340497959323,-7.012739385593475e-05,0.0014789322879394601,0.042719737171054546,0.2861672411958622,0.030839079478480493,0.08231146441963005,0.038512422135122217,2.7764451051977987,0.13870749810448657,-0.00022992312675551574,0.7699975852061138,0.040929391613316615,12.706204736432095,0.035447568843413206,0.30017499091122063,0.4270481692983373,0.04772503778474175,0.315851923416407,0.497107555255208,-0.009756213448766943,0.13433311575578563,-0.006733593125879227,0.19388446592450692,0.0033116085485678523,0.2861672411958622,-0.0014392452193798214,0.44016388314903004,-0.00013899744669974024,0.6614289311079893,-0.0015950097920580894,1.364505794256775,-0.00029798878500272554,-0.0015428580133104732,0.08778087223447453,0.12234900929096015,0.05
4.0,2133373803,-0.3400335830968123,0.1,0.08238406940138715,0.09809244819102059,0.10082559785284356,0.08424339942915164,0.0003929245428957867,0.0067040258044838,0.0781740455735923,0.13433311575578563,0.09721299285279954,0.08231146441963005,0.08199635114812481,2.7764451051977987,0.09698254204326454,-0.5889755932487852,-0.050442184957462055,0.06224041912785987,12.706204736432095,0.07359687216102027,-0.4866563451819306,-0.193410821011694,0.0808179173179626,-0.47576106222843495,-0.19355738241065232,-0.013179491609749582,0.13433311575578563,-0.0014301144288881313,0.19388446592450692,-0.0032913292880102796,0.2861672411958622,0.0005820868773487877,0.44016388314903004,-0.0013251044927547954,0.6614289311079893,-0.0002649934842098943,1.364505794256775,-0.004119837583777936,-0.0008023395335457307,0.06366256979606513,0.1003035401889261,0.05
4.0,1931263254,-0.06850707716971358,0.1,0.0682005798704232,0.06510958986059939,0.06551347956511097,0.0632029891820243,0.00019042681735481886,0.003804191024188261,0.07625134551865331,0.19388446592450692,0.06994836916114588,0.08231146441963005,0.06176719028687051,2.7764451051977987,0.0988544590304837,-0.4172265164398857,0.13170144136444,0.054675414168603234,12.706204736432095,0.050387875992668446,-0.15421602442369628,0.016353133217309114,0.08008007637788843,-0.25782303078029395,0.060315056784256804,-0.01181505390348785,0.13433311575578563,-0.0006115937750555554,0.19388446592450692,0.007026426757572181,0.2861672411958622,-0.004900254334057096,0.44016388314903004,-0.0019777385863253023,0.6614289311079893,0.000620993412681189,1.364505794256775,-0.0025976574312845556,-0.0009864352069844013,0.07039539583984072,0.10377726147733178,0.05
4.0,492842505,0.08998389395934345,0.1,0.058316106562999716,0.05026208174053926,0.0589947459227131,0.07361952328497359,0.0007767630062258989,0.00464307120248087,0.07447739562345115,0.32612014812863077,0.05532508345863029,0.08231146441963005,0.06823848242313783,2.7764451051977987,0.05291299943109846,-0.10050147522816126,0.1933186013154532,0.07508599212580029,12.706204736432095,0.062322284666290265,-0.013843066356808115,0.19381085427549502,0.05439573214337854,-0.017056585523239905,0.1846743134820291,-0.004501099699888384,0.13433311575578563,-0.004014335120727381,0.19388446592450692,-0.0033407702560688916,0.2861672411958622,-0.004365029777488043,0.44016388314903004,0.001221564989688551,0.6614289311079893,0.0002841487666903381,1.364505794256775,-0.0004333673517294044,-0.0013576842380895794,0.08199693873356816,0.139746528083347,0.05
4.0,1236377798,-0.015000112633237053,0.1,0.054544988280755456,0.05981104176107097,0.060702395947537104,0.05336682647253171,0.00012623386894473594,0.002721784298804575,0.047647763440674146,0.13433311575578563,0.0575382001745501,0.08231146441963005,0.052246059443883774,2.7764451051977987,0.14742857839284726,-0.3156730888007765,0.502981620889405,0.02069135530096065,12.706204736432095,0.04673090617221702,-0.10035787105810512,0.07035764579163101,0.0780033109182492,-0.13196168058042054,0.15475735647583988,-0.027968477808261796,0.13433311575578563,0.010958439862291627,0.19388446592450692,0.00036424556303814944,0.2861672411958622,-0.002371278939927532,0.44016388314903004,0.0002881040841996651,0.6614289311079893,-0.0004979490510955952,1.364505794256775,-0.0029891375180291237,-0.0009771811634558618,0.07033769129741005,0.09178818731077396,0.05
4.0,1686431892,0.3047855466312363,0.1,0.0732792292391232,0.1009916880259566,0.09946520986146146,0.10002878745413196,0.0003204119208725653,0.009685346398671343,0.1087289274361035,0.13433311575578563,0.10663704998760501,0.08231146441963005,0.09855627189227144,2.7764451051977987,0.11950970674836592,-0.1858424920883818,0.47778178856186804,0.06685575650492132,12.706204736432095,0.08924527863984792,0.16447208258431234,0.4517366903577468,0.11866215550246687,0.07230075527139274,0.5159282821947985,-0.009015142418173522,0.13433311575578563,0.001938110871482737,0.19388446592450692,-0.011732298811767138,0.2861672411958622,-0.0008829679595428884,0.44016388314903004,-0.0014144808503701312,0.6614289311079893,0.002017844631534983,1.364505794256775,0.005332231468994251,-0.0032036427670298676,0.1262387744391224,0.21170674986633628,0.05
4.0,576876176,0.13745050996878447,0.1,0.0642503119947416,0.04205235363546037,0.04449102942593212,0.04409174544747756,0.000453903722755409,0.0014901782938497486,0.052708851351638726,0.2431366342882323,0.04906832482604873,0.08231146441963005,0.03865857172130645,2.7764451051977987,0.3393784823284241,-0.4588800679569483,1.4256513841834733,0.043797155321884385,12.706204736432095,0.03548958915866616,0.06569009675424534,0.20085545463747556,0.043324994289277795,0.08699976687615647,0.24139267901000588,-0.017018896008643467,0.13433311575578563,0.008019550441474857,0.19388446592450692,-0.00829852882784033,0.2861672411958622,0.0024845692817667088,0.44016388314903004,0.0011773787376108571,0.6614289311079893,-0.003143427122264136,1.364505794256775,-0.0024398907745321486,-0.0011077742910317627,0.07447199237791466,0.08680672291254879,0.05
4.0,1732088515,-0.28915379234517413,0.1,0.05533678035100498,0.057989068770981304,0.06098825938455718,0.05580949404030873,2.4150295504669905e-05,0.0030905493295305857,0.044523854300453976,0.13433311575578563,0.055985727588016225,0.08231146441963005,0.05567298764235975,2.7764451051977987,0.09757251922656249,-0.4659472197199129,0.07586226709690219,0.023360026673279213,12.706204736432095,0.049001970823544495,-0.37106362623974853,-0.20951613436881178,0.059715767070485294,-0.4086569722232083,-0.19004049163459935,-0.017585591777459376,0.13433311575578563,0.0008201766890144275,0.19388446592450692,0.0017217239645172576,0.2861672411958622,0.0024238537324265063,0.44016388314903004,-0.002015600826070853,0.6614289311079893,-0.0021772968649782466,1.364505794256775,-0.0025250945492983463,-0.0011716607452144617,0.07634004731435926,0.10485110532311413,0.05
4.0,734271645,0.24862914185449592,0.1,0.07943112950518057,0.07947765594643678,0.0822106723912786,0.08613489823137023,0.0007373679268477401,0.006681852766480766,0.09203243733000978,0.2431366342882323,0.0837452054647422,0.08231146441963005,0.08186064060144342,2.7764451051977987,0.30260454188778607,-0.2942550906541981,1.3860747076157338,0.08840345139803847,12.706204736432095,0.07520132567657731,0.12445060832802281,0.3724074694408489,0.09192027944274912,0.13821119904753118,0.46656306401289016,-0.023572199505605122,0.13433311575578563,0.005215916248546382,0.19388446592450692,-0.002833200527243928,0.2861672411958622,-0.0005253190989116264,0.44016388314903004,-9.79625615823581e-05,0.6614289311079893,-0.0006607825943838684,1.364505794256775,-0.004457744997337608,-0.000806682931679426,0.06395079998726914,0.09605466427218748,0.05
4.0,412119749,-0.023645810112251225,0.1,0.08543182317385083,0.043649969960667986,0.04457992102320709,0.06140953088687372,0.0001599363612636484,0.003611194122482248,0.05694175215235076,0.13433311575578563,0.042432157663959864,0.08231146441963005,0.06017998919669941,2.7764451051977987,0.053379554911334386,-0.1270653655454481,0.16934544235697488,0.05135821236908963,12.706204736432095,0.05398325875196698,-0.12267880101476333,0.06335047411176638,0.06491070247158626,-0.11379269831973136,0.1165688911199318,-0.01871561996399358,0.13433311575578563,0.0014364474146619686,0.19388446592450692,-0.001769284495750618,0.2861672411958622,-0.005187981706377835,0.44016388314903004,0.0025699600237480344,0.6614289311079893,-0.0008349962536144456,1.364505794256775,-0.006676604313449322,-0.00029727128780028143,0.03840941986599791,0.06611941244137344,0.05
4.0,103431851,0.17655406828529785,0.1,0.0650750133877589,0.04928111607868003,0.05219791060995628,0.07125279810106921,0.00033854899735926954,0.004738412239872463,0.07905150983414491,0.13433311575578563,0.05878295814039033,0.08231146441963005,0.06893552837931743,2.7764451051977987,0.1705048858236309,-0.46215412010237433,0.48464079121228487,0.07438667593996692,12.706204736432095,0.06206207135634804,0.0743894078431743,0.27862198984132597,0.10353288251563669,-0.1190776275589797,0.30627680254292733,-0.0014545388578211594,0.13433311575578563,-0.005335620567138157,0.19388446592450692,-0.00038347242096215103,0.2861672411958622,-0.002675461132525467,0.44016388314903004,-0.0013903433214579022,0.6614289311079893,0.00043892264348026274,1.364505794256775,-0.005416688116114372,-0.00012629964321469265,0.02509730600541119,0.03235864601829303,0.05
4.0,751097304,-0.06319781045274235,0.1,0.07935089304309058,0.031588839627117844,0.032982170455775436,0.04001547997814597,0.0001841261181299694,0.0014171125197514312,0.04231880497091592,0.32612014812863077,0.035385139044416876,0.08231146441963005,0.037698915377972986,2.7764451051977987,0.15264932672176254,-0.6635324224031132,0.1841125295736411,0.041520523201121255,12.706204736432095,0.03598530494975175,-0.1291537777556928,0.00275815685020811,0.07467988453620429,-0.3217968199977575,-0.006354049040093578,-0.014489615209142277,0.13433311575578563,-0.004472084949241502,0.19388446592450692,-0.004970042960956303,0.2861672411958622,-0.00042029714291136675,0.44016388314903004,0.0004918622359183396,0.6614289311079893,0.0003270749634820649,1.364505794256775,-0.002009319512690582,-0.0011216676569071797,0.0753410454567134,0.1331007453637083,0.05
4.0,695659477,0.1315407011768667,0.1,0.07565565677494789,0.05843163015992393,0.06681141911295405,0.06152556004610954,0.0007865059451758818,0.002998888593811549,0.06989858720568873,0.13433311575578563,0.0744380616034318,0.08231146441963005,0.05484118800578766,2.7764451051977987,0.3110609164911058,-1.223377636265316,0.503909481754828,0.06213619186687682,12.706204736432095,0.048042775568513524,0.027748192214607073,0.2065152529250329,0.07824638398891227,-0.06991119366968482,0.2415387079191535,-0.027123302486619268,0.13433311575578563,0.006230403215790442,0.19388446592450692,-0.00444876079378136,0.2861672411958622,0.0021220084488795337,0.44016388314903004,-0.003247259760282751,0.6614289311079893,0.0014976561651278233,1.364505794256775,0.002399134053530745,-0.00262060015265602,0.11417811536186481,0.15227040296410116,0.05
4.0,714353525,0.4143487295450759,0.1,0.07014090342704056,0.05812559641421903,0.06101743461619603,0.052922048577374425,0.000657052788233034,0.0021436904373929445,0.09280907704125266,0.32612014812863077,0.06996526913475583,0.08231146441963005,0.04636686397089234,2.7764451051977987,0.13836498470806063,-0.07755282603232444,0.690772743014602,0.09825803711126434,12.706204736432095,0.04206213631574696,0.3467919080999436,0.478086720173181,0.08509991531135211,0.1992290261980643,0.5092075709128168,-0.021877364980934042,0.13433311575578563,0.003612320098339335,0.19388446592450692,0.0006726580436249112,0.2861672411958622,-0.003594163196752393,0.44016388314903004,0.00029335362628861363,0.6614289311079893,-0.00029996577999495276,1.364505794256775,-0.004861708338500771,-0.0007680172301065555,0.062063469397526785,0.07146467384565182,0.05
4.0,963837516,-0.06015561676960188,0.1,0.0731377388718419,0.07256873268095912,0.06721255546241106,0.06602478073778426,-0.00047976417957375575,0.004839035851046243,0.05932772597333968,0.13433311575578563,0.062293511051332205,0.08231146441963005,0.06966363114132747,2.7764451051977987,0.28385775489969384,-1.2696412675982567,0.3065896807291261,0.04432333516289064,12.706204736432095,0.05699441327278561,-0.16490279987321102,0.05209493575784231,0.10107148441897103,-0.3077263583807886,0.026091869280878647,-0.019468320669477616,0.13433311575578563,-0.001733300244072279,0.19388446592450692,-0.005923752640264091,0.2861672411958622,-0.003132115670389523,0.44016388314903004,0.0033680158665033893,0.6614289311079893,-0.0016535604547031184,1.364505794256775,-0.0022920074317854867,-0.0016281424039575512,0.09064933695767068,0.10950148063238245,0.05
4.0,561036366,0.2555242319233333,0.1,0.0831740531473064,0.07215429438169599,0.10933392168793216,0.08823963123882879,0.005164691142313209,0.0026215413788512813,0.10684902973035966,0.19388446592450692,0.11996518540381289,0.08231146441963005,0.051274926504469145,2.7764451051977987,0.27341135355875545,-0.7537187404892718,0.7645044880981509,0.09280770548376996,12.706204736432095,0.039030716737976485,0.19017441767861534,0.342742554786884,0.08781783482345741,0.020008206630456445,0.35819768944669755,-0.010400151842571176,0.13433311575578563,-0.0030614368090117884,0.19388446592450692,-0.0002915453172194288,0.2861672411958622,-0.003456501639903609,0.44016388314903004,0.0018545465384076161,0.6614289311079893,-0.0020415347610875214,1.364505794256775,-0.0036090959054029623,-0.0008901114434332026,0.06669395698738026,0.08780934743229116,0.05
4.0,1730106707,-0.004294139137755506,0.1,0.0668596127607325,0.06465986875759694,0.06417803807460323,0.053222675502160484,0.0004492032414167022,0.0023834499461915714,0.05092920796002626,0.13433311575578563,0.06623196464676755,0.08231146441963005,0.04889108845025937,2.7764451051977987,0.07874794215941716,-0.14890950662872837,0.2883691704770979,1e-150,12.706204736432095,0.044401410943236366,-0.07573973326377448,0.07606393302335113,0.07325263201106541,-0.11614972026248026,0.1670375657073795,-0.006282767212499208,0.13433311575578563,0.007259579617910627,0.19388446592450692,-0.0013590472056357636,0.2861672411958622,-0.00214904022309531,0.44016388314903004,-0.0003231959470119724,0.6614289311079893,-0.002335860310526941,1.364505794256775,-0.003599563841238779,-0.0007443854813949803,0.06141709626397747,0.09252823313880486,0.05
4.0,1803632936,0.16303516759546177,0.1,0.07791377232815537,0.05407307040557499,0.051971454054880885,0.06114191905014822,0.0005229635515926517,0.0032153707135422266,0.06435545831316547,0.32612014812863077,0.050761569345246914,0.08231146441963005,0.05678612235822323,2.7764451051977987,0.1390165605393154,-0.1778045277689797,0.5941391703326517,0.05950833999725035,12.706204736432095,0.0480364979391001,0.06293304682675727,0.2503102234049431,0.06171899783901627,0.047175767766849605,0.28361387668624083,-0.008044687467295569,0.13433311575578563,-0.005319521641078991,0.19388446592450692,-0.0016165917852959198,0.2861672411958622,0.0006985798185918234,0.44016388314903004,-0.0022688920417028987,0.6614289311079893,4.835409145626819e-05,1.364505794256775,0.005933741212883172,-0.003153092154607715,0.12583637526419816,0.16082406499816226,0.05
4.0,17454683,-0.07097872984460318,0.1,0.05369319113745039,0.02520373891688243,0.027264005187522727,0.015217804415980096,0.00014318978119899097,8.839179004403234e-05,0.026164807044647125,0.19388446592450692,0.030191976515349498,0.08231146441963005,0.009415267263615815,2.7764451051977987,0.04364470564817092,-0.1268998387051814,0.11545442002414431,0.01665011829388485,12.706204736432095,0.008639583595418044,-0.08721653037993574,-0.05669899472682483,0.05333571701538691,-0.11113683920092995,0.03167156363426966,-0.009457551458332108,0.13433311575578563,-0.0029557439356577768,0.19388446592450692,0.00011416906387798138,0.2861672411958622,-0.0010354773712226539,0.44016388314903004,-0.0015486730110643243,0.6614289311079893,0.0011101103629807152,1.364505794256775,0.0016502693008009874,-0.0015802722384354736,0.08887404964530539,0.13322921208196906,0.05
4.0,831949936,-0.00642533917340575,0.1,0.07006759134974436,0.05528060851589411,0.06747937822860701,0.04082355382391202,0.000780946866451031,0.000885615680362811,0.05409138515325958,0.13433311575578563,0.07128283587110609,0.08231146441963005,0.029802269431270376,2.7764451051977987,0.07660187329321612,-0.0911618614248766,0.33419993088298716,1e-150,12.706204736432095,0.026534947898793515,-0.06034620387600084,0.03570197424142396,0.0885821227482762,-0.09602044708996291,0.2393555262828551,-0.01737962461178094,0.13433311575578563,0.0018590359659315188,0.19388446592450692,0.001231374480504656,0.2861672411958622,-0.0010203560987898795,0.44016388314903004,0.0006375716330353004,0.6614289311079893,-0.00244049262816827,1.364505794256775,0.000839799559170968,-0.001947651711120031,0.09849561966230105,0.1470238217858247,0.05
4.0,1621039492,-0.17408088197409063,0.1,0.0784026017401538,0.06428619051945679,0.07807930291195862,0.09171853911176171,0.0021533438558989986,0.006258946560896765,0.11769505840165734,0.32612014812863077,0.0875049670251764,0.08231146441963005,0.07922774767607756,2.7764451051977987,0.33512743827228775,-1.2953789644653573,0.5655469067517841,0.11814230202632248,12.706204736432095,0.06505475647522942,-0.2891302527236372,-0.05886076493801362,0.07904419899724689,-0.30076817794831406,0.0045794323605089435,-0.02707981070331238,0.13433311575578563,0.004087922349153534,0.19388446592450692,-0.0005277211822384996,0.2861672411958622,-0.0009560408498271257,0.44016388314903004,-0.002003562164696865,0.6614289311079893,0.0009863358602081854,1.364505794256775,0.00292854178482396,-0.002778237834812847,0.11784361628204569,0.1571362194486719,0.05
4.0,86773674,-0.10684063252437746,0.1,0.07576645978186418,0.0949053582816029,0.0927545466559842,0.09186864177110836,0.00035011032545657905,0.008089737015411658,0.08596137213662397,0.19388446592450692,0.09088866055327384,0.08231146441963005,0.09007284695306773,2.7764451051977987,0.1955771829241829,-0.5234696326379082,0.562548991798536,0.06152555708824467,12.706204736432095,0.07667814850162354,-0.2673438575553028,0.03019878390962495,0.13726612680666053,-0.30477027510874655,0.34683580545894943,-0.008325836794423044,0.13433311575578563,-0.009232822734370393,0.19388446592450692,-0.005432451907958563,0.2861672411958622,-0.00034090803494412925,0.44016388314903004,0.002452062082945135,0.6614289311079893,-0.0030203543351816665,1.364505794256775,-0.006462808520188387,-0.0004632553347946779,0.04802414398531182,0.05747868347858182,0.05
4.0,1224875639,0.08751180407587811,0.1,0.07369969985061937,0.1456035389924817,0.141835584435725,0.15901009037315844,0.00012301981447852828,0.025161189026001483,0.157564077126144,0.13433311575578563,0.1438878150153367,0.08231146441963005,0.15885184678025807,2.7764451051977987,0.1307419344820242,-0.1536246496469507,0.5723709584264641,0.11170334827468428,12.706204736432095,0.13285547476875775,-0.1476490102057182,0.3058032281347462,0.1899953133607795,-0.17008330067472047,0.5133738039158836,-0.00880799541042673,0.13433311575578563,0.005500827178321204,0.19388446592450692,0.001982548185239472,0.2861672411958622,-0.0005676373438974464,0.44016388314903004,-0.0071274909720482746,0.6614289311079893,0.0026002261598814212,1.364505794256775,0.0022692048373474057,-0.00237204714069745,0.10863236512513708,0.17153492272387275,0.05
4.0,1947832986,0.32141704994169734,0.1,0.06528485186779595,0.05403750935026909,0.05347412780664467,0.07755100022028028,0.00040479634801620376,0.005609361287149707,0.08251295389717052,0.13433311575578563,0.058716471313772084,0.08231146441963005,0.07500382199589016,2.7764451051977987,0.14948307692390495,-0.03653598677673214,0.7935271276938316,0.06829738170310905,12.706204736432095,0.06415248685838108,0.2090533832310354,0.4337807166523593,0.07670013239532228,0.13236643765051231,0.4293499544436613,-0.01202745291843546,0.13433311575578563,0.0005932813397984476,0.19388446592450692,0.003494666190594756,0.2861672411958622,-0.0014163873938047623,0.44016388314903004,-0.0007478313807291017,0.6614289311079893,-0.0014401187966068415,1.364505794256775,0.008442954461200011,-0.0035269020136038383,0.13313916960208882,0.14424622224886638,0.05
4.0,1641690064,0.048256074264259416,0.1,0.0740081486955415,0.09821467105003903,0.09623147099461034,0.13224547304861145,-0.0001809151596316328,0.01766978030148265,0.12111263045889495,0.13433311575578563,0.08461754551359044,0.08231146441963005,0.1331196793516184,2.7764451051977987,0.14160675865173764,-0.6327812034467712,0.15354558039631475,0.1090344153779212,12.706204736432095,0.13172742231175175,-0.15083284576532419,0.24734499429384305,0.11130597134775148,-0.19195636405401442,0.23406513763498146,-0.028611163648701275,0.13433311575578563,0.0065783645772817265,0.19388446592450692,-0.0007292319218556032,0.2861672411958622,-0.0012531658915152552,0.44016388314903004,-0.0008447797044374327,0.6614289311079893,0.0008445703214714177,1.364505794256775,-0.0014438370883112438,-0.0014349919047872504,0.08506918015598688,0.13938856623063828,0.05
4.0,1701960498,-0.10735210615841057,0.1,0.0647078514450446,0.04268877721904603,0.040578992537283975,0.07072615227904089,-2.434784104186254e-06,0.005004623400302268,0.06776902620383013,0.13433311575578563,0.03652211569543312,0.08231146441963005,0.07084551947570791,2.7764451051977987,0.07340441775190897,-0.3261798767530829,0.08142679598128119,0.06194937649652507,12.706204736432095,0.06244775321097917,-0.21032749629666808,-0.004376716020153035,0.07102571373610325,-0.28334651345450124,-0.03236812218457731,-0.0014399263595584507,0.13433311575578563,0.003984430420986241,0.19388446592450692,-0.003130759750524161,0.2861672411958622,0.0008033729946810566,0.44016388314903004,-0.006611125625877927,0.6614289311079893,0.002848673179807386,1.364505794256775,-0.0027227191812468536,-0.0007790193254663612,0.062274117364552434,0.09605839048824849,0.05
4.0,1706754447,0.19424734432884888,0.1,0.05928971113060295,0.03935861327236429,0.04303892971747035,0.040973038860192386,0.00014922391753552301,0.0015295659959033122,0.03129046753659434,0.32612014812863077,0.039367326641279336,0.08231146441963005,0.039166142353749,2.7764451051977987,0.12311385818810773,-0.2821620746055012,0.4014756632912741,0.030655839343734708,12.706204736432095,0.03388624519473005,0.1371032521607957,0.25139143649690204,0.049534991561943416,0.08210527262344021,0.2494652975809008,-0.014431170578179482,0.13433311575578563,-0.006255447648164716,0.19388446592450692,0.0010170046545292285,0.2861672411958622,0.0004337735624179462,0.44016388314903004,-0.00017421930907820545,0.6614289311079893,-0.001058977877818072,1.364505794256775,-0.0002364815663577002,-0.0014740102746996571,0.085728756707208,0.13394594779317315,0.05
4.0,1683890030,0.200299678723272,0.1,0.060090984870521454,0.06900069806258845,0.06960428878864368,0.04135613094522186,0.000238187869246528,0.0014721416975118087,1e-150,0.13433311575578563,0.06355641754217495,0.08231146441963005,0.03842390456867059,2.7764451051977987,0.07612105218517903,0.007891225613470304,0.43058307109756333,1e-150,12.706204736432095,0.035458172783292045,0.13579494553815152,0.26835978819392436,0.08110568246225933,0.046505959576485054,0.3653692681396891,-0.018537052939369292,0.13433311575578563,0.0037844627782729337,0.19388446592450692,-0.00020226590513398786,0.2861672411958622,-0.0016429845066752676,0.44016388314903004,-0.0002675170434551086,0.6614289311079893,-6.848902839926928e-05,1.364505794256775,-0.002270386725792554,-0.0009162996187743754,0.06761999156631564,0.0907806325975893,0.05
4.0,1220863932,0.22880019695064108,0.1,0.0949499910101769,0.07113988577646882,0.07284066738257591,0.05105662489189089,0.00038551204702245295,0.0022212668983287998,0.05371929947541355,0.13433311575578563,0.07487534471455187,0.08231146441963005,0.04719837650656812,2.7764451051977987,0.08568119702870682,-0.013069147994507757,0.46270913220117466,0.023095723907164887,12.706204736432095,0.04065344167452071,0.15341472829536304,0.3184647738304691,0.08359054799329854,0.030365303121634393,0.3684733054352993,-0.016980077207775647,0.13433311575578563,0.0045386519411353375,0.19388446592450692,-0.00721370745624746,0.2861672411958622,0.0017534410166978797,0.44016388314903004,-0.0012431227953630555,0.6614289311079893,-0.0015049687209864732,1.364505794256775,-0.004498148380838095,-0.0011084639417259824,0.0740224831049598,0.11688597492875544,0.05
4.0,1226195639,0.3143265370581211,0.1,0.07740130556783929,0.0576051183867233,0.06293496730581376,0.03722186338704274,0.00014647271682140944,0.0012389943971822634,0.05120431298463709,0.19388446592450692,0.06743621479574165,0.08231146441963005,0.03525018164271836,2.7764451051977987,0.1370451934511502,-0.18923473713291844,0.5717621759637443,0.02752386833429922,12.706204736432095,0.03232907595052173,0.26477561165076907,0.3638774624654731,0.09691985481627143,0.007377871965953997,0.3718231214103714,-0.012679084169164209,0.13433311575578563,-0.0004252987488980581,0.19388446592450692,-0.004199087782133957,0.2861672411958622,0.0005210025422047463,0.44016388314903004,-0.001455479640026401,0.6614289311079893,-0.00016348435850107633,1.364505794256775,-0.0009320897690708881,-0.0015050148974809717,0.08687908831230619,0.09647295438066394,0.05
4.0,1516449146,0.052058138661143186,0.1,0.07857747480755427,0.0855924519944458,0.08922346279492434,0.12319616860503829,0.0008733546932832908,0.01430394126567773,0.10801446292852551,0.13433311575578563,0.07829918268446699,0.08231146441963005,0.11977179190605687,2.7764451051977987,0.14164505610304806,-0.5825687006891723,0.20397074469637846,0.09372266614044442,12.706204736432095,0.10903167484169335,-0.11764373721104411,0.23326088572068876,0.10121453975086166,-0.21781331210622282,0.15972148288950627,-0.01816336298057144,0.13433311575578563,-0.0017931743012697611,0.19388446592450692,-0.00271321457150407,0.2861672411958622,-0.002882283492283431,0.44016388314903004,0.002762749606393909,0.6614289311079893,-0.0016132865034895359,1.364505794256775,-0.004401744192452804,-0.0007853444482994596,0.06238384995528989,0.0950691236934326,0.05
4.0,321554148,0.2547812923462061,0.1,0.07405378070912817,0.05010120408552193,0.05050254964306792,0.04439566187087904,0.0007313692452553021,0.0012396055476981208,0.0396569318911265,0.13433311575578563,0.05079500666726535,0.08231146441963005,0.03525887438208242,2.7764451051977987,0.047452099694056546,0.11453456466824916,0.37803086452209167,1e-150,12.706204736432095,0.03282751960504325,0.19371063472492214,0.30982558347180794,0.05478071650513186,0.12118459448516931,0.33942627178901214,-0.022409335302631193,0.13433311575578563,-0.009577335096012168,0.19388446592450692,0.003229779347719773,0.2861672411958622,-3.2150758180458956e-05,0.44016388314903004,-0.0003464072061683674,0.6614289311079893,-0.0002063645874006211,1.364505794256775,-0.0026308143271040756,-0.0011693955587589345,0.07645039799211406,0.1088125090455389,0.05
4.0,987920899,0.34765663085502285,0.1,0.06815017215990953,0.03989187526825704,0.03929083403566299,0.045228438390188586,0.00013901182541366762,0.001906599813801417,0.05237616230383146,0.13433311575578563,0.04441003316052867,0.08231146441963005,0.04372768251219756,2.7764451051977987,0.11728649108085616,-0.12099160423598138,0.5302874038985554,0.03745326984818875,12.706204736432095,0.03950146027967931,0.27279482934217747,0.4126823918533956,0.0974951978395236,0.04156288952024923,0.41535880152877325,-0.017430269705036392,0.13433311575578563,-0.0008834933042464234,0.19388446592450692,0.0022898483128067763,0.2861672411958622,-0.0006065788664200361,0.44016388314903004,-0.0012516736839706718,0.6614289311079893,-0.0005665393767753232,1.364505794256775,-0.004487753199031169,-0.0005739082173557604,0.053589749978427505,0.07503189347433802,0.05
4.0,477232403,-0.1663644510399514,0.1,0.07464731458521374,0.0896279690635611,0.09102778813165319,0.06572840472959189,0.0001485440827527426,0.004171679105544295,0.07556617350947184,0.13433311575578563,0.09639795431328578,0.08231146441963005,0.06468180564557455,2.7764451051977987,0.09567847840675542,-0.3934424372804809,0.13784964880993789,0.07005684972720747,12.706204736432095,0.05497005816601799,-0.26155252175036353,-0.07383927420915751,0.19548177724803428,-0.2884497365054966,0.4409942230159133,-0.009645164494183598,0.13433311575578563,-0.0052422613721790955,0.19388446592450692,-0.0011318291287479509,0.2861672411958622,0.0002586063789862997,0.44016388314903004,-0.0029158375145187914,0.6614289311079893,0.001089734061529798,1.364505794256775,0.0019130399262735163,-0.0021521540019274472,0.10386949424152825,0.11318837351166788,0.05
4.0,716201104,0.028612260177886716,0.1,0.07096965888871364,0.047175723585878515,0.04351837035493591,1e-150,-0.00012617552141366232,0.0001241499399790546,1e-150,0.13433311575578563,0.040606288765178127,0.08231146441963005,0.011158349108828125,2.7764451051977987,0.07152055194374456,-0.21420447667203396,0.18294129605847503,1e-150,12.706204736432095,0.009736171158804522,0.010078770853326235,0.04714574950244719,0.06781124761478065,-0.037513386281325785,0.22019717848307396,-0.02771730717578498,0.13433311575578563,0.00891428987150254,0.19388446592450692,-0.0033201590461736123,0.2861672411958622,0.0016351362344202477,0.44016388314903004,0.0005799307712787746,0.6614289311079893,-0.0027462844513485326,1.364505794256775,-0.0014571901436092642,-0.0016150645418875646,0.0894694449742426,0.15306980017531505,0.05
4.0,642213149,-0.25269840702756585,0.1,0.08432554539439083,0.062031608169687495,0.07444631269691766,0.08825068836221109,0.0015978642106945942,0.006190319785709504,0.09161693048705521,0.13433311575578563,0.07335836367978936,0.08231146441963005,0.07879220065054703,2.7764451051977987,0.17426353276185502,-1.0387029044692313,-0.07103663936697407,0.08009999404675906,12.706204736432095,0.07184205308542047,-0.3488690509707939,-0.11611194508555996,0.21865707134905746,-0.7821374280894929,-0.1719775636348447,-0.02551738738668844,0.13433311575578563,-0.002581510411178123,0.19388446592450692,0.0031921831317698953,0.2861672411958622,0.0009156113494795725,0.44016388314903004,-0.0014715172716405517,0.6614289311079893,-0.0005949873671016172,1.364505794256775,-0.005922217208295965,-0.00043846741685140057,0.04694137584013417,0.07038591848810517,0.05
4.0,1786194549,-0.07224994370711825,0.1,0.0864248677967163,0.05642074693574406,0.051969748183760836,0.06362551798573862,-0.00012973253462672182,0.004177939073580271,0.06641742804071364,0.13433311575578563,0.05326797579331421,0.08231146441963005,0.06473031779623073,2.7764451051977987,0.11745654660800178,-0.4453656719536957,0.2068576358527516,0.0587821608283491,12.706204736432095,0.05891253954633757,-0.17249100061728384,0.03377198308686208,0.06836538685681094,-0.22557914458228684,0.032623649349222614,-0.013806094650372464,0.13433311575578563,0.004033359667681593,0.19388446592450692,-0.0016498625037315855,0.2861672411958622,0.006299601380199362,0.44016388314903004,-0.006215724620712547,0.6614289311079893,-0.0014997323746143117,1.364505794256775,0.002040980530393559,-0.002640439872518833,0.11452955042118369,0.16195930462038133,0.05
