spike_strength,rep_seed,theta_rs,tau_true,se_classical,se_hc1,se_swm_v_off_only,se_swm_fix,v_off,v_between,se_swm_sweep,h_sweep,se_conley_lehner,h_lehner,se_bch,t_bch,se_self_normalized,ci_sn_lo,ci_sn_hi,se_fixed_b,t_fixed_b,se_wcb,ci_wcb_lo,ci_wcb_hi,se_block_boot,ci_bb_lo,ci_bb_hi,cov_bin_0,cov_bin_edge_0,cov_bin_1,cov_bin_edge_1,cov_bin_2,cov_bin_edge_2,cov_bin_3,cov_bin_edge_3,cov_bin_4,cov_bin_edge_4,cov_bin_5,cov_bin_edge_5,resid_corr_within_fold,resid_corr_across_fold,cross_fold_mean_sd,cross_fold_mean_max_abs,rho
0.5,365994733,0.308627436883286,0.1,0.05986855936251925,0.042674505205286234,0.05303897805744668,0.039923324618557944,0.0010466700877104003,0.0005472017608883544,0.04037715307181381,0.19388446592450692,0.048636450920371,0.08231146441963005,0.023426123641520386,2.7764451051977987,0.04169602877386082,0.21269246897886945,0.4442259389696143,0.028217974461812997,12.706204736432095,0.021026034557255626,0.26959360741317434,0.34905896231467903,0.04835183469186612,0.24090685161100336,0.427722805433822,-0.0025024060673827534,0.13433311575578563,-0.0009628146041026801,0.19388446592450692,-0.0010889937579281826,0.2861672411958622,0.0006388746214488477,0.44016388314903004,-0.0006869410084059978,0.6614289311079893,-0.0007090979931762939,1.364505794256775,-0.001956515297297536,-0.00024189456643882468,0.03489463944978554,0.052607064885150406,0.15
0.5,127110760,0.03638464052733701,0.1,0.05718527710454559,0.06432447035371411,0.08647689238702247,0.09028683795077043,0.003498837732229639,0.004652875374919039,0.10222766115374216,0.32612014812863077,0.07538140497012825,0.08231146441963005,0.06831048961623358,2.7764451051977987,0.07357816738891022,-0.219766384282218,0.1888051011105102,0.10065739309545511,12.706204736432095,0.06362841682799673,-0.06803396636878475,0.1408032474234588,0.07438272959432535,-0.10392376660725196,0.16417570431328887,-0.00022560022262042766,0.13433311575578563,-0.00168124776798773,0.19388446592450692,-0.002787866193564033,0.2861672411958622,-7.925104389230548e-05,0.44016388314903004,-0.00010179915105524609,0.6614289311079893,-0.0004750158709848206,1.364505794256775,-0.0017265424605735046,-0.0002766241489094569,0.03737341001688301,0.04929894874363373,0.15
0.5,894302036,-0.4838067910992095,0.1,0.05450163905041298,0.04181556662450469,0.04905992283696183,0.056751111491353326,0.00033914890426446,0.0028815397512395556,0.057054849817026784,0.13433311575578563,0.045604115359448784,0.08231146441963005,0.05375749157847317,2.7764451051977987,0.20039367883747888,-1.1905966346817083,-0.07783253723991246,0.04599268343925826,12.706204736432095,0.04769943763422253,-0.5706994812224234,-0.40506175760748436,0.05150169333375626,-0.5862574953180032,-0.3912010460210342,-0.0044208233684205,0.13433311575578563,-0.0032889834143409514,0.19388446592450692,-0.003447792222793408,0.2861672411958622,0.002593558197961312,0.44016388314903004,-0.0010828408160553002,0.6614289311079893,-0.00035838612677225055,1.364505794256775,-0.0014472334333033832,-0.0004529737683851165,0.04754924666009586,0.06275714846900758,0.15
0.5,2081528600,0.17198869357313798,0.1,0.0702364912771297,0.041029565198331674,0.04575277485640966,0.04711450808137559,0.0006470226032706042,0.0015727542684794017,0.05186083974099422,0.32612014812863077,0.04551714388052187,0.08231146441963005,0.039715233866203806,2.7764451051977987,0.128517757482374,-0.18005744887736266,0.5335875485085075,0.05400872618782767,12.706204736432095,0.03344478052833919,0.11147571590066112,0.23250167124561483,0.07960256413073875,0.10451311427912864,0.3828019611839554,-0.006771836170862885,0.13433311575578563,-0.00634624129344483,0.19388446592450692,0.0014543806930580698,0.2861672411958622,-0.0003433140428656701,0.44016388314903004,0.00020317627440283222,0.6614289311079893,-0.0008845490690683437,1.364505794256775,-0.001274344551399208,-0.0006613150694729014,0.057843260195015476,0.10304132298871306,0.15
0.5,2048464303,-0.05899221531260006,0.1,0.06781149503106612,0.08052692424520501,0.11147334226843582,0.11111002088443046,0.0057575350421679465,0.0065879016987706275,0.13385071669842785,0.32612014812863077,0.09538398295629068,0.08231146441963005,0.08128309711797878,2.7764451051977987,0.0822133946370736,-0.2484493919515587,0.20807256229203716,0.1315053740213898,12.706204736432095,0.07086359599968044,-0.18186547830527727,0.06915127640331206,0.0791397226667597,-0.18936185203591652,0.12939128061205107,-0.008700910438960208,0.13433311575578563,-0.0003819952998952987,0.19388446592450692,-0.000927890801491766,0.2861672411958622,-0.000398954083301744,0.44016388314903004,0.0004207506034864327,0.6614289311079893,-0.00024377668043019146,1.364505794256775,-0.00014325640079924378,-0.0006741154726352432,0.057747007943869666,0.09710813264464693,0.15
0.5,1809507340,0.21165535794244686,0.1,0.06290063626497111,0.05313798158161742,0.08133308103293684,0.08449171408480438,0.0034659840977731885,0.003672865651215143,0.08820169672543343,0.2431366342882323,0.06626039818575775,0.08231146441963005,0.060691686991385184,2.7764451051977987,0.19602789895084152,-0.5547835067403155,0.5337378943082298,0.08040978684887906,12.706204736432095,0.0544925385412765,0.10929852913055646,0.3245698733423734,0.07384401865814662,0.018613240693766537,0.3139612250964843,-0.0003232677703191839,0.13433311575578563,-0.00757572986741722,0.19388446592450692,-0.0016215670633957214,0.2861672411958622,-0.0007607368456123476,0.44016388314903004,0.0008780081299330892,0.6614289311079893,-0.0005744855024397427,1.364505794256775,-0.0002589439070272986,-0.0007067451688772527,0.05941195924782409,0.06822648642401168,0.15
0.5,1558729212,0.03965481429165221,0.1,0.06664955608783363,0.11816439171298415,0.1350950648191315,0.14231133782466684,0.004929262374991517,0.015323254498454932,0.15982140800945777,0.32612014812863077,0.12355444599591729,0.08231146441963005,0.12396588789327181,2.7764451051977987,0.15528453667080205,-0.584814800456743,0.2774631830483699,0.1599248004549188,12.706204736432095,0.109686010966248,-0.1448433835116295,0.22457556116737093,0.1332403470538841,-0.26821457479290867,0.23090631857978292,-0.007053523723899325,0.13433311575578563,0.0034381420655267827,0.19388446592450692,-0.002315363955311467,0.2861672411958622,0.00041307752625355324,0.44016388314903004,-0.0002229973586381349,0.6614289311079893,-0.0008401863044355686,1.364505794256775,-0.0021390650829990173,-0.00027568273227034323,0.03710730707471087,0.056625998161409404,0.15
0.5,1506253675,0.2860354198274949,0.1,0.0682584626395123,0.0826582720300563,0.10404533956103157,0.10726586006955773,0.004232666000734532,0.007273298735727407,0.10759054764090906,0.13433311575578563,0.09759132615634912,0.08231146441963005,0.08540679030580262,2.7764451051977987,0.13984152848331144,-0.009181839326058316,0.7673428151956789,0.09287582728782122,12.706204736432095,0.07270049165313203,0.1432624935571095,0.4296595586401063,0.08542584219052568,0.13314185980925614,0.43211667534111076,-0.010779940506279203,0.13433311575578563,-0.0013820931798991824,0.19388446592450692,0.0007475764169696547,0.2861672411958622,0.0005359269569925314,0.44016388314903004,-0.0012399795086903906,0.6614289311079893,0.0004351168114295167,1.364505794256775,0.0017850072542637215,-0.0012686741585212417,0.07962373909816058,0.11765127842860361,0.15
0.5,113298368,-0.19579476275605154,0.1,0.06705915544870912,0.04882997414947491,0.06153427812101079,0.056123545968131905,0.0019310028005038288,0.0012188496115331862,0.06055864931783899,0.2431366342882323,0.05315012533071587,0.08231146441963005,0.03496244125160199,2.7764451051977987,0.04481865850432012,-0.44018024653967186,-0.1913071564879693,0.0488384022048415,12.706204736432095,0.031053062693333057,-0.2512914205322965,-0.15268878786712162,0.08187795986705623,-0.44124180059574186,-0.11568823344253107,-0.010461862953905077,0.13433311575578563,-0.0009507230609637714,0.19388446592450692,0.0034456852788466866,0.2861672411958622,-0.00021479765378007538,0.44016388314903004,-0.0007065333285337607,0.6614289311079893,-0.0006266200844467294,1.364505794256775,0.003308864633787733,-0.0016504388573765278,0.09116340733783275,0.13464990274355895,0.15
0.5,219539716,-0.033140619705112374,0.1,0.07183948900632159,0.0316306807166928,0.03259477023888771,0.039343408480754134,0.00025607238571648846,0.001291831405166988,0.03973277596156774,0.19388446592450692,0.03205731647075671,0.08231146441963005,0.0359939581311215,2.7764451051977987,0.07711338130954529,-0.2229053314985797,0.2052968086656972,0.03311203929472176,12.706204736432095,0.03321319775247913,-0.09264483920473826,0.027737444750951756,0.06281532944641496,-0.09497231898155598,0.16059869712868954,-0.006378156689585394,0.13433311575578563,-0.0057974852614846376,0.19388446592450692,0.002087068907089503,0.2861672411958622,-0.000523650908689494,0.44016388314903004,3.0927345014179346e-05,0.6614289311079893,-0.001228123642705507,1.364505794256775,-0.0004682280863827429,-0.0009670586826738528,0.0694029701679995,0.10129956402829911,0.15
0.5,1599278428,-0.0460717184859912,0.1,0.0648700664992037,0.057053946501244,0.05846446484054528,0.08113934454177407,0.0010773051050342159,0.005506288127634505,0.08568809361834666,0.32612014812863077,0.05646479157022264,0.08231146441963005,0.07431152168520722,2.7764451051977987,0.07893360367690896,-0.18865438165123444,0.24965525347751927,0.08805699366625284,12.706204736432095,0.06616021322375766,-0.15020562084002054,0.06062788344816375,0.08043177209283162,-0.1221975712862329,0.16407411968424618,-0.004132827957132291,0.13433311575578563,-0.0007562975874615843,0.19388446592450692,-0.0010705366980644192,0.2861672411958622,-0.0002449308991139845,0.44016388314903004,-0.0008205363923089438,0.6614289311079893,-2.614195134606183e-05,1.364505794256775,0.005241914591135106,-0.0020953344571407514,0.1024774702890329,0.14509958504502077,0.15
0.5,338715847,-0.10024640337989066,0.1,0.06137435351762976,0.035236674416023225,0.04272043602308995,0.03962763634851824,0.0006446488235740857,0.0009257007389963186,0.04363747094231829,0.32612014812863077,0.039653701212992144,0.08231146441963005,0.030469266066942884,2.7764451051977987,0.06941125036087355,-0.33296497296690464,0.052468079653307936,0.04285321537890578,12.706204736432095,0.026782386191245754,-0.15349169676156108,-0.047011691350496466,0.05999333999377106,-0.2397876041410454,-0.03149605875908694,-0.007759514598812494,0.13433311575578563,0.0013491424686891823,0.19388446592450692,-0.0027600182793772222,0.2861672411958622,-0.00014336681562419806,0.44016388314903004,0.00069065993775945,0.6614289311079893,-0.0005763039056003992,1.364505794256775,-0.00045357624353183074,-0.0006233534363545492,0.05556142663201643,0.09560974544221651,0.15
0.5,1756219502,0.27286845118941117,0.1,0.047222354861364856,0.030790348555950104,0.034597621109022585,0.043354320956521995,0.0002925107872415284,0.0015870863583595939,0.044260886686687186,0.13433311575578563,0.03556148079520166,0.08231146441963005,0.039895780643478346,2.7764451051977987,0.07556980125481594,0.05416905625082569,0.47379986584023404,0.03600456104945362,12.706204736432095,0.03691963622450622,0.21336660838969165,0.3299113299117373,0.0500214525950483,0.16667673575429212,0.31498190638675644,-0.009812366374141698,0.13433311575578563,-0.0010353195758401787,0.19388446592450692,0.00219812081758025,0.2861672411958622,-0.0007741209207435949,0.44016388314903004,-0.00018699645282509303,0.6614289311079893,-0.0003072785706838209,1.364505794256775,-0.0016036952003173105,-0.0003854855581197847,0.043841014127611544,0.04696626130371006,0.15
0.5,335068227,0.0284565904116987,0.1,0.06858357367435397,0.07101711579799022,0.07852968238473622,0.09184563896903841,0.0013254524264548406,0.0071101689711761075,0.09486966530047522,0.2861672411958622,0.07478417400983857,0.08231146441963005,0.08444358230487432,2.7764451051977987,0.09699465056565389,-0.2648854029457443,0.27371524264101693,0.09877848145005717,12.706204736432095,0.06995949377753519,-0.09229525063004718,0.1728982219536605,0.07823780909355757,-0.17367530313113175,0.14740547491862346,-0.007533337126265465,0.13433311575578563,0.003024530091500917,0.19388446592450692,-0.0018223267427044832,0.2861672411958622,-0.0007873849666205951,0.44016388314903004,0.00012332571620638562,0.6614289311079893,-0.00045245725922906353,1.364505794256775,-0.0024259555313045564,-0.0002050541429856743,0.032207753003392375,0.057135005842372466,0.15
0.5,310437996,0.21119608900446235,0.1,0.06700436278270219,0.07395500004643796,0.0990163580268987,0.10417076944148977,0.004824030154151496,0.0060275190518805245,0.11350587537082293,0.32612014812863077,0.0871313057587201,0.08231146441963005,0.07774920981704558,2.7764451051977987,0.1483850405518278,-0.251835646547426,0.5721301925019724,0.11389402492351136,12.706204736432095,0.060400848905578786,0.0967016735322703,0.3393234165714466,0.07970892467767478,0.035051490925129936,0.30870765159172464,-0.006698459074262269,0.13433311575578563,-0.0030083602979875416,0.19388446592450692,-2.5411867174298353e-05,0.2861672411958622,0.001420073894902348,0.44016388314903004,-0.001278230028075672,0.6614289311079893,-0.0004150950430822387,1.364505794256775,-0.0018652636055631075,-0.0004429064609104773,0.047052550498408736,0.07177451481276928,0.15
0.5,1531759933,0.2923133260987993,0.1,0.06950320446085086,0.07909954376497308,0.10282478572172495,0.10179016728799244,0.004674911381768098,0.005686326774749388,0.10432955812028977,0.2431366342882323,0.09060971227779725,0.08231146441963005,0.0755166289316243,2.7764451051977987,0.11447883164636011,-0.10480056335884169,0.530887820187757,0.08978109808897512,12.706204736432095,0.07102071990764808,0.16783455273715084,0.4167920994604477,0.07527001677946192,0.1431973418829303,0.4474699742560146,-0.006652098232258587,0.13433311575578563,-0.001811466807917119,0.19388446592450692,0.001855817442631764,0.2861672411958622,-0.0002873224390886121,0.44016388314903004,-0.0008107949933020475,0.6614289311079893,-0.00026260995130746094,1.364505794256775,-0.0014494119524239841,-0.0004172525769369314,0.045755798425674336,0.06475304071768036,0.15
0.5,160064237,-0.059541318360672266,0.1,0.06293263482433442,0.04220628720181256,0.04719989177598538,0.04971557012099282,0.00039230657035680175,0.002079331342098552,0.05050077280589292,0.13433311575578563,0.04773572389183456,0.08231146441963005,0.04566553372353055,2.7764451051977987,0.053571513534657084,-0.13832746429841047,0.1591492687642621,0.041273548742618786,12.706204736432095,0.036479701300115366,-0.13304867251728486,0.003484292098402772,0.05097179471621033,-0.12763896961229756,0.062028284740242086,-0.004950207519861422,0.13433311575578563,-0.004011264218723699,0.19388446592450692,-0.001574819804433329,0.2861672411958622,0.0005384657424159532,0.44016388314903004,-0.000709968222830504,0.6614289311079893,-0.0002682766678255891,1.364505794256775,-0.0038098769440133816,-5.4763447082907395e-05,0.016662621093096262,0.02410657238621077,0.15
0.5,1862871184,-0.15031970442507012,0.1,0.06960343586686377,0.07918086534656771,0.10171745684040001,0.12344499235014991,0.004690116212161608,0.010548549924166963,0.13175657573417543,0.32612014812863077,0.08722137843441631,0.08231146441963005,0.10285444600344756,2.7764451051977987,0.13729804685008268,-0.3710467346955111,0.39135424556474907,0.13414431384367098,12.706204736432095,0.09246500988618274,-0.3062539413558521,0.0014064214374817363,0.08893542267247283,-0.25655636521746533,0.06257670294346981,-0.008885317893612509,0.13433311575578563,-0.0021537394149466495,0.19388446592450692,-0.00047407037400715786,0.2861672411958622,0.0005385178796584115,0.44016388314903004,-3.8254668013686755e-05,0.6614289311079893,-0.000457184177046026,1.364505794256775,-0.00021898706535125254,-0.0007422752752654365,0.061283371623046395,0.09962410295833311,0.15
0.5,1824841065,-0.4374896774690059,0.1,0.06196637605400609,0.07865668175130067,0.09900683011391753,0.08144759874042534,0.002572854262231883,0.004060857078349453,0.08421919195767066,0.2431366342882323,0.08728866203996113,0.08231146441963005,0.06381687597728954,2.7764451051977987,0.17490079983628062,-1.1742522961563633,-0.2030473569551206,0.08347971927338019,12.706204736432095,0.05516216970193759,-0.5469918429572631,-0.34651331214308645,0.21116829411385593,-1.1388239399664557,-0.37131317102397676,-0.005956658411824622,0.13433311575578563,-0.0026170236315847272,0.19388446592450692,-0.0014958315828081125,0.2861672411958622,-0.0007641522383962464,0.44016388314903004,0.00023164014465926343,0.6614289311079893,0.0002078409119312543,1.364505794256775,-0.0013984795829121825,-0.00040130545870431983,0.045037570001228364,0.07902682506669931,0.15
0.5,187801294,-0.32064655976999024,0.1,0.056082671423058957,0.04310656032351021,0.04122153767131639,0.045007401814928565,-9.57039730806299e-05,0.0021213701912110652,0.04501731350201843,0.13433311575578563,0.04036265611733397,0.08231146441963005,0.04612484492040409,2.7764451051977987,0.054055931448511396,-0.45358796622959946,-0.153421313675345,0.03860604768130804,12.706204736432095,0.03944274632403783,-0.3897338318063503,-0.25409690705331106,0.06706277569160451,-0.45465665782421905,-0.2267371885773517,-0.006307085736457427,0.13433311575578563,0.003485694620543043,0.19388446592450692,-0.0004977665736252189,0.2861672411958622,0.0006342714916514917,0.44016388314903004,-0.0004353273517274424,0.6614289311079893,-0.0014232603117417131,1.364505794256775,-0.0017047366624364933,-0.0003353919150086268,0.04087097143577823,0.05187958813669521,0.15
0.5,600129777,0.2806722835123356,0.1,0.06712556763881024,0.05926534395607798,0.05392549836979168,0.04356931310489981,-0.000403232615934336,0.0023015176603671302,0.04334608911601867,0.13433311575578563,0.05649985955490593,0.08231146441963005,0.04804341209273856,2.7764451051977987,0.16078674687253103,-0.021157197512558845,0.8716739551572736,0.015061639969961687,12.706204736432095,0.03926371240009479,0.20711254621741743,0.3403107231856515,0.06588122398114477,0.15041321186702883,0.4025626930814202,-0.012794802829200244,0.13433311575578563,0.00402058382387053,0.19388446592450692,-0.002077442635268118,0.2861672411958622,0.001008532978472915,0.44016388314903004,6.353221736414166e-05,0.6614289311079893,-0.0009530179444481515,1.364505794256775,0.00020184668363135074,-0.0009377083041177978,0.06890661337236745,0.09545119921152594,0.15
0.5,853607243,-0.08892316988887919,0.1,0.0675890873553378,0.05167162948589131,0.06636992816615588,0.0771356455290258,0.0018868225790347106,0.004063085232144808,0.08068724864466623,0.2431366342882323,0.05708498728795756,0.08231146441963005,0.06383438143388687,2.7764451051977987,0.06782710578299049,-0.2654139697909226,0.1112225019109119,0.0669764217316665,12.706204736432095,0.05888690376702271,-0.19420049210690812,0.0014007530790424716,0.05376494428171901,-0.18619687786456593,0.005268908424329564,-0.0070616019557284354,0.13433311575578563,-0.00198190996668552,0.19388446592450692,0.0004803568704100197,0.2861672411958622,-0.0003301557942219829,0.44016388314903004,0.00022236618327462374,0.6614289311079893,-0.0006105514464473883,1.364505794256775,0.006219149246899646,-0.002267137872335555,0.10718557526557078,0.17221672439446395,0.15
0.5,1122187292,0.08413698243511783,0.1,0.07971294526082116,0.12253606643710799,0.17026743705850525,0.23803644225301598,0.015637764444203242,0.04102358339627017,0.266964636438766,0.32612014812863077,0.14255626180004785,0.08231146441963005,0.2028352747088178,2.7764451051977987,0.20903804466734235,-0.48897871260168235,0.6717865992318407,0.2806404387002649,12.706204736432095,0.18181889648997826,-0.21616840970334358,0.423838313856541,0.13554757175725493,-0.1244826465076889,0.39406378790638613,-0.0008804127719794577,0.13433311575578563,0.003880281316587249,0.19388446592450692,-0.003949575277287468,0.2861672411958622,-0.0005444914166617905,0.44016388314903004,-0.0017373930640816324,0.6614289311079893,0.0002336829802893899,1.364505794256775,0.0003112760979533909,-0.0010781229808406064,0.0732696305667723,0.09129673391562322,0.15
0.5,55932169,-0.13608639711858248,0.1,0.05896701218018428,0.07436319284268231,0.08463258445567277,0.10488696572016136,0.0024483527157265986,0.008552922862255705,0.10870482639315941,0.19388446592450692,0.07984513276260466,0.08231146441963005,0.09261556182679799,2.7764451051977987,0.13588748473804954,-0.49436504110656443,0.260203242610632,0.09558677639141494,12.706204736432095,0.08128298602765056,-0.2762406077834111,0.0007946024688297946,0.07135534146923668,-0.28283209334849957,-0.028958572199810042,-0.009986943635632337,0.13433311575578563,0.0004286635091725139,0.19388446592450692,-0.00032219875392096114,0.2861672411958622,0.00098595258200702,0.44016388314903004,-0.0004896675315204948,0.6614289311079893,-0.0008283246398794922,1.364505794256775,-0.0017919733966053396,-0.0004433406842539575,0.04696148124344765,0.06761648603182825,0.15
0.5,1843986025,0.015182689838893908,0.1,0.06462543259687506,0.04986387583133491,0.05766955334866879,0.05314833993067222,0.0010043060458183352,0.001820439991567952,0.05361691266397536,0.13433311575578563,0.05410855950605324,0.08231146441963005,0.04272822695627351,2.7764451051977987,0.06516290245656735,-0.23840206433182226,0.1234403788002138,0.029136991609321504,12.706204736432095,0.04088113162574807,-0.06314959542032927,0.0721102498660798,0.0742351121021904,-0.07015295523955836,0.1789973996032374,-0.00857094806899508,0.13433311575578563,-0.0011125320572231666,0.19388446592450692,-0.0006370766471423527,0.2861672411958622,-0.0005965629335366038,0.44016388314903004,7.59993330146406e-05,0.6614289311079893,6.652945966097062e-05,1.364505794256775,0.0021261639384841866,-0.0013017091164809085,0.08046877227481712,0.11150565270711553,0.15
0.5,1818916416,0.05161741875671333,0.1,0.06678052348863661,0.060173255607859466,0.10791780644831828,0.09555120124497082,0.0075015891427130076,0.0016284429166439065,0.10932608780137869,0.32612014812863077,0.08918411577464075,0.08231146441963005,0.04041224318275285,2.7764451051977987,0.048694699810710264,-0.0781384677851994,0.19225785409184598,0.11283047050127094,12.706204736432095,0.03652538663975381,-0.009364465153085581,0.11259930266651225,0.08240226828333212,-0.18097474114663437,0.18018885254522116,-0.008998480646026128,0.13433311575578563,0.0015913345276551655,0.19388446592450692,-0.0017232841356977914,0.2861672411958622,0.00044887912641990364,0.44016388314903004,-0.0007083539866255333,0.6614289311079893,-9.554442026735844e-05,1.364505794256775,-0.001540124053022656,-0.00048647538701535254,0.049137904893445,0.06817991617290788,0.15
0.5,1726480543,-0.3851412591332993,0.1,0.06606167777390155,0.08387138962660337,0.10673166487187648,0.09935388999289506,0.004078682160527731,0.005792513296192561,0.09978432474905231,0.19388446592450692,0.09435026479067954,0.08231146441963005,0.07621846668689047,2.7764451051977987,0.12208161951684215,-0.6544384180859479,0.02346741179836498,0.07841675879816049,12.706204736432095,0.06626022243172315,-0.4897266846050666,-0.280555833661532,0.08694397895300146,-0.5268880270883276,-0.21929760120295358,-0.005654376381831373,0.13433311575578563,-0.002673461749969808,0.19388446592450692,0.0012606632831151045,0.2861672411958622,-0.0002091978691517265,0.44016388314903004,-0.0004833982070926447,0.6614289311079893,-0.0002102005377068436,1.364505794256775,-0.002577609047062916,-4.0237694425238694e-05,0.014169049539882074,0.01956335366505732,0.15
0.5,552099655,0.07111555148340339,0.1,0.05550780700421183,0.048256346404512415,0.04933412394997637,0.05723223655458128,0.00040845777762019055,0.002867071123419359,0.06380291165891921,0.32612014812863077,0.04723171009076732,0.08231146441963005,0.053622359665964,2.7764451051977987,0.10903052835664352,-0.1773061415860551,0.42812841195981033,0.06432948223553228,12.706204736432095,0.042369778012588295,-0.006254102070335122,0.1568213801929649,0.08814676218856961,-0.004760941437441177,0.29657605479966587,-0.005879386155926312,0.13433311575578563,0.0017723741413776513,0.19388446592450692,0.00135710640690847,0.2861672411958622,-0.0014777562607723223,0.44016388314903004,-0.0007711731460232451,0.6614289311079893,0.00022856721178070167,1.364505794256775,0.0004965031261231133,-0.0007798917358069636,0.06211744733554753,0.10699931670837527,0.15
0.5,818247616,-0.1657331510653639,0.1,0.06938652139123803,0.0846559764296345,0.10636831286735085,0.10710162132675066,0.00411208841629876,0.007358668874519933,0.1121519608309437,0.2861672411958622,0.10076292548685552,0.08231146441963005,0.08590655797805566,2.7764451051977987,0.12018176386212681,-0.46750858672609663,0.19984755329198275,0.10859627639802477,12.706204736432095,0.07698801543028776,-0.30718205294353573,-0.049763055058746244,0.08926231179753319,-0.32142160627357824,0.07396547961923591,-0.007197869864538162,0.13433311575578563,-0.001886082457296818,0.19388446592450692,0.0007048173605675703,0.2861672411958622,-0.0005510270963122672,0.44016388314903004,-3.3362704961820806e-06,0.6614289311079893,-0.00042957667533437033,1.364505794256775,-0.0025775869195058506,-0.00011810600703584571,0.02441126746608257,0.039794842299440615,0.15
0.5,274461442,-0.11984335683306957,0.1,0.057717254150238845,0.050854048646078356,0.061360943529450665,0.048640650124368454,0.0015837700589797794,0.0007821427855414457,0.05129933482761168,0.2431366342882323,0.052979810755484226,0.08231146441963005,0.028007201106561106,2.7764451051977987,0.06715172263065126,-0.2606153928111947,0.11227075039574919,0.04953036696504653,12.706204736432095,0.025704856762162165,-0.16570542783060307,-0.07398128583553609,0.057196543614547034,-0.2046588729099917,0.01049818695763492,-0.005877249612026149,0.13433311575578563,-0.0029948403708969563,0.19388446592450692,0.0015994191342464223,0.2861672411958622,-0.0009686975593577602,0.44016388314903004,0.00011140030352373788,0.6614289311079893,-0.0003382479289677121,1.364505794256775,-0.00034346698857124977,-0.0005944585149744497,0.05461481862636104,0.06957694346473331,0.15
0.5,1274341342,0.12471431547474801,0.1,0.058519680401680374,0.05131246923147334,0.059041258896241185,0.06350175539157597,0.0009475440890781201,0.003084928848733428,0.06406363154030571,0.13433311575578563,0.056876792842131006,0.08231146441963005,0.05562234108759741,2.7764451051977987,0.0662025000658547,-0.1659526352312384,0.20166257928816003,0.050196749762704815,12.706204736432095,0.0463991206598832,0.037140943299683885,0.21228768764981215,0.06393794637292734,-0.050715535190750755,0.19568848785579293,-0.005720154089136907,0.13433311575578563,0.0003215892876239712,0.19388446592450692,-0.000982102463237469,0.2861672411958622,-0.0023436389846569847,0.44016388314903004,0.0014047227863983477,0.6614289311079893,-0.0008024405853072618,1.364505794256775,0.0015008546901734757,-0.0011894977828945865,0.07739074001378701,0.12240275603872301,0.15
0.5,1088131905,0.19772883582912665,0.1,0.05451060853441778,0.036050209372186205,0.03506778793849329,0.037078300882520794,-2.2109306292178877e-06,0.00137701132696396,0.040029730869490375,0.32612014812863077,0.033568759989231485,0.08231146441963005,0.03716168898862075,2.7764451051977987,0.034161523238816556,0.10297241989677483,0.292667607861801,0.04072477946162894,12.706204736432095,0.03342209009403409,0.14398723209387987,0.2514704395643734,0.043265861377089085,0.10977017045755867,0.2813807775457537,-0.007273017448692623,0.13433311575578563,-0.001074154051619108,0.19388446592450692,-0.0012947390344784176,0.2861672411958622,2.0141900410559693e-05,0.44016388314903004,-0.0006428662872074933,0.6614289311079893,0.0002936905411525916,1.364505794256775,-0.000779802256251347,-0.000606402703985463,0.05486704399824163,0.08952745123055701,0.15
0.5,711396414,0.004466443682909486,0.1,0.06461983409502439,0.059144191902768185,0.05978125078654773,0.05394092623593817,0.0003787771265691114,0.0025308463966218116,0.053881164895736175,0.13433311575578563,0.06039202034313196,0.08231146441963005,0.05038016456486764,2.7764451051977987,0.06757707285082042,-0.28160433492274217,0.09364373135776859,0.042120843064870614,12.706204736432095,0.047087289978615145,-0.07944494367113769,0.09595209219276088,0.09766063913298448,-0.29736778891198956,0.06032072497851341,-0.007938605956619774,0.13433311575578563,0.0031379302551789194,0.19388446592450692,0.0001660786648795724,0.2861672411958622,-0.0009033922683519901,0.44016388314903004,-0.0015856656771584628,0.6614289311079893,0.0007632658207601806,1.364505794256775,0.0029057910809231714,-0.0015244611364695372,0.08804575368124287,0.12478288100952181,0.15
0.5,897169238,0.16966308360019006,0.1,0.0654196613663818,0.10818827250408226,0.13022236727155237,0.1240443699147891,0.0032267773909686985,0.012160228316588336,0.12155575518357085,0.13433311575578563,0.12057942480278123,0.08231146441963005,0.11043266493720683,2.7764451051977987,0.13960173445076784,-0.15589107552878362,0.6193020290571309,0.0946944543826684,12.706204736432095,0.10523382955106741,0.011655355712513443,0.3265214164321337,0.12170461457704321,0.034034397391938566,0.46234085824889304,-0.007602937894481062,0.13433311575578563,-0.004277527154111247,0.19388446592450692,0.0027703561711455247,0.2861672411958622,-0.0006205710928873908,0.44016388314903004,0.0002456612458335218,0.6614289311079893,-0.000858228383285941,1.364505794256775,0.0004637907718294977,-0.0008725906670852243,0.06592118468564535,0.09967746197807725,0.15
0.5,2118338166,0.2115594304750526,0.1,0.0617816215125768,0.07165883519712782,0.0626775087305265,0.06561202150953103,-0.0013870195441357085,0.005691956910702871,0.066069311374217,0.13433311575578563,0.06725140402461481,0.08231146441963005,0.07555400487875777,2.7764451051977987,0.057261191755288925,-0.003392207335568137,0.3145729037979609,0.05812033077506103,12.706204736432095,0.06546790161756644,0.10282452565852253,0.31400680747332194,0.08658835978486966,0.05446772290783351,0.3838459611110906,-0.007492898312097961,0.13433311575578563,-0.0002519040317831613,0.19388446592450692,-0.0005860424963548454,0.2861672411958622,0.00029417647625014885,0.44016388314903004,-0.000946353061739334,0.6614289311079893,0.00026600045926120005,1.364505794256775,-0.00021916720817537604,-0.0006895812145519507,0.05855909186755416,0.08969861135668941,0.15
0.5,617909794,0.201000802913844,0.1,0.07084542105999386,0.05452624349006314,0.07193902376579021,0.04940925648102818,0.0018632933669584608,0.0005779812590495648,0.0748661728205565,0.32612014812863077,0.06108085971854727,0.08231146441963005,0.024075957408090386,2.7764451051977987,0.11053377600924526,-0.2162735395485961,0.39750838317120163,0.08108800251528285,12.706204736432095,0.02438063277943509,0.1569917331407503,0.24500987268693772,0.08808525660073288,-0.07177155244738671,0.27104816456123,-0.0038039342955459954,0.13433311575578563,-0.008231944297859296,0.19388446592450692,0.002497089587644218,0.2861672411958622,-0.0021001612337245056,0.44016388314903004,0.0006583855050260052,0.6614289311079893,-0.000661189277274678,1.364505794256775,0.003149347200762462,-0.0017291810103271966,0.09311178586069556,0.11885823068626829,0.15
0.5,262605991,-0.097367310992277,0.1,0.07921525365490978,0.10851241620657939,0.16783206027760483,0.1699244994811245,0.019718445077163055,0.009155890446747628,0.20980813391858374,0.32612014812863077,0.13635514094478057,0.08231146441963005,0.09582459265692392,2.7764451051977987,0.07366887863763545,-0.31678474795446243,0.09229044704328485,0.21143166427896234,12.706204736432095,0.07862279168910426,-0.21680005516039225,0.04753120803664068,0.11080430142259898,-0.3302515466537549,0.08315783897323442,-0.009708144248921692,0.13433311575578563,-0.0009528506906108884,0.19388446592450692,0.000695240537852849,0.2861672411958622,-0.001647669410474537,0.44016388314903004,0.0006846170244530688,0.6614289311079893,-0.0006323852404125301,1.364505794256775,0.0020885452270863075,-0.0014709902991521182,0.0859679458649936,0.12868280256788847,0.15
0.5,1338711377,-0.03740550026995049,0.1,0.07010118619865639,0.050965313593666114,0.05457231029004462,0.0782984136944578,0.0008239284743606218,0.005306713112707835,0.08031550972742704,0.32612014812863077,0.05170496790372485,0.08231146441963005,0.07295238470291994,2.7764451051977987,0.17145640124731856,-0.5706948598683673,0.3813837121275274,0.08102584073785435,12.706204736432095,0.0617790864245466,-0.17247395736802673,0.09766295682812576,0.06309841880946591,-0.22173094209959826,0.03174916098311063,-0.011282380602932759,0.13433311575578563,-0.0025773669351168735,0.19388446592450692,0.0005368387051146623,0.2861672411958622,2.538499132499035e-05,0.44016388314903004,0.0003188164166563822,0.6614289311079893,-0.0006391552282352968,1.364505794256775,0.003385689036687541,-0.0017358619160198875,0.09298014246554674,0.1451125929079091,0.15
0.5,1442983138,-0.5163901862874872,0.1,0.07559394086299016,0.11043156332565003,0.16297344770631617,0.17247819413845383,0.015215461527413576,0.014533265925848596,0.2043711861032054,0.32612014812863077,0.1300324283642443,0.08231146441963005,0.12072808117664185,2.7764451051977987,0.11978376319697658,-0.8409601973513015,-0.1758141113304657,0.21805438350001188,12.706204736432095,0.10551123001413258,-0.7272232668440124,-0.2959947587381653,0.10888572650149746,-0.732032832467429,-0.33910828325661463,-0.006755360056955858,0.13433311575578563,-0.0013938429934036514,0.19388446592450692,0.0018763512229574887,0.2861672411958622,-0.0004544741484013595,0.44016388314903004,-0.0002530182149470536,0.6614289311079893,-0.001145981921266302,1.364505794256775,0.0003970100950633771,-0.0010040483572475425,0.07114387313476818,0.08483678595732165,0.15
0.5,2127719756,-0.2890548731031266,0.1,0.06678501006389183,0.049336416147916805,0.06379925632603828,0.04356790801311662,0.001546973518680014,0.0003511890899593774,0.06115231356878225,0.32612014812863077,0.05704805267727395,0.08231146441963005,0.018767101196753913,2.7764451051977987,0.02608135781250157,-0.36337854866188524,-0.21855163219102056,0.06862092826726919,12.706204736432095,0.016092675718455615,-0.3130322811525813,-0.2598110918977936,0.043976367472139455,-0.3773332871665742,-0.20461944190539952,-0.00730156336647053,0.13433311575578563,-0.00020580362639866976,0.19388446592450692,-0.00283548250530671,0.2861672411958622,0.0006084554458328811,0.44016388314903004,-0.0009663583279517154,0.6614289311079893,0.0006548014312033217,1.364505794256775,-0.0011738603612507904,-0.0004931721502712757,0.04938547982405383,0.07630423488335165,0.15
0.5,2283058,0.08145422958692981,0.1,0.06894924491471749,0.0810127877990616,0.10086546787129337,0.0945103644858026,0.0036716106913023587,0.0052605983039369,0.0954433199261959,0.32612014812863077,0.09343778519102824,0.08231146441963005,0.07263471859433171,2.7764451051977987,0.10497294873766488,-0.22139643906808268,0.36150682033365555,0.10346869656134929,12.706204736432095,0.059060502403979226,-0.021980904838085097,0.1968640728213764,0.12987796071097013,-0.08704817384855834,0.5165426415536393,-0.001999890111837209,0.13433311575578563,-0.003912176000520469,0.19388446592450692,0.00038562757699940245,0.2861672411958622,-0.0002543961199397794,0.44016388314903004,-0.0010825151113534922,0.6614289311079893,-0.00016971581228592523,1.364505794256775,-0.0020733409320182372,-0.0003414872917634251,0.0412593135503449,0.04627870463467575,0.15
0.5,839088194,-0.026512545516716623,0.1,0.06315754063665313,0.0478878219913111,0.05783999515246423,0.08574739163694638,0.0012849008449795146,0.006067714327560347,0.09271048240144374,0.32612014812863077,0.04959988238896834,0.08231146441963005,0.07800801929399177,2.7764451051977987,0.06795881647561562,-0.3270121779302051,0.050355668787311986,0.09408460795132371,12.706204736432095,0.06769949786770257,-0.14018016622372778,0.08715507519029449,0.04712378232989505,-0.1250603792126973,0.04897115906716832,-0.01004459875929628,0.13433311575578563,-0.00227798980634203,0.19388446592450692,0.00022136907675862624,0.2861672411958622,0.0007798206887656657,0.44016388314903004,-0.0008057163358556574,0.6614289311079893,0.0003541543369465052,1.364505794256775,0.0018304225623586756,-0.0011655430538725778,0.07614828676540443,0.10867186868822946,0.15
0.5,453547872,0.014037399450249802,0.1,0.06258368967239512,0.05861456887320143,0.06777198938343207,0.05535618014650073,0.000976789304177537,0.002087517376234305,0.057372596428163704,0.2431366342882323,0.0634612208662934,0.08231146441963005,0.04575533480861936,2.7764451051977987,0.07679944941452889,-0.24923677526262328,0.1772221355550861,0.052064027870866496,12.706204736432095,0.03956370624850286,-0.06223168932555749,0.08924075051891645,0.08475013442902213,-0.21116597437395326,0.0901438360528691,-0.007943224199981693,0.13433311575578563,-0.002998807071429469,0.19388446592450692,-0.00035362352773873543,0.2861672411958622,0.0002068974824274493,0.44016388314903004,-0.0005708784990407113,0.6614289311079893,0.00034884142818854583,1.364505794256775,-0.0006695523037181591,-0.0005990194906732444,0.05478608984864266,0.057667892052949775,0.15
0.5,292064797,0.039325766582384784,0.1,0.06654667150137307,0.15041361576605136,0.17207751598261758,0.20351272623636915,0.0059134250128556436,0.035504004727303695,0.20170906099352542,0.13433311575578563,0.1595616306854863,0.08231146441963005,0.1886971580541939,2.7764451051977987,0.21330955407264696,-0.8767697510731097,0.307714783520742,0.17943675427014305,12.706204736432095,0.17757009741894256,-0.23486839973190096,0.3294433398642995,0.1963131579586214,-0.49499033750930144,0.19727142147526874,-0.010971712799172594,0.13433311575578563,-0.0011769035892242985,0.19388446592450692,-0.00027466793525424306,0.2861672411958622,-0.0007385542397951984,0.44016388314903004,0.0007618638631193182,0.6614289311079893,-0.0003091680674871111,1.364505794256775,0.0001365245036325241,-0.0008427722233218028,0.06510986993152136,0.08784293850350175,0.15
0.5,1594476663,-0.724818789422711,0.1,0.05940240387547176,0.04595636614623347,0.0796526360003477,0.08674234047409198,0.00213148379631173,0.005392749834611565,0.08631376051965367,0.13433311575578563,0.0774511628527116,0.2431366342882323,0.07354138846114154,2.7764451051977987,0.19724708867373103,-0.9976629676858313,0.09762846003956199,0.07730147106175181,12.706204736432095,0.06462556307014244,-0.8258018507657645,-0.6004328456842145,0.1129455849102699,-0.7857398387112964,-0.3263668964160033,0.002815142097074935,0.13433311575578563,0.0009615104804740986,0.19388446592450692,-0.006208622784613437,0.2861672411958622,0.0040098519084636,0.44016388314903004,-0.0018936774526202022,0.6614289311079893,-0.0019616017318954105,1.364505794256775,0.005385644654467633,-0.0023075130925728164,0.10696651332876443,0.18484444112389306,0.15
0.5,256308724,-0.07441398814767083,0.1,0.06550617992999827,0.07547325898134896,0.09166270673549698,0.0847400849655269,0.002914488087259048,0.004266393912705671,0.09699176582185545,0.32612014812863077,0.08523977870532046,0.08231146441963005,0.06541196015218076,2.7764451051977987,0.06341390458794599,-0.2269733186092383,0.12515713138012746,0.09724492704617822,12.706204736432095,0.06638107213055346,-0.18783040835702514,0.03900243206168347,0.08591881894204831,-0.2414272948981799,0.09307633489263842,-0.007507247971207476,0.13433311575578563,0.002342534562456466,0.19388446592450692,-0.001836614678669377,0.2861672411958622,0.0003465085636697878,0.44016388314903004,0.00026218592599593977,0.6614289311079893,-0.00131413703058054,1.364505794256775,-0.002905767256918595,-0.00012839117399239647,0.0252392644423774,0.04456147700692482,0.15
0.5,1027633058,-0.13427948830874056,0.1,0.06163018278728086,0.05372334381830113,0.05516182681123004,0.08031653671942765,0.0003983879620416673,0.006052358108561503,0.08056138344679735,0.19388446592450692,0.0569709530745918,0.08231146441963005,0.077909245106323,2.7764451051977987,0.18236105806558153,-0.526415523092008,0.48621541099774274,0.07631869565094264,12.706204736432095,0.07036189397502247,-0.2818525934026207,-0.007021349426964193,0.0636403211749604,-0.2434121728450168,-0.0002199762487548008,-0.00782319405663648,0.13433311575578563,0.000770324739099971,0.19388446592450692,0.001198938830166616,0.2861672411958622,-0.0006602143071570679,0.44016388314903004,-0.0006450417411062002,0.6614289311079893,-8.748365215630172e-06,1.364505794256775,0.0030323398084671927,-0.0014418995752513016,0.08458845764850383,0.13217188202181207,0.15
0.5,1799500337,-0.19614151494256632,0.1,0.06510603630693845,0.08425191647915982,0.11192342510658801,0.09469501600548418,0.00569249116401129,0.003274654892267615,0.09637644995070005,0.32612014812863077,0.09866045233811756,0.08231146441963005,0.057307235256688994,2.7764451051977987,0.057011774348904434,-0.3827067572892906,-0.06612663362997634,0.09034829797089122,12.706204736432095,0.052895607898760126,-0.2867085546148441,-0.10557447527028856,0.09626764085142175,-0.41765783738570156,-0.045836052323221514,-0.006522067659029308,0.13433311575578563,-0.00021478638506696108,0.19388446592450692,-0.0018059061558595004,0.2861672411958622,0.0009188009591370529,0.44016388314903004,-0.0011516497154769,0.6614289311079893,0.00029877411870229666,1.364505794256775,-0.0012467391938421717,-0.0004302419879084662,0.04626172102011158,0.05917005027585697,0.15
0.5,1452660832,-0.21242087799155718,0.1,0.07036297628440918,0.06600408332868606,0.06529095176024771,0.07554723406515305,3.751942359969066e-05,0.005669865151295332,0.07592995643443952,0.13433311575578563,0.06689293747026608,0.08231146441963005,0.07540724132864285,2.7764451051977987,0.1125986873104699,-0.5854865809348955,0.03976156753480792,0.05914185218541192,12.706204736432095,0.06660290527132226,-0.35273973430529537,-0.10530535144044319,0.08009953028299628,-0.40448274085497943,-0.06151889711819058,-0.012048437126562103,0.13433311575578563,0.005376420563082774,0.19388446592450692,-0.0026963259574210325,0.2861672411958622,-0.0003166562411176172,0.44016388314903004,0.00026509121173142874,0.6614289311079893,-0.0006169495818798235,1.364505794256775,-0.0023518239529260934,-0.00037439145030432146,0.04354334043389658,0.06567727171695228,0.15
0.5,227410161,0.11630232822055848,0.1,0.07294481695428,0.10458322149373914,0.1360159641582151,0.18243177661660734,0.00824235487784086,0.02503899824165086,0.1827335138535025,0.19388446592450692,0.12433938839985093,0.08231146441963005,0.15846565965089104,2.7764451051977987,0.15743310041759936,-0.34322879982870413,0.5309799222724104,0.1722863544309919,12.706204736432095,0.1302852941651185,-0.15221627238925284,0.33807670793196687,0.09759175179569048,-0.03479947134411716,0.3115499413085712,-0.002502048753652559,0.13433311575578563,-0.0017660167724563676,0.19388446592450692,0.0008706155925947006,0.2861672411958622,-0.0015255092740024724,0.44016388314903004,-0.002199100039574324,0.6614289311079893,0.001056145113198809,1.364505794256775,0.00037867701297757833,-0.001058305583864348,0.07289868784160158,0.10315034432134285,0.15
0.5,982546830,0.33447095134290283,0.1,0.05756152279235033,0.08913179370947492,0.10281362396715929,0.10057012716384066,0.0030878396263586978,0.007026510851392383,0.11311949207689143,0.32612014812863077,0.09150879991354151,0.08231146441963005,0.08394533153322467,2.7764451051977987,0.05992106171571268,0.16022038232128485,0.4929554593189762,0.11814681444740474,12.706204736432095,0.08098880367418392,0.2122940107579577,0.45664789192784794,0.09761372530278153,0.14091574166980125,0.4855470435974101,-0.005130999405332339,0.13433311575578563,-0.0014166884461905285,0.19388446592450692,-0.0006306675810280244,0.2861672411958622,-0.0004386532909468761,0.44016388314903004,9.642226441675429e-05,0.6614289311079893,-0.0005233348654474461,1.364505794256775,-0.0009340549956083494,-0.0005295091417618671,0.05155376237020809,0.07308535983414288,0.15
0.5,1752096747,-0.08020128070732521,0.1,0.07021625198622537,0.13078816762103274,0.17173908865285664,0.12807889313510737,0.01241523090181194,0.003988971964902315,0.1387748022026509,0.2431366342882323,0.1560855309590941,0.08231146441963005,0.06324951213732896,2.7764451051977987,0.17114457454480766,-0.5166851130114269,0.4336619195407551,0.14320030447515988,12.706204736432095,0.052389041227909335,-0.1717331546255218,0.009246409199097442,0.18417028587070966,-0.2369097520363752,0.37968922037522124,-0.0019370935147174282,0.13433311575578563,-0.007913543306195692,0.19388446592450692,-0.0008447847333922249,0.2861672411958622,-0.0003623958998614399,0.44016388314903004,-0.001983930871130703,0.6614289311079893,0.001289328012757629,1.364505794256775,-0.000498205474635631,-0.0009467111552013784,0.06882868073751548,0.09332777261348539,0.15
0.5,1029553900,0.13925808611121224,0.1,0.062180330848584785,0.08331321099735631,0.10681365400873037,0.07623676386974722,0.00458171416344343,0.001230330001888164,0.08044946228905425,0.32612014812863077,0.09635583447126797,0.08231146441963005,0.03512671161588633,2.7764451051977987,0.06655528663775175,-0.0015619582068299998,0.36801224141401456,0.07985566568503884,12.706204736432095,0.030728861145591774,0.0796705867777245,0.1988455854447,0.0859093924403867,-0.01844365877740643,0.308816709714877,-0.012072017355584764,0.13433311575578563,0.0013856173011792857,0.19388446592450692,-0.00041789015540209237,0.2861672411958622,-0.0009209069178138893,0.44016388314903004,0.0002452134069059996,0.6614289311079893,-8.923224166028534e-06,1.364505794256775,-0.0027761264077047574,-0.0001788957608926265,0.029855322789246734,0.04695712219602796,0.15
0.5,99117540,0.08622439154333751,0.1,0.05811768051373966,0.042893420028683085,0.05545323291715883,0.04744402045295628,0.0011203658185844315,0.0011305692581561023,0.050695011481128385,0.32612014812863077,0.047143780058029154,0.08231146441963005,0.03367249321574876,2.7764451051977987,0.03666341280866804,0.03967087014131551,0.24325877620626082,0.047107314825753456,12.706204736432095,0.028776154713809975,0.03738890774579185,0.1253003957392542,0.06723288349833906,0.006379107699527791,0.275321804465377,-0.006283994024819222,0.13433311575578563,0.0009977978894177156,0.19388446592450692,-8.637590699253296e-05,0.2861672411958622,-0.0017393675617117718,0.44016388314903004,0.00016625979376726286,0.6614289311079893,-2.0858152870164606e-05,1.364505794256775,-0.0005566639686319988,-0.0005854055376417947,0.05426245694284255,0.0823999099457727,0.15
0.5,789312278,0.1765278413230606,0.1,0.0672045652061187,0.06642356250626488,0.08383876803403088,0.08522645475211586,0.0034718321426218408,0.003791716446992612,0.08642362860053537,0.19388446592450692,0.07496209718412015,0.08231146441963005,0.06166583466594369,2.7764451051977987,0.08092301819069615,-0.10560930348370645,0.34374733202307506,0.07170996541756301,12.706204736432095,0.05456861665347502,0.08221797371682338,0.26676073712797516,0.11532185054271359,-0.20397793786074894,0.2742373465385821,-0.009100777117457352,0.13433311575578563,0.0018010173913059625,0.19388446592450692,0.000635060914587055,0.2861672411958622,-0.00011163322985925647,0.44016388314903004,0.0006872749156038742,0.6614289311079893,-0.0018226071596809225,1.364505794256775,0.0018862329567098438,-0.0012932863316158013,0.08024964035638305,0.11254228217303576,0.15
0.5,509834458,0.13806790242912956,0.1,0.06895549343100237,0.03468009146210021,0.04939560024121456,0.03483900854714849,0.0010878586768470512,0.00012589783970123457,0.03858909306059173,0.2431366342882323,0.04250590892689293,0.08231146441963005,0.01123662343811371,2.7764451051977987,0.05772175345233108,-0.050133049598628715,0.27038951007368883,0.03470530963879786,12.706204736432095,0.010205559022056646,0.11769290807627203,0.15844289678198709,0.10808992552462289,0.08773661801940197,0.4460036290816007,-0.008936029067800921,0.13433311575578563,-0.004463839563598527,0.19388446592450692,0.0007289870072416685,0.2861672411958622,-0.00029248001083435345,0.44016388314903004,-0.00025235116673517547,0.6614289311079893,0.00022306609428589884,1.364505794256775,0.0010828207392969693,-0.0010974440378506407,0.07441242867679,0.12402595742161315,0.15
0.5,1458881765,-0.12293583736591611,0.1,0.0589095272124514,0.09664716086803231,0.11453956387803711,0.08992942030686739,0.004428835925391991,0.0036584647113372206,0.104091505075457,0.32612014812863077,0.10373757841692827,0.08231146441963005,0.06057258710645297,2.7764451051977987,0.04622948034444318,-0.25752306771805983,-0.0008158388817255946,0.10404777933920514,12.706204736432095,0.05520605822494886,-0.2183546212708018,-0.03235624887704587,0.10669921336040826,-0.3445639909911606,0.019423070173616403,-0.003916046829838123,0.13433311575578563,-0.0013835838997135102,0.19388446592450692,0.0005383808922672306,0.2861672411958622,-0.0007960529441606163,0.44016388314903004,0.0005447805927162392,0.6614289311079893,-0.0008941214404177169,1.364505794256775,-0.0017094309267130692,-0.00017543123946139874,0.029834824452730894,0.04977877754664497,0.15
0.5,1073953300,-0.1887384026866322,0.1,0.06807371356831161,0.1074085889091703,0.11926233335633792,0.1092353246191996,0.0022617718978710424,0.009670584246790872,0.11279441766308562,0.19388446592450692,0.1169488548979736,0.08231146441963005,0.09848113480379896,2.7764451051977987,0.13122758514133212,-0.7071266939659594,0.02156567889919847,0.09184886314604085,12.706204736432095,0.08556351174727053,-0.35741561343971723,-0.03287512296570705,0.09873708270226925,-0.40299164704581614,-0.025577300243421013,-0.007672317687077131,0.13433311575578563,-0.005561920517077819,0.19388446592450692,-0.0005058180049456851,0.2861672411958622,0.0004617241033370824,0.44016388314903004,-0.0005575956330188714,0.6614289311079893,2.7901734239085272e-05,1.364505794256775,-0.00019195561036535697,-0.00090248630725439,0.06685461085364258,0.11685094469655063,0.15
0.5,664406982,0.2430952013539098,0.1,0.05931973100021457,0.097386511522266,0.11842412140209196,0.09136420872471665,0.005066669296037399,0.003280749339856191,0.0943821324523361,0.2431366342882323,0.11035203416203956,0.08231146441963005,0.05736053760526001,2.7764451051977987,0.07079686497677334,-0.020122210327555456,0.37300500812866816,0.07214906370453257,12.706204736432095,0.05251918565681971,0.1567234299931857,0.34011036461902716,0.12304208465520183,-0.05564548991957252,0.3677475942936281,-0.00711452874961973,0.13433311575578563,-0.0025303396123684575,0.19388446592450692,0.0016159061492134219,0.2861672411958622,-0.00010522811958943409,0.44016388314903004,-0.0004396181024145503,0.6614289311079893,-0.0001809377546158671,1.364505794256775,-0.0013559740142550817,-0.00032559993369265746,0.04049716648581406,0.055299470433241696,0.15
0.5,1162520674,0.2688364075136333,0.1,0.06788351236850126,0.06530058303057906,0.07859134772669549,0.05871792551672509,0.002405520739074028,0.0010422740379136476,0.0670665979581751,0.2861672411958622,0.0761828450135496,0.08231146441963005,0.03233088910971024,2.7764451051977987,0.0596630992581681,0.16693717281061599,0.49823981260315847,0.06500151878978389,12.706204736432095,0.030511234401124486,0.21578479209137347,0.32674953050234234,0.07021890342333927,0.14121663302072912,0.4256279176124279,-0.00645103778318969,0.13433311575578563,0.0025937895557405924,0.19388446592450692,0.002123061026018202,0.2861672411958622,-0.00014651989928509348,0.44016388314903004,-2.28199162536367e-05,0.6614289311079893,-0.002490207085848056,1.364505794256775,-0.0006799811393930267,-0.0007814690425248477,0.06295854709616193,0.10035001589734917,0.15
0.5,122917899,-0.3442587392613901,0.1,0.053031603507639365,0.029980553300176075,0.03134553640571217,0.02449356172551682,6.736053976175605e-05,0.0005325740262399465,0.02433723436901151,0.13433311575578563,0.0303678864075984,0.08231146441963005,0.023110890452980336,2.7764451051977987,0.07718220390331827,-0.4893053819072053,-0.06072107743571234,0.020440796252892038,12.706204736432095,0.02053326261188896,-0.3860275935431234,-0.306081977305406,0.03387036326365783,-0.39384139016079006,-0.25789263633232196,-0.007660313017576175,0.13433311575578563,-0.004686648544442233,0.19388446592450692,-0.0012427481961052947,0.2861672411958622,1.6662061137234168e-05,0.44016388314903004,0.00044430152414924465,0.6614289311079893,-0.0002965081585129556,1.364505794256775,-0.0025677433878761725,-0.00023235774958975242,0.03413028262996744,0.03623562196686674,0.15
0.5,386264405,-0.06053337031131666,0.1,0.06067963488762285,0.06881385226884912,0.07137940318496094,0.05385394265423954,0.0005985209440104531,0.002301726195395668,0.051586274197900774,0.13433311575578563,0.06698069693988622,0.08231146441963005,0.04804558859295648,2.7764451051977987,0.1691879995700983,-0.5550182640419252,0.38446412248728823,0.01033400599177871,12.706204736432095,0.04131427056448143,-0.14666393427042948,0.02365079805651171,0.07591448262653945,-0.21402760287575304,0.08042580077037502,-0.005241231564159424,0.13433311575578563,-0.004991587105647684,0.19388446592450692,0.0016772131319457231,0.2861672411958622,0.0004900913350998222,0.44016388314903004,-5.600206609107086e-05,0.6614289311079893,-0.0016698690376053217,1.364505794256775,-0.0025366681214148835,-0.00031365663445109723,0.03968418390606032,0.057748992872639064,0.15
0.5,736447549,0.1615933049571006,0.1,0.06934352473044539,0.133227818789596,0.16819630013352332,0.16503859548200778,0.012266067693606952,0.014971670305066846,0.18880621435116812,0.32612014812863077,0.14633452948740586,0.08231146441963005,0.12253546845094238,2.7764451051977987,0.09874076685932813,-0.222521135490724,0.32577550216939327,0.1852547103718588,12.706204736432095,0.10609046919263987,-0.020448925885282722,0.3350196111641546,0.15998348447964017,-0.31462574814841826,0.33654604529119253,-0.006737814637805844,0.13433311575578563,-0.0025592880266561966,0.19388446592450692,0.0005504306502428794,0.2861672411958622,-0.00016105208119615244,0.44016388314903004,-0.000735336120728814,0.6614289311079893,0.00011215828052271399,1.364505794256775,-0.002198555798182905,-0.00024406426075747562,0.034871386021621584,0.05118372329853051,0.15
0.5,416062833,0.22727830648097494,0.1,0.04176603200846236,0.02621770195335593,0.028453962533322556,0.022511697115319924,0.0002279981842416214,0.00027877832277028194,0.022844160432327693,0.13433311575578563,0.02684812123775094,0.08231146441963005,0.016720766742770794,2.7764451051977987,0.07154926048608742,0.08154325288696829,0.4788484410012077,0.01030681092997409,12.706204736432095,0.015588312825664039,0.204350894815042,0.25228467680534244,0.0316381507851578,0.16433966413295623,0.28915661654228936,-0.0041159625537591825,0.13433311575578563,-0.0028667805672485296,0.19388446592450692,-0.0017452270845029357,0.2861672411958622,-0.00048671553199558005,0.44016388314903004,-0.00013299490518872792,0.6614289311079893,0.00023477314737614652,1.364505794256775,0.0016619244829418822,-0.001148328168401468,0.07623119231905007,0.10999576885919012,0.15
0.5,220352148,-0.043671412865236334,0.1,0.0635099795195103,0.06572179569983214,0.08240705389577835,0.059443637781050454,0.001971427304795795,0.0015621187678489337,0.07899936625730261,0.32612014812863077,0.07346990887825619,0.08231146441963005,0.03958072210023038,2.7764451051977987,0.16660428378453687,-0.31090462795393814,0.6142306684831866,0.08617164961137332,12.706204736432095,0.03412012834961161,-0.1027711057113182,0.018647906654115025,0.1347076406926889,-0.09639849365981122,0.3583105567851409,-0.008770658265390066,0.13433311575578563,-0.000593871485023072,0.19388446592450692,-0.0003176832692414657,0.2861672411958622,-4.906376294651315e-06,0.44016388314903004,0.00014247129643456683,0.6614289311079893,-0.0007851959234688713,1.364505794256775,0.0009965316981682029,-0.0011167528467263257,0.07441077979045539,0.1261333980884785,0.15
0.5,433952441,-0.12002215473940075,0.1,0.05753667735600121,0.06887828971679831,0.0791462155895732,0.06970800336318284,0.0013400351472671506,0.003519170585614359,0.07016370544230087,0.13433311575578563,0.08000464235485905,0.08231146441963005,0.05940826204214003,2.7764451051977987,0.05844534561403535,-0.29277678807633245,0.0317637994270317,0.05647966906194421,12.706204736432095,0.04579594617091487,-0.20256014974139502,-0.05416338799891425,0.08021806242195197,-0.2325871778998132,0.08317214302426842,-0.004056872050250155,0.13433311575578563,0.00042092660708064505,0.19388446592450692,0.000474342139547256,0.2861672411958622,-0.001775234584547424,0.44016388314903004,0.00016142901234758453,0.6614289311079893,-0.00021662991455199588,1.364505794256775,-0.000541743549712567,-0.0004999986676387073,0.050060516981154775,0.05881089429820048,0.15
0.5,1539718333,-0.09546607785475898,0.1,0.056366904552005326,0.07000910372719399,0.07243573091551203,0.0899178027721166,0.001112725842831357,0.006972485412533903,0.0884811950606882,0.13433311575578563,0.06758920420379563,0.08231146441963005,0.08362198935972308,2.7764451051977987,0.11007117438473538,-0.543119141105857,0.06809400558188672,0.06564445425736275,12.706204736432095,0.06942204063635744,-0.2216782147811932,0.023572864176078734,0.09473220236287651,-0.35970890583155557,-0.013629199791946699,-0.008611922367991463,0.13433311575578563,-0.0007454099634972289,0.19388446592450692,0.00045959195624756396,0.2861672411958622,-3.826959769096548e-05,0.44016388314903004,-0.00023752068320239292,0.6614289311079893,-0.0002432117614791796,1.364505794256775,-0.00017510738163031465,-0.0006674127245345614,0.05762716302550193,0.06334908618626017,0.15
0.5,169963799,-0.02683002533810666,0.1,0.07441631661913306,0.060813025098601065,0.08396219120084675,0.09939856036358084,0.002979362136979417,0.006900711665373008,0.1104076246467318,0.32612014812863077,0.07266672280383035,0.08231146441963005,0.08319047973621221,2.7764451051977987,0.07327433362422041,-0.2108376922233316,0.19604663763186286,0.11698338942789298,12.706204736432095,0.07201273014587736,-0.1456777016416399,0.09201765096542658,0.05588062690596673,-0.11261281761626099,0.09516473275410123,-0.01059955402464473,0.13433311575578563,-0.003890441596517923,0.19388446592450692,0.0026077569451210783,0.2861672411958622,0.00012779122911582688,0.44016388314903004,-0.0016104640633982507,0.6614289311079893,0.0008024687692929627,1.364505794256775,-1.3051129891542554e-05,-0.0008471340377014477,0.06543585220409093,0.09457832787188268,0.15
0.5,293331168,-0.1442973850787379,0.1,0.0646699070093888,0.059450409240779746,0.05700661988450384,0.04244773832612615,0.0004895333954612188,0.0013122770935420605,0.04675437219604,0.2861672411958622,0.05418000797084519,0.08231146441963005,0.0362776763575742,2.7764451051977987,0.08266089277041258,-0.5167397254851342,-0.05773286323775004,0.039916034075428715,12.706204736432095,0.03236797324766168,-0.19075376345976935,-0.08660302468440767,0.10000761175593267,-0.460513603254601,-0.07313378431262926,-0.006701931403553724,0.13433311575578563,-0.0024594619612724514,0.19388446592450692,0.000243278081478155,0.2861672411958622,-0.0007690185933218031,0.44016388314903004,-0.00021364724001074565,0.6614289311079893,0.00011284390563816048,1.364505794256775,0.0001078992187094662,-0.0008044130532527152,0.063128815252052,0.08649985008620069,0.15
0.5,695147234,-0.2748437365728317,0.1,0.06463022491658589,0.048642653891554345,0.07383538134695508,0.06554243092307542,0.003462986439861271,0.0008328238114448424,0.06692786667059905,0.19388446592450692,0.06286636449793355,0.08231146441963005,0.028900360147932985,2.7764451051977987,0.09167393189769187,-0.619206276249511,-0.1101509972663452,0.04131245695094825,12.706204736432095,0.02562169700768217,-0.3240163429431828,-0.22567113020248053,0.059187049809685165,-0.36300611134257194,-0.13401144345652216,-0.008509522374621263,0.13433311575578563,-0.0014827163533630134,0.19388446592450692,0.001709097154932891,0.2861672411958622,0.0004023334312126466,0.44016388314903004,-0.0012836746013764981,0.6614289311079893,-0.000132763235996475,1.364505794256775,0.0003281593204886592,-0.0009178307919211993,0.06771316906346944,0.08972611131396778,0.15
0.5,1565781272,0.013696910493131584,0.1,0.041828791639030236,0.025245197341037993,0.03093552129702874,0.03078014196774259,0.00014741319031132973,0.000800003949243059,0.030934234910279114,0.13433311575578563,0.03149642178727081,0.08231146441963005,0.028325184895872782,2.7764451051977987,0.07304819829910199,-0.28964793762097385,0.11598068760114591,0.02381816834055238,12.706204736432095,0.02739482934626098,-0.026056919057721874,0.06862757596858432,0.08325433372237083,-0.22867065229213027,0.056529880138688766,-0.006624294402899833,0.13433311575578563,-0.0027757213954065405,0.19388446592450692,-0.0010256632205544508,0.2861672411958622,0.0018672453267666903,0.44016388314903004,-0.0008488644828552852,0.6614289311079893,-0.0005402365999686548,1.364505794256775,-0.00015106916932839702,-0.0007186637786864773,0.059756894495146054,0.07839473828855253,0.15
0.5,1974395561,0.18335417388354774,0.1,0.06276116989975865,0.06340490688097247,0.07853384433138373,0.0694990162507837,0.002910701827086657,0.0019194114327400385,0.07889526557184562,0.32612014812863077,0.07331555518304045,0.08231146441963005,0.04387435315336935,2.7764451051977987,0.07627589490890542,-0.08685203810679394,0.33669963202203035,0.08323904647855399,12.706204736432095,0.03949578145534405,0.11262565826141449,0.254082689505681,0.08159953878871559,0.013042364568880862,0.29283234356259596,-0.0014944345913753957,0.13433311575578563,-0.0049812476599088605,0.19388446592450692,-0.0018436643618721827,0.2861672411958622,-0.0014645016136341337,0.44016388314903004,0.00034347072400657205,0.6614289311079893,0.00010603726340043997,1.364505794256775,0.0028409098881803,-0.0015149825563539588,0.08685700742542504,0.14805368483671968,0.15
0.5,813761475,0.049067196062141376,0.1,0.06375957913286806,0.08327869156961058,0.09517711723212113,0.09288868126533767,0.002461973262819929,0.006166333844393565,0.10726793943420854,0.32612014812863077,0.09121809252384151,0.08231146441963005,0.07863940245519616,2.7764451051977987,0.09848089372445866,-0.328120996134901,0.2187325945386548,0.11260106118821689,12.706204736432095,0.07035471035087443,-0.07392140157879476,0.17205579370307747,0.11169535681685307,-0.2544492883056546,0.15921516708199898,-0.007772151718587244,0.13433311575578563,-0.0006067155502528143,0.19388446592450692,-0.0010177693544207505,0.2861672411958622,9.047362764659861e-05,0.44016388314903004,2.7836020382700772e-05,0.6614289311079893,-0.0002987747038707247,1.364505794256775,-0.0011622658390382393,-0.0004355324396486234,0.04703510535597293,0.06826048933907425,0.15
0.5,33534403,-0.120164956409754,0.1,0.06913654759645382,0.0831590479217592,0.10438153318140202,0.09644623900127572,0.003943077961691516,0.005358799055799682,0.10312860478626895,0.2431366342882323,0.09286732553152592,0.08231146441963005,0.07330952812794837,2.7764451051977987,0.11352454146056913,-0.4452345637302202,0.18515475118582325,0.08912235802218434,12.706204736432095,0.05926015355684507,-0.21561864007007217,-0.0017590780727105813,0.0947302372828738,-0.33139246930647487,0.020655211588145102,-0.005949685977309252,0.13433311575578563,-0.0032341317323993884,0.19388446592450692,-0.0005208180120404846,0.2861672411958622,0.000556673746378421,0.44016388314903004,-0.00014363256209996977,0.6614289311079893,-0.0007959756291902829,1.364505794256775,-0.002345281580246398,-0.00021407166113600863,0.03265310184067413,0.04371832505330664,0.15
0.5,220925574,0.10109154573923738,0.1,0.057278784395765545,0.028694107453705694,0.03450361395043285,0.02544679148277698,0.000454453880028796,0.00019308531673913512,0.025520299315703085,0.13433311575578563,0.032823177216006395,0.08231146441963005,0.013915580001836583,2.7764451051977987,0.12119715194019062,-0.1339008537637371,0.5390936247727752,0.021312159720718846,12.706204736432095,0.01259388461074518,0.07906107961300354,0.12181545580553366,0.05025260536857293,-0.016662889863944565,0.1875736723384546,-0.009482715838717027,0.13433311575578563,0.0009848318829287653,0.19388446592450692,-0.00021059471319864474,0.2861672411958622,-0.00021861812327476614,0.44016388314903004,-3.90388412130542e-05,0.6614289311079893,-0.0003109320781379963,1.364505794256775,-0.002219533798134954,-0.00019422966025130228,0.03117506158611114,0.04502625725022608,0.15
0.5,1141546393,0.14083458493914897,0.1,0.06777266511703572,0.06847103352807467,0.06292497324879821,0.0684708747332804,-0.0004207991922360217,0.005109059878976598,0.07115955624378835,0.13433311575578563,0.07248130622706948,0.08231146441963005,0.07158090491179182,2.7764451051977987,0.05572761272452761,-0.0318518258851139,0.27759748926163264,0.054075446822178734,12.706204736432095,0.07187343078870494,0.023459675721792028,0.2582094941565059,0.06914729444920495,-0.01082108363226352,0.2572531339798184,-0.00865862008897933,0.13433311575578563,-0.00041168589661868946,0.19388446592450692,-0.003983354338804876,0.2861672411958622,0.0019992196183278624,0.44016388314903004,-0.0008707005824468845,0.6614289311079893,8.668398891064426e-05,1.364505794256775,0.0020332368073777735,-0.0013678168555617295,0.08222894554939594,0.13557426513528356,0.15
0.5,577616928,-0.14578467627195077,0.1,0.06457096132181062,0.15243507317145086,0.1782954627087463,0.17238391576809112,0.006575029757937716,0.02314118465760262,0.17619125065706104,0.2861672411958622,0.16657719860900513,0.08231146441963005,0.15234194003683058,2.7764451051977987,0.09853369492949483,-0.3092528784470317,0.23789391152106648,0.17501605686328822,12.706204736432095,0.1384176707427049,-0.37571133187548517,0.06822418537453956,0.1488258708625686,-0.36026152201069683,0.15032812595319936,-0.002846941974767189,0.13433311575578563,-0.005781279318964746,0.19388446592450692,0.00014056423871020197,0.2861672411958622,-0.0011462114679256156,0.44016388314903004,-0.00045491243292600887,0.6614289311079893,0.0005306451459392454,1.364505794256775,-0.0009924207970966594,-0.0005325052706551302,0.05163515807774111,0.06829308328069637,0.15
0.5,652774603,-0.011388319455191746,0.1,0.06122611219733532,0.06421060930739649,0.07180571433966833,0.09086100571164707,0.0011854580990991069,0.0070702642598328555,0.09576022047351264,0.32612014812863077,0.07041130609287533,0.08231146441963005,0.0842062856893781,2.7764451051977987,0.11869009896395023,-0.4030565388673548,0.2560165497404491,0.10284765007281452,12.706204736432095,0.07828633669417094,-0.1529060350558624,0.12001733252867647,0.0765876560943136,-0.16716567948415495,0.13450371171051867,-0.004909560329004676,0.13433311575578563,-0.004698301197169991,0.19388446592450692,0.0017204348532276217,0.2861672411958622,-9.824663821534394e-05,0.44016388314903004,-0.00028126912615265967,0.6614289311079893,-0.0007002846455668464,1.364505794256775,0.0011056014597060787,-0.0010358825079635756,0.07252172666796387,0.11460158463351316,0.15
0.5,210638496,0.08555619139930543,0.1,0.061372208653782276,0.041556914617838954,0.044397645052870575,0.021678757156232267,0.00013847360266024665,0.000331494909178645,0.025687190773094587,0.13433311575578563,0.04830782002561826,0.08231146441963005,0.01823329336545753,2.7764451051977987,0.02280796844155402,0.025983366605943747,0.1526335112840608,1e-150,12.706204736432095,0.017623307875554915,0.05491992932549722,0.10960179905998794,0.05910308388136295,-0.05623046648100037,0.19851939030596158,-0.010414262238394343,0.13433311575578563,-0.0018020369046307194,0.19388446592450692,-0.0019213656505317374,0.2861672411958622,0.00035265337948661593,0.44016388314903004,-8.003465929489495e-05,0.6614289311079893,0.00011681529604263714,1.364505794256775,-0.0018081849471554966,-0.0004532091679206733,0.04762544755279804,0.05152779167218023,0.15
0.5,20963118,0.18976842286471501,0.1,0.07717693166163624,0.07861591255355746,0.08713268508135776,0.07777729527109335,0.0015769853700440626,0.0044723222896427784,0.07785638547028464,0.13433311575578563,0.08717275173272046,0.08231146441963005,0.06697199471874091,2.7764451051977987,0.06916148563999436,0.06353829063788008,0.44758442718462044,0.05809621802763783,12.706204736432095,0.062424983571490095,0.10555610945140309,0.28486304773608495,0.07026201864957524,0.09035250997702311,0.32931671448250716,-0.007675027632611245,0.13433311575578563,-0.0008364093502620169,0.19388446592450692,-0.0056452588305036105,0.2861672411958622,0.0019950451143954002,0.44016388314903004,-0.0006173496796196339,0.6614289311079893,8.668975045114785e-05,1.364505794256775,0.0011321142069375823,-0.0012188203334665248,0.07807533155743994,0.11631856165223249,0.15
0.5,2055693016,-0.03517306627636378,0.1,0.06334496979371428,0.06454598919079556,0.0801308026996683,0.08240196023951017,0.0017945376941531383,0.004995545357160677,0.09274781937820427,0.32612014812863077,0.07102031140508264,0.08231146441963005,0.07078123585755206,2.7764451051977987,0.10624051157574217,-0.32941691820866,0.2605249784676989,0.09557465349001863,12.706204736432095,0.06216766218628399,-0.14859716932621903,0.08911600323668109,0.0736571123492622,-0.1887993951502942,0.10707587201970446,-0.010749111464886735,0.13433311575578563,0.0008339759742110349,0.19388446592450692,-0.0008401069096516307,0.2861672411958622,0.00011655574129569709,0.44016388314903004,-0.0005724773574897589,0.6614289311079893,6.4263765642620645e-06,1.364505794256775,-0.0011012695517732297,-0.0006121564199975692,0.055191683642152406,0.06836311915894595,0.15
0.5,1381623581,0.18343082370565103,0.1,0.06102425677916706,0.03519603363050993,0.03813325118417132,0.04843158570943368,0.00024270597850154017,0.0021029125158286803,0.0485434019529136,0.13433311575578563,0.03825981669251062,0.08231146441963005,0.04592374437767825,2.7764451051977987,0.10431668051382344,-0.013221525495520858,0.5660375485106546,0.0451344890317674,12.706204736432095,0.040206748419919676,0.11371145491402403,0.2519847800940136,0.06939957524636876,0.07868639072796371,0.3830626381126477,-0.0060114871131889324,0.13433311575578563,-0.001883801930492741,0.19388446592450692,-0.0008252142133930472,0.2861672411958622,4.824922636925209e-05,0.44016388314903004,0.00010814427612353196,0.6614289311079893,-0.0003788620161241264,1.364505794256775,-0.0008375166379405782,-0.00047864039466984873,0.04870193280418208,0.06092059210436626,0.15
0.5,415643109,0.13057634560517306,0.1,0.0590274955778999,0.11340666629346122,0.13830673137450952,0.14959327480555465,0.006722035590969181,0.015656112276081012,0.15059673408401408,0.2431366342882323,0.1225946399626074,0.08231146441963005,0.12530507234542282,2.7764451051977987,0.13197668245077285,-0.13609242988824516,0.5967595980931399,0.13016475325651533,12.706204736432095,0.11930304552009742,-0.0672490269188375,0.3159098630178149,0.1101711165818514,-0.04499687720806262,0.33673777606335675,-0.004113684773643941,0.13433311575578563,-0.0020227333469545064,0.19388446592450692,0.0008564973003188801,0.2861672411958622,-0.0009910037191772838,0.44016388314903004,-0.0004120699407893669,0.6614289311079893,-0.0005393770422787317,1.364505794256775,0.001308375204307692,-0.0012374144085304413,0.0787689075043649,0.0958219710922861,0.15
0.5,128610944,-0.14876185928861932,0.1,0.06058346265716098,0.05614813106802588,0.07053457880643824,0.060040722552218026,0.001405850269299522,0.0021990380952929003,0.059967420171217846,0.19388446592450692,0.06798855604661869,0.08231146441963005,0.046961619400574126,2.7764451051977987,0.15122372222136068,-0.6184915918938656,0.22123713480871132,0.05773861095799505,12.706204736432095,0.042929267276097145,-0.23323580852147568,-0.07977422430413311,0.07738673389111603,-0.28535136533653926,-0.029499716171523853,-0.005688847328160537,0.13433311575578563,0.0020481703406557026,0.19388446592450692,0.0010355261696893632,0.2861672411958622,0.0025517615152883624,0.44016388314903004,-0.00028518603044205566,0.6614289311079893,-0.00343106176688812,1.364505794256775,0.0006412207784945358,-0.0010346718219763136,0.07208173435632459,0.0982065722511741,0.15
0.5,1475043661,-0.21390981758822764,0.1,0.07070175163801,0.10484541155060971,0.1200787669727026,0.11576751275684212,0.00523047845059388,0.008171638559311722,0.137877021467492,0.32612014812863077,0.1074230112828379,0.08231146441963005,0.09052765329884169,2.7764451051977987,0.09291071294265645,-0.5346876015742994,-0.01876461323414691,0.14460525801569998,12.706204736432095,0.092725502613384,-0.3532411788717922,-0.06844846427572376,0.11118063916759216,-0.3924614888265485,0.004201970124286181,-0.011992859267209454,0.13433311575578563,-0.00046554770060898453,0.19388446592450692,0.002463362318158564,0.2861672411958622,-0.0009090868591497479,0.44016388314903004,-0.0006651259064543259,0.6614289311079893,0.00023469728737977947,1.364505794256775,0.0003529927466656168,-0.0009898370575752826,0.07006936310533261,0.1103528388970681,0.15
0.5,1028596860,-0.10325949214647155,0.1,0.06237540131383151,0.04687935807697354,0.054831763506171305,0.05359876466172248,0.0008827359260566775,0.001990091647206033,0.053648366606375966,0.13433311575578563,0.052581824942890286,0.08231146441963005,0.04467486269893905,2.7764451051977987,0.16578205700134263,-0.4699802535893586,0.45058930779264184,0.03627636910716835,12.706204736432095,0.04009728257054592,-0.171881507082307,-0.03463747721063609,0.11807631103019746,-0.34901932148387466,0.16856839523241401,-0.009708670324465134,0.13433311575578563,-0.0005742119573864526,0.19388446592450692,0.0004111895988209277,0.2861672411958622,-0.00020604558045244845,0.44016388314903004,-0.0005389655298150291,0.6614289311079893,-0.0002304631635377594,1.364505794256775,-0.0007218040489819273,-0.000750768920212156,0.06097601431442783,0.09600184672970502,0.15
0.5,1209583235,-0.1701259146934187,0.1,0.07420008050438999,0.059661960998690096,0.0665576265136815,0.04507075620721839,0.0005000428610446692,0.0015313302040458462,0.045674448098435697,0.13433311575578563,0.07038733137470651,0.08231146441963005,0.03918872304482667,2.7764451051977987,0.18403247633783876,-0.622518320073627,0.3993938161776172,0.016649803420641568,12.706204736432095,0.031808135339329274,-0.22922252697336326,-0.11735444685689614,0.08563267731238372,-0.2552242716463653,0.06772508106802412,-0.009058187655378282,0.13433311575578563,0.0016746396403271619,0.19388446592450692,0.00031225179944252085,0.2861672411958622,0.0013756682532264782,0.44016388314903004,-0.0009137757151264692,0.6614289311079893,-0.0014035227277745107,1.364505794256775,0.000544155117515715,-0.0010552513602758848,0.07261504525506307,0.08764317953386079,0.15
0.5,763294176,0.07733278980531218,0.1,0.07010623950158815,0.04543594625818827,0.052546255846928604,0.046624836057719096,0.0004422801055531016,0.0017315952318560808,0.04875410155761147,0.32612014812863077,0.05640596633377048,0.08231146441963005,0.041672531028877684,2.7764451051977987,0.11487470883862155,-0.2936371340463802,0.3442495120856461,0.0469831050807923,12.706204736432095,0.037629027062838084,0.01599941606219263,0.13945272906316317,0.07838166299450382,-0.015394754764220682,0.26482906380904175,-0.009211332924348862,0.13433311575578563,0.0004108722482457852,0.19388446592450692,-0.0029058188668778344,0.2861672411958622,6.126149817163077e-05,0.44016388314903004,-0.0007206068701890148,0.6614289311079893,0.0006552721533546417,1.364505794256775,-0.0013588088319130382,-0.000584723919939674,0.05401257279636011,0.06140572059650293,0.15
0.5,670387217,-0.20888772578662188,0.1,0.07643272946348124,0.1041429969812147,0.12512715829341714,0.08202177103536219,0.004146914282914331,0.002580656640863049,0.11636352516359864,0.32612014812863077,0.11422097991444424,0.08231146441963005,0.050873521463211654,2.7764451051977987,0.08000634867945372,-0.47705201779732986,-0.032785547445694535,0.13262166531833447,12.706204736432095,0.04386976316550847,-0.2812280806104653,-0.12278420461229392,0.1477149630966067,-0.6069033832169974,-0.06564220065782364,-0.0073477227705486745,0.13433311575578563,-0.000539556245561685,0.19388446592450692,-0.004695531810791636,0.2861672411958622,-0.0019871332586605364,0.44016388314903004,0.002420465720635627,0.6614289311079893,-0.0011036262794079656,1.364505794256775,0.0007343199574809273,-0.0012425543785513893,0.0786682595048007,0.12511020980095097,0.15
0.5,1624369638,0.12318790671688107,0.1,0.06276652567225029,0.043246125713622574,0.058375620271610904,0.044326516708485614,0.0018049406683038679,0.00015989941520378612,0.061342403450495554,0.32612014812863077,0.04932879821381314,0.08231146441963005,0.012663394183312275,2.7764451051977987,0.00937006437202509,0.10160785566282089,0.1536387943850156,0.061558300539976185,12.706204736432095,0.012356768791920665,0.10120792731526027,0.14133575823395786,0.054061496564568955,-0.02270070128310401,0.18102005192424317,-0.005765160349032736,0.13433311575578563,-0.002766812315196898,0.19388446592450692,-0.0012171914936065999,0.2861672411958622,-0.00035055416011643497,0.44016388314903004,-0.0001282792089807541,0.6614289311079893,0.00019375602149913156,1.364505794256775,-0.0001712266620667418,-0.0007045966257466119,0.05948596604994429,0.08818211819630664,0.15
0.5,1187705483,-0.191561195630179,0.1,0.04514217843900815,0.03652419587289059,0.04200351546371619,0.04926533055230784,0.00066210652787087,0.0017649662665572864,0.053872567493634706,0.2861672411958622,0.03546129939220971,0.08231146441963005,0.042072168058363134,2.7764451051977987,0.0663804831534519,-0.29894183610399916,0.06966169896013377,0.048146330921703534,12.706204736432095,0.036680827123169474,-0.25153084851110874,-0.13159154274924928,0.03893400656555627,-0.2502711052002051,-0.11537129456809221,0.0013756893274441489,0.13433311575578563,-0.0017379519602085311,0.19388446592450692,-0.0008673755947535148,0.2861672411958622,0.00021972057403756907,0.44016388314903004,-0.0015045422013624985,0.6614289311079893,-0.0003042424960708249,1.364505794256775,-0.0012491776809072275,-0.00045024235328450956,0.04720313735694936,0.08268524530692857,0.15
0.5,589967050,-0.105694851194035,0.1,0.06598728955274788,0.08700165946299968,0.08365015683694292,0.04512053523381224,-0.0006233315696976133,0.0026591942694833047,0.04826863046359616,0.13433311575578563,0.09243116700094044,0.08231146441963005,0.051641841582713344,2.7764451051977987,0.0775739448186639,-0.2902891343954325,0.14047046436989458,1e-150,12.706204736432095,0.04367075935336965,-0.1758024667810711,-0.03558723560699892,0.11274056011057185,-0.2053754654712851,0.19475919359009453,-0.008078998820828975,0.13433311575578563,-0.0020098382607378223,0.19388446592450692,-0.00038907044986764714,0.2861672411958622,-0.00016465715157478318,0.44016388314903004,0.0006579280202615626,0.6614289311079893,-0.0008966877600106675,1.364505794256775,-0.0020322524079430687,-0.0003062931138523174,0.03926590385228582,0.05333018194679681,0.15
0.5,514309730,0.023377853488686623,0.1,0.06586203513267688,0.1271900750057817,0.13237151815328477,0.13567993834469025,0.0019998320128925273,0.016409213656326423,0.1348088432273407,0.13433311575578563,0.12706717898383696,0.08231146441963005,0.12828343279364485,2.7764451051977987,0.20515003905095322,-0.20734840900068263,0.93182723450763,0.12195881316894251,12.706204736432095,0.12484614139153503,-0.1493627702721073,0.219731639681023,0.2387200428741759,-0.1029530129514972,0.7281243543998779,-0.007297533595795952,0.13433311575578563,-0.0007839369119696447,0.19388446592450692,0.0007714870880282381,0.2861672411958622,0.00046277809859862173,0.44016388314903004,-0.0013208883728906267,0.6614289311079893,0.00020305095622039882,1.364505794256775,-0.0018084078670965284,-0.00029090103386549866,0.03801737428105012,0.06652384642107426,0.15
0.5,1439753030,0.0850844689835904,0.1,0.0645348921256274,0.13495452773376396,0.14532924451875248,0.13471102659875211,0.003042042193632785,0.015105018493656912,0.1348364685891963,0.13433311575578563,0.14160795842376028,0.08231146441963005,0.12307995213060063,2.7764451051977987,0.13715333693440215,-0.4686985981857388,0.2928988238003919,0.12550788557869316,12.706204736432095,0.10852357651558232,-0.10836649647907903,0.27290862257758347,0.1560759432863373,-0.3235429063132356,0.23237433930595683,-0.009710109602025558,0.13433311575578563,-0.001600389002067487,0.19388446592450692,-5.287711674514036e-05,0.2861672411958622,-0.00042429212628952836,0.44016388314903004,0.0003501504394174317,0.6614289311079893,-0.0004251264487283431,1.364505794256775,-0.0031571526963204226,-4.757374659813047e-05,0.01542665777848809,0.01990072623699931,0.15
0.5,1977513564,0.15234310533425074,0.1,0.05338805123578121,0.04680797879904208,0.05653132928276334,0.06010318786744436,0.0011078836046982494,0.002504509587131062,0.06032783736663562,0.13433311575578563,0.05353890613141217,0.08231146441963005,0.050117342848019095,2.7764451051977987,0.09476997524716749,-0.17575688478844642,0.350490383000983,0.061107041838479356,12.706204736432095,0.04374536427527464,0.06834695621542002,0.244745681209987,0.043738477241685884,0.059768281471471604,0.21968694359195726,-0.00667960659622992,0.13433311575578563,0.0036071317486616726,0.19388446592450692,-0.0010139065665698058,0.2861672411958622,0.0002344783575128129,0.44016388314903004,0.00034797311155975445,0.6614289311079893,-0.001545823654815248,1.364505794256775,-0.0015646594033679496,-0.0003272403578995397,0.04034903391986241,0.05532964367748867,0.15
0.5,1860176895,0.03534888835769929,0.1,0.06156551997975247,0.06055784808576323,0.06279518837466994,0.09167057108353055,0.0005032196967442947,0.007900273906036332,0.09153283731323247,0.13433311575578563,0.06255228807693049,0.08231146441963005,0.08901183667139147,2.7764451051977987,0.05968200638008566,-0.004424490597617264,0.326983138367128,0.08009273472406188,12.706204736432095,0.0803046399958517,-0.10046408315755642,0.17358251799820099,0.0980050612977589,-0.055673208645110064,0.2825213266605259,-0.008151767636693773,0.13433311575578563,-0.0005728845590864678,0.19388446592450692,0.0008364033425579369,0.2861672411958622,-0.0001434460356076102,0.44016388314903004,0.00040146314832689706,0.6614289311079893,-0.0013547918888131253,1.364505794256775,-0.0025811564314668373,-0.00019235719974000014,0.03093099303911265,0.04628425070813685,0.15
0.5,1141226769,0.04855495480314424,0.1,0.07596191588778199,0.0669297721378915,0.08764862576521633,0.08497371307956862,0.003412922399263248,0.003807609515265604,0.08469500583804679,0.13433311575578563,0.08304217046875464,0.08231146441963005,0.06179493641912602,2.7764451051977987,0.0988552982485672,-0.13689216052259673,0.41204045736760914,0.06817136571047629,12.706204736432095,0.05788133585425538,-0.06106791569313201,0.15817782529942048,0.07427775745374829,-0.07238548282688052,0.20503729669530038,-0.012334305695104587,0.13433311575578563,0.0032013219411441353,0.19388446592450692,0.0005353182181498374,0.2861672411958622,0.0011172193193114386,0.44016388314903004,-0.0011149992676528972,0.6614289311079893,-0.0007795122046834833,1.364505794256775,-0.0012553818684749288,-0.0006228049055684678,0.05611834098799829,0.09214412708232994,0.15
0.5,1348360629,-0.06353716827801191,0.1,0.07847023279862382,0.25574951428238274,0.2706987638273489,0.2814490416003272,0.00853445270919699,0.0706791103085457,0.2797371854301717,0.13433311575578563,0.2622056245072329,0.08231146441963005,0.2662393381786967,2.7764451051977987,0.21179189392962602,-0.3315083766603732,0.8445487577825899,0.2080215921879257,12.706204736432095,0.23459038644998997,-0.44592420129846827,0.27320298230168577,0.3293859971550391,-0.3150172473106993,0.7169079519722455,-0.01026439633765858,0.13433311575578563,-0.0027228712089996457,0.19388446592450692,0.006050405633334692,0.2861672411958622,-0.0013091354122637788,0.44016388314903004,-0.00135892377426632,0.6614289311079893,-0.0006782719748738328,1.364505794256775,-0.00435904609574655,-4.276267631723241e-05,0.014543943701096905,0.02282690456159328,0.15
0.5,1834972793,-0.14658876548476377,0.1,0.06478368198782172,0.028955287397120496,0.03590001499949126,0.03778618695609956,0.0005722873329605576,0.0008555085917207511,0.04368724867754898,0.32612014812863077,0.03223736087728471,0.08231146441963005,0.029291315434867644,2.7764451051977987,0.12122929547464971,-0.6165435870474685,0.056629381006869206,0.04696198990748138,12.706204736432095,0.02913994633267575,-0.20031287753156185,-0.09286465343796567,0.06220947334210082,-0.3120030327119012,-0.05256939290586643,-0.00818875407410783,0.13433311575578563,0.0032761918321784172,0.19388446592450692,-0.0010718870138823548,0.2861672411958622,-0.0010426914796550315,0.44016388314903004,0.0002947605020908195,0.6614289311079893,-0.0004937040786953027,1.364505794256775,-0.0010433004273868638,-0.0005143525907163111,0.050905556571584666,0.08266749334607172,0.15
0.5,188933851,-0.037532365189203006,0.1,0.05746183780639369,0.05881190734141918,0.07733432948787164,0.057291414187600524,0.0025107184317416324,0.0007715877078735626,0.07615904882216311,0.32612014812863077,0.07061758305996615,0.08231146441963005,0.027817579516389492,2.7764451051977987,0.04387492281204281,-0.15832848402443697,0.08530414534041802,0.07808677151421678,12.706204736432095,0.023989786789334062,-0.077265440560808,0.0048294175522587,0.06245829706616937,-0.15711876605390385,0.07206663323517304,-0.0030605552907124107,0.13433311575578563,0.003355241927716705,0.19388446592450692,0.0006173973673143981,0.2861672411958622,-0.00014925206301609592,0.44016388314903004,-0.0005802479896840427,0.6614289311079893,-0.0015109261503735197,1.364505794256775,-0.0008319057344361733,-0.00051890729129853,0.051269090870039065,0.08902460736257566,0.15
0.5,212118397,-0.09498032893993925,0.1,0.06261324061167226,0.035615662387498644,0.04642633443465757,0.04282039086951698,0.0007183704343957484,0.0011152154398224648,0.04332999301763497,0.19388446592450692,0.04410340842502634,0.08231146441963005,0.033443065138134574,2.7764451051977987,0.05439805710941849,-0.2658849994530353,0.03618143933439526,0.03560139344270147,12.706204736432095,0.025616768889512958,-0.1408820440937987,-0.03879899570369964,0.05565245966687284,-0.249857071842712,-0.026939650980434805,-0.007849249088771059,0.13433311575578563,0.0011107496012700442,0.19388446592450692,-0.0016353269318735836,0.2861672411958622,5.8502452895553366e-05,0.44016388314903004,-0.0003049363886348742,0.6614289311079893,-6.007727440695289e-05,1.364505794256775,0.00123715299301677,-0.0010556657619660067,0.0730571061530862,0.12699544288651002,0.15
0.5,672749038,0.3641040820692608,0.1,0.06610699030209763,0.03390155728327257,0.0442356167188665,0.045652445335118884,0.0007708316925755269,0.0013133140725004914,0.04751284102363135,0.2431366342882323,0.04026970980077862,0.08231146441963005,0.036292007080242085,2.7764451051977987,0.06479852097543579,0.1747569780042404,0.5345760507768516,0.033638346214168204,12.706204736432095,0.03117801602641383,0.31236824748814046,0.4280164012204349,0.039989765214541555,0.25698956182371646,0.4266419325747649,-0.007964591777490955,0.13433311575578563,-0.00532749372072764,0.19388446592450692,0.002789352318710043,0.2861672411958622,-0.0025739166922382397,0.44016388314903004,0.0008834214633160904,0.6614289311079893,-0.00017197919577382093,1.364505794256775,-0.001477986724101031,-0.0004781407714500441,0.04870844271352033,0.07195544472310197,0.15
0.5,796492387,0.5483682451832462,0.1,0.051197877438541844,0.04929622814254624,0.04811227085183057,0.04559233622567868,-0.0001212244771437985,0.002199885599659131,0.045712411669800716,0.13433311575578563,0.04821521233016158,0.08231146441963005,0.046970667980402364,2.7764451051977987,0.03212764149713838,0.452942411317637,0.6313436772701961,0.03942779024491775,12.706204736432095,0.04255544183133631,0.4825089887294032,0.6138710939727198,0.14164767252877658,0.13989495771635693,0.6309217032018666,-0.013220392023286835,0.13433311575578563,0.0009474232360458445,0.19388446592450692,-0.00012082173034574272,0.2861672411958622,-0.0016309419339277193,0.44016388314903004,0.0016115107661065571,0.6614289311079893,-0.0012741014181465915,1.364505794256775,-0.0016185745336316907,-0.0007192480193734056,0.059981284335488445,0.08743351688171097,0.15
0.5,237189815,-0.0011732018380648758,0.1,0.0733671285087468,0.12186385274648082,0.16708235259608217,0.15315690907733254,0.014580609215868146,0.008876429582254158,0.17217719805864448,0.2861672411958622,0.14063052971991807,0.08231146441963005,0.09435085586793641,2.7764451051977987,0.11145974878949692,-0.28898342599014654,0.3299403219162034,0.16783662097378693,12.706204736432095,0.08002501720499422,-0.1646777597283425,0.15279803067363548,0.15685149850688437,-0.16250482433745608,0.32509256424931043,-0.009432228008677065,0.13433311575578563,-0.0010018738169988665,0.19388446592450692,0.0015326916389565128,0.2861672411958622,0.000559799449131277,0.44016388314903004,-0.00044377538238486464,0.6614289311079893,-0.0011761280703051183,1.364505794256775,-0.0009505889641303946,-0.0006952811289907509,0.05890787243961256,0.09415938387860831,0.15
0.5,427629545,-0.22280495477474954,0.1,0.07048755001055564,0.07812065460921826,0.09881216822911439,0.08074394252460558,0.00415124058563868,0.0023683436687781294,0.09581528319198156,0.32612014812863077,0.08431201387178121,0.08231146441963005,0.048735906605667366,2.7764451051977987,0.07587426749119773,-0.4773877427043345,-0.05606626553152563,0.09157903280029324,12.706204736432095,0.04387170694718747,-0.29277827848245475,-0.14146636595008186,0.06993679793710102,-0.3739177457654353,-0.11279130016169209,-0.010110371845457641,0.13433311575578563,0.0017329944513459366,0.19388446592450692,-0.001391575076421677,0.2861672411958622,-1.1267245543762635e-05,0.44016388314903004,0.0003390584613545147,0.6614289311079893,-0.000543698946144676,1.364505794256775,0.0028803701387413038,-0.0015007644794972107,0.08694022343269084,0.1407787383348087,0.15
0.5,471954163,-0.24597160002435028,0.1,0.06252167620572999,0.04484550767998206,0.040259690151690744,0.03897593180489336,-0.00017421657848481196,0.0016933398385445095,0.04054586698460758,0.13433311575578563,0.048801600161571,0.08231146441963005,0.04120963339221363,2.7764451051977987,0.12920509733582702,-0.6269347369217126,0.09052698320761154,0.024025251588520837,12.706204736432095,0.036015246753455334,-0.3056610187354143,-0.18628218131328628,0.061848074115498836,-0.29187841138026704,-0.06255487965181591,-0.003950760834220109,0.13433311575578563,0.0013497778243874953,0.19388446592450692,-0.0013253297312126057,0.2861672411958622,-0.0008570488321030954,0.44016388314903004,-0.00022333115415098072,0.6614289311079893,-0.0007229922850605058,1.364505794256775,0.00013979945020907208,-0.0009294844839232657,0.0677958748956945,0.10840392552769637,0.15
0.5,1802596705,-0.028568090982144655,0.1,0.06007890215829413,0.05435194988211718,0.059538099287079586,0.0378922086018032,0.0009063445779820241,0.0005294748947405446,0.04178080880447632,0.2861672411958622,0.05749697360997296,0.08231146441963005,0.023043549401140454,2.7764451051977987,0.04852210887128302,-0.1824136923802243,0.08702425095887256,0.022679926658645846,12.706204736432095,0.022000192906476018,-0.06718465173688944,0.014088488353655101,0.07546066427618546,-0.18629974679077135,0.11934665836910928,-0.005843971455384145,0.13433311575578563,0.00018373919934935173,0.19388446592450692,-0.0006851329111948727,0.2861672411958622,-0.0001676657496160137,0.44016388314903004,-0.00048342628318792647,0.6614289311079893,-0.00013175984283674843,1.364505794256775,0.00024891108891220197,-0.0007720474024172933,0.06220703427154422,0.08658310208231962,0.15
0.5,1824768801,-0.2824727609785107,0.1,0.06652469176293373,0.06119802684478624,0.06935746278213653,0.07723575805999533,0.0009321443012678347,0.005033218021834299,0.08153527447375365,0.2861672411958622,0.06566614674420033,0.08231146441963005,0.07104762413149203,2.7764451051977987,0.08470802582786718,-0.4243810024307309,0.04599336493077022,0.08097212338431913,12.706204736432095,0.057546705718834454,-0.3885082438088293,-0.1764372781481921,0.08352548794324124,-0.3736421140574084,-0.034708643085598054,-0.0047155856965597895,0.13433311575578563,-0.001646076946279899,0.19388446592450692,0.0010333537165706046,0.2861672411958622,0.0011163174826528352,0.44016388314903004,-0.0005160108151035947,0.6614289311079893,-0.001743897046387382,1.364505794256775,0.0006273153507543184,-0.0009946057732329204,0.07019161702529124,0.09205348053539172,0.15
0.5,1073430465,-0.559255297836923,0.1,0.06866390477145047,0.04271133446747126,0.05544836875336044,0.08179636630671087,0.0014465558427285234,0.005244089698253103,0.08886327394721813,0.32612014812863077,0.05019193380441607,0.08231146441963005,0.07252065931071486,2.7764451051977987,0.17117526530663654,-1.0026411635355932,-0.052123708552501924,0.08984524533660804,12.706204736432095,0.07221529495469527,-0.6949396345234533,-0.43216098529579544,0.07387881936173182,-0.7112455752864137,-0.39892613741767147,-0.009440939475764014,0.13433311575578563,-0.00027965018658242735,0.19388446592450692,-0.0001456422758623459,0.2861672411958622,0.00043476663139701763,0.44016388314903004,-7.314940938817715e-05,0.6614289311079893,-0.000761436773085891,1.364505794256775,0.00014352234499249671,-0.0008632996130250236,0.06598782290051797,0.1100383334643874,0.15
0.5,508408351,0.20055852121615184,0.1,0.06399195399995,0.062094469757151695,0.048639324026198257,0.030873757260853896,-0.000950536181109849,0.0019037250685119776,0.03222621118512216,0.32612014812863077,0.04969855431156801,0.08231146441963005,0.043694704073671355,2.7764451051977987,0.06147467683198663,0.06372428388718013,0.40508641505475174,0.02359685960625477,12.706204736432095,0.03968554654606905,0.1275306544128848,0.27758392214026895,0.05882143392451364,0.0943386859923593,0.31085414462678623,-0.006700964207049204,0.13433311575578563,-6.25799339314275e-05,0.19388446592450692,-0.0018214460187969022,0.2861672411958622,0.0022805909391234057,0.44016388314903004,-0.0014462476503680204,0.6614289311079893,-0.0005621153731252472,1.364505794256775,0.0026370160538607486,-0.001480625914971709,0.08627072720053795,0.12933080062325356,0.15
0.5,457745824,-0.20975202357309425,0.1,0.06484483790704594,0.10767421784696973,0.0920645713788185,0.11699311984911465,-0.0009843562414735326,0.014671746333502836,0.11858771496031682,0.13433311575578563,0.0992452136912891,0.08231146441963005,0.12130189703644426,2.7764451051977987,0.08552172473878196,-0.2737753288111577,0.20111741926697163,0.08932904656779748,12.706204736432095,0.11185596201872404,-0.4031548458716681,-0.016349201274520386,0.13882069357091206,-0.3265884273270013,0.1364622803144458,-0.00671871465710965,0.13433311575578563,0.0026831405374152565,0.19388446592450692,-0.0036441668891293673,0.2861672411958622,0.001506040942882022,0.44016388314903004,-0.0006977727691032485,0.6614289311079893,-0.000729075129211011,1.364505794256775,0.0029654504691926874,-0.0016065399302368129,0.08977780493770803,0.1289718279760907,0.15
0.5,1585869022,-0.08274492526799117,0.1,0.06264548945987276,0.12715215430493063,0.13773515872446337,0.11180104206666622,0.003009542654067634,0.009489930353124834,0.11463331217154939,0.13433311575578563,0.13233873540176097,0.08231146441963005,0.09755694694637598,2.7764451051977987,0.14765156246541544,-0.27524806159554766,0.5446448541682718,0.06330395448864347,12.706204736432095,0.08022392619264887,-0.21973744971449982,0.05946660225284679,0.16586722050730324,-0.33425579101484876,0.2764126786810865,-0.008726776476956612,0.13433311575578563,-0.002578739919324326,0.19388446592450692,0.0003841649222849585,0.2861672411958622,-0.0010821529632492914,0.44016388314903004,0.0005539261847626145,0.6614289311079893,-0.0005126381057921867,1.364505794256775,-0.002884877543446437,-0.00019775948899738806,0.0314436278360762,0.04629183476737251,0.15
0.5,1578988116,0.08800458299065789,0.1,0.07135893556215055,0.08592704048052899,0.10443910857964944,0.10476210822141148,0.003478654389254419,0.007496444929740311,0.10546464918870978,0.32612014812863077,0.09546834008414276,0.08231146441963005,0.0867070409802388,2.7764451051977987,0.07088458486569332,-0.17437896140497983,0.21923535596368454,0.103992113574643,12.706204736432095,0.08322933164552587,-0.04962879432020248,0.22563796030151825,0.08910768351028331,-0.08134912344407146,0.2257633082752116,-0.007278574987324111,0.13433311575578563,0.003960291697432616,0.19388446592450692,-0.0007785880313736351,0.2861672411958622,-0.00010884846776892318,0.44016388314903004,-3.553115510913661e-05,0.6614289311079893,-0.0011970307666955456,1.364505794256775,-0.0011523515516201513,-0.0005063626943526565,0.05061238505486962,0.0839137890437244,0.15
0.5,1788144877,-0.06684454362406947,0.1,0.0737553014552215,0.050265005843927624,0.06652586745573773,0.060443832314081916,0.002086796030151106,0.001566660834661747,0.06165963452616005,0.19388446592450692,0.058525459950293075,0.08231146441963005,0.039638223423221285,2.7764451051977987,0.05763830691191087,-0.17044739059538905,0.14961179959953774,0.03924519156999763,12.706204736432095,0.03408668394216751,-0.13559762363425676,-0.007626068879028378,0.054848651897967074,-0.16338947668112577,0.04902561730687784,-0.006480809340990113,0.13433311575578563,-0.0002643127005974836,0.19388446592450692,-0.0009623418490024503,0.2861672411958622,0.0005261976716274886,0.44016388314903004,-0.0007783100929465224,0.6614289311079893,-0.0004353361506164317,1.364505794256775,-0.0004572699408936339,-0.0007500041016409326,0.06099149214864036,0.08434821863147937,0.15
0.5,292920770,0.2497672702730118,0.1,0.07939653027665215,0.08152118009810329,0.104846613545843,0.11821684919862702,0.00465968346977072,0.009315539964680201,0.13194852133351387,0.2861672411958622,0.09736280306062917,0.08231146441963005,0.0966564198105314,2.7764451051977987,0.13886447591296625,-0.10561916954010514,0.6654800193287205,0.12825414317418254,12.706204736432095,0.09349397907199991,0.08838313791883026,0.4111514026271933,0.0918963973113196,0.06807645979064479,0.41280816987633306,-0.007231118080183482,0.13433311575578563,-0.00261641468188068,0.19388446592450692,0.0024224899160494515,0.2861672411958622,-0.0013938463963254705,0.44016388314903004,0.00015720910111918478,0.6614289311079893,-0.0008147202168281264,1.364505794256775,0.003525241462881857,-0.0017845679848484557,0.09411496736541164,0.16377922747910734,0.15
0.5,712051670,-0.04972057736345242,0.1,0.06007919589374796,0.057140068095378825,0.0830135630520364,0.08835573018259696,0.003652906470445286,0.004153828585654589,0.09175775145274528,0.32612014812863077,0.06953799487153921,0.08231146441963005,0.06454327130370931,2.7764451051977987,0.07117610163535126,-0.3040316131134941,0.09120146487157003,0.09202446824905273,12.706204736432095,0.05813560754611698,-0.15357706264456522,0.054135907917660375,0.0725961042144953,-0.21888815265841086,0.034437276588154056,-0.008537599308613326,0.13433311575578563,0.005271377991316618,0.19388446592450692,0.0006160581467001145,0.2861672411958622,0.0014755062021206875,0.44016388314903004,-0.0018793712823862794,0.6614289311079893,-0.0008890919264824787,1.364505794256775,-0.0030216745067244304,-8.584174941618753e-05,0.02072412512679666,0.02918035292466439,0.15
0.5,1934844230,-0.09128240762826505,0.1,0.04591864382832198,0.05915667639139797,0.04571585437688284,0.06079357145156874,-0.0012349927182353716,0.0049308510480723655,0.062020448039131496,0.13433311575578563,0.048135142398894284,0.08231146441963005,0.07032141965761338,2.7764451051977987,0.1064627159667018,-0.3214221151559786,0.26975365810764684,0.04946756197597024,12.706204736432095,0.055859197141448984,-0.20121982238411384,0.03332694715553032,0.0663268587085801,-0.18788685615600653,0.044829318415091,-0.007346808327997112,0.13433311575578563,-0.0017871657149687115,0.19388446592450692,0.0013415641203337679,0.2861672411958622,0.000496189557157317,0.44016388314903004,-0.00023407373253507918,0.6614289311079893,-0.001334319836054839,1.364505794256775,-0.001714260780540436,-0.00043209292504592275,0.04638811146898782,0.052542392484981326,0.15
0.5,199673864,0.1677021522511296,0.1,0.061950557708781766,0.050016582452523266,0.07229040747664402,0.0776589214377121,0.0029491745065538164,0.003081733572314923,0.08188773733472976,0.2431366342882323,0.05946969869599793,0.08231146441963005,0.05559352765154932,2.7764451051977987,0.14339710791444574,-0.21541868820354215,0.5808497085336246,0.07882880467375705,12.706204736432095,0.04646737152804752,0.07568770120297097,0.26895223635709065,0.06687597631083173,0.02352814989806193,0.280058422082346,-0.004605823808669598,0.13433311575578563,-0.00531798937169135,0.19388446592450692,-0.0011428046750841898,0.2861672411958622,-0.0008846315428110572,0.44016388314903004,0.0009689862040574174,0.6614289311079893,-0.00028522520097711354,1.364505794256775,-0.002177245559105149,-0.0001899279557734316,0.030699318186238035,0.0395673532474511,0.15
0.5,486919855,0.08033213712505241,0.1,0.05970594998689054,0.035422087828642035,0.043177346473014924,0.04062303225372748,0.0005916477523969365,0.0010585829970904469,0.04317286902438828,0.2861672411958622,0.03910589381161878,0.08231146441963005,0.03258285569929903,2.7764451051977987,0.06925308827913189,-0.0038342104211433747,0.38072058552371013,0.037979197893807694,12.706204736432095,0.029566345555964952,0.030985511819840047,0.12784241457429496,0.06960342680649798,-0.011246156776132787,0.2641847262696132,-0.007403645025737414,0.13433311575578563,-0.0008376836228837131,0.19388446592450692,0.0007507152303722489,0.2861672411958622,-0.0010463867191002378,0.44016388314903004,-0.0004751593864626183,0.6614289311079893,0.0004919729841946913,1.364505794256775,0.00039906054176231347,-0.0007754979974378511,0.06240650074589885,0.08326946795299348,0.15
0.5,1327409958,-0.1255911940784709,0.1,0.04721843465430657,0.025222505956305378,0.03778893906724382,0.038186740253589556,0.0005672329771862944,0.0008909941540088224,0.043150757345597514,0.32612014812863077,0.0309971837034021,0.08231146441963005,0.029892629218949023,2.7764451051977987,0.09777303812606117,-0.47584446291524884,0.06707848333559177,0.04329153112739653,12.706204736432095,0.02677303256308274,-0.17743155898691151,-0.07375082917003033,0.03512403070969911,-0.21583645880328944,-0.07420171627348289,-0.006306827259433332,0.13433311575578563,1.9924904796563157e-05,0.19388446592450692,0.0009855964702893114,0.2861672411958622,0.0003556699676488007,0.44016388314903004,-0.0007508192117482278,0.6614289311079893,-0.0007491672254628085,1.364505794256775,-4.122152639627854e-05,-0.0007311706639241089,0.06026692511954717,0.09625143622583947,0.15
0.5,7090293,0.20363365959855112,0.1,0.062219123188547734,0.04039269274224541,0.05063666459152261,0.07236591153688039,0.001350915704445867,0.003885909448117732,0.0820491422276311,0.32612014812863077,0.04442462670250796,0.08231146441963005,0.06242708066440333,2.7764451051977987,0.12640695158457183,-0.11355186470727058,0.5883720592726485,0.08402446908062938,12.706204736432095,0.055890781534827266,0.08707770834155523,0.29024657118774233,0.06049424359591791,0.11553613173907744,0.3798446449073984,-0.004915545478397844,0.13433311575578563,-0.004209745049285295,0.19388446592450692,-0.0005207822316973522,0.2861672411958622,0.0007414491600115545,0.44016388314903004,-0.0009430066286310022,0.6614289311079893,0.0002814285713766472,1.364505794256775,-0.0002551253857350954,-0.0006319626304954027,0.056050654962182554,0.07260140330285454,0.15
0.5,228315733,0.23511751697002084,0.1,0.06831326957952209,0.0849910678494814,0.09145034075205437,0.08088258596202072,0.0008311670057539423,0.005710825706149729,0.08072278474776842,0.13433311575578563,0.08785190240552318,0.08231146441963005,0.07567913175213557,2.7764451051977987,0.1498173362463829,-0.0633605434514618,0.7685586763386234,0.07136566061083505,12.706204736432095,0.06743960287981107,0.11540585891556522,0.35447844251962957,0.08836957392379764,0.11668017789229648,0.41307287096901113,-0.007220349597314271,0.13433311575578563,-0.0045714333318986776,0.19388446592450692,0.0015721371568209917,0.2861672411958622,-0.0008925546693372245,0.44016388314903004,0.00017873295014147973,0.6614289311079893,-0.0001815908011842753,1.364505794256775,-7.137101820682729e-06,-0.000759800677501855,0.06165154904545307,0.09133266835159934,0.15
0.5,932489774,0.18845026412349816,0.1,0.06998881673915623,0.05998246478696034,0.07080401312488051,0.06052234927234711,0.0012180201751030495,0.0024449345863409256,0.06895982498298142,0.32612014812863077,0.06237525488888398,0.08231146441963005,0.04951768241015066,2.7764451051977987,0.11731484137434395,-0.19917700088558618,0.45225943331612073,0.06851871835053806,12.706204736432095,0.04347401861161281,0.10456044911630817,0.2687871806055649,0.06994012458435038,0.028366480663042436,0.3030392794878145,-0.004899736974123147,0.13433311575578563,0.00017442893329877902,0.19388446592450692,0.002198261025052152,0.2861672411958622,-0.0025156630247290656,0.44016388314903004,0.0015212527809050302,0.6614289311079893,-0.00248626527820833,1.364505794256775,-0.0005630910729689115,-0.0008662523346611055,0.06620119377320781,0.11043882468936239,0.15
0.5,2128471481,0.03441780456411897,0.1,0.06217396896426316,0.04715418875184073,0.050852935700970735,0.06861973420578381,0.000787756617175661,0.003920911305296755,0.0739820638945422,0.32612014812863077,0.04747060387537483,0.08231146441963005,0.06270760256058173,2.7764451051977987,0.2211858027731338,-0.22712106677316413,1.0010994121242618,0.07448378547503659,12.706204736432095,0.05490276265394297,-0.058364610524091226,0.14442732039646097,0.06939531912228593,-0.0850303467462103,0.15529322167034182,-0.011516708705966999,0.13433311575578563,0.00019639187919574078,0.19388446592450692,0.00388225236522358,0.2861672411958622,-0.000956531225376937,0.44016388314903004,-0.0003038468844316682,0.6614289311079893,-0.0007702586228083298,1.364505794256775,0.0011194831544908245,-0.0013077595726408314,0.08069735452183306,0.1234811760332603,0.15
0.5,437221576,-0.0010742635873776723,0.1,0.07009734400195143,0.05400386206553042,0.06379259920553408,0.045974055607613994,0.001456306427175911,0.0006573073618360724,0.045686697009100635,0.19388446592450692,0.057325332167507695,0.08231146441963005,0.02567502860944296,2.7764451051977987,0.04208208435996302,-0.14753985096215694,0.08613734331332343,0.037366948082495674,12.706204736432095,0.024163193958401878,-0.04690650035645863,0.044757973181703284,0.08029577404363716,-0.21368423823971422,0.10767805871592197,-0.007339588964855782,0.13433311575578563,-0.005764572870535688,0.19388446592450692,-0.001286426648826662,0.2861672411958622,0.00046158618992745256,0.44016388314903004,-7.668526984135739e-05,0.6614289311079893,-0.00019267567252306413,1.364505794256775,-0.0006520685834858497,-0.0008027928289943511,0.06301482509817373,0.09837624566224143,0.15
0.5,899919407,-0.08050453489256965,0.1,0.05334657014309145,0.033964040519415706,0.03716529260391569,0.033315638437462554,0.0002549898827776875,0.0008549418817180448,0.03399945577547374,0.13433311575578563,0.03676365854595805,0.08231146441963005,0.029281612182597238,2.7764451051977987,0.04877953403070552,-0.19168138867748621,0.07918600830927738,0.02203590451284903,12.706204736432095,0.026686329379515112,-0.12659004948690802,-0.0354617180224027,0.043628777065722636,-0.17306492716709634,0.0027562838773417123,-0.00526586712434706,0.13433311575578563,0.0010778047357068439,0.19388446592450692,-0.0014691222997433545,0.2861672411958622,-3.16556352351159e-05,0.44016388314903004,0.0004937671629396756,0.6614289311079893,-0.0015644157548307986,1.364505794256775,-0.0019082152378907657,-0.00041776075969186203,0.04593546020751918,0.07873859839391754,0.15
0.5,733175828,-0.0638870884390618,0.1,0.05614547725762702,0.06675320390841258,0.08516017613776501,0.052509464667211334,0.0022741686876620766,0.00048307519197503924,0.05582473350560895,0.2431366342882323,0.07475225865982785,0.08231146441963005,0.022010710189589767,2.7764451051977987,0.03471376724248486,-0.1997982795233006,-0.007036541236555061,0.041398283966313114,12.706204736432095,0.019749376050793733,-0.09798089944911628,-0.029793277429007302,0.08915207307029624,-0.28595491135260287,0.05879161312439692,-0.008708744824163171,0.13433311575578563,-0.0008214170126523007,0.19388446592450692,0.0018215176787133502,0.2861672411958622,-0.0012583263770281768,0.44016388314903004,0.00012035722220729087,0.6614289311079893,-0.00011217951059798728,1.364505794256775,0.0005297414131807651,-0.0008149161350877307,0.0638026816034608,0.07396540392472116,0.15
0.5,953690505,0.04773198939916694,0.1,0.06398825163303498,0.037993844589285196,0.048974731988818195,0.052185915684627916,0.000600801062235048,0.002122568733608046,0.053847460482032636,0.2861672411958622,0.04568149348345325,0.08231146441963005,0.046137873003896435,2.7764451051977987,0.11341939783570137,-0.24485824994675048,0.3849472139640793,0.052056250869399925,12.706204736432095,0.03851082358953404,-0.03300659721695848,0.12847057601529233,0.05429380938092573,-0.03441772979414909,0.17089894017115131,-0.004418315407072098,0.13433311575578563,0.0010407651492118084,0.19388446592450692,-0.000998907091823078,0.2861672411958622,0.0009494222124398336,0.44016388314903004,-0.0004799143231482737,0.6614289311079893,-0.0015676323071517682,1.364505794256775,-0.0011636768676302088,-0.0005746296644520813,0.053811116446650674,0.08406736392480987,0.15
0.5,345689473,-0.1934483480487965,0.1,0.05039171877385919,0.03311310494998221,0.033442009291005895,0.03910848923689786,6.801852076349113e-05,0.0014614554096290646,0.042687386321912706,0.2861672411958622,0.032625032581611924,0.08231146441963005,0.0382841908520275,2.7764451051977987,0.04587185528214022,-0.3075017098540753,-0.052780333725195305,0.04352250921005935,12.706204736432095,0.03423645448445495,-0.2564877539087277,-0.13040894218886534,0.033505195546684026,-0.2632748049212337,-0.1332925343698314,-0.004817826262844077,0.13433311575578563,-0.0049230850892098615,0.19388446592450692,0.0025184894582757555,0.2861672411958622,0.0006578565395327329,0.44016388314903004,-0.0009456799935283822,0.6614289311079893,-0.0012678013795647143,1.364505794256775,-0.0019229648508125854,-0.000471488178534276,0.048937515685381815,0.07889689691986176,0.15
0.5,420093028,-0.22457229732434314,0.1,0.06591735898532734,0.060915368087712085,0.07537294629583226,0.08086156787878329,0.0021379492672559375,0.00440064389255914,0.08059318402668392,0.19388446592450692,0.06752131519128231,0.08231146441963005,0.06643314320823661,2.7764451051977987,0.07093389333065128,-0.42826450762702495,-0.03437638576600585,0.06514325773200805,12.706204736432095,0.05325571475614424,-0.3178010413350552,-0.13141691208247744,0.06678407959200788,-0.34887088497803903,-0.09366912991987456,-0.008991193326678231,0.13433311575578563,0.000503583628779804,0.19388446592450692,-0.0007622255080356294,0.2861672411958622,0.00021616326457618034,0.44016388314903004,-0.0003450205627812084,0.6614289311079893,-0.0002830719371534287,1.364505794256775,-0.0014986258274655713,-0.00043801773901987136,0.046718165649268,0.07579635360067088,0.15
0.5,2091978275,-0.18168844841600734,0.1,0.07032912554936177,0.09712996856570257,0.1685595834375417,0.17232969857268832,0.018786936528591487,0.010910588481562122,0.202003150804742,0.32612014812863077,0.136598729559703,0.08231146441963005,0.10460459824636481,2.7764451051977987,0.1425672564740753,-0.45272683158203625,0.3389334912158149,0.20637340382861857,12.706204736432095,0.09192331690218507,-0.3612369876830353,-0.06923483152635321,0.1271305150774349,-0.289674949166804,0.17600975146779074,-0.0017343248151433016,0.13433311575578563,0.00456872935023849,0.19388446592450692,0.001935054621764564,0.2861672411958622,0.0003700191475341755,0.44016388314903004,-0.0005307387996125606,0.6614289311079893,-0.0033539906489694574,1.364505794256775,-0.0031092578803816415,-0.00014740641773730717,0.02717513780815897,0.039075926166560325,0.15
0.5,765382066,0.2304638576157017,0.1,0.06756488543212227,0.1417471324981141,0.1627926493957446,0.17676543331959232,0.004627421275429533,0.026618597141233703,0.17479657808280988,0.13433311575578563,0.15193335942697075,0.08231146441963005,0.16338766631209822,2.7764451051977987,0.3273214053025648,-0.25814313008656753,1.5594366970709743,0.1594023743578629,12.706204736432095,0.15669090079641382,-0.0143762531523065,0.4797126033643821,0.2576740107894025,0.0930534404350611,0.974671237730416,-0.006528885919739605,0.13433311575578563,-0.001304698632935643,0.19388446592450692,-0.004094268055445627,0.2861672411958622,0.0005629272976763273,0.44016388314903004,-0.00024852369062587605,0.6614289311079893,-0.00015705852229228571,1.364505794256775,-0.001216821833408004,-0.0006882083972898219,0.058631433620645934,0.06636205362968427,0.15
0.5,853257553,0.21214395191098268,0.1,0.05889533658375995,0.03991593381679494,0.036575312653996606,0.048662003473861806,-0.00018914522425646555,0.002557135806346604,0.04925574832263083,0.13433311575578563,0.039951115921416,0.08231146441963005,0.050641152951536365,2.7764451051977987,0.055176472470766985,0.07950463597485499,0.38589352980193914,0.04486054591132324,12.706204736432095,0.05076388206762965,0.13301378516630938,0.291274118655656,0.039805350137447314,0.13861437129687243,0.2939248774247281,-0.00923550207864668,0.13433311575578563,-0.00045210554800417677,0.19388446592450692,0.00036072795296759744,0.2861672411958622,-0.0002911226015024403,0.44016388314903004,-0.0005135862026491088,0.6614289311079893,-0.0002282559702290455,1.364505794256775,-0.0014954749985554606,-0.0005397364696912166,0.05208830706673529,0.07889709128905197,0.15
0.5,1555165249,-0.15863064633237872,0.1,0.06680956199253454,0.11559134135969432,0.11213814380909143,0.10375380519405814,0.0012894233411104693,0.009475428751136095,0.11143641033461067,0.32612014812863077,0.10940233902497175,0.08231146441963005,0.09748237986100262,2.7764451051977987,0.07492107429385472,-0.5404943352368666,-0.12446583523819946,0.11534876187529616,12.706204736432095,0.08893641935645485,-0.3077878970007679,-0.009473395663989498,0.24258257018648918,-0.9101663169340664,-0.04709165847043153,-0.0076280726197218785,0.13433311575578563,-0.0028617871014889763,0.19388446592450692,0.0020302599356262405,0.2861672411958622,-0.0011780098755271066,0.44016388314903004,-0.0005397375251355209,0.6614289311079893,0.00029467828383556566,1.364505794256775,-0.001611307896190329,-0.00040256650479617544,0.0448493936830008,0.06427780012494068,0.15
0.5,2046893227,-0.029807869020835362,0.1,0.07848318239069901,0.10125858783913562,0.12948484851204706,0.09740407566830085,0.006866540029987713,0.0026210139268083668,0.13214974721117234,0.32612014812863077,0.1151619194747471,0.08231146441963005,0.05126976800774436,2.7764451051977987,0.060362264624559535,-0.17680673494350505,0.1583782933675201,0.13954411660917873,12.706204736432095,0.04955803269532355,-0.10923242947042151,0.052022371402217035,0.12285368432248707,-0.20996110928043732,0.2718350857263092,-0.004109229302728956,0.13433311575578563,-0.0028987702547395,0.19388446592450692,-0.0008281140464999697,0.2861672411958622,-0.00044042227059781086,0.44016388314903004,0.00015064155081392797,0.6614289311079893,-0.0011520417481153463,1.364505794256775,-0.001976337971834005,-0.0004809100243276174,0.048925343054654034,0.06811596509689985,0.15
0.5,25923199,0.0035066889186919567,0.1,0.06512468120681351,0.08861341460604186,0.11818080004173455,0.12553591418163138,0.0051751627847459285,0.010584102964671986,0.1355027826711935,0.2861672411958622,0.10693210529240371,0.08231146441963005,0.10302763152491408,2.7764451051977987,0.07318726999607349,-0.12312710393793204,0.2832737711488439,0.1314960996339415,12.706204736432095,0.08974835563783214,-0.13440391134293583,0.1510478662153452,0.0887924000108192,-0.1086438056765027,0.21509618239183836,-0.0020181171421456584,0.13433311575578563,0.002837087378612374,0.19388446592450692,-0.0022410625522618468,0.2861672411958622,-0.002258285073435341,0.44016388314903004,-0.0015645476909526433,0.6614289311079893,0.0015553454070703432,1.364505794256775,0.0003563866312816424,-0.0008891562278787607,0.06663191613414134,0.10612744538381154,0.15
0.5,167661493,0.11421019153927744,0.1,0.07379970004723005,0.06849627775262472,0.08046888791972084,0.0691255295825152,0.0018689638903536185,0.0029093749497095633,0.06940452956922319,0.32612014812863077,0.07797693133097555,0.08231146441963005,0.05401651180731786,2.7764451051977987,0.10412959735990365,-0.26465585813127435,0.31356436366096985,0.0822184141626991,12.706204736432095,0.04700281854303424,0.02584377740594749,0.20746787414740292,0.07990680839546842,-0.07222631232960004,0.2330837169532828,-0.010471190150632772,0.13433311575578563,0.005876693801208067,0.19388446592450692,-0.0019537638613758,0.2861672411958622,0.0002677167247619783,0.44016388314903004,-0.0003198007452119439,0.6614289311079893,-0.000744562870369446,1.364505794256775,-0.0009552954393586663,-0.0006242845221588883,0.055569751654054034,0.0815914645252002,0.15
0.5,25883884,0.16530928351479685,0.1,0.05890845150191743,0.09877305914139692,0.10093600011465959,0.09648411453518488,0.0018466899756732803,0.007462494381965394,0.10633521649492488,0.32612014812863077,0.09627950659784316,0.08231146441963005,0.08651047500044978,2.7764451051977987,0.13540133707400576,-0.06934906272172953,0.6825196963909914,0.10857701339565709,12.706204736432095,0.07720543993603857,0.04866311383222871,0.280740103581154,0.15610851580961846,0.05582276335143581,0.6034538953040537,-0.00781828980484026,0.13433311575578563,0.0020325853954259935,0.19388446592450692,-0.00016415128901775953,0.2861672411958622,-0.00045767048767792455,0.44016388314903004,0.0005633595100877598,0.6614289311079893,-0.000885372817572839,1.364505794256775,-0.0006306988467590549,-0.00045371372525229763,0.04748832203222106,0.06798377527980314,0.15
0.5,283137977,-0.12218468088619377,0.1,0.06385007505556749,0.07232513605707062,0.08804669442784037,0.053903511911429315,0.0017664918163570595,0.0011390967800285429,0.05640920123171101,0.32612014812863077,0.07968508170078585,0.08231146441963005,0.033799245069291974,2.7764451051977987,0.06356735598879953,-0.37622290425283605,-0.023240355481899178,0.05592323072065398,12.706204736432095,0.03013822322361308,-0.17835978885404086,-0.060939114080023164,0.1388817017773064,-0.5873754095209522,-0.05288404307309473,-0.007049871641658564,0.13433311575578563,-0.0012049295272237805,0.19388446592450692,0.001555182243814594,0.2861672411958622,-8.502903357770036e-05,0.44016388314903004,9.413654910954618e-05,0.6614289311079893,-0.0012836729745370442,1.364505794256775,-0.0018175634201642392,-0.00035479485304497875,0.04221808933690163,0.06307758095200083,0.15
0.5,2095960042,0.2614646102375217,0.1,0.06278260396619406,0.06203834997671201,0.07158693595104525,0.060087206192580504,0.00036239886986915056,0.003248073478160534,0.06009222599190433,0.13433311575578563,0.0714906162208592,0.08231146441963005,0.05707417081099078,2.7764451051977987,0.12041844024291191,-0.18381757416695738,0.48485280380901546,0.044967359252184265,12.706204736432095,0.05216232090630711,0.17155769493984427,0.3489691108318874,0.12289027031698226,-0.1281946471983693,0.3367853274549298,-0.011421731997225537,0.13433311575578563,-0.0006534727765516068,0.19388446592450692,0.001253141541997093,0.2861672411958622,-0.00021167823490768437,0.44016388314903004,-0.0006143614406260503,0.6614289311079893,0.00010812087535027104,1.364505794256775,-0.001016731490644413,-0.0005805477421108286,0.05374030451676236,0.08358069126313838,0.15
0.5,346363994,0.2307590005639758,0.1,0.06815876727161747,0.0418757920462625,0.04747534513790136,0.04754413278970634,0.00024302844808721333,0.002017416114638016,0.04843997031646645,0.13433311575578563,0.053793483587790264,0.08231146441963005,0.044980515749047004,2.7764451051977987,0.11762784904054753,-0.09096888407482878,0.5622056473323187,0.0393435664762704,12.706204736432095,0.04245581987562021,0.15171515136179026,0.29856847945921666,0.07010599683087862,0.09635051577887742,0.3970573057172519,-0.008973482871019456,0.13433311575578563,0.001779808408284901,0.19388446592450692,-0.00033322499899773314,0.2861672411958622,-0.0009324016648410457,0.44016388314903004,-0.00034636878728774135,0.6614289311079893,7.5451702581012345e-06,1.364505794256775,-0.0020193320497991878,-0.0003521870329440792,0.04195858102606314,0.060287403705310806,0.15
0.5,617350779,0.10916764673266617,0.1,0.07452633056826176,0.1517857403339584,0.15499463489893983,0.20382863619753938,0.0014895701305028576,0.040056542803646004,0.20757826632828383,0.19388446592450692,0.1445332931633147,0.08231146441963005,0.20043031995825844,2.7764451051977987,0.16245647584802228,-0.4503984013360057,0.451704573015846,0.19847613973497963,12.706204736432095,0.18641372409685095,-0.16012340625308424,0.4005188714768716,0.16762522709098698,-0.3384219605604275,0.26794790296190324,-0.007086244785615416,0.13433311575578563,-0.004709804927499167,0.19388446592450692,0.001597523878866197,0.2861672411958622,0.0003014157305492811,0.44016388314903004,-0.0010209352919798914,0.6614289311079893,-0.00019214353771430747,1.364505794256775,-0.00019335703044888477,-0.0008848259284555332,0.06619662401700081,0.09062570882494636,0.15
0.5,883938594,-0.2164095615657529,0.1,0.04040333787916309,0.034783206963486316,0.03188386139457461,0.03633091046539196,-0.0002801805047085037,0.001600115559952831,0.036658369166076454,0.13433311575578563,0.03543648591738373,0.08231146441963005,0.040059208322154614,2.7764451051977987,0.049683212739066646,-0.3854675407013526,-0.10958211506158755,0.027229051758657037,12.706204736432095,0.037242338202094334,-0.27434435851829536,-0.15509374944551219,0.04009477330789235,-0.3144244865127388,-0.16756586935902967,-0.0030495297321235714,0.13433311575578563,-0.004219231824724795,0.19388446592450692,-0.001984886295399829,0.2861672411958622,0.0011301800621609328,0.44016388314903004,-0.0008675999482915965,0.6614289311079893,0.00022175219481249505,1.364505794256775,-0.0003110019384901016,-0.0006119911963975327,0.055626038296535826,0.07263920423799461,0.15
0.5,380083668,-0.24271938471095889,0.1,0.07333067283485863,0.06327073762837297,0.06778029942836346,0.060385567048868966,0.0009283044548380878,0.0027181122529753615,0.06079760443151266,0.13433311575578563,0.07037488093168727,0.08231146441963005,0.052210804137988565,2.7764451051977987,0.08649161036054703,-0.4435910047927929,0.03668741165963915,0.056586161774307406,12.706204736432095,0.04898186340631145,-0.32378384800993565,-0.16302659698969207,0.06843322233812152,-0.34742725842995753,-0.07334668265735461,-0.010535714602369397,0.13433311575578563,-0.00013873067208606293,0.19388446592450692,0.0002841426467912201,0.2861672411958622,0.000351627903117504,0.44016388314903004,0.00028974983391369207,0.6614289311079893,-0.0010788406178229154,1.364505794256775,0.0018846959912134304,-0.0013366775495351599,0.08180301790214449,0.10863860435727618,0.15
0.5,1566686322,0.032799808264730744,0.1,0.07211122785745516,0.07480145374151592,0.07967719176315988,0.07091762527849564,0.000828754864648255,0.004200554710492869,0.07159944744342038,0.19388446592450692,0.07813450757463034,0.08231146441963005,0.06490527745897158,2.7764451051977987,0.1292014576626719,-0.27404611860268163,0.44339539082121043,0.05556452160793369,12.706204736432095,0.05989592306496564,-0.08578390544222755,0.14831874833466493,0.08249134794253433,-0.19189057819724104,0.15031837859954783,-0.010914599839386264,0.13433311575578563,0.0015427849961586154,0.19388446592450692,0.0005477549142033607,0.2861672411958622,-0.0014528811181082231,0.44016388314903004,0.00020403262934083215,0.6614289311079893,-0.00013124550218977777,1.364505794256775,-0.002062360084305863,-0.0003440138339269505,0.04168299375537665,0.06123056706565861,0.15
0.5,1347531742,0.17325821567255917,0.1,0.05969282050319298,0.0476163953039771,0.05396665464507139,0.07066702753192736,0.0006988831674709694,0.00429494561272721,0.0700756004722551,0.13433311575578563,0.05335741143245322,0.08231146441963005,0.06563047120306426,2.7764451051977987,0.1174238057613912,-0.09375080259591997,0.5582906988839035,0.06244985109975131,12.706204736432095,0.056534214612443005,0.054305846658029205,0.2660090951855148,0.052435900606669215,0.05860938073198446,0.25096999851508983,-0.0036444462510767353,0.13433311575578563,-0.006480989843723198,0.19388446592450692,0.0019082866380382216,0.2861672411958622,0.00023404111642901394,0.44016388314903004,-0.00044688769233691705,0.6614289311079893,-0.0007531475590348219,1.364505794256775,-0.0017923384388670437,-0.0003272329580984153,0.04022555121937804,0.0617330818233252,0.15
0.5,388186765,-0.0625447928079765,0.1,0.06116716651517537,0.05748633215528598,0.06089205979632391,0.06236723848043302,0.00039299732639773866,0.0034966751092774663,0.06241144537398693,0.13433311575578563,0.0628565150121006,0.08231146441963005,0.05921808091033616,2.7764451051977987,0.07505631863060912,-0.2856885096812749,0.13109098727096719,0.060256817163319626,12.706204736432095,0.053407119947372454,-0.1650066444183491,0.030593060395663205,0.0916662590613732,-0.30246166718504414,0.11141654873989003,-0.00850350901172999,0.13433311575578563,-0.0010699455283275183,0.19388446592450692,3.937855765385593e-05,0.2861672411958622,-0.0001487822296798012,0.44016388314903004,0.0002489046569124159,0.6614289311079893,-0.0004531605158242,1.364505794256775,-0.002297971360611862,-0.00014930459900245344,0.02717520063754152,0.04372085344237708,0.15
0.5,1608096687,-0.25594086022598495,0.1,0.06304608968624288,0.03392819784484295,0.037455746976675475,0.04757403935795754,0.0009258221651188023,0.0013374670557136903,0.04756983604080449,0.13433311575578563,0.03536576548182843,0.08231146441963005,0.03662420739668515,2.7764451051977987,0.06429169940758524,-0.38503721322512985,-0.02803246497505338,0.045601863725402376,12.706204736432095,0.032988477474519884,-0.3114068931208038,-0.20114028706078468,0.060197121409255955,-0.31205130305652046,-0.13063006005413513,-0.007046133200350859,0.13433311575578563,-0.003869548853960275,0.19388446592450692,-6.002836507635952e-06,0.2861672411958622,-0.00041329946080008543,0.44016388314903004,-0.0007399366122144072,0.6614289311079893,0.0002696420789659084,1.364505794256775,0.0029933675633951155,-0.0016978423660424285,0.09240947955739066,0.11925142818837983,0.15
0.5,836745810,0.08813996136757374,0.1,0.0652160168924561,0.08843260172374799,0.09272048584212712,0.08974572081066308,0.001360505385349797,0.0066937890184756875,0.09617488359534551,0.2861672411958622,0.08603643140023562,0.08231146441963005,0.0819337246163736,2.7764451051977987,0.06736319361563277,0.047908031485078995,0.4219684498543094,0.09257953241906175,12.706204736432095,0.06752328003238768,-0.02421300997529997,0.2125262256908696,0.1973129982892484,0.0009389316313531872,0.7360198804293019,-0.008608054473785104,0.13433311575578563,0.0005449002423452543,0.19388446592450692,-4.538045609815503e-06,0.2861672411958622,-0.00016881632082027062,0.44016388314903004,-0.0006577822132873972,0.6614289311079893,-0.000271893636414499,1.364505794256775,-0.0004968803152892653,-0.0007957118019144376,0.06330532469416683,0.09075985422757066,0.15
0.5,844084196,-0.24346913693880576,0.1,0.050987126156904865,0.02463607148551103,0.02436579835286726,0.016191903782094643,1.2914082409238442e-05,0.0002492636656793724,0.015884045209593415,0.13433311575578563,0.02256836472842661,0.08231146441963005,0.01581088488662475,2.7764451051977987,0.06026356466062906,-0.34269762248869584,-0.008060664241146653,1e-150,12.706204736432095,0.013576501571870316,-0.26454250271707347,-0.21696932693651927,0.03325031480458739,-0.28673263464618515,-0.15592054988394138,-0.0015254085128604874,0.13433311575578563,-0.00024851312758180234,0.19388446592450692,0.0012647192479948912,0.2861672411958622,-0.0017914279818970432,0.44016388314903004,-0.00037702666338827815,0.6614289311079893,-0.0008249828274090119,1.364505794256775,-0.002792380648080287,-0.0001607989147244734,0.028570720695908845,0.039147593105377465,0.15
0.5,2139371150,0.12290197845205156,0.1,0.05890584370709724,0.06993949437868469,0.10700774973048033,0.11807602561518145,0.006806266092751361,0.007135681732325624,0.13401503433200673,0.32612014812863077,0.09333324674258994,0.08231146441963005,0.08459494718914068,2.7764451051977987,0.13122500731051698,-0.367083408985672,0.3615946494679884,0.14016906421275593,12.706204736432095,0.07290692749124035,-0.02968718098976647,0.24796583045323123,0.09743600885226526,-0.16247243044700208,0.2485426167107655,-0.007699074730574275,0.13433311575578563,-0.00022944863902611074,0.19388446592450692,-0.0005271824935543912,0.2861672411958622,-0.0006687695688930812,0.44016388314903004,-0.00022535931907673954,0.6614289311079893,-0.00010830222737232791,1.364505794256775,-0.0021061516083109616,-0.0003250830498316393,0.04032765288970658,0.05335903329946427,0.15
0.5,2028137559,-0.10719095007077097,0.1,0.060654778528531746,0.06792911570960612,0.08494095792559489,0.0865729705876913,0.0024450476782542432,0.00504983155812302,0.08765802550279453,0.13433311575578563,0.08165176856040227,0.08231146441963005,0.0711647837558671,2.7764451051977987,0.09451318279294736,-0.38281868206049785,0.14200264542378915,0.06996740307994734,12.706204736432095,0.059876453419764886,-0.20344484550735342,-0.010156871504394732,0.09018572797411147,-0.3240116206127044,0.03637673444655645,-0.0064857455175296105,0.13433311575578563,-0.004053851261499595,0.19388446592450692,0.002029138849421808,0.2861672411958622,-0.0015523074271255176,0.44016388314903004,0.0004363508934257866,0.6614289311079893,-0.00024481765883095424,1.364505794256775,-0.0025522416973738013,-8.937400838065212e-05,0.02121481968995166,0.03422343004571092,0.15
0.5,667790396,-0.14754012427659954,0.1,0.05934642126530885,0.028506133381204644,0.029231521595290376,0.02696112503799098,6.684591148157799e-05,0.0006600563518326062,0.027802658786283612,0.13433311575578563,0.03102199644399359,0.08231146441963005,0.025728661627648676,2.7764451051977987,0.048491630723446914,-0.33224284270696797,-0.0629741411766212,0.016876718131095588,12.706204736432095,0.02276013379834355,-0.18603105365115272,-0.10992389342214973,0.051910590953026574,-0.2889324562580618,-0.10087811166927566,-0.011176867404876917,0.13433311575578563,0.0008050373693948919,0.19388446592450692,0.00038377125794210033,0.2861672411958622,-0.0004169867173968457,0.44016388314903004,0.000293365180933383,0.6614289311079893,-0.0007404036853358249,1.364505794256775,-0.0019029616823921817,-0.0004013338810566678,0.044968608158093136,0.06939587456758395,0.15
0.5,923063242,0.22053562559784562,0.1,0.054306978534865165,0.05469262740134375,0.06641238809194538,0.05732782028101031,0.0013139013715824893,0.001972577606589327,0.05799677876297631,0.13433311575578563,0.06581392919933306,0.08231146441963005,0.04447784502353786,2.7764451051977987,0.03813973910235405,0.1313436961297823,0.3431294800182863,0.04938747803667288,12.706204736432095,0.039197764858895735,0.1422241435817208,0.29782141525789224,0.06217600089978227,0.08069038245817614,0.32300361423163143,-0.00566751987245983,0.13433311575578563,-0.0022895093397990642,0.19388446592450692,-0.0007274864280180145,0.2861672411958622,0.0003228431013210987,0.44016388314903004,-0.0012466626125254019,0.6614289311079893,0.0005866276968297041,1.364505794256775,-0.0020037599942842725,-0.00025326342928607125,0.035468675325292444,0.0588678117663939,0.15
0.5,41404205,0.42621529055513474,0.1,0.05105331642080925,0.046329379447043545,0.051656059384186895,0.03914875937890834,0.0006504492018730985,0.0008821761590345654,0.03972459101418024,0.13433311575578563,0.05255228809951869,0.08231146441963005,0.02974434065688296,2.7764451051977987,0.04596764983921812,0.32923787101643043,0.5844911838035175,1e-150,12.706204736432095,0.024281199040857217,0.3828521247746234,0.4695784563356461,0.05038884971133252,0.3068733601269983,0.5106100933415131,-0.004823734416654823,0.13433311575578563,-0.0005549900266053514,0.19388446592450692,-0.00014826134776069983,0.2861672411958622,0.0007424468965629085,0.44016388314903004,6.502987622703157e-05,0.6614289311079893,-0.001373126597482465,1.364505794256775,0.0013800107434187646,-0.0010025821981593513,0.07073237102559086,0.11465454594456743,0.15
0.5,1119215550,0.1020333297969799,0.1,0.06690211571837958,0.0633573940281993,0.06633392106944916,0.0777456102040878,0.001022919325448149,0.005021460580557812,0.08186747480313175,0.2861672411958622,0.06321657894121709,0.08231146441963005,0.07096459308985807,2.7764451051977987,0.12384495731861597,-0.06604600671650035,0.6216514443849028,0.08119276427821448,12.706204736432095,0.06498442379985855,-0.007527902196361985,0.19677868264264223,0.1126761813850436,0.029838389240734547,0.4449769785490817,-0.007880655699804022,0.13433311575578563,0.0007396189139147987,0.19388446592450692,0.0002621484803612272,0.2861672411958622,0.00014041767093071433,0.44016388314903004,-0.0016706405698304026,0.6614289311079893,0.00034867819252692734,1.364505794256775,1.0262057309875933e-05,-0.0008667199466330466,0.06575641973788018,0.09155347566257722,0.15
0.5,182950611,-0.11486289644982466,0.1,0.05966664988826092,0.08693450957747055,0.09934693981554582,0.12302358027953396,0.002022801461404559,0.013111999843390378,0.12667858622955738,0.2431366342882323,0.09344627161086327,0.08231146441963005,0.11467299506289604,2.7764451051977987,0.16852380505972347,-0.5586417228563454,0.37715246447840917,0.12144182675776607,12.706204736432095,0.10768337049273798,-0.30896959758992515,0.06679991497571117,0.09538474193723667,-0.2588652742157602,0.052701622149390545,-0.011004680659036354,0.13433311575578563,0.004155517507098909,0.19388446592450692,0.0003683464915913926,0.2861672411958622,-0.00033433955684524923,0.44016388314903004,-0.0006403474617187072,0.6614289311079893,-0.00037859466606460885,1.364505794256775,-0.0012602894393954024,-0.0005255488654079688,0.051150696325260696,0.08690381874239395,0.15
0.5,1908054536,-0.32553460928405253,0.1,0.05728350233785988,0.05998876073720236,0.06392522052053042,0.056597186788172354,0.00045492535928104514,0.002748316193054226,0.05772313992041151,0.13433311575578563,0.06808944568380747,0.08231146441963005,0.052500088604104045,2.7764451051977987,0.07026994041739902,-0.5965641460299076,-0.2063628818010506,0.029219548310580285,12.706204736432095,0.04909141049999173,-0.41497972300257446,-0.22921075615078898,0.07366033032585274,-0.4409989786418087,-0.17307062948979,-0.00036138993935186755,0.13433311575578563,-0.0007327060193258549,0.19388446592450692,-0.00043716656498874384,0.2861672411958622,-0.0019431901989111122,0.44016388314903004,-0.0007322761369503144,0.6614289311079893,0.0005239002968434957,1.364505794256775,-0.0014322200830330443,-0.0003532680158331183,0.042075085980061794,0.05577832965579497,0.15
0.5,515998926,0.4844081061488585,0.1,0.07461907889823402,0.08275002062701063,0.12252328171570949,0.09806498415455495,0.007773175337920423,0.0018435657793126918,0.12355058608917091,0.32612014812863077,0.10091891984894018,0.08231146441963005,0.04299876747196822,2.7764451051977987,0.0461338141808086,0.31387445507929584,0.5700504602121175,0.12894390443642528,12.706204736432095,0.040590697492851956,0.4181117446813335,0.5507044676163835,0.10570704630788999,0.3003910650910351,0.6712598809511702,-0.008331987896759003,0.13433311575578563,0.00022425021343425234,0.19388446592450692,-0.003982326671960234,0.2861672411958622,-0.0010289428446949537,0.44016388314903004,0.0006759061624952043,0.6614289311079893,-0.00025402063426788483,1.364505794256775,0.0003115835873574949,-0.0011723813340327699,0.07658190551185447,0.10652845515546104,0.15
0.5,1530865709,0.007806897697946905,0.1,0.06406202087045842,0.05214973094166073,0.06821568778922905,0.058874202370142806,0.002266703227978748,0.0011994684767417812,0.06813688368254406,0.32612014812863077,0.05783065657433592,0.08231146441963005,0.03468335549856558,2.7764451051977987,0.07732127930822115,-0.2934020630548094,0.13595451187107546,0.06663035247642793,12.706204736432095,0.0312852566011633,-0.04997760494778403,0.0679702087479406,0.07657779884466939,-0.2090925983236718,0.07693354396208178,-0.004813464992623898,0.13433311575578563,-0.0001794826871030088,0.19388446592450692,-0.0010187235133294148,0.2861672411958622,0.0002217056513031657,0.44016388314903004,-0.0007542960766382262,0.6614289311079893,-0.0003324377429561004,1.364505794256775,-0.0012894172142287512,-0.00046741485785212287,0.04820516425043705,0.055673073738210045,0.15
0.5,833402519,0.10067065774129935,0.1,0.05644438008164222,0.03322973765759549,0.04152911089113034,0.04242727968543097,0.0006951136831196245,0.0011049603783861589,0.0416186669909146,0.13433311575578563,0.03697304361601452,0.08231146441963005,0.03328894569510007,2.7764451051977987,0.08374719241704258,-0.10407658613871199,0.3609623787820002,0.033250891914115614,12.706204736432095,0.02781175113333516,0.053132848503146354,0.15167754621403057,0.06099143629293749,0.03111961829135099,0.28624643553475687,-0.008395775877803918,0.13433311575578563,-0.0020480609716599513,0.19388446592450692,-0.00013816717085847653,0.2861672411958622,3.645735708946174e-05,0.44016388314903004,-0.00027835431658281354,0.6614289311079893,0.0001932056546681116,1.364505794256775,-0.0009687059798407515,-0.0004519050570488198,0.04729097607601109,0.07787368571446418,0.15
0.5,1936765163,-0.06312621087673709,0.1,0.05818016636092738,0.03615646177687603,0.04562680818120145,0.04103835126486479,0.0009961350691016994,0.0006880112054367302,0.04600601359179567,0.32612014812863077,0.04080451356006498,0.08231146441963005,0.02626784492737735,2.7764451051977987,0.13036920946454378,-0.32942913531798734,0.3944967716546909,0.0484824244089177,12.706204736432095,0.023050458119900204,-0.11313592351035776,-0.02377360106949395,0.036181599478415705,-0.12779958413650985,0.012752064435471753,-0.004981226590281674,0.13433311575578563,-0.0006611045885351844,0.19388446592450692,-0.0013793423233081103,0.2861672411958622,0.0001175178972746778,0.44016388314903004,-0.0005730999615827293,0.6614289311079893,-0.0002367835521679884,1.364505794256775,-0.001200946120567603,-0.0005015008377902902,0.0499650137768267,0.08341816890615797,0.15
0.5,1248238864,-0.19390708703634735,0.1,0.050000481685719605,0.0699721235307284,0.08237064520711909,0.0885619440368935,0.0017746110064444896,0.0060686069251493675,0.08890443723452972,0.13433311575578563,0.0689334653993902,0.32612014812863077,0.07801375680944118,2.7764451051977987,0.08986952808997083,-0.4822265763541089,0.016809046389562182,0.07005369021660493,12.706204736432095,0.06532804668340768,-0.3189710847595736,-0.06884308931312111,0.08459657460689941,-0.35982270625501234,-0.04709939000071034,0.007835917962812636,0.13433311575578563,-0.0014025954620616031,0.19388446592450692,0.00027621870328290886,0.2861672411958622,-0.0010024153672731286,0.44016388314903004,-0.0010148182299428846,0.6614289311079893,-0.0024763379155774653,1.364505794256775,-0.0016033966935274386,-0.0007291970250378944,0.06037795868917674,0.07586053132470573,0.15
0.5,1611295177,-0.45656900979464926,0.1,0.06637706265458118,0.08300633948261904,0.10770641045122299,0.1449942339654386,0.00311736477926998,0.017905963103954363,0.15847137072703182,0.32612014812863077,0.09494928141553377,0.08231146441963005,0.13400639702045974,2.7764451051977987,0.12705700069699183,-0.6233200291379575,0.08221354619459509,0.1545023468823449,12.706204736432095,0.12282251395567165,-0.6408877891694571,-0.2722502304198415,0.1049384098573738,-0.5914836909819644,-0.2398440798327257,-0.0022685666855440634,0.13433311575578563,-0.002366762236423224,0.19388446592450692,-0.0013641278768146403,0.2861672411958622,-0.00039602508523701335,0.44016388314903004,2.0128761054297278e-05,0.6614289311079893,-0.0009457540914752093,1.364505794256775,-0.00038275107940503547,-0.0007979793171474762,0.06306017373301016,0.07521785102742556,0.15
0.5,1890067251,0.09622745918534646,0.1,0.055619157860787055,0.041469746887714924,0.042598580159976654,0.03778986884045472,4.558281877588429e-05,0.001382491368202886,0.042511773554453416,0.32612014812863077,0.04260454350278806,0.08231146441963005,0.037235561067283235,2.7764451051977987,0.04621047230176651,0.01509551941975848,0.2716971986819946,0.04017886051001137,12.706204736432095,0.035012772571151575,0.04157812433048297,0.15626326178530278,0.03867280706576815,0.011029922534797624,0.166156490126406,-0.01249602791550587,0.13433311575578563,0.0009838013651886732,0.19388446592450692,-0.0005775108999594889,0.2861672411958622,-0.00028262525641140616,0.44016388314903004,0.00014859547496520932,0.6614289311079893,-0.00022880972624389077,1.364505794256775,-0.003290616039065426,-8.58725626800327e-05,0.02079848230715605,0.030635145029512107,0.15
0.5,1529935164,-0.2394645399219145,0.1,0.06577708799908087,0.10239117046854962,0.11480930368620162,0.11013918387511942,0.0026114798676484374,0.00951915995702893,0.10955911998113693,0.13433311575578563,0.11039671984786326,0.08231146441963005,0.09770707231324724,2.7764451051977987,0.1097090255580483,-0.4340464306707168,0.1751557433426101,0.11108007753029434,12.706204736432095,0.08617241006209073,-0.3762815597332075,-0.1026475201106215,0.1272692525432934,-0.3877956423131292,0.051956134897945094,-0.006497552995840047,0.13433311575578563,-0.00041056154855445944,0.19388446592450692,-0.0014253235954413519,0.2861672411958622,0.0025677258724238023,0.44016388314903004,-0.00037211085394552105,0.6614289311079893,-0.001731933142361783,1.364505794256775,-0.0009962332035019438,-0.0005089777779786502,0.050170834039346794,0.08642379939055185,0.15
0.5,898979774,-0.3142591908428976,0.1,0.06419622444457003,0.06976625384423792,0.06317294130132863,0.026738425814240907,-0.0010516244860466614,0.001766567901070326,0.03575371243635058,0.32612014812863077,0.07626871585192278,0.08231146441963005,0.042091253113273705,2.7764451051977987,0.04156708798052443,-0.3721327991372564,-0.14131532321554982,0.03459045635621226,12.706204736432095,0.03862863763169053,-0.37610054805766985,-0.25241783362812537,0.080064955129545,-0.4378916914233065,-0.1250864557309778,-0.0076817575662292805,0.13433311575578563,-0.000912434155926126,0.19388446592450692,-0.00010925188944307159,0.2861672411958622,-0.0001778171560395991,0.44016388314903004,0.000603201095814847,0.6614289311079893,-0.0008886584556694801,1.364505794256775,-0.0004809164417500057,-0.0005603537604332098,0.053079353164349086,0.08125546973112324,0.15
0.5,1742430670,0.09449100245152972,0.1,0.06337486411813434,0.029214296233014966,0.03555155659399761,0.031082023452083045,0.0005491265901444657,0.0004169655917313746,0.03531482995737511,0.32612014812863077,0.03154156264304896,0.08231146441963005,0.02044922234701482,2.7764451051977987,0.1333718949809274,-0.38262459078101657,0.35797489920048503,0.03679219357740344,12.706204736432095,0.01833504906438095,0.06446648665928242,0.12451551824377702,0.056949462328624294,0.026353902862938077,0.26106608724660446,-0.006957840462025757,0.13433311575578563,-0.0006428791901852445,0.19388446592450692,-0.0015507711938452168,0.2861672411958622,4.642732122097098e-05,0.44016388314903004,-0.00046618392011440866,0.6614289311079893,0.00019468331238463963,1.364505794256775,-0.0012143024986907597,-0.00045781398291748216,0.04811645911681491,0.07393023495432294,0.15
0.5,731474999,-0.18992056958316564,0.1,0.05438979842029233,0.07726768160030208,0.08363165172022304,0.06684771818941683,0.0010057069551745353,0.003462910471957153,0.0728696117655696,0.2431366342882323,0.08417051019325393,0.08231146441963005,0.05893147617127723,2.7764451051977987,0.10717263861183692,-0.6118981790536042,-0.016780283283669817,0.0466520517219037,12.706204736432095,0.0526003485472354,-0.28139202840820765,-0.1010355987543452,0.09412913408787661,-0.3378243010553118,0.001990042593185755,-0.006058347270733512,0.13433311575578563,-0.00027823313842575265,0.19388446592450692,0.0010929315706997174,0.2861672411958622,-0.001275566362700676,0.44016388314903004,0.0006627100053280673,0.6614289311079893,-0.0006535210869526588,1.364505794256775,0.0009359118596839334,-0.0008028799356293585,0.06352377432057268,0.0886424041527711,0.15
0.5,155205092,0.3365155318217309,0.1,0.06489669260366152,0.03420506448082465,0.0378821300076906,0.03638949968982413,0.00022664674211868318,0.001097548945557027,0.037958427969303855,0.2431366342882323,0.03735027158659818,0.08231146441963005,0.03317711639573418,2.7764451051977987,0.15225015408430886,-0.0014095333871514404,0.8440188567588286,0.029562410862812392,12.706204736432095,0.03055685082057814,0.2795594244927172,0.39347163915074457,0.0415149714496919,0.25145283292412146,0.4130715604914366,-0.012135234144865786,0.13433311575578563,0.0023728045299313476,0.19388446592450692,0.0025640970185118322,0.2861672411958622,-0.0002866661858598577,0.44016388314903004,1.533330681412681e-05,0.6614289311079893,-0.001387245721666121,1.364505794256775,0.0003282874276422602,-0.0009495722963260598,0.06915100132308312,0.10984101354771272,0.15
0.5,6130372,0.07885823069462367,0.1,0.0598509741565457,0.03792039543811939,0.0383293050660102,0.04745052335853671,0.00033759024443194433,0.0019139619225670935,0.04928171853179449,0.32612014812863077,0.03753791890786657,0.08231146441963005,0.04381202579685427,2.7764451051977987,0.07045302689983608,-0.0622331955121391,0.3289847278526984,0.04987056826952232,12.706204736432095,0.04018169330295595,0.007681948643282643,0.14493071200967028,0.09565609967615465,-0.03528265172062908,0.33501641613113287,-0.003792989139137895,0.13433311575578563,-0.001058341983783677,0.19388446592450692,-0.000355999836317281,0.2861672411958622,0.0009713639491793755,0.44016388314903004,-0.0005091206138554835,0.6614289311079893,-0.0012416826605279741,1.364505794256775,0.0005089334896457924,-0.0008889728649087286,0.06652188663533745,0.09404419985627432,0.15
0.5,1060436906,-0.02697180427282344,0.1,0.07242638242047254,0.1020960326111464,0.12274972821564266,0.10895714477847113,0.0044351349923514635,0.007436524405925255,0.111269053450846,0.19388446592450692,0.11689871112853904,0.08231146441963005,0.08635981270839514,2.7764451051977987,0.07159134073935221,-0.16395216469600765,0.23358669044463676,0.09014807867907691,12.706204736432095,0.07993409781869017,-0.15698841037307212,0.10304480182742523,0.11056469891848,-0.18884330028875207,0.20905455800421707,-0.007627427977453492,0.13433311575578563,0.0017228928490350135,0.19388446592450692,-0.00024150896984237934,0.2861672411958622,0.001977897387153663,0.44016388314903004,-0.0010680741993112763,0.6614289311079893,-0.0012909872368413802,1.364505794256775,-0.0016289770379883045,-0.00038728285067493416,0.0439515167088858,0.05673894724794395,0.15
0.5,1920040719,-0.10652097494964563,0.1,0.06245081247829035,0.04643900849632615,0.053450184123468414,0.05081037414652181,0.0007147011856930927,0.001866992935216439,0.05347409216342765,0.2431366342882323,0.049319943508902155,0.08231146441963005,0.04327110893604663,2.7764451051977987,0.04462223207640961,-0.23332205677338777,0.014460298889707596,0.04963503189086284,12.706204736432095,0.040817934834307804,-0.18756151681009425,-0.025480433089196994,0.047624397822967304,-0.17500701992494402,0.00336485461515217,6.216339138358884e-05,0.13433311575578563,0.0009184873533552298,0.19388446592450692,-0.00040358793963881664,0.2861672411958622,-0.0035253940438793505,0.44016388314903004,0.0016773701579319278,0.6614289311079893,-0.001682138805050285,1.364505794256775,-0.0010161325158426682,-0.0006193793664896468,0.05592756541967171,0.09677515122259348,0.15
0.5,774027690,0.28630015285262916,0.1,0.0563067991316687,0.0657303967459769,0.05313211849013128,0.05469337429400226,-0.0014534721765073369,0.004444837368171165,0.055690699636974414,0.13433311575578563,0.06349641701086554,0.08231146441963005,0.06676588738979079,2.7764451051977987,0.0795848130313532,0.017072654130989184,0.45899838330895437,0.049229877906177215,12.706204736432095,0.056824484958720306,0.17557497716670406,0.39702532853855427,0.07079920213210704,0.17317214250358728,0.4380591264839951,-0.007477669541137592,0.13433311575578563,-0.0004281817716695318,0.19388446592450692,0.002624701141165458,0.2861672411958622,-0.0008530056718470141,0.44016388314903004,-0.0019913545254494182,0.6614289311079893,0.0005210109296415805,1.364505794256775,0.002027556148444584,-0.0014144848358851336,0.0845566383730389,0.13207523063611984,0.15
0.5,891722183,0.16430696426160574,0.1,0.07160539830357443,0.06935436721430491,0.08348530431235442,0.06999121121360545,0.0011104264399866854,0.0037883432071608445,0.07579351544060474,0.32612014812863077,0.07731761547142867,0.08231146441963005,0.06163839855128999,2.7764451051977987,0.16053643633271425,-0.26592197367406645,0.6255192320496586,0.07812517242600445,12.706204736432095,0.05837003635720327,0.05055526728078372,0.27805866124242773,0.11099702197691103,0.08938827839110379,0.4785101625253256,-0.009234440782681427,0.13433311575578563,0.0009141915638508591,0.19388446592450692,0.0001142884784315258,0.2861672411958622,0.0008286703906843606,0.44016388314903004,-0.0008883214165638981,0.6614289311079893,-0.0005782492828522835,1.364505794256775,0.0018101572890260958,-0.0012872003874263222,0.0807559207597401,0.13887060443883625,0.15
0.5,1810679606,-0.02892816300576287,0.1,0.06731151214305105,0.0378333775378876,0.05617952395310835,0.04192918274477897,0.0017119903710805665,4.6065994564504e-05,0.057500090769470415,0.32612014812863077,0.04666727003867139,0.08231146441963005,0.006796994429681272,2.7764451051977987,0.029250018138791932,-0.09993069039525525,0.06249144898153612,0.06503173966551626,12.706204736432095,0.005779055481046013,-0.04010757574461,-0.01774875026691574,0.054742735074241974,-0.11230007176131061,0.11441053534578692,-0.005345404881056543,0.13433311575578563,0.000782276165925289,0.19388446592450692,-0.0016665709078461511,0.2861672411958622,-1.014211347685259e-05,0.44016388314903004,-0.0022219479069083715,0.6614289311079893,0.0011414337952053361,1.364505794256775,0.004203898076461554,-0.0019342478447142131,0.09795124983165951,0.1579180701588408,0.15
0.5,1681172943,-0.20340904846209626,0.1,0.07018633083207244,0.12407084252569024,0.1397321366173642,0.1596950155764138,0.00421952608635214,0.021282971913598903,0.167818466186811,0.32612014812863077,0.13058531562235953,0.08231146441963005,0.1460975133023077,2.7764451051977987,0.13223682571368517,-0.3749262398086278,0.3593703351506834,0.16280726532296336,12.706204736432095,0.13949277942147295,-0.4353137514979067,-0.018800868899601114,0.1377703525139388,-0.355638990965031,0.09222719854062779,-0.005357267242972061,0.13433311575578563,-0.0014494760124622037,0.19388446592450692,-0.0022356964198576973,0.2861672411958622,-1.0447674323875279e-05,0.44016388314903004,-7.36208754778299e-05,0.6614289311079893,-0.00011194978619351455,1.364505794256775,-0.001044862427550931,-0.0005209006185321442,0.05102834039791247,0.0752002039158335,0.15
0.5,966819922,-0.10218090514185528,0.1,0.0676133673209095,0.08861913771834005,0.10739896684491962,0.11207897926930507,0.0056214069979320935,0.006940290596117224,0.13590269382824816,0.32612014812863077,0.09061533176071225,0.08231146441963005,0.08342870752599854,2.7764451051977987,0.07969323870370876,-0.2915127104447675,0.1510150945877764,0.135401280611156,12.706204736432095,0.07391366400275622,-0.2328534892409968,0.029608788911280385,0.09753425615544421,-0.2759492383409167,0.06927746681118704,-0.004717468331223956,0.13433311575578563,-0.0009622618472341903,0.19388446592450692,-0.0009492899197096737,0.2861672411958622,-7.175602458386018e-05,0.44016388314903004,0.0001258019646914169,0.6614289311079893,-0.00111762141857243,1.364505794256775,0.001635658610763303,-0.0012799782633707787,0.08053339549212542,0.14057084357429503,0.15
0.5,1271620614,-0.041764470368713925,0.1,0.06647057366468512,0.06904720924128283,0.10469821016317946,0.11052386014214602,0.004907822308963219,0.0073077013517574355,0.12420756756796067,0.32612014812863077,0.08723864767140167,0.08231146441963005,0.08560853856885689,2.7764451051977987,0.1077817545036604,-0.26427202753314954,0.3342282219094879,0.1283752495332663,12.706204736432095,0.0741868228407763,-0.16646426493506705,0.0714208110142449,0.08355498029643842,-0.1543864494905696,0.13684141087195034,-0.0053648676406224715,0.13433311575578563,4.0547241661800844e-05,0.19388446592450692,-0.00023062235295358592,0.2861672411958622,-0.0009466728581516916,0.44016388314903004,-8.629049981236969e-05,0.6614289311079893,-0.00030062717446618513,1.364505794256775,0.000208540335672873,-0.0007953281171648488,0.06318227473409954,0.09235272363874744,0.15
0.5,370683569,-0.08681579951290522,0.1,0.0680934111864786,0.08772542058180052,0.111281867989611,0.09711232744438009,0.004993358315379926,0.00443744582628457,0.09740140632376144,0.19388446592450692,0.10219419165239187,0.08231146441963005,0.06671035012816082,2.7764451051977987,0.0565429006735605,-0.24947688065601048,0.06449963896157423,0.07291142275964631,12.706204736432095,0.06148663850540565,-0.1809413124285449,0.004860010660357114,0.08308690776904676,-0.24786761114434525,0.07263549382439878,-0.006358557803228395,0.13433311575578563,0.0024455033916045256,0.19388446592450692,-0.0031583374052555286,0.2861672411958622,-0.0010722518470210485,0.44016388314903004,0.0006813974108139823,0.6614289311079893,-0.000154712606299877,1.364505794256775,-0.0005027356438760871,-0.0005857815829269094,0.0538290472277575,0.07710308486257311,0.15
0.5,339792517,-0.2096089566179768,0.1,0.06341081004813111,0.08869479762227023,0.0849737969853653,0.08809180131082993,-4.0174063567101695e-05,0.00780033952175384,0.09362259650030288,0.19388446592450692,0.08469371701386195,0.08231146441963005,0.08844706810082369,2.7764451051977987,0.11856129339367281,-0.5027511191483279,0.1556067262692381,0.07749267249072915,12.706204736432095,0.07895519226519643,-0.3437315000988687,-0.07866147018225472,0.09162715204587431,-0.4018285541731086,-0.04668743338110053,-0.008631897612320383,0.13433311575578563,0.0009348442281570611,0.19388446592450692,-7.124040616616117e-05,0.2861672411958622,0.0008086435093286677,0.44016388314903004,3.41119802185198e-05,0.6614289311079893,-0.0016026862423032476,1.364505794256775,-0.00046476295192075,-0.0007588995099991276,0.061387465436889395,0.1061579027895072,0.15
0.5,214040974,0.004182817175895184,0.1,0.06654803403572034,0.08155275582753889,0.09458423121839604,0.1013664726245428,0.002352843286645214,0.00792231848569697,0.1015068460155405,0.19388446592450692,0.0856220798721586,0.08231146441963005,0.08913593753325919,2.7764451051977987,0.07974775267906857,-0.3139111527037598,0.12891936244888935,0.09918929445057739,12.706204736432095,0.0785688996001868,-0.11981623597952348,0.1353468841868754,0.09785267604195906,-0.2798620472272175,0.09179343491740369,-0.007069367323522787,0.13433311575578563,-0.001196014346133569,0.19388446592450692,0.0005353009340476193,0.2861672411958622,0.00042838727551986454,0.44016388314903004,-0.0007324484776664713,0.6614289311079893,-0.0006970326721361933,1.364505794256775,-0.002907787888517328,-0.00013035871869632773,0.0256963383269219,0.04588511230580672,0.15
0.5,820138587,0.1673964182975931,0.1,0.06239462491492931,0.04952250174231459,0.060807588306820176,0.04690186605703224,0.0011750095388315088,0.0010247755008002844,0.04738415198623571,0.13433311575578563,0.06002150471242057,0.08231146441963005,0.03205834181152126,2.7764451051977987,0.09668159620751558,-0.11536093184724813,0.42150135725888527,0.03399142610525887,12.706204736432095,0.0267477743500365,0.10592279313192746,0.2095035157029087,0.0970660163252073,-0.08840737888623007,0.34945196587431915,-0.0018439800007577173,0.13433311575578563,-0.0013234638624823743,0.19388446592450692,0.00018035628112925148,0.2861672411958622,0.00033746181954989973,0.44016388314903004,-0.0006294968372821477,0.6614289311079893,-0.0009353965787999493,1.364505794256775,-0.0004230595162970348,-0.0005722572807762224,0.053563742710262596,0.06096409603889549,0.15
0.5,966710502,-0.12659810465582388,0.1,0.06152173208073543,0.04919911310886005,0.0625843691697455,0.06803497501634259,0.0012534510454024414,0.003375306780071919,0.06836146448820328,0.13433311575578563,0.05917352319496181,0.08231146441963005,0.05818128566798467,2.7764451051977987,0.042075725602230954,-0.27779646557690163,-0.044154580784981995,0.056159143766197094,12.706204736432095,0.05417509468137158,-0.21266778912595233,-0.03805074924808463,0.05698838895544854,-0.2619181963463467,-0.06112839599969378,-0.004614936219770787,0.13433311575578563,-0.002686444370222317,0.19388446592450692,0.0014843823581226242,0.2861672411958622,-0.00018368366814790102,0.44016388314903004,-0.00045154788609260907,0.6614289311079893,-0.00045385481312593427,1.364505794256775,-0.0010380431477016502,-0.0003959361171770119,0.04432626473044252,0.07824888130812395,0.15
0.5,1084964443,0.1991862841422061,0.1,0.057205686267734125,0.06408799459103647,0.0796571911869907,0.08398891964931053,0.001840924166038039,0.0052132144578203015,0.08352616030429957,0.13433311575578563,0.07061579519130703,0.08231146441963005,0.07230685687836962,2.7764451051977987,0.06686864650438193,0.12714833442178478,0.498462586978371,0.06600918568362628,12.706204736432095,0.06875356725541147,0.0926712152201146,0.310846824606706,0.08973192685431144,0.12612559811061366,0.4585919836759701,-0.003950264879171048,0.13433311575578563,-0.0005736006950490249,0.19388446592450692,-0.0007471123259248379,0.2861672411958622,-0.002011655183040756,0.44016388314903004,0.0003641953132116094,0.6614289311079893,-7.851196621370435e-06,1.364505794256775,-0.0007049416169736131,-0.0005603115917487592,0.05278651481179383,0.08573398853224842,0.15
0.5,1194505672,0.11275448591767122,0.1,0.07286620437029201,0.0603957184659568,0.06465078044396373,0.07002574023224152,0.0008314141754233858,0.0040721901196499825,0.0699838270770712,0.13433311575578563,0.06405536107741638,0.08231146441963005,0.06390586401306145,2.7764451051977987,0.1254987415147767,-0.14214131450870895,0.5547394186656621,0.0576259568694476,12.706204736432095,0.05214726065297968,0.022157946366596258,0.2044427241994437,0.072867088248531,0.019734589745066655,0.2996002757908674,-0.010511134825163882,0.13433311575578563,0.00025528533255920506,0.19388446592450692,0.000278214926752873,0.2861672411958622,-0.000652485692885043,0.44016388314903004,0.00028405587027446774,0.6614289311079893,-0.0008548987568386491,1.364505794256775,0.0020912110773504693,-0.0015081077460218375,0.08692608354819895,0.11568442939972741,0.15
0.5,1523466913,0.03424744619102951,0.1,0.05755735030813767,0.05313534614555766,0.0553372044267791,0.0262329309888721,3.513985288176695e-06,0.0006846526829787494,0.026125231109196366,0.13433311575578563,0.052516321006975536,0.08231146441963005,0.026203653332282823,2.7764451051977987,0.05091088822873272,-0.1474723547920171,0.13523021805585728,1e-150,12.706204736432095,0.023762435096471586,-0.008133754621679777,0.07500054464026013,0.06317536723121504,-0.1156640531424119,0.12071345929068136,-0.003468639885623166,0.13433311575578563,0.0008241244979229072,0.19388446592450692,-0.0021615469310351633,0.2861672411958622,4.189517946351264e-05,0.44016388314903004,0.0008381410793832481,0.6614289311079893,-0.0015786735513045947,1.364505794256775,-1.3035613146623712e-05,-0.000699454305565867,0.05957353934062501,0.09127907730994529,0.15
0.5,642605231,0.12591980231685207,0.1,0.06122511090575614,0.10654021968029181,0.1080067302088944,0.09113041578864904,0.0016329567858096913,0.006671795896002363,0.0903644856437858,0.13433311575578563,0.1055198958886809,0.08231146441963005,0.08179901309368366,2.7764451051977987,0.09733332759387166,-0.28807193791979246,0.2524093440214451,0.08165425528111045,12.706204736432095,0.07427706625171317,0.01041759635151722,0.2502323660226661,0.12893203066464473,-0.18867803842304143,0.24025995609837367,-0.008358913724778684,0.13433311575578563,0.003981347518470255,0.19388446592450692,-0.0005644159546909264,0.2861672411958622,-0.0006984304468105307,0.44016388314903004,-0.0012351521667964978,0.6614289311079893,0.0006917256081312085,1.364505794256775,0.001209416229904756,-0.0010461786589504149,0.07235228976561565,0.09475616208385482,0.15
0.5,405422862,0.3822244210471497,0.1,0.06626444767086971,0.08899019003086067,0.09438890374132827,0.08033815586082309,0.0002872370603165843,0.006166982226801319,0.07974263676037498,0.13433311575578563,0.08941028469832077,0.08231146441963005,0.07864353676466779,2.7764451051977987,0.12453299482356589,0.1321361133505619,0.8236541611775865,0.06846286846956748,12.706204736432095,0.06440535125018346,0.25224389777961,0.49998837318156675,0.1133203607056149,0.17415997303683245,0.6009123248728024,-0.0068550306982029015,0.13433311575578563,-0.0004941872021691985,0.19388446592450692,0.00016370720736332212,0.2861672411958622,-0.00054004596148381,0.44016388314903004,0.00015767150981203738,0.6614289311079893,-0.000929750126382741,1.364505794256775,0.005418299547154258,-0.002171821712977058,0.10473024056172313,0.18138805316848036,0.15
0.5,550461357,0.02749270660660567,0.1,0.06078222902171957,0.04709532087421027,0.05892085065613403,0.06042642581025208,0.0009151057627986123,0.0027362471734032863,0.061388380262531655,0.13433311575578563,0.05781192999185226,0.08231146441963005,0.052384686714994806,2.7764451051977987,0.10123251373558032,-0.2675100638367157,0.2946229706593261,0.03885424856186438,12.706204736432095,0.04325061949814773,-0.0316939578170118,0.12055205907604112,0.05037392525508826,-0.08396762031216898,0.10583204005748635,-0.009196385463250542,0.13433311575578563,0.0004368694273836208,0.19388446592450692,0.0007311942722419754,0.2861672411958622,-7.863737485180789e-05,0.44016388314903004,-0.0007421775836573974,0.6614289311079893,-9.295059256991192e-05,1.364505794256775,-0.00012787610327754848,-0.0007531572029053622,0.06147065754252368,0.08722796888463406,0.15
0.5,1020182111,-0.008074837510722348,0.1,0.06801784822659673,0.04690684375582532,0.04590633906142637,0.04834553443725493,0.0001034350987364264,0.0022338556012873757,0.04962093220482717,0.32612014812863077,0.047180491794135096,0.08231146441963005,0.047331932470044996,2.7764451051977987,0.05406126693327237,-0.19164411264489128,0.10855216727046006,0.049445138450866524,12.706204736432095,0.04387415340056625,-0.07234468955023007,0.05619501452878537,0.06266638600363715,-0.16420793190388033,0.08483789898498621,-0.00984345877202499,0.13433311575578563,-0.0008544871953246232,0.19388446592450692,0.0022030011630109953,0.2861672411958622,0.0012697243525894185,0.44016388314903004,5.321363885703528e-05,0.6614289311079893,-0.0022122303850979114,1.364505794256775,-0.0032394143099520344,-8.684654682059483e-05,0.020769836150014386,0.03174399367887143,0.15
0.5,823406992,0.06801000630906949,0.1,0.06142253103406159,0.061826625361119075,0.06652286586593066,0.0520165948630171,0.0008545219832711303,0.0018512041578721268,0.052824535373459255,0.19388446592450692,0.062370559701303195,0.08231146441963005,0.043087753003683525,2.7764451051977987,0.042829910882410935,-0.027004648569807346,0.2108251442812482,0.04742713911485951,12.706204736432095,0.03677109680727608,-0.0014320359263505558,0.13639930986660215,0.06565819047695322,-0.02094135911532202,0.2198461220297101,-0.009120033128602266,0.13433311575578563,0.0008449079663752439,0.19388446592450692,0.00037118867188195084,0.2861672411958622,-0.00019914821437425957,0.44016388314903004,-5.763456375082622e-06,0.6614289311079893,-0.000517871972296837,1.364505794256775,-0.0018801628926091365,-0.000255527668141747,0.035735009210313265,0.04423102033891318,0.15
0.5,1004857821,-0.2099742638550467,0.1,0.0662000120252324,0.09189793966893023,0.10564837349873371,0.09350047140940863,0.0015439254992268472,0.0071984126545547936,0.10081113496850957,0.32612014812863077,0.10049139492142263,0.08231146441963005,0.08496597739922795,2.7764451051977987,0.11966827523905205,-0.33161674482579795,0.33288804924406,0.10399716060261265,12.706204736432095,0.07913658920507212,-0.34188512931074,-0.07806339839935339,0.20431110082462786,-0.2909998030443681,0.4722157518767076,-0.00853613707938892,0.13433311575578563,-0.0012692215210555102,0.19388446592450692,0.00218855086083883,0.2861672411958622,-0.001831768439027997,0.44016388314903004,-0.0002789561309010824,0.6614289311079893,8.144442169512164e-05,1.364505794256775,-0.001568016355283957,-0.000489462538865841,0.049346887723212635,0.06486676948306544,0.15
0.5,148489909,0.17323798849915945,0.1,0.0664236646643766,0.05893606197340658,0.07947413523963048,0.08480074039097034,0.003260236349068413,0.003930929221788335,0.10208933320574812,0.32612014812863077,0.06532219130119145,0.08231146441963005,0.06278766032353275,2.7764451051977987,0.21207895819238692,-0.12047514780422286,1.0571760229731795,0.10878235223282488,12.706204736432095,0.058322667108010214,0.07072712590436882,0.2757488510939501,0.11120394810086018,0.10768834899188853,0.5247996834664835,-0.008334961921316823,0.13433311575578563,-0.0018762679939864468,0.19388446592450692,-0.0012961648328287448,0.2861672411958622,0.0008535484586874074,0.44016388314903004,-0.000800470496150651,0.6614289311079893,0.00011419557343775995,1.364505794256775,-0.001777841437568141,-0.00040968926748254704,0.045389341240623146,0.06518049708923877,0.15
0.5,529210577,0.18280672379588536,0.1,0.06705711382419692,0.2254788768100433,0.25739772319832943,0.22386605792043474,0.018178960950928934,0.031937050937906504,0.25520783200707614,0.32612014812863077,0.23642597435423182,0.08231146441963005,0.1789674678631118,2.7764451051977987,0.25947940938648495,-0.7681131217208587,0.6727475504605852,0.2667267622356486,12.706204736432095,0.17444319236335343,-0.09554607023762562,0.46115951782939635,0.22484693912476156,-0.27510061421423243,0.4528789853290858,-0.006983271965456858,0.13433311575578563,-0.0015268450832601082,0.19388446592450692,-0.0009978871695896533,0.2861672411958622,3.8789056636678844e-05,0.44016388314903004,-0.0004583340668245693,0.6614289311079893,-0.00018494648475364555,1.364505794256775,-0.0014208973009995382,-0.0004929824495550474,0.04960879129181371,0.060117987442088947,0.15
0.5,557469567,-0.4491710532433635,0.1,0.06708991520678617,0.10849186327513327,0.10853364972717502,0.07460577194874383,0.00044597378609555725,0.005120047421972416,0.07564831954288567,0.13433311575578563,0.1075844585679777,0.08231146441963005,0.07165783451159694,2.7764451051977987,0.06238639459979905,-0.7549569006638099,-0.40853210082870905,0.0511801421144781,12.706204736432095,0.06536415811081829,-0.5602516971616294,-0.35227377597998466,0.18862269269171683,-0.9912169635147793,-0.3483440835562846,-0.00713655443973544,0.13433311575578563,-2.8304811932133515e-05,0.19388446592450692,-0.0011910845957873888,0.2861672411958622,-0.0006519731222552585,0.44016388314903004,-0.0005538822052835513,0.6614289311079893,0.00026187537113989476,1.364505794256775,7.703392701721255e-05,-0.0008756478695056164,0.06628379128678502,0.07351402630965202,0.15
0.5,499376427,0.04442969128746812,0.1,0.059519883355338594,0.06257167584005385,0.08484229151814979,0.10702855349798852,0.002833850087177556,0.008621261176694237,0.1119540892213215,0.32612014812863077,0.07472207051776641,0.08231146441963005,0.09298482734570879,2.7764451051977987,0.10419521274356192,-0.2502253318371756,0.328359244976636,0.11547958029004131,12.706204736432095,0.0827455987791276,-0.11563786624608094,0.20591121973900534,0.06450890706776774,-0.10023892018596905,0.1401198584891431,-0.004882053718766642,0.13433311575578563,0.001722445714932894,0.19388446592450692,-0.0004184825484856494,0.2861672411958622,-0.0019303029207199136,0.44016388314903004,0.0004999721782696404,0.6614289311079893,-0.0004254524031195116,1.364505794256775,-0.000662877118255928,-0.0005350853055674054,0.052074971654626524,0.08466939147545063,0.15
0.5,1994923292,0.19808273786958847,0.1,0.07583617203109312,0.1052095542932604,0.1306284847297464,0.12596951725066985,0.005343341812485698,0.010524977463881114,0.12710980155102852,0.32612014812863077,0.1258560171105026,0.08231146441963005,0.10273945918629475,2.7764451051977987,0.133862527429615,-0.34207249078970986,0.4012514273130114,0.12990879360176288,12.706204736432095,0.09300146956784777,0.05455544963859049,0.35947973122379007,0.13112043275399768,-0.19497944590621832,0.3301663481487259,-0.009921083426086748,0.13433311575578563,-0.001132794641464968,0.19388446592450692,-0.001285052819047084,0.2861672411958622,-0.0001314838583669874,0.44016388314903004,0.0007859856275187379,0.6614289311079893,-0.0007690755545619192,1.364505794256775,-0.0007504612614010816,-0.0006935217723251874,0.05871402791262834,0.10235229316048396,0.15
0.5,990449811,-0.01397558085893072,0.1,0.07152248598205545,0.09858137352032452,0.10582779861484592,0.12069460750872169,0.0014711761349782589,0.013096012146706117,0.12499490352535333,0.2861672411958622,0.1021331860740435,0.08231146441963005,0.11460306231857355,2.7764451051977987,0.1106247350255027,-0.21858303679095137,0.39570397135976954,0.12228916228006552,12.706204736432095,0.10094717066865289,-0.1756942836768425,0.14596117485365126,0.11258427924532187,-0.18496025750788075,0.17497246392637802,-0.0053193118104166055,0.13433311575578563,-0.0009155136088006403,0.19388446592450692,0.0004303048356605104,0.2861672411958622,-0.0019822031082939113,0.44016388314903004,-0.0007846787543292685,0.6614289311079893,0.0008470543904718028,1.364505794256775,-0.001944954657212541,-0.00034640542936517936,0.041845739268835516,0.0675899880794133,0.15
0.5,1754919588,-0.18389009371366508,0.1,0.06652001671914014,0.06271869749976221,0.0875068978920548,0.09195317565810461,0.003132484643692024,0.005322901869918217,0.09878491052114742,0.32612014812863077,0.079681459785473,0.08231146441963005,0.07306357491506181,2.7764451051977987,0.16596361679125538,-0.5881414092091416,0.33343633375286674,0.09892834926247336,12.706204736432095,0.06080392479868752,-0.28923207334174356,-0.06980544962678223,0.11494283029456398,-0.4453370411117579,0.08082199986217037,-0.0038884254069074474,0.13433311575578563,0.0017554337474586527,0.19388446592450692,0.0006554072564205987,0.2861672411958622,-0.001640033810035939,0.44016388314903004,0.0012583048003198618,0.6614289311079893,-0.0023308219428984384,1.364505794256775,0.0013383591590191673,-0.0011903042890546607,0.07670596305006251,0.12281903684758025,0.15
1.375,1853977316,0.19970630669464104,0.1,0.06731586856184461,0.06629816511342848,0.07890583618398211,0.1023358123711896,0.0016448915523242305,0.008827726941347093,0.10215074012093223,0.13433311575578563,0.07459157624138765,0.08231146441963005,0.09409166064549654,2.7764451051977987,0.135351410981996,-0.08391515835398672,0.66767636665117,0.08626613638150757,12.706204736432095,0.08205486378290189,0.06222903781338576,0.3371835755758963,0.10034262503843311,0.006444659609821303,0.39225178560686347,-0.008053188361273824,0.13433311575578563,-0.0003206890787305613,0.19388446592450692,0.0010921483788076732,0.2861672411958622,-0.0033482487183296543,0.44016388314903004,0.0014140468360822292,0.6614289311079893,-0.0006663092077507615,1.364505794256775,-0.001640627751081032,-0.0005357584958291716,0.05165991576705878,0.07064204274210784,0.15
1.375,934643513,0.08681234411601155,0.1,0.061296059468070346,0.04280195097780038,0.04522527069133851,0.028517181463101022,0.00039509039615645623,0.0004181392424429764,0.028736256469997685,0.13433311575578563,0.04481476187092865,0.08231146441963005,0.020477981769777307,2.7764451051977987,0.042851539753669135,-0.009074972972696896,0.2288749226258302,1e-150,12.706204736432095,0.01857925929434637,0.05667529918364295,0.11694938904838015,0.04829986863517707,-0.028708144551482222,0.15077333846686228,-0.008015229002903376,0.13433311575578563,-0.0005794850234724467,0.19388446592450692,-0.0008605598277875709,0.2861672411958622,-0.0010394917932598257,0.44016388314903004,0.0005506759205339757,0.6614289311079893,-0.0002371800392923887,1.364505794256775,-0.0018546588996065823,-0.00033851597257868594,0.04115936857453522,0.06090908970759513,0.15
1.375,262275338,0.05351828734399357,0.1,0.06599259206200059,0.03870834725783337,0.04487227632343368,0.04847216531431671,0.0005250591911866256,0.0018244916190718222,0.04834296358542067,0.19388446592450692,0.04256351372136116,0.08231146441963005,0.04277574916043868,2.7764451051977987,0.15660365281930566,-0.4053080175916478,0.4642948730608655,0.04062418878455136,12.706204736432095,0.04189879362058664,-0.028428113115318357,0.11419011590434897,0.06317430109150585,-0.1358364244953226,0.142188657291265,-0.008706530088721333,0.13433311575578563,0.00016525315117565107,0.19388446592450692,-0.0007417486742643182,0.2861672411958622,-0.00011289472840085341,0.44016388314903004,-0.00032968198498075225,0.6614289311079893,7.006080429218241e-07,1.364505794256775,-0.0012473610654055321,-0.00047069935506870126,0.04886784749132286,0.07266651466269326,0.15
1.375,2060673877,0.17393538858003313,0.1,0.048811999479601575,0.019897557520822035,0.019658580969074517,0.025635881260554865,2.745856902910081e-06,0.0006544525511023581,0.025701994374570325,0.19388446592450692,0.018923501352101756,0.08231146441963005,0.025619212174926954,2.7764451051977987,0.1881437139490036,-0.17655258279541042,0.8681888045394812,0.02364231478107508,12.706204736432095,0.02169074603293126,0.1353437249283738,0.21252705223169246,0.08267044369576412,0.1408167039265574,0.41208376155762466,-0.006784042609423205,0.13433311575578563,-0.0017044793615186126,0.19388446592450692,0.001821539167959551,0.2861672411958622,-0.0005816180511075429,0.44016388314903004,-0.00028188944200100157,0.6614289311079893,-0.0008736965679566003,1.364505794256775,-0.0008320845820273296,-0.0006845989390486402,0.05841153150556036,0.07205145398378399,0.15
1.375,220258353,-0.11468891232109621,0.1,0.06351579689076321,0.05953261024943442,0.06875359572963376,0.054095950595635045,0.0009154569435317755,0.0020109149273136117,0.05392176514003789,0.13433311575578563,0.07003793116888961,0.08231146441963005,0.044907981697768606,2.7764451051977987,0.15106982197245092,-0.6294474548683687,0.20942668064865963,0.039390608930734934,12.706204736432095,0.039439577229064146,-0.18356293191084738,-0.03733548414873323,0.08002537643992058,-0.31606657490881895,0.021586553133774673,-0.0031750833740173566,0.13433311575578563,-0.002666516769712024,0.19388446592450692,-0.003087923876122009,0.2861672411958622,0.0018660511485958432,0.44016388314903004,-0.0018695089355690686,0.6614289311079893,0.00045185967647482113,1.364505794256775,-0.0012505351035024617,-0.0005057908159960578,0.05055433586656887,0.08596716021676569,0.15
1.375,1574899225,-0.08563914362821973,0.1,0.05862176850482925,0.04470481722701419,0.05083423663013238,0.047989231046556474,0.0010453218487932736,0.0012576444476465063,0.04785333321744042,0.19388446592450692,0.04378479671213426,0.08231146441963005,0.03551449363554036,2.7764451051977987,0.19261647939929855,-0.7468238091043166,0.3227543537129137,0.03861711685337068,12.706204736432095,0.02960370199430274,-0.13674919224871343,-0.03452909500772603,0.08300569733192042,-0.3163368272881877,-0.024193606942626317,-0.005729925925254237,0.13433311575578563,-0.000594130648070851,0.19388446592450692,-0.0008955378619134241,0.2861672411958622,0.0002637375044233041,0.44016388314903004,0.0001515076607556278,0.6614289311079893,-0.0007509039459565703,1.364505794256775,0.002076145202989627,-0.0011730303349497232,0.07685050840096323,0.12279653130760412,0.15
1.375,294963049,-0.12544099309356743,0.1,0.08406050380461051,0.060928056597964415,0.08115383026850904,0.06274089734303875,0.0030826866630790607,0.0008537335363306665,0.06905514347431872,0.2431366342882323,0.07114478824163568,0.08231146441963005,0.029260912055111,2.7764451051977987,0.04341462173825635,-0.17791501003054708,0.06316161800784453,0.055236985143130954,12.706204736432095,0.0255254609602879,-0.16604482820597766,-0.08483715798115722,0.0941716934494577,-0.30021431573165214,0.07170919026347071,-0.011618477269856726,0.13433311575578563,-0.004847023588348345,0.19388446592450692,0.0008601170610512116,0.2861672411958622,-0.0007537982497739441,0.44016388314903004,0.0005021488768408207,0.6614289311079893,-0.00047061793211936856,1.364505794256775,-0.0014063912660811288,-0.0007462285303781466,0.06125993682968887,0.07956303365936628,0.15
1.375,780527382,0.06939858904310484,0.1,0.06267302459984696,0.043091629445984506,0.049111295177994334,0.05686178355262034,0.0008044878437233124,0.0024287745850617324,0.058541083662483624,0.2431366342882323,0.04576169015552822,0.08231146441963005,0.04935376545702814,2.7764451051977987,0.2251615561247976,-0.7269625228591616,0.523334877903666,0.05738479900426812,12.706204736432095,0.04428631304795523,-0.019382670093784263,0.1369360449061339,0.0770006303929224,-0.12583791190055224,0.20493465328407853,-0.010259834947353589,0.13433311575578563,0.0028265987564128283,0.19388446592450692,0.00018592853351235647,0.2861672411958622,-6.34098499193862e-05,0.44016388314903004,-3.1080846397917134e-05,0.6614289311079893,-0.000805131941560645,1.364505794256775,0.0009972374060351924,-0.0010142958183782598,0.07117111287356291,0.10245634163751516,0.15
1.375,150262305,-0.35681322011512534,0.1,0.06474786731620652,0.08171456763963456,0.08178510841190542,0.07183571357968525,-0.00013469434871641543,0.0052950640942189915,0.07286127310004825,0.13433311575578563,0.08572055847336177,0.08231146441963005,0.0728722700872595,2.7764451051977987,0.05379498189631439,-0.6150661918027418,-0.3163485634622893,0.05639513149974778,12.706204736432095,0.06519603660001212,-0.4531644540347595,-0.26046198619549116,0.10428992225036397,-0.5975773723310064,-0.26910274110437016,-0.0077507223686641155,0.13433311575578563,0.0016298738997516438,0.19388446592450692,-0.0002904672945150322,0.2861672411958622,-0.0007063477430076216,0.44016388314903004,-0.00047380882283133187,0.6614289311079893,-7.656217093247509e-05,1.364505794256775,-0.0007803822278301607,-0.0005978262908968523,0.05460041927758054,0.07974925189478914,0.15
1.375,1824558661,0.05363799339395333,0.1,0.06672370906519226,0.04531488413351632,0.05836574667606636,0.04172221659469565,0.001197398434921238,0.0005433449226534596,0.05848010580315958,0.32612014812863077,0.05066649307197465,0.08231146441963005,0.023343420565581027,2.7764451051977987,0.06336028821141347,-0.16784874438804326,0.1839839797489582,0.07110301856573675,12.706204736432095,0.01864904557287028,0.014774772183558368,0.08733395786173118,0.10524933692717811,-0.26843755931124214,0.1321413498923617,-0.012313837938523697,0.13433311575578563,0.0029223278970483754,0.19388446592450692,-0.0016917646679651117,0.2861672411958622,0.00015835282983480927,0.44016388314903004,-7.811801931986772e-06,0.6614289311079893,-0.00018156093435791283,1.364505794256775,-0.0020733816782664513,-0.0003141292823090924,0.03951522434278139,0.04833900069994117,0.15
1.375,1195438264,-0.21507727860076933,0.1,0.07125636507218072,0.04871282514883838,0.07300996115205573,0.08036243607744326,0.003245173318060274,0.00321294781424088,0.08265939439016377,0.19388446592450692,0.06177517676254833,0.08231146441963005,0.05676472311729016,2.7764451051977987,0.06107552783492274,-0.3420963839724899,-0.0029506833632036433,0.07624614990441744,12.706204736432095,0.0541767510828087,-0.2972113189751825,-0.13327146844581222,0.06217264602436898,-0.2907962717286413,-0.06543072083636166,-0.0089640694374608,0.13433311575578563,-0.0027523844203974305,0.19388446592450692,0.0001267536327665891,0.2861672411958622,0.0005059514546874781,0.44016388314903004,0.00022213263856377512,0.6614289311079893,-0.0012720225394377547,1.364505794256775,-0.001698343832260429,-0.0005576465878737436,0.05256438095288952,0.08884373010346054,0.15
1.375,1746904716,0.15527101248501837,0.1,0.06102491868044471,0.03465160148395381,0.041669387578134084,0.05874959339364456,0.0005834410471897416,0.0028680736767288228,0.058504057706270714,0.13433311575578563,0.03922883073214969,0.08231146441963005,0.05363173414134943,2.7764451051977987,0.11876394058023176,-0.20299457038665356,0.45648855260931986,0.05955145229710097,12.706204736432095,0.0495299451805898,0.055267826712077944,0.24173493392180595,0.06438794224841084,0.0004772805109090122,0.27863541106749673,-0.00942470668325089,0.13433311575578563,0.005732445307705759,0.19388446592450692,-0.00031665205511015483,0.2861672411958622,0.00023255887316102374,0.44016388314903004,-0.00010428687388591152,0.6614289311079893,-0.0011709063898376205,1.364505794256775,-0.0016669854315384633,-0.00027918795942374945,0.03726716637012456,0.0499628870865276,0.15
1.375,220365404,0.04698839261444408,0.1,0.05080726245282872,0.04056008879295653,0.050694447580784126,0.04276236924630177,0.0009693301480012122,0.0008592900755558434,0.04342987659834643,0.13433311575578563,0.045500842298089754,0.08231146441963005,0.029355980189461225,2.7764451051977987,0.19717474814867658,-0.39970135101952387,0.6951883777124798,0.023862560532500646,12.706204736432095,0.026194110025444722,-0.0020156011535170477,0.10211377546721066,0.06224741598326763,-0.1147185728743701,0.12073450021164829,-0.006254269155631449,0.13433311575578563,0.0002475626098010368,0.19388446592450692,-0.00034084097266408347,0.2861672411958622,-0.0010782618406557946,0.44016388314903004,-0.00011730311641582147,0.6614289311079893,-2.8116800473648296e-06,1.364505794256775,-0.0009215226473357719,-0.0005051659364550963,0.049999393556039336,0.07999877898391422,0.15
1.375,1205226646,-0.10053335291705591,0.1,0.07079533231312045,0.08254072384188306,0.0948453276544054,0.11611740703057195,0.002712713184680888,0.010770539030822633,0.11688404720214224,0.13433311575578563,0.09746123966218091,0.08231146441963005,0.1039310721408436,2.7764451051977987,0.13473740211706062,-0.3876123082276734,0.3605696929622875,0.09434318712472739,12.706204736432095,0.09219310030781351,-0.2654369368682161,0.06500064318170945,0.10008125620083187,-0.28510090416694006,0.09107010018175546,-0.0015996601811566155,0.13433311575578563,-0.0009822754098128205,0.19388446592450692,-0.004102985650664949,0.2861672411958622,-0.00029592827780487035,0.44016388314903004,3.2195984895826244e-05,0.6614289311079893,-0.0002981838473958147,1.364505794256775,0.002887344760305464,-0.0015568076577661164,0.08801855588950978,0.13814432981950028,0.15
1.375,1619773314,-0.014099621144495679,0.1,0.06623450665677774,0.06598688595202934,0.0767173509610778,0.09130468148312572,0.0015376827066253757,0.0067988621541096635,0.09939047579747554,0.32612014812863077,0.07139822378078924,0.08231146441963005,0.08257428198130744,2.7764451051977987,0.12866879828147174,-0.18214847302317136,0.5323352373373789,0.09955455310112996,12.706204736432095,0.06871474219609652,-0.139514712218913,0.11263383407529362,0.1029249001999201,-0.08357294897147823,0.2896563781281078,-0.00973852838542215,0.13433311575578563,-0.0035589192813934934,0.19388446592450692,0.0014728742362552624,0.2861672411958622,-0.001333863984594393,0.44016388314903004,0.0010694393912279304,0.6614289311079893,-0.0007166953331069244,1.364505794256775,0.000495422492442374,-0.0009711048152052972,0.06956823276016516,0.10899840274682175,0.15
1.375,947054611,0.2499929741932608,0.1,0.05792953703947633,0.0779621352543721,0.08607383684276634,0.10167441345943896,0.0025727304728086374,0.0077649558795123055,0.12617104656588524,0.32612014812863077,0.0762619473920949,0.08231146441963005,0.0882462347555307,2.7764451051977987,0.09299356428168945,-0.027548809831485638,0.4888342428981014,0.13201441373375475,12.706204736432095,0.07474796678619114,0.12429565043364248,0.3938649126031084,0.07973338244974956,0.09754967642260329,0.3735797385867751,-0.006308795203379602,0.13433311575578563,-0.0005457953733172777,0.19388446592450692,-9.424809383510631e-05,0.2861672411958622,-0.00011712599582208956,0.44016388314903004,0.00018007925905241259,0.6614289311079893,-0.0006111879042186148,1.364505794256775,0.002836861103591407,-0.0013347434668557342,0.0818216644585179,0.11488531114846662,0.15
1.375,1096760611,-0.3900497117125183,0.1,0.060138668074154814,0.046051934229473644,0.039856207162888596,0.03715519351156023,-0.0002499003011357829,0.0016304087060172703,0.039727285974450306,0.32612014812863077,0.04524807198517511,0.08231146441963005,0.04043662782561736,2.7764451051977987,0.1248983713995994,-0.5576932439120007,0.1358536999271883,0.04032856953000258,12.706204736432095,0.03419117972691381,-0.45357109695530357,-0.326528326469733,0.04888925609859713,-0.481549555004049,-0.2905722776752675,-0.0069123896854141696,0.13433311575578563,-0.0036425155653733938,0.19388446592450692,0.0010160450659169264,0.2861672411958622,-0.0009256721349385216,0.44016388314903004,0.0002849275170649094,0.6614289311079893,-0.0003283444104550795,1.364505794256775,-0.0008788785678087267,-0.000550009773225042,0.052172026900989786,0.07864421046637071,0.15
1.375,308079503,0.2795800260976161,0.1,0.06711663602554112,0.04948786812617974,0.0644912796903668,0.04995190144350975,0.0018601065944967425,0.0006350858633253693,0.06743375263246063,0.32612014812863077,0.05484179528294809,0.08231146441963005,0.025237301194875734,2.7764451051977987,0.0764602234742468,0.07780378041478653,0.5023790068295912,0.06982902442062902,12.706204736432095,0.02094891065631765,0.23323079916456244,0.30559714443857366,0.10366971552719444,-0.048449075874951425,0.3570227762721192,-0.009714799846860772,0.13433311575578563,-0.002014554669968794,0.19388446592450692,0.001381857519453113,0.2861672411958622,7.344456387724815e-05,0.44016388314903004,9.102325289016451e-05,0.6614289311079893,-0.0008364334403334876,1.364505794256775,-0.0028501849121899594,-0.00011970940944251714,0.02450842908201634,0.031915666831683426,0.15
1.375,707208567,-0.024054872295603234,0.1,0.06449941337004152,0.10348370947752902,0.1197757677142703,0.10571590336657574,0.004110756681539426,0.007065095543071754,0.12464215761937289,0.32612014812863077,0.10802917301345329,0.08231146441963005,0.08417550055896501,2.7764451051977987,0.10478145529838867,-0.40230235148748167,0.17953756586994468,0.12090100926040052,12.706204736432095,0.07785051273548302,-0.14428826522183796,0.1083573702272787,0.16180122394115948,-0.49804177459649784,0.10683935475885224,-0.002229786183000168,0.13433311575578563,-0.0028775287058494864,0.19388446592450692,-0.002219339357740834,0.2861672411958622,-0.0006081390317577017,0.44016388314903004,0.0006693007926001634,0.6614289311079893,-0.0008607288213711568,1.364505794256775,-0.001454367557091048,-0.0004610350294366794,0.04795165340333464,0.07264954120738464,0.15
1.375,1685327203,-0.1972302059608403,0.1,0.06551432884355593,0.057949550210120736,0.0758483238214074,0.07565011146142084,0.0027515940732321057,0.0029713452908932915,0.07918417107729253,0.32612014812863077,0.06772889434249657,0.08231146441963005,0.05458876252532347,2.7764451051977987,0.0657388502165025,-0.4397066847357116,-0.07466606692583241,0.08047010883574678,12.706204736432095,0.0448976305840328,-0.26899526772253135,-0.11772062646927167,0.06604046904712443,-0.3469443252114017,-0.09720742035888494,-0.011303158418266042,0.13433311575578563,-0.003816692056735833,0.19388446592450692,0.004989443633834573,0.2861672411958622,-0.002216992586055461,0.44016388314903004,-0.0009650446816742479,0.6614289311079893,0.0008247058178995934,1.364505794256775,-0.00041130844547682913,-0.0008132566660653175,0.06394194936511509,0.09329771480228195,0.15
1.375,736912930,-0.09712774879452613,0.1,0.054892204616035736,0.1327279001612047,0.14360303550318823,0.13664126740297985,0.0033215503752466805,0.015349285582245967,0.16027140456698508,0.32612014812863077,0.13616368908669818,0.08231146441963005,0.12407113959057715,2.7764451051977987,0.12779179327280643,-0.36788075046617436,0.34173304736729043,0.16587984928237245,12.706204736432095,0.11311121536250929,-0.2745839696386042,0.08773443117906438,0.16856343329819481,-0.3627590770283618,0.2668080645676741,-0.00621541236777133,0.13433311575578563,-0.0016437326063018197,0.19388446592450692,0.00017971927869755503,0.2861672411958622,0.0004213176133218069,0.44016388314903004,-0.0004329608737160607,0.6614289311079893,-0.0003804890126731141,1.364505794256775,-0.0009340346805214192,-0.0005024990996977486,0.050525521659947205,0.07859429389096098,0.15
1.375,1638442013,0.008190592048555226,0.1,0.05963382649078166,0.03770670187380584,0.04096423527735381,0.05362718702343675,0.00019849430351664824,0.002677380884530015,0.055107254399281574,0.13433311575578563,0.04193029928353396,0.08231146441963005,0.051818133694412495,2.7764451051977987,0.08826875348529142,-0.33081063596678956,0.15933606114550747,0.04427333621634239,12.706204736432095,0.04424024717999564,-0.06568327044563395,0.07508991880643609,0.04727551628658544,-0.1116833063327118,0.06322519260154134,-0.004279282176880966,0.13433311575578563,-0.001554289392522613,0.19388446592450692,0.00018237617071619258,0.2861672411958622,-0.0006005973673821267,0.44016388314903004,-0.0008251172434615379,0.6614289311079893,-0.000589326111421818,1.364505794256775,-0.0031759156452722584,-0.00024247354612374228,0.0348619051024083,0.041129547897506,0.15
1.375,698825070,0.17142651246035498,0.1,0.06730370862282054,0.07979526061442635,0.122255847794761,0.1610403323106844,0.008306026379956024,0.017627962250779637,0.16348443927481796,0.19388446592450692,0.09821985635472374,0.08231146441963005,0.13296206270420313,2.7764451051977987,0.17110830515969125,-0.3152685152106339,0.6348771174279981,0.140741167558641,12.706204736432095,0.11581401719485292,-0.00825630608736097,0.37284386169941364,0.10238882156868524,0.0007770578286160588,0.4183729807900186,-0.0061559226698151715,0.13433311575578563,-0.0014114565177703595,0.19388446592450692,1.6571944569866183e-06,0.2861672411958622,-0.0005880446370198431,0.44016388314903004,0.0002147307206011502,0.6614289311079893,-0.0006947213091627978,1.364505794256775,-0.0019018290805469275,-0.0003172710351151048,0.039986815017284696,0.06582621891687959,0.15
1.375,123518776,0.007883290900693224,0.1,0.06863781105864482,0.043318952359040146,0.050689120986484155,0.05215665522460506,0.0017932615847629624,0.0009270550994553602,0.06065133063310575,0.32612014812863077,0.04696096654200912,0.08231146441963005,0.030491547180387314,2.7764451051977987,0.10215051137997712,-0.32614203868713915,0.24108853594163984,0.0658925189911361,12.706204736432095,0.028733352988826736,-0.044538733245884365,0.050601974779521136,0.09638998310898232,-0.22291298029653536,0.07880206675801596,-0.012336044361936168,0.13433311575578563,-0.0005673221830246325,0.19388446592450692,-0.0009759612129119657,0.2861672411958622,0.0022122362581786245,0.44016388314903004,-0.0012923926151544403,0.6614289311079893,-0.00041238042222207697,1.364505794256775,0.0007872142854866818,-0.0012059267930108182,0.0772291642016351,0.12761846922912107,0.15
1.375,2018196334,0.0536613591070044,0.1,0.06078708150366293,0.03184918250036052,0.036845570446485204,0.04009170703251603,0.0006420358533704329,0.0009653091194106624,0.044988963395751765,0.32612014812863077,0.03550069057608982,0.08231146441963005,0.031114289806460374,2.7764451051977987,0.1352089097748453,-0.37581959880634785,0.3749806326406522,0.0452246545171464,12.706204736432095,0.025734487430211162,0.010055251780296454,0.10569086030710222,0.05212736681640448,-0.0786352838160424,0.10088188500776153,-0.005964227417488202,0.13433311575578563,0.0021633583592128936,0.19388446592450692,-0.00017848037828330432,0.2861672411958622,0.001826412854506956,0.44016388314903004,-0.0005409313562038438,0.6614289311079893,-0.0019441267317714997,1.364505794256775,0.005993512481865606,-0.0022120547397847115,0.10561949163552505,0.17613685435913978,0.15
1.375,826417711,-0.1768535613770494,0.1,0.05862219028766607,0.04568491420715496,0.0510354594056895,0.05618338027637178,0.00040391344321581485,0.0027526587760635865,0.055215482473020064,0.13433311575578563,0.04750724244349518,0.08231146441963005,0.05254154962756695,2.7764451051977987,0.07446499773284428,-0.2775517868089076,0.13594417011893375,0.043398637898874874,12.706204736432095,0.04750649604207721,-0.2483767618820067,-0.09299635938499166,0.06753266544108695,-0.26454732134811093,-0.001551446137384541,-0.005851614226644801,0.13433311575578563,-0.003002335278336413,0.19388446592450692,6.093473497466336e-05,0.2861672411958622,-0.0014868919468809503,0.44016388314903004,-0.0005497169433199225,0.6614289311079893,0.0008653431502335029,1.364505794256775,-0.00016613878712133743,-0.0007602750680710307,0.06139298087563113,0.10943671045137474,0.15
1.375,593290990,-0.3930635731487873,0.1,0.06922445772225999,0.06577982361659626,0.06658457553976851,0.05560082199390829,-0.0002637605188575889,0.003355211925255865,0.057001429270080346,0.13433311575578563,0.06950141219635794,0.08231146441963005,0.05800783627707996,2.7764451051977987,0.13048798502116674,-0.541054744731841,0.1835307098664431,0.030983196289286502,12.706204736432095,0.05001045270163674,-0.4832894802047839,-0.3035585393374393,0.12973030007590367,-0.5151505177159744,-0.08228120652971556,-0.008220116374708299,0.13433311575578563,-0.0008894099957646842,0.19388446592450692,0.001961579798546955,0.2861672411958622,0.0003438669944636536,0.44016388314903004,-0.000960260693021717,0.6614289311079893,-0.0006658837065852252,1.364505794256775,0.0004980275899686362,-0.000980280497469382,0.0705999370235823,0.10618674097021508,0.15
1.375,489299934,0.0010066079394468151,0.1,0.06328069744647151,0.03502802816684002,0.03771701494144593,0.035593389968892504,0.0003327140902438415,0.000934175319233816,0.04331996121558182,0.32612014812863077,0.03299160960062771,0.08231146441963005,0.030608417925500852,2.7764451051977987,0.043028020313793824,-0.11456539675302892,0.12436447602013971,0.04106690878397373,12.706204736432095,0.027215118523778756,-0.04970335785515814,0.051716573734051766,0.03715365483711798,-0.04838467280640528,0.08093336705997904,-0.01019525089750886,0.13433311575578563,-0.002602919304375066,0.19388446592450692,-0.0006473611089598874,0.2861672411958622,-0.00020759233580058473,0.44016388314903004,0.00025955033378618055,0.6614289311079893,-0.00032891299724546714,1.364505794256775,0.00047381077893200393,-0.001067860517562981,0.0731016113727912,0.07743742585720163,0.15
1.375,849895883,0.027236438598518004,0.1,0.06311303349142643,0.0421256671654317,0.055771689192826886,0.06030160561872715,0.001332354193102652,0.0023039294470938534,0.06453641793926934,0.32612014812863077,0.04961442376883394,0.08231146441963005,0.04806857812252504,2.7764451051977987,0.15057823331704986,-0.42557352197454573,0.4105708757103646,0.06237056972459076,12.706204736432095,0.044964523458154715,-0.04824889249474819,0.10088528929705994,0.06632679507312148,-0.1304419338507287,0.1367945214098236,-0.00634946443389781,0.13433311575578563,-0.0021183910689285853,0.19388446592450692,-0.001531447351575134,0.2861672411958622,0.00026504838409889347,0.44016388314903004,0.0003720586952325584,0.6614289311079893,-0.0005294777692566936,1.364505794256775,-0.002226191917449421,-0.00016377744782365925,0.028603540058732668,0.04391878553081915,0.15
1.375,1759195196,0.1422299182869491,0.1,0.05585541014265298,0.029215273015421445,0.02951113409882387,0.016301081183378772,-0.0001226214612169913,0.0003883467089640968,0.016502050605747092,0.13433311575578563,0.030351996869358244,0.08231146441963005,0.019734971454156276,2.7764451051977987,0.02431974623898634,0.0618163668852007,0.1968612476949731,0.011237613672993028,12.706204736432095,0.01714668683545501,0.11258623922787947,0.17187359734601868,0.0343312297965863,0.08236516517814543,0.20056128792313557,-0.006434488913744565,0.13433311575578563,-0.002405764607835367,0.19388446592450692,-0.0011133324038177705,0.2861672411958622,0.0003924552043508094,0.44016388314903004,0.00013789265372213746,0.6614289311079893,-0.0007201887160732829,1.364505794256775,-0.0003972272660489678,-0.0007138065674638556,0.059644652300151334,0.07105577046075313,0.15
1.375,1613411965,-0.1470341057352594,0.1,0.06909725316105814,0.10646553054235484,0.13375456642391836,0.12574052282670645,0.0056253895935297355,0.010185289487203746,0.12271618663205006,0.19388446592450692,0.11706572096518263,0.08231146441963005,0.1010679313138294,2.7764451051977987,0.13910201978855238,-0.3506994818479922,0.42171876208211495,0.10353025516038988,12.706204736432095,0.09388980815921984,-0.3066555580517725,0.012587346581253621,0.16049060093176434,-0.26190676691606585,0.31121645694182143,-0.0089376240513295,0.13433311575578563,-0.0006673252344565969,0.19388446592450692,0.0007385214224849866,0.2861672411958622,7.845763869964181e-05,0.44016388314903004,-0.0010426906587120135,0.6614289311079893,-7.529741179704836e-05,1.364505794256775,-0.002172020547217408,-0.000378089065610547,0.04350756737096992,0.049366144280102886,0.15
1.375,1579039910,-0.14266422770329173,0.1,0.06466057841873796,0.04891708796998634,0.05460814781411775,0.04565016203637764,0.000570270987746163,0.001513666306201371,0.04646610112210269,0.13433311575578563,0.05640553398369228,0.08231146441963005,0.038962046459494144,2.7764451051977987,0.11140079075862624,-0.4367064703451021,0.18188989008880185,0.020213897922900015,12.706204736432095,0.03271141450700654,-0.19785886380213433,-0.08162136516111494,0.049099990387063995,-0.24957958517578432,-0.04903133162821748,-0.008420160860310043,0.13433311575578563,-0.0014448537028988891,0.19388446592450692,-0.0005737967926584452,0.2861672411958622,-5.0925666309348284e-05,0.44016388314903004,-0.000566253218837726,0.6614289311079893,0.0004913398658515336,1.364505794256775,-0.0018038465338884096,-0.0002830132762402445,0.03776427046975189,0.05392585804492753,0.15
1.375,471015643,0.1710733037606827,0.1,0.06530040592610767,0.061047985847311456,0.071967606412887,0.07124737547319096,0.0013832638273949048,0.0036929246844229473,0.08301031717921199,0.32612014812863077,0.06383205587847846,0.08231146441963005,0.06085719248496838,2.7764451051977987,0.08534368386873593,-0.09407582738477804,0.3798282792890224,0.08234824558895765,12.706204736432095,0.055984791138174436,0.0792605277905516,0.26195795342293654,0.07530821467680802,0.010601654025774475,0.30606261270185875,-0.007018323305303963,0.13433311575578563,-0.006014810114206215,0.19388446592450692,0.003285174039867174,0.2861672411958622,-0.0012337979813036076,0.44016388314903004,-0.0014721102765805087,0.6614289311079893,0.0007788074901300517,1.364505794256775,-0.0032351685690336987,-0.0001860799755505446,0.030384592506725212,0.05186662553188291,0.15
1.375,1141947010,-0.4692719008596798,0.1,0.06422858498919093,0.05061052948023283,0.04636464611727009,0.040168539864074516,-0.00042622466575069655,0.00203973626056244,0.04261795669742926,0.13433311575578563,0.051373973729821935,0.08231146441963005,0.04522865742056641,2.7764451051977987,0.07260297080208872,-0.6307472651507869,-0.22759093933823113,0.03217589485606352,12.706204736432095,0.04088959239572888,-0.5379494927001419,-0.39445332849013093,0.06946583172350422,-0.567987174317965,-0.29321588282933214,-0.003761326373148873,0.13433311575578563,-0.0056583006031291445,0.19388446592450692,-0.0016929217252989676,0.2861672411958622,0.0004269341554819047,0.44016388314903004,0.0006250454030506733,0.6614289311079893,-0.0008499591094352344,1.364505794256775,-0.002039096603866204,-0.0002771229916490077,0.03718544657282366,0.04341462908681828,0.15
1.375,1609814160,0.17026877435598392,0.1,0.07451989669634833,0.10258295889207161,0.13593520524084676,0.1177210472354456,0.007534489201460309,0.006323755760749705,0.12955698760861958,0.2431366342882323,0.1183549041068649,0.08231146441963005,0.07963687909193401,2.7764451051977987,0.07286398002758179,-0.019122355103316613,0.38548332628230264,0.10443620782483568,12.706204736432095,0.07100028858844204,0.04652182258576386,0.298287511303074,0.10465664177217654,-0.05706252838617056,0.33653825841468116,-0.009411265158134677,0.13433311575578563,0.0018156404409455512,0.19388446592450692,-0.001813330997370139,0.2861672411958622,-0.0007378584492942107,0.44016388314903004,0.0018309962075034867,0.6614289311079893,-0.001842021500298638,1.364505794256775,-0.0005625093240014264,-0.0007488535944256845,0.06117958438879574,0.0899016132112128,0.15
1.375,1187017355,0.27478918500022975,0.1,0.05075445758061181,0.03868285795693683,0.04079765365013869,0.031982375689752214,0.00015653513533776418,0.0008663372194226892,0.03254112107166225,0.2431366342882323,0.03900141913988822,0.08231146441963005,0.02947611039840075,2.7764451051977987,0.02051405473228273,0.18250572803130716,0.2964180217297194,0.026551211428261376,12.706204736432095,0.027356943953267775,0.23373590245640974,0.3175284640454973,0.050654494973600764,0.16673696374727429,0.36859418856691784,-0.005653472897033177,0.13433311575578563,-0.0009463293836836481,0.19388446592450692,-0.004172742450751463,0.2861672411958622,0.0012769928921826357,0.44016388314903004,-0.0008213283872852741,0.6614289311079893,0.00019340455420086472,1.364505794256775,-0.0015251803479275157,-0.0004760279234683012,0.04856486341687752,0.06653323241294791,0.15
1.375,554606488,-0.006385949883742529,0.1,0.06185099946958179,0.06412187917895612,0.060626270626280114,0.03455395958667158,-0.00033363427595759767,0.0015276103990749306,0.0400619279587272,0.13433311575578563,0.06898999620079078,0.08231146441963005,0.039141096791375105,2.7764451051977987,0.07837171495306627,-0.23870777157278994,0.19648175716200605,1e-150,12.706204736432095,0.03423047179629611,-0.07462196013533834,0.05688357996407062,0.07103795790820222,-0.11737643542949676,0.15077240659468358,-0.006165498172677606,0.13433311575578563,-0.003670081034111665,0.19388446592450692,-0.0014929275510868866,0.2861672411958622,0.00025509562279700445,0.44016388314903004,7.65669754017016e-06,0.6614289311079893,-0.00019255202370508422,1.364505794256775,-0.0012415832928174965,-0.0004987774232980545,0.0498964134282151,0.08083048252414293,0.15
1.375,1648316491,-0.009126638936298219,0.1,0.06429517517069021,0.04750118568154122,0.055890020300050525,0.0655580513287402,0.0009023977087361675,0.0033954603852855672,0.06778440158893587,0.32612014812863077,0.05181027617045131,0.08231146441963005,0.05835472435550699,2.7764451051977987,0.1650808597013969,-0.5776851568676936,0.3389907328918824,0.07246557352280014,12.706204736432095,0.053145358822624604,-0.11439608037562643,0.0897632438898514,0.11038210436781094,-0.2417151935836356,0.26400076890059393,-0.008568454917801083,0.13433311575578563,0.0006952797260493415,0.19388446592450692,0.002218154811818055,0.2861672411958622,-0.000935918122624888,0.44016388314903004,-0.0008976624701112387,0.6614289311079893,4.296645491228956e-05,1.364505794256775,0.00022658446316657876,-0.0008234048785612639,0.0641756071160521,0.09506576761416521,0.15
1.375,156825984,-0.137410039813922,0.1,0.06422591616378955,0.04835029767976378,0.06344662715044395,0.06125885947268333,0.0015378780236505632,0.0022147698402434006,0.07892154625044928,0.32612014812863077,0.05661243278102357,0.08231146441963005,0.047129299900866756,2.7764451051977987,0.12168491790372744,-0.5619600113863851,0.11374297799401498,0.0918198401186583,12.706204736432095,0.03910837675842475,-0.1961320595991113,-0.06352340090508563,0.057119136917998414,-0.2747467714014601,-0.039235044931455236,-0.005450568154027976,0.13433311575578563,-0.0035571414070326548,0.19388446592450692,0.0031071319039031983,0.2861672411958622,-0.0019662150460537965,0.44016388314903004,0.0004816939891900426,0.6614289311079893,-0.0007134371746377381,1.364505794256775,-0.001617156908450287,-0.0003542719571542394,0.042159548276733065,0.0609105982991909,0.15
1.375,772032300,0.025270657940559646,0.1,0.06607168571517213,0.12295861961105678,0.13124143741266334,0.11010385798589453,0.0023733870765258094,0.009749472466852222,0.10796519294170963,0.13433311575578563,0.12730616126778396,0.08231146441963005,0.09888200105651883,2.7764451051977987,0.0949625228921018,-0.2255367664849122,0.30177969723710774,0.059072305099845464,12.706204736432095,0.08485705383688984,-0.11534778903489176,0.1783324361788841,0.11927479967528719,-0.17653641646141494,0.23604481903616611,-0.003386976693498943,0.13433311575578563,-0.002518811680373233,0.19388446592450692,-0.0016813466732445031,0.2861672411958622,-0.0010278991180256193,0.44016388314903004,0.0006081113203894353,0.6614289311079893,-0.00052585755129484,1.364505794256775,-0.00042573189411655705,-0.0007044452313843433,0.05906108337196053,0.08086995922484731,0.15
1.375,1277725728,-0.43657365499164247,0.1,0.0645243114419047,0.04274791946768511,0.051329797627103414,0.050851531130905805,0.0006530803351715699,0.001932797883185912,0.05707643229440778,0.32612014812863077,0.047490527264623994,0.08231146441963005,0.044027082622353955,2.7764451051977987,0.17746667555015674,-0.8498694309783672,0.13558353435554987,0.05596081833628838,12.706204736432095,0.04078007913445892,-0.5189282014021924,-0.36296840913907613,0.06873069453157113,-0.5824574766216272,-0.22533857658113185,-0.007120392617888705,0.13433311575578563,-0.000775367145298897,0.19388446592450692,-0.0008945469504877744,0.2861672411958622,-0.00011148833806350938,0.44016388314903004,0.00025950003609599514,0.6614289311079893,-0.0006064000787799914,1.364505794256775,-0.0009528545056789156,-0.0005270646771987612,0.051061300216583595,0.07480850074486965,0.15
1.375,516710044,-0.10429714712070057,0.1,0.06146441502724331,0.033242186870639207,0.040165555994351045,0.043257081668768196,0.0005384459505601543,0.0013327291639383273,0.044572631685794444,0.19388446592450692,0.035567294618173956,0.08231146441963005,0.036559280385850226,2.7764451051977987,0.025248973588803864,-0.21200281468268678,-0.07179803641888081,0.04255568505448654,12.706204736432095,0.030725475208088313,-0.15408642361929561,-0.0504610893927198,0.04329009034429342,-0.21561942502873666,-0.04683821969084221,-0.008240985148632312,0.13433311575578563,-0.0005342048785783482,0.19388446592450692,0.0007506993465195493,0.2861672411958622,0.0004767967922544902,0.44016388314903004,-0.000389461588014152,0.6614289311079893,-0.0008249513717972345,1.364505794256775,-0.0009382995434917112,-0.0005579535366440203,0.05271226312604742,0.08637885580535537,0.15
1.375,336199749,-0.5364029993833864,0.1,0.07713132191682581,0.06466801804326525,0.07542164137381556,0.07445089472419023,0.0016517065432433385,0.0038912291819891177,0.07540990579432351,0.13433311575578563,0.07427457090771351,0.08231146441963005,0.0624697967749591,2.7764451051977987,0.10155318020184319,-0.7921853126036176,-0.22827165242626263,0.06444420136426567,12.706204736432095,0.056458537916124346,-0.633844442367713,-0.43896155639905987,0.10801994416577763,-0.7258416110656205,-0.29898488576121657,-0.0074304979747523234,0.13433311575578563,8.066488346469765e-05,0.19388446592450692,-0.0011184757564886932,0.2861672411958622,-0.0005035395293911846,0.44016388314903004,-0.000136884568264009,0.6614289311079893,-0.0001761750363430306,1.364505794256775,0.004354117024254289,-0.0019124207617255801,0.09784507740613207,0.12639175064528455,0.15
1.375,1765573696,-0.5731909581610966,0.1,0.0690972097658671,0.05031305861934745,0.06415751480921716,0.07101928295950592,0.001602921364014711,0.0034408171880676575,0.07450145000406405,0.2861672411958622,0.05658825040149451,0.08231146441963005,0.05874318468056249,2.7764451051977987,0.12111325269149022,-0.9370582698317946,-0.2645296746120504,0.07015308141805877,12.706204736432095,0.05375074752048811,-0.6784459789940693,-0.4909203443580181,0.06422076587280151,-0.673801549715017,-0.4294210241467196,-0.009473564567588052,0.13433311575578563,-0.0025119945477979303,0.19388446592450692,5.030567568042472e-05,0.2861672411958622,0.0002822347522064414,0.44016388314903004,-0.0010633674954664328,0.6614289311079893,0.00037555326301820995,1.364505794256775,0.00017189851787168916,-0.0009690594354980178,0.06954420272234282,0.07767670691660714,0.15
1.375,631483662,0.3550799552938767,0.1,0.07156928038396862,0.10291563248100438,0.13994617434904202,0.15251790377618565,0.01109623434328523,0.012165476628996592,0.1597202473665311,0.2861672411958622,0.1275769843347743,0.08231146441963005,0.1104564935441761,2.7764451051977987,0.09967432009509036,0.0075500204852154695,0.56103057676908,0.1537335300448601,12.706204736432095,0.09524676805174224,0.19531541833875649,0.509713458903361,0.10477911021606358,0.11259991021389278,0.47703865086041974,-0.0058285161336315726,0.13433311575578563,0.0020863340609440302,0.19388446592450692,-9.627458724132522e-05,0.2861672411958622,0.00027013459160391896,0.44016388314903004,0.0005998656350800727,0.6614289311079893,-0.002700266659783919,1.364505794256775,-0.001114445851336397,-0.0006912744094508165,0.05922383240381396,0.08596396460445158,0.15
1.375,271107164,0.1790634211480926,0.1,0.061764201833815445,0.06536247443614014,0.08211087740843283,0.07555266424229323,0.0026255156087715394,0.003082689465337155,0.07638634335192306,0.19388446592450692,0.07102569512761657,0.08231146441963005,0.05560214899140508,2.7764451051977987,0.08409070317737473,0.001610482116129186,0.46855692457505527,0.056269654410143845,12.706204736432095,0.04786804687000459,0.10408828279768671,0.27396733478922514,0.07117958405251598,0.040973111877311605,0.3159035669573051,-0.006163529621578096,0.13433311575578563,-0.0036047179482325,0.19388446592450692,0.0005874867636902846,0.2861672411958622,0.0007261274642687455,0.44016388314903004,-0.0013413052734813165,0.6614289311079893,0.00021873413325585519,1.364505794256775,-0.0024883583761453197,-0.00016568064925857976,0.02891363665160227,0.048288965880204426,0.15
1.375,913631489,-0.14927466600165934,0.1,0.06852999557323369,0.09108626003296329,0.12413861695604085,0.09569030757642044,0.0072587943056948,0.001897840658375147,0.10872370891955854,0.32612014812863077,0.11328406536872428,0.08231146441963005,0.043627121690333504,2.7764451051977987,0.061443946405381214,-0.25625027702496855,0.08494121145754459,0.10587774301257952,12.706204736432095,0.044046959745082465,-0.225545534394888,-0.07300379760843066,0.11769240723146025,-0.2588204383763295,0.19047257312527996,-0.007991032638526227,0.13433311575578563,0.0018701168145175242,0.19388446592450692,0.0022283152882847865,0.2861672411958622,0.00047306421959271764,0.44016388314903004,-0.0007626707173246332,0.6614289311079893,-0.0014431756590134938,1.364505794256775,-0.001865705630605047,-0.00035183085483438933,0.041827792353269694,0.05881528909270622,0.15
1.375,1845699133,-0.2606336401946933,0.1,0.06581318236428846,0.11024035841870539,0.12771620512696583,0.08735434043426875,0.0044259085092734785,0.0032048722834326403,0.09744937612721649,0.2431366342882323,0.12226774786210869,0.08231146441963005,0.0566933410559826,2.7764451051977987,0.06072003535395007,-0.3702028954189644,-0.03303120552714045,0.07845123190631283,12.706204736432095,0.05097285463062054,-0.34560229813983057,-0.17630472826661056,0.11436921365064888,-0.5061392635660377,-0.06042580294812037,-0.010721785891415874,0.13433311575578563,0.0015971385055420797,0.19388446592450692,0.0027564480688865812,0.2861672411958622,-0.00046651119374017675,0.44016388314903004,-0.0006108898689920959,0.6614289311079893,-0.0004534771211057891,1.364505794256775,-0.0006556588337289515,-0.0005669394312885124,0.05325103268809891,0.0750221490436005,0.15
1.375,1406378027,0.04302298680387767,0.1,0.07740544218371426,0.058126148651658924,0.08360887642434228,0.08712102739114054,0.0036702582543267775,0.003919815159361083,0.08710929565631896,0.19388446592450692,0.07070837277022018,0.08231146441963005,0.06269883655147332,2.7764451051977987,0.18675458353104413,-0.3367494122969192,0.7002782863391226,0.07647056600392274,12.706204736432095,0.06113015605072842,-0.04488998775537731,0.1558003625727294,0.13292591726431746,-0.17429461617345718,0.43214950591372414,-0.0038866484008803,0.13433311575578563,-0.0072497423943638445,0.19388446592450692,-0.0003915726663012794,0.2861672411958622,-0.0002208474306037615,0.44016388314903004,6.474266442906538e-05,0.6614289311079893,-0.0009502713102033724,1.364505794256775,-0.003835595408683647,-0.00018310707191824835,0.030203939449108527,0.041907915994728616,0.15
1.375,985156531,-0.018552303499137383,0.1,0.06155034239742613,0.05350197440719732,0.06668032475614734,0.06512355195757175,0.0015576560026922784,0.002683421016878267,0.06707893364894568,0.2431366342882323,0.06311833570841495,0.08231146441963005,0.051876551243795754,2.7764451051977987,0.07640035553699234,-0.2948217414544638,0.12942104487764405,0.0692461402090381,12.706204736432095,0.03887658299694847,-0.09367154690937582,0.05308726571183882,0.060759656068888675,-0.17581641356410513,0.04883141541242549,-0.008331878217561333,0.13433311575578563,-0.001396909782529501,0.19388446592450692,0.001582218178455892,0.2861672411958622,-0.0011720326285508743,0.44016388314903004,0.0005382891862627763,0.6614289311079893,-0.0005337864751071913,1.364505794256775,-0.0020424939788066866,-0.00019197227458715772,0.030992868441933098,0.04321378380168651,0.15
1.375,1173480822,0.017002260761564948,0.1,0.07492577200811651,0.09439839858871305,0.1173439826116558,0.11444711850805708,0.004313653084483249,0.008784489850314013,0.13038890508262393,0.32612014812863077,0.10537115677614987,0.08231146441963005,0.09386095327293112,2.7764451051977987,0.08394590044673073,-0.21911260406967592,0.24702976472381855,0.12903659871821088,12.706204736432095,0.07968970756706778,-0.12450740099799176,0.14963063247167793,0.11259139611809924,-0.09580966807766883,0.30484684105726095,-0.008991261295403325,0.13433311575578563,-0.002551780624870257,0.19388446592450692,-0.0008712654999772547,0.2861672411958622,0.0001251929555230456,0.44016388314903004,-5.5559764318314586e-05,0.6614289311079893,-0.0004054627965630759,1.364505794256775,-0.002060804526297324,-0.00045077794510030495,0.04764497021056972,0.056403967404978,0.15
1.375,146219739,0.14519636032220437,0.1,0.0704424121719579,0.08771147738408444,0.12729108121955537,0.16563841531472825,0.009198242941437954,0.018237841686536447,0.18500956364962334,0.32612014812863077,0.10566212964630026,0.08231146441963005,0.13524256804587098,2.7764451051977987,0.35227225260881706,-0.35076249646539703,1.6053666464401082,0.195755981829581,12.706204736432095,0.12154007429755294,-0.07761016031662177,0.36846000287416714,0.10970780599063337,0.0038334694534917215,0.4171441251226539,-0.006972567248643116,0.13433311575578563,7.146020436023938e-05,0.19388446592450692,0.00042139475964469167,0.2861672411958622,0.00016718063206970632,0.44016388314903004,-0.00122186030884981,0.6614289311079893,-0.0008019588507892137,1.364505794256775,-0.0003876214470888473,-0.0009928352209538382,0.07026083643323608,0.11143916947292097,0.15
1.375,1908631525,-0.27908943054021657,0.1,0.06495200997775585,0.062375742138426296,0.08340274867279632,0.08051122028542415,0.003201904943086373,0.00328015164876172,0.08317298866012957,0.2431366342882323,0.07181326955991549,0.08231146441963005,0.057355312359353997,2.7764451051977987,0.04857511341837911,-0.39548472890964625,-0.12575245713987304,0.0787691679046876,12.706204736432095,0.05031933007165792,-0.37381920602852214,-0.1851338423331623,0.06698583090762718,-0.3845857283422,-0.15400108546605074,-0.0052046538141157835,0.13433311575578563,0.001920175852676551,0.19388446592450692,-0.0029836961662557085,0.2861672411958622,-0.0008391301628504598,0.44016388314903004,-0.0003193556675503786,0.6614289311079893,0.00032775197495043135,1.364505794256775,0.0004957469586520708,-0.0009109530639122122,0.06716527047129794,0.0971134481431368,0.15
1.375,1942036508,0.1473112836315693,0.1,0.07156265875362011,0.06143063933187687,0.0746653038543321,0.06646888588773098,0.0025811803403304116,0.0018369324508257906,0.06973050403306018,0.2431366342882323,0.06747738469206654,0.08231146441963005,0.042921340894150506,2.7764451051977987,0.05406723259821147,0.03757291417414424,0.3378023207719345,0.052595689884181195,12.706204736432095,0.038033385427902036,0.07552097060672147,0.21323224371970956,0.11672701664714971,-0.024058140642393963,0.4281911437554413,-0.008351012654438252,0.13433311575578563,-0.004363489985440284,0.19388446592450692,0.0004935769106325721,0.2861672411958622,-6.359521183599204e-05,0.44016388314903004,-0.0002947491081658831,0.6614289311079893,-6.164555886581278e-05,1.364505794256775,0.005547180453181162,-0.0022467408859951398,0.10579719021005658,0.15465983278808063,0.15
1.375,1057192961,0.24497711734201583,0.1,0.06820562900013129,0.05353459810727957,0.043338961744828354,0.07284293790059106,-0.0002870165183723422,0.005593110120361707,0.07403379848600226,0.13433311575578563,0.05604091195733373,0.08231146441963005,0.07489509448897866,2.7764451051977987,0.12547059483949657,-0.25870497291556194,0.4380194648611909,0.06281876050120377,12.706204736432095,0.07048578076968479,0.11277601736354495,0.3656690707987316,0.06270222444277439,0.08703318424004373,0.32013428182131437,-0.007789744980785934,0.13433311575578563,-0.004593959802099566,0.19388446592450692,0.0005859122429555885,0.2861672411958622,-3.442732366285534e-06,0.44016388314903004,0.00022670889164628109,0.6614289311079893,-0.0006701886562521589,1.364505794256775,0.0025501128304891104,-0.0015001517513955434,0.08689645690516906,0.1375768055421443,0.15
1.375,1773393258,-0.07292255550053646,0.1,0.07200173038492683,0.06515961398138757,0.07921816697017763,0.049060937408329924,0.002190958703473918,0.00021601687591014864,0.06393258906649511,0.32612014812863077,0.07265381644683142,0.08231146441963005,0.014718736431538636,2.7764451051977987,0.04943960050788676,-0.23988791591377923,0.0346447577523344,0.06652601882323053,12.706204736432095,0.013130503735779973,-0.09441445683145056,-0.04551072507488726,0.08442655747687766,-0.13724980402165898,0.14539704022371838,-0.004957850210587089,0.13433311575578563,-0.0012007994718877739,0.19388446592450692,-0.0013245642936998748,0.2861672411958622,0.0008572726943513508,0.44016388314903004,-0.0032499722028683756,0.6614289311079893,0.0016002425508280828,1.364505794256775,0.0006616519881675282,-0.0011082512881557495,0.07451301350282923,0.0967084072253079,0.15
1.375,1149262211,0.04691007504626132,0.1,0.08066798052253513,0.09649189431391907,0.12735591784097997,0.13834519561006953,0.007169351781350898,0.011970041367037502,0.15408636175020424,0.32612014812863077,0.11237636836850166,0.08231146441963005,0.10956567374099406,2.7764451051977987,0.11166558628924664,-0.28682551658452665,0.3332412243591159,0.16099736603734213,12.706204736432095,0.09982912620630091,-0.1108230658567898,0.21010718873747736,0.08579407554215554,-0.1058325091718588,0.1805387461465171,-0.011030284058419116,0.13433311575578563,-0.0013844287579402956,0.19388446592450692,-0.0005086791723096771,0.2861672411958622,-0.00018237955141367412,0.44016388314903004,-0.00028625650626140794,0.6614289311079893,0.00020916173071467122,1.364505794256775,-0.0010309882328909308,-0.0006410003085311778,0.05679231064886938,0.08769511960521816,0.15
1.375,1659689263,0.08707940540550159,0.1,0.05453713415417793,0.034649942288941575,0.04663597000723862,0.05766148872749689,0.0014984145183554718,0.0018264327639157794,0.06992070627656514,0.32612014812863077,0.03930752265862046,0.08231146441963005,0.04279849847045968,2.7764451051977987,0.19219478558512695,-0.5779804666939671,0.4892560766707653,0.07456784703597892,12.706204736432095,0.038925143988196936,0.015199282285025682,0.1575216066136968,0.1041820024257024,-0.35600168261602727,0.1343474144820884,-0.004597548345719601,0.13433311575578563,-0.004560750119221388,0.19388446592450692,0.0010493785537309614,0.2861672411958622,-0.0007187599883085229,0.44016388314903004,-0.00034883140244783273,0.6614289311079893,-0.00019231792012540537,1.364505794256775,0.004028382717456398,-0.0018116743666457434,0.09531643624682466,0.13350044950610987,0.15
1.375,247131243,0.24480266648368337,0.1,0.06758393707080369,0.09821237680356358,0.1308456354858843,0.1791636054255441,0.007450817578688436,0.02464877993039162,0.19202318383057584,0.32612014812863077,0.11640784962901819,0.08231146441963005,0.15722601304728603,2.7764451051977987,0.14212629615433417,-0.13485207347972727,0.6543596450754604,0.19003464140716253,12.706204736432095,0.15642193073807917,-0.039207313051255466,0.5288126460186222,0.0858754669385771,0.07969271530955332,0.39037658061588293,-0.005941130402737161,0.13433311575578563,-0.0028948931153101294,0.19388446592450692,0.0021478623627025507,0.2861672411958622,-0.0008069084999707087,0.44016388314903004,-0.0005350900190467805,0.6614289311079893,-0.00023292426740265438,1.364505794256775,-0.0010454162448395039,-0.0005133726984724908,0.050797718819632375,0.0732880916521155,0.15
1.375,387941038,0.07913171482472399,0.1,0.0725480806904518,0.0806710142398491,0.1022311506347242,0.12731225609076008,0.004014078331594338,0.012194332219324937,0.1286130908964321,0.19388446592450692,0.09189381198398332,0.08231146441963005,0.11058741318098937,2.7764451051977987,0.1420076031745068,-0.3576080174357952,0.4309446120336664,0.11659453963032207,12.706204736432095,0.09240031491893398,-0.06793010120842938,0.24572030230682135,0.08719114338163865,-0.08131704291878065,0.25629178518348167,-0.008416087368439655,0.13433311575578563,0.0013195902804309689,0.19388446592450692,0.00039170862956795365,0.2861672411958622,-0.0007652112014334811,0.44016388314903004,-0.0011663114328477168,0.6614289311079893,0.00030697843470048927,1.364505794256775,0.0025398490052613875,-0.0015335680274809178,0.08745101441084284,0.14210073804571674,0.15
1.375,1328804971,0.025431511259385284,0.1,0.06987152653779004,0.11168229065184115,0.1463387573797703,0.1237858787029578,0.008865721310929775,0.006457222455333608,0.15046190193984238,0.32612014812863077,0.1231911954678966,0.08231146441963005,0.08047288330847281,2.7764451051977987,0.08217220393411197,-0.11327343123971786,0.34301979555264306,0.1527940199664922,12.706204736432095,0.0726760285168478,-0.09941854022888737,0.13968661367618468,0.1650422861308606,-0.13922178210177363,0.5323658661276482,-0.007026703459147349,0.13433311575578563,-0.0029030666641522993,0.19388446592450692,-0.00018740234841355428,0.2861672411958622,0.00029856679575961093,0.44016388314903004,8.584926408429136e-06,0.6614289311079893,-0.0005278750430455483,1.364505794256775,-0.0017085923813262242,-0.00035710319850352823,0.04223371629126609,0.05519508046479463,0.15
1.375,1331705778,0.039203235678461186,0.1,0.06823332396503336,0.06265909717810698,0.054620403189251106,0.04354412392385776,-0.0009438853071173912,0.0028399760354136726,0.04813403542394024,0.32612014812863077,0.05845079467196439,0.08231146441963005,0.0533683807009114,2.7764451051977987,0.1651644728412534,-0.40003544047005474,0.5171047438752908,0.05504744352804482,12.706204736432095,0.04590107281063423,-0.04483284501356469,0.13309447424234344,0.0633453979535484,-0.062300399833744295,0.18430132290738918,-0.003594116795713898,0.13433311575578563,-0.00018110094387816192,0.19388446592450692,2.2721506744107693e-05,0.2861672411958622,0.00024898273619799923,0.44016388314903004,4.7929622223203024e-05,0.6614289311079893,-0.0020565197753443128,1.364505794256775,-0.0003457619623087817,-0.0008388134153742245,0.06453627475694312,0.10632494222803714,0.15
1.375,755559804,0.11731649102398266,0.1,0.05549238602081512,0.060200230048099705,0.07915898266696712,0.06301503947908565,0.0026790323826882297,0.0012918628178624934,0.06619842686087497,0.32612014812863077,0.07707133141704554,0.08231146441963005,0.035994395750291036,2.7764451051977987,0.09359562597931528,-0.09090577703308009,0.4288204582033076,0.06224752527985635,12.706204736432095,0.03367797679221885,0.058801146127871295,0.18361047825388535,0.09716857674598749,-0.02773606392486886,0.3441782887896431,-0.008878047224239707,0.13433311575578563,-0.001713731579397391,0.19388446592450692,0.0013096223670750885,0.2861672411958622,0.0007528206256197407,0.44016388314903004,0.0006654595657744293,0.6614289311079893,-0.0019000402201839292,1.364505794256775,-0.001193956771969999,-0.0005043755079213706,0.05018252046474465,0.07915287381765854,0.15
1.375,519419310,0.01426666972835046,0.1,0.06517225522738128,0.07145835708127168,0.08117996856908388,0.07185833947751154,0.0016717262477295176,0.003491894704735776,0.0718535765705039,0.13433311575578563,0.0784747613847587,0.08231146441963005,0.059177587699764625,2.7764451051977987,0.10226184040323494,-0.21539908162456553,0.3524496908475947,0.051452994001807965,12.706204736432095,0.05677901159494714,-0.06997239034946703,0.09916809139932181,0.11277865250608242,-0.1437088306790047,0.2455548980084606,-0.006553600460027764,0.13433311575578563,-0.0009336106833206557,0.19388446592450692,-0.0017315771885802844,0.2861672411958622,6.098686098792121e-05,0.44016388314903004,0.000372474556103704,0.6614289311079893,-0.0005825575059201463,1.364505794256775,0.0015760335113585932,-0.0011325518789436495,0.07545044078736236,0.08397229415926034,0.15
1.375,1290490158,0.03747152500543468,0.1,0.06696471740253146,0.06987819670537483,0.08907430098090138,0.07867387705427813,0.004033729355541732,0.002155849575209937,0.09336273573593898,0.32612014812863077,0.07534079780635054,0.08231146441963005,0.04649817581721934,2.7764451051977987,0.1317368792983928,-0.4498569375658836,0.28166348983822836,0.10049453720171471,12.706204736432095,0.04301562488023463,-0.042768483261600175,0.1099722646393686,0.07474973757026862,-0.15159573487488087,0.1417005057678043,-0.007394519143141302,0.13433311575578563,0.002021475210218822,0.19388446592450692,-0.0003405850705853371,0.2861672411958622,-0.000313281578278201,0.44016388314903004,-0.0011023614035441424,0.6614289311079893,0.00020494300348631916,1.364505794256775,0.001337109606584011,-0.001126745443555132,0.07498827841330166,0.09814537880493782,0.15
1.375,1660388581,-0.15701490313989494,0.1,0.07524100489295747,0.11874718747486689,0.14199633458612154,0.14515047779790408,0.006094440036591231,0.01497422116836861,0.14495396686533346,0.13433311575578563,0.13242706977031812,0.08231146441963005,0.12254590676244946,2.7764451051977987,0.10531952928678685,-0.4392537088399132,0.14557407430015787,0.09946913018544622,12.706204736432095,0.10636407569092013,-0.3269075657178562,0.008468920265804258,0.13155346523499753,-0.4213254233674374,0.0666748004108745,-0.004012819309030751,0.13433311575578563,-0.002531806499592596,0.19388446592450692,0.00036415718834183154,0.2861672411958622,-0.00113153429002377,0.44016388314903004,-0.00012723712619464988,0.6614289311079893,-0.00038591291143078856,1.364505794256775,-0.0014849635035489668,-0.00046443292791677665,0.04821440852747608,0.052920355716072905,0.15
1.375,1956123517,-0.00010794088998353907,0.1,0.04908262479041074,0.03992097747352373,0.04877840577452288,0.05652586190895734,0.0005435193871472974,0.0026516536774032168,0.0667467096349366,0.32612014812863077,0.043612445402533166,0.08231146441963005,0.05156857004373158,2.7764451051977987,0.18868391082955283,-0.6888581391469095,0.3588829021576703,0.07010984228065155,12.706204736432095,0.05084993666056044,-0.08833949625793404,0.090133578884637,0.05287368725093445,-0.1308628458928039,0.05473358010038376,-0.005516645477492702,0.13433311575578563,-0.0010524891775761194,0.19388446592450692,-0.0007557370484405087,0.2861672411958622,-0.0007775829939940631,0.44016388314903004,0.0001720620232655088,0.6614289311079893,-7.298119722864697e-05,1.364505794256775,-0.001340713520572836,-0.0003251135772241411,0.040459383223311,0.06483200389327731,0.15
1.375,193548206,-0.052177746245149016,0.1,0.061749914563225546,0.06341598260499931,0.06361424455552751,0.05347243254491454,0.00015598070655795625,0.002703320335712479,0.05371192834940461,0.13433311575578563,0.06723996199634222,0.08231146441963005,0.052068545209815124,2.7764451051977987,0.0664323953997502,-0.15047283722036245,0.21841896084803994,0.058165475925553635,12.706204736432095,0.04007041761428166,-0.12436693725323239,0.018812748535404204,0.07032680178891584,-0.15377764141391997,0.13486360121992963,-0.006548465332163708,0.13433311575578563,-0.002909955669119967,0.19388446592450692,0.0005922610566704032,0.2861672411958622,-2.6916367789715463e-05,0.44016388314903004,-0.00031109042866863095,0.6614289311079893,-5.5149639057154786e-05,1.364505794256775,-0.0016296920778441477,-0.00025979045785794,0.03618396464988564,0.059253979031644755,0.15
1.375,2073191718,-0.048616701534075685,0.1,0.062040014700662574,0.052572564449227366,0.06436328229019252,0.04770027562142901,0.001393795663493244,0.0008815206308670511,0.0536215563332931,0.2861672411958622,0.05844700415037174,0.08231146441963005,0.029733287378880698,2.7764451051977987,0.028154397183797784,-0.14505770725973444,0.011280569241765667,0.04541511307237823,12.706204736432095,0.025672541141352496,-0.0856864818375801,-0.009189113708301493,0.06836921254562248,-0.12749125162368627,0.1476316431433061,-0.00691324607441678,0.13433311575578563,-0.00228195449810963,0.19388446592450692,0.0016313759745827537,0.2861672411958622,-0.0001669731255611168,0.44016388314903004,-0.0018746366209412,0.6614289311079893,0.0006176913394063453,1.364505794256775,-0.0020892490547347637,-0.0003663468768946629,0.04265012076127052,0.07213817486673905,0.15
1.375,1218117375,0.2868632801207855,0.1,0.07417656795507639,0.09714053502628818,0.1292286958631391,0.1280296680613343,0.006804305812329251,0.009587290091566196,0.12951123587918822,0.19388446592450692,0.1157192711638187,0.08231146441963005,0.09805610140356728,2.7764451051977987,0.09626860343537698,-0.038622006219893396,0.4959469793648674,0.10411655605764768,12.706204736432095,0.08739259309448459,0.14259460617174102,0.43113195406982996,0.09262825268294848,0.12155263925280607,0.46643645651482923,-0.010082651599816103,0.13433311575578563,0.002071689037944961,0.19388446592450692,0.0005140937430542648,0.2861672411958622,-0.0010722670073004647,0.44016388314903004,-0.00040019135935284543,0.6614289311079893,-4.4843942889917335e-06,1.364505794256775,0.0021341858780949455,-0.0013818124325647209,0.08291196303247315,0.13132571834680212,0.15
1.375,1046677676,-0.07700681141976512,0.1,0.07410967361287431,0.10646595252742604,0.12789632633177578,0.09297576231264437,0.004997664664657139,0.0036468277129602005,0.09454034420584151,0.19388446592450692,0.12141129171891178,0.08231146441963005,0.06047617446109275,2.7764451051977987,0.08232044881619167,-0.2869439419908781,0.17017247235592453,0.08114797556011996,12.706204736432095,0.04883477449927927,-0.1543289813609212,0.007033219578786776,0.11227024664526555,-0.31973193098039043,0.12480856586545104,-0.0062513869865962095,0.13433311575578563,-0.00013312929923849464,0.19388446592450692,-0.0006755502570109202,0.2861672411958622,-0.0009535459732850127,0.44016388314903004,-0.00010035721002338361,0.6614289311079893,7.724706802795314e-05,1.364505794256775,-0.0029595901791323953,-6.56633336379105e-05,0.018171993844127814,0.024884524449458784,0.15
1.375,1591034722,0.22599206545897538,0.1,0.07139112622921903,0.06205192778706848,0.07963992193034537,0.053041071087041994,0.002177355065700042,0.0006360001563606005,0.05634707410266208,0.32612014812863077,0.0754700812515726,0.08231146441963005,0.025255460936231735,2.7764451051977987,0.03366249499550298,0.16558549719439003,0.3525096361124093,0.06336592195327508,12.706204736432095,0.024259966286642256,0.18091026481739783,0.2720454711552822,0.0663328517073968,0.12545309696342274,0.3951743158254529,-0.004812941727088392,0.13433311575578563,-0.0033618301245359676,0.19388446592450692,0.00020811143626370352,0.2861672411958622,0.002359308301627573,0.44016388314903004,-0.0003775634267416843,0.6614289311079893,-0.002096660238370637,1.364505794256775,-0.0019375797883389686,-0.0003434301385067586,0.041588048375960224,0.04762093017526265,0.15
1.375,276622398,0.01159230036129671,0.1,0.05901050088392003,0.050004611322850515,0.05224947060131743,0.03248612261001421,9.491145889602018e-05,0.0009604367033368565,0.03350509430976397,0.13433311575578563,0.05613732110445875,0.08231146441963005,0.031035665482783144,2.7764451051977987,0.044348225894666964,-0.12018631805560907,0.12607451136329967,1e-150,12.706204736432095,0.026415886753431213,-0.03286919192079701,0.06626124776652091,0.04809767979569179,-0.07192664160426836,0.09875585582772646,-0.003500890899965501,0.13433311575578563,-0.0027401757778646968,0.19388446592450692,0.0009221603340293779,0.2861672411958622,-0.00020512703324957471,0.44016388314903004,0.00021521881223063855,0.6614289311079893,-0.0013384536322393885,1.364505794256775,-0.0021315712883514934,-0.00021902580062352128,0.03323886580463927,0.05463747426488343,0.15
1.375,815576865,0.022152972462505353,0.1,0.07351064171687145,0.07814282916230877,0.09830985462758447,0.09796584205885975,0.0035845481926755057,0.006012758017625948,0.09762166383676622,0.19388446592450692,0.0919538521053905,0.08231146441963005,0.07765394987360066,2.7764451051977987,0.07398814879665186,-0.18090406412509263,0.22994400301312828,0.09625724054578179,12.706204736432095,0.06303622352649793,-0.11835512699527614,0.13031959002887428,0.07563680853421571,-0.10780040988262818,0.19347705439261886,-0.008232366011097749,0.13433311575578563,0.00044528420696910906,0.19388446592450692,-0.001119608842353219,0.2861672411958622,-0.00033675903683647084,0.44016388314903004,0.00043624642932749705,0.6614289311079893,-0.0010013359554118066,1.364505794256775,-0.0022951232380545826,-0.00036308788443925767,0.042706742513030735,0.05915071521295037,0.15
1.375,1310183686,-0.09533589447351412,0.1,0.07377873612822783,0.07406540595642974,0.0822937335006094,0.09995746597301139,0.0006832456122538594,0.009308249391491871,0.1008384080886091,0.13433311575578563,0.0805684102286745,0.08231146441963005,0.09661858954870217,2.7764451051977987,0.1605440320046923,-0.5033791302542491,0.38810425340204435,0.08485119178130271,12.706204736432095,0.08143331893166075,-0.22938266240711058,0.036713922827374706,0.08855350794483814,-0.28421390499233856,0.0753303879404448,-0.012442624097570108,0.13433311575578563,-0.0017625824460458534,0.19388446592450692,-0.0002977554596063052,0.2861672411958622,0.0011897532247058555,0.44016388314903004,-0.00024074484261561927,0.6614289311079893,-0.0008393974292528931,1.364505794256775,-0.00027697441203647914,-0.0009800554653835224,0.06996266712601919,0.10408744294604029,0.15
1.375,1048196625,0.0003986249849317197,0.1,0.06349440448510696,0.07271997428424858,0.08872893554559537,0.07976297224833069,0.0021668896522448883,0.004195242089643083,0.07825613027439193,0.13433311575578563,0.08149659869809048,0.08231146441963005,0.0648642202356644,2.7764451051977987,0.12941964156134578,-0.43832923389612366,0.28032382676278056,0.05752049165336631,12.706204736432095,0.05324337034575348,-0.09271410020831293,0.10536874308690258,0.14523880017703117,-0.42454001219175774,0.07864317325476582,-0.005930579704555222,0.13433311575578563,-0.004688377088669727,0.19388446592450692,0.0005256090789033451,0.2861672411958622,-0.0008653418630978106,0.44016388314903004,-0.0008507830112826052,0.6614289311079893,0.000711668911317616,1.364505794256775,0.0005031543231795115,-0.000980603402084224,0.07016326758546891,0.09210321921037452,0.15
1.375,2122232156,0.10130936291693718,0.1,0.07304619919788806,0.06724855819737441,0.07156012095263879,0.07749594647739909,0.0009385419557565817,0.005067079764671322,0.08491400883947714,0.32612014812863077,0.07035072412413863,0.08231146441963005,0.07128621538471216,2.7764451051977987,0.06483088750248497,-0.14811493650884575,0.21188386403496137,0.08684672113282522,12.706204736432095,0.06803460252241116,-0.005729545552377259,0.2128286780912128,0.0863569690401251,-0.13207107515703204,0.22587320360733718,-0.010317732818875021,0.13433311575578563,-0.0022361342034690384,0.19388446592450692,0.0014814592035538477,0.2861672411958622,-0.0007806461719504145,0.44016388314903004,-7.773393466948667e-05,0.6614289311079893,-0.0005997405617486783,1.364505794256775,-0.0020660369578037567,-0.0005427026158412826,0.05205684593458124,0.08337391442320108,0.15
1.375,876115461,-0.005110729611039179,0.1,0.07157192676686741,0.03736454810374209,0.04339430541657915,0.0344611657112798,0.00071261427824435,0.0004749576639359366,0.036524639881540366,0.2431366342882323,0.03880334597654296,0.08231146441963005,0.021824994248505824,2.7764451051977987,0.07841465464807934,-0.23621056148289227,0.19921740666397914,0.019939420191578384,12.706204736432095,0.01846549033166251,-0.041884638427705026,0.031106857125528846,0.06277090065148234,-0.18926585389259587,0.10041862535596784,-0.006476990139138278,0.13433311575578563,0.002520617902232409,0.19388446592450692,-0.002018779889495314,0.2861672411958622,-0.0018192268981416368,0.44016388314903004,-0.0006972133629847191,0.6614289311079893,0.0005978622680659805,1.364505794256775,-0.00024310264247936987,-0.0009281428629557339,0.06786470270626414,0.11619748822231517,0.15
1.375,1946249991,0.04308702248286038,0.1,0.07523390416664733,0.1698583615893955,0.18299847685949852,0.2137767821117132,0.007897483231483132,0.03780302933855577,0.23198895788633592,0.32612014812863077,0.16804704274719529,0.08231146441963005,0.19471077691998148,2.7764451051977987,0.2917037160666577,-1.1586852572128772,0.46111345206968307,0.23980836925288654,12.706204736432095,0.1714932976245275,-0.23975111088251733,0.3829531083490831,0.22038529094981182,-0.6601832608740531,0.20430134056042182,-0.007823279748924846,0.13433311575578563,-0.002952496264168935,0.19388446592450692,0.0008753602285900994,0.2861672411958622,-0.00015794128741903864,0.44016388314903004,-0.001208717757822004,0.6614289311079893,0.00024644052056476643,1.364505794256775,-0.0006633240171972864,-0.0007838526613728273,0.06298631104606835,0.0888948634632432,0.15
1.375,1261039713,-0.10687870740490979,0.1,0.0744043106891335,0.09730568264252656,0.12272198034675749,0.1067181321679151,0.006433112427191941,0.004955647306216656,0.1162658004119792,0.2431366342882323,0.10701421373798263,0.08231146441963005,0.07049801405920898,2.7764451051977987,0.07592366252718012,-0.2865678488860661,0.13502791349849147,0.07671230434038974,12.706204736432095,0.061201951658894124,-0.24186738563746782,-0.013031759004854343,0.0923680308646523,-0.2968544885805294,0.05681923915457359,-0.005764233562157681,0.13433311575578563,-0.002043156645379467,0.19388446592450692,0.00019309806698512255,0.2861672411958622,-3.837831331176568e-05,0.44016388314903004,4.04978539336393e-05,0.6614289311079893,-0.0010473090305311518,1.364505794256775,0.0005673878554151721,-0.0009816307796131087,0.07030053455822614,0.09636734087411732,0.15
1.375,1324425245,0.190731047767216,0.1,0.07677473846791177,0.0838689849628009,0.09792194258110014,0.060299128227601445,0.0029425477160421277,0.0006934371489665937,0.06576533306605475,0.32612014812863077,0.08864413093088222,0.08231146441963005,0.026371221105142704,2.7764451051977987,0.029913579267900243,0.14455380826628073,0.3106606297408967,0.07071669257902416,12.706204736432095,0.024072476433887213,0.15016824004171056,0.23159189901362653,0.10008753108604326,-0.07831654375573688,0.2990666200971899,-0.0005045481748948618,0.13433311575578563,-0.004662661371117546,0.19388446592450692,-0.001305121684085623,0.2861672411958622,-0.0004092271423817292,0.44016388314903004,-0.00021054901019941407,0.6614289311079893,-0.0005524854593150994,1.364505794256775,0.0012077371227837339,-0.0012411393715027635,0.07891880503152084,0.09936231436862082,0.15
1.375,467427858,-0.25753041213635947,0.1,0.0696879878027804,0.050176395888928325,0.06752649602313365,0.05042629410888529,0.0020148246246139093,0.0005279865129418902,0.05896457189961861,0.32612014812863077,0.058716380594065254,0.08231146441963005,0.02301113829263228,2.7764451051977987,0.07580324537266478,-0.47830035880791877,-0.057373259661833154,0.06424277954770917,12.706204736432095,0.020441642229664953,-0.29559891100733826,-0.223927798016767,0.0918501436167287,-0.45691293613550904,-0.04262549044344775,-0.010599822385674477,0.13433311575578563,-0.002189761278835086,0.19388446592450692,0.0017353525282821991,0.2861672411958622,-0.0007814508700860093,0.44016388314903004,9.856759485008688e-05,0.6614289311079893,-0.0002907480512302927,1.364505794256775,-0.0011987467917169024,-0.0005521331072209298,0.05241699111436211,0.09016748828879237,0.15
1.375,114670813,-0.08368465991308344,0.1,0.07469038175034805,0.08165525642527574,0.09542193377292811,0.10904672717472808,0.0018617903743589834,0.010029398333160596,0.1088627174500111,0.13433311575578563,0.09042876772998869,0.08231146441963005,0.10029150030558648,2.7764451051977987,0.12448364705883248,-0.5428295730710735,0.14841445203625814,0.10166820703447886,12.706204736432095,0.09290491322917446,-0.25053281349744994,0.08316349367128306,0.09517710136883063,-0.3057970503915688,0.06008945892976821,0.003922165343261263,0.13433311575578563,-0.0012971693446832532,0.19388446592450692,0.0008163680174713216,0.2861672411958622,-0.0019762628468555895,0.44016388314903004,-0.0022743661509647827,0.6614289311079893,0.00036413733505832543,1.364505794256775,-0.0014444692612471108,-0.0005832639721643051,0.053852936245756565,0.07035963026663175,0.15
1.375,62602200,0.12094981406083857,0.1,0.07183847721259891,0.1124104077362566,0.1231359249713025,0.1094847997153286,0.002467637354330778,0.009519284014374838,0.11035270302469041,0.13433311575578563,0.12128427646823513,0.08231146441963005,0.09770770898920554,2.7764451051977987,0.15743424587242713,-0.20946289666681328,0.6647521860192008,0.06324978298078149,12.706204736432095,0.08391512375952083,-0.046932557179245826,0.28359684394316365,0.10754503770193383,-0.09753284465627596,0.29251675301935764,-0.007549639067981725,0.13433311575578563,-0.0043950195056400715,0.19388446592450692,0.0036224997835477314,0.2861672411958622,3.608025364251724e-05,0.44016388314903004,0.0010767468504637064,0.6614289311079893,-0.002750372284115246,1.364505794256775,-0.0015983337639882398,-0.0005159180369847143,0.05085140690486805,0.0720395560315144,0.15
1.375,1566627011,0.3270896973059961,0.1,0.05922448236463161,0.059509054549777,0.08670333691708713,0.07301528928491863,0.003262170744624185,0.002069061724736168,0.07924246818785807,0.2861672411958622,0.07600076752615173,0.08231146441963005,0.045552625302143525,2.7764451051977987,0.06152569911826274,0.09062752460604687,0.43227297692759314,0.07297891008055199,12.706204736432095,0.042180350968114656,0.2479490780205909,0.40008707713384917,0.07262382806682945,0.14537205203714545,0.42235150560745116,-0.009892898370763887,0.13433311575578563,0.0008102458398244185,0.19388446592450692,-0.001668558393232697,0.2861672411958622,0.0010303054095256133,0.44016388314903004,-0.0004231551697975582,0.6614289311079893,-0.00031014534537916153,1.364505794256775,0.00034296313125593803,-0.0008701706516083124,0.06606170695697523,0.0942157865149924,0.15
1.375,1258594465,0.21902710819691587,0.1,0.04832125451909716,0.04396544845327599,0.0435525655310092,0.047874683286831685,0.0002038078742656773,0.002088177425548764,0.04763319169971534,0.13433311575578563,0.043959966996929674,0.08231146441963005,0.04576256789582828,2.7764451051977987,0.06918469875694343,-0.06915906130962221,0.31501597512697743,0.03781973523320207,12.706204736432095,0.03882760376461738,0.16060433487267278,0.28889704563984764,0.08587949752591723,0.04034299113439066,0.2860553831044913,-0.0070960031159867125,0.13433311575578563,0.0013734770368544727,0.19388446592450692,0.0006973543686290517,0.2861672411958622,-0.0012453169045289762,0.44016388314903004,-0.0011017945288239385,0.6614289311079893,0.0002640825094499869,1.364505794256775,-0.001627415406700782,-0.0005106034123743028,0.05064951314353126,0.07412658819424965,0.15
1.375,1782384794,-0.001947157776451748,0.1,0.07328220846571826,0.08365507793003833,0.10634348748763517,0.08725223322191873,0.003998521966412784,0.003614430235799315,0.09381873438255149,0.32612014812863077,0.0942845858782841,0.08231146441963005,0.06020694782133192,2.7764451051977987,0.12677641965808625,-0.47174996279882825,0.23222557682956285,0.08467707440746336,12.706204736432095,0.05655675825062829,-0.1014092819744695,0.10008026754439667,0.09575660668315596,-0.22440526681400302,0.20478252000131572,-0.00801987434953384,0.13433311575578563,-0.001034546201373396,0.19388446592450692,-0.0011329423884235104,0.2861672411958622,0.0002293566945887586,0.44016388314903004,0.000484843509456745,0.6614289311079893,-0.0013937909601285043,1.364505794256775,-0.00025461951600727937,-0.0009252204773102163,0.06811393209958236,0.07580961765080324,0.15
1.375,900406478,0.43353714288821915,0.1,0.06791713540254453,0.09069819694859628,0.10787614894226523,0.09945013418131006,0.002869126961057124,0.007021202227623452,0.10204922422642082,0.13433311575578563,0.10738264249988641,0.08231146441963005,0.08391361462605933,2.7764451051977987,0.10664563710305021,0.06996829617166361,0.6621598104225925,0.09120908470514681,12.706204736432095,0.07832112677239664,0.3180928477486813,0.5814270126635275,0.10270854700518439,0.20181697945359292,0.6271505745212671,-0.005132066065720127,0.13433311575578563,-0.0005166647755067781,0.19388446592450692,-0.0027001594831723933,0.2861672411958622,-4.307538756362008e-05,0.44016388314903004,0.0005463833371533467,0.6614289311079893,-0.0008031149707645133,1.364505794256775,-0.001607577564648861,-0.0003918146380371917,0.04420184739129711,0.06489942124747737,0.15
1.375,1951131317,-0.09378338308822264,0.1,0.04334598425551738,0.02207588977676355,0.030713433331280647,0.021786640966042332,0.00037261590946249394,0.00010204181512074006,0.02759560653892592,0.32612014812863077,0.02519526119885673,0.08231146441963005,0.010116162002535917,2.7764451051977987,0.03517827232784899,-0.2244278303394677,-0.02908674631152472,0.026124717602935294,12.706204736432095,0.00870087583820774,-0.1080680764989038,-0.07872824451912784,0.11085344985038693,-0.5597782205327527,-0.07179768129838782,-0.0038948033335295265,0.13433311575578563,-0.00015386165126219167,0.19388446592450692,-0.0022636732909055023,0.2861672411958622,-0.0008861981806274322,0.44016388314903004,0.00020646090687222708,0.6614289311079893,-9.342905728907698e-05,1.364505794256775,-0.0024607562120735837,-0.0001070725273787934,0.02324683950906445,0.0392107629888947,0.15
1.375,874738441,0.06051667924234734,0.1,0.07552590467778954,0.11607139563403002,0.12999163004317407,0.0644590984414782,0.0032291825226660412,0.0009257928492221355,0.06871435478725833,0.13433311575578563,0.1312698940110531,0.08231146441963005,0.030470781924632314,2.7764451051977987,0.048301827872736625,-0.055273761233387494,0.21294098590534488,1e-150,12.706204736432095,0.024513144646860635,0.0096921139343953,0.10755092653585469,0.12416953521340503,-0.13244636500134352,0.2981033644052721,-0.011197701136875942,0.13433311575578563,-0.00178727887348835,0.19388446592450692,0.0010875880196298269,0.2861672411958622,0.00011185453341699845,0.44016388314903004,-0.001190943645911418,0.6614289311079893,0.0003249308762823946,1.364505794256775,-0.0007821572393393849,-0.0007739019460842727,0.06223455369261149,0.08373686683998834,0.15
1.375,685208547,0.25121821294771773,0.1,0.05461556065818661,0.03772984072311866,0.03535937772269822,0.03608377079374459,-6.491927515223789e-05,0.0013669577898477332,0.03620784212634782,0.13433311575578563,0.03644611202927123,0.08231146441963005,0.03702578202962224,2.7764451051977987,0.03963511592974103,0.11541562275783768,0.33550506999199126,0.025236138191283623,12.706204736432095,0.033158627493082446,0.19315949610828048,0.2997048648225397,0.050448085832433646,0.11327312168730594,0.32349622540738265,-0.004939424634922488,0.13433311575578563,-0.0019216984543991673,0.19388446592450692,-0.002596758470262116,0.2861672411958622,0.0008893857944770799,0.44016388314903004,9.149515139115255e-06,0.6614289311079893,-0.0004179409420950662,1.364505794256775,0.00037771584835590835,-0.000751854572656442,0.061189262184018975,0.10031467793271331,0.15
1.375,1960015152,0.3330500444371617,0.1,0.06861014603562558,0.07960199721552558,0.094344201459182,0.08445757116442021,0.002848767516805726,0.004284313810187379,0.10541241391771554,0.32612014812863077,0.08546489580639903,0.08231146441963005,0.06554918931644703,2.7764451051977987,0.20340888398210247,-0.45184317739740787,0.6776640231743027,0.10820854341776581,12.706204736432095,0.05906017823460384,0.2387496497903633,0.43410297004589515,0.09136931019576397,0.13900629790605715,0.4596737639208315,-0.010072793803929687,0.13433311575578563,0.002654538426107699,0.19388446592450692,-0.0009911486635075576,0.2861672411958622,-0.0014269207682652402,0.44016388314903004,0.0008582486274915228,0.6614289311079893,-0.0009644107706076067,1.364505794256775,-0.0034054253201887355,-0.00014532303363346102,0.027087509243200542,0.04639217925857815,0.15
1.375,1967642642,0.15112510997234305,0.1,0.07526808880110515,0.07778417959822415,0.10207069740527744,0.10766145104344202,0.004803675310699596,0.006787312730079868,0.12977823868426888,0.32612014812863077,0.08851214501544212,0.08231146441963005,0.08250411650857457,2.7764451051977987,0.10465919613990635,-0.19545231968360396,0.38570870598955465,0.13821763752665747,12.706204736432095,0.07179638165823858,0.03574395657982327,0.280661222931256,0.08610143964674134,-0.04933756551011956,0.28178919648426354,-0.007879508420334063,0.13433311575578563,0.0023001256541016527,0.19388446592450692,0.0015842076113595836,0.2861672411958622,-0.002057942217913551,0.44016388314903004,-0.0012242369586546369,0.6614289311079893,0.0004350047268692547,1.364505794256775,-0.0027031787538239352,-0.0002899578601252308,0.037866621933863115,0.05937177404984329,0.15
1.375,956792618,-0.2572569383362447,0.1,0.061776390772211524,0.047211117145569775,0.05255109055796718,0.05613723050677063,9.712568045554303e-05,0.003054262968514756,0.05659818349289452,0.13433311575578563,0.056068746593240376,0.08231146441963005,0.055345192366950346,2.7764451051977987,0.06459282472736981,-0.555952960249023,-0.19727609615861244,0.04963112151323944,12.706204736432095,0.04696910090889571,-0.33673102677438327,-0.17456142410764763,0.0761141276523085,-0.45915604317263736,-0.1967139078391273,-0.004548696369345346,0.13433311575578563,-0.005028781215040988,0.19388446592450692,0.001838759881105681,0.2861672411958622,-0.0004699710847074608,0.44016388314903004,-0.001204029726203934,0.6614289311079893,0.00048079686341949386,1.364505794256775,0.00014914568585778481,-0.000791403098694289,0.06286292131142877,0.08306097156127755,0.15
1.375,2063953952,-0.05580369507897184,0.1,0.06457787038327611,0.03729341589982395,0.06437593515965868,0.07939379740905284,0.0028318984871947787,0.003471476579834945,0.09239635358737765,0.32612014812863077,0.051706208708938835,0.08231146441963005,0.059004319749835485,2.7764451051977987,0.11528324066030045,-0.4589153535392224,0.1812398249460396,0.09701763681587422,12.706204736432095,0.05183771309712236,-0.15504165236992143,0.04343426221197767,0.0784560904928878,-0.20871747238099891,0.07198597543250926,-0.005310885029092361,0.13433311575578563,-0.002783417443847774,0.19388446592450692,0.0008558560446491074,0.2861672411958622,-0.0009900465327278265,0.44016388314903004,-0.0010396126380737363,0.6614289311079893,0.0006665499446219695,1.364505794256775,-0.0012917724631612579,-0.00046443890653503965,0.048317898043826794,0.06449783417158356,0.15
1.375,365560100,0.21888726830329008,0.1,0.06065142011892659,0.046732632819516,0.06159273782918984,0.04896092763060384,0.0014527419577368174,0.0009444304767124092,0.050902839665867256,0.2431366342882323,0.052408954193750384,0.08231146441963005,0.03077596537176665,2.7764451051977987,0.05164554237871777,0.08521930840363395,0.3720013350889868,0.038138368057360233,12.706204736432095,0.026674849749481977,0.17404812405097825,0.2637264125556019,0.05934385641802814,0.06575667620294985,0.30511532039227407,-0.006666206147984945,0.13433311575578563,0.0006245938115909253,0.19388446592450692,-0.0011154661829844016,0.2861672411958622,-0.00021815769372885511,0.44016388314903004,0.0002585166512527703,0.6614289311079893,-0.0005655358803017907,1.364505794256775,-0.0003148871894529248,-0.0006009634195041433,0.054812566955936226,0.08196394174614109,0.15
1.375,976872709,-0.09301992823816804,0.1,0.06921343872043739,0.0923030686767622,0.09657860129514935,0.10547267698366507,0.001383165385847509,0.009741320204253043,0.11672925826756803,0.32612014812863077,0.095500508439575,0.08231146441963005,0.09884065109503078,2.7764451051977987,0.13420428812809265,-0.3712643904254547,0.3739572873141411,0.11940868293928912,12.706204736432095,0.08198242605376495,-0.24211100530370783,0.0720397693683199,0.1333825968396118,-0.19676287586274652,0.25718572680621754,-0.010192435926901557,0.13433311575578563,0.0027162234140620275,0.19388446592450692,-0.0029974460948423457,0.2861672411958622,0.00027527440214001817,0.44016388314903004,-0.0007130000156786377,0.6614289311079893,0.0005287744708034911,1.364505794256775,-0.0004513023806066597,-0.0007217215865036531,0.0602498787916309,0.07297737774045689,0.15
1.375,1415394291,-0.11325342047624715,0.1,0.07278674875959636,0.10562496183397556,0.11899283082402767,0.11550919661350373,0.0033350218102140405,0.01000735269208302,0.114743866841712,0.13433311575578563,0.1138938960278409,0.08231146441963005,0.10018121419079631,2.7764451051977987,0.07880047991875011,-0.3382137339459004,0.09935667956940199,0.0830253978639597,12.706204736432095,0.08954795584050788,-0.26381228109780275,0.023582174155643787,0.11880614794382487,-0.30479186623689974,0.10243511022198695,-0.009658737820519521,0.13433311575578563,-0.00046829539052326165,0.19388446592450692,-0.0003015327538561207,0.2861672411958622,-0.0012707869017573173,0.44016388314903004,-2.0766974452175696e-05,0.6614289311079893,0.00015745347058920362,1.364505794256775,-0.0008655314004886506,-0.000704486488515113,0.0593779107039204,0.08474044045428303,0.15
1.375,118195527,-0.05062819772988374,0.1,0.06537445599730542,0.13952750891599608,0.15390556353841345,0.15635364166810864,0.0029696026427950585,0.02147685862008426,0.17688808192797523,0.32612014812863077,0.14449929521756288,0.08231146441963005,0.14676147473300694,2.7764451051977987,0.08827110031949832,-0.2532829902069785,0.23687673861801142,0.18742379934953726,12.706204736432095,0.13577100133563091,-0.25147211888589954,0.14911148282185577,0.12766308623160244,-0.23268019408227597,0.22226618479483834,-0.009294960619650992,0.13433311575578563,0.0009161066401354152,0.19388446592450692,0.0005497661650571852,0.2861672411958622,-0.0017863069204699694,0.44016388314903004,0.0003897699875343468,0.6614289311079893,-0.0002810800223539319,1.364505794256775,-0.0015986478413520687,-0.0004752018036353551,0.0485169839964881,0.06423604733839136,0.15
1.375,1628922179,-0.18174100459887893,0.1,0.05639684401361616,0.05053840358719621,0.0652081817307518,0.05926998010570768,0.0025812925156917547,0.0009316380260392294,0.06241791449817625,0.2431366342882323,0.05942062176674999,0.08231146441963005,0.030566822234085925,2.7764451051977987,0.044236911900736926,-0.31990139035356346,-0.07425867532182892,0.055506055184810624,12.706204736432095,0.025323278036055975,-0.22524736396334907,-0.13856238170318577,0.07594298425211911,-0.24858424886207336,0.06010227707764949,-0.006971355635956051,0.13433311575578563,-0.0002260158051829666,0.19388446592450692,0.0004189976798924011,0.2861672411958622,-0.0008070504163659537,0.44016388314903004,-0.00032180114571765775,0.6614289311079893,-4.543357673698367e-05,1.364505794256775,0.0019252479833658037,-0.001210884234920096,0.077623877199342,0.11618262644676973,0.15
1.375,800078288,0.11993022301360694,0.1,0.061151583645332755,0.05168900624162758,0.06575261843048125,0.055455689135112556,0.0016712937942527577,0.0014040396631974825,0.059722770924410515,0.2431366342882323,0.05806370961786888,0.08231146441963005,0.037524626331240256,2.7764451051977987,0.04549506907592488,-0.10006666748390194,0.1525624562090728,0.0475546158485486,12.706204736432095,0.03277960453735992,0.07338308572932672,0.17652531979983477,0.06308916581060388,-0.013797791017793506,0.25463958603520237,-0.007060369881938163,0.13433311575578563,-0.006985239134782256,0.19388446592450692,0.002917307548260932,0.2861672411958622,-0.0009711158969715133,0.44016388314903004,7.526364366564017e-05,0.6614289311079893,-0.00032460624242201553,1.364505794256775,-0.002152514931230214,-0.0003173791457974318,0.039689271961668444,0.06871716921480173,0.15
1.375,1256615377,-0.22032833215190759,0.1,0.04407291261202273,0.037060894536142364,0.05118091940265837,0.04826277619980164,0.0009628029284919465,0.0013664926380201935,0.04872882097303416,0.19388446592450692,0.046589621396067676,0.08231146441963005,0.037019481880600565,2.7764451051977987,0.06443069924409969,-0.49322208051719507,-0.13544548143569088,0.035981465145975174,12.706204736432095,0.03555717333795908,-0.2923298976391069,-0.1483267666647083,0.0637026277843866,-0.38086205801597345,-0.1275137518207215,-0.0051860105345919475,0.13433311575578563,0.0011413732617287736,0.19388446592450692,-0.001528964396195129,0.2861672411958622,-0.00016755513501167047,0.44016388314903004,-0.0007973725535049612,0.6614289311079893,0.00040477549423568635,1.364505794256775,0.0026746440988425135,-0.001281424341394457,0.07971004659772518,0.11488433488345456,0.15
1.375,727208320,0.47716232348606635,0.1,0.06357508372430587,0.06588396330045485,0.07685847041537278,0.06735652516065992,0.001395994160349398,0.0031409073213692143,0.06717295575401679,0.19388446592450692,0.07097188749515103,0.08231146441963005,0.05612472795652535,2.7764451051977987,0.06782806313839987,0.2639400128204048,0.64058180061172,0.0638534850164955,12.706204736432095,0.04826848033660972,0.385616712920265,0.5677163150115049,0.08344032451313209,0.2975074034452346,0.6551535489833598,-0.006697160539278775,0.13433311575578563,0.0012226557325633837,0.19388446592450692,-0.0005832925125082122,0.2861672411958622,-0.0013819039712863444,0.44016388314903004,0.000437895616333465,0.6614289311079893,-0.0006135267042649997,1.364505794256775,-0.0006554805486465299,-0.0006633478487641611,0.05798532370332526,0.08572211697167638,0.15
1.375,102625351,-0.12063407149485089,0.1,0.05868041347845423,0.047088185920540815,0.0585690779701366,0.05893096621446414,0.0015592753774546272,0.0019135834015156874,0.07117322807881105,0.32612014812863077,0.04949780938674404,0.08231146441963005,0.043807693267065996,2.7764451051977987,0.08163906051569303,-0.32249607262961566,0.13083666729386992,0.07215097361744646,12.706204736432095,0.038351070347677055,-0.18572527194685642,-0.055388511034113824,0.08306245739779874,-0.23217930264282655,0.08344191453558428,-0.006301134413243979,0.13433311575578563,0.0003136754968794497,0.19388446592450692,9.026302817768772e-05,0.2861672411958622,0.0013201431703718045,0.44016388314903004,-0.001517337049093567,0.6614289311079893,-0.0003511843914815959,1.364505794256775,-0.001396850230624709,-0.00038682328278338005,0.04391398436025548,0.06268548422429061,0.15
1.375,1173374025,-0.19792562648936435,0.1,0.07076198972480857,0.09615115414288386,0.11217783697219318,0.09276158698902526,0.003677222416956002,0.004927489603766497,0.09240995607651482,0.19388446592450692,0.10494711128389485,0.08231146441963005,0.07029744592230465,2.7764451051977987,0.09506374608778842,-0.48020037266257454,0.04767817235183858,0.083999900309297,12.706204736432095,0.06390136602677926,-0.30581975465602174,-0.09018769798016983,0.10184886532973633,-0.37148044839659083,-0.001093118344337271,-0.010055369068933102,0.13433311575578563,0.004278625882477815,0.19388446592450692,-0.000675867765294116,0.2861672411958622,-7.540529248682105e-05,0.44016388314903004,-0.0005349159373223002,0.6614289311079893,-0.00031051030479547825,1.364505794256775,-0.0009251328881447717,-0.0005138482279760193,0.050828725441878636,0.06686867768333075,0.15
1.375,1457416203,-0.008471058989086313,0.1,0.06640763132923369,0.06716589644802165,0.08529606577755426,0.09438576308905638,0.002603585925404775,0.006305086348498703,0.10420689375552936,0.32612014812863077,0.07602322078781786,0.08231146441963005,0.07951923755553392,2.7764451051977987,0.10812370233394764,-0.4390368233025388,0.16136222489936672,0.10350720007747284,12.706204736432095,0.06833384651840069,-0.12288191477154474,0.12004950834861546,0.113326849539509,-0.28412371357800903,0.2009876176649238,-0.010421522768751659,0.13433311575578563,-0.00040157016019863595,0.19388446592450692,0.0012936010189368756,0.2861672411958622,-0.000991674233193095,0.44016388314903004,-7.837424046982468e-05,0.6614289311079893,5.933304320265604e-05,1.364505794256775,0.0035648119820153577,-0.0016449455104671953,0.09062154302129051,0.10272512038170431,0.15
1.375,2073493269,-0.11110273495641762,0.1,0.06353417707648772,0.07455865765016323,0.09553504380294862,0.09649423865144949,0.003918558814890688,0.005392579278032201,0.10177910316518698,0.2431366342882323,0.08175447273701769,0.08231146441963005,0.07354022550465202,2.7764451051977987,0.11870537316334494,-0.5170942036838566,0.1420637008762377,0.09371349733196867,12.706204736432095,0.07086568697861485,-0.2500149943314459,0.027809524418610704,0.06825578756694255,-0.24665929827521518,0.0321648411575422,-0.0043297795002237675,0.13433311575578563,-0.0009456332762628231,0.19388446592450692,0.0022897764154754625,0.2861672411958622,-0.0028273370132898537,0.44016388314903004,0.00014977297982962702,0.6614289311079893,-0.0003481725628066234,1.364505794256775,-0.0026375979793450853,-0.00014597714632340103,0.026896967254771916,0.038215877678970125,0.15
1.375,1507851868,0.32647696156179257,0.1,0.0677151229404907,0.046127634655896685,0.044451016721449535,0.031784091368058404,-0.00012747621075278551,0.0011377046748458704,0.032501737207748516,0.13433311575578563,0.04597871703570014,0.08231146441963005,0.03377858550392546,2.7764451051977987,0.05456746471649804,0.17114783178950896,0.47415497241985805,0.023217650945811,12.706204736432095,0.027246829298645428,0.2703631245984901,0.3744889979484055,0.045867395168210416,0.21711192925653053,0.3834026963282081,-0.004292347768711795,0.13433311575578563,0.0002787063023261664,0.19388446592450692,-0.0012083859544344089,0.2861672411958622,-0.0009964277002222205,0.44016388314903004,0.0003878322611467361,0.6614289311079893,-0.000774394657891817,1.364505794256775,0.00135221027130548,-0.0011123819029536738,0.0742483874255707,0.12008297700866666,0.15
1.375,1930991489,0.04121720808725173,0.1,0.06349122655155107,0.11328346592233123,0.11013509087809711,0.10576050927519741,-0.00022244836493406396,0.011407733687083182,0.11149886744110174,0.13433311575578563,0.12593084083927483,0.08231146441963005,0.10696122669294034,2.7764451051977987,0.14408709531789518,-0.16154885174016073,0.6385509692949167,0.0696989024544802,12.706204736432095,0.09925383475301322,-0.12402655574085666,0.20570195882667106,0.13620926637948474,-0.0881549343482829,0.42035090847549583,-0.004609824103221373,0.13433311575578563,-0.003771648498823497,0.19388446592450692,0.0006899008126907923,0.2861672411958622,-0.0007319281919241838,0.44016388314903004,-0.0007496890920972165,0.6614289311079893,0.0004591467171930845,1.364505794256775,-5.776205107571871e-06,-0.000719671276161722,0.05992678897282755,0.07159329526314868,0.15
1.375,82235014,0.2940114809133736,0.1,0.07011074896815067,0.08985421508278993,0.10583762386730837,0.10418698103018983,0.0037502711853924092,0.007104655830792728,0.1234096126335742,0.32612014812863077,0.09259962200623922,0.08231146441963005,0.08441083768192896,2.7764451051977987,0.40216566883002386,-1.1976172342951992,1.0355645711082382,0.13360842837522005,12.706204736432095,0.07678485199524966,0.17020551337465772,0.40603767202656094,0.14693180043361093,-0.17548371720136766,0.37754771075986476,-0.005841434389467332,0.13433311575578563,-0.0008241725899808007,0.19388446592450692,0.0005677370825046531,0.2861672411958622,-0.0032387437590964446,0.44016388314903004,0.0001784431698917484,0.6614289311079893,0.00043066754456062476,1.364505794256775,-0.0028992897717272526,-0.00021283105820851388,0.03249050178497558,0.046091590401541885,0.15
1.375,22182036,-0.22662802273869742,0.1,0.0663438975292239,0.09040283821631923,0.09807932269670486,0.09461713146272835,0.001218179101072728,0.007734222465162491,0.09334828550638344,0.13433311575578563,0.09528229487953804,0.08231146441963005,0.08807142390856101,2.7764451051977987,0.11786215524867097,-0.7351958058959722,-0.08072019783950118,0.07498732273544029,12.706204736432095,0.0783437929980548,-0.35118483542034856,-0.09379666961402058,0.14328783661664313,-0.6672172731992932,-0.135691169268664,-0.004879626713696938,0.13433311575578563,-0.0030755686935669633,0.19388446592450692,-0.002441335761968326,0.2861672411958622,0.0011979897674751247,0.44016388314903004,-0.0009735452344940159,0.6614289311079893,-6.302894614501516e-06,1.364505794256775,-0.00011512566234262993,-0.0008196769563656475,0.06377772639155715,0.11154532895558966,0.15
1.375,2053694638,-0.2441819500703481,0.1,0.062373658752178276,0.08135329324229285,0.10358731070276761,0.12057180459941944,0.0050540091581556595,0.00948355090620492,0.11939551822412052,0.13433311575578563,0.09230954528777141,0.08231146441963005,0.09752415092104237,2.7764451051977987,0.11889371978927445,-0.5687032107918514,0.09150056190352807,0.09936845855257205,12.706204736432095,0.089072336359907,-0.3936145345989195,-0.09171724636676087,0.08826182363685142,-0.3999826133650529,-0.0565615929597719,-0.00777507065551183,0.13433311575578563,-0.0015558362668147369,0.19388446592450692,-0.00114373596830788,0.2861672411958622,-7.795666079458115e-05,0.44016388314903004,0.0002548720382562077,0.6614289311079893,-0.0004713657670387073,1.364505794256775,-0.001261406137257416,-0.0005026416435071515,0.0502659958116286,0.07174217713089677,0.15
1.375,249346438,0.2242838007234111,0.1,0.0433715134142606,0.04407462400325202,0.05107849978682154,0.0569282329181976,0.0007827300777204858,0.0024580936254680703,0.056437180847094086,0.13433311575578563,0.04625930882423564,0.08231146441963005,0.049650759735422795,2.7764451051977987,0.0638620495445802,0.0728871720827933,0.4275061218146914,0.04089587787750654,12.706204736432095,0.041015637556908194,0.15371086288975339,0.2992908588138449,0.049676630003788,0.154930895296051,0.3207547569384232,-0.007485438769257284,0.13433311575578563,0.0015457925581835621,0.19388446592450692,-0.0008975016702367349,0.2861672411958622,-0.0005134659602515371,0.44016388314903004,-0.00017301565306521217,0.6614289311079893,-5.457298411762933e-05,1.364505794256775,-0.0016458581985306356,-0.00028957580987234565,0.037903350508636614,0.04901756589986697,0.15
1.375,443794378,-0.11559804165305324,0.1,0.06557172763542451,0.06357488675318836,0.08718701132925806,0.07271335570041704,0.003188732926630312,0.002098499170585058,0.09654705459746339,0.32612014812863077,0.0758067543374604,0.08231146441963005,0.045875529393017776,2.7764451051977987,0.08561541423912414,-0.30832083018641754,0.16709216540097874,0.10581186804782854,12.706204736432095,0.03918262669753331,-0.18657408225478062,-0.04462200105132588,0.10411569587164055,-0.25136596564501135,0.06277704535370064,-0.007728220034005531,0.13433311575578563,0.004204883381384246,0.19388446592450692,0.0023544671836588527,0.2861672411958622,-0.0008440405930714843,0.44016388314903004,6.424257298894449e-05,0.6614289311079893,-0.0020353051115071866,1.364505794256775,0.001851142036187089,-0.0013169244168406932,0.08116808849916561,0.09566349695180527,0.15
1.375,679198624,-0.34543922712112796,0.1,0.06527816207541796,0.044764007218137614,0.0611550451278088,0.041460007015609646,0.0008661128295982938,0.000852819352136107,0.04883110915942339,0.32612014812863077,0.055397656655991674,0.08231146441963005,0.029245241458253152,2.7764451051977987,0.12213517670827925,-0.6145801095853229,0.0636231175030173,0.048706767108149154,12.706204736432095,0.023045700420200547,-0.38803063815635763,-0.30260163234254017,0.11549619132700462,-0.3961348575036986,0.04878456440992932,-0.004626452946291829,0.13433311575578563,-0.0025828639669564354,0.19388446592450692,-0.0007021072260944099,0.2861672411958622,-0.00047852178381361534,0.44016388314903004,9.063308527701732e-05,0.6614289311079893,-0.0002781591104970031,1.364505794256775,0.0012026907829461157,-0.001025114435224884,0.07186834757292751,0.11760710730409989,0.15
1.375,1964871685,-0.45652425526742435,0.1,0.04917806650462627,0.03563137087962992,0.036913537476881544,0.039812864704343635,-0.00018714637046163296,0.001772210566428004,0.04019214803221608,0.13433311575578563,0.04219204586434746,0.08231146441963005,0.04215842219871056,2.7764451051977987,0.06758917089459333,-0.7244209651591169,-0.3491057197697745,0.03562796773402603,12.706204736432095,0.033648259407164906,-0.5173145839550654,-0.3833743601051471,0.042491823805816474,-0.571256310221951,-0.39961627790113613,-0.009071998053385356,0.13433311575578563,0.0020117242500530866,0.19388446592450692,0.0005166089620411299,0.2861672411958622,6.750317785323642e-05,0.44016388314903004,0.0003303956596964565,0.6614289311079893,-0.0020410402820364923,1.364505794256775,0.0034900856168513395,-0.001863177281896983,0.09611331298835461,0.11929884039088436,0.15
1.375,816586826,0.3625413210316407,0.1,0.06670141804952523,0.18727626529015318,0.2074090101277883,0.21358248981720443,0.00893147055844367,0.03668600939807257,0.21106332180745582,0.19388446592450692,0.19027537354574428,0.08231146441963005,0.1918125082651513,2.7764451051977987,0.26276378218491264,-0.7159508994932327,0.7431475342478899,0.19372248388428626,12.706204736432095,0.17739314963575756,0.07509218150542235,0.6660335745913943,0.27568979020096934,-0.3343237329709273,0.555916618414021,-0.0004087250055243361,0.13433311575578563,0.00161200383459733,0.19388446592450692,-0.0037835341711456223,0.2861672411958622,-0.0006358884483919526,0.44016388314903004,-0.0009440544863851858,0.6614289311079893,-0.00024571257390052935,1.364505794256775,-0.003553924317087849,-0.00010972296706179455,0.023347340356447227,0.025270426507283065,0.15
1.375,1332803548,0.12909794770704702,0.1,0.06183033082183569,0.0484375115145205,0.05891955180768305,0.043054883384234084,0.0012947568963533411,0.0005589660868766548,0.043253063242623443,0.19388446592450692,0.05821080032038508,0.08231146441963005,0.023676604397553792,2.7764451051977987,0.058158533468624665,0.029244418553720564,0.3521923697026112,0.031542035762907726,12.706204736432095,0.022686885610280934,0.08943639453068722,0.17369232537235382,0.060558020663142496,0.00795652785883787,0.2538588525407382,-0.006640528963586148,0.13433311575578563,-0.004671189087736164,0.19388446592450692,-0.0003186306901188628,0.2861672411958622,0.001966149821222228,0.44016388314903004,-0.0009450408366230703,0.6614289311079893,-0.0004316810020104482,1.364505794256775,-0.0013821491525153682,-0.00043743616611038633,0.046641159375233894,0.07497932745625552,0.15
1.375,1657424895,0.18169054974710586,0.1,0.05811607856323277,0.038537899691056,0.035618628359879306,0.044736948281393844,-8.166199921076428e-05,0.002083056540742872,0.04581932263383717,0.19388446592450692,0.03557107154869736,0.08231146441963005,0.04570642116124709,2.7764451051977987,0.04798634775150254,0.0519514473265375,0.31841436798849476,0.03614009853878015,12.706204736432095,0.042722053466196626,0.09736467473601061,0.260113511185291,0.04372231347383186,0.10357607861173661,0.28221520672430106,-0.007419437608215002,0.13433311575578563,-0.003689639667077109,0.19388446592450692,0.0021236278470093974,0.2861672411958622,-0.00023856470515908287,0.44016388314903004,-0.00012993723960554263,0.6614289311079893,-0.0004588622315449051,1.364505794256775,0.0009582779249567242,-0.0009447385413703855,0.0683836405937449,0.11739544847363777,0.15
1.375,133547833,0.12560444985989042,0.1,0.058235585130760784,0.046166863743133175,0.05870560335663152,0.04638397149687834,0.000940745532186022,0.0012107272796372005,0.05419828296784997,0.32612014812863077,0.05323853365610592,0.08231146441963005,0.034845752846337806,2.7764451051977987,0.05964732291472885,-0.02880175183493519,0.30241328365456766,0.05437188296960807,12.706204736432095,0.03380685269751269,0.06366196923295561,0.18667061852686823,0.07270785400218738,0.032246622201912836,0.29801690513272416,-0.005440755174403869,0.13433311575578563,-0.000816394695051306,0.19388446592450692,0.0019489476520588706,0.2861672411958622,0.0003234930547396119,0.44016388314903004,0.0002971883399855666,0.6614289311079893,-0.0018764704105931494,1.364505794256775,-0.0014984167517094274,-0.000285595379233945,0.038025477807956905,0.06662315971395119,0.15
1.375,1165040663,-0.28999812632273336,0.1,0.07507883229401936,0.07130952679037637,0.11597721334692877,0.10270787987045944,0.009030582987886338,0.0015183255995983884,0.15078865051098742,0.32612014812863077,0.08726941367862388,0.08231146441963005,0.039021965915041826,2.7764451051977987,0.06608153460166019,-0.4793628122212028,-0.11241930564372601,0.16594203264182025,12.706204736432095,0.03389583134392945,-0.3549250358993584,-0.2316234541253057,0.11324952590399161,-0.6099554620656765,-0.12544031079226756,-0.008108422570331158,0.13433311575578563,-0.0058468726963865235,0.19388446592450692,0.00189928194997621,0.2861672411958622,0.00024017652842915307,0.44016388314903004,-0.0016827289290081335,0.6614289311079893,0.0003666435178776059,1.364505794256775,-0.0025461229150771387,-0.000475813673591035,0.048834014159290486,0.06954874173957677,0.15
1.375,127415433,0.05772992573803715,0.1,0.0701964074451211,0.06875530304477095,0.08273287834569155,0.0884913321769838,0.002032490257361792,0.005798225613095497,0.0908057200722168,0.2431366342882323,0.07513563855506139,0.08231146441963005,0.0762560390434095,2.7764451051977987,0.09442440537423355,-0.14156925742994925,0.3827590987950577,0.08092806539676722,12.706204736432095,0.07034706833735556,-0.060167718413767286,0.17983628550654687,0.09757595788975726,-0.1245251823083774,0.2524099942316956,-0.009865659880033968,0.13433311575578563,-0.002345973908113914,0.19388446592450692,0.0016012088529481204,0.2861672411958622,-0.0008043670106149302,0.44016388314903004,0.00028700228536653635,0.6614289311079893,-0.00047128983027557416,1.364505794256775,-0.0015312989714102102,-0.0004537056095843498,0.04747504093545966,0.07287001319119298,0.15
1.375,1418483937,-0.09610207177905777,0.1,0.06114026593487258,0.04588536784904957,0.05957973964823069,0.053542917915281284,0.0007315308885258664,0.0021353131703566834,0.053119515353882714,0.13433311575578563,0.05390031134490931,0.08231146441963005,0.04627617741024571,2.7764451051977987,0.1290552955427196,-0.36126245112373256,0.35536743609514576,0.051272681669659245,12.706204736432095,0.03972076638706071,-0.15781329938123076,-0.03302985267885307,0.06426247454686163,-0.1783999498181916,0.04191119481542891,-0.006005175766245927,0.13433311575578563,-0.0038116305690316763,0.19388446592450692,0.002610851297412866,0.2861672411958622,-0.0006477358483688673,0.44016388314903004,-0.0010691854346894254,0.6614289311079893,0.00012114599567382928,1.364505794256775,0.0007241889973941091,-0.0009854136270989794,0.07031307781333229,0.0973522302481858,0.15
1.375,2031136130,0.12322046680679752,0.1,0.055254241361545824,0.07134247457989874,0.08642407406182909,0.1013412259649819,0.002134511278666688,0.008135532801418837,0.10843353987082967,0.32612014812863077,0.08057917666162115,0.08231146441963005,0.09032743714952268,2.7764451051977987,0.18177728152711803,-0.39701968982424735,0.6123695972400108,0.10608914269709639,12.706204736432095,0.0819173835402495,-0.025923524333769214,0.2540987140714246,0.11723003395423469,-0.10237962280728632,0.3764079728246462,-0.006184914641090997,0.13433311575578563,-0.0018630449851990542,0.19388446592450692,-0.0001447786593058312,0.2861672411958622,-0.0006324516912523052,0.44016388314903004,0.00043341748501112416,0.6614289311079893,-0.0003377098060870787,1.364505794256775,-0.0023419955012121702,-6.445234013033821e-05,0.017891749119279248,0.029230111241000126,0.15
1.375,1749269085,-0.20911515145313175,0.1,0.06551750900865577,0.059295657155785844,0.06150330299098673,0.051139163889098414,0.00038213786864162895,0.0022330762146344383,0.05122292854330193,0.13433311575578563,0.061187125878959345,0.08231146441963005,0.047323674753059715,2.7764451051977987,0.06664981223309917,-0.5078000266405748,-0.13770093676669368,0.04660165881078294,12.706204736432095,0.03997170822942404,-0.28444406341073003,-0.13896051868986475,0.11132943833486036,-0.585371025661492,-0.14206969244790035,-0.00543950714459903,0.13433311575578563,-0.003822354411162802,0.19388446592450692,-0.0017016685474982418,0.2861672411958622,-0.0015118371122472838,0.44016388314903004,0.0013973399279662503,0.6614289311079893,-0.0005457638134697657,1.364505794256775,-0.00314769708944941,-7.132490340907061e-05,0.018821297901933976,0.02571378647771678,0.15
1.375,126488074,0.08375473111574697,0.1,0.07871263828776638,0.06990780732322421,0.07272140701329809,0.07632015408103676,0.0011074092788857888,0.004717356640067403,0.07793840617181527,0.13433311575578563,0.07351291361919757,0.08231146441963005,0.06878219696110269,2.7764451051977987,0.09187676277417858,-0.18601102422648227,0.3241705523450926,0.046628778802281244,12.706204736432095,0.06616565612466814,-0.040543366285314714,0.20805282851680865,0.07886373757299725,-0.0670814380779334,0.22062861150064886,-0.011779874942931685,0.13433311575578563,0.0006670322369777869,0.19388446592450692,0.001849353014102396,0.2861672411958622,-0.0002346261713778643,0.44016388314903004,-0.0008076531290854221,0.6614289311079893,-0.0004034407428435954,1.364505794256775,0.002060539790815778,-0.0014714389587040884,0.08563849284638171,0.1293063519628102,0.15
1.375,597540034,0.057372122753736265,0.1,0.06283467027784474,0.0359446149243647,0.048537831557916536,0.040443714134872015,0.0010503989566264212,0.0005852950563968251,0.04026420928835393,0.19388446592450692,0.044007502568062566,0.08231146441963005,0.024227807589752418,2.7764451051977987,0.07893076088928547,-0.18557230118361867,0.2527215482575703,0.027853378245100594,12.706204736432095,0.02319341706433408,0.013042110850176203,0.10170213465729633,0.07397135824259127,-0.11971568081280032,0.17273409872931758,-0.008177736699629998,0.13433311575578563,-0.0006753994364280685,0.19388446592450692,0.0008925994895305481,0.2861672411958622,0.0006260668031804146,0.44016388314903004,-0.0002672763064437926,0.6614289311079893,-0.0009486562210392473,1.364505794256775,0.0036952354929062955,-0.0016476608643599224,0.0907656101640809,0.10157991992129325,0.15
1.375,936576948,0.0527299379259332,0.1,0.06434369547205228,0.0818550648845972,0.1338194337944391,0.1552151998247352,0.010477075296156322,0.013614682960476153,0.18208823482638092,0.32612014812863077,0.10453398085669469,0.08231146441963005,0.11685046750081753,2.7764451051977987,0.15972393210271357,-0.2774650971192716,0.6094643618197777,0.19185205621729073,12.706204736432095,0.10136953806597526,-0.11356364057476662,0.2712778267243086,0.08773265931058018,-0.10077990565745797,0.22218051448009377,-0.004835445242850957,0.13433311575578563,-0.0046535600313538485,0.19388446592450692,0.0007252686175881695,0.2861672411958622,-5.3549968385470545e-05,0.44016388314903004,-0.0017266096048639803,0.6614289311079893,0.0008331571904773043,1.364505794256775,-0.0028842166839164766,-0.00012996255106408376,0.025561694998818524,0.033263464405200206,0.15
1.375,1130742935,0.4045904175881288,0.1,0.06591087234416795,0.03996160762105443,0.03826703688557584,0.050893568679246486,9.976936536073167e-06,0.0025801783963731056,0.05082768896943099,0.13433311575578563,0.040487434356769325,0.08231146441963005,0.050868807331884675,2.7764451051977987,0.10669770595885739,0.1552844101598741,0.7477650570504812,0.048195311249799935,12.706204736432095,0.04392801073285799,0.3211556436943074,0.4873044876258261,0.10417518503122086,0.3122047307759683,0.7346682597339309,-0.0035453633431945853,0.13433311575578563,-0.0015782065454304274,0.19388446592450692,-0.0024167755266629827,0.2861672411958622,-0.0017364031856051526,0.44016388314903004,0.0009095949899035151,0.6614289311079893,-0.0004096721929211148,1.364505794256775,0.004962764075381661,-0.0020887988727913784,0.10293375128604934,0.16923052205265987,0.15
1.375,1733299772,-0.008845959905685295,0.1,0.07242795083440369,0.04320514832172436,0.04495549436025109,0.04211704404450362,0.0003533619058675153,0.0014204834931791427,0.04414049290524035,0.2431366342882323,0.042424305370575704,0.08231146441963005,0.03774372711856961,2.7764451051977987,0.0449882505931588,-0.13018839239873214,0.11962642390284328,0.039676021351501035,12.706204736432095,0.03480632249345571,-0.07533158838169993,0.057639668570329344,0.05629877467949108,-0.08304063841755402,0.13185032828059434,-0.013581460699340193,0.13433311575578563,-0.0022522552925561957,0.19388446592450692,0.0023872277780297613,0.2861672411958622,-0.0009131690221925857,0.44016388314903004,-0.00036598771114201617,0.6614289311079893,0.00023371365832636624,1.364505794256775,0.004276062852327231,-0.0020210595267814028,0.10084718453933494,0.15832600585994228,0.15
1.375,2121366290,-0.102595131887795,0.1,0.05811998187109392,0.040405998311521064,0.0420977768308843,0.04105087422351585,0.0002532139140991156,0.0014319603604158028,0.041900156506490316,0.13433311575578563,0.04443762809509985,0.08231146441963005,0.03789589653477313,2.7764451051977987,0.1427461044194659,-0.6662565822415436,0.12639686356141638,0.0336680367682199,12.706204736432095,0.03596527125053593,-0.16169571819194503,-0.04883373262553109,0.07593630204861275,-0.30139824858110076,-0.04719294966496737,-0.004659393992928794,0.13433311575578563,-0.001000094901850179,0.19388446592450692,-0.0014503111540678086,0.2861672411958622,0.00022509215889591642,0.44016388314903004,0.0003466836129003261,0.6614289311079893,-0.0008896389931409942,1.364505794256775,-0.0012436144729368692,-0.00037000803535919226,0.04277837208989657,0.06353653788649144,0.15
1.375,733237921,-0.08124775622672391,0.1,0.06560254118591359,0.08439577938543355,0.10759195555351371,0.12537482761028237,0.004187552497430356,0.011531294900877667,0.13128864898557108,0.19388446592450692,0.09208590908552584,0.08231146441963005,0.10753893407872203,2.7764451051977987,0.10503446893746199,-0.28668702151274206,0.2965578528041911,0.10860856177699138,12.706204736432095,0.09879375049754811,-0.27167434581797967,0.09034177290050893,0.09303030432040084,-0.22184194435311133,0.14953936225719452,-0.003593734565786096,0.13433311575578563,-0.0025865879711440606,0.19388446592450692,-0.0002599871016277223,0.2861672411958622,-0.0010151076708854669,0.44016388314903004,0.0004893748298380826,0.6614289311079893,-0.0004363085641050861,1.364505794256775,0.0017467326694520647,-0.001077443926025081,0.07328241875447718,0.08685577000915479,0.15
1.375,1227819170,-0.017479571817041413,0.1,0.050598553969572115,0.03612798988680442,0.025831949709714433,0.04239235194788189,-0.0005234280209349723,0.002320539524608058,0.04278620389495169,0.13433311575578563,0.029103713935131465,0.08231146441963005,0.0482415410848355,2.7764451051977987,0.270824111332875,-0.8129470097533782,0.6909095468060307,0.03831379141722866,12.706204736432095,0.04703235844968814,-0.0982219524387731,0.0680321705092298,0.04495318640604365,-0.07628715904840207,0.08604838051205206,-0.0047228526712710436,0.13433311575578563,-0.001242937625431033,0.19388446592450692,-0.0027253667660888372,0.2861672411958622,0.00035558795067223964,0.44016388314903004,-0.001657356559588405,0.6614289311079893,0.001131729411001936,1.364505794256775,-0.0010806114185515504,-0.0005711491057553202,0.053243594216025154,0.08972792061053605,0.15
1.375,1620565186,0.360699255187923,0.1,0.06895712944945966,0.07897381024340844,0.08627630055656256,0.05611075278762074,0.0010689365756863939,0.002079480002707095,0.05623338001357553,0.13433311575578563,0.08351143292672097,0.08231146441963005,0.045667166110000594,2.7764451051977987,0.055818147335739476,0.22627632904319098,0.5362283729462378,1e-150,12.706204736432095,0.042488182060966634,0.2824742465430337,0.4337926807073056,0.0949666536490628,0.16000715361527007,0.5271131123000217,-0.004541879458192565,0.13433311575578563,-0.00616061761996391,0.19388446592450692,0.0024929272218827806,0.2861672411958622,-0.002792829542437995,0.44016388314903004,0.0005498331768378009,0.6614289311079893,-0.00018170226789602167,1.364505794256775,-0.0011342559939070446,-0.0006364160636170986,0.056590483339370425,0.06930936699389297,0.15
1.375,347042092,0.17331430794657923,0.1,0.06054817231004562,0.05526765643213476,0.04176476666838844,0.01313824880048332,-0.0012708609394754026,0.001443474521018804,0.01659915333148201,0.13433311575578563,0.047698197047763576,0.08231146441963005,0.03804794886321797,2.7764451051977987,0.07620565895768379,-0.02593571159260924,0.3972259460102586,1e-150,12.706204736432095,0.03307364779023086,0.12156589034934204,0.22506272554381643,0.05519798301492207,0.0635456675356095,0.2890908047854611,-0.007911755521006897,0.13433311575578563,0.00022757133966901474,0.19388446592450692,-0.0012760257821287258,0.2861672411958622,0.0005984949417031085,0.44016388314903004,-0.00011936863796114624,0.6614289311079893,-0.0005227504367394761,1.364505794256775,-0.002543766974345351,-0.0001003093908958225,0.022307174189085434,0.03209687688320681,0.15
1.375,1109975088,-0.052069583358946264,0.1,0.07551096851645976,0.0639876585169816,0.09214583301029064,0.09504011860107248,0.004346617709235376,0.004686006434470546,0.09735741406270265,0.19388446592450692,0.08288434939966191,0.08231146441963005,0.0685532625457639,2.7764451051977987,0.07943698791802385,-0.2695423539822492,0.1715625185710588,0.0808471517310713,12.706204736432095,0.06096169788614053,-0.15275664270656533,0.048617475988672804,0.07246690304401932,-0.18108502622016662,0.09030251665784775,-0.004692373832545404,0.13433311575578563,-0.0012875808340486099,0.19388446592450692,0.0011786764031698745,0.2861672411958622,-0.0009575162098454845,0.44016388314903004,-0.0009523283523004956,0.6614289311079893,-0.00014075749491349501,1.364505794256775,-0.003127565539498071,-9.697477038484147e-05,0.022043093724965414,0.030416412763080884,0.15
1.375,1101525983,0.29904950337541947,0.1,0.04544071812004376,0.01591522324482462,0.016010498557574693,0.01699591537509981,2.176600876638865e-05,0.0002670951306711654,0.01736333237652881,0.19388446592450692,0.015522576012758055,0.08231146441963005,0.01636664540814274,2.7764451051977987,0.02596412403843702,0.202910281243543,0.3470862114380769,0.015089573946590466,12.706204736432095,0.014474789743081725,0.2713160028398863,0.3267830039109526,0.03850674941813356,0.22696551729431247,0.32488611839532516,-0.005795109970886907,0.13433311575578563,0.0037392630189923455,0.19388446592450692,0.0007894063453027399,0.2861672411958622,-0.0018073091327588308,0.44016388314903004,-0.002472660820109405,0.6614289311079893,0.0016580903362117567,1.364505794256775,-0.001283114830694056,-0.00047378626265808194,0.048420841120672936,0.06990100827094681,0.15
1.375,652499090,0.16876666663514986,0.1,0.07720630839089704,0.11184784327120531,0.15751381214723542,0.1530559169838333,0.011839632777228269,0.011586480946533806,0.15783526514323448,0.19388446592450692,0.1401641137960033,0.08231146441963005,0.10779595486698765,2.7764451051977987,0.18251878267225752,-0.3767636674160048,0.6367430940980956,0.12135338131897487,12.706204736432095,0.09474430732025733,0.006022667113524172,0.33151066615677555,0.14362274014636964,-0.12008015738620834,0.4192837626799551,0.0011146068408409472,0.13433311575578563,-0.003043623800685325,0.19388446592450692,0.002222538963857936,0.2861672411958622,4.049757184676308e-05,0.44016388314903004,-0.00033626089224224803,0.6614289311079893,-0.0031391661895761426,1.364505794256775,-0.003458773461598222,-0.00028196238793720837,0.03753202803015835,0.04596164954397537,0.15
1.375,16415546,0.0386710832758514,0.1,0.05785809386025345,0.07827560374462755,0.08775081897270787,0.060616323201916594,0.0019054656262246106,0.0017688730122946016,0.06321097374032322,0.13433311575578563,0.08319198800243167,0.08231146441963005,0.042118705607379694,2.7764451051977987,0.041898082007786344,-0.14758285149644018,0.08507259791894853,1e-150,12.706204736432095,0.03717150974937256,-0.02670458186625036,0.10286789910584324,0.0763398915151868,-0.09408267288136493,0.17467819244069602,-0.007700715033501097,0.13433311575578563,2.8274160989502735e-05,0.19388446592450692,-0.0002191685681141355,0.2861672411958622,-0.0014077855340006668,0.44016388314903004,0.0007736086449287851,0.6614289311079893,-0.0005057969009780925,1.364505794256775,0.0005120256203717115,-0.0008869190767021559,0.06697276115135699,0.09891638965253442,0.15
1.375,993452646,0.16024361412506308,0.1,0.07357736261258747,0.06287209511304316,0.0730903126980382,0.0548465350609036,0.001925375673379995,0.001082766734806933,0.06288958239548097,0.32612014812863077,0.06724773786141738,0.08231146441963005,0.0329529379332639,2.7764451051977987,0.16269546923482592,-0.19437341529663094,0.7090566630931521,0.06134884272629265,12.706204736432095,0.028888565871189903,0.11137278104966802,0.2085650020541768,0.11971525410383645,0.04827258397966462,0.529221815317885,-0.01119221111468893,0.13433311575578563,-0.0028315682669171915,0.19388446592450692,-0.0021968726965578764,0.2861672411958622,0.000886868175010729,0.44016388314903004,-0.0005991783663647834,0.6614289311079893,0.0003495675486021466,1.364505794256775,0.0003734427426875695,-0.0011146340633224352,0.07444251984587733,0.10566292961219473,0.15
1.375,1496496587,-0.2973254270757406,0.1,0.0610080501934384,0.06481531593759081,0.08615337529337418,0.08616459208792568,0.0030837874379165244,0.0043405494917621,0.08535159307189022,0.13433311575578563,0.07834209387434457,0.08231146441963005,0.06597798445307143,2.7764451051977987,0.09961612825514304,-0.5676717299243613,-0.014514306538865207,0.07485926657981877,12.706204736432095,0.06126477477267171,-0.40838935509187946,-0.18626149905960174,0.06925173942192193,-0.43988199306899345,-0.16851453161486754,-0.005077377543202654,0.13433311575578563,-0.0019532480548691113,0.19388446592450692,0.0007858588645608442,0.2861672411958622,-0.00010515200010507023,0.44016388314903004,5.110127714947928e-05,0.6614289311079893,-0.0010070768740108767,1.364505794256775,-0.002448398498744858,-0.00014143711133383517,0.02669270225421618,0.043469055761708716,0.15
1.375,1830159543,-0.1323483380458389,0.1,0.07019421157675394,0.06332858341083203,0.0791597573092523,0.07360648815065009,0.002265798655797357,0.003152116442074434,0.07472079873916361,0.19388446592450692,0.07312338938205887,0.08231146441963005,0.05622478639534183,2.7764451051977987,0.07638891421876379,-0.22455131600245937,0.19962793794566314,0.05922205929731034,12.706204736432095,0.0475911823959823,-0.21958407492636856,-0.03767815929633975,0.10662561377701747,-0.20866212536469053,0.2136739960500408,-0.005577611077224011,0.13433311575578563,-0.0006727584747480147,0.19388446592450692,-0.0014973753407079215,0.2861672411958622,-0.0009670830793736513,0.44016388314903004,0.001304092299413877,0.6614289311079893,-0.0013891347659425444,1.364505794256775,0.000406445344365813,-0.0009557053912167746,0.06897916655793092,0.09591713850191641,0.15
1.375,129342370,-0.13012053432468018,0.1,0.05511607070120083,0.022242990326563163,0.03004802912453693,0.03157197532865897,0.0005420956228599691,0.0004546940032934817,0.03459703585667581,0.2861672411958622,0.02643557676482543,0.08231146441963005,0.021354347281330583,2.7764451051977987,0.09820685234359751,-0.36660333253712374,0.17872853643540473,0.031017965844224126,12.706204736432095,0.017405828160460483,-0.16583879526429857,-0.09414621238241225,0.03939962015779868,-0.2314072113923935,-0.056504384472688934,-0.0040202400367905945,0.13433311575578563,-0.0035011192232880903,0.19388446592450692,0.0017016104467061065,0.2861672411958622,-0.0008963707329889227,0.44016388314903004,0.00047510968605799094,0.6614289311079893,-0.000794423301521169,1.364505794256775,-0.001023653262588729,-0.00034737319395185804,0.04144418533151368,0.06139916362187089,0.15
1.375,1701900873,-0.08422298290708483,0.1,0.0651129773558501,0.09038210141917685,0.11861324891156204,0.1282739615612663,0.005989695364872937,0.010464513849748293,0.1326755595172564,0.2431366342882323,0.09997564046702222,0.08231146441963005,0.10244392665956165,2.7764451051977987,0.12981654530956924,-0.3764387131141372,0.34441831048274635,0.12365213803600301,12.706204736432095,0.08781688841957519,-0.21745900374529617,0.08524963796870699,0.09648687714655935,-0.22467032980783988,0.1381760371116718,-0.006922175665487962,0.13433311575578563,0.0023246053454290864,0.19388446592450692,-0.0007440743039617686,0.2861672411958622,-0.0001843794354966419,0.44016388314903004,-0.0009568412735403177,0.6614289311079893,7.0046234276556986e-06,1.364505794256775,-0.002172670635376214,-0.00026265139439082965,0.036064391915401575,0.057210521698490245,0.15
1.375,923890838,0.3008631740524326,0.1,0.06405548728485598,0.04508402978871183,0.06099297775914473,0.06848462519398059,0.0017245050309789142,0.0029656388569810873,0.07291747506169541,0.32612014812863077,0.05500695916038756,0.08231146441963005,0.0545363187935379,2.7764451051977987,0.10215778027674353,0.05935993929763811,0.6266308773121116,0.0658078003654922,12.706204736432095,0.04653765659246992,0.2204734043050081,0.39637810493084397,0.06328096083027565,0.22144482027023202,0.47038218890377514,-0.007095535511885924,0.13433311575578563,-0.002311172697525206,0.19388446592450692,-0.0004814746193157125,0.2861672411958622,0.0004104276979400512,0.44016388314903004,-0.0016791158974151018,0.6614289311079893,0.0006310045746208358,1.364505794256775,0.001959126372491949,-0.0014127881356021442,0.08415008542052481,0.1199262997241154,0.15
1.375,81035190,-0.15442473787123967,0.1,0.07095924233957684,0.15506487462571028,0.18875839593929936,0.15764845366700095,0.011443254176026665,0.013409780767569877,0.17181118143954055,0.2431366342882323,0.1681914272242944,0.08231146441963005,0.11596782898452342,2.7764451051977987,0.07759369885050564,-0.29314300273015864,0.13772628800519826,0.16089024217150918,12.706204736432095,0.10385095771057509,-0.33311245906787046,0.02006779495513694,0.16862428983488778,-0.3816260424772876,0.22707872621949007,-0.008856313318965464,0.13433311575578563,0.0002524009297281436,0.19388446592450692,-0.002420207769224103,0.2861672411958622,0.0009932554909363569,0.44016388314903004,-0.0009086979391062293,0.6614289311079893,0.000319820562982944,1.364505794256775,-0.0023933490290106983,-0.0002287069673152814,0.03383082542051467,0.04699386626499274,0.15
1.375,1332499014,-0.10729020592318708,0.1,0.06611261034926148,0.08727939320801752,0.13392703426346833,0.1292330044002457,0.01033468014796211,0.006366489278351816,0.15719375408472616,0.32612014812863077,0.10934202696522592,0.08231146441963005,0.07990550379280348,2.7764451051977987,0.08108640098195434,-0.36144939499357887,0.08881448721532739,0.1678481007326428,12.706204736432095,0.07332720377577177,-0.24420096003422814,0.03408305211261109,0.0904224867496276,-0.2539202344914273,0.10693999812026911,-0.003515832008682287,0.13433311575578563,-0.003216389853862608,0.19388446592450692,-0.00023165422770772808,0.2861672411958622,-0.001732710132211545,0.44016388314903004,-0.0005205149755862022,0.6614289311079893,0.00047889556076787405,1.364505794256775,0.0006562094705180602,-0.0010214012796803857,0.07120795323955346,0.1123029322723074,0.15
1.375,1456385642,0.11970603073396777,0.1,0.06372686700259188,0.09398499609536431,0.1407454695179698,0.137569022549127,0.010863785079271993,0.008061450885850226,0.1493397760054328,0.32612014812863077,0.12653670976735476,0.08231146441963005,0.08991523717841038,2.7764451051977987,0.13015871247529684,-0.2691558911836902,0.4536011491180809,0.15567297707756209,12.706204736432095,0.07821254416997023,-0.039668866927901836,0.27908092839583737,0.1102309595833361,-0.08943358780137202,0.2604761066163806,-0.009089603936043834,0.13433311575578563,-0.0030131905443046246,0.19388446592450692,0.0003288438586204589,0.2861672411958622,-0.0002933449514810513,0.44016388314903004,0.0007928299972392061,0.6614289311079893,-0.0012612285705197034,1.364505794256775,-0.0015784098113830246,-0.0005713805190011829,0.053266020590363186,0.06924348218595704,0.15
1.375,2032641769,0.18780500958280316,0.1,0.06639096184347872,0.033426323208799597,0.03730655746335742,0.05000159004928468,0.00044373539560407403,0.0020564236118526505,0.04996093201948916,0.13433311575578563,0.03581594286271598,0.08231146441963005,0.045413291366032435,2.7764451051977987,0.04684236744084565,-0.018082144873103556,0.2420283787209217,0.04743810558430359,12.706204736432095,0.04165611575050567,0.12279956189128895,0.26502186258788774,0.06947639984144158,0.058914558558056426,0.384323635585162,-0.007636862860588208,0.13433311575578563,0.002628222531969848,0.19388446592450692,-0.00395809385336463,0.2861672411958622,0.0019789221138203856,0.44016388314903004,-0.0004997825498480617,0.6614289311079893,-0.0008866571113116186,1.364505794256775,-4.458019626438348e-05,-0.0008219167241855803,0.0637503307076306,0.10486043498935889,0.15
1.375,1426446131,-0.05760153558208149,0.1,0.05645800943067276,0.0260450456297405,0.025630301135055586,0.02798027999318478,0.00013135973236857328,0.0006515363361284433,0.028103363925061308,0.13433311575578563,0.02511322119585478,0.08231146441963005,0.025562069343522134,2.7764451051977987,0.08640740226026263,-0.2371295151001776,0.24268130301654917,0.030379402035422238,12.706204736432095,0.024158564528505594,-0.10542658282780767,-0.023098378332732934,0.0530744574876867,-0.13315929630186973,0.08357826160053686,-0.006505688021727463,0.13433311575578563,0.002303232007617935,0.19388446592450692,-0.00044774859298455803,0.2861672411958622,0.00037485740699617833,0.44016388314903004,-0.00044509361603141016,0.6614289311079893,-0.0006346855338872939,1.364505794256775,0.0003943298593932257,-0.0007265391883300107,0.06035221514579865,0.07541305964315802,0.15
1.375,1519572395,-0.059109411393604885,0.1,0.05886562588802628,0.06514501302843835,0.09331012055025074,0.08393318669441233,0.004882975947850265,0.002161803880828809,0.08417627233766835,0.13433311575578563,0.08592007381752216,0.08231146441963005,0.04656234389422089,2.7764451051977987,0.10948676809102931,-0.4242049342682013,0.18376306843232845,0.04848484825385589,12.706204736432095,0.045188932078590933,-0.1369776329291989,0.020209530049842342,0.07250295770350577,-0.20615962077238398,0.06840870861945912,-0.0051763342107787845,0.13433311575578563,-0.006803234250019286,0.19388446592450692,0.0011735400734173517,0.2861672411958622,-0.0004700127909286023,0.44016388314903004,-0.0005824550038882621,0.6614289311079893,7.829587571230468e-05,1.364505794256775,-0.0008747046685132458,-0.0006918395025908047,0.05896308795989738,0.07917879243430985,0.15
1.375,1749035565,-0.11671061744048367,0.1,0.07111935880851775,0.043464446713575425,0.05461884880775963,0.04595260717781744,0.001037630269471109,0.0010740118369676904,0.0464630389589654,0.19388446592450692,0.05004116632023763,0.08231146441963005,0.032819444197325374,2.7764451051977987,0.19837378141526787,-0.7291283689878175,0.3724194598321796,0.031531147613565694,12.706204736432095,0.028361008593744987,-0.1603262239538295,-0.07122594434828033,0.10463420768664979,-0.2183688225990822,0.20259933830033167,-0.012141810351651705,0.13433311575578563,0.0004271179202348418,0.19388446592450692,0.0021439849456642034,0.2861672411958622,-0.0008047001545201819,0.44016388314903004,-0.0003761803620033685,0.6614289311079893,-0.0003478094688295097,1.364505794256775,-0.0029099005566078054,-0.00021656418345015273,0.032985404956567474,0.04538770095763939,0.15
1.375,573565245,-0.15789629727395366,0.1,0.06651745227577079,0.06319443082513841,0.06826704242740543,0.05009668042298938,0.0005711734562093502,0.0019385039331937773,0.05043843989177425,0.13433311575578563,0.06842501208488275,0.08231146441963005,0.04409202360651481,2.7764451051977987,0.06047913319582661,-0.37197182420319913,-0.03613783754688216,0.03256201564772119,12.706204736432095,0.0374051426275842,-0.23366335882998307,-0.09489388302305907,0.077576775355442,-0.2628731844306669,0.02691555519093962,-0.01000279490738544,0.13433311575578563,0.004223676484673143,0.19388446592450692,-0.002291210346511218,0.2861672411958622,-0.00012572314248571187,0.44016388314903004,-0.00022057620553661564,0.6614289311079893,-0.00014440307983040228,1.364505794256775,0.0023840710827315904,-0.0013913269789876026,0.0839879384560266,0.13349017186933546,0.15
1.375,625245419,0.35926097895823617,0.1,0.06369620795199124,0.026987126097076194,0.03450571541411602,0.03241598143246933,0.0005172191255490952,0.0005335767266811012,0.036021267340272806,0.2861672411958622,0.02994830429390524,0.08231146441963005,0.023132636165144806,2.7764451051977987,0.06186885449882581,0.1121694757772265,0.455720432252146,0.03653402541175007,12.706204736432095,0.020306661037714276,0.3248433671408822,0.4002752042672374,0.0633345511434876,0.19469419046876277,0.4146230168609276,-0.009126193303551718,0.13433311575578563,0.001002333405632467,0.19388446592450692,-0.0025708388374246455,0.2861672411958622,0.00012771118062171016,0.44016388314903004,0.00023498662775130384,0.6614289311079893,-0.00016926327220594914,1.364505794256775,0.00013445438316820284,-0.0008051420371224202,0.06315033250310435,0.09232054287618112,0.15
1.375,1558143563,0.01624293101005994,0.1,0.0742090880821141,0.04259564952236313,0.06322210458449423,0.053484937527059344,0.0020308432986336448,0.0008297952436397961,0.05765008545518546,0.2431366342882323,0.05472118311783073,0.08231146441963005,0.02884776413847431,2.7764451051977987,0.038253696483638334,-0.1614308743711681,0.050987702344271676,0.05863793022449901,12.706204736432095,0.026395326607802576,-0.024533371317327732,0.06273951493655128,0.07390657013869498,-0.10031397757976077,0.2002570150560652,-0.008794610059053286,0.13433311575578563,0.0004926237478177737,0.19388446592450692,-0.0015431792542206367,0.2861672411958622,-0.000741112224024665,0.44016388314903004,-0.0003102326019746357,0.6614289311079893,0.0001071980270519889,1.364505794256775,0.004451295634366565,-0.0020658943648688833,0.10161804833157123,0.13608356899708046,0.15
1.375,480963512,0.17483765154090708,0.1,0.07242638565314728,0.08937993231064416,0.09656790171158597,0.07238669789183702,0.00169727797121726,0.0035425560604668213,0.07366052990222482,0.13433311575578563,0.0972668088114001,0.08231146441963005,0.05960532410613712,2.7764451051977987,0.11341930055705761,-0.07664797002870302,0.5531569537044981,0.030437977891117345,12.706204736432095,0.04999309144907801,0.08824158087193115,0.2592922941822516,0.15326102046705378,-0.20442299938701491,0.38115320746676773,-0.009872217733994883,0.13433311575578563,0.00014501192873374628,0.19388446592450692,0.0016588762775993878,0.2861672411958622,-0.0003283881670092382,0.44016388314903004,0.0008741477051447231,0.6614289311079893,-0.0022231291082104275,1.364505794256775,-0.002961266080661045,-0.0002930367818859767,0.03850306577915659,0.056496044934257195,0.15
1.375,1652546737,-0.05585744904246934,0.1,0.07238298374262533,0.07986110592745979,0.09886428391667079,0.0788102577197033,0.003382161614316613,0.0028288951075294416,0.07853133342418,0.13433311575578563,0.0926722790642975,0.08231146441963005,0.05326416342110375,2.7764451051977987,0.10670684848221469,-0.38258448590694716,0.20994692841210916,0.06619985150081695,12.706204736432095,0.04965908596637949,-0.15718634080411767,0.006365884647451248,0.08205386887757772,-0.21615008226012206,0.09562427970722423,-0.008377129071298848,0.13433311575578563,-0.002059631005839832,0.19388446592450692,-0.0012209882079363666,0.2861672411958622,0.0009639222451648751,0.44016388314903004,-0.0005992505310651355,0.6614289311079893,-0.00023682074524662995,1.364505794256775,0.0028743828857386304,-0.00157600208685213,0.08880068975662496,0.13160273579724519,0.15
1.375,1321186540,-0.17285743458685493,0.1,0.07110896716843235,0.06830492770545867,0.05934389684722134,0.061710226929409265,-0.000830278537413587,0.004638430645092775,0.06460084627724526,0.13433311575578563,0.06557521516479864,0.08231146441963005,0.06820437312965515,2.7764451051977987,0.1137360413473845,-0.4143694829472129,0.21719426761982738,0.05660889864210923,12.706204736432095,0.056542200985266924,-0.2592068278899573,-0.059329092434112385,0.07661233253042353,-0.3119951708263321,-0.007267599827250537,-0.0008554184231831065,0.13433311575578563,-0.009267355661025867,0.19388446592450692,0.0006796183537474059,0.2861672411958622,0.0002038414365321747,0.44016388314903004,-3.749561874616469e-05,0.6614289311079893,-0.0012652100151995655,1.364505794256775,-0.0018743405740808711,-0.0005258942897028391,0.051693023439579974,0.08526446837721527,0.15
1.375,1267679688,0.1582340606001627,0.1,0.06572131045921382,0.0579326227038616,0.07202416028337284,0.06358291388307194,0.001963517135542021,0.002079269802320121,0.07856605574105086,0.32612014812863077,0.06406817639195078,0.08231146441963005,0.04566485796119203,2.7764451051977987,0.07982276474093356,-0.08403538110385189,0.3592116677927889,0.08258789102688817,12.706204736432095,0.041253683817276586,0.0817470454511701,0.22480819400017815,0.06856234891169351,0.055779829234067664,0.3286002656304575,-0.007317631467235546,0.13433311575578563,0.0006956395406825475,0.19388446592450692,7.209321429262899e-05,0.2861672411958622,-0.0005635790286731242,0.44016388314903004,0.00043556836651105957,0.6614289311079893,-0.0008918923137901519,1.364505794256775,-0.002275100784671473,-0.00015933149169875002,0.02835479788031209,0.04815443410646806,0.15
1.375,993549976,0.2240546988257484,0.1,0.058836455155024024,0.05856687428950104,0.0683436225411814,0.046626394261039254,0.0010351638769782547,0.0011388567648076197,0.04564249050944298,0.19388446592450692,0.06192415843573772,0.08231146441963005,0.03379568401952425,2.7764451051977987,0.0268459411279084,0.1833324481599718,0.3324050118379909,0.02521868908598326,12.706204736432095,0.0278071552263905,0.17956205141746484,0.2739102144855783,0.09796331058137896,0.16564383222039147,0.48046552716107027,-0.0047889685027169915,0.13433311575578563,-0.006771814046727366,0.19388446592450692,-0.001052409706650286,0.2861672411958622,0.0015441974213530967,0.44016388314903004,-0.0002373059468242943,0.6614289311079893,-0.0006159459571937838,1.364505794256775,-0.0009588862765992944,-0.0005417843074868044,0.0519544233783118,0.0722518734158083,0.15
1.375,1244301263,-0.19494944048538296,0.1,0.07279221897893283,0.0647328679727307,0.08132425117750164,0.06646021162677945,0.0026489495532264996,0.001768010176249811,0.06609642946917191,0.13433311575578563,0.07590886797493679,0.08231146441963005,0.04210843184269076,2.7764451051977987,0.05672053495449124,-0.37448401958214583,-0.05952111630495019,0.03957598041772021,12.706204736432095,0.03580202667307839,-0.26626156155167346,-0.14302592746726017,0.07659264220374414,-0.29606773071530545,-0.0069000288558103695,-0.008139986728828265,0.13433311575578563,0.001564904241805863,0.19388446592450692,0.0003461797750671858,0.2861672411958622,-0.002161930224425069,0.44016388314903004,0.00047146640516385323,0.6614289311079893,-0.00021754271989700096,1.364505794256775,-0.002326032963507176,-0.0002504731874909349,0.03545666717045357,0.05149860394141071,0.15
1.375,1327532100,-0.2608891382932878,0.1,0.04563050183727291,0.026776030362527358,0.030766020980687724,0.02808440428035786,0.00013268206330913752,0.0006560517004734452,0.02844625221293233,0.13433311575578563,0.03087122292026171,0.08231146441963005,0.02565049324387358,2.7764451051977987,0.07419024435591405,-0.5292532745445229,-0.1172829929537105,0.015792009366946965,12.706204736432095,0.022766664509805534,-0.30859017859533167,-0.2224417975920952,0.038245428247578636,-0.2998521234434409,-0.16405204672680315,-0.008947742466178216,0.13433311575578563,0.003268403593213208,0.19388446592450692,0.002071164919567999,0.2861672411958622,-2.914622496797957e-05,0.44016388314903004,-0.0003272641967626895,0.6614289311079893,-0.0020455471877824376,1.364505794256775,-0.0026021265470606647,-0.0003353803222243016,0.04109583492624047,0.06061703923526843,0.15
1.375,458097443,-0.035422346703095894,0.1,0.0560138118505248,0.03831313959916459,0.05029503520166741,0.06748359008065549,0.0012026388785861355,0.0033513960515878087,0.07599550523800633,0.32612014812863077,0.04661788093275433,0.08231146441963005,0.057974840813441154,2.7764451051977987,0.08359690264486393,-0.3789148343342944,0.08528958798176434,0.07993494688610714,12.706204736432095,0.05158346653973722,-0.129555883970873,0.07307308558785733,0.056573212619675045,-0.17847211692365275,0.011040271829613351,-0.009931660741008298,0.13433311575578563,-0.0012962565834173758,0.19388446592450692,0.003145474272491406,0.2861672411958622,-0.001143084487780545,0.44016388314903004,0.0004942934898679271,0.6614289311079893,-0.0008687256616718441,1.364505794256775,-0.0011984732834375473,-0.00043304988522645255,0.046545873217186944,0.0634221352126229,0.15
1.375,562783773,0.17812852227537943,0.1,0.058617218398106574,0.05675113542831582,0.07180298547605435,0.06161498026270455,0.0018070651213169392,0.0019893406714565328,0.06829967999603268,0.32612014812863077,0.06204499979883901,0.08231146441963005,0.0446664327092439,2.7764451051977987,0.11075499172956142,-0.28745223216774135,0.32755807715978563,0.06835119082050699,12.706204736432095,0.03929958655238058,0.10695583135884773,0.24629128699376235,0.16286725859079093,-0.29768338888939017,0.2345173707551286,-0.0053088296873498265,0.13433311575578563,0.00018884328914020706,0.19388446592450692,-0.00011134175113477918,0.2861672411958622,-4.2097274465686866e-05,0.44016388314903004,-0.0004359193550684037,0.6614289311079893,-0.0004609789390013137,1.364505794256775,-0.0025633944494072125,-4.957452160453698e-05,0.01571368342623734,0.017765912606228635,0.15
1.375,223102069,0.2988454598921268,0.1,0.06811612428296539,0.04548310108882384,0.062008339365657285,0.08243371935279478,0.002016784778274047,0.004778533308061285,0.08362425848308506,0.2431366342882323,0.0537723261808419,0.08231146441963005,0.06922675854009758,2.7764451051977987,0.2119746516516618,-0.4918626157552846,0.6852093522532451,0.08089540832676337,12.706204736432095,0.0652499143180777,0.19374310017872445,0.40517006923916093,0.13583334404918568,0.046234006090435646,0.396188694635981,-0.0022539394863189417,0.13433311575578563,-0.003106531989922339,0.19388446592450692,0.0007710813701330872,0.2861672411958622,-0.00268730781699793,0.44016388314903004,0.0006157854876423641,0.6614289311079893,-0.0004800662715622923,1.364505794256775,-0.0011689788826827387,-0.0005700985955623601,0.053389464285558845,0.07847675592665122,0.15
1.375,1890931255,-0.03911323839899557,0.1,0.06748161170190405,0.08295918876102841,0.09434567519615854,0.08945213524351057,0.0017989930452171309,0.006202691454406175,0.08961637957555467,0.13433311575578563,0.09392550775987049,0.08231146441963005,0.07887089645947129,2.7764451051977987,0.0780601991523602,-0.22703771982385232,0.20642199587081936,0.0833412898859406,12.706204736432095,0.06980424627790802,-0.15994983540214538,0.08856338152370939,0.09670984096730918,-0.2144870821898966,0.1697027489601612,-0.006183923799132226,0.13433311575578563,0.002002712458067853,0.19388446592450692,-0.0015281313051215485,0.2861672411958622,8.883827102273094e-05,0.44016388314903004,-0.0009866795727985342,0.6614289311079893,-0.00035244825022480284,1.364505794256775,-0.002117437204196074,-0.0003264622002230618,0.04068426898313059,0.06921870749409662,0.15
1.375,95413628,-0.08642170458390282,0.1,0.06566179533064823,0.04005798130322482,0.03354930489296582,0.030775798200171647,-0.0005035608960992054,0.0014507106509568937,0.03193044818815735,0.13433311575578563,0.03749377594730531,0.08231146441963005,0.038143196723747205,2.7764451051977987,0.05042030064227849,-0.30119234621236063,-0.021213952370649547,0.023318527428101875,12.706204736432095,0.033124471150341145,-0.1427344736670429,-0.030108935500762747,0.05436701893528794,-0.23288513723322785,-0.007825530005239561,-0.007615682181829529,0.13433311575578563,-0.0046647529642790935,0.19388446592450692,0.0005368411443120846,0.2861672411958622,-0.0006320427279623204,0.44016388314903004,0.00041561315116125236,0.6614289311079893,-0.00045375197187094056,1.364505794256775,-0.0027009131038430896,-0.00020171897613294938,0.0317761231019647,0.040162211497863,0.15
1.375,50626894,-0.07988507918737664,0.1,0.06836064266575438,0.04854500514283577,0.05637440419738515,0.04986983102141585,0.0011378329373071755,0.0013491671087973952,0.05338528000684049,0.2431366342882323,0.05075926647948549,0.08231146441963005,0.03678405137694099,2.7764451051977987,0.07109766119799446,-0.23664571595541814,0.1581517908929482,0.04946718980692943,12.706204736432095,0.029034869290770506,-0.13777510590872188,-0.025566423199611235,0.08935339601415028,-0.168980027382247,0.19320102831484898,-0.003597682906740282,0.13433311575578563,0.0006160286510748713,0.19388446592450692,-0.0006617201608751441,0.2861672411958622,-0.0021333337385414,0.44016388314903004,-5.942714550604198e-05,0.6614289311079893,-0.00020424513529096068,1.364505794256775,-0.0019617870400290035,-0.0004142485438054672,0.04544625388496281,0.06159315624181243,0.15
1.375,10312531,-0.07726818702529048,0.1,0.07265959810491873,0.12684156483846715,0.12076603254938116,0.1434777914000487,-0.0006059319278723194,0.021191808552908212,0.14490993872403932,0.13433311575578563,0.1257652764217712,0.08231146441963005,0.14578428088962883,2.7764451051977987,0.12190851963818199,-0.3276439707720019,0.34930065449067826,0.1268631570730949,12.706204736432095,0.1329490909516287,-0.3039647891459075,0.14136921058772745,0.1373086766957624,-0.25124133992572295,0.22123710775997765,-0.009373685060526382,0.13433311575578563,-0.0018279623650484947,0.19388446592450692,0.00021322897736436128,0.2861672411958622,0.0005566460476977266,0.44016388314903004,-0.0005866880113289126,0.6614289311079893,-0.0001417524329267488,1.364505794256775,-0.001558986221518993,-0.00042070194243508456,0.04565465407912237,0.06097495307579868,0.15
1.375,315302543,-0.23659937038706988,0.1,0.06136106614577931,0.0527614662515016,0.06567735709113276,0.08038121369483604,0.0017634056000003077,0.00469773391505459,0.09492475917947857,0.32612014812863077,0.056392864532212275,0.08231146441963005,0.06863899169353405,2.7764451051977987,0.2716466614622111,-1.1785157458165927,0.32990834130356633,0.09780827728113436,12.706204736432095,0.061643469791845214,-0.3440071131551553,-0.12685399627029986,0.1327498521731188,-0.6767737588146665,-0.1354305347185426,-0.005005504014174717,0.13433311575578563,0.0009262259676421738,0.19388446592450692,0.0006056593713459798,0.2861672411958622,-0.0009938110113231445,0.44016388314903004,-0.0004428325619046476,0.6614289311079893,-0.000285569177215167,1.364505794256775,-0.001702607271605351,-0.00028740013429798814,0.037930143945359256,0.048888074124958235,0.15
1.375,209338559,-0.007886029004876206,0.1,0.06743939569643746,0.09958588095037847,0.11683040105843974,0.1118099570299061,0.0033472186101239036,0.009154247880905545,0.13320961886896623,0.32612014812863077,0.10665779634877043,0.08231146441963005,0.0958159968101527,2.7764451051977987,0.16460681457758974,-0.6459814372369942,0.26806213199530726,0.13920806015013348,12.706204736432095,0.08214585624631647,-0.14156530346255203,0.12654638988788317,0.14627342585505035,-0.38850045140457445,0.09359620620408263,-0.0073123914430201446,0.13433311575578563,-0.0001843878715164451,0.19388446592450692,-0.0007630622324223705,0.2861672411958622,-0.00024184922566464556,0.44016388314903004,-0.00015580646797069432,0.6614289311079893,-0.00040909923735485626,1.364505794256775,-0.002486898338423161,-0.0002159082160191102,0.03296257778347524,0.04850973606738404,0.15
1.375,448341930,-0.005537037845837291,0.1,0.07247758238523419,0.09360369785498734,0.10995118525888871,0.06439468738480364,0.0029670422510288674,0.001179633512357722,0.07730846047655074,0.32612014812863077,0.102852391015372,0.08231146441963005,0.03439539006566375,2.7764451051977987,0.055777620528702235,-0.10956555606004961,0.20016144693294155,0.08874730824151598,12.706204736432095,0.030945514197882534,-0.05786910271432119,0.04644866155782299,0.11108178080370111,-0.34950974749784264,0.09639393855612038,-0.008088284633901816,0.13433311575578563,-0.0023721169664321583,0.19388446592450692,0.000746451195235991,0.2861672411958622,-1.5115163021298536e-05,0.44016388314903004,-0.0005277965043579375,0.6614289311079893,-0.00030532160535940795,1.364505794256775,-0.00131631319685288,-0.000535405412040806,0.05178548663695091,0.06298021513618823,0.15
1.375,1568290241,-0.4051538747068135,0.1,0.05628203351603574,0.03908597243541805,0.05266962029248903,0.05066761810094368,0.001584117613762646,0.0009830899102604297,0.057482304221956174,0.32612014812863077,0.04414111126238319,0.08231146441963005,0.031399541566384394,2.7764451051977987,0.07341326384978294,-0.536377482622696,-0.12872168847804724,0.05367010941073201,12.706204736432095,0.027154274374615935,-0.457667220084836,-0.3584131928130634,0.04579674728391674,-0.46881923483067417,-0.28993805946391077,-0.0032709616368126956,0.13433311575578563,0.002367145671242307,0.19388446592450692,0.0009350035900696606,0.2861672411958622,0.0009049314311347713,0.44016388314903004,-0.0007003138064734589,0.6614289311079893,-0.0020641892099451894,1.364505794256775,-0.0015263831919766528,-0.00036399584120448263,0.042453809775484325,0.06365093872944907,0.15
1.375,1165023654,-0.33610379622050685,0.1,0.06595931747935779,0.04718811498327629,0.05187447030442411,0.0698770535050165,0.0005025194306172995,0.004380283175925638,0.07049727241978641,0.19388446592450692,0.0490088122757876,0.08231146441963005,0.06627927997414232,2.7764451051977987,0.16827706597928205,-0.7663772827421158,0.16804678956833347,0.06067019159773805,12.706204736432095,0.0612826780113014,-0.43017069374971767,-0.23948258453772212,0.05642669050843038,-0.4852906604208887,-0.2562244172451584,-0.006733474093898314,0.13433311575578563,0.003944523085788354,0.19388446592450692,-0.001936083438640878,0.2861672411958622,0.00021023417663462382,0.44016388314903004,-6.589739997214393e-05,0.6614289311079893,-0.0008912009324429065,1.364505794256775,-0.0011690467726726298,-0.0004268947319127871,0.04623409148257331,0.061514711191214135,0.15
1.375,831010993,-0.01986572182130088,0.1,0.06956999297090881,0.09662008190705969,0.11455748043476023,0.08726934988734694,0.0036545767839052355,0.0039613626458549454,0.11151005015729022,0.32612014812863077,0.10130623872882241,0.08231146441963005,0.06303024409633019,2.7764451051977987,0.04425240635336789,-0.14066749656970098,0.10506125745636352,0.1166992635772534,12.706204736432095,0.05181555840302361,-0.10520305007624274,0.0649453174817667,0.10291893934959698,-0.17354958278971763,0.1799522867832387,-0.006140735336393559,0.13433311575578563,-0.0027254386166307943,0.19388446592450692,-0.001664224918087662,0.2861672411958622,-0.00017569230967341142,0.44016388314903004,-0.0014879768510663112,0.6614289311079893,0.0009827353950997986,1.364505794256775,-0.0022194278288479225,-0.0003798281577019097,0.043667287743100545,0.06370883074273878,0.15
1.375,1791861667,0.11471972254597197,0.1,0.07154168509382602,0.08659804845352259,0.12746035761987667,0.13199975182028212,0.0077960311434165114,0.009627903337199557,0.14864784461205813,0.32612014812863077,0.10661599357494596,0.08231146441963005,0.0982635723318803,2.7764451051977987,0.17629786094307126,-0.520209226062203,0.4587534400822618,0.1505534842669268,12.706204736432095,0.0936782014683406,-0.05039184346428237,0.27179066045259315,0.09580537572399361,-0.12892151075738728,0.22752433214412793,-0.005605088060263571,0.13433311575578563,-0.005564456848683208,0.19388446592450692,-0.000869329156089771,0.2861672411958622,0.0005449847109535651,0.44016388314903004,-7.577936427886359e-05,0.6614289311079893,-0.0005616610481113907,1.364505794256775,-0.0019889516826653,-0.00041465559863406744,0.045379425864348455,0.07023246703862746,0.15
1.375,399180851,0.02697405124749505,0.1,0.06411293786401581,0.03355496358775607,0.04470166433220922,0.031197142258098286,0.0008825660401601183,9.069564491190368e-05,0.045307084701065356,0.32612014812863077,0.03827419659545195,0.08231146441963005,0.009537178359099074,2.7764451051977987,0.015107335594810528,-0.014363215963492507,0.06952615996609182,0.045479760595235626,12.706204736432095,0.007791487583805561,0.013552564205936896,0.04095209632516288,0.06900411599376144,-0.11565716869812531,0.1559153996274248,-0.006147972125612406,0.13433311575578563,-0.0003054158292252329,0.19388446592450692,-0.004140311344609743,0.2861672411958622,0.00020020700097584206,0.44016388314903004,2.3907966998952998e-05,0.6614289311079893,5.745947562752072e-05,1.364505794256775,-0.0021290722085036745,-0.0003141557406981208,0.039571332411251416,0.05299534284249737,0.15
1.375,116266626,0.004714682106338151,0.1,0.06238213365719269,0.07658265880410509,0.08231291369933773,0.06331676378024602,0.0013585049205542491,0.002650507655049225,0.06519665867880735,0.19388446592450692,0.0767173724224235,0.08231146441963005,0.05155742508890379,2.7764451051977987,0.05141725618993122,-0.18410518252116131,0.10140919602131021,0.0644836953980547,12.706204736432095,0.04580373817140854,-0.07283795141423327,0.08374008385436293,0.10293098040282904,-0.24205691140054006,0.11879826974276797,-0.007160553266844778,0.13433311575578563,0.003494339673400464,0.19388446592450692,-0.00044598671546933135,0.2861672411958622,-0.00028518388105647864,0.44016388314903004,0.0004387866932954629,0.6614289311079893,-0.0011274060799858344,1.364505794256775,0.0014185972279075585,-0.0009723550817664204,0.06959564687688952,0.11174103990417932,0.15
1.375,236347638,-0.11882371457775949,0.1,0.05575391363783759,0.034196288570076235,0.03798238486674055,0.057919752917837845,0.00032801629723090264,0.003026681480832483,0.05761871515508129,0.13433311575578563,0.036099236935322736,0.08231146441963005,0.055094728560635894,2.7764451051977987,0.13105543265940775,-0.4202999478246287,0.307436481208956,0.051322696497406735,12.706204736432095,0.0512757411589021,-0.21892086218346785,-0.01872656697205112,0.06336833268599852,-0.18321575798565876,0.09005587745228148,-0.004900918510102117,0.13433311575578563,0.0015269345341214215,0.19388446592450692,0.00217508960875677,0.2861672411958622,0.001051352770618703,0.44016388314903004,-0.0022785475455176546,0.6614289311079893,-0.0009279839178598198,1.364505794256775,-6.56850407394613e-05,-0.0008641851850344426,0.0656622582478877,0.08154413494383637,0.15
1.375,220747480,0.15241458788295686,0.1,0.07369478527367739,0.08309148363484443,0.0919614160998752,0.11802157195984747,0.0008206147513971952,0.013108476696476261,0.12005829007187513,0.13433311575578563,0.10346873585395386,0.08231146441963005,0.1146575879184423,2.7764451051977987,0.11274396826028042,-0.21354360925857582,0.4125112683750872,0.1093108629126927,12.706204736432095,0.09737103549869253,-0.01625183843443831,0.33429139674523045,0.09234867606136282,-0.06515448705538777,0.27841394387352075,-0.004088463414590724,0.13433311575578563,-0.0028547508650024907,0.19388446592450692,-0.0026667097850918216,0.2861672411958622,9.311774919565617e-05,0.44016388314903004,-0.0008576016022779786,0.6614289311079893,0.0002646113551934797,1.364505794256775,-0.0011323929953088662,-0.0006676541837687645,0.05769247824887271,0.06878866670774722,0.15
1.375,2087578016,-0.0027296886061209252,0.1,0.06474978150108596,0.03802527655608424,0.052351872993043745,0.03852367760323604,0.001240875409627171,0.00024319832645089878,0.039449467316516273,0.2861672411958622,0.047184723779706804,0.08231146441963005,0.015617336898058583,2.7764451051977987,0.04973564881522525,-0.13909889518069804,0.13707770223303964,0.035247826177104175,12.706204736432095,0.014106990904668723,-0.027221930360703264,0.021762553148461403,0.06385654514949546,-0.16041815112644475,0.12186132251347079,-0.00488755848899662,0.13433311575578563,-0.0006399556550032013,0.19388446592450692,0.0005316265310866228,0.2861672411958622,0.00032224490015094924,0.44016388314903004,-0.0007848434341136876,0.6614289311079893,-0.0008618553625580049,1.364505794256775,3.562086295766147e-05,-0.000824338337362603,0.06444758062125625,0.10306057343041608,0.15
1.375,1144230681,0.16790786535341862,0.1,0.04759525224487643,0.021327927187490575,0.021582580064211397,0.028069245364384106,8.322695407052586e-06,0.000779559839918946,0.028023919671796342,0.13433311575578563,0.022452424007065392,0.08231146441963005,0.02796091742128821,2.7764451051977987,0.052437049416532794,0.0948727276138937,0.3860499059809888,0.02714992339825667,12.706204736432095,0.0248398585687157,0.12436388230847302,0.2084632362658119,0.08445935136899711,0.13266618673483763,0.2951044466738261,-0.006580230509970638,0.13433311575578563,0.0009182454440260909,0.19388446592450692,-0.0007768460522279806,0.2861672411958622,-0.0005859039836600457,0.44016388314903004,-0.0008419498676920691,0.6614289311079893,0.00016376503703367348,1.364505794256775,-0.002563748766726561,-0.00022643577154321076,0.03367591385562259,0.044348305349504555,0.15
1.375,107627185,0.2864387422848861,0.1,0.06323837876484988,0.046723205830874165,0.04967441111045194,0.047893220540637715,0.0012405252555087892,0.0010532353182453732,0.051144340879131694,0.19388446592450692,0.0434091502964334,0.08231146441963005,0.03250045155004873,2.7764451051977987,0.05164245292287203,0.064886126591027,0.35165099786725856,0.0349004534785901,12.706204736432095,0.028640544359291843,0.23800951674430587,0.3348679678254663,0.08871940390190212,0.008044472481721642,0.34279885621426076,-0.0072952563359714815,0.13433311575578563,0.0003858213356113349,0.19388446592450692,-0.0004112513639558323,0.2861672411958622,0.001067515074775019,0.44016388314903004,-0.0005559732662793814,0.6614289311079893,-0.0008850073541386609,1.364505794256775,-6.71462223050264e-05,-0.0007355281690757046,0.06033307340307264,0.09996666794385131,0.15
1.375,687421303,-0.08672880428529271,0.1,0.04567818340702787,0.018595192296181617,0.026726695009405107,0.019628228804315664,8.578608522943475e-05,0.0002994812807651324,0.01961006931268865,0.19388446592450692,0.026505515994796558,0.08231146441963005,0.017330517407155323,2.7764451051977987,0.024175533493805784,-0.12698712793057945,0.007256955338265564,0.01829968554762576,12.706204736432095,0.015293426763097187,-0.11334210331252967,-0.056466482504996925,0.02435253366801419,-0.1331050471017277,-0.044832146686160826,-0.0076392655005833145,0.13433311575578563,-0.0007644945474922081,0.19388446592450692,0.0005715760374272395,0.2861672411958622,0.00014997519418846468,0.44016388314903004,-0.0007256158326742608,0.6614289311079893,-0.00017100979982660432,1.364505794256775,0.002810691653068362,-0.001439405131064632,0.08490018508478818,0.10849086722480379,0.15
1.375,407752231,0.11400166101153925,0.1,0.0635091943475776,0.05510251220270358,0.06500556537427674,0.043334926222019454,0.0006457122335607446,0.0012322035971071247,0.04542790030665199,0.13433311575578563,0.06405356882949294,0.08231146441963005,0.03515344761441883,2.7764451051977987,0.14138085066951667,-0.2295992383010495,0.5554731033191114,1e-150,12.706204736432095,0.03246701591841057,0.049932365486046904,0.17149899978581626,0.08401854423932284,-0.006059396683441591,0.35340940911318386,-0.008056253095701276,0.13433311575578563,-0.0018666356793845458,0.19388446592450692,-0.0011760566307492718,0.2861672411958622,0.0013171025925446116,0.44016388314903004,-9.951092143814633e-05,0.6614289311079893,-0.0008972186246908175,1.364505794256775,0.00034949661977434873,-0.000864746682138859,0.06543325506176498,0.10175740299889982,0.15
1.375,344548476,-0.22907313741588045,0.1,0.059604117418311724,0.03345604066446339,0.040362725444289406,0.05570289079876829,0.0005013522855571663,0.002601459757782339,0.05673594050451908,0.2431366342882323,0.03762564700626432,0.08231146441963005,0.051078159986461126,2.7764451051977987,0.09163256239544516,-0.3764509523703426,0.13237460630878867,0.05207196139280449,12.706204736432095,0.047549813535095325,-0.301341785638626,-0.15666650495299705,0.0738820163158667,-0.27645631287198585,-0.02169899196361179,-0.005200193018849778,0.13433311575578563,-0.0038716941607648027,0.19388446592450692,-0.0009273073025162775,0.2861672411958622,-0.0007727361204090316,0.44016388314903004,0.00011400817162476355,0.6614289311079893,5.053367570631278e-06,1.364505794256775,-0.0012130413316897555,-0.0005281623253512828,0.05166776841638539,0.09087834937267258,0.15
1.375,1224354485,0.5475553892693573,0.1,0.060440475966445896,0.0296282720778822,0.03782692560261399,0.035153031626418085,0.0005657023829554423,0.0006700332495725076,0.03849811111686834,0.2861672411958622,0.03365483554868691,0.08231146441963005,0.02592237955617711,2.7764451051977987,0.119320979907757,0.2906686300900077,0.9532449313146014,0.03427082641720565,12.706204736432095,0.022205647629760728,0.5121996171289416,0.5887270315950042,0.036426361209716394,0.4648045543080656,0.6190555888305749,-0.005543950579618783,0.13433311575578563,0.0017620237221690938,0.19388446592450692,0.0015190677911529338,0.2861672411958622,0.00037710296867766974,0.44016388314903004,-0.0011788357001256931,0.6614289311079893,-0.0008394666502427115,1.364505794256775,-0.002489193327091878,-9.363355197758094e-05,0.021583096776791263,0.027252202129611353,0.15
1.375,1498145732,0.08872976846684402,0.1,0.05721970150376207,0.02721771709888837,0.03505204793944096,0.03426419866378329,0.0004978536957841188,0.0006761816142870898,0.0420022967824552,0.32612014812863077,0.030206613338837486,0.08231146441963005,0.0260410425369129,2.7764451051977987,0.11194149983052006,-0.3202793027152583,0.30131955583063696,0.04096603855785375,12.706204736432095,0.023186435392736873,0.04991793645110046,0.13044887556832907,0.06543855839250876,-0.0630348206359041,0.1852435590918182,-0.008133183507713602,0.13433311575578563,-0.0028215998264913586,0.19388446592450692,0.0008568247454480172,0.2861672411958622,0.0007689053933136275,0.44016388314903004,-0.0007174932445059919,0.6614289311079893,1.64434357965828e-05,1.364505794256775,-0.0025637645885671495,-1.4250264578848602e-05,0.00843720261349223,0.012273801677786106,0.15
1.375,409082691,0.02502344609008328,0.1,0.06408722533383357,0.06631208434963778,0.08654148163198713,0.11467012587883997,0.0028617806673479776,0.010287457101721026,0.11658872363167491,0.2431366342882323,0.0780922068181434,0.08231146441963005,0.10157356760839456,2.7764451051977987,0.17265622861675378,-0.7154829243425238,0.24325815730727257,0.11289107494094659,12.706204736432095,0.08942191863722895,-0.12869607769724062,0.1821150348160752,0.10348484241130601,-0.2524284078929922,0.10393586753128951,-0.006550525878649036,0.13433311575578563,-0.002084639354695041,0.19388446592450692,0.00042487623386057644,0.2861672411958622,-0.00040808996357340487,0.44016388314903004,-0.0003003775263982042,0.6614289311079893,-0.00016004546723617408,1.364505794256775,-0.0026360124687679802,-0.00010951351592727477,0.023312373896348538,0.03335465783110154,0.15
1.375,1837166688,0.09145033559732485,0.1,0.06356212753046056,0.06254565630764884,0.07582792384825594,0.07536688691575266,0.002193428599630366,0.0034867390437414835,0.08075427078002145,0.32612014812863077,0.06870911537502004,0.08231146441963005,0.059133884738064704,2.7764451051977987,0.08590026033658582,-0.27699036913373165,0.200004345559729,0.08154004684468469,12.706204736432095,0.051568623932941794,0.009091814597629788,0.1814475545900731,0.08863584709874334,-0.17429748697245173,0.1858893367226579,-0.006851160534670944,0.13433311575578563,0.00040884387068442044,0.19388446592450692,-0.0006025204970241783,0.2861672411958622,-0.0012018897661195316,0.44016388314903004,-0.0006290112152740337,0.6614289311079893,0.00043501741151271935,1.364505794256775,-0.0009395236068812271,-0.0006070928715483514,0.055148518791964654,0.06795815292505918,0.15
1.375,484702341,0.08172706301433909,0.1,0.0666227622606937,0.1266657905556646,0.17464916356906876,0.1794880005100335,0.015484241297011234,0.016731701030078552,0.20491618846195495,0.32612014812863077,0.14524231009761945,0.08231146441963005,0.12953786530395858,2.7764451051977987,0.16694099135430268,-0.47198241552938625,0.4550225810756572,0.2069799172505181,12.706204736432095,0.11482302865192703,-0.10212352490711603,0.28257350061616804,0.1493945938917334,-0.3588410473144616,0.21584217315889284,-0.00866082205455553,0.13433311575578563,0.0030796408909067635,0.19388446592450692,-0.002381584335170283,0.2861672411958622,0.0011015718037974307,0.44016388314903004,-0.0014064876132595988,0.6614289311079893,-4.349874473512411e-05,1.364505794256775,0.0012081603833463263,-0.0012057012909979996,0.07761177102026733,0.12267760350825214,0.15
1.375,991826248,-0.14497770238881552,0.1,0.06196193948890812,0.07363605827967229,0.07908478283930975,0.09862322209009633,0.0008810491338386468,0.008845490801593817,0.09912172253128225,0.13433311575578563,0.07713016345298924,0.08231146441963005,0.09418628246146338,2.7764451051977987,0.07120967538959455,-0.4015426362179827,-0.006123126861654754,0.08451327046269703,12.706204736432095,0.07825812129980068,-0.2781233430580917,-0.011293474260932813,0.07947976644406218,-0.34093490322393666,-0.03506640185876077,-0.0038027232700915846,0.13433311575578563,-0.0006089737509753397,0.19388446592450692,-0.0009338430127190213,0.2861672411958622,0.0004897108412007455,0.44016388314903004,-0.00018253916245403545,0.6614289311079893,-0.0009774736768142815,1.364505794256775,-0.0012235380788121902,-0.00038995565744762205,0.044171316780216754,0.050629471329341307,0.15
1.375,345424276,-0.4130416158719338,0.1,0.06245451734140931,0.0754621709076335,0.10182103562714491,0.10803108641963949,0.006643996249863618,0.005026719383143999,0.11626918518324174,0.32612014812863077,0.0972190385129862,0.08231146441963005,0.07100174275217985,2.7764451051977987,0.08288264561879999,-0.7140852393605752,-0.2538470078922533,0.11513337425105835,12.706204736432095,0.06596632801965875,-0.522672640360998,-0.30165360954071296,0.10475994211984323,-0.697193832673379,-0.23305168741737534,-0.005477536712369603,0.13433311575578563,-0.0021708245493805944,0.19388446592450692,-0.0014719345121882805,0.2861672411958622,0.001000918884803882,0.44016388314903004,-0.0004808712658677178,0.6614289311079893,-0.0004581969642493925,1.364505794256775,0.000981683836429137,-0.0010040850890712923,0.07095283996797196,0.09654582560491923,0.15
1.375,1635047265,0.32296783308167704,0.1,0.060306557977401226,0.08120054197185772,0.07709290283537362,0.08865602662549517,-0.00035366412777685253,0.008213555184797359,0.08928102521880621,0.13433311575578563,0.07980667519668669,0.08231146441963005,0.09075953825134496,2.7764451051977987,0.1651845752543834,-0.34724277882320975,0.5700090320152107,0.07817629401599592,12.706204736432095,0.08505993732247759,0.15228704742230773,0.4936486187410464,0.09135986055633852,0.09883712175951648,0.4349936023731359,-0.00045342071873414913,0.13433311575578563,-0.0064152808672889505,0.19388446592450692,0.00036400455645571773,0.2861672411958622,0.0003616886915027559,0.44016388314903004,-0.0002582688894046107,0.6614289311079893,-0.0007860727947755835,1.364505794256775,-0.0009047556563131207,-0.0004711600971210333,0.04847503233688232,0.06409829601175698,0.15
1.375,1447336987,0.19696278836103934,0.1,0.07167080880156802,0.09213836529511563,0.13411360002264433,0.1385939983040851,0.008822966260111902,0.010385330105800833,0.16155275468067348,0.32612014812863077,0.11518811173426036,0.08231146441963005,0.10205560009490362,2.7764451051977987,0.19719267492694198,-0.19796823172364564,0.8970210424398918,0.1700229983291054,12.706204736432095,0.09587691345204842,0.020088201062810618,0.3612230394416962,0.10927620143334102,0.013136258897373531,0.43627796127075397,-0.0019687964100513064,0.13433311575578563,-0.005364745551327213,0.19388446592450692,-0.0005848649737477834,0.2861672411958622,0.0003508795760917793,0.44016388314903004,-0.001297679873923406,0.6614289311079893,-0.00042020540163585917,1.364505794256775,-0.003164584027557361,-0.0003163886012725536,0.03989264248805258,0.06233456515968113,0.15
1.375,847843160,-0.09834985472841068,0.1,0.06525595609501487,0.05141715149621725,0.047650398484588,0.06228299639591719,-0.00033798873128162727,0.004217160371335461,0.06306941120089864,0.13433311575578563,0.0521409748511958,0.08231146441963005,0.06503344290523226,2.7764451051977987,0.1554131082262092,-0.5897119123053991,0.27328001493106957,0.04981581609401572,12.706204736432095,0.0563758175075981,-0.18968000150266628,0.0072630916278750065,0.09684511858693914,-0.3574591580614759,0.04517246572998187,-0.010917265112724124,0.13433311575578563,-0.0023673225745980495,0.19388446592450692,0.0019520816393121267,0.2861672411958622,-0.000856011706072446,0.44016388314903004,0.0004222829891029345,0.6614289311079893,-0.0004349564153176418,1.364505794256775,-0.0030296489829175956,-5.4968397228965785e-05,0.016632734417386788,0.025323173020535907,0.15
1.375,662797968,0.33837659251846025,0.1,0.05780374141123803,0.04992558018310561,0.034563724703397705,1e-150,-0.0011052626616681878,0.00020286741203303816,1e-150,0.13433311575578563,0.043955647905306844,0.08231146441963005,0.014263720904207772,2.7764451051977987,0.03741958399828927,0.27284930586017603,0.48063614752135225,1e-150,12.706204736432095,0.014026872607401685,0.3149473566079409,0.36359269861206706,0.06103831256856822,0.2052143057182476,0.41673823918254205,-0.0005486247372574027,0.13433311575578563,-0.0032722182130794242,0.19388446592450692,0.003436688039911775,0.2861672411958622,-0.0014504322611889693,0.44016388314903004,-0.0011031667370979205,0.6614289311079893,-0.001155810596638088,1.364505794256775,0.0025218209046284283,-0.0016379665969543948,0.09019738748041468,0.10574804580279674,0.15
1.375,949595633,0.059086293481356064,0.1,0.06509856494861511,0.06614032376547029,0.10021166548570563,0.09965077881036442,0.005446601164842833,0.004483676552669342,0.11074999619451871,0.32612014812863077,0.08242536820305942,0.08231146441963005,0.06705695456418165,2.7764451051977987,0.1726146946182587,-0.30305136984390935,0.655459078072245,0.11381512567153439,12.706204736432095,0.06329186148667687,-0.06403013780472609,0.16730129322012893,0.10462029094874331,-0.03245568757581141,0.39222683421609084,-0.004177449967937342,0.13433311575578563,0.004036159429894877,0.19388446592450692,0.0022980681844794733,0.2861672411958622,-0.0007981401553345049,0.44016388314903004,-0.0013446051706589306,0.6614289311079893,-0.0012852234701645096,1.364505794256775,0.0018555391308029676,-0.001382714727641895,0.08330526427494159,0.10492556393238414,0.15
1.375,1529636736,0.14206486594588505,0.1,0.04833134074984654,0.015730842730724524,0.020896469473094273,0.016349974404176813,0.00018297348499431398,8.434817802292295e-05,0.019646142402420956,0.2861672411958622,0.018329620218340087,0.08231146441963005,0.00919738869920484,2.7764451051977987,0.029998044288317673,0.02798349317121622,0.194559339630829,0.0175438907090589,12.706204736432095,0.007992158106506235,0.12663106557728834,0.1569979960882724,0.026525106042795732,0.10324872962958408,0.19484685576226926,-0.00984309171957672,0.13433311575578563,-0.0048031963494149415,0.19388446592450692,0.002440712899382926,0.2861672411958622,-0.0017515088052404335,0.44016388314903004,0.0005682238290220793,0.6614289311079893,-0.00015870310080655088,1.364505794256775,-0.0008819101952697134,-0.0006720772062572736,0.05829480895611734,0.0865044745572665,0.15
1.375,688991385,-0.2504797564196913,0.1,0.0655701777601564,0.04793312992434444,0.058800524416343154,0.04902387124674402,0.0005158356783243512,0.0018875042736929838,0.04956299948817295,0.13433311575578563,0.06136004027568531,0.08231146441963005,0.04350815427430629,2.7764451051977987,0.06502691206715469,-0.3804023884415893,-0.01931508501163065,0.03793185526643842,12.706204736432095,0.03629528223723355,-0.3068946091482029,-0.1725706958785178,0.07216670409312473,-0.3205905798134305,-0.06697406885493312,-0.0069477139792420255,0.13433311575578563,-0.0005143577686396453,0.19388446592450692,-0.0018982803512145854,0.2861672411958622,-0.0004694709395594948,0.44016388314903004,-0.0004144693859877235,0.6614289311079893,0.0006017383233164343,1.364505794256775,0.003685765974436044,-0.0016599842397607746,0.09113870108580183,0.10833177831712573,0.15
2.25,411864683,-0.08150289933130771,0.1,0.05576043370661944,0.05959567767951874,0.06885306208544371,0.07731653764132952,0.0008546722943751743,0.0051231746984679504,0.07657342208772554,0.13433311575578563,0.06406582141604428,0.08231146441963005,0.07167971513446691,2.7764451051977987,0.11781151546784287,-0.5014767336422359,0.1527176772710183,0.06330600074245522,12.706204736432095,0.06899847855718726,-0.19179755135887067,0.02879175269625525,0.08492897496654452,-0.33496289642123767,-0.008814357997971086,-0.005866860036510706,0.13433311575578563,-0.0002093504888671051,0.19388446592450692,-0.0004545238474751536,0.2861672411958622,0.0008774708901781434,0.44016388314903004,4.639618727044439e-05,0.6614289311079893,-0.001398795630656082,1.364505794256775,-0.001356778089403985,-0.0003758716539304054,0.043565761233692386,0.07496584800200456,0.15
2.25,443326667,-0.09136639032947193,0.1,0.0706104048529772,0.14577109249395506,0.1898337839695661,0.18403421733418143,0.013798112548716563,0.02007048060108816,0.20636691838888332,0.32612014812863077,0.16651433469373947,0.08231146441963005,0.14187490183417029,2.7764451051977987,0.13853520933059718,-0.474410646261575,0.294860161425403,0.21423384018840866,12.706204736432095,0.11792893887189344,-0.3207801781733911,0.12737205500907578,0.13105774107680995,-0.3021075128694575,0.18100711252837615,-0.00472079753764535,0.13433311575578563,-0.003188271550561867,0.19388446592450692,-0.0004909451330105873,0.2861672411958622,1.6878685156756512e-05,0.44016388314903004,-0.0017635879793108907,0.6614289311079893,0.0008209934589580621,1.364505794256775,-0.0019191040776887285,-0.0004320085252492674,0.04645848836034378,0.06960149828995263,0.15
2.25,1702886449,0.26599941136327754,0.1,0.06040253478831077,0.06573886191287712,0.07814230957009412,0.08170781794913305,0.0018228822304650824,0.004853285283543586,0.08122100842337464,0.19388446592450692,0.07202223381534686,0.08231146441963005,0.06976612444176035,2.7764451051977987,0.11980852055448259,0.053344794158149356,0.7186283550671155,0.07856449608771415,12.706204736432095,0.06205553301242567,0.14795039746357813,0.38404842526297694,0.11143681043338528,0.09524729065206994,0.551540073964938,-0.0072871786483233725,0.13433311575578563,0.0031017137285558266,0.19388446592450692,0.0007351473649337612,0.2861672411958622,8.830444846682906e-07,0.44016388314903004,0.0003017766780357044,0.6614289311079893,-0.001909366160692759,1.364505794256775,-0.0019738763417944693,-0.0002834869559261765,0.03758642567147849,0.05259640403550044,0.15
2.25,1807145538,-0.03248062429677316,0.1,0.06349734459991238,0.05043853800775893,0.041063219582814975,0.0171733661156021,-0.0006482610820453213,0.0009431855857858317,0.015931970957374798,0.19388446592450692,0.04470460533754158,0.08231146441963005,0.030755675178525125,2.7764451051977987,0.11409486210752584,-0.2759727019469735,0.3575835409063423,1e-150,12.706204736432095,0.023399761990187725,-0.08508038662210594,0.019851656069055437,0.06655171310013533,-0.16638588800764958,0.08100995347172964,-0.007588405822787461,0.13433311575578563,-0.000458477116280867,0.19388446592450692,-0.00032363460898434743,0.2861672411958622,-0.0013574767387744666,0.44016388314903004,0.0005355174409548943,0.6614289311079893,-0.0003171241908340485,1.364505794256775,-0.0009938751887423611,-0.0005447669576330778,0.05195076149507997,0.07061142588003756,0.15
2.25,1578418003,-0.07574963580261743,0.1,0.06481071265396736,0.05579154703790543,0.07238963133034344,0.050562887744592715,0.002043298974093736,0.0005133066429785484,0.05715699782259882,0.32612014812863077,0.06300995609472733,0.08231146441963005,0.022688988258392426,2.7764451051977987,0.05784035907337589,-0.19182852278731918,0.12935264087699597,0.06017926209283821,12.706204736432095,0.020367017499655467,-0.11137706220080155,-0.03732847270222138,0.08207297681108458,-0.14718437268104423,0.1498727074513295,-0.007388491081536409,0.13433311575578563,-0.0005694566291538155,0.19388446592450692,-0.0012357376863331815,0.2861672411958622,-4.717217834574168e-05,0.44016388314903004,0.00035947523737066316,0.6614289311079893,-0.0006479150560494463,1.364505794256775,-0.0008255541274425753,-0.0005710218501481488,0.053789008504620796,0.09324650078606232,0.15
2.25,1123785674,-0.28563774792731,0.1,0.07081997074647378,0.10516600745087816,0.13240008617210966,0.11254542310899332,0.005533927473810247,0.0071325447889720815,0.12606109571602112,0.32612014812863077,0.12508300045684972,0.08231146441963005,0.08457635059678142,2.7764451051977987,0.07158274926921027,-0.521794587124461,-0.12430343947426079,0.13226615540777725,12.706204736432095,0.0764393089856313,-0.41442281077170096,-0.15684057116604097,0.09766844854344586,-0.4763282380313297,-0.11437446868377882,-0.006595494855439859,0.13433311575578563,0.0018124889362863745,0.19388446592450692,-0.002077255205553503,0.2861672411958622,-0.0008459269856810034,0.44016388314903004,-0.00028938697218261066,0.6614289311079893,5.072797626108227e-05,1.364505794256775,0.0027113781697777448,-0.001501524800068897,0.08675611388993969,0.11376900186900359,0.15
2.25,656281361,-0.1430242434718016,0.1,0.06299149827937629,0.06909369269291858,0.06771877345662099,0.10297452333027139,-0.00046519327770946917,0.011068945732806076,0.10380094742424271,0.13433311575578563,0.07254060318806681,0.08231146441963005,0.10536098379117499,2.7764451051977987,0.23933476437608042,-1.2927249480187697,0.036274722092504375,0.10354643282418159,12.706204736432095,0.09264193490640975,-0.3106574897890363,0.011221500770045393,0.142220590118085,-0.5352343326647436,-0.07988618336047032,-0.005698513590106013,0.13433311575578563,-0.00201602374416909,0.19388446592450692,0.0020357466281632065,0.2861672411958622,-0.00032570963925574234,0.44016388314903004,0.0003667125433153719,0.6614289311079893,-0.001384212076823406,1.364505794256775,-0.0011976858986854975,-0.00038848835246529733,0.044261690324483315,0.05784843654680873,0.15
2.25,893066473,0.32149087292707457,0.1,0.04526571150255229,0.04107104671828363,0.03900280007100308,0.03479481102446765,2.6565928055630704e-06,0.0012080222814228525,0.03597420378418273,0.2861672411958622,0.03815905604860245,0.08231146441963005,0.03480680501424681,2.7764451051977987,0.026326989340415576,0.2539804925980176,0.40017137397560054,0.03282431799266849,12.706204736432095,0.03211986514791105,0.26818887049811047,0.3765247082482446,0.05223566043923543,0.20064041057245563,0.4317856184598055,-0.007510352852043663,0.13433311575578563,-0.001691999577593776,0.19388446592450692,0.0007797124567714695,0.2861672411958622,0.0006506151399700692,0.44016388314903004,-0.001189585198305868,0.6614289311079893,-0.00020781512093265205,1.364505794256775,0.005628638474808213,-0.0022412532421129338,0.10549505216143142,0.1765293923778377,0.15
2.25,1298262787,-0.15464527450639495,0.1,0.042082182261615836,0.031440108012312604,0.025440747750578526,0.023136716758161993,-0.0003199642743363069,0.0008552719366837208,0.024499309286400837,0.13433311575578563,0.03098120035264458,0.08231146441963005,0.02928726380005119,2.7764451051977987,0.05377283697693444,-0.35692992269696533,-0.058335262662547654,0.01248034935774664,12.706204736432095,0.027955516356196752,-0.20496747586539388,-0.11056081395329415,0.05817045556990518,-0.31206881205993986,-0.09215940217157269,-0.004511266614799907,0.13433311575578563,-0.002950377869398717,0.19388446592450692,-0.001556243532750208,0.2861672411958622,0.0005322426379324068,0.44016388314903004,-0.00014516274224206762,0.6614289311079893,-0.00029818381770262115,1.364505794256775,-0.000885840946685659,-0.0004720440466766062,0.04860264651161793,0.07051486524204738,0.15
2.25,920941037,-0.015609555251719663,0.1,0.06291970459331817,0.06213985743500538,0.08534687836299533,0.07299947587260842,0.00328603748695248,0.0020428859907230586,0.08821650597398062,0.32612014812863077,0.07143348300377898,0.08231146441963005,0.04526356465739232,2.7764451051977987,0.029962608337028424,-0.1018004320523743,0.06457864246022835,0.0823421874282297,12.706204736432095,0.0409428530267679,-0.07973819917230007,0.045378063828650714,0.060709269545004975,-0.13552073633069417,0.07505432208146341,-0.007170553923955315,0.13433311575578563,0.0012436196939394329,0.19388446592450692,-0.003279231516144518,0.2861672411958622,0.0012659213591051164,0.44016388314903004,-0.0011518849745604906,0.6614289311079893,0.00010459588033651928,1.364505794256775,0.001871956157523406,-0.0013280563088469307,0.08182678711163768,0.1359478816491324,0.15
2.25,571266697,0.25645795883864964,0.1,0.06434865773339947,0.03396345476909967,0.040153801179641166,0.04294787845629183,0.0008686221232463872,0.0009758981406500288,0.05435133214506628,0.32612014812863077,0.03498972685903348,0.08231146441963005,0.03128447946678031,2.7764451051977987,0.08607812801146875,0.0038333422654850957,0.48181573662954896,0.05948200543919544,12.706204736432095,0.027983399267996735,0.20787474901563324,0.30462840290888166,0.06729539147379607,0.04494436021678131,0.3042682333828947,-0.007821718798843521,0.13433311575578563,0.00212133510214177,0.19388446592450692,-0.0033012866979044825,0.2861672411958622,-5.231375352113064e-05,0.44016388314903004,6.379928261979788e-05,0.6614289311079893,-0.00025966001249434013,1.364505794256775,-0.0008503962687559944,-0.0006433245244057332,0.056403417862818266,0.0923958282625139,0.15
2.25,753865955,0.033982245593849714,0.1,0.05931245793175568,0.05867407844552966,0.07645413662031246,0.07212910152436423,0.002597167712145479,0.002605439574566563,0.07187414186603037,0.19388446592450692,0.06764949125753228,0.08231146441963005,0.051117215756997084,2.7764451051977987,0.05603903433972789,-0.1709561840835523,0.14022242110154542,0.0541407514725022,12.706204736432095,0.04475408481729334,-0.04087342651146218,0.1235432596204146,0.0698469186687215,-0.09047180974948812,0.15700261353384365,-0.005098286425179561,0.13433311575578563,-0.0007466680229181157,0.19388446592450692,-0.0009092758503573462,0.2861672411958622,-3.806022980074589e-05,0.44016388314903004,-0.0003388451768729069,0.6614289311079893,-8.694430547917887e-05,1.364505794256775,0.001013516696544452,-0.0008978028602861013,0.06675345634302315,0.0804314953300343,0.15
2.25,129204890,0.042816917276641206,0.1,0.07057669920985768,0.09943537984620734,0.12601506899542195,0.10884626935461245,0.0071401119669736585,0.004707398385443185,0.1389969223970068,0.32612014812863077,0.10690720404755817,0.08231146441963005,0.0687095596193788,2.7764451051977987,0.11249919660320466,-0.30986665117600587,0.3148290363192989,0.14766832494366905,12.706204736432095,0.060124579777498424,-0.0529080392637659,0.16581201917864163,0.1435459383791804,-0.33381443237636377,0.16234263840650776,-0.010473265107427993,0.13433311575578563,0.003350572219340381,0.19388446592450692,-0.0013386659664850877,0.2861672411958622,-0.0005633875455283053,0.44016388314903004,0.0008474105301020555,0.6614289311079893,-0.0013462179950190696,1.364505794256775,0.011861870586262636,-0.0038676772479761565,0.13964226371226182,0.19897128732456315,0.15
2.25,2061806565,-0.239963055640163,0.1,0.06508624303857362,0.10864979700948954,0.1267025189144682,0.14004017000411573,0.004534946130365335,0.015076303084416301,0.14719038414368893,0.32612014812863077,0.12196702904571581,0.08231146441963005,0.12296290584854475,2.7764451051977987,0.14843814274632963,-0.5956710338893647,0.2285896758160334,0.14923316470957626,12.706204736432095,0.10018062770721495,-0.39876530745708916,-0.06858266997852819,0.14479977359212035,-0.35982621454844826,0.10645403505112713,-0.006364993590287725,0.13433311575578563,0.00015879793363249593,0.19388446592450692,-0.0011196253898008177,0.2861672411958622,0.0005822190948138262,0.44016388314903004,-0.0005056712106939415,0.6614289311079893,-0.0003979689654022036,1.364505794256775,-0.0014362927081168397,-0.00035176965467478643,0.04204304447997965,0.04675173162330476,0.15
2.25,1113896091,0.008549896845383986,0.1,0.06442978183101764,0.09632323694642081,0.11261761713716176,0.10969877849950777,0.004134515471259193,0.007899306533024873,0.11414061609787642,0.19388446592450692,0.10075407049741444,0.08231146441963005,0.08900638684233426,2.7764451051977987,0.10712470434811429,-0.15259558498419384,0.4422561370819727,0.10826379344948564,12.706204736432095,0.06821281377397789,-0.1198517079654848,0.11947329139725013,0.1174224350209478,-0.08622641113263067,0.3493549606216662,-0.007254276441843172,0.13433311575578563,8.838326081342587e-06,0.19388446592450692,0.001277241081401354,0.2861672411958622,-0.0011806519147886277,0.44016388314903004,-0.000560579940403548,0.6614289311079893,3.1370513274240235e-05,1.364505794256775,-0.0024989671838931663,-0.0001760306835843968,0.02957025021112022,0.039224836951097235,0.15
2.25,28297167,0.04028783701361203,0.1,0.05664292432072583,0.036294930407084904,0.046653696932089234,0.035128013603254175,0.0008240239959704982,0.0004099533437399121,0.041488562099308735,0.32612014812863077,0.041563053684611787,0.08231146441963005,0.020276542604534327,2.7764451051977987,0.04356058515151616,-0.0985515858571667,0.14333556098979122,0.039525837463974346,12.706204736432095,0.01712781105854193,0.008764268898594205,0.06615151092185373,0.06351722171627677,-0.08306580982983176,0.1708139648831166,-0.006463182204338246,0.13433311575578563,-0.002930009619986876,0.19388446592450692,0.0014074983895260513,0.2861672411958622,-0.001837593954211719,0.44016388314903004,-0.0003975508050767682,0.6614289311079893,0.0006893051725898732,1.364505794256775,-0.001211470520564717,-0.00046116326399413986,0.04782633796414138,0.06569026318543147,0.15
2.25,760083292,0.04532708854921978,0.1,0.06223822341379019,0.04844554445706885,0.05707430389001727,0.06882107260808637,0.0010501595333564286,0.003686180501571066,0.0764600360686662,0.32612014812863077,0.055174265442923004,0.08231146441963005,0.06080159703858656,2.7764451051977987,0.06006956965079123,-0.13635655112729578,0.1972031741292593,0.07902954869105971,12.706204736432095,0.05181064769085253,-0.04857665935614475,0.13729516139275497,0.053261868945017415,-0.06514107006016534,0.1413711211106214,-0.0029467698918866853,0.13433311575578563,-0.0017979220390074702,0.19388446592450692,-0.0016702990645884861,0.2861672411958622,0.000548406391784285,0.44016388314903004,-0.0008569036876146883,0.6614289311079893,1.33796457452139e-05,1.364505794256775,0.0010164297249442315,-0.0009322091327165445,0.06794520373101523,0.10255478535579503,0.15
2.25,336062515,0.2203134509294258,0.1,0.0548812295410898,0.04791465915030743,0.041751092369993664,0.036111928281184584,-0.0004153957385450884,0.0017194671027305072,0.03742884104249779,0.13433311575578563,0.04454439208669121,0.08231146441963005,0.04152633695416542,2.7764451051977987,0.097151508959612,-0.1491274188839099,0.3903442441430798,0.02811661028673346,12.706204736432095,0.03545007755483184,0.17076282446304353,0.29821468487963365,0.05220935533149381,0.10855237507222396,0.3140299868366805,-0.008687541868406912,0.13433311575578563,0.0007288331583508135,0.19388446592450692,-0.0023846653725656444,0.2861672411958622,0.00038941749390045377,0.44016388314903004,0.0002553756250721104,0.6614289311079893,-0.000684232923486134,1.364505794256775,0.00440445571995903,-0.001952623057671799,0.09835833324094961,0.17250686491891934,0.15
2.25,1215975833,0.02485206753281684,0.1,0.06046249054306954,0.03946074370857398,0.04695455064916252,0.04694573483516327,0.00043483780729143724,0.001769064211922025,0.04781428299063542,0.19388446592450692,0.04247471450272062,0.08231146441963005,0.042120981876834496,2.7764451051977987,0.04473099080044744,-0.12015311538833028,0.12823316552876984,0.046208863255239395,12.706204736432095,0.040780723874604845,-0.034658848632419054,0.08436298369805272,0.047788840460715486,-0.1019078515520294,0.07849904026255483,-0.005990645514785096,0.13433311575578563,-0.002226730740607294,0.19388446592450692,-0.00115260048492184,0.2861672411958622,2.1425771586032214e-05,0.44016388314903004,0.00017697943911677944,0.6614289311079893,-0.0006310714512361117,1.364505794256775,-0.001744792574809926,-0.00038754600964851685,0.04410840698194171,0.05409453405795838,0.15
2.25,1562704238,0.1427374653156169,0.1,0.06124743419448571,0.03113676483564864,0.03592525638038247,0.043596062600091114,0.000520904752538725,0.0013797119216923382,0.04418687246914774,0.32612014812863077,0.03320917811131902,0.08231146441963005,0.03719811189297693,2.7764451051977987,0.16504066383635424,-0.349484483989287,0.5669682025447952,0.04303730783132859,12.706204736432095,0.0331948693408124,0.07702119259523169,0.20486261035090675,0.05488865702560636,0.09652923870785175,0.32263656678096647,-0.003750124369965092,0.13433311575578563,0.0006498027929213512,0.19388446592450692,0.0044040759975578865,0.2861672411958622,-0.0011379959594870512,0.44016388314903004,2.3488245052163924e-05,0.6614289311079893,-0.002106308068470201,1.364505794256775,-0.0004718321522010678,-0.0005913351147506905,0.05410939409989461,0.08178645683342818,0.15
2.25,120620472,-0.1583946299901337,0.1,0.07512565043377209,0.09150040855008391,0.11484338129075915,0.126689683558576,0.005902521664765226,0.010147754255406894,0.1342683500266005,0.2431366342882323,0.09589226644861036,0.08231146441963005,0.10088152965201899,2.7764451051977987,0.15355448417720322,-0.4994073987065727,0.35326379324336477,0.11457993812341474,12.706204736432095,0.09187361722417717,-0.3063733787500923,-0.0030266869829863466,0.08775817359478132,-0.32329415216300994,0.02343214630369221,-0.007688821559008098,0.13433311575578563,-0.0016931534671221148,0.19388446592450692,0.0009629435866682518,0.2861672411958622,-0.0017230812141420613,0.44016388314903004,0.00016163045859501798,0.6614289311079893,9.289841204860936e-05,1.364505794256775,0.0009809657823814325,-0.0010451995866673134,0.07229732785721542,0.1035978977303297,0.15
2.25,726004327,-0.04226557681334013,0.1,0.07032682070251395,0.048748250705187665,0.07671211543523535,0.09309992843960753,0.0030689202325289195,0.005598676442931124,0.10221851239064383,0.32612014812863077,0.06464574347909254,0.08231146441963005,0.07493235341773233,2.7764451051977987,0.1916348796642682,-0.5564714174775708,0.5076560297804825,0.10249873530096625,12.706204736432095,0.06439416433011438,-0.15198229703708166,0.09260949699543496,0.0783346031625856,-0.2407303262067313,0.11562039619071109,-0.012731718751087027,0.13433311575578563,0.0013670334900308817,0.19388446592450692,-0.0021151710558910235,0.2861672411958622,-0.00014696629621874092,0.44016388314903004,0.0008589514659238137,0.6614289311079893,-0.0007339567742539167,1.364505794256775,-0.0019925272662803385,-0.0004702541811021312,0.048651743932757195,0.07187946435562857,0.15
2.25,1920875136,-0.07373527714128494,0.1,0.06061789339592846,0.06620295279114065,0.042743921842929626,0.07077118399053899,-0.002254296943273951,0.007262857426696671,0.07147086455030736,0.13433311575578563,0.049187930354478895,0.08231146441963005,0.08534546469564076,2.7764451051977987,0.0732972675676571,-0.25222566341999786,0.15478601610519196,0.0687023411910811,12.706204736432095,0.0804436660291443,-0.19505461886958725,0.04758406458701736,0.06355419228747186,-0.16450995280308528,0.06461007088233692,-0.009264402795622198,0.13433311575578563,-0.003476321058761869,0.19388446592450692,0.0021630536953185717,0.2861672411958622,0.00017610520960596864,0.44016388314903004,-0.001029404707339405,0.6614289311079893,-0.00048551386246348336,1.364505794256775,-0.0018789054264420385,-0.0005860831557072931,0.05434177265048727,0.07070694512156347,0.15
2.25,189485636,-0.01894843051630996,0.1,0.06315777244891459,0.042200555177108676,0.0554304283033339,0.04490075050968333,0.0014897070525244716,0.0005263703438083566,0.04842896413888039,0.2431366342882323,0.04838393354619613,0.08231146441963005,0.022975892700394827,2.7764451051977987,0.051561847725009546,-0.22346139329629877,0.06285588616581522,0.043624256434192044,12.706204736432095,0.020552294159065038,-0.06012399652394053,0.018165411599862222,0.0775635018820912,-0.2173272228809923,0.12877086885208638,-0.009524882283458531,0.13433311575578563,-0.0001948899804566481,0.19388446592450692,-0.0002900492729400058,0.2861672411958622,0.0002033092342953923,0.44016388314903004,0.0001980444915861342,0.6614289311079893,-0.0008945548294401205,1.364505794256775,-0.0021487731330641297,-0.0003234632114635407,0.0400248743884439,0.054651572909064354,0.15
2.25,1123929021,-0.20936664780873981,0.1,0.06535651993848868,0.06295919974532507,0.07846290072621001,0.09685761739751675,0.0021865912350103314,0.00719480681291341,0.09733741516227097,0.13433311575578563,0.07509599941886823,0.08231146441963005,0.08494469407948378,2.7764451051977987,0.11139415266113714,-0.42709453398259817,0.19146496582474298,0.09083366751815108,12.706204736432095,0.07236751562367488,-0.3338599642075099,-0.09062254875386132,0.09766278510221439,-0.32259952209942844,0.06829984731994335,-0.005643490583164466,0.13433311575578563,-0.0034388565143716006,0.19388446592450692,0.001366877835066343,0.2861672411958622,0.0004235349300689321,0.44016388314903004,-0.0012161802233157343,0.6614289311079893,-0.00010891474647393073,1.364505794256775,-0.0008109527089875745,-0.0005658983576498618,0.052909508148181204,0.08877893925100802,0.15
2.25,983844774,0.016937571148457627,0.1,0.07078440326489772,0.046048117118977265,0.063695243821665,0.06822409358918556,0.001709411182183138,0.002945115763882813,0.07139359581787859,0.2431366342882323,0.055330006734638885,0.08231146441963005,0.05434728750502779,2.7764451051977987,0.10540336383898363,-0.4407002457266014,0.14459306147765613,0.06649332060280426,12.706204736432095,0.05185949984551101,-0.06489872624580584,0.09622275408083325,0.08551462127254361,-0.24737082346083913,0.11657520821278526,-0.00843815018914067,0.13433311575578563,-0.0018908353386886871,0.19388446592450692,0.0012620287871834934,0.2861672411958622,-0.001106013337528674,0.44016388314903004,-0.0005235824134737072,0.6614289311079893,9.959023170084853e-05,1.364505794256775,-0.002235676484585643,-0.0003733386154369088,0.04310062929011748,0.0683376081830811,0.15
2.25,497102788,-0.07101466315020821,0.1,0.056102038106667834,0.040937400653453894,0.04478626814470366,0.03689071475468763,0.0005150159781711619,0.0008459088569405655,0.03588209762224919,0.13433311575578563,0.04111035527226216,0.08231146441963005,0.029126511638480172,2.7764451051977987,0.12446991562399613,-0.473790709434913,0.21737706652234118,0.03369298806139625,12.706204736432095,0.026380880906065197,-0.11825002261794215,-0.025200246227837286,0.08279655531503521,-0.1334044334672435,0.18544085850446593,-0.0074494100226851255,0.13433311575578563,0.0006128173113052496,0.19388446592450692,-0.0008602544216333856,0.2861672411958622,8.235769912297748e-05,0.44016388314903004,0.0002865457324879057,0.6614289311079893,-0.0007698002174633737,1.364505794256775,-0.000698420630853151,-0.0005157094950742906,0.051147053435786856,0.07376676496126292,0.15
2.25,1081406967,-0.21162766162441105,0.1,0.06266036524579147,0.05798419942917212,0.07051398982708225,0.06935081713765698,0.0015507522847801039,0.003258783552880632,0.0746782605137683,0.32612014812863077,0.06818265641680975,0.08231146441963005,0.05716819047735751,2.7764451051977987,0.12325454192683602,-0.5536671506295083,0.13075178862281317,0.07591182240444694,12.706204736432095,0.04894010635568045,-0.3019767425443198,-0.11408702717074978,0.11050016212512338,-0.5706319843723774,-0.13180878166629648,-0.010274884137325264,0.13433311575578563,0.0030562829813523856,0.19388446592450692,0.0010630926885936151,0.2861672411958622,-0.0010942479815872887,0.44016388314903004,-0.00041036982684776024,0.6614289311079893,-0.00026979904311291735,1.364505794256775,-0.0016799589048789932,-0.00042617416783553304,0.04616329577388575,0.062050364289120225,0.15
2.25,298835750,0.09272510847176832,0.1,0.06713998372099703,0.05428431635444297,0.0649645020035031,0.05154888582497224,0.001172461142351553,0.001484826487444471,0.051703035098745256,0.19388446592450692,0.060369367139286825,0.08231146441963005,0.038589090342706286,2.7764451051977987,0.09374202964177415,-0.16764052310115327,0.35289867559926835,0.034815796751155446,12.706204736432095,0.03236731622135071,0.03645675811067288,0.14980837567633645,0.06493473371003977,-0.0722604799803091,0.22300345266696156,-0.006400380592473743,0.13433311575578563,-0.0023476178970658164,0.19388446592450692,-0.0006480112464364894,0.2861672411958622,0.00011161463985254704,0.44016388314903004,-0.0005940639413730607,0.6614289311079893,-9.623272294457922e-05,1.364505794256775,-0.002445794662757884,-0.00025274424553017774,0.03582071746212307,0.06112594410137785,0.15
2.25,1654742210,0.06948401902684269,0.1,0.06539352996027901,0.05927972146523001,0.0702193902327767,0.06967604129098778,0.0011618807527547731,0.0036928699772286614,0.06998416312678035,0.13433311575578563,0.06951473155328741,0.08231146441963005,0.06085674171236025,2.7764451051977987,0.12090487702098393,-0.34578747851932035,0.325584029479585,0.04754947037653377,12.706204736432095,0.05779067487205557,-0.03527669786973546,0.17383054139889692,0.06357315421081472,-0.05758148892963887,0.1968249760673886,-0.008824874505690092,0.13433311575578563,0.002425494979044001,0.19388446592450692,-0.003654130747445724,0.2861672411958622,-0.00041894309606056994,0.44016388314903004,0.0009489812495736246,0.6614289311079893,-0.0006851626367343944,1.364505794256775,-0.0023775981076194297,-0.0002655768388434277,0.03643012447720181,0.044797127009037346,0.15
2.25,1565181603,0.07753383344107169,0.1,0.05235895571551686,0.040936791116986136,0.06460060052021428,0.06181811106100243,0.0025691333419886435,0.0012523455131617878,0.07006722076327027,0.2861672411958622,0.05259135559952853,0.08231146441963005,0.0354395966238975,2.7764451051977987,0.12751457222132612,-0.4474333264163377,0.26064109335424646,0.0696311261282291,12.706204736432095,0.0322487981875922,0.01296310074727372,0.13090885348072046,0.08039416538898171,-0.17776959172530743,0.12800204060103781,-0.0033660622462341108,0.13433311575578563,0.0013492764318695492,0.19388446592450692,-0.001191129487945857,0.2861672411958622,0.0002633793709891238,0.44016388314903004,-0.00042713369867542725,0.6614289311079893,-0.0014942307531094514,1.364505794256775,-0.0026374324174629152,-0.00028190275498361485,0.03759697741901094,0.04831063439788082,0.15
2.25,704873059,-0.3473865821215012,0.1,0.06461528094931912,0.05825898164357446,0.05613196170526288,0.07470969631733312,0.000455324601950731,0.005126214121877408,0.07436288149563045,0.13433311575578563,0.05321420851722265,0.08231146441963005,0.071700974676977,2.7764451051977987,0.1681629922911966,-1.001208590826614,-0.06741795718199795,0.05983289340682341,12.706204736432095,0.06455954993803574,-0.4515116646511912,-0.2315929795639018,0.0911543999516551,-0.6207248000472638,-0.281075474660214,-0.007842864432528499,0.13433311575578563,0.004299074098656831,0.19388446592450692,-0.0017366689579076072,0.2861672411958622,0.0002836670047358806,0.44016388314903004,-0.0003257305052967471,0.6614289311079893,-0.000908998711395605,1.364505794256775,-2.430766708650558e-05,-0.0008406855865740447,0.06455051622275369,0.08706635108521213,0.15
2.25,655533068,-0.2905637500665216,0.1,0.07189749000916117,0.07837173481285824,0.09059509954706392,0.1091613197394194,0.0028726840916709247,0.00904350963558083,0.11913433936176536,0.32612014812863077,0.08219933251241407,0.08231146441963005,0.09523469402831261,2.7764451051977987,0.09627778471210942,-0.508238838630088,0.02638112957635924,0.11954212864918866,12.706204736432095,0.08880306670811579,-0.45472679720922116,-0.126400702923822,0.08997539865273622,-0.4248454546557098,-0.09030309216526543,-0.010238363098219613,0.13433311575578563,-0.00040445232271399737,0.19388446592450692,-0.00147189099623596,0.2861672411958622,-0.0012207481564923488,0.44016388314903004,0.0009222445277615279,0.6614289311079893,-0.00045586949716994104,1.364505794256775,-0.0009025242136666768,-0.0007466004841182242,0.06106286438043423,0.08202965191258382,0.15
2.25,1930347038,-0.06729856158458133,0.1,0.07287701803825147,0.19461595465280057,0.24148371851346423,0.209217757741891,0.022641689241218517,0.02113038091332608,0.24490444923553173,0.32612014812863077,0.21612225765806356,0.08231146441963005,0.14557283873852805,2.7764451051977987,0.1265616006057983,-0.5743676505045063,0.12841502251142856,0.25633075785239506,12.706204736432095,0.12878958813117347,-0.27845447485636443,0.14385735168720176,0.20477734739863498,-0.5662120153759639,0.17347225249665232,-0.00847454566703374,0.13433311575578563,-0.001077715141243644,0.19388446592450692,0.0019172346314714464,0.2861672411958622,0.002181867485204106,0.44016388314903004,-0.0005945909063413861,0.6614289311079893,-0.0026597099160563507,1.364505794256775,-0.0004974555296460954,-0.0009162861278434167,0.06779141521012655,0.09685591955581363,0.15
2.25,1462724659,-0.13909555142403096,0.1,0.0652788979010311,0.04279188198034058,0.05271515367802724,0.03706411892964368,0.0008492036816457015,0.0005245452303850696,0.047583326880066064,0.32612014812863077,0.047393972211767055,0.08231146441963005,0.02293602531090518,2.7764451051977987,0.09542985713599482,-0.3184426544683609,0.21146886500155523,0.049030093073519035,12.706204736432095,0.018689993373792062,-0.17729497765503266,-0.10652971452430841,0.06992380950988178,-0.20589166121844624,0.08110017470143727,-0.011881930414648918,0.13433311575578563,0.0003513904811700793,0.19388446592450692,0.0006881561236143171,0.2861672411958622,0.0006854118195361931,0.44016388314903004,-0.0007308616499756697,0.6614289311079893,-2.3835245767765532e-05,1.364505794256775,-0.0024141248846170056,-0.00014431770697638516,0.026750733520835443,0.03975492776421208,0.15
2.25,1897125933,-0.32866605822094197,0.1,0.06891402227563022,0.061858863676143606,0.0797962557764125,0.08651980549316624,0.0034554378806608012,0.004030238861914517,0.08702386328688616,0.13433311575578563,0.0746275146813336,0.08231146441963005,0.0635758362203031,2.7764451051977987,0.07468309887325741,-0.5567208820286207,-0.14201383341330304,0.07344233105758141,12.706204736432095,0.054106577935761034,-0.4369892109496996,-0.21605383494954364,0.08071502256693545,-0.47780303615060754,-0.20165630505014365,-0.006255254122529094,0.13433311575578563,-0.0013715849400930656,0.19388446592450692,-0.0010240801637979636,0.2861672411958622,-0.0006993153283067138,0.44016388314903004,0.00011441164269529751,0.6614289311079893,-0.0003138713036302002,1.364505794256775,0.0015263747833228548,-0.0012276940323248421,0.07825817273149253,0.08715227684065198,0.15
2.25,1247521169,0.09212041125140875,0.1,0.05815505126609921,0.054713024545011486,0.06042198044265803,0.0744457960699292,0.0005453079135422107,0.004996868638943275,0.07408012876776601,0.13433311575578563,0.05912720417407952,0.08231146441963005,0.0707906099410002,2.7764451051977987,0.12026417909632216,-0.04634050905361009,0.6214732737116201,0.06471672405495535,12.706204736432095,0.06376203607210616,-0.016889832439246993,0.2011306549420645,0.12213490424604284,0.02626226931115339,0.4818762359501338,-0.00020621288808371667,0.13433311575578563,-0.00042282351621492206,0.19388446592450692,4.823521741301198e-05,0.2861672411958622,-0.0011038650078379244,0.44016388314903004,-0.0002269771385390775,0.6614289311079893,-0.0007583001967031159,1.364505794256775,-0.0008961552163148812,-0.0004550774265282932,0.04754668161938237,0.08244197843841339,0.15
2.25,742790538,0.17967772087292885,0.1,0.05029837780678449,0.06798891360524745,0.056252288964012485,0.08241012960656585,-0.0012426476062267341,0.008034077067997716,0.08439464092337708,0.13433311575578563,0.0729800926274483,0.08231146441963005,0.08976244729237716,2.7764451051977987,0.07991411822688155,0.011273531795465974,0.4550278565699129,0.07590744945344523,12.706204736432095,0.0839622577648672,0.046102183742779884,0.3132532580030778,0.08177517790938289,0.008733446975992255,0.3098295765407653,-0.004809610938721748,0.13433311575578563,-0.0035607671223432625,0.19388446592450692,-0.0010223153707017915,0.2861672411958622,0.00022578923403166512,0.44016388314903004,0.00016020439885540576,0.6614289311079893,-0.00026422931723162936,1.364505794256775,-0.0009316060335315387,-0.00037277291560712045,0.04298822784716582,0.06195014502496773,0.15
2.25,1991727802,0.045088602503238095,0.1,0.06526843782444584,0.047962135922664746,0.06106985038639263,0.05140557000525725,0.0011859160759924775,0.0014566165515729262,0.051797228334963516,0.13433311575578563,0.056148904891245154,0.08231146441963005,0.03822075909763484,2.7764451051977987,0.06844304226379168,-0.1105717960425143,0.2694849033137866,0.02466443617030501,12.706204736432095,0.031679065239403476,-0.009640566855657097,0.09981777186213328,0.05903924585008782,-0.08108666382726294,0.18315267332621554,-0.008402423737038945,0.13433311575578563,-0.00230020796971051,0.19388446592450692,-0.0006949670286927521,0.2861672411958622,0.0008962761776103321,0.44016388314903004,0.00040444504543556814,0.6614289311079893,-0.0013513443925125602,1.364505794256775,0.0029118588290724333,-0.001604573274994508,0.08932471616634478,0.11260147883363791,0.15
2.25,546190108,0.029560256765334646,0.1,0.08065463276466789,0.16504757222681568,0.20702072622440806,0.1381072669141975,0.014188226607187326,0.004885390567322067,0.18900577838224827,0.32612014812863077,0.18046667124871982,0.08231146441963005,0.06999650129284452,2.7764451051977987,0.07122758993649021,-0.1506141359247979,0.24490485094361059,0.19458385443246126,12.706204736432095,0.0628397959797005,-0.08038288272136405,0.13995982869256424,0.16115712259853004,-0.18350409279765525,0.39684525908557017,-0.005706923366751007,0.13433311575578563,-0.008972807733057546,0.19388446592450692,0.004087150829450926,0.2861672411958622,-0.001464395029176838,0.44016388314903004,-0.001149578747362636,0.6614289311079893,0.00026103905886369427,1.364505794256775,-0.0017706149063178656,-0.0006518138824897949,0.057448681797083304,0.07590958301760448,0.15
2.25,1050728476,-0.10598959032995778,0.1,0.06493263378631721,0.034418530642888745,0.042603077327185324,0.042065145389579714,0.0006477452744789107,0.001121731182167569,0.044960009272926774,0.32612014812863077,0.03984304218664643,0.08231146441963005,0.033540619848236156,2.7764451051977987,0.07694536538958933,-0.2418901039553061,0.1853790622518567,0.04240391956467093,12.706204736432095,0.02882973236985975,-0.15814093870311308,-0.054392491948971604,0.06367843794892285,-0.21412681412919649,0.10918852033477615,-0.0068754006898535894,0.13433311575578563,0.0004090353803000344,0.19388446592450692,-0.00179491810994318,0.2861672411958622,0.00010287820291949592,0.44016388314903004,0.0011814832915176138,0.6614289311079893,-0.0019511098891724261,1.364505794256775,0.00045496881413580547,-0.0010037097102219145,0.07057291192345937,0.11514670164476744,0.15
2.25,492639453,-0.20593545264247667,0.1,0.07426802845198757,0.05748267903748926,0.08106972121144317,0.08097827612528295,0.003152488348546024,0.003404992855676548,0.09081713769068789,0.2861672411958622,0.07220532452487877,0.08231146441963005,0.05843657994347927,2.7764451051977987,0.08271137900967751,-0.40297471307344773,0.05631249371771041,0.08848532442000505,12.706204736432095,0.04576266628751637,-0.30634932394619674,-0.11961860069750091,0.06224458526875624,-0.3131297288864346,-0.08404768790088446,-0.002956298558291396,0.13433311575578563,-0.0035840462892279554,0.19388446592450692,-0.0005692171560585291,0.2861672411958622,-5.7240423185322594e-05,0.44016388314903004,-0.0008859552910278724,0.6614289311079893,-0.000518516416311176,1.364505794256775,-0.0009010006081971649,-0.0008114182924156562,0.06338295248920367,0.09438308001094678,0.15
2.25,626748580,-0.12433840651614869,0.1,0.0714298305707008,0.07672690106560691,0.09370155497889358,0.13383059956753227,0.0026255565004356723,0.015285072880169498,0.13654445715858624,0.2861672411958622,0.08559493255723395,0.08231146441963005,0.12381134597194181,2.7764451051977987,0.19246195237044153,-0.5990312952558313,0.4696887959356172,0.13626992626186474,12.706204736432095,0.1129321045223291,-0.33311854127027796,0.06337575421638064,0.08272680713681806,-0.2349882043666394,0.07638001366805035,-0.006139912477042001,0.13433311575578563,-0.001712372451951473,0.19388446592450692,-0.001362861715000764,0.2861672411958622,-0.0003747758471059866,0.44016388314903004,0.0004866775998755056,0.6614289311079893,-0.0007111186528436867,1.364505794256775,-0.0025105280553777078,-0.00017637892449787727,0.029795352126398892,0.03731214886196238,0.15
2.25,1568891961,-0.18405967959272565,0.1,0.06415436327820878,0.10522777664338981,0.13376085298816281,0.14268394735771076,0.006701878249794733,0.01365683058378324,0.14947858981902437,0.2431366342882323,0.11215413202202364,0.08231146441963005,0.11703119751761448,2.7764451051977987,0.10134392812351517,-0.44422923451521373,0.11852247184488868,0.12684574333702262,12.706204736432095,0.10302823029416416,-0.3582687678269123,-0.009850591358539005,0.1274645445622929,-0.34690216205092284,0.1320759067886385,-0.006846112595403206,0.13433311575578563,-0.004182999058837725,0.19388446592450692,-0.0003777436275623545,0.2861672411958622,0.0024167988999472968,0.44016388314903004,-0.002790348658417525,0.6614289311079893,0.0007812488655133995,1.364505794256775,0.000947015399099383,-0.0010740921068424115,0.07350938866948062,0.1056229539740142,0.15
2.25,726321287,-0.17709055153456352,0.1,0.06440499425596859,0.05581118479129122,0.06524460691522777,0.0779680157184861,0.0012800483646008168,0.004798963110477279,0.07721129417127981,0.19388446592450692,0.05907451067494571,0.08231146441963005,0.0693745842946586,2.7764451051977987,0.15397787790370504,-0.6250287485569159,0.22999350227205642,0.07758620332404269,12.706204736432095,0.05585886967199436,-0.2933981172774108,-0.07534772927417077,0.07265165868360962,-0.3214541936419702,-0.03466591280604767,-0.007502079790068651,0.13433311575578563,-0.0016238776275808154,0.19388446592450692,0.001903031241748187,0.2861672411958622,-0.0010475596305927594,0.44016388314903004,-0.0007772105140640234,0.6614289311079893,0.00029486491800549767,1.364505794256775,-0.0005868276624648159,-0.0006248740007562962,0.05597720196953591,0.06892821824489738,0.15
2.25,1514769506,-0.025050076336415556,0.1,0.05727846496971392,0.04510497429589549,0.0536733716196393,0.047797304310612694,0.0013971059095540944,0.0008874763898072202,0.047492485703960835,0.13433311575578563,0.05003585680507866,0.08231146441963005,0.029833560807778266,2.7764451051977987,0.02614950809415729,-0.09863101355734545,0.04657433394536102,0.026365603460049528,12.706204736432095,0.02712587029757925,-0.06822416653032855,0.022576304006009466,0.06591888802709707,-0.1883556936738395,0.06025089057555975,-0.005874696041766707,0.13433311575578563,0.0019966294157586573,0.19388446592450692,-0.0025531411726114586,0.2861672411958622,3.1526685316455964e-05,0.44016388314903004,-0.00041324535657285877,0.6614289311079893,0.0001511537449643583,1.364505794256775,0.00269678363706668,-0.0013246253323062386,0.08178376970484541,0.14092149706135537,0.15
2.25,102412963,0.2426039619940729,0.1,0.06584592483180497,0.03875687835977178,0.048755704813349246,0.08690106872413055,0.0008254124264119138,0.006726383318984145,0.08695730587019541,0.19388446592450692,0.046322837079371654,0.08231146441963005,0.0821329637429507,2.7764451051977987,0.14476765855603554,-0.06670953205871821,0.7371693819189841,0.08527434606521332,12.706204736432095,0.07741427787056683,0.11266154853923632,0.382935504623187,0.05119121064353479,0.1596650533046474,0.34004981974054954,-0.00754700330281828,0.13433311575578563,0.0019705332436014493,0.19388446592450692,-0.0010628049869745575,0.2861672411958622,-0.00039750083044764827,0.44016388314903004,0.00016362615385969576,0.6614289311079893,-0.000581210945195206,1.364505794256775,-0.0008042182833834323,-0.0005341807575766408,0.051667212890856844,0.07084209432488354,0.15
2.25,2130799002,-0.2522852114237745,0.1,0.06130538101510067,0.07856787646246824,0.09405602852399407,0.11912814808682239,0.00264023737040903,0.011551278296186853,0.1195344885710494,0.19388446592450692,0.0837623125428821,0.08231146441963005,0.10763207465051801,2.7764451051977987,0.1472979335407705,-0.781488895443134,0.03644035772691179,0.11995528694774062,12.706204736432095,0.09971714873708908,-0.4126180363911544,-0.09772721747412291,0.09860395423854565,-0.45569859696415793,-0.13749529315560255,-0.006046138086583714,0.13433311575578563,0.001495462428932221,0.19388446592450692,0.00025955689046281886,0.2861672411958622,-0.0029999616373711665,0.44016388314903004,-0.0006219334350768969,0.6614289311079893,0.0006603751474457577,1.364505794256775,0.002541434485814215,-0.0015641334929971593,0.08810372776479247,0.14341112440944673,0.15
2.25,1804391893,-0.1447503377820226,0.1,0.07413689718181275,0.08551534738853059,0.11976394520422892,0.10648997668621253,0.0055476624941690955,0.005792452640460993,0.13119023381909323,0.32612014812863077,0.10248343729775056,0.08231146441963005,0.07621806762876819,2.7764451051977987,0.06117170900584671,-0.34024395839571686,-0.0005641743039824509,0.13324272645970628,12.706204736432095,0.06974035948277821,-0.2576609441099327,-0.031839731454112535,0.10656497624252018,-0.46859029106337113,-0.01919043456582699,-0.00924429362914034,0.13433311575578563,-0.0022907156570400825,0.19388446592450692,0.0018627618102403365,0.2861672411958622,-0.0005935611431057095,0.44016388314903004,0.0007674478758469333,0.6614289311079893,-0.001337624786256814,1.364505794256775,-0.0018015173524306312,-0.0004163517272353387,0.04547532977912181,0.07700580887048361,0.15
2.25,798539822,0.43090378662411394,0.1,0.06782907091699343,0.054864536401421624,0.06905123327131897,0.0666230205555424,0.001788221118142864,0.00265040574980136,0.06582735604060982,0.13433311575578563,0.06436751393025013,0.08231146441963005,0.05155643395373868,2.7764451051977987,0.04911934241498363,0.302262518318933,0.5750168339561649,0.04687516916354457,12.706204736432095,0.04699231685310424,0.34074588958656216,0.5141262630128717,0.05470043690886776,0.3291581827468159,0.540728568876017,-0.009935929204643387,0.13433311575578563,0.002259941440812833,0.19388446592450692,0.0009338968245340662,0.2861672411958622,0.000146150587746074,0.44016388314903004,-0.0001786932582547286,0.6614289311079893,-0.0010913318422104317,1.364505794256775,-0.0021509510799890383,-0.0002659039149680508,0.03673466989185289,0.06444544130719942,0.15
2.25,1162740311,-0.14275209248416912,0.1,0.07126552250609539,0.09217696873000701,0.10825457875084794,0.09466016046441905,0.0033424351293489113,0.0056181108498006525,0.09953016672559487,0.32612014812863077,0.10165003910664003,0.08231146441963005,0.07506229522466956,2.7764451051977987,0.08461630878297924,-0.4001450254014594,0.06972004727935704,0.1056589934257996,12.706204736432095,0.06780580809398189,-0.2560237040060589,-0.029480480962279357,0.10852694056789551,-0.28883323792391896,0.13471399176662777,-0.005827452474602044,0.13433311575578563,-0.0032585481143935207,0.19388446592450692,0.0007136561948590239,0.2861672411958622,0.0016233932118866598,0.44016388314903004,-0.0007207759421855539,0.6614289311079893,-0.001746997477672483,1.364505794256775,-0.0031131110754993563,-0.00023277428421696227,0.034199234982836266,0.04110830145303102,0.15
2.25,360295584,-0.11181767601068067,0.1,0.07405197648398039,0.117716144608449,0.14162418659496245,0.13936411927523698,0.007244778444767182,0.012177579296595294,0.16316390653140445,0.32612014812863077,0.12409133499255952,0.08231146441963005,0.11051142299545959,2.7764451051977987,0.16809713040302365,-0.4493851110817446,0.48403979872879754,0.15237006264796793,12.706204736432095,0.09871782784930935,-0.28425268393602166,0.06061733191466029,0.14819980113345552,-0.3022400834946643,0.2898953934065947,-0.008616550741795796,0.13433311575578563,0.0010913879295238143,0.19388446592450692,-0.0009043060021829589,0.2861672411958622,-0.0011364682384079174,0.44016388314903004,-3.145743697979365e-05,0.6614289311079893,2.7119230579435565e-06,1.364505794256775,-0.0002471024373469074,-0.0008166989192658155,0.06408929919223598,0.07083964773811242,0.15
2.25,2073326326,-0.018343906392696067,0.1,0.06141447019296988,0.04808653791860576,0.06028905247467262,0.05301241258937252,0.0014351315022006214,0.0013751843863452403,0.05710624851705846,0.2861672411958622,0.05330462217193714,0.08231146441963005,0.03713702879462839,2.7764451051977987,0.03890553062132495,-0.14391964363696202,0.07211849648043944,0.05328739228015959,12.706204736432095,0.036109009986984755,-0.08563320111660619,0.04609681931485781,0.06862495937136902,-0.12875834771812456,0.1366246117645779,-0.008871629021006858,0.13433311575578563,0.0014948874665392448,0.19388446592450692,0.0008607765577421247,0.2861672411958622,-0.001077170025512475,0.44016388314903004,-0.00039402268165811613,0.6614289311079893,-0.00010929011591117574,1.364505794256775,-0.001746804650054011,-0.0003801745334326147,0.04369858326562248,0.05941922815568132,0.15
2.25,622644768,-0.05577385368112814,0.1,0.07295747355128374,0.08364866004602242,0.11165683056288131,0.1270388595452644,0.0048984127409248904,0.011240459093636525,0.1272706806295321,0.13433311575578563,0.10397843343661353,0.08231146441963005,0.10617413041616915,2.7764451051977987,0.21073441002843296,-0.6939111650185675,0.47627387742180965,0.09348406952852827,12.706204736432095,0.0955844129113048,-0.22047361342115385,0.08868348420721411,0.10787043203210085,-0.25769353516026183,0.1531430091173389,-0.007534947892627075,0.13433311575578563,-0.003596590665792872,0.19388446592450692,-0.0015845029740550497,0.2861672411958622,0.0003255857593342047,0.44016388314903004,0.0001750368197715195,0.6614289311079893,-0.0005631339655145798,1.364505794256775,0.0031874533933348623,-0.0017288250618535624,0.09269407752226008,0.10652826318209467,0.15
2.25,169156503,0.006565276564023968,0.1,0.06247382650806152,0.05450861821769161,0.06341865042304703,0.05062919086952229,0.001014436732112478,0.0015488782359900418,0.052394503968465886,0.19388446592450692,0.059102608964534606,0.08231146441963005,0.03941262187020362,2.7764451051977987,0.10268429698823454,-0.16229162538187664,0.4079030021254451,0.04589640819168248,12.706204736432095,0.03679290439779933,-0.0577381853506385,0.07086873847868642,0.10976696253316336,-0.0443201265952035,0.34164554394556285,-0.007110080267131107,0.13433311575578563,-0.0016118498742454606,0.19388446592450692,-0.00015452920847822967,0.2861672411958622,-1.0231111997333061e-05,0.44016388314903004,-0.0002211746920731749,0.6614289311079893,-0.0001228342505383935,1.364505794256775,-0.002430598300874266,-9.499647130400011e-05,0.02183586006291563,0.029908609518505602,0.15
2.25,1505404043,-0.18318477783299106,0.1,0.05671619189868077,0.04114854579867587,0.04275288498115689,0.030255670697827967,0.00013484651461168127,0.0007805590947637247,0.030444615936936675,0.13433311575578563,0.04256415753480821,0.08231146441963005,0.027978832104014986,2.7764451051977987,0.0544478727152833,-0.2624376433483871,0.03990541602917509,0.01670125910043131,12.706204736432095,0.02568760834079253,-0.2269005256211096,-0.13946903004487252,0.06469424490522284,-0.25158510639362963,-0.014293844936464295,-0.004423213904955043,0.13433311575578563,-0.0025323334203462785,0.19388446592450692,-0.0017512086588113737,0.2861672411958622,-0.0005765509136854348,0.44016388314903004,-7.475798405058202e-06,0.6614289311079893,0.0002418350875242657,1.364505794256775,-0.001648955572738819,-0.0002977095063939606,0.03868765416267056,0.05350029074381785,0.15
2.25,307250667,0.06795953555086709,0.1,0.07645563504292689,0.06385911506396368,0.07708537986229146,0.08782671951156482,0.0019655511946877896,0.00574798146547529,0.08841712541345935,0.19388446592450692,0.07132451994327185,0.08231146441963005,0.07592492429150197,2.7764451051977987,0.08274687687053388,-0.2127152279355609,0.24676909457963653,0.08782710171295698,12.706204736432095,0.07082293679055864,-0.050342557834197936,0.18626162893593212,0.07383913486600213,-0.12253952258397587,0.2180839911381584,-0.009882277759565634,0.13433311575578563,-0.0004877674510439638,0.19388446592450692,-0.0009451341955722574,0.2861672411958622,-0.0005710446628248349,0.44016388314903004,0.0007013621783041928,0.6614289311079893,-0.0006930889110060343,1.364505794256775,-0.0005285157359615615,-0.000772086504753529,0.06210241171656645,0.09722761193904732,0.15
2.25,838627770,-0.1656367037087488,0.1,0.06090461985723847,0.03815671019363645,0.04077336610986925,0.04560846204169597,0.0002633788152958925,0.0018167529945129293,0.04977400099238036,0.32612014812863077,0.03949051020433816,0.08231146441963005,0.04268493558283698,2.7764451051977987,0.04120337756619967,-0.28060588263731157,-0.051808050714727855,0.05149660209156036,12.706204736432095,0.03703406261831781,-0.23958971570297777,-0.10250060346202271,0.043857997298465526,-0.22938924984292716,-0.06319730471101244,-0.004472490879168018,0.13433311575578563,0.0006182702577740163,0.19388446592450692,-0.0037265547481341774,0.2861672411958622,0.00044825631336279937,0.44016388314903004,0.00016589566904869491,0.6614289311079893,-0.0008899231506729497,1.364505794256775,-0.002528071306171365,-0.00024302078277907508,0.0350127428688452,0.05857208543784682,0.15
2.25,1276021798,0.16187665947470023,0.1,0.06590439513037336,0.09103806435772317,0.09948665302304613,0.05657868834144427,0.00148485899971117,0.0017162889747271118,0.06186193723469859,0.2861672411958622,0.09682202667689116,0.08231146441963005,0.04148794219392471,2.7764451051977987,0.07204079934442782,-0.007599351542999594,0.39243529788574727,0.06253935100806526,12.706204736432095,0.03524586849840364,0.0918627269574062,0.2249158787190603,0.10944572490037562,0.036346597985263886,0.4363507463757905,-0.004893579522484915,0.13433311575578563,-0.0008449034621418273,0.19388446592450692,-0.0047501333024113634,0.2861672411958622,0.0007779360424575385,0.44016388314903004,0.00041180000463356885,0.6614289311079893,-0.0003240422743562022,1.364505794256775,-0.0009445519933443758,-0.00048049533963902095,0.048999047875991596,0.07299113317859932,0.15
2.25,1993382046,-0.3663815426707069,0.1,0.0630023905709422,0.18514223675681674,0.18589792168732522,0.16416967819897438,0.0011759467935563428,0.025775736446398464,0.17492001041045027,0.32612014812863077,0.18503871504014557,0.08231146441963005,0.16078007586299192,2.7764451051977987,0.13849237341032497,-0.533976760354414,0.23505618417023114,0.1768378305455402,12.706204736432095,0.15072870399911037,-0.6130467913754454,-0.11971629396596845,0.23417303324432037,-0.5629402038246063,0.14043537090027852,-0.007414834564507412,0.13433311575578563,0.0007029944503581138,0.19388446592450692,0.002025098886185039,0.2861672411958622,-0.0018580441204156227,0.44016388314903004,-0.001315008979710139,0.6614289311079893,0.0010976222884015382,1.364505794256775,0.000732133285704184,-0.0009031055375484552,0.06731610742094275,0.07439280098553182,0.15
2.25,1438738523,0.18812717285411876,0.1,0.05160081202826153,0.05887135014979648,0.0755932185896256,0.07374890501095736,0.0012397854116473097,0.004199115578667902,0.07511937847608109,0.13433311575578563,0.07351300336497366,0.08231146441963005,0.06489415806419391,2.7764451051977987,0.07330647442718594,-0.10443712166469504,0.302625682540641,0.04969318296053077,12.706204736432095,0.05914672739981333,0.08621666616799631,0.30256771880773753,0.07231903195715929,0.027606213565285982,0.30606251225715037,-0.009412120893600518,0.13433311575578563,-0.0028410557023531443,0.19388446592450692,0.0008281969311055038,0.2861672411958622,-0.0006138296945214176,0.44016388314903004,0.0003189691097514233,0.6614289311079893,-0.000603638325541988,1.364505794256775,-0.0008814330063815955,-0.0006922449611225195,0.058826841172268954,0.07398929974325853,0.15
2.25,1297161982,-0.3950077438976769,0.1,0.05494938958615981,0.046908430907494476,0.05265234326683865,0.049563214249936066,6.800256799982486e-05,0.002388509638785241,0.04979668745310829,0.13433311575578563,0.049398074369785085,0.08231146441963005,0.0489429550173848,2.7764451051977987,0.12939972819918663,-0.6110474866279787,0.10749499731713585,0.03646233404919796,12.706204736432095,0.0414666894160889,-0.4656558108297246,-0.3155939640132245,0.10532695239934066,-0.467674650918191,-0.0175636882276847,-0.0071519893367892095,0.13433311575578563,-0.0026537096124541206,0.19388446592450692,-0.00197747531432071,0.2861672411958622,0.0010173093111681161,0.44016388314903004,-0.0002656556585046819,0.6614289311079893,-0.00030991779753811047,1.364505794256775,-0.002241213941984991,-0.00026956495064636786,0.03677790783023608,0.0522726617341332,0.15
2.25,523963474,-0.09344604146419862,0.1,0.060204925959467775,0.03827352884004733,0.050143637340975725,0.043901697465674364,0.0010387105775398204,0.0008886484628277782,0.04545074569579191,0.19388446592450692,0.04422933646224152,0.08231146441963005,0.029853254612960376,2.7764451051977987,0.20773434490644127,-0.8811207221765419,0.2724052880173783,0.039795039965806696,12.706204736432095,0.026646879943098254,-0.14612172327969677,-0.04041313752889015,0.053227055334963774,-0.19398321520931122,0.007003749429825013,-0.010905354585830742,0.13433311575578563,0.0032686285644199157,0.19388446592450692,0.0018874419968495078,0.2861672411958622,-0.00046291455926120964,0.44016388314903004,-0.0012574211982070169,0.6614289311079893,0.0002694422088403825,1.364505794256775,-0.0013260953930910528,-0.000404490196618505,0.04492603767749231,0.059403418814176566,0.15
2.25,1575849735,-0.008293080902248132,0.1,0.07401722053310879,0.08749402630820713,0.114649454046947,0.1165702269204561,0.0054775472320958175,0.00811107057219081,0.12228214318249511,0.32612014812863077,0.09920634979663835,0.08231146441963005,0.09019153492810988,2.7764451051977987,0.1078448351847897,-0.4526947087040966,0.14615582083524875,0.12383009690067509,12.706204736432095,0.08773906697962351,-0.1498176904349668,0.13323152863047047,0.14452971252909777,-0.4018187759839581,0.08724426664284636,-0.006829027152238594,0.13433311575578563,0.0017469027940191688,0.19388446592450692,-0.0014831557699364476,0.2861672411958622,0.0021497968584112456,0.44016388314903004,-0.0019144411268902583,0.6614289311079893,-0.0008194653337110417,1.364505794256775,-0.003392612132763032,-0.00016822769037490076,0.02920480234637035,0.051301878074465394,0.15
2.25,1360626427,-0.0023720768616567623,0.1,0.07731365002293686,0.09987982249693068,0.11258818220073083,0.0642458271290659,0.0033991527539854755,0.0007283735495123445,0.06659233154234,0.2431366342882323,0.10585328754320447,0.08231146441963005,0.0270273690058427,2.7764451051977987,0.04782331710033012,-0.17519144045001428,0.09036618890505321,1e-150,12.706204736432095,0.022456949392980638,-0.050375408193151894,0.03638306948247347,0.11593902735061047,-0.16858688005673167,0.23725900892965585,-0.011091400776218042,0.13433311575578563,0.0008924122872647987,0.19388446592450692,-0.005399518183773008,0.2861672411958622,0.002203471126874583,0.44016388314903004,-4.251569388840086e-05,0.6614289311079893,-0.0007471214782126424,1.364505794256775,-0.00015537899031400318,-0.0010155160099388982,0.07119181574984744,0.08545363857564112,0.15
2.25,212341943,-0.23033765522731312,0.1,0.058037293983055856,0.04791579805084157,0.04274959753307302,0.030516453298103225,-0.00031963497950936084,0.001250888901404676,0.030323563027270073,0.13433311575578563,0.03978316777482737,0.08231146441963005,0.035418980607110725,2.7764451051977987,0.3168731304250693,-1.2987330897989455,0.46082861407582926,1e-150,12.706204736432095,0.030568047957566104,-0.29439961470376064,-0.16813823875014594,0.07426474390901792,-0.40546386919390137,-0.16243572964086517,-0.007309326112811024,0.13433311575578563,-0.00445094550620378,0.19388446592450692,0.00022094798786230773,0.2861672411958622,-0.0004178676261873438,0.44016388314903004,-0.0008585458674354068,0.6614289311079893,0.0005554429760772799,1.364505794256775,0.001540693407239087,-0.001293756564428866,0.0804211686388031,0.09163629349913195,0.15
2.25,701242346,0.23077069661722316,0.1,0.07306939880117853,0.04442162542922276,0.060892558832821075,0.055010423814764696,0.0018984334244919032,0.0011277133037881273,0.06369699770131022,0.2861672411958622,0.05379091259718182,0.08231146441963005,0.03362993593204268,2.7764451051977987,0.10960250857799178,7.553380859431913e-05,0.6086862307261243,0.060160688083398084,12.706204736432095,0.031085675131146913,0.17347615600906874,0.28981073790414247,0.09676438391507648,0.08186050234412913,0.5187361259135883,-0.0033982413322691026,0.13433311575578563,-0.0043233643012514054,0.19388446592450692,-0.000998611841502171,0.2861672411958622,-0.00028691637264436677,0.44016388314903004,-0.0013307257471548253,0.6614289311079893,0.0004093956461038384,1.364505794256775,0.0007873049298088181,-0.001215682570054037,0.07767293193334311,0.12507805603939104,0.15
2.25,738316296,0.05510080970006713,0.1,0.06161275024968711,0.03668786512947284,0.03437786044113626,0.021936391099378578,-0.00016218362694058342,0.0006433888814054791,0.022414678463770335,0.13433311575578563,0.03514092205274738,0.08231146441963005,0.02540173983889818,2.7764451051977987,0.0819982908998629,-0.24045434484042424,0.2148731619665948,0.0088928090404568,12.706204736432095,0.02260850526984157,0.01124851747105031,0.10101586366002681,0.04274600825030122,-0.030956786584812063,0.12476210143320383,-0.005684259180234442,0.13433311575578563,2.2356415032360927e-05,0.19388446592450692,-0.00019015180534382445,0.2861672411958622,-0.001048959259847251,0.44016388314903004,0.00021326799315739728,0.6614289311079893,-0.0005491586712735406,1.364505794256775,-0.002639838482575364,-0.00011745497685596707,0.0244096828909669,0.03788878445009187,0.15
2.25,1727757255,0.00417163673083824,0.1,0.0630335109051112,0.03254211268312948,0.042009325276284086,0.02651829263166181,0.0005481321361097732,0.00015508770798867578,0.026754242441941977,0.19388446592450692,0.03815636335725806,0.08231146441963005,0.012471404826986618,2.7764451051977987,0.02357961390024142,-0.05251180469572675,0.07842320249583179,0.01550207948499712,12.706204736432095,0.011760294351152063,-0.014457225657776471,0.022988187170186924,0.05521808808416251,-0.10979390453289983,0.16131798274022524,-0.007463360332123367,0.13433311575578563,-0.0015780258159281664,0.19388446592450692,0.0025000682648842125,0.2861672411958622,-0.0014529172561092215,0.44016388314903004,-0.0006956533365866501,0.6614289311079893,-8.061922874897163e-06,1.364505794256775,-0.0006986378387600866,-0.0007047614098646109,0.059467635740223346,0.06514314718031444,0.15
2.25,1033616836,0.30583115532630767,0.1,0.06127406637183196,0.0315190414945516,0.04318681949993865,0.042623133751019344,0.0007746869707286639,0.0010420445600286203,0.04426425489746513,0.32612014812863077,0.040168453441001825,0.08231146441963005,0.03232732976149549,2.7764451051977987,0.15828784918230052,-0.027627997018664863,0.8513270511303064,0.04606352045483792,12.706204736432095,0.030545378648879778,0.2595209036200053,0.36827631691021395,0.05299987899792825,0.2094212308503901,0.42990509301292745,-0.006322484411624519,0.13433311575578563,-0.0025541072317689342,0.19388446592450692,-0.001911661602790334,0.2861672411958622,0.0004274471332516902,0.44016388314903004,-3.4316112885517314e-05,0.6614289311079893,-8.61129518823706e-05,1.364505794256775,-0.0004670483529475347,-0.0006152292110652909,0.05560202166380158,0.06593773819316638,0.15
2.25,1907156041,-0.05513917426796825,0.1,0.06045573151927399,0.0644923706818671,0.06841488088777771,0.05131645225081646,0.000768390515451356,0.0018649877561589699,0.0508096226968193,0.19388446592450692,0.06630351870101049,0.08231146441963005,0.043247865776042047,2.7764451051977987,0.05759452466591152,-0.2147321678792922,0.10508390431043566,1e-150,12.706204736432095,0.038917452600496234,-0.11823815054749806,0.011864833942709693,0.05967265676852473,-0.16933731048549314,0.053870714486940224,-0.004151450672604794,0.13433311575578563,-0.0035544640152149467,0.19388446592450692,-0.0011561183092360554,0.2861672411958622,0.00044400790973502397,0.44016388314903004,-0.0005312533671918972,0.6614289311079893,-0.00030371001160279474,1.364505794256775,-2.6913932989465447e-06,-0.0008195849303621899,0.06373606879891613,0.11305879770025958,0.15
2.25,1491362312,-0.1536397109491263,0.1,0.058176166659687036,0.047614747776850305,0.050232164551436614,0.046183942094443015,0.0001652280637020171,0.0019677284436808483,0.04758084930909088,0.32612014812863077,0.04764290522348019,0.08231146441963005,0.04442314171811434,2.7764451051977987,0.1266086527845045,-0.46471803178229704,0.23832591681615328,0.0477955986096352,12.706204736432095,0.04028599845064717,-0.23095717663250662,-0.07632224526574596,0.05301634395760239,-0.21226781856997093,-0.009170766629424483,-0.005753155963657103,0.13433311575578563,-0.0017184911822924703,0.19388446592450692,-0.00014871559525085154,0.2861672411958622,8.185661925035691e-05,0.44016388314903004,-0.0008840865701867302,0.6614289311079893,0.0001720782950165687,1.364505794256775,-0.0023845682858270115,-0.00015264734069637712,0.02750189593094111,0.04265883663428336,0.15
2.25,1167768765,-0.12066686110966263,0.1,0.05966357414837086,0.12745019481104228,0.1409546093039521,0.18452868629447972,0.0040568868309182465,0.029993949234648258,0.18551694914830708,0.19388446592450692,0.1279158241374103,0.08231146441963005,0.17343770336694178,2.7764451051977987,0.15236730424373965,-0.4982417768212961,0.3478371352981333,0.16570904123726943,12.706204736432095,0.13351452855512164,-0.3651966135570171,0.14471649673348294,0.12030630503305109,-0.2707342496345048,0.15611608278946335,-0.0008254553769636421,0.13433311575578563,-0.004277491567935888,0.19388446592450692,-0.001109929188707212,0.2861672411958622,0.0003680751116410211,0.44016388314903004,-0.0003074663114713035,0.6614289311079893,-0.0009011293085686652,1.364505794256775,-0.0017588914611896503,-0.0003533028685740111,0.04203405331936037,0.06342776103277137,0.15
2.25,326517398,-0.013953584492443688,0.1,0.07065085011881689,0.04561020451893363,0.053638201355771714,0.060641009763364735,0.0007542402871836768,0.0029230917779368205,0.06486833766951454,0.32612014812863077,0.05146766758719393,0.08231146441963005,0.05414369787952782,2.7764451051977987,0.0587397796033322,-0.10275018759378067,0.22342535952635767,0.0637180731458041,12.706204736432095,0.04426389669198037,-0.09795000182607795,0.066605228691207,0.05836729674118364,-0.0722538292574082,0.14722349721683176,-0.00518057535497997,0.13433311575578563,-0.008243170003695633,0.19388446592450692,0.0018159055771045168,0.2861672411958622,-0.0010968760605252746,0.44016388314903004,0.00020057277691777717,0.6614289311079893,9.185953698151752e-05,1.364505794256775,-0.0019209324547750802,-0.0003002610202124437,0.0389430995874917,0.06762686046041061,0.15
2.25,242773979,-0.09254653624362594,0.1,0.06783527691372863,0.06976567096370845,0.09381508182045442,0.10375663548169525,0.0037838825446735048,0.0069815568618078775,0.10453090275929844,0.19388446592450692,0.08490860218802267,0.08231146441963005,0.08367636925568114,2.7764451051977987,0.1571786563911101,-0.48822674026364965,0.384569082093679,0.08470160019895688,12.706204736432095,0.07577529507917333,-0.21453630916081712,0.027950069228366042,0.07971877525442717,-0.2273672606384354,0.12492850872010457,-0.00793097133731224,0.13433311575578563,-0.0006933339361204071,0.19388446592450692,-0.0006109054959230486,0.2861672411958622,0.00039290343539898054,0.44016388314903004,-0.0005106016240916653,0.6614289311079893,-0.00014439394305052516,1.364505794256775,-0.0015373258952808457,-0.0003798381201383709,0.043519710489410356,0.05888658007515441,0.15
2.25,304004370,-0.04807788977489115,0.1,0.06259408257806146,0.11125969139597215,0.14303200417077397,0.09553171813978804,0.008683883823973473,0.00044242534676643396,0.1200378779741007,0.32612014812863077,0.12897843313504975,0.08231146441963005,0.02106428334265724,2.7764451051977987,0.0277256461603359,-0.1560464028977923,-0.002088933757170827,0.12816591799676086,12.706204736432095,0.01888627794995344,-0.07658842041645886,-0.012620029235981699,0.1250128890440933,-0.3113689209787926,0.10740396523063948,-0.002351886759631011,0.13433311575578563,-0.001258165648706902,0.19388446592450692,-0.0009831268905236554,0.2861672411958622,-0.002833937908853941,0.44016388314903004,0.000755393400587744,0.6614289311079893,-0.0003084156343302114,1.364505794256775,-0.0007320809662513681,-0.0007219484939915671,0.06005361835206427,0.07079491012876749,0.15
2.25,94825598,0.14280980107870192,0.1,0.05600263911922277,0.07695225021732753,0.0782247528440911,0.07558191350239231,0.000527350726805622,0.005185274921877491,0.07808327048112218,0.13433311575578563,0.07994750573203029,0.08231146441963005,0.07211283703739815,2.7764451051977987,0.06039958814532957,0.06814163690212857,0.4035339186262551,0.0343112738613058,12.706204736432095,0.0660673180721438,0.03046654948140451,0.25267652960511167,0.07326176732657261,0.03483204883099499,0.29928241377265424,-0.004290522802486223,0.13433311575578563,0.0024417645779852616,0.19388446592450692,-0.0032418841307558155,0.2861672411958622,-0.0012685239851477487,0.44016388314903004,0.00013963402667200155,0.6614289311079893,7.65675622034587e-05,1.364505794256775,-0.0011492151603991006,-0.0004822504383995048,0.049342469051544866,0.08276553998177588,0.15
2.25,85506495,0.22025461678575314,0.1,0.07264352979421411,0.12144269753850165,0.12485390566787952,0.13984437147886317,-0.0015715746796988398,0.021128022914017115,0.14211987458718855,0.13433311575578563,0.1353022360992467,0.08231146441963005,0.14556471606834406,2.7764451051977987,0.20924124979515205,-0.6928381586651028,0.4690555289333368,0.12600046234626128,12.706204736432095,0.12921717004619068,0.0028941324212947983,0.4376151011502115,0.16783462757788867,-0.17352735281975898,0.34099611514702965,-0.008072447799555377,0.13433311575578563,-0.006373903490759988,0.19388446592450692,0.00037364643589231307,0.2861672411958622,3.68514365205797e-05,0.44016388314903004,0.0005623032286259053,0.6614289311079893,-0.0008149469915908055,1.364505794256775,0.00015512045453278776,-0.000992789338118522,0.07048783966789669,0.10515304011248933,0.15
2.25,403792322,0.13298711002483452,0.1,0.0645728512670167,0.03526276581323737,0.036757284713440516,0.047597404762330923,0.00021372545760303782,0.0020517874825061247,0.04759826453219936,0.13433311575578563,0.03618356795100528,0.08231146441963005,0.04536207120637092,2.7764451051977987,0.047641945338093204,-0.08008703469096957,0.18446345718113039,0.040825257748419094,12.706204736432095,0.037422214414388956,0.06387339274518838,0.18739336686519537,0.06377369839397516,-0.03684702597092759,0.18414768793857117,-0.00865548565348727,0.13433311575578563,-0.0007106207242476716,0.19388446592450692,-0.000673586370644675,0.2861672411958622,-0.00018737775387131609,0.44016388314903004,-0.0011587894848064894,0.6614289311079893,0.0007546079727470415,1.364505794256775,-0.0026072029650233684,-0.0002244594718390418,0.033437308122053824,0.040892614822687925,0.15
2.25,680006743,0.0605449341344612,0.1,0.06779482403754933,0.06586119116334707,0.07739120885829133,0.07350107483570266,0.001923428743651783,0.0034789792583517793,0.07280071118491552,0.13433311575578563,0.07265866317372986,0.08231146441963005,0.05906804645237235,2.7764451051977987,0.0670829276721185,-0.16039272902738363,0.21211140332779913,0.060850887918453465,12.706204736432095,0.05425356931380054,-0.019388435476456065,0.13926749418509776,0.07960708810809028,-0.12322307917214684,0.1760075814017548,-0.0073454911192544475,0.13433311575578563,-0.0037886423765936517,0.19388446592450692,0.0011563630080561357,0.2861672411958622,-8.095305681435659e-05,0.44016388314903004,-0.00011461126918736354,0.6614289311079893,-0.0007335543985078629,1.364505794256775,-0.0014465766174857177,-0.0005475052246176826,0.05217758025031231,0.06927182272884316,0.15
2.25,1335583581,-0.21853345469618374,0.1,0.06984100841766566,0.05596466740659099,0.07626504963622979,0.06158974337139935,0.0031514963201292653,0.0006418001684255648,0.06440965231440057,0.19388446592450692,0.06775245473131722,0.08231146441963005,0.025370358338169793,2.7764451051977987,0.03884581314725014,-0.30181595127638217,-0.08610941573616024,0.057501376092732405,12.706204736432095,0.02461917778876519,-0.2673922364284247,-0.16967467296394276,0.061252739802270376,-0.30868187113483786,-0.061499616686007355,-0.0067578055894509026,0.13433311575578563,-0.005211866728320375,0.19388446592450692,-8.465881001993725e-05,0.2861672411958622,-0.0004543936942684021,0.44016388314903004,-5.418616486562961e-05,0.6614289311079893,0.00011810622110564696,1.364505794256775,-0.0028547394214228886,-0.0001467941137827315,0.02704784610818055,0.0344727407630787,0.15
2.25,1983180576,0.028097329887597815,0.1,0.06639427251853583,0.07398415645954143,0.08429529123378855,0.11265886323205519,0.0016710755193794597,0.011020943945359456,0.12145259028842331,0.32612014812863077,0.0813496645855556,0.08231146441963005,0.10513228041143162,2.7764451051977987,0.18165440571214084,-0.5506422956668354,0.4580646754873416,0.12647717417096727,12.706204736432095,0.0887748667214056,-0.12604074208979502,0.2172066474967796,0.09917678371329187,-0.22950432651012365,0.1452284350883085,-0.009183274513642006,0.13433311575578563,-0.0011855233394385469,0.19388446592450692,0.001078822961412475,0.2861672411958622,-0.0005654029264132672,0.44016388314903004,-0.00022279405764544927,0.6614289311079893,-0.0002466647946122112,1.364505794256775,-0.00317945536991962,-4.572250146162903e-05,0.015177802345546812,0.023192299035439744,0.15
2.25,1354213064,0.02681250740644231,0.1,0.06362083958991839,0.05069555891436372,0.05692781665197705,0.08183982107301481,0.0007502117673941506,0.005947544545868927,0.08299101983718565,0.13433311575578563,0.058760243411664734,0.08231146441963005,0.07723169026359965,2.7764451051977987,0.12148815148147052,-0.19863306654364146,0.4759773004968736,0.07610042283387052,12.706204736432095,0.07411250181468962,-0.10017093200039787,0.14058459616843821,0.06625488030929819,-0.06236681904484413,0.18612967021978058,-0.007548203735412542,0.13433311575578563,0.004863944025648967,0.19388446592450692,-0.003256116577200246,0.2861672411958622,0.00045438365627120366,0.44016388314903004,0.00012818488676806546,0.6614289311079893,-0.001502117422510992,1.364505794256775,-0.0006547838412956214,-0.0008120613053305328,0.06395016961125462,0.0811007736737111,0.15
2.25,2104775769,-0.2017296779323108,0.1,0.06510404761149535,0.060943999878222264,0.08001262453494554,0.07141838607188901,0.002693727988157424,0.0024068578809559654,0.07517020949581353,0.2861672411958622,0.07153996886741638,0.08231146441963005,0.04913058230477353,2.7764451051977987,0.06540705617562273,-0.337752573322113,0.025445628606297344,0.07244180836136506,12.706204736432095,0.04435453341707966,-0.27471507411659135,-0.1298034716459912,0.0723270560584083,-0.2648241429996733,-0.006668261404597026,-0.008860743463776709,0.13433311575578563,0.0005133086765243136,0.19388446592450692,0.00032103382857137083,0.2861672411958622,-6.512805048824317e-05,0.44016388314903004,-5.3754438929454754e-05,0.6614289311079893,-0.0006475708373660008,1.364505794256775,-0.0009961010839920825,-0.0005160369625793055,0.05121068393183966,0.07850897904090726,0.15
2.25,223067550,-0.21774640823613417,0.1,0.06475591585951622,0.06820003473881886,0.07500530069932437,0.0982396194270065,0.0013837183257707723,0.008267304499392301,0.09810169229541622,0.13433311575578563,0.07010931735543655,0.08231146441963005,0.09105601815932961,2.7764451051977987,0.14568533394867972,-0.5597472033841879,0.249227461297649,0.0955492070634044,12.706204736432095,0.07924832639082874,-0.3505722510494509,-0.0555909463461812,0.0871243435758588,-0.3386181013270934,-0.010902838178154326,-0.008337223983384734,0.13433311575578563,-0.003513300100816577,0.19388446592450692,0.0007315706433249394,0.2861672411958622,-0.00039157250217745844,0.44016388314903004,0.00036292568755386974,0.6614289311079893,-0.0003071534687408034,1.364505794256775,-0.0008355439915225581,-0.0005147848892538379,0.05072801774773636,0.06189184321364193,0.15
2.25,344502995,0.33016234445119963,0.1,0.06991991465842491,0.03664800125539266,0.05438668503785196,0.045597144705850245,0.0013713913768565679,0.0007077082284696791,0.05000395766883887,0.2431366342882323,0.04706948377698199,0.08231146441963005,0.026641201699133744,2.7764451051977987,0.17704664688333138,-0.1443637311873187,0.8387568610744983,0.046839566320855286,12.706204736432095,0.02132925485302313,0.29088825637033683,0.3679273339057927,0.08874803717387113,0.10398061404378857,0.39873974365491643,-0.0068591379921448085,0.13433311575578563,-0.0024645326629462,0.19388446592450692,-0.001660350534069462,0.2861672411958622,0.0008532711314833684,0.44016388314903004,-0.0004606142536691451,0.6614289311079893,-0.0003081602732090563,1.364505794256775,-0.000332869893932342,-0.0007828229937397298,0.06228069555477711,0.07964208330970654,0.15
2.25,195806605,0.03225238662861461,0.1,0.07956248120466063,0.050709515462377765,0.05185959850666428,0.04651607760005766,0.00022740304681769094,0.0019363424284768952,0.04944759249777931,0.32612014812863077,0.053235979273274205,0.08231146441963005,0.044067434618742185,2.7764451051977987,0.03222271831883953,-0.092653875540727,0.08627534156429191,0.0503877556702941,12.706204736432095,0.03811534321440359,-0.03064440662984874,0.0954274289805608,0.055417457533058566,-0.07907289333406511,0.1707290698075526,-0.014675046645589575,0.13433311575578563,-5.136098492349816e-05,0.19388446592450692,0.0008227165563401503,0.2861672411958622,-1.5804485089054877e-06,0.44016388314903004,-0.0004704779540775077,0.6614289311079893,-0.00010576782758490225,1.364505794256775,0.0005594151405683988,-0.0011662875920833138,0.07699394068161527,0.10827229720361141,0.15
2.25,411882509,-0.19687830624750935,0.1,0.06821382928266985,0.06087348527925915,0.0645183410227574,0.06794959661871428,0.0005564799967228808,0.004060667683923106,0.06770695849665107,0.13433311575578563,0.06249418014058748,0.08231146441963005,0.06381538778140954,2.7764451051977987,0.05682602074535483,-0.2583982649337612,0.057150389358856746,0.04944324713015441,12.706204736432095,0.055379629981344096,-0.29723305969282926,-0.10115608672829124,0.11048004584393135,-0.2866609153468087,0.10115984518235309,-0.010915592772005467,0.13433311575578563,-0.0017246534135307776,0.19388446592450692,-0.0003540746797014057,0.2861672411958622,0.0008291987522402321,0.44016388314903004,-2.609337416908136e-06,0.6614289311079893,-0.0006706892133909789,1.364505794256775,-0.0016205431749431649,-0.000474249331337177,0.048985465937886295,0.07259253187373753,0.15
2.25,1343925810,-0.049361198711731606,0.1,0.07110233007201117,0.05537938882529585,0.06126656236372046,0.0545734485011389,0.0005847516068039123,0.002393509674502547,0.05923565905171601,0.32612014812863077,0.06251244195550025,0.08231146441963005,0.048994156105818795,2.7764451051977987,0.09550341168131073,-0.32302114637251667,0.20729881341201417,0.06222111809291633,12.706204736432095,0.04546455166692573,-0.13969254025733654,0.040970142833873326,0.07323196940407388,-0.14234515764720995,0.12116484309148534,-0.004693965301918398,0.13433311575578563,-0.001675161834493087,0.19388446592450692,-0.0010006693351055315,0.2861672411958622,-0.0023013288390102437,0.44016388314903004,1.2064526022065714e-05,0.6614289311079893,0.0005104895057325638,1.364505794256775,-0.0007639498946730685,-0.0006642791642691028,0.05739967377255006,0.07396949034123027,0.15
2.25,964066232,-0.17468724579191222,0.1,0.07733925491401854,0.09853433501752483,0.1031700759094795,0.1236249524496499,0.001562526314331434,0.013720602553846764,0.1265080646119772,0.32612014812863077,0.09915532301451674,0.08231146441963005,0.11730412385983115,2.7764451051977987,0.08624063866455624,-0.45400759594732487,0.024877202231353535,0.12675841713387995,12.706204736432095,0.10332658689644851,-0.3519796909141217,0.0026051993302972365,0.11275518908989596,-0.3135306353364033,0.1047682352360817,-0.006157342212334814,0.13433311575578563,-0.0007372243243472571,0.19388446592450692,0.002766619092336575,0.2861672411958622,-0.002552727561849294,0.44016388314903004,0.00027867413748001513,0.6614289311079893,-0.0013837191052290037,1.364505794256775,-0.002625720891578658,-0.0004273594038202222,0.04619548532005428,0.05286753475072744,0.15
2.25,1991918128,-0.2006835116361668,0.1,0.06045931281340932,0.03137415044640033,0.036139503440653795,0.04760523223064002,0.00035343136186758817,0.001912826773865579,0.04784233053833766,0.19388446592450692,0.034913786461413104,0.08231146441963005,0.04379903166676308,2.7764451051977987,0.2169691583418823,-1.0980256444364402,0.10678027087797021,0.04818046680741386,12.706204736432095,0.03647371063784765,-0.26469200987981334,-0.13667501339252025,0.04103054661996347,-0.3050969637082458,-0.15703356506815921,-0.006536842018935022,0.13433311575578563,-0.0020965922501526755,0.19388446592450692,0.0006822275287100121,0.2861672411958622,-0.00026808473914097524,0.44016388314903004,-0.0005778902153335028,0.6614289311079893,-0.0007200442695547571,1.364505794256775,-0.003649085083040083,-0.0001228173858006019,0.024648056326233042,0.03980624436204802,0.15
2.25,1503904892,0.05687293699284305,0.1,0.06514038426228176,0.06383030718451008,0.07424796281228407,0.09753435088275046,0.0015742600837857475,0.007938689518333738,0.09691624797616329,0.19388446592450692,0.06877027167494972,0.08231146441963005,0.08922798724443512,2.7764451051977987,0.22104123584364063,-0.7299579691748129,0.49745974543508364,0.0903323626259887,12.706204736432095,0.07436816724774362,-0.09860985175592327,0.21515715107616748,0.08589623467715916,-0.15938071645199564,0.13311447170656898,-0.004469178627512762,0.13433311575578563,-0.0017619749397346856,0.19388446592450692,-0.0010533023983857988,0.2861672411958622,0.0010114727855237667,0.44016388314903004,-0.00036140802568858816,0.6614289311079893,-0.0009060542488764953,1.364505794256775,-0.0022192075939269367,-0.00019965076750846805,0.03154328106700295,0.046213529096716596,0.15
2.25,1714968067,-0.0724592045411788,0.1,0.07055418885393401,0.11922735141981264,0.1659977557130801,0.14881352883966337,0.015651793825682166,0.006493672540031158,0.1897164861586964,0.32612014812863077,0.13713426724578007,0.08231146441963005,0.08069969256287306,2.7764451051977987,0.10000918220960847,-0.3761991757295551,0.17914083311184933,0.19876144502293067,12.706204736432095,0.061721360751543594,-0.1955703494516543,0.04354492165330705,0.1271490569501209,-0.33213281510480386,0.13366283301611223,-0.005545033690559768,0.13433311575578563,0.00011275390311144806,0.19388446592450692,-0.001524471054217261,0.2861672411958622,0.0002018653125829438,0.44016388314903004,0.0002994939847789929,0.6614289311079893,-0.0007914581979160664,1.364505794256775,0.0019543194344392536,-0.0011311672771422549,0.07554167427385519,0.11580105044328627,0.15
2.25,201103793,0.32990073848138357,0.1,0.06863738509272378,0.08113473979849654,0.09374980602255625,0.08179221599402398,0.002515038373485371,0.0041749282237277,0.08737092667317214,0.2431366342882323,0.08889380327650034,0.08231146441963005,0.06470698950090527,2.7764451051977987,0.07836496336749088,0.08549001260723094,0.5206420505285807,0.07695368674565134,12.706204736432095,0.05983741599783167,0.20948516960881408,0.4453536461714144,0.07959217266382976,0.18630347934543484,0.506315872881399,-0.0058127248181707725,0.13433311575578563,0.0007229358233190498,0.19388446592450692,0.000808388626609866,0.2861672411958622,-0.0011232158088309721,0.44016388314903004,-0.00015063060424557414,0.6614289311079893,-0.00017908411999398928,1.364505794256775,0.0012425392549030195,-0.0009384598633593044,0.06819563590730927,0.11452225512722737,0.15
2.25,1794441268,-0.00955433705903017,0.1,0.060932984338087644,0.06515844365738642,0.07524797479800463,0.06501684085936338,0.0017793478816685322,0.0024478417136632505,0.0788904013891601,0.32612014812863077,0.06945855646610168,0.08231146441963005,0.04954711294007915,2.7764451051977987,0.10680770524106688,-0.15083853248263718,0.44225292834530167,0.08084790213239515,12.706204736432095,0.04453918721412281,-0.0856253821303849,0.06651670801232455,0.09916302076737801,-0.07438163977246676,0.25206770219191016,-0.005686430103241293,0.13433311575578563,-0.0008001970704666605,0.19388446592450692,0.000674499147345708,0.2861672411958622,-0.0005509420659860086,0.44016388314903004,0.0006529161389333664,0.6614289311079893,-0.001404649968312814,1.364505794256775,0.0018729878358814524,-0.001201080912790012,0.07777021663025128,0.09722666289721837,0.15
2.25,1243827652,0.09706855676199133,0.1,0.0693442231929862,0.03133435389382126,0.0452265489067406,0.03863008351369967,0.0008944882671019882,0.0005977950851734225,0.04024564233160543,0.2431366342882323,0.03980905832994015,0.08231146441963005,0.024485155025718363,2.7764451051977987,0.07686563181943494,-0.10412842630412832,0.3226979881418843,0.036528804972551385,12.706204736432095,0.02310511683733843,0.05806616638314463,0.1403724480303531,0.055754436928810054,-0.05550076284232654,0.19156139655364127,-0.012059444247547558,0.13433311575578563,-0.0004357079521162525,0.19388446592450692,-0.00019058922654806374,0.2861672411958622,0.0006846278053362089,0.44016388314903004,-0.00040260068862644604,0.6614289311079893,-0.00011961370728890586,1.364505794256775,-6.71681224477389e-05,-0.0008104983200897974,0.06398315729323358,0.11120771478299238,0.15
2.25,152473460,0.10640136272789674,0.1,0.06526678208893545,0.055116803827092574,0.07409803225253131,0.05731059315393744,0.0021733932074476645,0.0011111108802084764,0.07044412860801681,0.32612014812863077,0.06573944243524735,0.08231146441963005,0.03338146466724411,2.7764451051977987,0.15476125823477285,-0.2866398051185311,0.5727324706818442,0.07341463792494467,12.706204736432095,0.028610830418344748,0.05618816448373066,0.15621260630821615,0.07930832674938738,0.014466099778214184,0.3006002015297089,-0.004278209324676181,0.13433311575578563,-0.002667400864879598,0.19388446592450692,-0.0012101117549406387,0.2861672411958622,0.0001934052140943097,0.44016388314903004,0.0007587853518289517,0.6614289311079893,-0.001348460151317849,1.364505794256775,-0.0014020373242193173,-0.0004125894230084017,0.045604762184535644,0.06653199539593792,0.15
2.25,212302157,0.09935531482645299,0.1,0.05035155606257992,0.04436080682641886,0.04051648849633613,0.032729929501013465,-0.00021201365906040786,0.0012832619442017191,0.03325459080840707,0.13433311575578563,0.04398895436289993,0.08231146441963005,0.03587437516879472,2.7764451051977987,0.03617315205965387,0.026605669254647024,0.22747121120585034,0.02064063508979115,12.706204736432095,0.03364032289959308,0.0357489817868583,0.15982534582016483,0.05129278278223896,0.019635735056318514,0.2253953607199944,-0.006519090121876291,0.13433311575578563,-0.0020573023460397077,0.19388446592450692,-0.0022907818213500314,0.2861672411958622,0.00011471306053605967,0.44016388314903004,0.0007689335725318674,0.6614289311079893,-0.0005667407312894072,1.364505794256775,-0.0013337820669414087,-0.0003876619924296812,0.043883200442248665,0.0675444614285364,0.15
2.25,1765159612,0.2500899975585585,0.1,0.07698767914937982,0.1022404051993013,0.13542801561076703,0.14201197351545367,0.007060304658649253,0.013107095963104661,0.14742767312182634,0.2431366342882323,0.11851782903429607,0.08231146441963005,0.11465154924092759,2.7764451051977987,0.10730819509632661,-0.09134572815612954,0.5045248978894834,0.14041934132369038,12.706204736432095,0.09794145472488974,0.057814151021057,0.43894985976930845,0.11277376024981273,0.05987294105775877,0.46056368671548853,-0.010320356034225313,0.13433311575578563,-0.0011525655983774554,0.19388446592450692,0.0006522009161072191,0.2861672411958622,-0.0018387566639556574,0.44016388314903004,0.0013432471433161687,0.6614289311079893,-0.0008164417830168732,1.364505794256775,-0.0009903025603519135,-0.0006534490210822935,0.05721810001345864,0.06265647261314544,0.15
2.25,1266465983,0.09364750577159156,0.1,0.05143682963979679,0.036003460753030236,0.031812843339408044,0.038981447977531294,-0.00032688780843692135,0.0018464410948619,0.03935791023574253,0.13433311575578563,0.03295102930905343,0.08231146441963005,0.04303228590045094,2.7764451051977987,0.038052729978548236,0.02575157239586935,0.23705420417257694,0.034077691898842064,12.706204736432095,0.037668900670690064,0.037608163592597915,0.15857020831997953,0.04248812595199107,0.03902405341491053,0.2061789185698506,-0.008172615220739768,0.13433311575578563,0.002744911839391431,0.19388446592450692,0.001975941612848672,0.2861672411958622,0.0003107058326854727,0.44016388314903004,-0.000654310660296668,0.6614289311079893,-0.0012291408259331327,1.364505794256775,-6.590488995745064e-07,-0.0007152317386102805,0.05955559655943753,0.07201044631695791,0.15
2.25,1544346586,0.16801517370946653,0.1,0.057183648080264354,0.1313031268544798,0.1280862573237549,0.14252671531930663,-0.0008818735880836946,0.021195738167794367,0.14783629172093893,0.13433311575578563,0.14993043262744735,0.08231146441963005,0.14579779671401352,2.7764451051977987,0.12485592312270812,-0.060848325787062896,0.6324629074309284,0.0949069133393309,12.706204736432095,0.11520953743667474,-0.030617302271614133,0.39493074758449664,0.16722531392546788,-0.008435270313435096,0.5274004333968192,-0.0033224661110022665,0.13433311575578563,-0.003354548050675906,0.19388446592450692,-0.00011794783856307673,0.2861672411958622,-0.00038241804122377844,0.44016388314903004,-6.229546364288171e-05,0.6614289311079893,-0.00022960033067705876,1.364505794256775,-0.0013202183413360568,-0.00029702935415200447,0.038650884171350014,0.05916212453997068,0.15
2.25,1910429473,0.2785699325699877,0.1,0.06545046414711281,0.04648536795691723,0.05463371172174288,0.05636390725359663,0.0015549237177084172,0.0016219663231836256,0.06639847641553953,0.32612014812863077,0.04597062778582942,0.08231146441963005,0.040331799948966594,2.7764451051977987,0.16663708512468653,-0.3009573365877653,0.6243601020899643,0.06677475001468418,12.706204736432095,0.035958329159515676,0.21405226617863016,0.34958509498976587,0.1341449690234115,-0.18927711652882306,0.3438213635686019,-0.007251647456291396,0.13433311575578563,-0.003921232146361609,0.19388446592450692,-0.0004505494466127901,0.2861672411958622,-0.0007565837543078486,0.44016388314903004,0.000770883433063945,0.6614289311079893,-0.0003171817254378825,1.364505794256775,0.0003546642741187005,-0.0008658742387959795,0.06602248462151561,0.10314720673840523,0.15
2.25,522857945,-0.0800859379361038,0.1,0.055962008003884935,0.027852178022627794,0.0366949740856211,0.029156613441431077,0.0005718475331033599,0.0002782605742696794,0.030384457332854716,0.2431366342882323,0.03372823797349141,0.08231146441963005,0.016705232580919,2.7764451051977987,0.05169375710043799,-0.2581290505051993,0.028920707236390703,0.02635839192748966,12.706204736432095,0.014608844641335418,-0.10871281751952602,-0.051579838244771165,0.03855764896189782,-0.13568431505825806,0.0026633074681969783,-0.003546154832096367,0.13433311575578563,-0.0024143534085037943,0.19388446592450692,-0.0015984478144062302,0.2861672411958622,0.00010750114327727339,0.44016388314903004,-0.0009983671759270895,0.6614289311079893,0.0004656949097853999,1.364505794256775,0.0015755419780900213,-0.001125879172357798,0.07535760109509751,0.11601288428764348,0.15
2.25,1405937487,0.0546043514049164,0.1,0.08037595759280722,0.08131785573566076,0.13032457327661584,0.14307441744347174,0.009730734728269207,0.010739554198519605,0.15325961124554485,0.32612014812863077,0.1118674431967814,0.08231146441963005,0.10378146931174066,2.7764451051977987,0.10112937922100432,-0.2786479214077382,0.2829124184519606,0.15799337568172117,12.706204736432095,0.09017560808479091,-0.11003794760701438,0.1881866131664335,0.07389357428161183,-0.10154984861444914,0.1683824451898608,-0.012659639219809013,0.13433311575578563,0.0022363580581413805,0.19388446592450692,0.002250224298110471,0.2861672411958622,-0.001225872932927791,0.44016388314903004,-0.00040263757804891127,0.6614289311079893,-0.00013386332475447075,1.364505794256775,-0.0022162463158454547,-0.0003246561498964321,0.04016494493681144,0.059852640759771814,0.15
2.25,1601020913,-0.3312063956433723,0.1,0.06300992514645928,0.07400013679467711,0.09256355755794522,0.08844780600163267,0.004033406793441993,0.0037896075930604536,0.10067620365512668,0.32612014812863077,0.08561958100205112,0.08231146441963005,0.06164868381532392,2.7764451051977987,0.09170940198931136,-0.6634672144388152,-0.1542149739311336,0.10483156939992226,12.706204736432095,0.054241660483207534,-0.4270504804006413,-0.2142640043798873,0.08493025928088549,-0.5323144797309027,-0.2004263491916896,-0.005552458366377004,0.13433311575578563,-0.0009553527316421858,0.19388446592450692,-0.0025715030774614367,0.2861672411958622,0.0006147574625150023,0.44016388314903004,-0.000836148929236905,0.6614289311079893,0.00020487403770499,1.364505794256775,-0.00044095242874315387,-0.0006740293999422274,0.05799634196219463,0.09420257927171509,0.15
2.25,1535395319,0.15576245563312252,0.1,0.06889814765040683,0.07413074198426213,0.0853517553814792,0.10529783716052403,0.0024762223764010285,0.008611412134283207,0.10520222342740265,0.13433311575578563,0.08255874535828989,0.08231146441963005,0.09293169862140556,2.7764451051977987,0.10967202360313467,-0.2037696796842136,0.40522702653590786,0.09643113992643508,12.706204736432095,0.0802386511234522,0.003106334441004191,0.2991949112846326,0.07447145915818083,0.009589026889449162,0.30213205245898805,-0.005858173421096754,0.13433311575578563,-0.0009242462901506353,0.19388446592450692,0.0019946516212220764,0.2861672411958622,-0.00218155542651773,0.44016388314903004,-0.00027268831541081616,0.6614289311079893,-0.00010619811631992158,1.364505794256775,-0.001511502763468665,-0.00048642894709376584,0.04910118067651653,0.06450662772851397,0.15
2.25,101441725,-0.0473779989867934,0.1,0.06733462032898702,0.07884358929047598,0.09703992484569049,0.12030282124484805,0.003119822056965733,0.011352946742504129,0.12090703115965654,0.19388446592450692,0.08991722283793482,0.08231146441963005,0.10670407080945439,2.7764451051977987,0.11392058614589731,-0.26140531397487243,0.3711831935972091,0.11007795420225519,12.706204736432095,0.0923050529538393,-0.2088086325275366,0.11673486378755635,0.0897507603235491,-0.27426783624651213,0.12056129464829513,-0.007401980540242309,0.13433311575578563,-0.0012369106643707489,0.19388446592450692,0.00029135447940747966,0.2861672411958622,0.0001342588454725736,0.44016388314903004,0.0001296628856882405,0.6614289311079893,-0.0008389729441365731,1.364505794256775,-0.0021474843020651887,-0.00021308265880641076,0.03254071520595456,0.051522637300205974,0.15
2.25,711443911,-0.015442549296315992,0.1,0.07616162674955988,0.08702119236225826,0.09006046582487198,0.054819637947264986,0.0011492894787828774,0.0018559032258863377,0.05474915161705229,0.2431366342882323,0.08711269486713646,0.08231146441963005,0.0431424049867654,2.7764451051977987,0.13578984147006457,-0.5449021270615753,0.20912395430871641,0.04175142530364126,12.706204736432095,0.03919069772762041,-0.0984251443971158,0.04381037894285218,0.13061064961511207,-0.36705514669986633,0.06891174350910956,-0.0069050817310633604,0.13433311575578563,-0.0022717823055191265,0.19388446592450692,-0.0009935002849497281,0.2861672411958622,-0.0018838213582503666,0.44016388314903004,0.00039843408301479846,0.6614289311079893,-2.571128955034771e-05,1.364505794256775,-0.003657170381812442,-0.00014623887171434028,0.027071205690457414,0.03661193867484175,0.15
2.25,564772776,0.1850753072177339,0.1,0.0709650478953911,0.08469869901576556,0.1023854204190361,0.10202848068227902,0.004088302653388674,0.006321508216945508,0.10958924302016958,0.32612014812863077,0.09617233980862379,0.08231146441963005,0.07962272585077564,2.7764451051977987,0.12439238964394293,-0.23930183447579972,0.4514354482257657,0.11534781416808886,12.706204736432095,0.06990203696879436,0.06941751016530144,0.3054449111298632,0.08645053895923976,-0.030996679681120513,0.30082319545863556,0.0020650225169499344,0.13433311575578563,-0.0035790430027322303,0.19388446592450692,0.0012012413759897448,0.2861672411958622,-0.004428637456634029,0.44016388314903004,0.0016133346901124018,0.6614289311079893,-0.0015413485371687924,1.364505794256775,0.0036089225432336144,-0.0019228517951451526,0.09774939303823142,0.1568238699287899,0.15
2.25,34299659,-0.21681839277812112,0.1,0.06883644848130924,0.14036902386309916,0.1384072897520321,0.10010966510433936,9.034943821372571e-05,0.009931595609089256,0.10197536571661119,0.13433311575578563,0.14231457958160396,0.08231146441963005,0.0998013008063599,2.7764451051977987,0.1366467689726653,-0.8993488207258649,-0.14056431501536282,0.059601574308050125,12.706204736432095,0.09524751660437923,-0.37247444123766876,-0.08423546556380565,0.21593358569455104,-0.7625478317540116,-0.07843053437493105,-0.010009623230007302,0.13433311575578563,0.0002652415298992624,0.19388446592450692,-0.0015743031623356638,0.2861672411958622,0.0013354039876727851,0.44016388314903004,-0.00012477495306508223,0.6614289311079893,-0.0009393844211715933,1.364505794256775,-0.0030596795556828314,-0.00010372935220689308,0.022714995220334638,0.03670519060342529,0.15
2.25,315007890,0.26061617332268866,0.1,0.07051552773727231,0.08281306748425991,0.11138110535493127,0.1032184498981579,0.006478829357248839,0.004175219042129693,0.11221976067383442,0.2431366342882323,0.09367233714540782,0.08231146441963005,0.06470924315109759,2.7764451051977987,0.12211878835194744,0.0003696108226462491,0.678481835167547,0.07686406406606691,12.706204736432095,0.062091185007082335,0.14508102695187922,0.3705330102221578,0.07767012642244321,0.08085938146875757,0.4008642779397738,-0.006190955894585909,0.13433311575578563,0.0007862622833345834,0.19388446592450692,-0.000788528032222478,0.2861672411958622,0.0011011316020835995,0.44016388314903004,0.00030540419844519615,0.6614289311079893,-0.001935572415711995,1.364505794256775,-0.0009091349073767598,-0.0005551115916188336,0.052643041938756276,0.07949375374488908,0.15
2.25,1530422852,0.011257167985364507,0.1,0.06524618588382886,0.05389673348137626,0.06351551827582562,0.04403964866226413,0.0012547246507225844,0.0006847660035730787,0.04389130692086023,0.13433311575578563,0.06004087531878458,0.08231146441963005,0.026205821797244868,2.7764451051977987,0.040554466776702484,-0.0852103113040879,0.13998419024807682,0.030608244822293976,12.706204736432095,0.02354731799861034,-0.038405248656355764,0.056238381130904944,0.0745123837561116,-0.1874345753778408,0.0983403288153591,-0.008354759337138402,0.13433311575578563,-0.0015296188704184582,0.19388446592450692,-0.002051472749535667,0.2861672411958622,-4.284964035208278e-05,0.44016388314903004,0.0005347425994786336,0.6614289311079893,-0.00018999355667338646,1.364505794256775,-0.0009449242033739274,-0.0005192993453273486,0.050972734379291645,0.06504067061227206,0.15
2.25,1002509348,-0.26471929509851916,0.1,0.0716557992477411,0.049984593593910734,0.05646819497420869,0.04538891112926573,0.0011430044091774168,0.0009171488443229656,0.04522048600602109,0.19388446592450692,0.055533361941026385,0.08231146441963005,0.030328197498799888,2.7764451051977987,0.028223686211414075,-0.3310298245232707,-0.17430679365863222,0.02181979628111869,12.706204736432095,0.026320244829598025,-0.3125263250316425,-0.20955366327437033,0.06381468877584816,-0.4054400767320306,-0.12951626297785357,-0.00972890787389174,0.13433311575578563,-0.003218725214230214,0.19388446592450692,0.0007611242303356697,0.2861672411958622,-0.0004308337929678897,0.44016388314903004,-0.0006295146970171661,0.6614289311079893,0.0003757228110637517,1.364505794256775,-0.0016367055369198396,-0.0005105395560191365,0.050337450654847786,0.06802066662584226,0.15
2.25,1213077042,-0.08471487600879898,0.1,0.06133844408211142,0.07970646389063707,0.10344524087487555,0.09720755492581185,0.004206536569557441,0.005242772165097286,0.10059588470324646,0.2431366342882323,0.09029865144326048,0.08231146441963005,0.07251154863748023,2.7764451051977987,0.12636425863202633,-0.31472227970822064,0.3869645749934557,0.09612360587991499,12.706204736432095,0.06301374519450723,-0.19309889789215987,0.021287448096487943,0.09564969015858171,-0.17205627735076529,0.1662865351759326,-0.007924448351527022,0.13433311575578563,0.005876148173459536,0.19388446592450692,-0.0003188948347537208,0.2861672411958622,-0.00039903162469347354,0.44016388314903004,-0.0010027215739394,0.6614289311079893,-0.0003336030165990766,1.364505794256775,-0.000195912261153079,-0.0007221673748818247,0.059902705078040734,0.09187723325606488,0.15
2.25,271823690,0.07106423045020002,0.1,0.061964349919675074,0.054804313701308706,0.05772023262071874,0.04729111519898459,0.0006602071521596433,0.0015762424246039877,0.05073095123410252,0.2431366342882323,0.05547033963541647,0.08231146441963005,0.039759250980720556,2.7764451051977987,0.059111390485141524,-0.013551692625807243,0.3146873689220066,0.04977047738851573,12.706204736432095,0.03633713461619408,0.005523887230490148,0.14200595769653568,0.08686272126813253,-0.11575197555161874,0.17323440944420318,-0.0056249498357513195,0.13433311575578563,0.00011822385246233521,0.19388446592450692,0.0006531648586104743,0.2861672411958622,-0.001442574033695151,0.44016388314903004,0.0001202294469112056,0.6614289311079893,-0.00045026046292205894,1.364505794256775,0.0007236953661209274,-0.0009215474036602578,0.06758703719152209,0.09400146034344821,0.15
2.25,1728900233,0.23468249960401075,0.1,0.06602798632923909,0.10732424753269279,0.11842268272373976,0.12773947882365028,0.0027444202606115974,0.013572954189526202,0.1292440654037702,0.19388446592450692,0.11741504633310407,0.08231146441963005,0.11667125773225132,2.7764451051977987,0.18022628546511693,-0.41580741589711523,0.584969360318095,0.11644882581488371,12.706204736432095,0.11157808611761616,0.06274288103364914,0.4306536290001024,0.1320378965772234,-0.033446214950378014,0.47514586468964354,-0.005260863423614219,0.13433311575578563,0.0034409263988107036,0.19388446592450692,0.0011609942649243338,0.2861672411958622,-0.0007017513149071217,0.44016388314903004,-0.001713360465257843,0.6614289311079893,-6.480535214546195e-05,1.364505794256775,0.00023237202203744783,-0.0009597700972923306,0.06918929862755528,0.10893658767853545,0.15
2.25,1140374410,-0.4170013244518659,0.1,0.06390570442539341,0.08517545809204742,0.11970416231620408,0.14053610662871022,0.008029533254642278,0.01172086401171393,0.14904734471733208,0.2431366342882323,0.1096749388283561,0.08231146441963005,0.10841927569038429,2.7764451051977987,0.21761612481170411,-0.8357189207316086,0.3726795283595298,0.13495631052051588,12.706204736432095,0.08925086329249796,-0.5973020509572747,-0.2534325314260621,0.08589214122608024,-0.5442293208565219,-0.2169129097500601,-0.007278779661334303,0.13433311575578563,-0.0014627057748315716,0.19388446592450692,-0.0016720590721344614,0.2861672411958622,0.0003883156234667462,0.44016388314903004,0.00020545927702166932,0.6614289311079893,-0.00027776301569306885,1.364505794256775,1.909358838239557e-05,-0.0006887427297435579,0.05857083523825882,0.09360416342881857,0.15
2.25,715695033,0.17310308336042113,0.1,0.05941794722108562,0.049776661512283646,0.04935126926585289,0.03147801816898803,4.199105830707001e-05,0.0009488745695400702,0.0399139966787344,0.32612014812863077,0.05224769401131793,0.08231146441963005,0.030848289767680212,2.7764451051977987,0.062395016045740125,0.06350420277056126,0.40997687654842785,0.04179526425067249,12.706204736432095,0.029569993812028315,0.12030370625228565,0.2259024604685566,0.07522554817080447,0.009264025388345244,0.32024882007542227,-0.005036555475398962,0.13433311575578563,-0.0018092069039618585,0.19388446592450692,0.0005963776757884369,0.2861672411958622,-0.00037581808164065803,0.44016388314903004,-0.0008194681374997075,0.6614289311079893,7.77921825559122e-05,1.364505794256775,0.005658008680443969,-0.0021197897908916538,0.10321719527454154,0.15645701651715221,0.15
2.25,1672146529,-0.12408086365383934,0.1,0.06784030389604759,0.08890530079210614,0.1183513995011632,0.12255312156008291,0.005836779799896247,0.009182487804224211,0.12269823759735418,0.13433311575578563,0.11059597000524339,0.08231146441963005,0.09596367430604846,2.7764451051977987,0.09702892196553188,-0.40000216432919683,0.13878878657844346,0.10674724339806567,12.706204736432095,0.09349070781877086,-0.2781812047059558,0.02754392902280836,0.08903625849693142,-0.2813130077635364,0.04282244961243622,-0.00405548301168991,0.13433311575578563,0.00024624559958026724,0.19388446592450692,-0.0005661107368103932,0.2861672411958622,-0.00025225762851871747,0.44016388314903004,-0.0008720824537599392,0.6614289311079893,-0.00022139893578054624,1.364505794256775,0.004649443080393632,-0.001927887262427137,0.09835141852372252,0.11878134703512519,0.15
2.25,38480920,-0.002895202470100562,0.1,0.07869721163580222,0.12389490741766575,0.18761649595808227,0.15391313821853364,0.019786487036832133,0.003902767079445304,0.16174775400484243,0.13433311575578563,0.19199148244784345,0.08231146441963005,0.06256234293155363,2.7764451051977987,0.08639696359861475,-0.1284498898307009,0.35130296354395174,0.08762147816059224,12.706204736432095,0.05326566230828521,-0.0906557469916253,0.11038017989827131,0.15018163993667308,-0.1869795033260828,0.4249788443068333,-0.006619932413160735,0.13433311575578563,0.0005758711032063812,0.19388446592450692,-0.0013524837615872768,0.2861672411958622,-0.0009009495171159603,0.44016388314903004,-0.0006228866614973785,0.6614289311079893,0.0001871717251395394,1.364505794256775,-0.0029817579127385243,-0.00019004103997465865,0.03083383894740958,0.04588415324811122,0.15
2.25,841303605,-0.2518689113076908,0.1,0.06823835090496205,0.06356116119530666,0.07852695294074746,0.07520299354275564,0.0019342613118109092,0.0037212289259808385,0.07666487331485197,0.13433311575578563,0.08093191983754533,0.08231146441963005,0.06108996581171687,2.7764451051977987,0.07973079581308128,-0.44927273142035895,-0.006536375882849638,0.05500755719537156,12.706204736432095,0.05161181355097305,-0.3445462536971464,-0.15919156891823516,0.0690512219895076,-0.40025435277573396,-0.1442576351858203,-0.008272468847535288,0.13433311575578563,-0.00033805191004653923,0.19388446592450692,-0.0010222205242917115,0.2861672411958622,0.0009543241859016538,0.44016388314903004,-0.00016573754275931268,0.6614289311079893,-0.0006262167830578737,1.364505794256775,-0.0017496564360444044,-0.00029221961845241556,0.0381297409129591,0.049690174378386597,0.15
2.25,1980191042,-0.17129326844874485,0.1,0.06467824708950401,0.0620046393702826,0.05614224073761293,0.05278242861710122,-0.00012518846588192682,0.0029111732366013123,0.05310226792751283,0.2431366342882323,0.05387970373338311,0.08231146441963005,0.054033203052223526,2.7764451051977987,0.06890539654937991,-0.4173852052944293,-0.034761103351950984,0.05582673058102054,12.706204736432095,0.045992082435610045,-0.24547778046250546,-0.09715714322350605,0.065903759024987,-0.2968518489444736,-0.0658403840552416,-0.007959177493190302,0.13433311575578563,-0.003299452041688165,0.19388446592450692,0.0010123675373180365,0.2861672411958622,-0.000546937275820079,0.44016388314903004,-0.00019673287693282676,0.6614289311079893,-0.00023794799314227005,1.364505794256775,0.0010763745858874106,-0.0011459680551637011,0.07562971040661964,0.12236157584090394,0.15
2.25,473508485,0.19458372371582602,0.1,0.06094438592421327,0.08429075112297728,0.12124612988703125,0.13863245773484484,0.007135448035738923,0.012083510301864615,0.1622855644941812,0.32612014812863077,0.10141119276467044,0.08231146441963005,0.11008375784848287,2.7764451051977987,0.13621191325331694,-0.24633188681046012,0.5100379128331378,0.15485754558643083,12.706204736432095,0.09585452628787361,0.00542535840954006,0.35592275438738163,0.07530475438517412,0.06323640680014883,0.3513276765338366,-0.0054249211290125785,0.13433311575578563,-0.004681115310706485,0.19388446592450692,0.0018415199653491392,0.2861672411958622,0.0004081716143684892,0.44016388314903004,-0.0003709638320721546,0.6614289311079893,-0.0007537362661957243,1.364505794256775,0.00016829637271740776,-0.0007472550257849073,0.060938039398858466,0.07709905126165427,0.15
2.25,321443800,0.007607936362681034,0.1,0.0708951217158176,0.09436247684642367,0.13580871604064138,0.12607667741971512,0.009457455155601839,0.006437873433593062,0.13848135833578828,0.2861672411958622,0.11369109474096392,0.08231146441963005,0.08035222463759407,2.7764451051977987,0.0872437022745244,-0.2563080330350044,0.22814666724387028,0.13386918667642667,12.706204736432095,0.06963989167569425,-0.10486895319437188,0.11946072835403315,0.08484474630468736,-0.17053839344585625,0.14600754086255757,-0.0077120999106452025,0.13433311575578563,-0.0005988377978267064,0.19388446592450692,-0.000329554414326167,0.2861672411958622,-0.0026719333020740078,0.44016388314903004,0.0016218689229944134,0.6614289311079893,-0.0006424051389517492,1.364505794256775,-0.0009710045836841917,-0.0006214913656093292,0.055688397424795345,0.06965671003599128,0.15
2.25,2015229585,0.06691011126054293,0.1,0.06423589114663814,0.06547325601606872,0.07668257540805043,0.09707769652050421,0.0018938401127672156,0.0075302390489599,0.09817591043601798,0.2861672411958622,0.07392246270745052,0.08231146441963005,0.0869022597268517,2.7764451051977987,0.0861038899418631,-0.3028847958051419,0.1752406517300097,0.0960995847016096,12.706204736432095,0.07630082579701468,-0.05850833758675862,0.19187792315105912,0.12029219996867367,-0.285101528798162,0.12948313952492213,-0.005342880009249002,0.13433311575578563,-0.007467870266461712,0.19388446592450692,-0.0010414883429709987,0.2861672411958622,0.0019384971953227577,0.44016388314903004,-0.0014607574453260304,0.6614289311079893,0.0004471047592250282,1.364505794256775,-0.000996766282453948,-0.0005770538285633307,0.053559232616322644,0.07714088833230284,0.15
2.25,346291332,-0.15413518428167955,0.1,0.0758845573529997,0.06194631709096779,0.0942748513754725,0.09610047622038782,0.004183292152121577,0.005052009377663748,0.10432172405858522,0.2861672411958622,0.07891192241671321,0.08231146441963005,0.0711801275696819,2.7764451051977987,0.166697533335212,-0.5131034560267587,0.4125496449274338,0.10054212966092331,12.706204736432095,0.06670505529372091,-0.2904304617854206,-0.017839906777938508,0.09659958045244348,-0.2546405309166392,0.13889432616285638,-0.00764898868248493,0.13433311575578563,-0.001900951531683047,0.19388446592450692,-0.00105178183847268,0.2861672411958622,-0.0011959298667456246,0.44016388314903004,0.0009375335868724542,0.6614289311079893,-0.0008054446115358269,1.364505794256775,0.0024977803912665008,-0.001592309857086043,0.088935253202517,0.1372698117780196,0.15
2.25,692506793,0.29553558620260456,0.1,0.06771230583671495,0.061187794944316365,0.07507638672888059,0.08047302878044715,0.0008448330226778007,0.005631075338420876,0.08149468451236419,0.13433311575578563,0.0755870931257037,0.08231146441963005,0.07514885310259874,2.7764451051977987,0.06312557459347344,0.07876317745578462,0.4292925626414803,0.06489846059905856,12.706204736432095,0.06134282699174352,0.17106229743076173,0.38972272682054754,0.08194940313809981,0.061773180567290864,0.36323244141151084,-0.006500209077235035,0.13433311575578563,0.0007711674438794947,0.19388446592450692,-0.001425784792214273,0.2861672411958622,-0.00013635259250679402,0.44016388314903004,0.0006636399227226049,0.6614289311079893,-0.0013379417919071916,1.364505794256775,0.0021317938608529595,-0.001349550561675214,0.0826002659602068,0.143230085414666,0.15
2.25,83903841,0.1703922253318485,0.1,0.06415611688641096,0.06303609049943303,0.06623151497122647,0.05531860006089314,0.0006695410619755159,0.0023906064507215304,0.054786561190542114,0.13433311575578563,0.06633550031534736,0.08231146441963005,0.04896443319308563,2.7764451051977987,0.14127066828060308,-0.20423075431902055,0.5802297565923842,0.0285740432462034,12.706204736432095,0.045248109091851535,0.08388840873080813,0.25400087320450054,0.07727135409116807,-0.04976300379697075,0.2696976075366442,-0.0031326580558587638,0.13433311575578563,-0.0005230199105387589,0.19388446592450692,-0.003339668597216119,0.2861672411958622,-0.0007451394320923885,0.44016388314903004,-0.0002431334067515961,0.6614289311079893,0.00017190219457635889,1.364505794256775,0.0027093235625026933,-0.001529768896607656,0.08748052372311411,0.1284340306078025,0.15
2.25,787913836,-0.0563271227595543,0.1,0.05426758557960053,0.046152240007677495,0.04499950942065288,0.03742514297096863,2.639511342776308e-05,0.0013742462129696796,0.03840150928316636,0.13433311575578563,0.04729748622019924,0.08231146441963005,0.03712435888784819,2.7764451051977987,0.03625411082566282,-0.1843440851927386,0.01697101189768155,0.017151939809051612,12.706204736432095,0.030364521231218702,-0.11632324320682619,-0.009010620615865252,0.077664897365861,-0.22659750131510042,0.027661208513062314,-0.006481100796494131,0.13433311575578563,-0.0002271409619341724,0.19388446592450692,-0.0007459162652482539,0.2861672411958622,-0.00030293162219388733,0.44016388314903004,0.0005327273378330398,0.6614289311079893,-0.000418125703522342,1.364505794256775,-0.0009929283506787026,-0.0003027027769510197,0.03910803284126576,0.06705143758282708,0.15
2.25,1902227201,0.0051496175000510375,0.1,0.045846040019601714,0.023643626865986134,0.02582444709033018,0.03336120737049254,0.0001047887994860702,0.001008181357730936,0.0340835290002264,0.32612014812863077,0.023922121132767392,0.08231146441963005,0.031797722822301526,2.7764451051977987,0.13737012253834407,-0.42963692617803023,0.33316428246598423,0.03481194709328554,12.706204736432095,0.028967046908049205,-0.05287265017542322,0.05751857147637467,0.05831745307335012,-0.14896404361257037,0.07900679266378004,-0.004500299443112165,0.13433311575578563,0.0030830572626808074,0.19388446592450692,-0.002513352297510475,0.2861672411958622,-0.00012066429152252496,0.44016388314903004,6.220025440247486e-05,0.6614289311079893,-0.0009211854937715553,1.364505794256775,-0.00015532105318720563,-0.0007147749664336479,0.05992529021460878,0.08325935863347451,0.15
2.25,978115952,-0.030554167504860855,0.1,0.06819903591302674,0.06482185169993998,0.07952018372405384,0.07362837832578648,0.0021412641576777323,0.0032798739372074106,0.0765813359860761,0.2431366342882323,0.06663743228988636,0.08231146441963005,0.05735288433592687,2.7764451051977987,0.14360759774754248,-0.3329578508403111,0.4644793728304463,0.07237699023386035,12.706204736432095,0.051884036432564694,-0.10476665535165948,0.07048625029068828,0.07371062753806092,-0.12790111928916728,0.1541532753816201,-0.008828647857923474,0.13433311575578563,0.00030676057191411876,0.19388446592450692,-0.00412945848980485,0.2861672411958622,4.614624273462554e-05,0.44016388314903004,2.034150313057862e-05,0.6614289311079893,0.0003409696076772297,1.364505794256775,0.0017579486646140312,-0.0013374278952780808,0.0819387131719953,0.1058841490804727,0.15
2.25,1809705016,-0.017331316382610953,0.1,0.06119648035782532,0.05131539672395699,0.06617552802075888,0.0627728333794435,0.0014860825189322384,0.0024543460915511387,0.06174925352665217,0.13433311575578563,0.060466418807405234,0.08231146441963005,0.04961289728855664,2.7764451051977987,0.11464948619819487,-0.24770782657110862,0.3889281829657329,0.052672299785379635,12.706204736432095,0.0384550791508908,-0.06915138691775434,0.07193592152584272,0.10393417881107139,-0.1063728421042907,0.2844563518577456,-0.007054675370978716,0.13433311575578563,0.0014739411750982463,0.19388446592450692,-0.00019435712726357596,0.2861672411958622,-0.001153187891845527,0.44016388314903004,-0.0007439743716409724,0.6614289311079893,0.0005288918114290166,1.364505794256775,-0.0023555017207650478,-0.00015898881379144625,0.028151048361800702,0.04256567093627994,0.15
2.25,2048657614,0.1706360353369546,0.1,0.06974040444646751,0.06723208124056732,0.08263430353415135,0.12390877331690708,0.0021536775618235275,0.013199706543077139,0.13573273074181033,0.32612014812863077,0.07675873408136948,0.08231146441963005,0.11505588200502,2.7764451051977987,0.09159555840893607,-0.11673756008849032,0.3918825195162089,0.14341396936960377,12.706204736432095,0.10767862386667537,0.009328179002561927,0.3308355000510316,0.0800285455743122,-0.0008395061428387316,0.3060563840876915,-0.0012571189370837368,0.13433311575578563,0.0026083987970786085,0.19388446592450692,-0.001393339523040878,0.2861672411958622,-0.0008939786742686387,0.44016388314903004,-0.001322548658519381,0.6614289311079893,-0.00015702308590265842,1.364505794256775,-0.001814952457715251,-0.0004400613303110486,0.04682769093198474,0.0730884926265452,0.15
2.25,1152491696,0.2578669042107218,0.1,0.0626094462289605,0.06276666082353205,0.06365846141743399,0.08660662585128368,-0.00041743097479519974,0.007918138616139436,0.08671515198041682,0.13433311575578563,0.07000413037053657,0.08231146441963005,0.08911242006492529,2.7764451051977987,0.11029956756909393,-0.0829836412343809,0.5294977477309084,0.07265689098952174,12.706204736432095,0.08356392021628362,0.12011913306657178,0.390534316520318,0.08633569950562309,0.17270941331209097,0.5372252982615942,-0.009922533008078485,0.13433311575578563,0.000744265149764935,0.19388446592450692,-0.00018077229707169157,0.2861672411958622,0.0013386351798538895,0.44016388314903004,-0.0018563936694695636,0.6614289311079893,-6.435866608783873e-05,1.364505794256775,0.0005987986564316535,-0.0011036319610423335,0.07463781059634698,0.12752300714546183,0.15
2.25,1022845637,0.26800598874737747,0.1,0.06110799707105398,0.03144161762564348,0.027763733493870645,0.02962532279702297,-0.00020738251914130437,0.0010850422699691133,0.02956298997685707,0.13433311575578563,0.028994715009731543,0.08231146441963005,0.03298754659393364,2.7764451051977987,0.01825543056632218,0.22001106863916967,0.3213814703174567,0.02468904421339066,12.706204736432095,0.027218158605005448,0.22349963300691766,0.3137750114027593,0.036128614422780474,0.2098380873246245,0.3514049236766414,-0.006528146676188536,0.13433311575578563,-0.00033047668666752103,0.19388446592450692,-0.0003713664609806016,0.2861672411958622,-0.0018265292551871747,0.44016388314903004,0.0003800204694477715,0.6614289311079893,6.218067482345356e-05,1.364505794256775,-0.0011124489812160405,-0.0004943456325461621,0.04964039114612231,0.07615163492321159,0.15
2.25,1965604326,-0.07983910608764784,0.1,0.05686138214511626,0.03571711407678706,0.04421044267395309,0.0320103363823379,0.000694089377655475,0.00033057225765495044,0.0328586817873745,0.2431366342882323,0.03974897543918616,0.08231146441963005,0.018207901274014046,2.7764451051977987,0.0413369027091869,-0.13658727732654533,0.09295200505537383,0.03239053573206183,12.706204736432095,0.016510867170900796,-0.11081555076128399,-0.04440507988635414,0.05297136399095367,-0.13128940701059721,0.050630212112606994,-0.006963276076630157,0.13433311575578563,-0.0037619560497039934,0.19388446592450692,0.00028426094127014504,0.2861672411958622,9.834499506046883e-05,0.44016388314903004,-0.000868884652694319,0.6614289311079893,0.0006816280126921318,1.364505794256775,-0.0004167039180996402,-0.0005754674131548637,0.053483231927160035,0.08707517916653922,0.15
2.25,445843303,0.1866288989068829,0.1,0.07067646463844895,0.06816376756279713,0.08685025743096288,0.10713237227484682,0.0022009210076886585,0.00927642418154771,0.11570108936744324,0.32612014812863077,0.0764345273030835,0.08231146441963005,0.09645327706232097,2.7764451051977987,0.11871204392077869,-0.2654216406589328,0.3937733058848114,0.11491298868355113,12.706204736432095,0.08875529300548246,0.03853449504342857,0.33897878053814406,0.07638872880271606,-0.010046869642017498,0.26860364985615126,-0.00832771719966327,0.13433311575578563,0.0036235816989360118,0.19388446592450692,-0.0017980046799987923,0.2861672411958622,-0.0009404137427735642,0.44016388314903004,0.00023403920015665214,0.6614289311079893,-0.00036530622436865574,1.364505794256775,-0.0013873909857574375,-0.0004714722834568546,0.04893905366038593,0.07035209495743648,0.15
2.25,608175699,-0.07706287021428246,0.1,0.06425018484229784,0.07241056222231715,0.07830327944378204,0.06947531859397219,0.0009412526279697023,0.0038855672657642356,0.0737662038090336,0.19388446592450692,0.07931665281036537,0.08231146441963005,0.06242433202654304,2.7764451051977987,0.0730468575704724,-0.25390950892593345,0.15171167137730432,0.053393853874874525,12.706204736432095,0.05705452427073873,-0.17447465921031968,0.020348918781754752,0.08929415254792417,-0.26726724973491334,0.09183252755304537,-0.004518716913832124,0.13433311575578563,-0.0008839955358682505,0.19388446592450692,0.000756118150103784,0.2861672411958622,6.87571417426709e-05,0.44016388314903004,-0.0008727622456172216,0.6614289311079893,-0.0008601456667530387,1.364505794256775,0.0014450819490543036,-0.0012123982367796583,0.07830981871640373,0.12686483315530483,0.15
2.25,1474388838,-0.11147401090887069,0.1,0.08398600940122063,0.10991814970894122,0.1278031666956183,0.08340786333749609,0.005353198294500674,0.0016036733720257482,0.1036716384158751,0.32612014812863077,0.11400441548693192,0.08231146441963005,0.040103718857040574,2.7764451051977987,0.07235725485121312,-0.37212692878059633,0.02966496333380436,0.1165471547193318,12.706204736432095,0.03681788496687393,-0.18481710292568063,-0.043062124277463795,0.1313267632977978,-0.41995867195756204,0.07813514874817347,-0.007009768799631658,0.13433311575578563,-0.0048416330617745236,0.19388446592450692,0.0021041183648362826,0.2861672411958622,0.00036459782121754056,0.44016388314903004,-0.0013297526860299345,0.6614289311079893,-0.0007993681565917737,1.364505794256775,-0.0019804147567048513,-0.0007382480411300857,0.06067862588140044,0.067612918759332,0.15
2.25,749558641,-0.1208532645577857,0.1,0.06607592982604547,0.06323142350436613,0.07374469473989037,0.05277068314192516,0.0014162219414263376,0.0013685230578391262,0.05234899060892963,0.13433311575578563,0.0692035650391023,0.08231146441963005,0.037046974597022345,2.7764451051977987,0.08871463631101403,-0.3634924180060294,0.12913021748420622,0.032037675004989614,12.706204736432095,0.03208802368387712,-0.17988322563028317,-0.06182330348528822,0.06679187405921115,-0.23848437181008494,0.037639211238798695,-0.009004478677528795,0.13433311575578563,-0.0011024641335782347,0.19388446592450692,0.001472784718209911,0.2861672411958622,-0.0012532050555229594,0.44016388314903004,-5.138276407568691e-05,0.6614289311079893,-0.00023912379804070575,1.364505794256775,-0.0027275703674604353,-0.00019073188702671155,0.03073730482785692,0.05206925723118194,0.15
2.25,532371547,0.14875364180459097,0.1,0.06622141608311392,0.0763864344205633,0.08428220193004828,0.09524441397312418,0.001159819278472498,0.007911679114611355,0.09846895308079531,0.2431366342882323,0.07222128023572408,0.08231146441963005,0.08907606434514297,2.7764451051977987,0.08882814791201414,-0.15560783322900734,0.3376451197191881,0.09509991121795354,12.706204736432095,0.0746828468488321,0.022752632405762883,0.2782435606855386,0.08591345380566812,-0.04185701885378565,0.2888386194509783,-0.008146068939925085,0.13433311575578563,-0.0006519855762017855,0.19388446592450692,0.0006813663638674608,0.2861672411958622,0.0008901096528884592,0.44016388314903004,-0.00035906828219505913,0.6614289311079893,-0.0010434347268656135,1.364505794256775,-0.00019929031147861888,-0.0007233378404585286,0.059836492862149565,0.0892633407410174,0.15
2.25,391318659,-0.09130411543816075,0.1,0.059148398554774266,0.04374270664487988,0.04433002471717739,0.03287455057283792,0.00019430261688535263,0.0008864334584807253,0.03328781646497598,0.13433311575578563,0.046640345336029815,0.08231146441963005,0.029816025974172336,2.7764451051977987,0.10453214985003412,-0.23349601826940836,0.34695953330445173,0.033167985955280574,12.706204736432095,0.026081924246967307,-0.13596561081146774,-0.0466780922234257,0.051933824845941674,-0.1663042527653559,0.02899095134557072,-0.007559390470651822,0.13433311575578563,-0.002841957005125987,0.19388446592450692,-0.0005479496474724774,0.2861672411958622,0.0010325614481011124,0.44016388314903004,-0.0005798482925603636,0.6614289311079893,-0.0002474559392158829,1.364505794256775,-0.0014606640413744201,-0.00041064245410475897,0.04535670283979776,0.05211688634586732,0.15
2.25,565260587,0.1048217700013397,0.1,0.0515267213974493,0.02133416388706047,0.018527467283801693,0.018509393043802426,-0.00011646704421834094,0.0004590646750683026,0.019007160038362197,0.13433311575578563,0.02114238405479684,0.08231146441963005,0.021456734411038434,2.7764451051977987,0.06516378787541813,-0.05191199575333985,0.30993536401236477,0.014602119582765279,12.706204736432095,0.01720169637682903,0.08039502525372641,0.14244062257538073,0.0651675502766321,0.026464038664819847,0.26618933914888593,-0.009423359594608762,0.13433311575578563,0.0031330595628901005,0.19388446592450692,-0.0031467952506496026,0.2861672411958622,0.0012218943551065063,0.44016388314903004,-0.0003568583778136264,0.6614289311079893,-0.0005420729559217213,1.364505794256775,0.0005119641985304814,-0.0009591808580184829,0.06981846304399841,0.11197274929221918,0.15
2.25,1982485518,-0.05997829272289041,0.1,0.07776865671566005,0.07590214104645138,0.0910178698787196,0.07877692083786561,0.002918547515627535,0.0032872557410678098,0.1014022092146396,0.32612014812863077,0.08058611659746931,0.08231146441963005,0.0574173883088028,2.7764451051977987,0.11879281093873474,-0.45889917340393216,0.20074426352314298,0.10045643628059342,12.706204736432095,0.0512055971471933,-0.1426704558157742,0.022713870369993387,0.10210851900089586,-0.22420335987760404,0.19626414100910117,-0.008448837956623793,0.13433311575578563,-5.7905665535568166e-05,0.19388446592450692,-0.0013862736893157908,0.2861672411958622,0.0007149199895793073,0.44016388314903004,-0.0011209182628515214,0.6614289311079893,-0.00022714804056638964,1.364505794256775,-0.0025165579212951972,-0.00040891897714856565,0.04501493781890455,0.056822442569556,0.15
2.25,88166089,0.08532635531601719,0.1,0.05670292462290906,0.04973160397982466,0.04947437005233374,0.05199392008848848,0.00022722330406288503,0.002476144422105241,0.05234877977117933,0.13433311575578563,0.050456394842769474,0.08231146441963005,0.04983272929385195,2.7764451051977987,0.08209717593267922,-0.29555980005016946,0.16031680448753008,0.041197854826770186,12.706204736432095,0.043693152746031916,0.012019461728005526,0.14601069154577664,0.08298548592853355,-0.12297375840072347,0.15567857589147416,-0.0054632327823035355,0.13433311575578563,-0.0005058296552008364,0.19388446592450692,0.0005088872794146042,0.2861672411958622,-0.00015097640729829444,0.44016388314903004,-0.0008891907562909888,0.6614289311079893,0.0002777796876158706,1.364505794256775,-0.0021672341807183423,-4.22531343155117e-05,0.0145207727349243,0.022787766528894554,0.15
2.25,561505229,-0.46446082057141497,0.1,0.06085744497853512,0.027389521382913656,0.031360186103284164,0.03113379542704628,0.00017312646852752852,0.0007961867491656393,0.03157879506939674,0.2431366342882323,0.031031112106012122,0.08231146441963005,0.028257527615447794,2.7764451051977987,0.10408889682281619,-0.7897544039838967,-0.21176018780560335,0.025827295826420956,12.706204736432095,0.023565700716831152,-0.5029425355464551,-0.4169349186975831,0.054941521554073836,-0.6454833588810109,-0.4313147043914159,-0.008967517663390129,0.13433311575578563,0.0023744009796053474,0.19388446592450692,-0.001829936961370532,0.2861672411958622,-0.0004798141427568926,0.44016388314903004,0.00023313012703360386,0.6614289311079893,-0.00016273990572511436,1.364505794256775,-0.0017674336503718064,-0.00029663637639831684,0.03875910809222713,0.05435320358507611,0.15
2.25,1396316816,-0.06098650943183291,0.1,0.06901105154430366,0.033984453258529945,0.04290547691412593,0.027828626336873916,0.0006225756420747486,0.00015185680172260407,0.036930071715234714,0.32612014812863077,0.039567243419351104,0.08231146441963005,0.012340814163301045,2.7764451051977987,0.023934807013551884,-0.18234344191610696,-0.04943608636284684,0.042355678009342444,12.706204736432095,0.010878361820650422,-0.07894539897791975,-0.03975617765542493,0.061887130534099034,-0.2572984521100617,-0.0070521261071898305,-0.010565367843867563,0.13433311575578563,-0.001682815615242789,0.19388446592450692,0.001160198935006343,0.2861672411958622,-0.00035557895789188355,0.44016388314903004,-0.00034240944555756844,0.6614289311079893,4.952463782860265e-05,1.364505794256775,-0.00033181286252204046,-0.0007355950252616242,0.06088255186271023,0.09976908901361,0.15
2.25,963870412,0.10384946645835239,0.1,0.05385865617408661,0.04081222376197065,0.048055961765656866,0.054348704910261836,0.0006009709974696624,0.0023528107279530567,0.05307326508849931,0.13433311575578563,0.04300827959042284,0.08231146441963005,0.04857582484074461,2.7764451051977987,0.12184800311031596,-0.19900573621939782,0.47760284740812803,0.04672493363348592,12.706204736432095,0.04152593177938311,0.03554221689907078,0.16952000277387075,0.08257087236699502,-0.16385706888004473,0.16336202911703834,-0.007518004432961258,0.13433311575578563,-0.00269625757618604,0.19388446592450692,-0.00012801280938233272,0.2861672411958622,-0.0002568384813842942,0.44016388314903004,0.0002291700765879465,0.6614289311079893,-3.4967780959008385e-05,1.364505794256775,-0.0009192435929613114,-0.0004194228895980825,0.045802082754242184,0.06477721435480303,0.15
2.25,245393431,-0.03838248368627193,0.1,0.06631696874579233,0.038908274197191874,0.043508519897864174,0.028371807957327348,0.00033129400544058395,0.00047366548132687957,0.03023615727675017,0.13433311575578563,0.047583650021669255,0.08231146441963005,0.02179528519442764,2.7764451051977987,0.024888910958395617,-0.08967787451552899,0.048527515492753734,0.0218421497520263,12.706204736432095,0.018055208208720128,-0.07191187160929775,-0.004853095763246121,0.0751089413627005,-0.19937183234503258,0.11194642989984374,-0.004251921650861067,0.13433311575578563,-0.0029170777522352846,0.19388446592450692,0.0014831493210837436,0.2861672411958622,-0.0016006067451644489,0.44016388314903004,-0.000260340538373378,0.6614289311079893,-4.522582161252567e-05,1.364505794256775,-0.0003968087381137328,-0.0006837227048106908,0.05821499055433216,0.08289675481647213,0.15
2.25,1147784924,-0.047204672783962245,0.1,0.057183409295734657,0.045088538706408055,0.04264291224078234,0.0400626804156296,0.00050617836285597,0.0010988399992289013,0.05009130956873578,0.32612014812863077,0.04092914093125441,0.08231146441963005,0.03319662388522306,2.7764451051977987,0.09531798999136978,-0.2533348460910008,0.27595548740666204,0.05352717422499115,12.706204736432095,0.02988310094413538,-0.09284062090187713,0.00034521248884739454,0.10202415503968112,-0.22010426833256722,0.2086342035574374,-0.005105125511700503,0.13433311575578563,-0.0003721444990460306,0.19388446592450692,0.0022355406535023424,0.2861672411958622,-0.0010993779844096464,0.44016388314903004,-0.0008127890501552185,0.6614289311079893,-0.0002703974725636428,1.364505794256775,0.00399228259368541,-0.001725890279938066,0.09261469532807501,0.11458650676341965,0.15
2.25,509912621,0.23003749231033985,0.1,0.06768437574328112,0.03848762529481593,0.04529653435272181,0.052674606754263484,0.0005522480216907288,0.0022223661750255717,0.05990910976728617,0.32612014812863077,0.04021999157942616,0.08231146441963005,0.04721005399968117,2.7764451051977987,0.11150751037734621,-0.005537118512699668,0.6136518442472516,0.06405847463455001,12.706204736432095,0.04283375564519266,0.15208518122593234,0.2934405322918615,0.0471632382972173,0.12298142540137988,0.31230724500705886,-0.008786671858651094,0.13433311575578563,0.0025397538429054113,0.19388446592450692,0.0015977582065227318,0.2861672411958622,9.99333881900655e-05,0.44016388314903004,-0.0007212861183370401,0.6614289311079893,-0.0011261753265697303,1.364505794256775,0.0009016520203935527,-0.0010787634053691234,0.07309349528192124,0.12863956456972744,0.15
2.25,1632517988,0.1787085755158811,0.1,0.06710197428126541,0.14907090274441592,0.15209378359976428,0.1571634338409586,0.001694802019756067,0.023005542916925303,0.1627891783920347,0.32612014812863077,0.149837376771782,0.08231146441963005,0.1518948087505156,2.7764451051977987,0.0864173883943728,-0.09299598897073172,0.3868702810523351,0.16668944790869306,12.706204736432095,0.13758101255654226,-0.03954926468544024,0.38318633681864017,0.1610855718494026,-0.07573025312852932,0.4319723055074695,-0.005989579730281573,0.13433311575578563,-0.0021472908468041295,0.19388446592450692,0.0008546916468468688,0.2861672411958622,-0.0005845926260021127,0.44016388314903004,-0.0009509149730005493,0.6614289311079893,0.0004896771969273087,1.364505794256775,0.0012986653690220309,-0.0010430373170432035,0.07259856732317116,0.11853748624110584,0.15
2.25,1595322467,0.2805232097825923,0.1,0.06388314241805826,0.09617481604657474,0.13041242590149882,0.11817314059769374,0.007399248894292512,0.006565642264429778,0.11685436314771416,0.19388446592450692,0.11668683764210024,0.08231146441963005,0.08114565982925186,2.7764451051977987,0.08460724926490638,0.09060023866609679,0.5604150048376956,0.09941509717014789,12.706204736432095,0.06407811893415465,0.13908860117502472,0.3749296292780273,0.10391396478553132,0.10145408394253083,0.4962690835586495,-0.005240768993683964,0.13433311575578563,3.374349453333785e-05,0.19388446592450692,-0.000872431926038104,0.2861672411958622,-0.00013397021467793867,0.44016388314903004,-0.000925345419529739,0.6614289311079893,-0.00029057326837777977,1.364505794256775,0.0011491920596097508,-0.0011412442446059358,0.07584004907448309,0.12284717348423717,0.15
2.25,573042362,0.4224693810022925,0.1,0.06174870074162774,0.050587731010366975,0.05835725495655594,0.09595498508699123,0.0013749348612050452,0.007832424301839664,0.10359628828362523,0.32612014812863077,0.05116258796936234,0.08231146441963005,0.0886287840732109,2.7764451051977987,0.12318190539735142,-0.14070561925100245,0.5433099773278269,0.10176103822102969,12.706204736432095,0.07301010750328053,0.29485690217129035,0.5500818598332946,0.06505119265379986,0.2501537965841349,0.4989005148790046,-0.0073112683761503055,0.13433311575578563,-0.0018334053459232458,0.19388446592450692,-5.2127481833315404e-05,0.2861672411958622,0.0012312875245354886,0.44016388314903004,-0.0010072362417816898,0.6614289311079893,-0.0003616284646455251,1.364505794256775,-0.0018786785014084074,-0.0003173310571301947,0.0396144695499978,0.06591519033549281,0.15
2.25,2143810409,-0.2687416217754589,0.1,0.0657487969581098,0.04125905477217333,0.05152736062608242,0.07505866395843572,0.0009426465075346722,0.004691156527690704,0.07641912914483232,0.32612014812863077,0.04596517856168123,0.08231146441963005,0.06859092347789963,2.7764451051977987,0.13932290522854857,-0.6548131899684125,0.11883160655906844,0.07433334001782592,12.706204736432095,0.058220004213151336,-0.3566698165149618,-0.13779801890539023,0.08710952110166781,-0.42418193240327934,-0.057404953611284976,-0.004784869078132463,0.13433311575578563,-0.005019947546230621,0.19388446592450692,0.0023103372096066055,0.2861672411958622,-0.00041123822550850897,0.44016388314903004,-0.0012276338515877713,0.6614289311079893,0.00014890333875118453,1.364505794256775,-0.0019614188788991747,-0.0003480182237884298,0.04201781819159586,0.0642996937501249,0.15
2.25,723963274,0.3343952587797273,0.1,0.0701070293143572,0.061019983024246945,0.08716077058913653,0.10209377582045495,0.004208140815599327,0.006214998245677983,0.11008084620053438,0.2861672411958622,0.07616852175108645,0.08231146441963005,0.07894910175773598,2.7764451051977987,0.13537744459076045,-0.10016320518057664,0.6515728815958295,0.10147128555624882,12.706204736432095,0.0717774584532961,0.19944953907571072,0.4693409784837439,0.07879951093685555,0.11558086756576003,0.4751434251343294,-0.0071072699580498454,0.13433311575578563,-0.0007625580146000714,0.19388446592450692,-0.0007183357904151193,0.2861672411958622,-0.001383965728311025,0.44016388314903004,-6.04083441554536e-06,0.6614289311079893,1.6042284506457513e-05,1.364505794256775,-0.0014277273782233209,-0.0005683002221885883,0.053009296669528416,0.08251504896914238,0.15
2.25,1721052466,0.20931486169924562,0.1,0.07004577344493482,0.058764770135066875,0.07058909982680066,0.0571583223146746,0.0015325866411988152,0.0017344871686294132,0.05923742077998111,0.19388446592450692,0.062386726661590834,0.08231146441963005,0.04170731515363791,2.7764451051977987,0.02801198825184196,0.08769346394261392,0.24324095927998363,0.05820001174804528,12.706204736432095,0.03468306494815953,0.14725123908956306,0.2681315632300484,0.08232403541897192,0.0027790609621782016,0.2775664698255587,-0.010671058577210553,0.13433311575578563,-0.0009181604080025225,0.19388446592450692,0.0007191809511715835,0.2861672411958622,-0.0014596741465313149,0.44016388314903004,-0.0001243150456870223,0.6614289311079893,0.00041143357190751115,1.364505794256775,0.0006888069736558632,-0.0010402939804255449,0.07266449372874398,0.11792324871313208,0.15
2.25,494760015,0.18763307051040104,0.1,0.0641874628556987,0.06641040873395346,0.09322793099297329,0.08258409835081922,0.004541088967312251,0.0022790443331055293,0.09092269424068425,0.32612014812863077,0.07929279110089917,0.08231146441963005,0.04780827508327614,2.7764451051977987,0.05000292311879198,0.012961730559041151,0.29062247283654485,0.08937094225786178,12.706204736432095,0.04522491104376832,0.10281219347150732,0.27245394754929475,0.07438524238190157,0.013301696153976644,0.30949375943991736,-0.002816480086746062,0.13433311575578563,-0.0018113867535771997,0.19388446592450692,-0.00019855564041118418,0.2861672411958622,0.0006895030866171849,0.44016388314903004,-0.0005338477577395474,0.6614289311079893,-0.0013146569573676105,1.364505794256775,0.002360762221089354,-0.0014355908601332865,0.08438310459935416,0.13182873395102745,0.15
2.25,1195828260,-0.05260673654492424,0.1,0.06432349872328408,0.0791047325431883,0.084089262251585,0.08352369276429081,0.0011528611108658241,0.005823346142117821,0.0915967785996294,0.32612014812863077,0.07947285873538341,0.08231146441963005,0.07642104829363018,2.7764451051977987,0.09277710613131429,-0.33008601385797975,0.18509507052742868,0.09211052090571807,12.706204736432095,0.07090770581473506,-0.1734449560859494,0.06823148299610088,0.08888445486765818,-0.2339853483096289,0.12077838551516486,-0.0013180832897764308,0.13433311575578563,-0.008845483137165074,0.19388446592450692,0.0009515592413855002,0.2861672411958622,-0.001028808965403956,0.44016388314903004,-0.00030079441592164094,0.6614289311079893,8.071978577683752e-05,1.364505794256775,-0.001717091011563855,-0.00043090151990126833,0.046531110343535714,0.06276610033642425,0.15
2.25,1367965973,-0.24296133905594322,0.1,0.056145087188564535,0.03243370813421686,0.030206298198115676,0.03091331176223067,-0.00010129573299164367,0.0010569285771005127,0.032124457649950616,0.13433311575578563,0.031464084930585036,0.08231146441963005,0.032557384476808726,2.7764451051977987,0.1935822621450732,-0.6777595563435437,0.39718149202806763,0.023769558108437103,12.706204736432095,0.031079090071564203,-0.29888265798910585,-0.1883983193977274,0.06891278682329778,-0.3190296350823171,-0.1706137978796098,-0.00776044960479527,0.13433311575578563,-0.002441346706747318,0.19388446592450692,-0.002995909765098492,0.2861672411958622,0.0003751524876554863,0.44016388314903004,0.0004916854121497576,0.6614289311079893,-0.0005000931024615716,1.364505794256775,-0.0024267405284057893,-0.0003216070085032308,0.04017033635621587,0.045663515810995196,0.15
2.25,186340834,-0.13628105042970778,0.1,0.06805593481647246,0.07348688511242422,0.0829468592796742,0.07658601783659358,0.003542272321093386,0.002323145806973644,0.08339882614294336,0.32612014812863077,0.07657634711468164,0.08231146441963005,0.04826862439736037,2.7764451051977987,0.10993417388608011,-0.35271961261773416,0.2577327853422074,0.08725898589354608,12.706204736432095,0.042667489944283814,-0.2171024753197879,-0.055459625539627695,0.1027201334061918,-0.2310608832452569,0.15900398941432947,-0.005721581644191661,0.13433311575578563,-0.004361361086456142,0.19388446592450692,-0.0008683411895042221,0.2861672411958622,0.00043985645339263043,0.44016388314903004,-0.0006188349421005818,0.6614289311079893,0.0001192081042412353,1.364505794256775,0.003227153256067026,-0.0016309812646822844,0.09014510074116594,0.1344986370626724,0.15
2.25,1611607489,0.1821600766492297,0.1,0.06257671249627227,0.030162601928884574,0.04387972159912661,0.050341506819172585,0.000705889487790119,0.0018283778210346812,0.05103147108127261,0.19388446592450692,0.03915518495557677,0.08231146441963005,0.04282128150811473,2.7764451051977987,0.11553460770350317,0.01571768194249923,0.6572686740211777,0.05190938326372527,12.706204736432095,0.03525959889631563,0.11709216805121701,0.24866839207769723,0.09285351116400856,0.1447389613605796,0.4442103143708974,-0.005979087797140362,0.13433311575578563,-0.0013241234677936762,0.19388446592450692,0.0005256120818333472,0.2861672411958622,-0.001595846303837869,0.44016388314903004,0.00017715685507215616,0.6614289311079893,-3.9101426506684385e-05,1.364505794256775,0.000527074491140056,-0.0008645947867174243,0.06597534936319208,0.09862029776350688,0.15
2.25,989519776,-0.029905267356961134,0.1,0.06099607513877063,0.03574412708343952,0.035284522869110685,0.028012361890789112,-0.00019538064235669777,0.000980073061057232,0.02921893231021155,0.32612014812863077,0.03634511228920474,0.08231146441963005,0.03135132600319408,2.7764451051977987,0.18731099678635973,-0.49322190272485755,0.5468954976295607,0.028917039534564596,12.706204736432095,0.025147475543521945,-0.07851843442462758,0.019657303709331303,0.07014574411142707,-0.15785775480669464,0.12178461409803513,-0.007491668661605566,0.13433311575578563,-0.0021310391983293737,0.19388446592450692,0.0010227305933783422,0.2861672411958622,-0.0009517695188199249,0.44016388314903004,-0.0004998492574144645,0.6614289311079893,0.0005064199290362379,1.364505794256775,0.0024009304907049197,-0.0012976155187574363,0.08082612816814354,0.12379930269018338,0.15
2.25,1388731689,-0.060800950674781556,0.1,0.07093361614466953,0.049446840206751635,0.07989819027550304,0.07793880201861986,0.004725062257290054,0.0013493946028075683,0.09760596822918172,0.32612014812863077,0.0633200695149516,0.08231146441963005,0.036787152474862014,2.7764451051977987,0.10352565401876143,-0.2250728657881592,0.34979372493742283,0.1087376249341872,12.706204736432095,0.03444075781548892,-0.12286495934568745,0.0012630579961243078,0.09597320741862916,-0.14788903141330176,0.21093481210645829,1.758776881769969e-05,0.13433311575578563,-0.006797811169222221,0.19388446592450692,-0.0008711618549435179,0.2861672411958622,0.002462592835447308,0.44016388314903004,-0.0006517363770403343,0.6614289311079893,-0.002228202397669948,1.364505794256775,0.0023780674354338008,-0.0015829179423589562,0.08885003763645288,0.11462954571244494,0.15
2.25,782859320,0.5226744186599518,0.1,0.06719053088248558,0.06149210445093453,0.08374987052099954,0.07689403834166661,0.003437416730622684,0.0024752764018670104,0.08342977788097136,0.2431366342882323,0.06974171784888573,0.08231146441963005,0.04982399401801394,2.7764451051977987,0.05357018563011297,0.39882688737644567,0.6962962467309749,0.08199256651500006,12.706204736432095,0.04487812931170421,0.43402499048456644,0.6049352781716442,0.06568322552597537,0.38752849316159993,0.648909686028289,-0.007634034677134251,0.13433311575578563,-0.001510143150683966,0.19388446592450692,-0.0007423160478835212,0.2861672411958622,-0.0008168608659947269,0.44016388314903004,0.0011001153790271738,0.6614289311079893,-0.0010207637236840054,1.364505794256775,-7.534917179598714e-05,-0.0008279598496532213,0.06466203292982246,0.10644705338339361,0.15
2.25,729002192,0.26341769568029844,0.1,0.050547807215134244,0.035684152789170365,0.04445902461652337,0.04816763184534361,0.0008194334208097085,0.0015006873367788512,0.04819985500245877,0.13433311575578563,0.042516257728202236,0.08231146441963005,0.03879464632416361,2.7764451051977987,0.041650941079200025,0.07649748940982547,0.3077805923822791,0.04126911568996122,12.706204736432095,0.03433145718854124,0.20231674303385214,0.3245186483267447,0.10263318269946142,-0.04679281367621417,0.3091140220039846,-0.0038441323803295783,0.13433311575578563,-0.0051938791997056515,0.19388446592450692,-0.0007031537794053351,0.2861672411958622,-0.0003627293824469698,0.44016388314903004,-0.00013778499930904538,0.6614289311079893,6.293393991579006e-05,1.364505794256775,-0.0007208267148401968,-0.0005954860790436329,0.05502488844262334,0.0855008771213747,0.15
2.25,909849662,0.36116736931918325,0.1,0.05395715837298578,0.073080891076262,0.10199633354491695,0.09743740398105201,0.005296055889488069,0.004197991805078659,0.09790710884862686,0.13433311575578563,0.09590499628161993,0.08231146441963005,0.0648854739473389,2.7764451051977987,0.10460882475943857,0.1021697025744237,0.6830510215020987,0.05560499220102219,12.706204736432095,0.0585206566484463,0.25355074687649976,0.46878399176186675,0.08919444680966973,0.2383981580565766,0.5825988469448649,-0.0035363227685686776,0.13433311575578563,0.002048609592505301,0.19388446592450692,0.000904294767197651,0.2861672411958622,-0.001372039677463899,0.44016388314903004,-0.0018053879085593585,0.6614289311079893,0.0007383938192263422,1.364505794256775,-0.0010540939665464192,-0.0004612865108659713,0.04833637877206352,0.0803390041429161,0.15
2.25,72394441,-0.19602331484697802,0.1,0.07231443822627043,0.05697379717941344,0.07478520449407931,0.0642984824278666,0.0021537013823480122,0.0019805934601786566,0.06578402419031412,0.19388446592450692,0.07013514061992095,0.08231146441963005,0.044568124469558795,2.7764451051977987,0.05710473598985918,-0.35033659466319195,-0.03324026521787776,0.05099162915338396,12.706204736432095,0.04074796970012572,-0.27266268579754016,-0.11857020793925206,0.061666006202014505,-0.3007449534262022,-0.03871527278609944,-0.005813023314773441,0.13433311575578563,0.001936148540664088,0.19388446592450692,3.859119608412993e-05,0.2861672411958622,-0.0006635858206513126,0.44016388314903004,-0.0011075826711602957,0.6614289311079893,-6.839141898463882e-05,1.364505794256775,-0.0029203016077159363,-9.167953667443134e-05,0.02145842373383776,0.03179516296051718,0.15
2.25,1837102703,-0.02946653628616873,0.1,0.05892519281431435,0.05033769980745691,0.05495994547444983,0.05784132891351735,0.0007521133437175627,0.0025935059867641355,0.0579919790183355,0.13433311575578563,0.05294445387936039,0.08231146441963005,0.0510000163608484,2.7764451051977987,0.08273351990887769,-0.21351725802337915,0.24589289475019702,0.045261104331349486,12.706204736432095,0.04603023232980995,-0.11278248273001439,0.05351495628719889,0.05014995533942525,-0.11422506675773136,0.07237251535648836,-0.011509871894830255,0.13433311575578563,5.816939850186895e-05,0.19388446592450692,0.0012405057766196996,0.2861672411958622,0.0008462212695206878,0.44016388314903004,-0.0003536021096122869,0.6614289311079893,-0.0008221671685243437,1.364505794256775,2.4829274388228914e-06,-0.0007835764723621773,0.062418596046321745,0.10837077042072563,0.15
2.25,2136370359,-0.23549709854662404,0.1,0.07539221383528212,0.09056395271706148,0.11547637933085875,0.1432398769489642,0.004673283569489071,0.015844378778865336,0.1506952786255948,0.2431366342882323,0.10051399133661716,0.08231146441963005,0.1260562246821489,2.7764451051977987,0.12410888807032448,-0.47904639528066983,0.2101166343081179,0.15259062768208148,12.706204736432095,0.11503724683373692,-0.40176427382766905,-0.07042015880159738,0.11395856472834201,-0.3575412486294393,0.1008651672089694,-0.007734927523491568,0.13433311575578563,-0.008520741584693986,0.19388446592450692,0.002301291358024287,0.2861672411958622,-3.265361418348919e-05,0.44016388314903004,-0.0006971139682910022,0.6614289311079893,0.00011936788339989489,1.364505794256775,-0.0017975103970365874,-0.0005087096577013195,0.05018557783057559,0.08222106987278535,0.15
2.25,500349110,-0.37619536601675374,0.1,0.06277968115168264,0.07324389280348027,0.08626726785713631,0.08244865467519803,0.002221071821926158,0.004576708835823896,0.08335745190029394,0.19388446592450692,0.0803598848399665,0.08231146441963005,0.06774906876118932,2.7764451051977987,0.08602399385609819,-0.6655176026727722,-0.18783580933011354,0.06565931794897516,12.706204736432095,0.061812125029542364,-0.4741302677941116,-0.2703663315130131,0.09384172155768096,-0.5996499572305387,-0.2583370125574804,-0.006677146726073086,0.13433311575578563,-0.003185840513658414,0.19388446592450692,-0.0013382193598598983,0.2861672411958622,0.000568196255147287,0.44016388314903004,-0.00018059919685519088,0.6614289311079893,-8.422005119778709e-05,1.364505794256775,-0.002041399412665864,-0.00022750735424646878,0.03389249562440119,0.0440849153682019,0.15
2.25,804554796,-0.342458525307208,0.1,0.06515896554300449,0.0355913622509464,0.034460033719329375,0.010748376997336362,-4.6341067267524974e-05,0.0001618686753443944,0.012625779755068638,0.13433311575578563,0.03571750144777568,0.08231146441963005,0.012741134324927756,2.7764451051977987,0.07522171026104174,-0.5562942655845309,-0.13859636706677808,0.013371479857748492,12.706204736432095,0.010716779513156438,-0.36161581651014996,-0.32330123410426603,0.07791332649063802,-0.5022834930446491,-0.13135451412775967,-0.005200485604114346,0.13433311575578563,-0.0021991969534867427,0.19388446592450692,-0.0028506152579070338,0.2861672411958622,0.0008005474107878607,0.44016388314903004,0.0003599402714682809,0.6614289311079893,-0.0008489835158313197,1.364505794256775,0.0013102745307789156,-0.0011224565945476444,0.07479123445604101,0.11492246103129437,0.15
2.25,648522904,-0.03149345447850033,0.1,0.07099049044145654,0.058455902497890705,0.06243549376752177,0.06114390172142924,0.0005107627102026546,0.003227814007517143,0.06221046364844588,0.13433311575578563,0.06827768077572235,0.08231146441963005,0.056895895719598265,2.7764451051977987,0.1367928831875555,-0.40784176057719584,0.3517541013267696,0.04689620424217694,12.706204736432095,0.047301964754678016,-0.1277455945143675,0.03396967641275772,0.07824713470629023,-0.24105213360542269,0.06499604708052169,-0.011623138706840784,0.13433311575578563,-0.005142225413119975,0.19388446592450692,0.002228307370335295,0.2861672411958622,-0.00078043577282928,0.44016388314903004,-5.1702831198159164e-05,0.6614289311079893,-2.5849798023297555e-06,1.364505794256775,-0.003648392979813587,-7.514867993229092e-05,0.019324044653289688,0.03230287515852113,0.15
2.25,586006601,-0.23260669475006318,0.1,0.0771058099755735,0.10621183690458895,0.13225337989239533,0.14723202044279815,0.006581502679433198,0.015095765164235336,0.16416759479766252,0.32612014812863077,0.11239333599751164,0.08231146441963005,0.12304224698583299,2.7764451051977987,0.14313375492972497,-0.6631718270512053,0.13163419947522714,0.15409596782011178,12.706204736432095,0.10961821733002577,-0.41705545988616644,-0.020950414932705306,0.10390195002549407,-0.4252668759307675,-0.004989010404730019,-0.007947045998563433,0.13433311575578563,-0.0035070948745168913,0.19388446592450692,0.0005662317455233106,0.2861672411958622,0.0005280177063234622,0.44016388314903004,-0.0009064993436236003,0.6614289311079893,-7.128027617814267e-05,1.364505794256775,0.0003252495060004507,-0.0009652480331591656,0.06928906579598443,0.08521654574479574,0.15
2.25,1657835558,-0.0033597688925562173,0.1,0.07121859080157822,0.0676154033002585,0.08091202077091654,0.0602675528060925,0.0017408677059085236,0.0018913102153266248,0.07183739060151285,0.32612014812863077,0.07511024577324224,0.08231146441963005,0.04355199685228898,2.7764451051977987,0.08583930320076458,-0.3726841077459254,0.1039721186647797,0.07674770969867023,12.706204736432095,0.039615570203205656,-0.06692132433394506,0.0602017865488326,0.114692043774128,-0.3433079302097476,0.08665638758083341,-0.007304168559020446,0.13433311575578563,-0.0017986533710510802,0.19388446592450692,-0.001900604089863938,0.2861672411958622,0.0014406854929948972,0.44016388314903004,-0.0010210603592298053,0.6614289311079893,-0.0003072086051849147,1.364505794256775,-0.002476552462800465,-0.00033009243022186983,0.04072067323223924,0.05491952428204679,0.15
2.25,88312952,0.00746779695005384,0.1,0.07249554292186182,0.056449822614216244,0.0581878353288919,0.0456795722976269,0.0005035621250798956,0.001583061200214227,0.045344119728310504,0.13433311575578563,0.0590537506289027,0.08231146441963005,0.03984515681487689,2.7764451051977987,0.07165616527365806,-0.18596505234394164,0.21193376631864316,0.03510147400851347,12.706204736432095,0.03845460202325575,-0.0664949039479511,0.08143049784805878,0.05520846627394824,-0.09790835844668976,0.10312891915032807,-0.005027951767365758,0.13433311575578563,-0.0027104221112071755,0.19388446592450692,-0.001039610822079945,0.2861672411958622,-0.00017782385056859133,0.44016388314903004,0.0005075035481284271,0.6614289311079893,-0.001243957823363389,1.364505794256775,-0.0002510778322174712,-0.0008702838962885716,0.06594982977762817,0.10110171812036231,0.15
2.25,819908644,-0.07130757008556836,0.1,0.05857016479854104,0.06180574711282544,0.0656648068904516,0.060902924700440814,0.0004699021927425471,0.0032392640443250163,0.06159315083385364,0.13433311575578563,0.0650162506701511,0.08231146441963005,0.056996719898036285,2.7764451051977987,0.12973819339961476,-0.2428123595842965,0.47760958445883506,0.04232662107454086,12.706204736432095,0.04929044572213199,-0.14810690508341162,0.012359920311331103,0.12304008651651926,-0.13750241418215317,0.2932970765296288,-0.008490589827460043,0.13433311575578563,-0.0017239792789233155,0.19388446592450692,-0.0009189593027549764,0.2861672411958622,-0.00010150572909743519,0.44016388314903004,0.00021603202794573135,0.6614289311079893,-9.402832593687519e-05,1.364505794256775,-0.0015315157385596312,-0.0003492798767454767,0.041956539182551066,0.06350287543769294,0.15
2.25,1195526001,-0.0815695859361565,0.1,0.06606363241442888,0.04693179080030397,0.04989141193430676,0.040592393753162336,0.0003231162815550792,0.0013246261490566934,0.041873927511097135,0.13433311575578563,0.04949536157098203,0.08231146441963005,0.03644797042815173,2.7764451051977987,0.08503184985314133,-0.3689149607557518,0.10325756586558496,0.008975949115793209,12.706204736432095,0.03653199398297302,-0.1434720813451819,-0.019667090527131087,0.10147189087613272,-0.3111567161270391,0.15070493078891628,-0.0023272928698008506,0.13433311575578563,-0.001990362386137345,0.19388446592450692,-0.0004464232171937714,0.2861672411958622,0.0006044151001345302,0.44016388314903004,0.001207931470087519,0.6614289311079893,-0.003043870610523411,1.364505794256775,0.0014264406061377884,-0.0011916338781846043,0.07771802546623519,0.13078026740488982,0.15
2.25,547663077,0.11247608683155196,0.1,0.059588501856942915,0.0720432998420108,0.04814528129231901,0.06279049623275619,-0.0029307396039505267,0.006873386021106296,0.06468880879971908,0.13433311575578563,0.0641425596783962,0.08231146441963005,0.08302560628278449,2.7764451051977987,0.10701442100048736,-0.19815995739178194,0.3960793733529774,0.05319579737143945,12.706204736432095,0.07020787187875069,-0.015983841011316426,0.23747021329950502,0.07067581654014976,-0.016083437966865073,0.25338216531599017,-0.004875386497964054,0.13433311575578563,-0.001264429530244928,0.19388446592450692,0.002421451737377522,0.2861672411958622,-0.000634538764604054,0.44016388314903004,-0.002278276823463257,0.6614289311079893,0.0006499392661498648,1.364505794256775,-0.0011080177847634656,-0.0005756844918155346,0.05355896418629549,0.08381476688761053,0.15
2.25,932045019,0.12980085949135803,0.1,0.07159025280111737,0.052535307568573074,0.07136225828201732,0.06868827773403971,0.0013094723671178963,0.0034086071309506792,0.0821274652766422,0.32612014812863077,0.06367607271566088,0.08231146441963005,0.058467585862998224,2.7764451051977987,0.05466193048094935,-0.12110510995150113,0.1824265886974872,0.087187434774511,12.706204736432095,0.05216636452317322,0.04183803791965941,0.21267079772148478,0.09821879309798004,-0.1561165679695065,0.19832816937369302,-0.005473055295435038,0.13433311575578563,-0.0038905768050726446,0.19388446592450692,-0.0008882188766607155,0.2861672411958622,0.00036154486364434207,0.44016388314903004,-0.0011826289111640043,0.6614289311079893,0.00013338554784726028,1.364505794256775,-0.0006628526238812773,-0.0008386159445429304,0.06481747879753903,0.07503976629581575,0.15
2.25,354842427,-0.024478615406075398,0.1,0.072207007065086,0.07202562439586806,0.09920247702263138,0.09484878719277351,0.005672955740099577,0.0033233366918404604,0.10673280818625748,0.32612014812863077,0.08412498840572077,0.08231146441963005,0.05773163527201562,2.7764451051977987,0.07897503679327644,-0.25212134813593906,0.18641836053907784,0.10855463725512772,12.706204736432095,0.0538918362098724,-0.12209204016759441,0.08775244311826685,0.07721037866232139,-0.16402442985609925,0.1486430606567662,-0.006768186488951101,0.13433311575578563,-0.0017531467756960032,0.19388446592450692,-0.0004430373955257445,0.2861672411958622,9.14414787544115e-05,0.44016388314903004,-0.00018356970410558958,0.6614289311079893,-0.0008176253902091798,1.364505794256775,-0.0011037266032400417,-0.0006687768284023516,0.057750216280996636,0.09412921728383188,0.15
2.25,1971984169,-0.11135590085581251,0.1,0.06089006435000367,0.06602039586587502,0.07223919707038988,0.08285267266836994,0.0005940748155230848,0.0062704905527689704,0.09226305133831761,0.32612014812863077,0.06942998038183787,0.08231146441963005,0.07930077778833432,2.7764451051977987,0.06279743282079525,-0.43922490013619075,-0.09051765018762159,0.09778881745341142,12.706204736432095,0.06974044978397555,-0.22054091907219436,-0.00217088263943066,0.14229988458770282,-0.5122071615881488,-0.049514149882045326,-0.005832704743790308,0.13433311575578563,-0.002636829720030684,0.19388446592450692,-0.000509879790786012,0.2861672411958622,-0.00020103827605337412,0.44016388314903004,8.714549029394218e-05,0.6614289311079893,-0.0001224217333478764,1.364505794256775,-0.0007285787677009273,-0.00048099156603096917,0.04919384164170323,0.06945238181827389,0.15
2.25,1636252017,-0.014928832039317951,0.1,0.06392411548303005,0.038993145077384224,0.0475207037413485,0.051587206737517766,0.0007728459556295565,0.0018883939433498415,0.05257256938032021,0.19388446592450692,0.04490658095115661,0.08231146441963005,0.043518406787396074,2.7764451051977987,0.08373194174235686,-0.25015502264382333,0.2147992569547246,0.043101032505274146,12.706204736432095,0.03824506513162522,-0.09009769737810748,0.0464804880292439,0.057256807266828184,-0.18465887159197733,0.0462512759518022,-0.006234363101337284,0.13433311575578563,-0.001635731167032271,0.19388446592450692,-0.001441677849694473,0.2861672411958622,-0.0005437324541661186,0.44016388314903004,0.000760167742030998,0.6614289311079893,-0.0005744995791701632,1.364505794256775,0.0003478241201741569,-0.0008207373873184691,0.06413146326684502,0.0838206524474848,0.15
2.25,1092196633,-0.1487369259126689,0.1,0.0641810577397771,0.09932539907712959,0.14071497076007985,0.1035905369745976,0.008143615403020908,0.0025873839476645622,0.12310973060681962,0.32612014812863077,0.12146985054178533,0.08231146441963005,0.05093978735676671,2.7764451051977987,0.08773182827505897,-0.29107249859151857,0.19609271177716409,0.12904198754482835,12.706204736432095,0.04622118096898253,-0.2348793653427254,-0.06259448648261245,0.16144393332814103,-0.25525351645847827,0.27001995981147814,-0.004050065109973776,0.13433311575578563,0.0010294280353613317,0.19388446592450692,0.000749518952902859,0.2861672411958622,-0.002248716715133745,0.44016388314903004,0.00013602695027666836,0.6614289311079893,-0.0004730175899486025,1.364505794256775,0.0018356647313301508,-0.0012195729384755975,0.07802705936961815,0.105344234555809,0.15
2.25,1789285919,0.057128137812950563,0.1,0.06885453299993159,0.06187462028932602,0.0773449050918606,0.06401860122450785,0.0016612998989423483,0.0024370814038002105,0.06536396774571653,0.13433311575578563,0.07747643351070997,0.08231146441963005,0.0494380925165248,2.7764451051977987,0.10427942724973648,-0.3600377417619298,0.21901446895879173,0.052366334879289135,12.706204736432095,0.04366376957072393,-0.02291201828281683,0.125368689092325,0.08447948314609709,-0.1361920352425131,0.20211907033636572,-0.008626472258178253,0.13433311575578563,0.0031004736592795713,0.19388446592450692,-7.124332402843494e-05,0.2861672411958622,-0.0011042744693329472,0.44016388314903004,-0.0009276472313146239,0.6614289311079893,2.150287071843332e-05,1.364505794256775,-0.0003199355715622515,-0.0008328190167816816,0.06483951039765437,0.10362585697379006,0.15
2.25,955895939,0.09416332212030004,0.1,0.06721830377013155,0.1223682899978695,0.16841151183489128,0.16184231889608144,0.01368722709490982,0.012505709090751105,0.16765123198128626,0.2431366342882323,0.14339941724207797,0.08231146441963005,0.11199041369083089,2.7764451051977987,0.15537701300752038,-0.22771032007046704,0.6350811743795024,0.1676576578808364,12.706204736432095,0.10364429425701834,-0.11587344447459674,0.3042000887151968,0.13265695681605422,-0.09357568684620118,0.4046889911128426,-0.0056722704311704805,0.13433311575578563,-0.003566862243958808,0.19388446592450692,-0.0003566832856564399,0.2861672411958622,1.176037994937752e-05,0.44016388314903004,-0.00023313863363828318,0.6614289311079893,-0.00023675882434494785,1.364505794256775,-0.002317043972729305,-0.0002198350657349007,0.03321536150050254,0.046756915714511516,0.15
2.25,297132410,0.11492200473758854,0.1,0.059412123858744816,0.055216444613140854,0.06436020841393586,0.07465496999164298,0.0014121211145256794,0.004161243429927434,0.08560343160155781,0.32612014812863077,0.05650629311114602,0.08231146441963005,0.06460085251018619,2.7764451051977987,0.14169811547771208,-0.34697389785786564,0.4398601804098266,0.08514044910463027,12.706204736432095,0.06053827290628431,0.013380174438908488,0.23690233945269398,0.060955888792739756,-0.032017013079677095,0.18084019038695476,-0.0060273870040652875,0.13433311575578563,0.0011670498121765813,0.19388446592450692,-0.0011450961757244907,0.2861672411958622,-0.0008999306293968488,0.44016388314903004,-0.0005137281157151586,0.6614289311079893,0.0003267290203054261,1.364505794256775,0.0029937060594511867,-0.0014872963976567516,0.08650488100045546,0.12378813383139795,0.15
2.25,2008078979,0.18748214146058523,0.1,0.07063973546259947,0.0769103891901442,0.08178889872571854,0.08034560313705055,0.0009770587814078502,0.005478357162048577,0.08062949765435797,0.13433311575578563,0.07934947064072341,0.08231146441963005,0.0741228073149623,2.7764451051977987,0.09032235643611185,-0.023275548851739353,0.4782745799822079,0.06492283202088851,12.706204736432095,0.06091730901525504,0.09129971080719938,0.28366457211397106,0.0954043770547445,0.03954164675428951,0.35829135570201953,-0.0032160843642953353,0.13433311575578563,-0.005569188733655485,0.19388446592450692,0.0004198428336771504,0.2861672411958622,-0.0014116894249346153,0.44016388314903004,7.262886880208535e-05,0.6614289311079893,0.00013244630185404332,1.364505794256775,0.0003311667465667309,-0.0008495203471114245,0.06505354745790136,0.08792684707117468,0.15
2.25,1236846770,0.11956033622167297,0.1,0.06741881523767561,0.06936741119369481,0.08848527583672525,0.09502984989696447,0.003535171593500491,0.005495500777939108,0.10555192128795965,0.32612014812863077,0.07595765487483325,0.08231146441963005,0.07423869427841766,2.7764451051977987,0.1125131016516135,-0.3215804677161082,0.30319243298638116,0.10772256132171794,12.706204736432095,0.06791268045159618,-0.021779159075108717,0.2366955221965792,0.11293759414396502,-0.1981577178414614,0.21951723960993696,-0.011104016748345434,0.13433311575578563,-0.0004379348560928127,0.19388446592450692,0.0008060479876231151,0.2861672411958622,-0.0005501014381635089,0.44016388314903004,-0.00034312288333941774,0.6614289311079893,0.0001249581655549624,1.364505794256775,0.0014913478997450303,-0.0011951356434003432,0.07750926328187005,0.09038833119688956,0.15
2.25,1150557542,0.15138962017297203,0.1,0.06586633202129519,0.07881515498320028,0.08872816808630193,0.0714918517018119,0.0018997675188452785,0.003211317340908586,0.08280358829690619,0.32612014812863077,0.08402290215066788,0.08231146441963005,0.05675031810395122,2.7764451051977987,0.07172301285262275,-0.1330897413050446,0.2651802746243619,0.09079798326373453,12.706204736432095,0.054773964350916776,0.06500364344475867,0.23777559690118538,0.09366317533696762,-0.06805245045351054,0.25504538356156137,-0.006757274421789644,0.13433311575578563,-0.0009043204639782687,0.19388446592450692,-0.0005853504923185363,0.2861672411958622,-0.0009359430983837618,0.44016388314903004,-0.0006440209015484615,0.6614289311079893,0.0006579775539953139,1.364505794256775,-0.0020696806332188085,-0.00027453449435197466,0.03705997316250183,0.05174483507101076,0.15
2.25,1026355232,-0.18604847664587643,0.1,0.0659977431746841,0.06965776810288049,0.09223081517225461,0.10207043595701719,0.0036035403621962284,0.0068148335342593175,0.10422101286652011,0.19388446592450692,0.0832123664398589,0.08231146441963005,0.08267121376232699,2.7764451051977987,0.16110988532373885,-0.6392204843312987,0.255405020680848,0.09610475147654843,12.706204736432095,0.07317535776701704,-0.31478484922210115,-0.057312104069651676,0.0781117891816341,-0.3569012737381948,-0.031437475512643205,-0.006237156490021568,0.13433311575578563,-0.0025249729656694505,0.19388446592450692,-0.0009104245577618912,0.2861672411958622,0.0004681197235586718,0.44016388314903004,-0.0007750214133442593,0.6614289311079893,0.0001591204090586964,1.364505794256775,-0.0023415456913424178,-0.00020481895534921665,0.03206413978867524,0.03663948031776863,0.15
2.25,909246002,-0.10405732361236678,0.1,0.0680491805978288,0.07811983206554805,0.09871262252951897,0.1113804359163303,0.003501601108422326,0.008904000396489435,0.12578194897566206,0.32612014812863077,0.08701401292164555,0.08231146441963005,0.09449727245630743,2.7764451051977987,0.09794756670772034,-0.47418502679709595,0.06970705750627401,0.12081813593321297,12.706204736432095,0.09039899268412077,-0.24894465556008874,0.04083000833535519,0.07687806444145938,-0.27480718303275936,0.019388029312110984,-0.00957507981033242,0.13433311575578563,0.0009050952994660649,0.19388446592450692,-0.00022657541696190174,0.2861672411958622,-0.0003821487610101285,0.44016388314903004,-0.0003629507953512396,0.6614289311079893,4.557527357341094e-06,1.364505794256775,-0.002809484512970753,-0.00010152656892581114,0.02255270346199553,0.02958256491460219,0.15
2.25,2135372899,0.12853497183346996,0.1,0.06657459881176357,0.061272058622864244,0.06624231427917092,0.06003787939212338,0.0009631095327133341,0.0026414374291898186,0.060728801707242513,0.13433311575578563,0.06758112214149686,0.08231146441963005,0.05146913289936901,2.7764451051977987,0.0598104274081842,0.0017400730350909666,0.33386080986957356,0.053860224061618556,12.706204736432095,0.04239845954986134,0.04449684725021136,0.21257309641672856,0.05963544683651502,0.021230480974892465,0.23326121167415945,-0.007359039875698194,0.13433311575578563,-0.006235764697481835,0.19388446592450692,0.005516849784738599,0.2861672411958622,-0.0025024565440597683,0.44016388314903004,-0.0010214463467835071,0.6614289311079893,0.0006641711081353638,1.364505794256775,0.0010733724661258904,-0.001191612564369772,0.07684366078820354,0.1054866163355086,0.15
2.25,894934623,-0.10628025381495504,0.1,0.06704881031152747,0.10822728301303942,0.1207075074020962,0.12913223227860532,0.0030945558554134316,0.013580577557842241,0.12886517113115564,0.19388446592450692,0.1156264134230842,0.08231146441963005,0.11670401784856357,2.7764451051977987,0.15298289169343177,-0.5848178340512327,0.26467936759123456,0.11180087297619742,12.706204736432095,0.10588711875039726,-0.2961570348778929,0.06359664600860387,0.12237586884792764,-0.2960582473097071,0.20936223630854403,-0.008231298797786479,0.13433311575578563,0.0032437764885594536,0.19388446592450692,0.0014215554013153563,0.2861672411958622,-0.0009179755331059781,0.44016388314903004,-0.0011223463297158347,0.6614289311079893,-0.0002635379392306486,1.364505794256775,0.0019572257235549832,-0.0013689133829025994,0.0831824270399331,0.11172043098896646,0.15
2.25,2063855486,0.1786541871080157,0.1,0.06480310952376299,0.06070659750880296,0.059393633038175145,0.07076996261626363,-0.00020274174579179658,0.005211129354499149,0.07167852276697423,0.13433311575578563,0.07070391266088455,0.08231146441963005,0.07229239532618699,2.7764451051977987,0.18199777661391647,-0.43522005989373996,0.5753936121794416,0.05812025104114402,12.706204736432095,0.06346290896853057,0.07270594477065372,0.2823225015705996,0.0765739802537645,-0.022379355802088934,0.28766431041185914,-0.007738764246464174,0.13433311575578563,0.0036397478278289374,0.19388446592450692,-0.0013524585630374697,0.2861672411958622,4.222446306772506e-06,0.44016388314903004,0.0006317239224666374,0.6614289311079893,-0.0013151174423046796,1.364505794256775,0.00033299434118080646,-0.0007686138809858402,0.06187113518991438,0.09016321588965293,0.15
2.25,1479293383,0.024240082557013345,0.1,0.05606631883166632,0.06092910252983924,0.09150940617234925,0.07662974210616072,0.0044991633548158265,0.001372954020440876,0.0764245439484474,0.19388446592450692,0.07965934144518,0.08231146441963005,0.037106900916735984,2.7764451051977987,0.233174363636272,-0.43167601418852947,0.8631156269625486,0.04664948711794966,12.706204736432095,0.033677603719826275,-0.040752603962823125,0.08923276907684982,0.09327385587887399,-0.08657752262875536,0.2671086013648925,-0.004686465014547018,0.13433311575578563,0.0027732733168946244,0.19388446592450692,0.0032014579812479987,0.2861672411958622,0.00016104436381653226,0.44016388314903004,-0.0001173722356729977,0.6614289311079893,-0.0027924644334847513,1.364505794256775,-0.0024012096957465438,-0.00017903295985558057,0.029908833545837888,0.04002888191378538,0.15
2.25,1046430772,-0.16418587613871716,0.1,0.07162922352903578,0.08119109138400596,0.0952214633665581,0.06332587659737977,0.002495012795300359,0.001515153851526211,0.06770012551644364,0.19388446592450692,0.08887639686767052,0.08231146441963005,0.03898118660200793,2.7764451051977987,0.0596855116658535,-0.37724115942728786,-0.04581406599551774,0.04321438468922206,12.706204736432095,0.032880624946900076,-0.22260298775430054,-0.10627939270883523,0.09027216461768146,-0.36998384231424636,-0.004217838456221544,-0.011445981958706697,0.13433311575578563,0.0002570329755811296,0.19388446592450692,-0.0018890018050435318,0.2861672411958622,0.0007983311951832255,0.44016388314903004,-0.0002535587051310888,0.6614289311079893,-0.00041675524972710205,1.364505794256775,0.0006885790199746146,-0.0011289893318874931,0.07482380958706743,0.10379654978305504,0.15
2.25,546684334,0.348052921227715,0.1,0.043419729605955755,0.02640544483122537,0.021044385290342246,1e-150,-0.00027149430268602024,0.00011785136836570756,1e-150,0.13433311575578563,0.025734931865222205,0.08231146441963005,0.010871613461530814,2.7764451051977987,0.04075395969002053,0.21431910385173158,0.4406213676493034,1e-150,12.706204736432095,0.008775931970749173,0.33245635942264795,0.36352351624065304,0.038054072735521215,0.24351836234969854,0.41656612862023873,-0.008566397942611412,0.13433311575578563,-6.392492450929093e-05,0.19388446592450692,0.00026085519755451815,0.2861672411958622,-0.00015765631583916095,0.44016388314903004,-0.0004464971991233716,0.6614289311079893,-0.00023784955482685085,1.364505794256775,-0.0014598551765973374,-0.0004494524775411743,0.047136318825643134,0.06742568827955463,0.15
2.25,1768174772,-0.15841161658711933,0.1,0.07165482220974265,0.08672721112665173,0.1159970572980776,0.09821812896718074,0.005827313503494134,0.0038194873543196143,0.10538672784999446,0.2861672411958622,0.09889091664649988,0.08231146441963005,0.061891246029728994,2.7764451051977987,0.1064804655746391,-0.4806707922707053,0.11060354261707361,0.07963737147301067,12.706204736432095,0.05073427949161867,-0.24728686272437017,-0.07598834168034313,0.09969690107101929,-0.32150234724999827,0.10010710939826054,-0.004454309963918985,0.13433311575578563,-0.0003399496207043138,0.19388446592450692,0.00026497342979866215,0.2861672411958622,-0.0018111639594563921,0.44016388314903004,-0.00019651710657740185,0.6614289311079893,-0.00019601954677534177,1.364505794256775,-0.0021952490418940505,-0.00032374090813721786,0.04022867612330507,0.057719486736694844,0.15
2.25,700652274,0.043093450139190186,0.1,0.062000673347285595,0.02495718850850424,0.02591445549372497,0.014538578093953331,9.743192732844421e-05,0.00011393832566553548,0.015677175499783494,0.13433311575578563,0.026037217299059046,0.08231146441963005,0.010689603696339733,2.7764451051977987,0.028539122957397706,-0.03415258018583572,0.12432203629757424,0.010672053373229691,12.706204736432095,0.00991938613401507,0.02593696394241163,0.062388493621066354,0.05515262585889159,-0.0667475061615437,0.12950286118701457,-0.008343743490891647,0.13433311575578563,-0.0017683262065740677,0.19388446592450692,0.0005729998753644644,0.2861672411958622,0.0001936737226998804,0.44016388314903004,-0.0008386487060137201,0.6614289311079893,-6.809861731405058e-05,1.364505794256775,0.0018360037671669334,-0.0013020565061877354,0.08092463816169322,0.1203681571822015,0.15
3.125,1958402471,-0.051980377948525794,0.1,0.055443113274266015,0.03825681061202371,0.03872792390814065,0.03789649134051059,0.00015009236201118546,0.0012860516939102089,0.03794329703211457,0.13433311575578563,0.03798242304739498,0.08231146441963005,0.0359133485812776,2.7764451051977987,0.08548619039572983,-0.34738522336856276,0.12731020640389956,0.024518229219729338,12.706204736432095,0.03480642244472149,-0.11947675148575848,0.015515995588706893,0.04307318395851895,-0.14698370581627873,0.005925852345147888,-0.005831596266327834,0.13433311575578563,-0.004181858689167768,0.19388446592450692,0.0006528414924893147,0.2861672411958622,-0.00017380432307395271,0.44016388314903004,-0.0008505910241993599,0.6614289311079893,0.0005197016677892714,1.364505794256775,-0.0014409882153661013,-0.0003372719963293274,0.04118599224641766,0.062452626000678135,0.15
3.125,1004127797,-0.23630737471345362,0.1,0.057370830559907014,0.05488318912939296,0.04793069188049809,0.05295358644707908,-0.0002653285346967968,0.0030694108523050736,0.05438278156305379,0.13433311575578563,0.05366707003904467,0.08231146441963005,0.05548226727465281,2.7764451051977987,0.06799296239197271,-0.5371005550576258,-0.15954309981544448,0.03921148756193915,12.706204736432095,0.04972036298044466,-0.3198778643310498,-0.15265611985464894,0.07373726006866138,-0.44079631626745114,-0.17530509132270658,-0.0036979328822225642,0.13433311575578563,0.0001389504465069281,0.19388446592450692,0.0002863820989033953,0.2861672411958622,4.577775936255065e-05,0.44016388314903004,-0.0013258473525258518,0.6614289311079893,0.00017595169086408185,1.364505794256775,0.0003709253564568645,-0.0006964863758803528,0.0591431931788368,0.0803481967350355,0.15
3.125,1560192098,-0.1726383188900917,0.1,0.049552402736701015,0.049545061762793996,0.042108565851693196,0.052017101604547936,-0.000644386678630011,0.0033501655379678747,0.05259260928736466,0.13433311575578563,0.04351299818468832,0.08231146441963005,0.05796419668490337,2.7764451051977987,0.08954625491549544,-0.3808684180326307,0.11637210426521252,0.038579272403910805,12.706204736432095,0.04526636369361894,-0.2576397479868676,-0.09895682280552036,0.05875586682236576,-0.2446710592028273,-0.025452782247857485,-0.009337442987191958,0.13433311575578563,-0.0034159242688253993,0.19388446592450692,0.00041865158262049625,0.2861672411958622,0.00010576545177642384,0.44016388314903004,0.00044321527174663285,0.6614289311079893,-0.0008118128263663894,1.364505794256775,-0.002757474608354895,-0.0002030552701750637,0.031935258901173304,0.04777901698403354,0.15
3.125,1465487706,-0.06729086583774282,0.1,0.05400385170538942,0.05370892575515599,0.06323952979158985,0.07506990880408147,0.0012125473965393426,0.0044229438113137665,0.07976133568644041,0.2861672411958622,0.055049450670648196,0.08231146441963005,0.0666012528854596,2.7764451051977987,0.16214949379905433,-0.4310180037562622,0.46938033298110826,0.07468089293882715,12.706204736432095,0.06158631256628802,-0.1804881772738346,0.028953473443459957,0.076329877787817,-0.17946014800939025,0.12658578215446184,-0.01146666453529533,0.13433311575578563,0.003155655166343017,0.19388446592450692,-0.0020553368708162434,0.2861672411958622,0.0012368864106863978,0.44016388314903004,0.0002733861663884881,0.6614289311079893,-0.0011778168338553404,1.364505794256775,8.885695922074535e-05,-0.0008284168835008148,0.06409756045426646,0.1098870200413437,0.15
3.125,872516118,0.5087157443791781,0.1,0.049555298785739596,0.07493412251810763,0.07109722681712236,0.08268928532536664,-0.0002175813470713722,0.007055099254691268,0.08403224222175668,0.13433311575578563,0.07238704116847736,0.08231146441963005,0.08411593020923529,2.7764451051977987,0.12531773196071744,-0.08249870830011374,0.6133768986935336,0.0641674263205528,12.706204736432095,0.07181189112889247,0.3825124555269067,0.6349190332314495,0.0810573299929437,0.35805933441491294,0.602128091770028,-0.005596203823344006,0.13433311575578563,0.0011500428440831992,0.19388446592450692,-0.002057542278664563,0.2861672411958622,-0.0005508604251543404,0.44016388314903004,-0.0006463243716807435,0.6614289311079893,0.0002120739059648842,1.364505794256775,0.006208784246701593,-0.002338315468293505,0.10795908989225954,0.12248901923521152,0.15
3.125,744620567,0.22147362576499638,0.1,0.0559821429408171,0.03668830965436274,0.04863515229578062,0.040284764763088524,0.0006237098256367773,0.0009991524463806014,0.04106862612219166,0.13433311575578563,0.04693048905793261,0.08231146441963005,0.03165501808898663,2.7764451051977987,0.04848546564220183,0.12893933985518768,0.3981738073662423,0.024941762137717413,12.706204736432095,0.029191299906664414,0.17404009233634757,0.2718265199308468,0.05002737794003761,0.1698633554111298,0.36618666658438914,-0.0077894695297224936,0.13433311575578563,0.0028705903956050085,0.19388446592450692,-0.0046689760644989175,0.2861672411958622,0.00039584983570802924,0.44016388314903004,-0.0005101815292979142,0.6614289311079893,0.00011013817151270312,1.364505794256775,-0.001554969604461785,-0.0005379510734539976,0.051655253121453575,0.07423578458612717,0.15
3.125,94707960,-0.16351286407406726,0.1,0.05800795245443081,0.07136640113420763,0.08300095876494622,0.07466708343291117,0.0017135399626732892,0.0038616333857040283,0.08925941973660544,0.32612014812863077,0.0765265894045596,0.08231146441963005,0.06223177786176547,2.7764451051977987,0.05062188092419733,-0.36528756511548444,-0.08418981809969742,0.0943652491736815,12.706204736432095,0.05485359495120087,-0.2601251665091142,-0.07907976014136257,0.06740770470173463,-0.3517610904780162,-0.08218083529296032,-0.007432645606462928,0.13433311575578563,0.0020767712144328424,0.19388446592450692,-0.0015671362261139336,0.2861672411958622,0.0005191896150199171,0.44016388314903004,-0.0006637223115995981,0.6614289311079893,-5.20363605488353e-05,1.364505794256775,-0.0013817048213414379,-0.000318771198367773,0.03987410004969011,0.04701364064469782,0.15
3.125,1133947380,0.261902969320358,0.1,0.05464825302497456,0.05750664055045463,0.04890988556307274,0.07112867362813174,-0.0005864760675856669,0.0056457642796829514,0.07161175286480238,0.13433311575578563,0.05176037234503104,0.08231146441963005,0.07524680403502532,2.7764451051977987,0.044743919730419725,0.07640548704434702,0.32486356089012114,0.06436954256839487,12.706204736432095,0.07274053334365979,0.1513905634225794,0.37265017979843695,0.06601210695671969,0.09988590899379393,0.3439085677850998,-0.009281322011617413,0.13433311575578563,-0.002335784863606281,0.19388446592450692,0.00019883602576526775,0.2861672411958622,-0.0013002249082524058,0.44016388314903004,0.00037741819287556987,0.6614289311079893,0.00029029140119736415,1.364505794256775,-0.00046034269686922127,-0.0007200653414874221,0.0599985552920861,0.0738325117952916,0.15
3.125,403517150,-0.09717390373905138,0.1,0.05051105215678396,0.06124797291821513,0.06615874962142637,0.026906923531504378,0.0006482608108660552,7.572172306416889e-05,0.026466826005720166,0.13433311575578563,0.06288656024335151,0.08231146441963005,0.008714388789511238,2.7764451051977987,0.02593367443248447,-0.18535173840983057,-0.04134489153410095,1e-150,12.706204736432095,0.00703257886426232,-0.10947263340158168,-0.08487517407652108,0.05651790898518883,-0.18450857316976071,0.04509639780559154,-0.004373192929653398,0.13433311575578563,-0.003070049583704911,0.19388446592450692,0.0009879327895090894,0.2861672411958622,0.0002822910595413546,0.44016388314903004,-0.0010766545403730668,0.6614289311079893,0.00011304649908692743,1.364505794256775,0.001648461374777373,-0.001057263607173618,0.07270424168811039,0.10950200150654606,0.15
3.125,903572253,0.05586930657303624,0.1,0.0612614902385154,0.055898768366241046,0.06508701574161727,0.06472775789420256,0.0016029654529256896,0.002586717189084812,0.08272300720866198,0.32612014812863077,0.057756773165513024,0.08231146441963005,0.050933223443298196,2.7764451051977987,0.12363555769263633,-0.4658271186553063,0.22070755931293412,0.0831314055159194,12.706204736432095,0.04313002265374754,-0.04237050507058315,0.1306546113979148,0.09469046467759251,-0.2065246484280137,0.10893287792096806,-0.007856669142363465,0.13433311575578563,0.003011514521775448,0.19388446592450692,-0.000429431979186507,0.2861672411958622,0.0009418504361209518,0.44016388314903004,-0.0008779971684309214,0.6614289311079893,-0.0010653352247470094,1.364505794256775,0.0005161975730110582,-0.0009721968373707494,0.06972825383651177,0.09440345233963655,0.15
3.125,1283461701,0.1804074825934061,0.1,0.05989581143815956,0.051650177620586143,0.06310629877321225,0.0684895922091605,0.0012656828786185843,0.0034251413623585143,0.06925340899579925,0.13433311575578563,0.05973663245678379,0.08231146441963005,0.05860921953797779,2.7764451051977987,0.05950841828336673,0.02274662068902769,0.3531903340108612,0.05849165902038577,12.706204736432095,0.05211365198992275,0.09115615373365618,0.2697659447748636,0.053105117806189664,0.08518381950159973,0.27293831000742697,-0.0045511242494870275,0.13433311575578563,0.00044635154087521923,0.19388446592450692,0.003087770937135181,0.2861672411958622,8.119812494995455e-05,0.44016388314903004,-0.001629583679303738,0.6614289311079893,-0.0006459725783438956,1.364505794256775,-0.0009020093883796459,-0.00048404225358551024,0.04945112497753745,0.0862048808438161,0.15
3.125,1426568904,0.25706375894999106,0.1,0.06322507370529641,0.046295853867680696,0.041584499403729595,0.032739801025375326,0.00010882946943849064,0.0009630651017426765,0.034580942733093055,0.13433311575578563,0.04570974090845062,0.08231146441963005,0.03107810365662971,2.7764451051977987,0.041934336082686645,0.21277694650736412,0.44563371082035363,0.00904630580952422,12.706204736432095,0.026800243211132096,0.21338278630587526,0.3016107861913335,0.05973881102366306,0.18429652485474507,0.3765971516923998,-0.005999509214056147,0.13433311575578563,-0.004334584140667498,0.19388446592450692,0.001179612711065637,0.2861672411958622,-0.0003295391581695732,0.44016388314903004,0.0005299486551340842,0.6614289311079893,-0.0011520041460087865,1.364505794256775,-0.0002776170618432829,-0.0007289083282085025,0.06039299996020237,0.06894519264980602,0.15
3.125,34657166,0.3201592531947919,0.1,0.06429078153507767,0.05603673878044606,0.05573326003586482,0.07547132014895104,0.000497933024513782,0.0051979871405116816,0.07722154079674803,0.2431366342882323,0.05351086256854094,0.08231146441963005,0.07220117883201643,2.7764451051977987,0.06726387144083258,0.029082029958457045,0.4025909231955643,0.06800685186436013,12.706204736432095,0.06760682898618142,0.2103847954247305,0.4299337109648533,0.06373502852963761,0.17616236948186123,0.4219675483648268,-0.01124115683763481,0.13433311575578563,-0.0002941541449755086,0.19388446592450692,0.0007388079620944725,0.2861672411958622,-0.0009347966311417511,0.44016388314903004,9.9238210977997e-05,0.6614289311079893,-0.0005411373787438195,1.364505794256775,0.00026340979703712866,-0.001090631274391898,0.07396128043674416,0.09590291588043942,0.15
3.125,1597043462,-0.020189552811131124,0.1,0.07565010087624024,0.05590399923422412,0.05679782978810052,0.07465712477120127,0.0003024687199699996,0.005271217559132716,0.07488197118270726,0.2861672411958622,0.058989001188281945,0.08231146441963005,0.07270799331547101,2.7764451051977987,0.07389391794736654,-0.20118523675753394,0.20913957682017323,0.07242651614863066,12.706204736432095,0.06929635391747992,-0.12350544657920856,0.08312634095694632,0.05425744849097355,-0.1371617595848751,0.07789727373171654,-0.008269115132234417,0.13433311575578563,-0.0016307875339509055,0.19388446592450692,0.0008895072299764284,0.2861672411958622,-0.001863135647968615,0.44016388314903004,-0.00034408328720402523,0.6614289311079893,0.00046835533282113897,1.364505794256775,-0.0012329916122004775,-0.0006449964552261547,0.05665539044884695,0.07081646924412288,0.15
3.125,1808685676,0.1228866415712129,0.1,0.07390991924138701,0.04500339125270046,0.05821491076316893,0.055005481294168095,0.00116098126954234,0.0018646217028607365,0.05461676974311992,0.13433311575578563,0.05357482665310669,0.08231146441963005,0.04324362129756026,2.7764451051977987,0.11004387664196649,-0.10368345811666829,0.5073781072024881,0.04536912780146951,12.706204736432095,0.03840702978413193,0.05166683310420602,0.2028132726842105,0.08567597088403098,-0.09369079618916899,0.23660048608673911,-0.010245756485729847,0.13433311575578563,-0.0031071876420734642,0.19388446592450692,0.0025316610092895463,0.2861672411958622,-0.0013885761273450124,0.44016388314903004,-0.0005223244695787335,0.6614289311079893,-0.00011196657422635085,1.364505794256775,0.0022377249607749543,-0.0016501227469155407,0.09136600768573419,0.1284450615963709,0.15
3.125,779204408,-0.24871727357947135,0.1,0.06710457804400284,0.12050312424837623,0.1686134260628888,0.21460270319966143,0.012727390284154653,0.03332692993644733,0.21890743188717537,0.19388446592450692,0.1446416029320068,0.08231146441963005,0.1828202684146374,2.7764451051977987,0.15628886153850496,-0.732112597033755,0.13574229219728234,0.189156741097136,12.706204736432095,0.15243857233285293,-0.5331225444057429,0.03568799724680019,0.1281424771112994,-0.4602115869193366,-0.023328370768237506,-0.003968880421004107,0.13433311575578563,0.002212771061275754,0.19388446592450692,0.0010271215561415909,0.2861672411958622,-0.002130077708776408,0.44016388314903004,-0.0009622801385644767,0.6614289311079893,-0.000256999885093494,1.364505794256775,-0.0005885821456063019,-0.000818974033177399,0.06434710027993426,0.09743562693299065,0.15
3.125,410072089,-0.20253583537305472,0.1,0.07069224131508242,0.03998943310538895,0.057827301152236714,0.05048609078979896,0.0017283792205091116,0.000820466142726712,0.06198823143398876,0.32612014812863077,0.04996251397180155,0.08231146441963005,0.0286851430562331,2.7764451051977987,0.08353695533848983,-0.390443899136504,0.07342764236885044,0.06663576212796804,12.706204736432095,0.02744001784973607,-0.2512642178132423,-0.15223716216737987,0.052452131154455704,-0.3087406958945632,-0.08105557927330248,-0.006750382285680731,0.13433311575578563,-0.0014909487058796054,0.19388446592450692,-0.0003703500312524027,0.2861672411958622,0.00039137657842916137,0.44016388314903004,-0.0012748616858137087,0.6614289311079893,0.0005715218530761541,1.364505794256775,-0.0019017057910529454,-0.0002589512687853375,0.035913413794646104,0.04861401990050349,0.15
3.125,171719112,0.012851410898018667,0.1,0.06658385205830175,0.07693877188290982,0.08213178321949088,0.09478263255552631,0.00039700948316404635,0.008586737950991869,0.09496371338370736,0.19388446592450692,0.0815218118095885,0.08231146441963005,0.09279846503418003,2.7764451051977987,0.1874873686711549,-0.7799976882215895,0.2610990858452966,0.09367892517576457,12.706204736432095,0.0811528420428015,-0.12949582762873388,0.1551986494247712,0.16066493203809687,-0.4266521723657763,0.07917102142711414,-0.010612029049090456,0.13433311575578563,-0.0003905958050157626,0.19388446592450692,0.0012273102980088822,0.2861672411958622,-0.0017516800013674403,0.44016388314903004,4.473112477480259e-07,0.6614289311079893,0.00048082016713765644,1.364505794256775,-0.0013008914635862104,-0.0004703989651525451,0.04870718668952174,0.08164976917573717,0.15
3.125,1170365371,0.04426375861448267,0.1,0.06949614260618889,0.07643984981741497,0.10836040052916916,0.13467145863802374,0.005486989978042563,0.012649411793650379,0.13795198933490907,0.19388446592450692,0.09414580864623728,0.08231146441963005,0.11263201493036357,2.7764451051977987,0.12849631795254227,-0.3777023081983644,0.33582363783218755,0.12267363730689658,12.706204736432095,0.10819622087434744,-0.126251284359211,0.2207788008447094,0.09218410540834109,-0.0712990560242145,0.2743796700592692,-0.008616844454658963,0.13433311575578563,0.001594477291391418,0.19388446592450692,-0.0025588206721809566,0.2861672411958622,0.0005015370114312026,0.44016388314903004,-0.0006002995351151645,0.6614289311079893,4.0214154003861616e-05,1.364505794256775,-0.0005276925983780293,-0.0007186414467160941,0.05968691296748912,0.07832295053607183,0.15
3.125,419159951,-0.1657300941574406,0.1,0.055972136350303035,0.0690100921525117,0.10186293670017592,0.12392064272095368,0.005485507084919881,0.009870818607454371,0.13324448524865745,0.2861672411958622,0.07926025504891084,0.08231146441963005,0.0994954621323634,2.7764451051977987,0.15726969394193616,-0.7153023817577969,0.1579989621242922,0.13036446253994333,12.706204736432095,0.08371847110037929,-0.3297681283402397,0.010182482839149774,0.07593059312988722,-0.3553580623333762,-0.07097748891186777,-0.00792315029014572,0.13433311575578563,-0.002148100776270222,0.19388446592450692,0.0015259658410155278,0.2861672411958622,-0.0007030354609036904,0.44016388314903004,-0.0006613987600254844,0.6614289311079893,0.00041462088440911635,1.364505794256775,-0.001613019569878404,-0.00030761339148517277,0.03903105503678573,0.052552925414315686,0.15
3.125,308918932,-0.1515977557240233,0.1,0.07382541214618392,0.05186642144508081,0.06748224862355989,0.056499073032395264,0.0019464617488758563,0.0012456835046440776,0.059526108541519504,0.19388446592450692,0.057160501071243215,0.08231146441963005,0.03534520824647918,2.7764451051977987,0.030131954032280785,-0.2328445211839297,-0.06552508861798759,0.04054090018409704,12.706204736432095,0.03238579711668165,-0.20404590470048226,-0.1004383495375452,0.063868487041413,-0.2574371043685565,0.010408097866492251,-0.005846441103498346,0.13433311575578563,-0.005222804890955047,0.19388446592450692,0.001713771955257219,0.2861672411958622,-0.0005679213600247249,0.44016388314903004,-0.0026549300632778016,0.6614289311079893,0.0013916985935594648,1.364505794256775,-0.0026280141086371914,-0.00044008989566562506,0.04700791939484807,0.06967004263008232,0.15
3.125,1027747587,-0.07231771082201235,0.1,0.07148487051766493,0.03213682297468517,0.04128587234788064,0.042031640212021416,0.0008389833474792992,0.0009276754314335163,0.042711794417723756,0.19388446592450692,0.03698289670760901,0.08231146441963005,0.03050174706961768,2.7764451051977987,0.10144476316512216,-0.2916324899039506,0.27167914237155616,0.03019344582510388,12.706204736432095,0.02427913315391932,-0.11606865506295239,-0.028566766581072316,0.05597933278235115,-0.13534935809679718,0.10298501510865479,-0.008772003921059954,0.13433311575578563,-0.002550808914650428,0.19388446592450692,-0.0008821879720100087,0.2861672411958622,0.0008537495024331128,0.44016388314903004,-0.00207259865856298,0.6614289311079893,0.0009980382047747043,1.364505794256775,-0.002282689302680754,-0.0004432109873257907,0.046990674462557135,0.05476650144460952,0.15
3.125,1543716309,-0.19842673958126894,0.1,0.07113781287322637,0.07598899455940546,0.08578254744334668,0.10538112873624682,0.0021706262720235887,0.008934556021701836,0.11819382949441955,0.32612014812863077,0.07831684340464648,0.08231146441963005,0.09465927549875676,2.7764451051977987,0.14973065055172705,-0.6342941503638284,0.19714371328102082,0.12841095137912453,12.706204736432095,0.08372366180732636,-0.34845457505327937,-0.04839890410925851,0.13320410364597238,-0.27696855287260236,0.1811741676022433,-0.0005924728769037728,0.13433311575578563,0.006791416458097706,0.19388446592450692,-0.0037626272926241126,0.2861672411958622,-0.0031299024796472234,0.44016388314903004,-0.0009968935079591346,0.6614289311079893,0.0008457244976934426,1.364505794256775,-0.0028946662124177307,-0.00021046701686630882,0.0323365971379653,0.05216070150001199,0.15
3.125,2118410899,-0.040390863769703175,0.1,0.07756921736718468,0.12553286496206414,0.15217859178266066,0.16382202553486316,0.01023720361774978,0.016600452432595576,0.19531006694312716,0.32612014812863077,0.1418184595959316,0.08231146441963005,0.1290287976337722,2.7764451051977987,0.11125832729267526,-0.324070314482812,0.29373496196567384,0.19977989454122322,12.706204736432095,0.115946997336971,-0.22978757135310673,0.1523448089536486,0.09908556225491262,-0.2157266177608194,0.13849589055633602,-0.012475442108627532,0.13433311575578563,0.0032036889362543064,0.19388446592450692,-9.906717586448817e-05,0.2861672411958622,0.001492609345495882,0.44016388314903004,-0.002101324527978607,0.6614289311079893,0.00026442023239280576,1.364505794256775,0.005986588900628928,-0.0023745483854621333,0.10875325374863794,0.1738024939953954,0.15
3.125,1729184009,-0.1972411915684064,0.1,0.0712814391982251,0.06779781553966409,0.08671046809754554,0.089922692949801,0.0025700672238799203,0.0055160234834642705,0.08956377297840701,0.13433311575578563,0.08081698849830989,0.08231146441963005,0.07437718566783329,2.7764451051977987,0.1025893236227881,-0.5605969922034562,0.009070258632629724,0.06954192412460804,12.706204736432095,0.06712123859040207,-0.31584245854014736,-0.08434322297805456,0.08087966700160429,-0.4098760551938105,-0.0840459084258761,-0.007175471184734062,0.13433311575578563,-9.01738460413669e-05,0.19388446592450692,0.004498919704730392,0.2861672411958622,0.0018278101317233096,0.44016388314903004,-0.0022439608661112705,0.6614289311079893,-0.001914595724562573,1.364505794256775,-0.0019325076593672797,-0.0005136730552081538,0.05094864693412536,0.08741063839771783,0.15
3.125,1187426393,-0.04027983585352564,0.1,0.07020479303905346,0.05821629158129326,0.06904859101375532,0.04766460795937245,0.0015142276473099677,0.0007576872046107038,0.04963379528589592,0.13433311575578563,0.06703066613857159,0.08231146441963005,0.02756586751805343,2.7764451051977987,0.09163780354719292,-0.29989509322126423,0.20895956899809826,1e-150,12.706204736432095,0.025673197186730036,-0.07750946779041978,-0.0030502039166314943,0.0841405206374368,-0.24230478039857473,0.10714012130747239,-0.0035350520125151984,0.13433311575578563,-0.005483320615972381,0.19388446592450692,0.002963513203788749,0.2861672411958622,-0.001650775718574619,0.44016388314903004,-0.001519710809178503,0.6614289311079893,0.00015150848373991836,1.364505794256775,-0.0026531705202900656,-0.00047093087457094474,0.048353694029718126,0.070384520877303,0.15
3.125,650750003,0.02914771157738212,0.1,0.06754090182366282,0.11856406371433496,0.12152472122534506,0.13239898760001845,0.0018091029904805482,0.01572038892702929,0.14007703251853162,0.32612014812863077,0.11866687005220719,0.08231146441963005,0.12556203079397607,2.7764451051977987,0.15308641815655935,-0.09037043032680558,0.7597016423992797,0.14142715713523715,12.706204736432095,0.11115481523545795,-0.15494016534563038,0.2159396287504048,0.21008103888965243,-0.08870848472605346,0.5749399405570363,-0.0025835278310087717,0.13433311575578563,-0.001990283325945365,0.19388446592450692,0.00396873466170804,0.2861672411958622,-0.00047952263935707934,0.44016388314903004,0.00022989728611573824,0.6614289311079893,-0.0025163318874239404,1.364505794256775,-0.001249504710275127,-0.00045622313425859595,0.04773132532170994,0.05812996052673769,0.15
3.125,1553919210,0.11976874777997198,0.1,0.061438170299730255,0.03894951401251983,0.060137745731330974,0.0523847366632543,0.0023339935913604237,0.0004101670439180757,0.06923886452158518,0.32612014812863077,0.04974452900429323,0.08231146441963005,0.020281826786614464,2.7764451051977987,0.026235736535528225,0.07382145638106168,0.21950562095171444,0.07891948321573776,12.706204736432095,0.017872949076091636,0.09342433010556828,0.15304374414710128,0.07563107637108438,-0.058941522771675574,0.2191213602087871,-0.005583615263455169,0.13433311575578563,0.0010440837919173137,0.19388446592450692,-0.00011875701012261394,0.2861672411958622,-0.0023887077846636517,0.44016388314903004,0.00024112863232390164,0.6614289311079893,-5.8029381359678445e-05,1.364505794256775,0.0018291796133795568,-0.0012753935110746655,0.08033641699803774,0.14108905570811794,0.15
3.125,1081859724,0.1291565772812842,0.1,0.04895299447962574,0.03917209191273982,0.04346401964494845,0.024007457768688654,0.00024608696984201395,0.00033027105867335517,0.024046441153106946,0.13433311575578563,0.04319409901103333,0.08231146441963005,0.01819960437222082,2.7764451051977987,0.16253962066611577,-0.19371405363909344,0.7088506147591948,1e-150,12.706204736432095,0.01672677657423172,0.09696052965186329,0.15817769149433716,0.06925909618473039,-0.04487502746957644,0.20079519065826398,-0.004470794665244331,0.13433311575578563,-0.0010241766430103578,0.19388446592450692,-0.0014542078263093277,0.2861672411958622,-0.0003519993020946556,0.44016388314903004,0.00015138263660452052,0.6614289311079893,-0.00042607631115789633,1.364505794256775,-0.0018457852585620509,-0.0002924581084818946,0.03808908951622863,0.054879024230003855,0.15
3.125,1091499338,-0.44454305457382476,0.1,0.06138467866025097,0.08682846051177,0.09260080098448514,0.11279501735321247,0.0019597411377109235,0.010762974802000579,0.11292423609487816,0.32612014812863077,0.08386895196604634,0.08231146441963005,0.10389456995238097,2.7764451051977987,0.11775079825546683,-0.5751198441991654,0.07873741069988344,0.11386333556281951,12.706204736432095,0.08861672899498481,-0.5991604408204131,-0.2930007633465248,0.15809977504574724,-0.5375266552883401,0.0009064096340899762,-0.01078768487122328,0.13433311575578563,-0.00036721832765367827,0.19388446592450692,0.002481482234829748,0.2861672411958622,-0.001674679611307283,0.44016388314903004,-0.00011115225022933939,0.6614289311079893,4.424656806025278e-05,1.364505794256775,-0.00261350918905301,-0.00015718888346208924,0.027883471111645516,0.04612297982654845,0.15
3.125,735005084,0.05797652256688045,0.1,0.06677211855839194,0.09717743620090828,0.11401930860947138,0.10461558035726419,0.003636935113737803,0.007307484539749398,0.12820424917937226,0.32612014812863077,0.09720735727483681,0.08231146441963005,0.08560726860064585,2.7764451051977987,0.1487945858185495,-0.5017685173399565,0.32447148161173467,0.1342149170986979,12.706204736432095,0.07352904245894093,-0.07657244675688003,0.18042628687518564,0.09477752634304251,-0.16024389324001181,0.18748879904105106,-0.0037147610264140324,0.13433311575578563,-0.0015287892533375285,0.19388446592450692,0.0028768548018747366,0.2861672411958622,-0.0014326949593739327,0.44016388314903004,-0.0006832436676478989,0.6614289311079893,-0.0007224941903887572,1.364505794256775,0.001994715925431992,-0.001325026930245636,0.08153889513661391,0.0900472349341614,0.15
3.125,481175188,-0.1570205123712777,0.1,0.04535221141436444,0.015305112399375626,0.01657060206110424,0.01400410457410953,4.22260337545318e-05,0.0001538889111680637,0.014067510052945164,0.19388446592450692,0.015513533899928529,0.08231146441963005,0.012423110593055096,2.7764451051977987,0.0540387724764724,-0.2684347129617151,0.03163665770468353,0.011995534273795806,12.706204736432095,0.011407629932941407,-0.17547206208261834,-0.13868608243713829,0.019816516950274657,-0.19292819787063265,-0.11324170352268828,-0.007731570145262417,0.13433311575578563,0.002060282474718239,0.19388446592450692,-0.00106093542607371,0.2861672411958622,0.000394332854651646,0.44016388314903004,-0.0002672561614605267,0.6614289311079893,-0.0004764141673813839,1.364505794256775,-0.0019505402440958136,-0.00017063702423868353,0.029364317888015766,0.04434692548320422,0.15
3.125,1056489175,-0.20393085305694872,0.1,0.06242369412743509,0.10582178311592047,0.11409060670881727,0.11266028208222154,0.002439703772388382,0.010252635386457345,0.11080457319001563,0.13433311575578563,0.10732185006734579,0.08231146441963005,0.10140151517920162,2.7764451051977987,0.07827453995004607,-0.38754169286022244,0.04710823375160747,0.06266180679486652,12.706204736432095,0.08245733447571649,-0.3581222176799112,-0.044329609496554734,0.11500467450454792,-0.3541347133638972,0.08228772376919465,-0.009348899073756996,0.13433311575578563,0.00223942250888816,0.19388446592450692,-0.001117051672775947,0.2861672411958622,-0.0009037640589225874,0.44016388314903004,0.00043893070938059325,0.6614289311079893,-0.00022189749382410268,1.364505794256775,-0.002040135789073144,-0.0002073109303705965,0.032376235290177725,0.05693929745640534,0.15
3.125,333716442,-0.14278658354715829,0.1,0.053616703448915774,0.04711719357104685,0.03921240414811029,0.05534227023135907,-0.0008464729832109831,0.003909239857571755,0.055830024345735425,0.19388446592450692,0.04309375330626468,0.08231146441963005,0.06261420157330927,2.7764451051977987,0.06944791100722976,-0.38412638006670796,0.0015102450977628468,0.0490229079184055,12.706204736432095,0.05465422901754278,-0.24202183023131107,-0.030110895853692296,0.05098397011939533,-0.2222332757654735,-0.035123711953053825,-0.010287588781913291,0.13433311575578563,-0.0012130118097791749,0.19388446592450692,0.0032369934947451577,0.2861672411958622,-0.0020491932771327733,0.44016388314903004,0.0006563022104614163,0.6614289311079893,-0.0012413732931750182,1.364505794256775,0.0013801619886224426,-0.0013420298237334335,0.08152229032988635,0.13620381913217428,0.15
3.125,1563530807,-0.12840184559459777,0.1,0.06955891077137168,0.055801147943889774,0.08433339497566683,0.06504247279786675,0.002817128989423333,0.0014133942782379027,0.07627860405739308,0.32612014812863077,0.07882284790098032,0.08231146441963005,0.03764942539799624,2.7764451051977987,0.048960559131136575,-0.2971833918629291,-0.02531078236814599,0.08156119858742317,12.706204736432095,0.03599157944272363,-0.1926637738354072,-0.062007330401120914,0.06225710459802157,-0.2898065823996092,-0.030489230430043937,-0.009671103588826276,0.13433311575578563,-1.5384359870907868e-06,0.19388446592450692,-0.0022771456581129287,0.2861672411958622,0.000775629694775451,0.44016388314903004,0.00045758587653007876,0.6614289311079893,-0.0009700260860562019,1.364505794256775,0.0010554124862440937,-0.0011494266831101748,0.07601185434032322,0.09480756272193008,0.15
3.125,572927474,0.3466584733712116,0.1,0.06484598213466347,0.08281560825483482,0.07624267605496968,0.13671500654266944,-0.000208326366605731,0.01889931938056788,0.13727045927420387,0.13433311575578563,0.0764261233868554,0.08231146441963005,0.13767331510106215,2.7764451051977987,0.12182494351066409,0.027638091231455386,0.7041186274338187,0.12508358230885086,12.706204736432095,0.11716613277031532,0.13438170656514986,0.5600047664506245,0.08506779223741251,0.1774217622787452,0.494147466020022,-0.008563730933394562,0.13433311575578563,-0.00031585183487218513,0.19388446592450692,-0.0015907349733062476,0.2861672411958622,-0.0017548514425760212,0.44016388314903004,0.00047831783555751003,0.6614289311079893,-0.00027117246090520433,1.364505794256775,0.0007909915848214634,-0.0013003799547228463,0.08083700813975628,0.12133543641301346,0.15
3.125,21524178,-0.11286167139316378,0.1,0.06010671202690658,0.04476297941973005,0.03660179928393613,0.010542146453214956,-0.00059156748473314,0.0007027043365741727,0.014992837494425702,0.13433311575578563,0.040959134920290276,0.08231146441963005,0.02654685054696914,2.7764451051977987,0.09065378228082353,-0.30900288553332633,0.19438761462919255,1e-150,12.706204736432095,0.02417726012133232,-0.15708688464257484,-0.06503160488624564,0.05169511354936141,-0.21925183736321885,-0.0009838231246016185,-0.007955683654206552,0.13433311575578563,-0.0015069913407104063,0.19388446592450692,-0.0011523813838106272,0.2861672411958622,-0.0004764239846012747,0.44016388314903004,5.287571998561483e-06,0.6614289311079893,-3.728644546886198e-05,1.364505794256775,-0.0027339896179729155,-0.00019467180854477315,0.03117313154156216,0.03689376972007316,0.15
3.125,1672225398,0.20061048284023678,0.1,0.06968786896780019,0.0827361551649469,0.10975332854866507,0.11456314314578561,0.005406411253241656,0.007718302514200109,0.1216587596236046,0.2431366342882323,0.09692921668946702,0.08231146441963005,0.0879807350895644,2.7764451051977987,0.07876370659263232,-0.035534609122131106,0.4018316061505681,0.11205989239954503,12.706204736432095,0.07647199602438828,0.0650729860480323,0.32912546714897495,0.08638783032353062,0.058295289183555955,0.39019586462777,-0.006971500002569274,0.13433311575578563,-0.002252639869052425,0.19388446592450692,0.0013775098893980893,0.2861672411958622,-0.0006875907280740526,0.44016388314903004,-0.00015852160870481353,0.6614289311079893,-0.0001995203032917174,1.364505794256775,-0.0003436042474047872,-0.0006227963742574425,0.05590066363513012,0.0652089540045887,0.15
3.125,1741879334,-0.17274136843784926,0.1,0.04447748089133675,0.04101883590987279,0.03824328011239488,0.04342958141518597,-0.0002444326541780125,0.002130561196076279,0.04344218528426599,0.13433311575578563,0.04343134031607792,0.08231146441963005,0.04622465670391094,2.7764451051977987,0.05864915119148347,-0.3059831103377929,0.019689187161406912,0.03874341684100848,12.706204736432095,0.0433185244136235,-0.23757318636327487,-0.10790955051242368,0.05585488566443066,-0.336102502020159,-0.11581198243988763,-0.0092083955172806,0.13433311575578563,0.0002866516405923892,0.19388446592450692,0.0012908028019436527,0.2861672411958622,-0.001319604978680262,0.44016388314903004,-0.0004455387334994949,0.6614289311079893,0.0005350934166315962,1.364505794256775,0.000651771880387474,-0.0008717691530122125,0.06631912666469975,0.08582188700134018,0.15
3.125,1505353018,-0.06695852398728713,0.1,0.07317387210456143,0.08038400589806456,0.1041080432167139,0.10579019661305794,0.0042219623650096945,0.006969603334419762,0.11677161593321717,0.32612014812863077,0.09742815507356897,0.08231146441963005,0.08360470499115445,2.7764451051977987,0.24423253456427013,-1.081869888013164,0.27432656222887586,0.12017245173710768,12.706204736432095,0.07215584141553495,-0.2087568432285131,0.05327538617512868,0.1614662556928295,-0.6471294164704248,0.01707392897268164,-0.008681612475580809,0.13433311575578563,0.002563163064152403,0.19388446592450692,-0.0005794672253705614,0.2861672411958622,0.0001255408490605009,0.44016388314903004,-0.0010136691930597663,0.6614289311079893,-0.00030064366590943405,1.364505794256775,0.0026226449358007025,-0.001567447683383828,0.08859321102615172,0.11532898226421653,0.15
3.125,110095625,-0.06454013811580993,0.1,0.062041927883729545,0.09260631491985767,0.10560625477521039,0.102985948175945,0.0028115812010741977,0.007794524320624231,0.10739132175933144,0.2861672411958622,0.09583950954412296,0.08231146441963005,0.08841409303704045,2.7764451051977987,0.07322006670090624,-0.29187557917809526,0.11470741240987964,0.10602755002589279,12.706204736432095,0.08001167037751213,-0.1919754392733272,0.07097503153478303,0.09322351958834955,-0.223625365373593,0.10635326960926177,-0.007445683193532059,0.13433311575578563,-0.007318639473370236,0.19388446592450692,0.0011203896418063122,0.2861672411958622,0.00026256608567704455,0.44016388314903004,-0.0006474855467678768,0.6614289311079893,0.0004059673168301101,1.364505794256775,-0.0023955129809484855,-0.0002366797017516959,0.0345376358292663,0.056927235883213224,0.15
3.125,373334581,0.0766824859128306,0.1,0.055917215815544104,0.05991307198613569,0.08543044067500916,0.09681574355407131,0.0024786405537379355,0.006894647646189765,0.09654847864186686,0.13433311575578563,0.08412543607732438,0.08231146441963005,0.0831539197722566,2.7764451051977987,0.07168082152762444,-0.19269262352401786,0.20534310860984187,0.0924870705914717,12.706204736432095,0.07565424164534638,-0.0483930356833743,0.20457523492012758,0.07838703545417766,-0.12025670572599731,0.16852982251368762,0.0023524263893386415,0.13433311575578563,-0.00164044484978894,0.19388446592450692,0.0020711837158684412,0.2861672411958622,-0.002930907873484359,0.44016388314903004,-0.0027582696826588013,0.6614289311079893,0.0016500455576404555,1.364505794256775,-0.0005660247771386228,-0.0007012623748928508,0.05955762579132723,0.08871165872187352,0.15
3.125,146608347,-0.21390927961138012,0.1,0.06666280139104137,0.0843781377833636,0.10312662623313022,0.12452868025753078,0.003330204824160591,0.012177187382521746,0.13148577948685236,0.32612014812863077,0.09486498302612732,0.08231146441963005,0.11050964467279875,2.7764451051977987,0.11398477126361718,-0.3522521608828737,0.28069275960104756,0.12591779507514503,12.706204736432095,0.09496560258679221,-0.3642612482974412,-0.04898733850200131,0.1201335601486552,-0.3219929828769625,0.12234773510473429,-0.006715753793111354,0.13433311575578563,-0.0027190794641726817,0.19388446592450692,-0.00036231516501109706,0.2861672411958622,-0.0004435822002892526,0.44016388314903004,0.0001656215408226731,0.6614289311079893,-0.00026535064645752485,1.364505794256775,-0.0015703347319623116,-0.0004069443711227622,0.045207389857816915,0.06106216512138767,0.15
3.125,525303892,0.11257693384850959,0.1,0.07124606322446045,0.11609768223840561,0.17012636176167345,0.15040024660204107,0.015545155762095985,0.007075078415858783,0.16785181145785014,0.32612014812863077,0.14336251444338202,0.08231146441963005,0.08423494891891857,2.7764451051977987,0.0782627677626955,-0.09218290358611925,0.34240165336181677,0.1687580247273436,12.706204736432095,0.08079779688077687,-0.036108443399526687,0.2505221433493279,0.12479818592469943,-0.06967735846660672,0.4272972657000928,-0.0065889465850804034,0.13433311575578563,-0.004954873267851824,0.19388446592450692,0.0028284846863963274,0.2861672411958622,-0.001769628018103613,0.44016388314903004,0.0005099831461504018,0.6614289311079893,-0.0004473669590339067,1.364505794256775,-0.0029689052279565247,-4.035471507847556e-05,0.014217294782696482,0.016597530409041054,0.15
3.125,1912383414,-0.04538984463064022,0.1,0.06994861704721213,0.06991754252113605,0.08749969356044485,0.07582063387420512,0.0030816830651065035,0.0026670854559797588,0.08799212949668764,0.32612014812863077,0.08067441383034828,0.08231146441963005,0.05171840867087761,2.7764451051977987,0.06135595467153661,-0.21970177604482122,0.12100110400023045,0.08969433405395404,12.706204736432095,0.046656769845249746,-0.12348429014189097,0.027064869200988967,0.07815011650928186,-0.24808215414817597,0.051838982593506645,-0.008037715385537434,0.13433311575578563,-0.0010957458752952674,0.19388446592450692,0.0003700799638712406,0.2861672411958622,0.00037213103523773655,0.44016388314903004,-0.0007097969933598594,0.6614289311079893,-0.00038762830073591533,1.364505794256775,-0.0028674425696142486,-0.0001487651501256937,0.027439147523090023,0.03604899471015867,0.15
3.125,1855480146,-0.010117472239627168,0.1,0.07219634575239182,0.08213320544238548,0.1212231489702427,0.10146986114767739,0.006288272729606434,0.004007859991722495,0.10555630846694314,0.32612014812863077,0.1088706684685058,0.08231146441963005,0.06339908045155855,2.7764451051977987,0.12771497053700584,-0.5369034030448685,0.17228380657103337,0.10759172533106139,12.706204736432095,0.06258478034489591,-0.10101449115802608,0.08077954667877174,0.13864474638678317,-0.4767525351911544,0.09849083645597659,-0.005365423837733728,0.13433311575578563,-0.002109320710316458,0.19388446592450692,-0.00013520672872642072,0.2861672411958622,-0.0012133002116994814,0.44016388314903004,0.00011271106375950607,0.6614289311079893,-0.0004443061315823658,1.364505794256775,-0.0012902163155370974,-0.0005932342381677348,0.05431231465651212,0.08396953498376228,0.15
3.125,529122460,-0.13666973818690142,0.1,0.06654773514022859,0.06083704403835445,0.08842075762786614,0.09207030884181852,0.003715348850236617,0.0047615929199912276,0.09290784802046838,0.32612014812863077,0.07892238501315776,0.08231146441963005,0.06910394163316415,2.7764451051977987,0.2143489298510949,-0.4655030382698358,0.7247530359090819,0.09412202971986079,12.706204736432095,0.05968868643950225,-0.2484712532238103,-0.015429900832547219,0.09500984502994489,-0.22500410779507987,0.10906013353104357,-0.007250841195451116,0.13433311575578563,-0.001974685132089879,0.19388446592450692,-0.0011614005468823139,0.2861672411958622,-0.0007259377887909309,0.44016388314903004,0.0007983391358981311,0.6614289311079893,-0.000758470533562691,1.364505794256775,-0.0017691119375913213,-0.0004478697774623487,0.04725839555527648,0.054900220446588995,0.15
3.125,744765565,-0.13971718411401915,0.1,0.06966717917742371,0.06308133614565659,0.0879985354748206,0.08531586847064557,0.004329416242188799,0.002949381170711695,0.10249268128325614,0.32612014812863077,0.07653000426443582,0.08231146441963005,0.05438662881396893,2.7764451051977987,0.058277983106725544,-0.37302852966671335,-0.049417287791777065,0.10756618650879342,12.706204736432095,0.04730542388881693,-0.21804133472886345,-0.06208310549190349,0.07770025679410418,-0.31629071152348526,0.02359010885955647,-0.004958533462850701,0.13433311575578563,-0.005208067394690806,0.19388446592450692,-0.00246320883307549,0.2861672411958622,0.0016051585034251956,0.44016388314903004,-0.0007135262835078085,0.6614289311079893,-0.0002575299397867424,1.364505794256775,1.789299799075657e-05,-0.0009076265026853985,0.06717649884743773,0.09363162137266963,0.15
3.125,736455344,-0.17997534645770588,0.1,0.0688384518103459,0.07123709887953243,0.09669090494715915,0.11984553658304477,0.004113361409868368,0.010249591229009555,0.12580725899408363,0.2861672411958622,0.08201118566476202,0.08231146441963005,0.101386460264905,2.7764451051977987,0.0845516742727292,-0.5278616803371424,-0.05835551599554714,0.12093087207967776,12.706204736432095,0.08721931173024464,-0.33464665231367013,-0.02730135413053941,0.06808276865691246,-0.3115888336848179,-0.03308838874074603,-0.009654016763482548,0.13433311575578563,-0.003311629217624346,0.19388446592450692,0.001622479439673676,0.2861672411958622,-0.000815022952328685,0.44016388314903004,-0.0006370423472049643,0.6614289311079893,0.0004086858503534328,1.364505794256775,-0.0033195179944180394,-6.860496159295994e-05,0.018566818903072334,0.028028473531907495,0.15
3.125,1891264069,0.04227496190563759,0.1,0.07431700639058167,0.03723839959511026,0.041368011898671855,0.041962312960053906,0.0006006970117455942,0.0011601386972119139,0.04845587603440039,0.32612014812863077,0.03822220265695951,0.08231146441963005,0.034109994125285,2.7764451051977987,0.16123521970151217,-0.369080339908087,0.5262411331434234,0.048051344050410574,12.706204736432095,0.027829392476201288,-0.011354323741817489,0.09590424755309265,0.09877475533449558,-0.23459000154582135,0.16864238305051654,-0.010425860891115383,0.13433311575578563,0.0051461325708907725,0.19388446592450692,-0.0016058398109425449,0.2861672411958622,0.00011270645905159299,0.44016388314903004,-0.0022173145869811214,0.6614289311079893,0.0007468859882795965,1.364505794256775,0.002245635061197627,-0.0016065983668101722,0.08935553003326689,0.09780269948216522,0.15
3.125,1639120805,0.015215509281606785,0.1,0.05778645971295713,0.05102272111785949,0.06065471021847581,0.052017560925043914,0.001209759578440685,0.0014960670661499705,0.05237878192655118,0.13433311575578563,0.06051294548094789,0.08231146441963005,0.038734880397449774,2.7764451051977987,0.05131348396719918,-0.18414234556170983,0.10079579722104194,0.049391818401326934,12.706204736432095,0.037500949758433835,-0.05679509216689842,0.07731153773544171,0.07238631469988532,-0.16294392662987675,0.10356945505379497,-0.005910241185140185,0.13433311575578563,0.0011703453118502842,0.19388446592450692,-0.0013830077716715113,0.2861672411958622,0.0011178154292317318,0.44016388314903004,-0.0009787031359694519,0.6614289311079893,-0.00042569499105988765,1.364505794256775,0.00010739589982944025,-0.0007346028715336018,0.060538119762646156,0.09413675387011651,0.15
3.125,1720518923,-0.10547819882596984,0.1,0.0600251093761023,0.04224523647647825,0.05251879941427092,0.04594216418820265,0.0010597183503634029,0.001050964099932367,0.04687675721899668,0.2431366342882323,0.04798473567703381,0.08231146441963005,0.0324653903169095,2.7764451051977987,0.1013389876509015,-0.33063414966854643,0.23209012278954486,0.03580432109052239,12.706204736432095,0.029861129878789864,-0.1607485057449492,-0.05020789190699047,0.05521266052358426,-0.2036462593491221,-0.010750115372953898,-0.00882449626492613,0.13433311575578563,-0.0013310163042865196,0.19388446592450692,0.0003998231464468411,0.2861672411958622,-0.0005091782016440668,0.44016388314903004,0.0006617672171481488,0.6614289311079893,-0.0008490312430942252,1.364505794256775,-0.0029107367783534725,-5.925607316830724e-05,0.017191851916812998,0.028276633771348463,0.15
3.125,1137281331,0.04484285735976273,0.1,0.070608072548457,0.055829538855097484,0.07377636194003338,0.08061714141786944,0.0021872110882536597,0.0043119124021351,0.08373375093524156,0.2431366342882323,0.0689164379109326,0.08231146441963005,0.06575997701267651,2.7764451051977987,0.071378260165854,-0.09631180380630762,0.3000438383037331,0.07533221505101725,12.706204736432095,0.05859728772316802,-0.04851395239665745,0.13954958605389006,0.07116181209969409,-0.08682177777683053,0.18071680960350647,-0.0045589256720800775,0.13433311575578563,0.002355980153814207,0.19388446592450692,0.00022429036087851816,0.2861672411958622,0.00034630306242712907,0.44016388314903004,-0.0015601881203322462,0.6614289311079893,-0.0003125459983720363,1.364505794256775,-0.0016325057294359119,-0.000321138501187808,0.03996326171885212,0.05980596292959951,0.15
3.125,466389680,-0.0006120399879646632,0.1,0.07382550397561825,0.12377090962481713,0.1586790975692495,0.12720524881206405,0.008937430274287476,0.007243745051051642,0.15103555971842386,0.32612014812863077,0.14809297577940467,0.08231146441963005,0.08523309644961832,2.7764451051977987,0.08692487020219683,-0.33787074165136277,0.14481351913432397,0.15593995307530212,12.706204736432095,0.07583276054091351,-0.12535065360631215,0.12412657363038282,0.13206010140579647,-0.3078328313209903,0.16339105642820467,-0.006438356889267126,0.13433311575578563,-0.00021717444038451343,0.19388446592450692,-7.14344628938693e-05,0.2861672411958622,0.0006538638639107269,0.44016388314903004,-0.0009921475917804702,0.6614289311079893,-0.0005840800783452774,1.364505794256775,-0.00198218707712137,-0.00036154012667421635,0.04273028067063772,0.06687002820059289,0.15
3.125,784667901,-0.03417476637720489,0.1,0.06555491364027213,0.1044020264723436,0.11868686772354015,0.11755230814151733,0.0030796597142211286,0.010738885435177113,0.11637337674985561,0.13433311575578563,0.11282140509526736,0.08231146441963005,0.10377823797077712,2.7764451051977987,0.07847532907488579,-0.2613343862036831,0.1744305003738232,0.10752651215843018,12.706204736432095,0.0994125077517327,-0.18340322692040056,0.11190715954498515,0.106491805184649,-0.2191389649512925,0.15992529031260033,-0.008993658776370782,0.13433311575578563,-0.0018561572840387227,0.19388446592450692,-0.0004929524161087323,0.2861672411958622,-0.00040882818940733386,0.44016388314903004,0.0002383448850780347,0.6614289311079893,-0.00018143446135410776,1.364505794256775,-0.002912700839792616,-0.00010617333714582526,0.02322526554530576,0.03771341973095296,0.15
3.125,633613159,-0.26179455360487747,0.1,0.05988404878325229,0.071477007774553,0.07137697290972983,0.07358658177651785,5.0894694338591076e-05,0.005364090323213557,0.0751904116848041,0.13433311575578563,0.07371889018879405,0.08231146441963005,0.07334571203851468,2.7764451051977987,0.05891079344817295,-0.4759333664098891,-0.14880819818489238,0.05453991109763532,12.706204736432095,0.06688418391302281,-0.36610771963501076,-0.14543231614359062,0.0904258296462326,-0.480213740099703,-0.1562812025511476,-0.005564128016676398,0.13433311575578563,-0.0038974019999790774,0.19388446592450692,0.0013754105179986384,0.2861672411958622,-0.00040347684214359574,0.44016388314903004,0.00016877190496426942,0.6614289311079893,-0.00043446356523823925,1.364505794256775,0.0005752404024171651,-0.0007694602057835948,0.06200801175180297,0.0909166076227167,0.15
3.125,675812342,-0.12765890982801598,0.1,0.06473706977233414,0.10335856021358991,0.12944267652476524,0.13929609635919155,0.005744754001331235,0.01365864845957794,0.14433777403982428,0.2431366342882323,0.11664608782441264,0.08231146441963005,0.11703898633437439,2.7764451051977987,0.11790268437685632,-0.5639571638961917,0.09074349795941572,0.13686974388830317,12.706204736432095,0.10086694732487321,-0.30821677902191674,0.05289895936588479,0.10372294033029493,-0.381815316847746,0.016108562519429236,-0.006417850982374399,0.13433311575578563,-0.0006200605530687506,0.19388446592450692,-0.0009586134930891904,0.2861672411958622,-0.00029233198798416394,0.44016388314903004,-0.0008414801243168132,0.6614289311079893,0.0006178793850480028,1.364505794256775,-0.002678911844572656,-5.1733227585606455e-05,0.016076264268332176,0.01892273533820548,0.15
3.125,936112360,-0.09391746256535723,0.1,0.06184434641411741,0.09477570636619273,0.12358440560563883,0.11304658545940566,0.006659734589610642,0.006119795894420064,0.13950269056522818,0.32612014812863077,0.1023966288116811,0.08231146441963005,0.07834209063965052,2.7764451051977987,0.07584506944336036,-0.3127896263052541,0.10836971731355592,0.152513136925208,12.706204736432095,0.07181009504694043,-0.22871514193241888,0.024512905878791846,0.09654593155632375,-0.29112529782809765,0.06349612105932705,0.0004917155297949064,0.13433311575578563,-0.0015455354882879073,0.19388446592450692,0.0009913987529434271,0.2861672411958622,0.0012067772521826784,0.44016388314903004,-0.0018561534842759524,0.6614289311079893,-0.001399915142757881,1.364505794256775,-1.0111815892728015e-05,-0.0008542668139636138,0.06556321539948842,0.09500673071363304,0.15
3.125,360526410,0.026318404411785006,0.1,0.07140943909522862,0.09757045977644431,0.0985623466582197,0.06595411067843857,0.0003010651015305111,0.004048879613853213,0.06739670718974096,0.19388446592450692,0.08938298261021958,0.08231146441963005,0.06372269280291834,2.7764451051977987,0.08556196887374735,-0.2197114458715064,0.25540477346969814,0.03494000809330471,12.706204736432095,0.05600468021763319,-0.09237471437721784,0.10437409043990331,0.09115766655089694,-0.09852434851327982,0.2574820863904166,-0.007648687299315268,0.13433311575578563,-0.004703723999518935,0.19388446592450692,-0.0011640321816016673,0.2861672411958622,0.0018440732375974327,0.44016388314903004,-0.0007240062720501051,0.6614289311079893,-0.0006727066940419201,1.364505794256775,-0.002507095998582867,-0.0003448705865866549,0.04151555262401489,0.058087698862501445,0.15
3.125,664026082,-0.19778355816747673,0.1,0.069602830799591,0.05072011120325521,0.05332005418717125,0.04712576920779791,0.00045767525191113285,0.0017631628715155008,0.04770793075197891,0.13433311575578563,0.05470869645922722,0.08231146441963005,0.04205066846038203,2.7764451051977987,0.06073884400284192,-0.3745065227852831,-0.0372303905311569,0.036046208018835436,12.706204736432095,0.03523335014304138,-0.25068850041535945,-0.14267764191404217,0.06316896368197127,-0.3081802636997781,-0.044868138153187624,-0.002583230484852709,0.13433311575578563,0.0010626011549631329,0.19388446592450692,-0.0014371407870981028,0.2861672411958622,-0.002148223790098673,0.44016388314903004,0.0003721551048560364,0.6614289311079893,-0.00032747846096614793,1.364505794256775,-0.0009524406580441039,-0.0005854682347048196,0.05382407646756221,0.0920932682767186,0.15
3.125,1147612966,0.18053674382174337,0.1,0.07467973537071594,0.04807191751214827,0.061438026681448536,0.057032239463769785,0.0019538978307466486,0.0012987785075061309,0.05948391078120407,0.2861672411958622,0.052125278462353014,0.08231146441963005,0.03609061100361878,2.7764451051977987,0.10293650130492,-0.0799660202539541,0.4916290701345098,0.05186886706616533,12.706204736432095,0.031274997508772086,0.12258321850773879,0.23005150649800166,0.0946051996234855,0.113520899029845,0.49604857018654563,-0.006172812636451833,0.13433311575578563,-0.005685804191139175,0.19388446592450692,0.0013525187582485445,0.2861672411958622,0.0002595769257275333,0.44016388314903004,-0.002376826188763685,0.6614289311079893,0.0008944789705645182,1.364505794256775,0.005500676856357572,-0.0024141641406480114,0.11030845826238118,0.17662912310429446,0.15
3.125,646488079,0.00233876477228645,0.1,0.07316223752337504,0.14648215085763708,0.2144026870736501,0.23419210892241304,0.026019803886304177,0.0288261399952232,0.24193268705138546,0.2431366342882323,0.1794743127310977,0.08231146441963005,0.1700277993110597,2.7764451051977987,0.2352398763718202,-0.9470161953773868,0.35924501122236413,0.24640970281499244,12.706204736432095,0.15925012756984033,-0.3019467813218182,0.3066243108663911,0.1306688043951953,-0.3100097256081331,0.1921049335838396,-0.006738575849851275,0.13433311575578563,-0.0014538000577562907,0.19388446592450692,0.0001910694810776647,0.2861672411958622,-0.0010506402773638025,0.44016388314903004,0.0006691398496710272,0.6614289311079893,-0.0015508089152919619,1.364505794256775,0.0001673580052576482,-0.0011099840201816962,0.07479522660834977,0.10041515381905355,0.15
3.125,340887250,0.419755751134275,0.1,0.06428337650992128,0.09348864205396064,0.11677262470754028,0.09138265843620633,0.004749766840636089,0.003601023422232263,0.11044019399296774,0.32612014812863077,0.1049281605567918,0.08231146441963005,0.06009518287165323,2.7764451051977987,0.05666779669896424,0.24806884365152437,0.5627388971858909,0.11297477354753133,12.706204736432095,0.05424828564887649,0.3302124433763232,0.5223956502435967,0.08078655443698138,0.27136494281253254,0.5849215094993865,-0.005966598084559399,0.13433311575578563,-9.609323465906509e-05,0.19388446592450692,-0.0007514837346501293,0.2861672411958622,-0.00146472870847767,0.44016388314903004,-6.896387466443791e-05,0.6614289311079893,0.0002642453638797758,1.364505794256775,-0.0027710244273802223,-8.833228826473925e-05,0.020998444171885948,0.03367407361844768,0.15
3.125,393912183,0.14187696794737048,0.1,0.06422183590288634,0.0719911330068931,0.06612827415638821,0.03653766923554554,-0.0005464300665923832,0.0018814313397585145,0.04248257031761067,0.13433311575578563,0.07357996508553112,0.08231146441963005,0.043438105421279474,2.7764451051977987,0.05563574626716982,0.04028884435452604,0.3492280351495467,1e-150,12.706204736432095,0.040964741189945364,0.07887597690820115,0.20687955523479434,0.08087190907289296,0.06394842918495514,0.39615678118576314,-0.005988932772012346,0.13433311575578563,-0.0021938811036851208,0.19388446592450692,0.0006841322506936028,0.2861672411958622,-0.00048665393011466766,0.44016388314903004,-0.0008499602601997565,0.6614289311079893,0.00021188672416544787,1.364505794256775,-0.0007742607503722906,-0.0006051403949352785,0.0551722028585211,0.07728684178125578,0.15
3.125,1921683344,-0.08845304690379756,0.1,0.07434649973016694,0.09715177675175024,0.1143425661188444,0.11917719428182245,0.0036100323320626595,0.010593171304824596,0.12864604085818243,0.32612014812863077,0.10694756998191204,0.08231146441963005,0.1030717585319163,2.7764451051977987,0.09488200654489916,-0.22360121739194627,0.3032681478939153,0.1349640117809345,12.706204736432095,0.08759853786954434,-0.21883682073768718,0.0726598284803285,0.10423267833708498,-0.22508944751753124,0.1619804342594013,-0.007891379140896567,0.13433311575578563,-0.0036747135780428263,0.19388446592450692,-0.0013684579209008142,0.2861672411958622,0.0007417544748287729,0.44016388314903004,-0.00016617950546404117,0.6614289311079893,-0.00034701601485999866,1.364505794256775,-0.0015259081583335768,-0.000523085706795258,0.05106991047491329,0.07057684103439942,0.15
3.125,1908526400,-0.17267068313680245,0.1,0.04842966675972561,0.024437804868543616,0.0301105785925795,0.04826693726086231,0.00023228603575785377,0.002097411196786164,0.048962900405032164,0.32612014812863077,0.027925653164080643,0.08231146441963005,0.04586363569166536,2.7764451051977987,0.05774266403835595,-0.3722112824361731,-0.05157260857542442,0.05000765862340444,12.706204736432095,0.04187245896312803,-0.2433021892150244,-0.09115918809881116,0.03214611487035164,-0.22025452635894902,-0.11067397983835005,-0.004656577830071438,0.13433311575578563,-0.001976142163643947,0.19388446592450692,-0.0010335156751545235,0.2861672411958622,0.0003683726091448564,0.44016388314903004,-0.0009592349854105179,0.6614289311079893,0.0004088104883184707,1.364505794256775,0.0022824817909740214,-0.0012166658548495816,0.07771254615991972,0.12631487875540023,0.15
3.125,1192795891,0.3442708497772822,0.1,0.07132713233711856,0.09323822366097176,0.09961598400884783,0.11846748295690598,0.001714072752659137,0.012320471765485673,0.12071367026087929,0.19388446592450692,0.09823608480715845,0.08231146441963005,0.11115790599586663,2.7764451051977987,0.09611577245040354,-0.005508267569318326,0.5282120643351383,0.10811597516236304,12.706204736432095,0.10407093552085632,0.16362090961314354,0.5249207899414208,0.0822557837675191,0.2063366251962624,0.5088515432839547,-0.0065877446145436004,0.13433311575578563,-0.0008639328224718356,0.19388446592450692,-0.0009696032497021567,0.2861672411958622,0.00047136738970593407,0.44016388314903004,0.0002486705550121966,0.6614289311079893,-0.001503402439858515,1.364505794256775,-0.0024902044810310633,-0.00031913502190069807,0.03977820025057272,0.05741575366272184,0.15
3.125,248239481,0.01534600473160842,0.1,0.07605368141162865,0.07457822256224696,0.06925211324856022,0.0895212562778009,-0.00018686975217198191,0.00820092507772769,0.09222159076327198,0.13433311575578563,0.08019865306533079,0.08231146441963005,0.09068973025281339,2.7764451051977987,0.18566097366496112,-0.39758209507319353,0.6333729080434839,0.08559463411025542,12.706204736432095,0.07488000384246095,-0.1316869117212445,0.15254757510475891,0.0964228303583555,-0.17824398536480024,0.1782351367855665,-0.00647695325111163,0.13433311575578563,-0.00010189472978089992,0.19388446592450692,-0.0012261491863541835,0.2861672411958622,-0.0006315925793929806,0.44016388314903004,-0.0008792725035773967,0.6614289311079893,0.00016220543479696992,1.364505794256775,-0.00023817843000135155,-0.0009038289916156643,0.06741638561538905,0.10444392423807548,0.15
3.125,2140563639,0.22575679316708264,0.1,0.06567097899831686,0.06297236503464196,0.0642781732004236,0.0909366367564058,0.000716290854823044,0.00755318104974345,0.09285151633931142,0.2431366342882323,0.06381095062657874,0.08231146441963005,0.08703453942416994,2.7764451051977987,0.1798565670546923,-0.24435898650952181,0.7543647839638384,0.09594533510686419,12.706204736432095,0.07846751941158117,0.06578286894661972,0.3670434203530223,0.10042536579308346,-0.08280313656861496,0.31485401755509845,-0.0006268848060112779,0.13433311575578563,-0.004442313810893872,0.19388446592450692,-0.00022671326460221267,0.2861672411958622,-0.0012616243120759565,0.44016388314903004,0.0005043035386467045,0.6614289311079893,-0.0005063140941356043,1.364505794256775,-0.00047150227189958423,-0.0005364441031398857,0.05156539836455805,0.07131256800518777,0.15
3.125,2053655949,-0.5235697356002621,0.1,0.044682245234878834,0.04092358525209042,0.046148392940047495,0.03588199867305309,0.000421284481895599,0.0008662333468773845,0.03867634419160258,0.2431366342882323,0.045029667125323275,0.08231146441963005,0.02947434327451139,2.7764451051977987,0.03383736489757576,-0.5774104203551297,-0.38951524806979765,0.03234804865398107,12.706204736432095,0.025741992434883832,-0.5691843438066277,-0.4809624839092483,0.08827786437625716,-0.585364980785018,-0.38780506402735354,-0.00975339091728571,0.13433311575578563,0.0021235886780170397,0.19388446592450692,-0.0005421875072499029,0.2861672411958622,-0.0007070448905993655,0.44016388314903004,-0.0007367673202483525,0.6614289311079893,0.0004148141901802199,1.364505794256775,-0.0020227991062464813,-0.0003447060211489272,0.041695861311106835,0.060216864332446544,0.15
3.125,1008720842,0.31700963042474173,0.1,0.04719048739817703,0.04485026983336787,0.0602239210958856,0.06913255145082056,0.0021118041050738686,0.0026675055650264845,0.06931453106375447,0.13433311575578563,0.056719001325742764,0.08231146441963005,0.051722481752934375,2.7764451051977987,0.1257986991639667,-0.1941451948190921,0.5044011702489993,0.05692172550667522,12.706204736432095,0.04593797887703298,0.2303651078367207,0.400414037848752,0.07483140285359353,0.05048627013248618,0.3734472159330216,-0.0077966654006356734,0.13433311575578563,-0.0009743548649394031,0.19388446592450692,-0.0001950693088414525,0.2861672411958622,-6.194174611471764e-05,0.44016388314903004,0.00010234487752699169,0.6614289311079893,-0.00022114576674383347,1.364505794256775,-0.001241144030417469,-0.00032414574665426795,0.0400902107949167,0.06557599396151238,0.15
3.125,517395875,0.11449592440496384,0.1,0.06519248999020655,0.05696357000559727,0.06705959103959742,0.03912322503666437,0.001153710908095258,0.00037691582917422377,0.03825809489903523,0.19388446592450692,0.06204774136131147,0.08231146441963005,0.01944235534295327,2.7764451051977987,0.048237536444245006,-0.02082852278936366,0.2470292211054853,0.019140740054464492,12.706204736432095,0.017338235642812946,0.08068288516382302,0.14398833763591498,0.12368209065358586,-0.13094499221609057,0.41818432879573164,-0.011774068066620708,0.13433311575578563,0.0005466627218916549,0.19388446592450692,-0.0004961535471620996,0.2861672411958622,-0.00028531028402208606,0.44016388314903004,-0.0008261688146702523,0.6614289311079893,0.0006745493102415116,1.364505794256775,-0.0023956089696369268,-0.0002960865343794882,0.038549078074772106,0.056182935939970584,0.15
3.125,173042607,0.21279734392649316,0.1,0.06325513678282295,0.10968412472663658,0.13522731432635726,0.13896681116709086,0.004107740790493175,0.015204033815456715,0.14510797508182305,0.32612014812863077,0.1244726665226023,0.08231146441963005,0.12348269558817151,2.7764451051977987,0.11873672138213222,-0.2774472481154942,0.38188472966181736,0.14901486715239337,12.706204736432095,0.12118746705692612,0.025576732430096328,0.3980634092698013,0.1605437260329013,-0.2166484188268692,0.3288411768522542,-0.004944749954397002,0.13433311575578563,-0.002465782165952628,0.19388446592450692,-0.0008495531151601507,0.2861672411958622,-0.0013717166611528057,0.44016388314903004,0.0002527524212471645,0.6614289311079893,-2.771879709767447e-06,1.364505794256775,0.0021851584317413176,-0.0013589330675772124,0.08246936251971793,0.12223382541633741,0.15
3.125,778206158,-0.06725625420810269,0.1,0.06442294803143325,0.07151979468681235,0.09837911398681087,0.1179870546074526,0.004049570252719245,0.009871374802222756,0.12852575364844096,0.32612014812863077,0.08718021564158376,0.08231146441963005,0.09949826524719052,2.7764451051977987,0.13949908751263196,-0.4752602646700148,0.2993628527379979,0.1306718272873735,12.706204736432095,0.09551536774766872,-0.22333522687109103,0.08882271845488565,0.0838777690208249,-0.2647082000928174,0.05123355364384313,-0.0010398997778940653,0.13433311575578563,-0.0023306015082601795,0.19388446592450692,-0.0014050050822248968,0.2861672411958622,0.0011507119688660868,0.44016388314903004,-0.0012568790247059905,0.6614289311079893,-0.0006319259607431085,1.364505794256775,-0.002230403707948827,-0.0002573938517918632,0.03587923182005423,0.048221568169751525,0.15
3.125,757368346,0.03931944539158668,0.1,0.06925732839057365,0.10238985793891545,0.13231282352843546,0.10228786212224274,0.0072008267373830336,0.0032619800001559064,0.10506298285433044,0.19388446592450692,0.11542206176109586,0.08231146441963005,0.05719622092426761,2.7764451051977987,0.07671043456747706,-0.20486371047633162,0.22110091066860377,0.07630307881399023,12.706204736432095,0.05043092058359074,-0.051481354387180454,0.11716903910618354,0.09650799458965983,-0.1638362386313384,0.20972570391364806,-0.007975417522206216,0.13433311575578563,-0.0008359962424172792,0.19388446592450692,0.0008307286937960521,0.2861672411958622,-0.0020083266649900526,0.44016388314903004,-0.0006712357959384746,0.6614289311079893,0.0007778835110247354,1.364505794256775,-0.0008459725103064028,-0.000690479207402841,0.058492643115381375,0.08925001466295618,0.15
3.125,617828789,0.10612553269451946,0.1,0.06052054733526505,0.06325475104834831,0.06028709522678171,0.04476261979271246,9.497271797805334e-05,0.0019087194127288803,0.05280262844768704,0.32612014812863077,0.06045685984163804,0.08231146441963005,0.0437519821587945,2.7764451051977987,0.13342245051597926,-0.3943837684195907,0.3464964508975816,0.060003548251009266,12.706204736432095,0.04061243969800793,0.021249449980326393,0.16496167290727598,0.09933547628868925,-0.18611272186599886,0.2353745830833605,-0.008921916202447058,0.13433311575578563,0.0010151265710396007,0.19388446592450692,0.0007351986698034695,0.2861672411958622,-0.0011796268414126134,0.44016388314903004,-0.0003092475951310205,0.6614289311079893,3.454856372035142e-05,1.364505794256775,-0.0021465838026012373,-0.00028081432857598776,0.03748895110163996,0.05142691280211252,0.15
3.125,2084002234,-0.2953067039609678,0.1,0.0665042055677238,0.09009830113130692,0.11569943322626701,0.11659341598078905,0.005515742720299047,0.00807828192977027,0.11992182380181346,0.19388446592450692,0.10179933994031806,0.08231146441963005,0.09000905268585732,2.7764451051977987,0.09132821159349262,-0.5067546592329973,0.0003808728574455911,0.10531646479584564,12.706204736432095,0.0762510202536755,-0.4365723780487264,-0.17630023472441916,0.0969620304066858,-0.4393812378865595,-0.09211634602579233,-0.010102847429165207,0.13433311575578563,-0.0010930805802347827,0.19388446592450692,0.0020428575065040253,0.2861672411958622,-0.001985254412212179,0.44016388314903004,1.1855439136139513e-05,0.6614289311079893,-4.398136990941467e-05,1.364505794256775,-0.0031675850334570467,-0.00016660916941666125,0.0287495419716489,0.03768668115570414,0.15
3.125,1652913254,0.17519291569710477,0.1,0.06279162708864357,0.0320669393290015,0.035815415607841815,0.023342913073200515,0.0002628365492377649,0.0002820550415052306,0.023610913853529727,0.19388446592450692,0.033689461089392754,0.08231146441963005,0.016818746370834532,2.7764451051977987,0.1338582287974857,-0.22302038835029558,0.5202796599201569,0.0110239719299647,12.706204736432095,0.01659928047108953,0.14404827006339546,0.20633756133081407,0.07500859611799761,-0.0643230639734251,0.2208982651390914,-0.008230331602966814,0.13433311575578563,0.0025794983266752784,0.19388446592450692,-0.00025339487702037906,0.2861672411958622,-0.0010407295488262414,0.44016388314903004,-0.0007482632419477345,0.6614289311079893,6.985588018298139e-05,1.364505794256775,-0.0007010474458665269,-0.0007108924359829001,0.05981613764446106,0.09432091445419069,0.15
3.125,1406074592,-0.07211969279539539,0.1,0.05832184347147461,0.035018655682954446,0.031595286612441195,0.019322085488293724,-0.00033412358508200907,0.00070746657269894,0.027810194438714443,0.32612014812863077,0.030457922999867628,0.08231146441963005,0.026636652826061008,2.7764451051977987,0.18174909249203086,-0.7319881471221071,0.2772446093251749,0.030477271711773724,12.706204736432095,0.023353599410201,-0.11036666102972198,-0.025352221164879216,0.08196879933182451,-0.2501833914067979,-0.00901090931168272,-0.009817799234562002,0.13433311575578563,-0.0017817648735558224,0.19388446592450692,-0.0007434202994157633,0.2861672411958622,8.032847710640902e-05,0.44016388314903004,-0.00021102764348478905,0.6614289311079893,-0.0003431103632362738,1.364505794256775,0.00040141617372263744,-0.0010956392068683064,0.07385765906424817,0.12430956202982567,0.15
3.125,1789389655,0.060807205389573085,0.1,0.05960037735078698,0.052899493778577375,0.06161945543682311,0.07725476176668349,0.0010952242500376647,0.004873073965589355,0.08310660938640416,0.2431366342882323,0.05710599600681474,0.08231146441963005,0.06990821120863866,2.7764451051977987,0.0720259766135669,-0.13113172580386415,0.2688206146277937,0.07371454258916382,12.706204736432095,0.056753607067522485,-0.03982153128435849,0.17681481347650005,0.053293668597678735,-0.03583621256319248,0.15971658734461075,-0.005460123386048541,0.13433311575578563,-0.001524931933812481,0.19388446592450692,-7.63065826253386e-05,0.2861672411958622,-0.000276546653013709,0.44016388314903004,0.00019024581369515929,0.6614289311079893,-0.0007426546992235756,1.364505794256775,0.0006158037739480406,-0.0008735988015400833,0.06605481656244401,0.09533986855479806,0.15
3.125,842827208,0.04350596634643766,0.1,0.06031252894087414,0.07750773355810812,0.0936294595854134,0.11072154677629364,0.0027945850691841884,0.009464675851350792,0.1276206940319084,0.32612014812863077,0.08296332967371298,0.08231146441963005,0.09742705171478021,2.7764451051977987,0.19546527391281787,-0.6700798465222203,0.41531735946056003,0.1300314610016441,12.706204736432095,0.08178018178018018,-0.07305572939330782,0.20360327164869924,0.0756711017121309,-0.1101494326704494,0.1703076456949463,-0.005161378280454584,0.13433311575578563,-0.002582811650752862,0.19388446592450692,0.0034706281705885506,0.2861672411958622,-0.0005334035103371155,0.44016388314903004,-0.0003586624469548271,0.6614289311079893,-0.0011724578219155927,1.364505794256775,0.0024512696010697633,-0.001358236791457672,0.08221462653372026,0.11609992905469049,0.15
3.125,703826270,0.32585667326329,0.1,0.06476707418947572,0.051452606516242734,0.07718291692234826,0.09126826338284857,0.0036233009657637657,0.004706594935157251,0.09430748011406422,0.19388446592450692,0.06361745733028909,0.08231146441963005,0.06870369575715986,2.7764451051977987,0.12888380301887775,0.012207188147735526,0.7278847962098163,0.08794772770642807,12.706204736432095,0.06363856528569599,0.22374508518584152,0.45576341578885665,0.07974647309664916,0.22195023291743987,0.5579886406482306,-0.010233443508443706,0.13433311575578563,-0.0007525941195039138,0.19388446592450692,-0.000352512210991639,0.2861672411958622,-0.0009194802937020147,0.44016388314903004,0.0005250542083341125,0.6614289311079893,-0.0001165118095610104,1.364505794256775,0.00010548906519261649,-0.0008368986848119787,0.06500683336827996,0.0851189651982869,0.15
3.125,1554138663,0.26025618189410876,0.1,0.07518484722652077,0.07675556694361066,0.08011353606306372,0.0635257928856501,0.0006187468751280931,0.0034167794866224203,0.06437664244651949,0.13433311575578563,0.0826948011518509,0.08231146441963005,0.0585376338080373,2.7764451051977987,0.15489537383192145,-0.06751802676916957,0.7925989782176734,0.04216153218278838,12.706204736432095,0.048305543894559176,0.1720465561061209,0.35729931555996436,0.08541871502613373,0.15546560149388744,0.49159392323013595,-0.0017744887611914964,0.13433311575578563,-0.00866739086169301,0.19388446592450692,-0.004461408232220972,0.2861672411958622,0.001461288100005421,0.44016388314903004,0.00012004120848614293,0.6614289311079893,-0.000767205032345135,1.364505794256775,-0.0008003744241949368,-0.0010056570051420993,0.07097559100215796,0.10106551264810425,0.15
3.125,448982507,-0.20246672629945156,0.1,0.06004397139351632,0.06899549060754007,0.09008370064384913,0.09516217317582178,0.003470021802956683,0.0055858174005884095,0.09539674838565275,0.19388446592450692,0.07926882275838236,0.08231146441963005,0.07484625161967007,2.7764451051977987,0.06045901319138614,-0.4378076845722627,-0.10208542209163629,0.06995345399691649,12.706204736432095,0.07194483758166095,-0.3203970841852803,-0.09641330504444832,0.07589657925897633,-0.35468045234447193,-0.07451718661364436,-0.009617551365463039,0.13433311575578563,0.0003351297676307672,0.19388446592450692,0.000758020445869159,0.2861672411958622,-0.0023842745156296254,0.44016388314903004,0.0007776828585772475,0.6614289311079893,-4.4167066586637726e-05,1.364505794256775,0.002371050330148715,-0.0013823944783539677,0.08362017121322156,0.12666387792576658,0.15
3.125,729996823,-0.38462001104500315,0.1,0.07125019382769836,0.07618455710578032,0.0853167184343462,0.08004842534407072,0.002020109990752671,0.004387640409312594,0.08039246725932199,0.19388446592450692,0.07894774052591998,0.08231146441963005,0.0663349187906189,2.7764451051977987,0.08767604782493764,-0.7376205358639496,-0.25076506821067723,0.05092936380599881,12.706204736432095,0.05977243243391837,-0.48157979113911514,-0.28766023095089116,0.10515988975227063,-0.6348585915733829,-0.27394797232584117,-0.009980272569325589,0.13433311575578563,-0.0022544647314896747,0.19388446592450692,-0.00046681987504397347,0.2861672411958622,-0.0012615663258895913,0.44016388314903004,0.0005003180886397707,0.6614289311079893,0.00012931399806842553,1.364505794256775,-0.0003690591780699093,-0.0008012041458002226,0.06326161061382182,0.0736424218348285,0.15
3.125,1087078685,0.054767598785800876,0.1,0.07161174412302176,0.08545670986712349,0.09452393020792871,0.0697812397203721,0.0020947973290057634,0.0027746240879062732,0.07143228007792571,0.13433311575578563,0.09433889592915685,0.08231146441963005,0.052750765233018235,2.7764451051977987,0.04922054968506253,-0.07444014187104178,0.19887616662543203,0.056535962678085756,12.706204736432095,0.04842603896451936,-0.03144443984646363,0.14097963741806538,0.0926284330588401,-0.11139651314770795,0.24582267559310952,-0.0070459575266916255,0.13433311575578563,-0.004913187758007257,0.19388446592450692,0.003978107139560162,0.2861672411958622,-0.002317681908186808,0.44016388314903004,-0.00015845881923714936,0.6614289311079893,0.00029146563901561254,1.364505794256775,0.0013560386710837254,-0.001131879529089078,0.07570749258545693,0.10625698080948631,0.15
3.125,228423235,0.0172249813335573,0.1,0.06322605634868823,0.07652965974471287,0.09836825944276978,0.09874412035358802,0.003872281441844974,0.005878119862558901,0.09918123960896166,0.19388446592450692,0.08713335771296332,0.08231146441963005,0.0767796108891471,2.7764451051977987,0.1487738697303708,-0.1780058051967464,0.6481191595916995,0.07663570558349295,12.706204736432095,0.0718989045262342,-0.10216986145371526,0.13135435362057138,0.11575392690875771,-0.08250414235349775,0.3457684652486533,-0.007482848879871694,0.13433311575578563,-0.0027822047109825167,0.19388446592450692,-0.0002741921656967851,0.2861672411958622,0.000666624824055316,0.44016388314903004,0.00033171777715933594,0.6614289311079893,-0.0010603749398086653,1.364505794256775,-0.0029621048673091977,-4.895326692720162e-05,0.015617369351616959,0.019026058732103376,0.15
3.125,1766706902,0.06123266675055031,0.1,0.0662441295167864,0.036895956943152286,0.05169665807436846,0.033864355578846546,0.000995123714699509,0.00015167086407104634,0.03372654451244416,0.13433311575578563,0.04668860555855248,0.08231146441963005,0.01233325663275996,2.7764451051977987,0.019492233729703694,0.015596269374714145,0.12383450323112866,0.021588306913956485,12.706204736432095,0.010287518230957774,0.04236916703626656,0.07911443223767627,0.07055092984457689,-0.07421161603487729,0.2446751362731083,-0.009775129062850526,0.13433311575578563,0.002478365797731534,0.19388446592450692,-0.0005945268235076072,0.2861672411958622,-0.00020550881920018585,0.44016388314903004,-0.0008147337937617435,0.6614289311079893,0.00017431045937785455,1.364505794256775,-0.0015171064291355154,-0.00044631303140977956,0.047404877846771554,0.06161932148256203,0.15
3.125,1482018728,-0.20383113323287327,0.1,0.06283470909785534,0.04460218100807208,0.05757533876162321,0.05460032253562446,0.0013389760771418814,0.0016422191438523386,0.0597975732040647,0.32612014812863077,0.05161961628104627,0.08231146441963005,0.040582822005818635,2.7764451051977987,0.10900682144889326,-0.4104565089098318,0.19484640278006843,0.06326469060831938,12.706204736432095,0.03756997304884749,-0.2731197127815682,-0.14456834036855556,0.06822392776330487,-0.3675593190612554,-0.12973451836415492,-0.009777991460629973,0.13433311575578563,0.0017388743331002438,0.19388446592450692,-0.0020081254535912847,0.2861672411958622,-0.00015600934457953852,0.44016388314903004,0.0010223694025034414,0.6614289311079893,-0.0010162692140450143,1.364505794256775,-0.0019469956247406622,-0.0003108212010887661,0.03938861725159148,0.06355346933771765,0.15
3.125,1129408468,-0.049426219810014736,0.1,0.04857699576356581,0.0392143313245298,0.042259898094620184,0.05468441304715633,0.0003361006102028138,0.0026542844201091877,0.05463516135659593,0.13433311575578563,0.042449420543145155,0.08231146441963005,0.05159414465192575,2.7764451051977987,0.0969171108824145,-0.2203063284612969,0.3178637477774872,0.04455426919427604,12.706204736432095,0.04796564130509498,-0.1389088965121445,0.04005645689211501,0.04643928735871337,-0.1185248346013246,0.06546113856654621,-0.00805820028985277,0.13433311575578563,-0.0032663397027878982,0.19388446592450692,0.0019588939463636773,0.2861672411958622,-0.0005715854591514933,0.44016388314903004,0.000684908896297089,0.6614289311079893,-0.0010355223746774634,1.364505794256775,-0.0008680054643246708,-0.0005197632442219335,0.051044926989415526,0.053989511962852954,0.15
3.125,1022502580,0.20438108135335398,0.1,0.06508795478008578,0.044348827577440325,0.0567989197670195,0.06698461926465334,0.00221383113798054,0.0022731080800500267,0.08152516650282098,0.32612014812863077,0.047342007680187204,0.08231146441963005,0.04774597110314086,2.7764451051977987,0.03591266971175657,0.1346494086170209,0.33406852068860443,0.08690311349577225,12.706204736432095,0.04645913400448047,0.13405959690171262,0.2747025658049953,0.06780625338997014,0.13729875051239523,0.36612609594886436,-0.005924718202770992,0.13433311575578563,-7.258112997002486e-05,0.19388446592450692,0.0004249217835333423,0.2861672411958622,-0.0038054298788424337,0.44016388314903004,0.0012618991148075703,0.6614289311079893,-0.00036904473417635563,1.364505794256775,0.0015559695852907546,-0.0013221111210875093,0.08119386237341487,0.13473927454216333,0.15
3.125,1612604300,0.1046707233489888,0.1,0.0666503416956711,0.08403788783205965,0.08127912776828242,0.08007255543546464,4.9645839653951473e-05,0.006361968294311605,0.08149658115557563,0.13433311575578563,0.08311645367294329,0.08231146441963005,0.07987712742652721,2.7764451051977987,0.07209456511543942,-0.26097158691170064,0.13936161794055085,0.051347098185030124,12.706204736432095,0.06886033392423387,-0.012963580036625566,0.22230502673460317,0.15112958664804074,-0.35570881076274946,0.23114218599060837,-0.00918091423550406,0.13433311575578563,2.0380765285449267e-05,0.19388446592450692,0.0007108679050873879,0.2861672411958622,-0.00022369586635766954,0.44016388314903004,-0.000653734821018595,0.6614289311079893,-0.00011824448736678751,1.364505794256775,-0.0017640742755167158,-0.00038660492518149844,0.04418011602627303,0.07276596042662568,0.15
3.125,1085807684,-0.06921239744088342,0.1,0.07134298477346558,0.17835072375792432,0.20990579943306806,0.19074004400613126,0.013243642919699108,0.023138121467761782,0.22045400320020572,0.32612014812863077,0.1886736655147544,0.08231146441963005,0.15233185698072016,2.7764451051977987,0.13169250969712418,-0.5231091429636946,0.20816490491589357,0.2338571580736577,12.706204736432095,0.1399905834971633,-0.2824139186553875,0.15054723252030647,0.20239398311628723,-0.5173154693008772,0.22826895013608134,-0.007868091514471924,0.13433311575578563,-0.0016815714867255034,0.19388446592450692,-0.0016156026062397466,0.2861672411958622,7.373274789533684e-05,0.44016388314903004,-0.0006218741400713655,0.6614289311079893,0.0006509591355449566,1.364505794256775,-0.00022083132876531353,-0.0007105346960102458,0.05965860380897746,0.069977894461635,0.15
3.125,1774291621,0.14010986050878482,0.1,0.07153100324824337,0.08203844763888486,0.0917802620622659,0.10149328319897676,0.0022443547594160496,0.008056531775091648,0.10178255212480877,0.13433311575578563,0.0854263767303109,0.08231146441963005,0.08988779977843543,2.7764451051977987,0.11883859999378195,-0.321227705609873,0.33866999291271704,0.08952541262895433,12.706204736432095,0.06994124161696591,-0.02614994558805256,0.24396007232210348,0.09059277862281535,-0.08396315898543998,0.2572779239071527,-0.007803864142723313,0.13433311575578563,-0.0011990354623916926,0.19388446592450692,-0.0016223444005651578,0.2861672411958622,-0.0010907885935961554,0.44016388314903004,0.001168434359362285,0.6614289311079893,-0.0007347201125284603,1.364505794256775,0.0017525447347393143,-0.001307515474615841,0.08084270363628758,0.1012141553353966,0.15
3.125,2002478643,0.13532277917015992,0.1,0.07574761079932307,0.129697333988087,0.15336799747454682,0.17942709016358238,0.007904890374893545,0.024289190309676773,0.1805971637753489,0.32612014812863077,0.14755317663990877,0.08231146441963005,0.15607495084628428,2.7764451051977987,0.1375090754649209,-0.22793327001317212,0.5356395289765365,0.18323896028943787,12.706204736432095,0.14263132282503632,-0.11330809840545467,0.37472310323438696,0.13447487194585495,-0.07323380978276628,0.3977507419467655,-0.010128647616756635,0.13433311575578563,0.0009667912692795179,0.19388446592450692,0.0019411496161148925,0.2861672411958622,0.0003328967893099108,0.44016388314903004,0.00012625669346551325,0.6614289311079893,-0.002024917299098915,1.364505794256775,0.0005597644837021002,-0.0010691140136353413,0.07270945265044242,0.10230029819663677,0.15
3.125,400836489,0.026685793837132765,0.1,0.03860283192414266,0.013992010572633513,0.011957362193673672,0.005860150416991782,-2.6494335451216508e-05,6.0835698360985465e-05,0.006643296446982322,0.13433311575578563,0.01171121795306133,0.08231146441963005,0.007810987394612269,2.7764451051977987,0.049063881639236424,-0.11170322860999823,0.160743119428526,0.0056013230910567325,12.706204736432095,0.006814272022375528,0.015477989400744196,0.03789359827352133,0.024067591402235747,-0.0028941959947104035,0.07909871020699825,-0.008167059348536992,0.13433311575578563,0.0003763114896714228,0.19388446592450692,-0.0006602337981358023,0.2861672411958622,-0.0007551927546300864,0.44016388314903004,0.0002448863113974025,0.6614289311079893,-3.502481601668649e-05,1.364505794256775,0.0003113257140364994,-0.0007541713379470835,0.061651557761763946,0.09239775075183787,0.15
3.125,327732520,0.10980674884355346,0.1,0.06445662043674898,0.08857788660402412,0.11411016630425302,0.09807979016760884,0.005747480205217124,0.0038721650341050568,0.10416559636399045,0.2861672411958622,0.09907941438136758,0.08231146441963005,0.062316580959864344,2.7764451051977987,0.1384348915043345,-0.4027848194147279,0.3659289343968678,0.10100729371710183,12.706204736432095,0.05513822090958028,0.0215780522133531,0.19619923135432601,0.14739701345665124,-0.38315978320561933,0.21474141839124114,-0.006334551479079453,0.13433311575578563,-9.787844800283347e-06,0.19388446592450692,-0.0004198292980656573,0.2861672411958622,-0.00032665587782708237,0.44016388314903004,0.0001982973295371329,0.6614289311079893,-0.00081981270613136,1.364505794256775,-0.0019861413466624785,-0.0002833483147165271,0.037715187667297395,0.051376037762013514,0.15
3.125,1992181774,-0.1874870706531494,0.1,0.056102947969085076,0.05541825895903693,0.06075001526315277,0.05319055440288304,0.0007309690601506086,0.002098266017535452,0.05522481877765463,0.13433311575578563,0.062271127124546036,0.08231146441963005,0.0458729808295394,2.7764451051977987,0.06177603792025755,-0.38280949506282846,-0.03977393885840316,0.042495713946416554,12.706204736432095,0.04174775278665099,-0.2601619481167181,-0.11481219318958072,0.054376338486138626,-0.27322403936542217,-0.06754148388896185,-0.007168859202557176,0.13433311575578563,-0.0004911523526607102,0.19388446592450692,0.0034696264536535474,0.2861672411958622,-0.0005863867538234629,0.44016388314903004,-0.0004085346379455829,0.6614289311079893,-0.0012938162128232642,1.364505794256775,-0.002790849034437044,-0.00011416204529574629,0.02384670426158998,0.03784100557994658,0.15
3.125,1853625189,-0.11899785233780566,0.1,0.064647666058116,0.09468553472737261,0.13113418499087906,0.13249758935587175,0.008912283051083497,0.00864332813403372,0.1510231861444424,0.32612014812863077,0.11831234141744039,0.08231146441963005,0.0931037531530502,2.7764451051977987,0.10247972201780707,-0.34635405922608997,0.22270458593065312,0.15433205163833627,12.706204736432095,0.08634505096449682,-0.27441026519635303,0.017196201539988187,0.09018470297283061,-0.26495895780002643,0.12091322822734536,-0.007251363545476172,0.13433311575578563,-0.004849695866275013,0.19388446592450692,-0.00010380176173439383,0.2861672411958622,0.00013722041690153417,0.44016388314903004,-0.0005844451644088721,0.6614289311079893,0.0002202055048027265,1.364505794256775,-0.001914638713443624,-0.00042501048931481336,0.04604305549009139,0.0709368596747494,0.15
3.125,1508685338,0.062468581287733645,0.1,0.06892764049602895,0.04575157063993598,0.05156233499798691,0.050627531963216454,0.000288093432679928,0.0022750535600065754,0.05161580610656525,0.13433311575578563,0.05736489635671822,0.08231146441963005,0.04776639885225756,2.7764451051977987,0.11664570070657138,-0.20556620024122563,0.44215456929702934,0.043148785247038836,12.706204736432095,0.04100427208110016,-0.010090804808312988,0.13023690113304154,0.08861321013221894,-0.1785422988699822,0.14905434928538927,-0.00812492617873256,0.13433311575578563,0.0010432841502836002,0.19388446592450692,0.0014010239817333918,0.2861672411958622,-0.0014856428786367139,0.44016388314903004,-0.0013234325733022616,0.6614289311079893,0.0005457404046366858,1.364505794256775,-0.0018333570552361838,-0.0004734752857577572,0.04873670905469274,0.06751348122723931,0.15
3.125,350503347,-0.23341913688877775,0.1,0.06126336053635413,0.06418008609391078,0.07572734430188574,0.09038894909715278,0.0014889369995294555,0.006681225119358219,0.09701506926074653,0.32612014812863077,0.06909780406628059,0.08231146441963005,0.0818567957994149,2.7764451051977987,0.11027809487914116,-0.3665132184354677,0.24584893503999208,0.0953616636637387,12.706204736432095,0.07714578687115664,-0.3581972464391763,-0.10864102733837924,0.10966562224534364,-0.3040395384091889,0.05807940176153972,-0.008544196481530781,0.13433311575578563,0.0010254326889574089,0.19388446592450692,0.00046106145395142763,0.2861672411958622,0.00040811404055813747,0.44016388314903004,-0.0011091553203304736,0.6614289311079893,-0.00012049562197347675,1.364505794256775,-0.002305224015627709,-0.00019167992261767575,0.030911938287550057,0.050293256448187294,0.15
3.125,1527099687,0.029460328063054812,0.1,0.06149537118518461,0.08401684977101981,0.10752346865638648,0.09821038913045048,0.00481473964555584,0.004830540887598666,0.10004242908229681,0.19388446592450692,0.09426822872365331,0.08231146441963005,0.06960245677007296,2.7764451051977987,0.06923243740544845,-0.15978573468689383,0.22465438922364683,0.0900076776866992,12.706204736432095,0.06019894924388749,-0.06771081577732815,0.13336234565977206,0.07450415314989149,-0.0915058865108751,0.201357106254333,-0.0066379936208776375,0.13433311575578563,0.0022156762004956233,0.19388446592450692,0.0010983086709531879,0.2861672411958622,-0.0002458190527150037,0.44016388314903004,-0.0008211609251173293,0.6614289311079893,-0.00025242034600704403,1.364505794256775,-0.0011233690997819064,-0.0003209581328923247,0.04030668256137498,0.06471097976208619,0.15
3.125,11959488,0.20689599525770427,0.1,0.06470439827557459,0.06291390346052876,0.05806431457892285,0.08742236239132524,-0.0006321439258427349,0.008274813371922932,0.08748863004277603,0.13433311575578563,0.058279326464314614,0.08231146441963005,0.0910973601017424,2.7764451051977987,0.2990333118815074,-0.6429051697813006,1.0175939803476952,0.08140226099822873,12.706204736432095,0.0819710261673118,0.07674700542615084,0.37681008461188126,0.08025970532415092,0.036718970758506345,0.3065561997089268,-0.010676685070521236,0.13433311575578563,0.0011828596053217177,0.19388446592450692,-0.0017119856151633721,0.2861672411958622,0.0001273939581153026,0.44016388314903004,0.0002872764329563741,0.6614289311079893,-0.0005873216563046052,1.364505794256775,-0.0019404346947776094,-0.00041033731799560363,0.04534368812881967,0.047736367556708986,0.15
3.125,488678714,-0.49479820980144484,0.1,0.07190466108118414,0.06311275835019389,0.07481161542673914,0.10080571518564825,0.0014555013996035188,0.008706290814486515,0.10053626143852575,0.19388446592450692,0.06978774986420712,0.08231146441963005,0.0934422468945487,2.7764451051977987,0.2873278834522673,-1.0635431236214723,0.5319570675743099,0.09405851918191643,12.706204736432095,0.07381743693577805,-0.6143229285292233,-0.337235096525935,0.12251134832403224,-0.5828538454963197,-0.1091804813124635,-0.0061100459129242975,0.13433311575578563,-0.00047078629291714616,0.19388446592450692,-0.0019361038825856773,0.2861672411958622,-0.00033243255882609143,0.44016388314903004,-8.371257874954676e-05,0.6614289311079893,-0.00044412760376076415,1.364505794256775,-0.0032944806708467347,-0.00011437381094394849,0.023829521972628588,0.032547190651894285,0.15
3.125,302165927,0.08499721777559183,0.1,0.07053720462657673,0.07788967146969268,0.09231972935158864,0.0742809828846566,0.002525246567931164,0.0029924178503794832,0.07678191786116868,0.32612014812863077,0.08503919260975777,0.08231146441963005,0.05478199026033525,2.7764451051977987,0.053061314220809994,-0.05034082468547481,0.24430282760198574,0.0780186333680991,12.706204736432095,0.04831968479174304,-0.004328430152416365,0.17263327118204688,0.08996633478823698,-0.1578297157734079,0.20730830048137747,-0.006916312142643562,0.13433311575578563,-0.0012075205345840987,0.19388446592450692,0.00026457820257691007,0.2861672411958622,0.0017292149184279348,0.44016388314903004,-0.002545596141490072,0.6614289311079893,0.00020465865710906375,1.364505794256775,-0.0033610316558262115,-8.997576018396737e-05,0.02125659686820229,0.029036816835296225,0.15
3.125,1239293725,0.1913574882454534,0.1,0.07649921875602561,0.08107692771528534,0.10565535379690519,0.10975553765354144,0.005098903784126352,0.006947374261491601,0.13015348351136474,0.32612014812863077,0.08976006934145721,0.08231146441963005,0.08347127277006319,2.7764451051977987,0.08933029841193385,-0.060100339215205606,0.4359410003281393,0.13258671604264513,12.706204736432095,0.08096141742828582,0.049566756364212816,0.333148220126694,0.08567526029951575,0.03173119367633716,0.37824680885876577,-0.009828088879875255,0.13433311575578563,-0.0016659066169868897,0.19388446592450692,1.5706930656550303e-06,0.2861672411958622,0.00016338927764438958,0.44016388314903004,0.00013271909556865152,0.6614289311079893,-0.000712250370376318,1.364505794256775,-0.0007371002585033968,-0.0007055537771202295,0.059868978826380266,0.101168454927954,0.15
3.125,1971256496,-0.2587555923449508,0.1,0.06180152689875736,0.03644063706224928,0.0438426657011413,0.05694232621596055,0.000855209917698754,0.0023872185971861135,0.06120471080845696,0.2861672411958622,0.04098559353231667,0.08231146441963005,0.04892972586169397,2.7764451051977987,0.061853862809175465,-0.3839640514756205,-0.040496342207397756,0.05836936186921078,12.706204736432095,0.04614583594293326,-0.33244541818810464,-0.18435642903863664,0.04789421583790229,-0.32449409500502713,-0.14827430220529914,-0.00752311611414951,0.13433311575578563,0.00011620698220342141,0.19388446592450692,0.0004710270505790141,0.2861672411958622,-0.0012445102383516094,0.44016388314903004,0.0003157500914823185,0.6614289311079893,-0.000651330654131575,1.364505794256775,-0.0009010274729558488,-0.0006223111771491697,0.05592611379600057,0.08527677695500531,0.15
3.125,1527783405,0.14360390472987278,0.1,0.05578430688008414,0.026672665822896787,0.03269430628433125,0.03542173169996786,0.0004119442619610718,0.0008427548146634361,0.03868097157563348,0.2861672411958622,0.029557157898228582,0.08231146441963005,0.029072160604610504,2.7764451051977987,0.06792095886128421,-0.08058636138245484,0.2965712661590524,0.03703432619050121,12.706204736432095,0.02788645490352057,0.0879823260785478,0.19922548338119775,0.03360230803190773,0.08857903568493393,0.219275651849373,-0.006357108187215368,0.13433311575578563,-0.0010977322148625654,0.19388446592450692,0.0007808501996609386,0.2861672411958622,-0.000825890326342973,0.44016388314903004,-0.000846366418718659,0.6614289311079893,0.0002355510519445724,1.364505794256775,-0.0015008855741180372,-0.0004380033452249288,0.047072686810571335,0.08245591637948946,0.15
3.125,230719439,0.1854561591915417,0.1,0.06965795423992972,0.03821623851514527,0.04184555948861631,0.035857467063777536,0.00016888490334123906,0.0011168730408886518,0.03709852160892024,0.32612014812863077,0.042432068635615605,0.08231146441963005,0.03346790996841939,2.7764451051977987,0.09740999069000703,-0.015305825950702845,0.5256011577465635,0.038594818063910956,12.706204736432095,0.0269277886600738,0.13605117719008164,0.2356181908645123,0.09505389285365143,0.0009556141321320254,0.4124769784752748,-0.009416607941874067,0.13433311575578563,0.0028322513742417856,0.19388446592450692,-0.000809985993423876,0.2861672411958622,0.0003536600668783258,0.44016388314903004,0.0003561787705881116,0.6614289311079893,-0.0016403077662103447,1.364505794256775,0.0021051649358735584,-0.0014214372733682263,0.08408950821425756,0.11944388157464207,0.15
3.125,1240043894,0.33248230226897524,0.1,0.04523335896436886,0.06781465375598927,0.057846050181718976,0.07680575914862812,-0.0012000303083910479,0.007099154946788122,0.07724128084788569,0.13433311575578563,0.06532965590583363,0.08231146441963005,0.08437815318938703,2.7764451051977987,0.06565484043186505,0.1370678613913393,0.5016419820905278,0.06620159114934579,12.706204736432095,0.08675470512147015,0.19757606611105993,0.4630192076106057,0.06653531035999137,0.22866597786418993,0.47784078768007654,-0.006084978410345525,0.13433311575578563,-0.005450402895311566,0.19388446592450692,0.0013010331187713851,0.2861672411958622,-0.0002539642497078302,0.44016388314903004,-0.0008375518803570178,0.6614289311079893,0.0006331107616881908,1.364505794256775,0.001177071477783294,-0.0010485072535337875,0.07256671093301467,0.09691766955048697,0.15
3.125,1638032183,-0.03452303145106435,0.1,0.06584817722276164,0.07424272946465212,0.10038583110692577,0.05944535711826074,0.0030026080257327236,0.0005311424571848293,0.09713079617412898,0.32612014812863077,0.08644696895948305,0.08231146441963005,0.023079808296251555,2.7764451051977987,0.11255019490657417,-0.40429246082411074,0.22068641465072136,0.10773166432549253,12.706204736432095,0.02020449147376072,-0.07362422507729126,0.005456461503720866,0.12655543034200195,-0.42348726860242225,0.04767935207806761,-0.004017136914279887,0.13433311575578563,-0.001638414448468763,0.19388446592450692,-0.0011377098540015047,0.2861672411958622,-0.000242572594750894,0.44016388314903004,-0.0013938804665576882,0.6614289311079893,0.0006812422839918796,1.364505794256775,0.004830686390856523,-0.0020143908476640054,0.10064218951687458,0.12394457237223709,0.15
3.125,1846430023,0.03706198998521327,0.1,0.06695039548295739,0.05523758682361428,0.0648134454852949,0.06258642477435584,0.0013704843683819954,0.002546576197654108,0.06600528940623168,0.2861672411958622,0.06469742159214759,0.08231146441963005,0.05053648429073928,2.7764451051977987,0.07069479176731182,-0.12750106507589115,0.26505935205476994,0.06451062510920662,12.706204736432095,0.04087311816438839,-0.043311235833609664,0.10880788126397095,0.06246853720784251,-0.10794381390443837,0.1368321818782381,-0.006253187162501484,0.13433311575578563,-0.003759046981595664,0.19388446592450692,-0.0005412309478812013,0.2861672411958622,0.00016201408275255542,0.44016388314903004,9.406873722461066e-05,0.6614289311079893,-0.00037373903268178376,1.364505794256775,-8.83323631576136e-05,-0.0007380771808726573,0.06042019005348975,0.09021929045190583,0.15
3.125,1511058918,0.06229309761090801,0.1,0.0656497065769432,0.08944617623257436,0.09313010740839722,0.09548043121180869,0.0007639186040373641,0.008352594140355567,0.10202755611593389,0.32612014812863077,0.09242092618913242,0.08231146441963005,0.09152450265283021,2.7764451051977987,0.13615212978098126,-0.18734707660661837,0.5686907519787034,0.10092963455850873,12.706204736432095,0.08825802642677656,-0.10363587003002434,0.19635646109994417,0.12959314708961833,-0.02805990891456515,0.4039995368080163,-0.007732638874386197,0.13433311575578563,0.004335345867237014,0.19388446592450692,-0.0020396974615649686,0.2861672411958622,0.0004975478433301975,0.44016388314903004,-0.0008634855263022331,0.6614289311079893,-0.0004147102810519878,1.364505794256775,-0.0007541144052273876,-0.0006247526635239697,0.05636153621554054,0.08875572144239792,0.15
3.125,1159515470,0.2692739302511765,0.1,0.05920962138898244,0.060765587295373506,0.09262844484501741,0.0751123429635861,0.004826240468483232,0.0008156235969961506,0.07368176075040796,0.13433311575578563,0.0808226798281776,0.08231146441963005,0.028600365218456342,2.7764451051977987,0.02797387158346725,0.18915783533957292,0.3444936730022718,0.03273613810458491,12.706204736432095,0.025480555243384346,0.2249570435064808,0.3135908169958722,0.08607484305551488,-0.034003650002711376,0.3472041056059958,-0.005715552443756224,0.13433311575578563,0.0008492902325006695,0.19388446592450692,-0.0025249558461017986,0.2861672411958622,0.0013722148890041037,0.44016388314903004,0.0001345337690451214,0.6614289311079893,-0.001769790815388152,1.364505794256775,-0.002886746489226033,-0.00017548007009541273,0.029537362761459206,0.04080484401579546,0.15
3.125,1562298823,-0.1528774177765287,0.1,0.06257662801843267,0.04525805348227955,0.04887934358754154,0.03624085427594423,0.00043658615974330635,0.0008768133589069187,0.047187940444707484,0.32612014812863077,0.04694046662881446,0.08231146441963005,0.029653794050048945,2.7764451051977987,0.09088406121876226,-0.4907835686069442,0.013885645215714948,0.049973031771934476,12.706204736432095,0.024331810146618758,-0.20311880766780555,-0.10430391183795515,0.06599506716423961,-0.31528602852844656,-0.08512984016265976,-0.006970743463227335,0.13433311575578563,0.00023413902347646357,0.19388446592450692,-0.00015672243615425159,0.2861672411958622,-0.0021981956895419986,0.44016388314903004,0.0013817321742154054,0.6614289311079893,-0.0014631730225178967,1.364505794256775,-0.0021301438435393748,-0.0004453670111287131,0.04701419739783133,0.07851938797414554,0.15
3.125,520358809,-0.28886847430282203,0.1,0.07603860622900611,0.06349819111399571,0.06731222020986213,0.10206819781842322,0.0012968547281224136,0.00912106227777836,0.10364243883537674,0.2431366342882323,0.06394262733541574,0.08231146441963005,0.09564216501861635,2.7764451051977987,0.13191333431591484,-0.49531430348117095,0.23718595926231417,0.10093369915436912,12.706204736432095,0.08945545532990698,-0.4217968548088683,-0.1649227403181706,0.09512897238017061,-0.34751860519750566,-0.00627590972250971,-0.008486970183471422,0.13433311575578563,-0.0015849062185483776,0.19388446592450692,-0.0009784114028984691,0.2861672411958622,8.477362011538615e-07,0.44016388314903004,-5.711469536873589e-05,0.6614289311079893,-0.0003705133982170685,1.364505794256775,0.0016922795120283655,-0.001325385453635337,0.08129130587570388,0.10281974742358427,0.15
3.125,510789080,0.3072248099571236,0.1,0.06912678701988738,0.07084089049202952,0.12259966423357159,0.10523099502999263,0.006816153266351464,0.00425740904865087,0.11179001424790823,0.2431366342882323,0.10269502759960343,0.08231146441963005,0.06534304629477031,2.7764451051977987,0.262111182378985,-0.6347734349340135,0.8207011837334675,0.11023398614856747,12.706204736432095,0.058829344396588844,0.1903667267868444,0.41846454480918543,0.08360845397400256,0.09255156939766819,0.39904402462951105,-0.00510083816956181,0.13433311575578563,-0.0015590212353909362,0.19388446592450692,-0.0005296275479593031,0.2861672411958622,0.001064120327261858,0.44016388314903004,-0.001744000222661783,0.6614289311079893,0.00013453064679097584,1.364505794256775,0.000552189151869836,-0.0009718215600676938,0.06935192025775701,0.11937457109621195,0.15
3.125,2033164648,0.019058315379024117,0.1,0.07289165752721119,0.08870309705077924,0.08282929415913913,0.08173905313376922,0.0018059445964129358,0.0048753282107922135,0.1120431753537647,0.32612014812863077,0.08043112673149926,0.08231146441963005,0.0699243788299477,2.7764451051977987,0.1612824365782532,-0.48748399816618715,0.4080996650179438,0.12147054035160722,12.706204736432095,0.06054783338489423,-0.10370748177965292,0.14182411253770116,0.19471159096717744,-0.6255966747218221,0.18804505291876294,-0.00626393566508535,0.13433311575578563,-0.005513304206120535,0.19388446592450692,-0.000580559503004466,0.2861672411958622,-0.0013762412240475067,0.44016388314903004,-0.0005283053511277827,0.6614289311079893,0.0006158088022705367,1.364505794256775,0.012323143666830186,-0.004157775863311407,0.14396755259621358,0.17679627288090535,0.15
3.125,597457331,-0.18039641152978972,0.1,0.06666004865718374,0.05963835595274686,0.0672330755807189,0.048737991553753725,0.0013419210091714187,0.0010334708115223503,0.05032097857086479,0.2431366342882323,0.06199812177946595,0.08231146441963005,0.0321940634493728,2.7764451051977987,0.13913873992621398,-0.5410683576851943,0.2315537891378583,0.03812753243691877,12.706204736432095,0.02493704953185059,-0.226280374692778,-0.13451244836680143,0.07929441975651838,-0.25767408418042553,0.042605520783663614,-0.003564684953861753,0.13433311575578563,-0.0061148176241011196,0.19388446592450692,0.0008782586610509333,0.2861672411958622,0.00035920709787202483,0.44016388314903004,-0.000999822016312828,0.6614289311079893,-0.00023260710561702632,1.364505794256775,-0.0016006486921453927,-0.00046227575946938013,0.04822210300751457,0.05736145508781973,0.15
3.125,1107569203,0.18642861153505727,0.1,0.05740536405180956,0.04746003975054433,0.06972039156482789,0.06651059762899023,0.002348763434102093,0.002074896162863348,0.06603252849069335,0.13433311575578563,0.06171146422514921,0.08231146441963005,0.045616805813018156,2.7764451051977987,0.04345246684515992,0.06058571202132533,0.3018724897833531,0.04972503327644934,12.706204736432095,0.040986472982336736,0.12793873094886568,0.24929557261710722,0.07705319322603452,0.013459553619153061,0.3169215299588965,-0.007197427194976126,0.13433311575578563,-0.0017186925601861674,0.19388446592450692,-0.0008630748732966899,0.2861672411958622,-2.714045303194957e-05,0.44016388314903004,-0.00012314773109538396,0.6614289311079893,-0.0001537748704923278,1.364505794256775,-0.002395850822248719,-0.00018952240221447924,0.030662742677158777,0.03728820278160189,0.15
3.125,876685764,0.04858802152450338,0.1,0.049854147406214036,0.026738542648690276,0.031174685208368233,0.023464137633781294,4.530821775054284e-05,0.0005052575371464888,0.02662022280889485,0.32612014812863077,0.028594774475059703,0.08231146441963005,0.02251039357820641,2.7764451051977987,0.0774402416747215,-0.26789847761066027,0.1621186822755699,0.026945436856176678,12.706204736432095,0.02078356246821003,0.012735752031186473,0.08444029101782029,0.04816183546884479,-0.08759431487102116,0.10003556737851531,-0.006299331852043088,0.13433311575578563,-0.001056264658892053,0.19388446592450692,-0.0008675450140005836,0.2861672411958622,-0.0004696675241082379,0.44016388314903004,1.9232822584000113e-05,0.6614289311079893,-0.00016885077198810982,1.364505794256775,-2.6348438627984925e-05,-0.0007292856338291856,0.06010342645938423,0.08205357068939306,0.15
3.125,1824445488,-0.3709059669978528,0.1,0.06896805119773641,0.06184920252380927,0.07869023368275953,0.05689885599866496,0.0026207860152733186,0.0006166937986834932,0.05775452383702838,0.19388446592450692,0.07251239790419722,0.08231146441963005,0.02486918074048296,2.7764451051977987,0.04513491856434634,-0.479677384556774,-0.2290481371138127,0.03957019439358929,12.706204736432095,0.02237535971554727,-0.407352801008891,-0.33466955646449914,0.0907781761830766,-0.49552741559534585,-0.1650875617791086,-0.0063298245201874655,0.13433311575578563,-0.004113764589530058,0.19388446592450692,-0.0009334400535592972,0.2861672411958622,0.00020528728185106193,0.44016388314903004,-0.0007830064435060123,0.6614289311079893,0.0003182963092802744,1.364505794256775,-0.0013921282428125085,-0.0005430949555131649,0.052101650580290176,0.07018495990994528,0.15
3.125,836881735,-0.11631137026758309,0.1,0.0681386174589754,0.1103118140039425,0.1406526857502638,0.1550664847702012,0.008311464749541106,0.015734149949445934,0.1840157701033924,0.32612014812863077,0.1244027681067244,0.08231146441963005,0.12561697485318274,2.7764451051977987,0.12419183660252094,-0.3877803762025917,0.30184325747859647,0.1825653943175867,12.706204736432095,0.10871468144643485,-0.31539948625378444,0.07632176023619411,0.10762798428144005,-0.291965290019752,0.1293226600178103,-0.006993939882170687,0.13433311575578563,-0.001126640196844935,0.19388446592450692,0.0004516990589279403,0.2861672411958622,-0.001648174927761692,0.44016388314903004,-0.0004899508596835547,0.6614289311079893,0.0008396036522197325,1.364505794256775,-0.0001051404776708773,-0.0007122727653513906,0.059457150018248195,0.09767986682873453,0.15
3.125,1727659740,-0.16404958045139512,0.1,0.054900828647512986,0.05402696427778305,0.057628126553565015,0.045503300407768295,0.00023124525331305514,0.001839305094686551,0.046652466093838406,0.13433311575578563,0.06497157555234986,0.08231146441963005,0.04294905127432776,2.7764451051977987,0.06457324223777611,-0.30945785336672516,0.04911027130892534,0.04461882601660896,12.706204736432095,0.04067156365656741,-0.2340374141389014,-0.08670644498304184,0.06451406472420096,-0.29183820895709084,-0.030299443789386513,-0.007684291696572852,0.13433311575578563,0.0012558362480256198,0.19388446592450692,0.0013186347241000832,0.2861672411958622,-0.0009337790018548853,0.44016388314903004,-0.0005151738071435267,0.6614289311079893,-0.00014466751665879096,1.364505794256775,-0.001860136949178734,-0.00025703020271555647,0.03564943826857939,0.05186365336842389,0.15
3.125,405329716,-0.2822254595865296,0.1,0.06004248450154401,0.04280988922677164,0.04393833063674078,0.03262091579823356,6.353253677709222e-05,0.0010005916107383517,0.03330521800195864,0.13433311575578563,0.04634360059940047,0.08231146441963005,0.031677807594692874,2.7764451051977987,0.04359636295703854,-0.37015188414421507,-0.12806606707122248,0.02737775203779269,12.706204736432095,0.027819960060827736,-0.33743411304953935,-0.23299956309850292,0.045267641003802844,-0.3611069496974163,-0.17689677819580807,-0.010134216387757371,0.13433311575578563,-0.003590158109460603,0.19388446592450692,0.0003448223905032504,0.2861672411958622,-0.0013503710797252043,0.44016388314903004,4.2648682966313775e-05,0.6614289311079893,0.00029917152307341497,1.364505794256775,0.001688101291133271,-0.0014170104426049785,0.08458998130393679,0.1444933047718228,0.15
3.125,16425377,0.17774892357149774,0.1,0.07293240475525543,0.0769821815643541,0.10946548783694454,0.09369029236288888,0.00654754305020389,0.0022303278328397046,0.1209477781595727,0.32612014812863077,0.09372813221803178,0.08231146441963005,0.047294543734332214,2.7764451051977987,0.0430703187165938,0.0781550984045385,0.3173198495645305,0.12291939587148994,12.706204736432095,0.04257263244211102,0.10322670704441064,0.2417788209503139,0.07431553835160078,0.01701616210463706,0.29619669322672576,-0.006022183538099788,0.13433311575578563,-0.001008725506032638,0.19388446592450692,5.836564234733074e-05,0.2861672411958622,-0.00128752341620179,0.44016388314903004,0.001524095822319245,0.6614289311079893,-0.00171474688892718,1.364505794256775,0.0008886119603067362,-0.0010415542253491257,0.07204779202471771,0.09861099097855974,0.15
3.125,178504369,-0.08615254146804213,0.1,0.06710333108312898,0.05256534177958101,0.06910290563914194,0.060437835652561084,0.0022202813947216227,0.001432450583644361,0.06425297921044211,0.2431366342882323,0.06761310282309047,0.08231146441963005,0.0379023826986237,2.7764451051977987,0.054642185029941746,-0.2528312458263353,0.05059080850105306,0.04964216218374461,12.706204736432095,0.03396263902360839,-0.14085365080018977,-0.03145143213589449,0.06727216091631658,-0.19197083264093487,0.059155393589383425,-0.008722143259652171,0.13433311575578563,0.0004415789965372947,0.19388446592450692,-0.00016290518033508595,0.2861672411958622,8.75262797510617e-05,0.44016388314903004,0.00043517548933727203,0.6614289311079893,-0.0012858946047816346,1.364505794256775,-0.001924156496028214,-0.0003586702038535392,0.04228338824180823,0.04687228099674328,0.15
3.125,959324018,-0.3275131569885541,0.1,0.06365155879564983,0.03864324755493634,0.05209566091627676,0.04520671348658085,0.0006123175304992897,0.0014313294137585206,0.04897353498296834,0.32612014812863077,0.048279793589848796,0.08231146441963005,0.03788754681912904,2.7764451051977987,0.10754265068217649,-0.5321195514119492,0.06505298076110202,0.04858818922958874,12.706204736432095,0.03565553496712902,-0.3888800269704048,-0.2600122044995895,0.08374471368627935,-0.3778344144154021,-0.08008079743024363,-0.008583760069518161,0.13433311575578563,-0.005120723758317658,0.19388446592450692,0.000674028243555726,0.2861672411958622,-0.00032153065038644185,0.44016388314903004,-0.0001771435358096221,0.6614289311079893,0.0003455995975890079,1.364505794256775,-0.0010801800152839415,-0.0005226308774876441,0.05090354088702304,0.08453566823384662,0.15
3.125,1783621058,0.020803354869735648,0.1,0.06443928236869774,0.05744641772510003,0.07413531275536285,0.0644875926141136,0.00197335237277579,0.002185297228388089,0.08224588037523942,0.32612014812863077,0.06394973255758327,0.08231146441963005,0.04681466774774126,2.7764451051977987,0.057673826841118186,-0.17874779949102712,0.1415086289710689,0.08492041355917526,12.706204736432095,0.04290398148253249,-0.046825434939265005,0.09419678569383375,0.09007042145722882,-0.24329485219803657,0.08224728498694382,-0.011049620658758861,0.13433311575578563,0.001408697593852487,0.19388446592450692,-0.0014071757187250906,0.2861672411958622,-0.000903379004445104,0.44016388314903004,-1.4149515466034165e-05,0.6614289311079893,0.0004160597302724831,1.364505794256775,-0.0023222061763768023,-0.00028075856452016964,0.03774615038172442,0.058312637295229,0.15
3.125,1861044489,-0.013740781986441634,0.1,0.0598650421866236,0.1269431603892927,0.1395759115637881,0.09304957315585827,0.001866803436102217,0.0067914196283852014,0.1009051390278735,0.2861672411958622,0.13374720444030472,0.08231146441963005,0.08252907371838157,2.7764451051977987,0.05767142284761643,-0.25291511230831276,0.06732796704180152,0.09932622808024644,12.706204736432095,0.07606789221451021,-0.13487766394682332,0.10739609997394006,0.14010354264931132,-0.3397124881258483,0.12210494634511483,-0.0047988094600485524,0.13433311575578563,0.0006399318111028147,0.19388446592450692,-0.0019154809029335565,0.2861672411958622,0.001301734334957155,0.44016388314903004,0.0005654059629848247,0.6614289311079893,-0.0020152212384146194,1.364505794256775,-0.0010709946139822286,-0.0004495027890475309,0.04746209731371261,0.06557771905242787,0.15
3.125,1486077081,-0.07329336480753944,0.1,0.07106920504349128,0.057964895672267584,0.056408967039724305,0.04899082244689301,-0.0003200316272031858,0.002720132311226182,0.05128111692226973,0.2431366342882323,0.0572987369893197,0.08231146441963005,0.052230201658665557,2.7764451051977987,0.08203997005527353,-0.3143986653394665,0.14116028124160987,0.04156112846499699,12.706204736432095,0.04177938356690599,-0.1485546783132517,0.001967948698172778,0.07882793374625774,-0.19372529181470852,0.09170301417439125,-0.0054514819978065295,0.13433311575578563,-0.0018678445223880027,0.19388446592450692,-0.0018425900989021175,0.2861672411958622,2.860051963572331e-05,0.44016388314903004,-0.0008127219009988299,0.6614289311079893,0.0003384585772266061,1.364505794256775,0.0002860902410651729,-0.0009665452244538586,0.0691688904133161,0.11477982896192684,0.15
3.125,1690563017,-0.2657180574981685,0.1,0.06585364959944755,0.07163608348480321,0.09838588909560743,0.07424913859373539,0.004148448123180435,0.001364486458731291,0.10768612150392962,0.32612014812863077,0.08369094227711044,0.08231146441963005,0.036992297322728865,2.7764451051977987,0.05465112624468544,-0.4082178309035735,-0.1047461269923658,0.11733661400819026,12.706204736432095,0.03273746632766247,-0.32048919041264146,-0.2043870186614149,0.07101192837448841,-0.418493325536577,-0.13370643970785626,-0.007381452051389947,0.13433311575578563,0.002238835032206019,0.19388446592450692,-0.0007768536170550862,0.2861672411958622,7.826373755552499e-05,0.44016388314903004,-0.0005593041124911753,0.6614289311079893,-0.0005017354880009575,1.364505794256775,-0.0019312657294587431,-0.00033752847847226596,0.04103745051904012,0.04787733709308983,0.15
3.125,1018379370,0.2873862397559605,0.1,0.058934189647476855,0.041442060011546045,0.04694872667407337,0.0221204799989459,0.0001343283928827185,0.0003549872425010471,0.025915990796091352,0.19388446592450692,0.048009466946392104,0.08231146441963005,0.018868312515706233,2.7764451051977987,0.06279003314984262,0.1228594492507592,0.4715256096389353,0.017165205149237944,12.706204736432095,0.017040320687896984,0.2519281147611234,0.31528919036476377,0.0905098491166853,0.027179543687995095,0.3424596362767994,-0.0033103124546802255,0.13433311575578563,0.0016198633876068885,0.19388446592450692,0.0022720660085437617,0.2861672411958622,-0.0007702671395411498,0.44016388314903004,-0.001064845724563576,0.6614289311079893,-0.0010794914815179554,1.364505794256775,-0.00023284869251716443,-0.0007488180095802621,0.06092832818588756,0.08665294113546088,0.15
3.125,1238862870,0.015645805094924817,0.1,0.0697915665993204,0.0709212217962014,0.09980283097070122,0.09335843428987994,0.005438707211305337,0.0032770900417524963,0.09319279338384873,0.13433311575578563,0.09056561933469336,0.08231146441963005,0.057328539142862095,2.7764451051977987,0.08270226957951252,-0.1241001723781856,0.33513645074738707,0.08615867019400919,12.706204736432095,0.05184200179998292,-0.07654177801400626,0.10783338820385589,0.06372532590782062,-0.09403683182877097,0.14273020832083874,-0.007359076601966516,0.13433311575578563,-0.0026320482568382873,0.19388446592450692,-3.930840671234451e-05,0.2861672411958622,-0.0010393946125130313,0.44016388314903004,0.0005456638165242455,0.6614289311079893,-0.00010463077455009696,1.364505794256775,-0.0008816391833905763,-0.0005090175546640004,0.05053386748837242,0.07127207220506686,0.15
3.125,1280384647,-0.23207495297714348,0.1,0.07739695054001383,0.08604687810355875,0.09617625995754955,0.06903781944396983,0.0026816848241124304,0.002084535689465749,0.07102508617605824,0.32612014812863077,0.08912220891566669,0.08231146441963005,0.045722646020199695,2.7764451051977987,0.0709398799589445,-0.40412679338624924,-0.010205428435587471,0.06096844127473287,12.706204736432095,0.04319188612888163,-0.30648079866047473,-0.14702030900456203,0.08931887718796583,-0.3631797005023288,-0.020823275904730522,-0.008351915490755129,0.13433311575578563,-0.004309157251564679,0.19388446592450692,0.0012379235090713534,0.2861672411958622,-0.0011209867642065015,0.44016388314903004,-0.0010850926559698019,0.6614289311079893,0.0005783276203257881,1.364505794256775,-0.0016490989331884968,-0.0006620652418794187,0.05746271985517423,0.06443424966100383,0.15
3.125,1259080393,-0.2200674476060906,0.1,0.07208164425876129,0.07072224056685024,0.085115470821347,0.07709568417954023,0.002275190502179107,0.003668554016932302,0.08913091850922707,0.32612014812863077,0.07712594424008333,0.08231146441963005,0.06065605307145092,2.7764451051977987,0.04880543508823673,-0.34070086249044584,-0.06968963977487833,0.09689176969691918,12.706204736432095,0.05534883646897316,-0.3083420636335492,-0.1337161155972255,0.09639759463870855,-0.3372755334934287,0.04355747783012674,-0.0025956073092304353,0.13433311575578563,-0.0020504282671709034,0.19388446592450692,-0.0005879540554545054,0.2861672411958622,0.00044780647218470364,0.44016388314903004,-0.0008269960732850434,0.6614289311079893,-0.0008830299991752045,1.364505794256775,0.0006222117623038771,-0.0010512176262410914,0.07298448613924619,0.12492269401183854,0.15
3.125,1041602295,-0.18024820293359234,0.1,0.07035069986471036,0.05442428296330146,0.0710797451429067,0.07285373089332613,0.002261965291315343,0.0030457008137618393,0.0745243097922765,0.2861672411958622,0.0647222370021012,0.08231146441963005,0.055267562070981754,2.7764451051977987,0.14421120374092092,-0.3558111547285499,0.4449778267537748,0.07366999418588797,12.706204736432095,0.044661270785882015,-0.26074892195652744,-0.09974748391065723,0.07175036651206437,-0.2503544468596282,-0.009766815824875014,-0.008813051834152173,0.13433311575578563,-0.0005584374995445179,0.19388446592450692,-0.002095076072349978,0.2861672411958622,0.0009507532681864318,0.44016388314903004,-0.00023109214937219584,0.6614289311079893,-0.0005099764227892284,1.364505794256775,-0.0016631187429339805,-0.0004803476271649606,0.04903807987256357,0.06822910207739957,0.15
3.125,773466876,0.0051003671593995645,0.1,0.06781550647087353,0.10894144295961412,0.12527916405952352,0.07110553407169001,0.003470835310083171,0.001585161665537098,0.08991961621271218,0.32612014812863077,0.11509756844197605,0.08231146441963005,0.03987158208090105,2.7764451051977987,0.03690007238888965,-0.1501918902760421,0.05471016045511213,0.0936126701994465,12.706204736432095,0.039258979303341726,-0.050636167878791306,0.06456484544376836,0.13684764140978864,-0.3147689697455495,0.14064170770714216,-0.0080778099310402,0.13433311575578563,-0.002310745444532644,0.19388446592450692,-0.00011388849774682991,0.2861672411958622,-9.655540048204359e-05,0.44016388314903004,0.00011284130264587574,0.6614289311079893,-0.00046705636472198084,1.364505794256775,0.0023232207226312846,-0.0013641499362009135,0.08212029445406413,0.12402003332101084,0.15
3.125,147680791,0.01138693632353708,0.1,0.05870904687898721,0.10719020023025773,0.09653912411909088,0.09518668386498488,-0.0015558428507584567,0.01061634763597103,0.09891400032471845,0.13433311575578563,0.10849237494716686,0.08231146441963005,0.10318444999913565,2.7764451051977987,0.1761181988685243,-0.673687860385278,0.3042771619842557,0.07292989003901236,12.706204736432095,0.08419000116724233,-0.13474306437566783,0.16253483023003365,0.15258388614653762,-0.3873333675287169,0.1238689712696595,-0.005291850792128977,0.13433311575578563,-0.0006156099228244409,0.19388446592450692,-0.001192621613116313,0.2861672411958622,-0.00021116092941807078,0.44016388314903004,-0.0005165806958400128,0.6614289311079893,0.00024141913489874554,1.364505794256775,-0.0007732567526902866,-0.00046802163216311065,0.048691563544418344,0.08634056107077834,0.15
3.125,2087282552,0.2233396622306177,0.1,0.061955708365564285,0.044903716339420384,0.053919893866207644,0.056343548282443943,0.0008681489907480596,0.0023064464423080324,0.06349417431690017,0.32612014812863077,0.05329410231916971,0.08231146441963005,0.04809482791827114,2.7764451051977987,0.1122016999923534,-0.11312337146968587,0.5099203500075971,0.06943024075102361,12.706204736432095,0.04271262425179667,0.1427020003507768,0.3076125329407796,0.06765061624103046,0.03807730162828717,0.2966604542427335,-0.0008115311043178591,0.13433311575578563,-0.0019957642637640125,0.19388446592450692,0.0015396818125880227,0.2861672411958622,-0.0026354331288444377,0.44016388314903004,0.0001616691877853306,0.6614289311079893,-0.0003262966530799474,1.364505794256775,-0.0021641423952308905,-0.00016679023227539005,0.028751108037155262,0.03996926347042783,0.15
3.125,1227468925,0.11871531183940259,0.1,0.061853436483945354,0.05521272795710304,0.0680068953432168,0.05951503037034073,0.0009851311120820006,0.002556907727900578,0.059399722223160444,0.13433311575578563,0.06347864986124979,0.08231146441963005,0.050638894484660836,2.7764451051977987,0.07792501394046195,-0.025828021927092826,0.4068810251278388,0.05352974481229402,12.706204736432095,0.04854095918785183,0.04411188144018102,0.1943788768319633,0.07374753366510604,0.0513536915861416,0.28410673853732976,-0.01048847059326588,0.13433311575578563,0.0008231842976309728,0.19388446592450692,0.0022471264303818186,0.2861672411958622,-0.00023663410120972644,0.44016388314903004,-0.00011779830580345158,0.6614289311079893,-0.0008141165866603503,1.364505794256775,0.0018532021304359808,-0.0011860337830870951,0.07718023672487573,0.08881593130977686,0.15
3.125,1512202715,0.13417494551978218,0.1,0.0652851527387648,0.06524316764978268,0.06629998260690853,0.03356301244010166,0.0002098607891295439,0.0009166150149248746,0.03693735308045072,0.13433311575578563,0.06593959024905403,0.08231146441963005,0.03031936990223558,2.7764451051977987,0.11077498078077325,-0.1528683534064084,0.4622529529279079,1e-150,12.706204736432095,0.024806432379592985,0.08824839272587834,0.17644904222045468,0.08275841592537708,-0.09264866103966138,0.26406148122867434,-0.00920520335253633,0.13433311575578563,-0.0031537096102629888,0.19388446592450692,0.000767692559924901,0.2861672411958622,-0.0005638329926258792,0.44016388314903004,0.0006018106285489099,0.6614289311079893,-0.0005237015520618322,1.364505794256775,-0.0024690958901318516,-0.00019098014399649785,0.03089954874066073,0.04443875802982159,0.15
3.125,502495180,0.3186495935989551,0.1,0.06894747188488687,0.11879888758594757,0.11569885010857928,0.12934549727202227,0.0013317065544647295,0.015398551110081992,0.1290515997901428,0.13433311575578563,0.11314005994134652,0.08231146441963005,0.1242700913054268,2.7764451051977987,0.10210917050236926,-0.06424145626764127,0.5027595570065799,0.12035297949396968,12.706204736432095,0.11733728103111657,0.13259020242855823,0.5034123381249416,0.162928398779195,-0.14497706716733963,0.4362102994604938,-0.007409888452358992,0.13433311575578563,0.0011566035576596925,0.19388446592450692,0.0009178471404391893,0.2861672411958622,7.836838042783713e-05,0.44016388314903004,-0.001244120144654949,0.6614289311079893,-0.000366317311401987,1.364505794256775,0.0007582098743724229,-0.0010417003639296275,0.07225444227982457,0.08282207141048803,0.15
3.125,1786998076,-0.01841635975125583,0.1,0.059586910607438356,0.060612470392170124,0.08628359009650444,0.0652019195877507,0.0033656347708583474,0.0008856555470691616,0.06448220313517075,0.13433311575578563,0.07589522894173815,0.08231146441963005,0.0298029402103564,2.7764451051977987,0.040215528499496354,-0.17040459282431253,0.052907821686425924,0.0468472342135101,12.706204736432095,0.028952853992576504,-0.07409591723730834,0.03726319773479668,0.08316379967531116,-0.2669124665020997,0.05012019543322529,-0.006267245387485563,0.13433311575578563,-0.0027928359654248763,0.19388446592450692,0.0010892266861601348,0.2861672411958622,-0.002368784894163973,0.44016388314903004,0.0007565050343663911,0.6614289311079893,-0.0002614524248581338,1.364505794256775,-0.0018586153981755438,-0.0003813598653374875,0.04348317396878098,0.07207478428524013,0.15
3.125,793131442,0.006420569484361954,0.1,0.06938153095031074,0.12110232713116172,0.14526534878497271,0.1894059446062153,0.007574790171324843,0.02829982168084786,0.19107316469379912,0.2431366342882323,0.12961426625543473,0.08231146441963005,0.16846843346155096,2.7764451051977987,0.13331977142620002,-0.33087637291781685,0.40943368068690794,0.19217847165104657,12.706204736432095,0.14653154605763796,-0.23063279057138536,0.24347392954010927,0.12362788062080103,-0.22002973634565298,0.269706747155734,-0.008303104425584839,0.13433311575578563,-0.002688318231713944,0.19388446592450692,0.0010500020286465757,0.2861672411958622,-0.0007366551286928096,0.44016388314903004,0.00036929688140042565,0.6614289311079893,-0.0007256398957732566,1.364505794256775,-0.00045328067304405964,-0.0007567263686503703,0.06116409496911212,0.09206810968982475,0.15
3.125,365823442,0.26936489602084157,0.1,0.051340969732289354,0.046441526341503454,0.05960046328087764,0.0659432784766359,0.0012280713952926951,0.0031204445809544564,0.06689983649940912,0.13433311575578563,0.05853607781591701,0.08231146441963005,0.05594160533012054,2.7764451051977987,0.08349303943323866,-0.029114055579874953,0.4345136257251296,0.05683168857850993,12.706204736432095,0.0528433947448764,0.1670031137737203,0.37172667826796285,0.05258914964203769,0.18896571604738488,0.39450465066528617,-0.00683074817926538,0.13433311575578563,-0.004843435480115282,0.19388446592450692,0.001445156243183089,0.2861672411958622,-0.0007697482369284078,0.44016388314903004,-0.0004540158101905925,0.6614289311079893,0.00044742173025179885,1.364505794256775,-0.0012439550223965687,-0.0004357062014520899,0.046418516454232166,0.0718338034576053,0.15
3.125,842352018,-0.08941563978356529,0.1,0.056364146939287416,0.04593378475617899,0.04079162645272136,0.027320666662060983,-0.00040296159786097564,0.0011493804247204261,0.027544853596570086,0.32612014812863077,0.0399704234814357,0.08231146441963005,0.03395147026952429,2.7764451051977987,0.1447902835608845,-0.4777923674469708,0.32621218069866736,0.029750329083048303,12.706204736432095,0.02755161383641114,-0.13881457261762123,-0.027449392927401263,0.04948775517116906,-0.1643509791209476,0.02161951784719406,-0.0069930446190508136,0.13433311575578563,-0.0018242158093405025,0.19388446592450692,-0.0009078650905644739,0.2861672411958622,0.00013995616222796232,0.44016388314903004,-0.0005854278009948656,0.6614289311079893,0.00015680673236173915,1.364505794256775,-0.0020468796770449975,-0.00028060400686900986,0.0373919390396663,0.04077491457829959,0.15
3.125,2126104577,-0.08244116831133551,0.1,0.06680916839236914,0.08842489973923996,0.07957910816405712,0.0643883680710184,-0.0009309594171172317,0.005076821359966173,0.06754931999936972,0.13433311575578563,0.08830145388032933,0.08231146441963005,0.07135470730141157,2.7764451051977987,0.1601282869238839,-0.7978136939963126,0.09136110287073962,0.01260832796062696,12.706204736432095,0.0642076902076274,-0.1950065278105268,0.021792860943082196,0.09828523369823934,-0.30301741856614045,0.020308447103206725,-0.012450821987133506,0.13433311575578563,0.0019019416929687938,0.19388446592450692,0.0004905662333573266,0.2861672411958622,-0.00018758500273399764,0.44016388314903004,-0.0004156207529454138,0.6614289311079893,-0.00026924410617408924,1.364505794256775,-0.0020232610188678046,-0.00039962871292781494,0.044667283275730496,0.06761235820348485,0.15
3.125,332988153,-0.4023315916023468,0.1,0.07135138643007612,0.0855111629701968,0.10305546059842312,0.10835594501204848,0.0037958486076363944,0.00794516221181768,0.10925473391882118,0.13433311575578563,0.09873288317729086,0.08231146441963005,0.08926435519502526,2.7764451051977987,0.1361267107545274,-0.9473406069560031,-0.1914439274338347,0.09540956566891105,12.706204736432095,0.07962775732475144,-0.5331439117093829,-0.2627960302994888,0.1392355172276554,-0.7185286582502527,-0.2980761869837186,-0.004594027554186509,0.13433311575578563,-0.0032272482471463085,0.19388446592450692,0.0011122381273134495,0.2861672411958622,0.0005122892907947021,0.44016388314903004,-4.4644956669302616e-05,0.6614289311079893,-0.0016874525659676962,1.364505794256775,-0.0032011351667112892,-9.338307422984747e-05,0.021633310785549694,0.030035881969518157,0.15
3.125,1964366931,-0.21622896940734462,0.1,0.05065445477536795,0.029882751039724986,0.033005391249215164,0.0304977202012536,8.485487987552832e-05,0.0008452560575984236,0.0368532790217783,0.32612014812863077,0.033815990046595495,0.08231146441963005,0.029115270807277032,2.7764451051977987,0.047019906532615674,-0.3065161496362152,-0.0454197709575376,0.0402211899690157,12.706204736432095,0.02729178423900036,-0.2570916184621962,-0.16538252922252833,0.05618242657002459,-0.27238731893620305,-0.04705484138875465,-0.007370283876820199,0.13433311575578563,-0.0013531399581106019,0.19388446592450692,0.00018691377922295954,0.2861672411958622,0.0003691063361474701,0.44016388314903004,-0.0002959846630787145,0.6614289311079893,-0.0008450190416675263,1.364505794256775,0.007918707017704597,-0.0028019174803226923,0.11895485235116629,0.19496869076506343,0.15
3.125,135534136,-0.17626451096697685,0.1,0.07275435206571987,0.06738569444835722,0.07471972665943317,0.0869302393065245,0.0008881292960798747,0.0066687372098097435,0.0923278935638184,0.32612014812863077,0.073553949603169,0.08231146441963005,0.08178026055702262,2.7764451051977987,0.1307396693540631,-0.49022490519708994,0.23575812486944428,0.09537645550452388,12.706204736432095,0.07145422237230598,-0.28523057931350326,-0.03437736998964472,0.11811921501991965,-0.24441465656592867,0.19537676207121168,-0.0027085580049744026,0.13433311575578563,-0.0038956904557933656,0.19388446592450692,-0.004659860057398664,0.2861672411958622,0.002092100247036949,0.44016388314903004,-0.0012159334156980788,0.6614289311079893,0.00010975005711665122,1.364505794256775,0.00044535047354996965,-0.0009923790394329652,0.07065905491357392,0.086929971730531,0.15
3.125,1159761530,-0.19294535949078295,0.1,0.06915557101583289,0.13758484502177565,0.18268779589436207,0.204568447026109,0.015965763563286807,0.025882485955387155,0.23354514784506553,0.2861672411958622,0.14731388297361964,0.08231146441963005,0.16111266501455,2.7764451051977987,0.11706768022070416,-0.45048768404636486,0.19957629140490563,0.20579762758780423,12.706204736432095,0.1411314874735032,-0.43210810283608336,0.04621738385451746,0.1338508542468883,-0.3973035906444738,0.14318916737553425,-0.004732394376904823,0.13433311575578563,0.0002618877312271392,0.19388446592450692,0.0015027004675824658,0.2861672411958622,0.000441304753664814,0.44016388314903004,-0.001697091041120663,0.6614289311079893,-0.00045339085365685833,1.364505794256775,0.0006675275619059464,-0.000949446573345729,0.06886343321850531,0.09815447737719443,0.15
3.125,411191511,-0.017911751891214443,0.1,0.06467909509343844,0.05042475007988803,0.058568969031974415,0.055061218763339484,0.0008328038167906516,0.0021989339949136763,0.05637152906949646,0.13433311575578563,0.05808040575313367,0.08231146441963005,0.04696050782814227,2.7764451051977987,0.06525585082039792,-0.2424948986692818,0.1198636765223413,0.03892036029345677,12.706204736432095,0.03971033482179645,-0.09298127169582565,0.05715776791339674,0.07902894294585198,-0.258782451128083,0.04769488801960499,-0.004032077571015383,0.13433311575578563,0.001951242656866424,0.19388446592450692,-0.0003495222286183816,0.2861672411958622,-0.002502967204068137,0.44016388314903004,0.0003995758193519663,0.6614289311079893,-0.0002169185757412455,1.364505794256775,0.0008189359202131167,-0.0009242413622190339,0.06790729739117793,0.09172132232828176,0.15
3.125,2075922512,0.004246976192016623,0.1,0.05649090872422886,0.04044158544945568,0.05061444589945029,0.04562773305159597,0.0011380700273780115,0.0009438199960496914,0.049642558654388595,0.32612014812863077,0.04590473646736436,0.08231146441963005,0.030766016958756335,2.7764451051977987,0.12042646372085969,-0.4252597444897524,0.24345518697836993,0.04962787983745784,12.706204736432095,0.025488214286050782,-0.04406246740033799,0.05231666685743069,0.05776637671699474,-0.11716931376096376,0.0711692069051796,-0.0062693391629233515,0.13433311575578563,0.002678348569264347,0.19388446592450692,-0.0015563021423626278,0.2861672411958622,-0.0014792220752955303,0.44016388314903004,1.8687803760937448e-05,0.6614289311079893,3.3103058178305535e-05,1.364505794256775,-0.0017782333789791223,-0.0003304350761418564,0.040559871859763875,0.05100000057586934,0.15
3.125,1804810117,-0.09620259906939416,0.1,0.07715672001817114,0.09016244118999144,0.14209178247270005,0.16003923839996276,0.011880837938690521,0.013731719888949598,0.16394806417039348,0.19388446592450692,0.11518772739554811,0.08231146441963005,0.1173516379973103,2.7764451051977987,0.11721175889636144,-0.41970930473283025,0.23115472378602425,0.13242968200139968,12.706204736432095,0.10283944621768756,-0.2722265492697029,0.07323633699639215,0.09265671294905616,-0.23910452141935076,0.09463567964766527,-0.0037188219720079066,0.13433311575578563,-0.0023830997591308134,0.19388446592450692,-0.002145236452888824,0.2861672411958622,0.0003365148386464666,0.44016388314903004,-0.0017744405259388638,0.6614289311079893,0.0008447292494292997,1.364505794256775,-0.0022833117530787175,-0.00034731504485163695,0.04171254686172011,0.057184298467849545,0.15
3.125,259027751,-0.15102768888460533,0.1,0.0694729326551528,0.06877103623945824,0.08465008578581992,0.09185664355848332,0.0024316860215218847,0.006005956944308371,0.09898499824812661,0.32612014812863077,0.07915726900574332,0.08231146441963005,0.07761001998049509,2.7764451051977987,0.09612220864251965,-0.4655083884868907,0.0682476828857598,0.10003625920095766,12.706204736432095,0.07517499605691992,-0.2671936961047301,-0.03583587644087103,0.07468748352855516,-0.275981788923129,-0.012252879927595758,-0.008227333349040028,0.13433311575578563,-6.322766600548944e-05,0.19388446592450692,-0.000980397975934898,0.2861672411958622,0.00028900078320283004,0.44016388314903004,0.00030492901818710325,0.6614289311079893,-0.0009868322973752032,1.364505794256775,-0.002480519859647117,-0.0002038789324733971,0.03191894245994057,0.0367455388240042,0.15
3.125,83289367,-0.2815150637646962,0.1,0.07577938085384152,0.12364151426309086,0.12247251534230237,0.1382093666025212,0.0012528914647067634,0.01784893755196334,0.138419097982786,0.13433311575578563,0.12262993825787617,0.08231146441963005,0.1337928401547706,2.7764451051977987,0.1038620425066908,-0.4921189701882476,0.08461554887884729,0.12997691300707095,12.706204736432095,0.11492469669591994,-0.47672310877192425,-0.10730365700876607,0.1219131742278112,-0.5138596015858706,-0.03761990831450755,-0.005069397618122482,0.13433311575578563,-0.00021215562783205848,0.19388446592450692,0.0009207078757606619,0.2861672411958622,-0.00040219509064920065,0.44016388314903004,-0.0012540100977737488,0.6614289311079893,-0.00016182817402506284,1.364505794256775,0.001342612840527921,-0.0011815124743156707,0.076860184331566,0.11220615857904319,0.15
3.125,2045635079,-0.1653395166308338,0.1,0.045901400443900495,0.04560502016148236,0.041488124426557665,0.0431876653294784,-0.0002305377665394173,0.0020957122031504483,0.04291564685140788,0.13433311575578563,0.04251663275953558,0.08231146441963005,0.04584505616569636,2.7764451051977987,0.17941154068158177,-0.8906677748444238,0.10558481303832307,0.03122533335024084,12.706204736432095,0.04307268805925824,-0.23609774676232934,-0.09458128649933825,0.0834856424683186,-0.35106397403200035,-0.06764945579248038,-0.006375513725036129,0.13433311575578563,-0.002303823068285181,0.19388446592450692,0.0016383635918617919,0.2861672411958622,0.00019759439986273043,0.44016388314903004,-0.0009051754964796181,0.6614289311079893,-0.0005019773870851639,1.364505794256775,-0.0007153445462465172,-0.0006423131980034846,0.05662393928372628,0.08112252476481374,0.15
3.125,546672130,-0.06240722666793309,0.1,0.07121670000010505,0.06124482862857923,0.06009423400568589,0.05306020923892163,0.0004454061429761684,0.0023699796615019755,0.05314874738891367,0.13433311575578563,0.059380667897513645,0.08231146441963005,0.04875273647399545,2.7764451051977987,0.10075263838056367,-0.2723044634087204,0.2871638759262394,0.04577158411236073,12.706204736432095,0.04099900195164814,-0.14263142569424578,0.013382532764580186,0.06838690882292041,-0.16424901528176108,0.12001765953659953,-0.009025692284689676,0.13433311575578563,0.0012066986893950929,0.19388446592450692,-0.0008367828440229328,0.2861672411958622,-0.00027885112287697866,0.44016388314903004,-1.9964001393368687e-05,0.6614289311079893,-0.0004523921791055265,1.364505794256775,-2.4497376705163024e-05,-0.000831370441393011,0.0649894156349204,0.10230220733710853,0.15
3.125,1025635249,0.23031795926117893,0.1,0.06723854702331966,0.12484527175746683,0.13058753355357308,0.13970130720994753,0.0009260194454662144,0.018590435790701923,0.13931822899079413,0.13433311575578563,0.12516529733234136,0.08231146441963005,0.13654363908257328,2.7764451051977987,0.13195321112010513,-0.36804138200181213,0.36468031225728315,0.13151932993640697,12.706204736432095,0.10240697664538623,0.047703775949124505,0.3999005217713928,0.21521259571655568,-0.3591050337533084,0.3517505231999947,-0.00798821552353793,0.13433311575578563,-0.0015648034183247915,0.19388446592450692,-8.277601445804709e-05,0.2861672411958622,0.00017927241279056338,0.44016388314903004,-0.001169350234804729,0.6614289311079893,0.00020302331299762414,1.364505794256775,0.001977537717745938,-0.0014096953141248395,0.08463845530261031,0.13702071335031785,0.15
3.125,1689947755,0.04203190997618332,0.1,0.06472930929325513,0.07648910468135561,0.08320156022665885,0.06799467110221705,0.001993637754990789,0.0026296375433078807,0.06634095862835186,0.13433311575578563,0.0758495049616559,0.08231146441963005,0.05135404221494692,2.7764451051977987,0.0981817541781447,-0.313510731532605,0.23168177008268176,0.02703140079344525,12.706204736432095,0.045615110926424715,-0.029689956586630137,0.11626521209007787,0.15638395882967362,-0.39892620498608516,0.14779107188435978,-0.007239736488848685,0.13433311575578563,5.704522400700547e-05,0.19388446592450692,-0.0007150107980108516,0.2861672411958622,-0.0010923460202219716,0.44016388314903004,0.0007913691025803538,0.6614289311079893,-0.0006066621642162411,1.364505794256775,-0.0011138205004360294,-0.0004715141887589132,0.04835592372648735,0.08080816916628324,0.15
3.125,398602496,0.2178828950805552,0.1,0.07131125025193163,0.11591517628347792,0.1390853251376901,0.1156144088945346,0.006333781408439111,0.007032910135593529,0.11607585548395154,0.19388446592450692,0.13161656280733852,0.08231146441963005,0.08398354877870538,2.7764451051977987,0.1149452672431173,-0.07656215002953953,0.5617162991760722,0.08401924454727952,12.706204736432095,0.0712992086888795,0.0747257087608659,0.3194310289692639,0.10783553086034521,-0.02470449986603334,0.3854226040436965,-0.008108314127772735,0.13433311575578563,-0.0010319523180039297,0.19388446592450692,0.0007294520656309342,0.2861672411958622,-0.0015330854678133855,0.44016388314903004,0.0002279650763863081,0.6614289311079893,9.397190836088578e-05,1.364505794256775,-0.0020763767300438795,-0.00023410465650962727,0.03421996888624468,0.051263850823664504,0.15
3.125,2012404369,0.189234946240827,0.1,0.05773797409218209,0.07010628982262121,0.09771750910043235,0.11111048775572609,0.0045882741822849266,0.007757266307030429,0.1130996396398152,0.19388446592450692,0.08519971419109455,0.08231146441963005,0.08820252916922754,2.7764451051977987,0.1516821675238952,-0.2892381329871727,0.55303629014785,0.10542813881501896,12.706204736432095,0.07966649722909232,0.02151657943580726,0.34405899595143,0.07637386674337855,0.038761689404168825,0.31726683741815875,-0.00751132730483652,0.13433311575578563,0.001198207112213651,0.19388446592450692,-0.0030297477923265045,0.2861672411958622,0.0001961171525790396,0.44016388314903004,0.0005835901155279903,0.6614289311079893,-0.0004893853341482765,1.364505794256775,-0.002176637458610733,-0.0001525331468043081,0.02780654856434957,0.043698320906857255,0.15
3.125,1877004221,0.06919908853998559,0.1,0.05695350674289287,0.05929680566023976,0.06900685914324892,0.051898590421174576,0.001413801400091402,0.0012796622876134318,0.06446160091200549,0.32612014812863077,0.06719406630152458,0.08231146441963005,0.03582402453007463,2.7764451051977987,0.08785425190246418,-0.19561689069468888,0.29222812463613324,0.06789814349057975,12.706204736432095,0.033431239770197574,0.007557230124866479,0.13407064338649524,0.06445809713382661,-0.08272772625842281,0.1420934925814743,-0.00907558671514687,0.13433311575578563,-0.00028089797786937234,0.19388446592450692,0.001246121773835376,0.2861672411958622,0.00015631879163755457,0.44016388314903004,7.434473476688566e-05,0.6614289311079893,-0.000936557212137285,1.364505794256775,0.0018615054897371237,-0.0011641433375476147,0.07629624629889296,0.11551029214708393,0.15
3.125,2098104473,0.20940625148850733,0.1,0.06427813590652082,0.04510311453835009,0.04220384781764938,0.026992242111407858,-0.00012643911853239278,0.0008550202527332526,0.02897532682464598,0.32612014812863077,0.04428223494192393,0.08231146441963005,0.029282954248727355,2.7764451051977987,0.05846924019813865,0.0609508526220604,0.38562412412757324,0.031091937763794462,12.706204736432095,0.026347051234641185,0.16772004137968283,0.256210269171973,0.10590725119209436,-0.14066687993545793,0.2788262489597157,-0.006034968078279493,0.13433311575578563,-0.004935789540235766,0.19388446592450692,-0.0012726948630104049,0.2861672411958622,0.00013708473691953239,0.44016388314903004,4.614617027825889e-05,0.6614289311079893,-9.916170739666258e-05,1.364505794256775,-0.0016118097308105114,-0.0004261362318046843,0.046417967269456226,0.08057515095163621,0.15
3.125,1787226978,-0.19854899751624638,0.1,0.05800368586893144,0.05369324711546404,0.07210344308890719,0.06012648846973782,0.002468223784933285,0.00114697083076823,0.06933160550344865,0.32612014812863077,0.06522756856930265,0.08231146441963005,0.03391586318178893,2.7764451051977987,0.08258679114046269,-0.36010775986659216,0.09848762416526899,0.06705433626204292,12.706204736432095,0.028465662068066767,-0.2528516152830042,-0.152356470729401,0.07145264243248092,-0.3583182794172213,-0.04496313324596565,-0.007829239718228844,0.13433311575578563,-0.002219013919370388,0.19388446592450692,0.0013615693986656907,0.2861672411958622,-0.001166342483570278,0.44016388314903004,-1.3073867016309054e-05,0.6614289311079893,0.00025505394965722237,1.364505794256775,-0.0017605156519679343,-0.00021908167496466403,0.03308066902136293,0.04334979776822718,0.15
3.125,1980500543,0.05209397830085723,0.1,0.061723779885968416,0.05802184085224413,0.08455666877680869,0.06493423173416085,0.004076373443758287,0.0001400810071474156,0.06781364043560707,0.19388446592450692,0.07461812081932717,0.08231146441963005,0.01185267335032801,2.7764451051977987,0.015934997128719076,-0.0012897656647019376,0.08719552389404417,0.06359806007623267,12.706204736432095,0.011131322873801489,0.0325123894960297,0.07422713511208918,0.06252040320475587,-0.11085421297090402,0.13378553186801376,-0.005839843980577519,0.13433311575578563,-0.0013273747110934086,0.19388446592450692,0.000632566446969406,0.2861672411958622,-0.0016232777851567914,0.44016388314903004,0.0009730614550580189,0.6614289311079893,-0.0007692761882861488,1.364505794256775,-0.0010289730978591618,-0.00045093625372680186,0.04746997128829549,0.07391199802394086,0.15
3.125,1977925942,0.03683893187300021,0.1,0.06270964088008955,0.1312655483318921,0.16234556842346595,0.15053101576819672,0.009381073784449388,0.013278512923755703,0.1577495588554955,0.32612014812863077,0.14842269299683145,0.08231146441963005,0.11539883070784408,2.7764451051977987,0.08098190808206109,-0.11929895078112121,0.33038469382691193,0.15935934000749286,12.706204736432095,0.09987390845261013,-0.1058561000591017,0.21607763922051373,0.13655625459035337,-0.1698863100224263,0.32735465334779884,-0.0075685598162461894,0.13433311575578563,-0.006525832862669248,0.19388446592450692,0.002246684727380954,0.2861672411958622,-0.00011101762364943217,0.44016388314903004,0.0009053181073882166,0.6614289311079893,-0.0014721037346721916,1.364505794256775,-0.0019147871215220616,-0.0003607452023350318,0.042781434664119385,0.06891322144140881,0.15
3.125,673943374,0.09350589121355256,0.1,0.055670845046549,0.028360908754672697,0.04757972505328217,0.04613547687859733,0.0013767398485936078,0.0007517423782219809,0.0522979856626167,0.32612014812863077,0.0383537823349357,0.08231146441963005,0.027457513435396756,2.7764451051977987,0.13591183096580112,-0.4712044566937633,0.283499018953175,0.05212325036556939,12.706204736432095,0.02636878736738226,0.05107619297038549,0.1331040083001839,0.05036405502013046,-0.046050477187454475,0.13722866692719635,-0.008935325102781548,0.13433311575578563,-0.0008265537091037772,0.19388446592450692,0.000679949135412297,0.2861672411958622,-7.085757300218638e-05,0.44016388314903004,-0.001341054647808736,0.6614289311079893,0.0005177770563425783,1.364505794256775,-0.00258670440482634,-0.00021071413084300362,0.03266075690610422,0.05419561311931974,0.15
3.125,189675162,-0.3582218537571402,0.1,0.04185630499401772,0.044470518813335906,0.03889266227681153,0.04207388680077981,-0.0004516418928506088,0.002221853843375442,0.04356031169804971,0.13433311575578563,0.04144053924408603,0.08231146441963005,0.0472046119174321,2.7764451051977987,0.12055435584975953,-0.6751044748707644,-0.005679372452087439,0.028295119598246172,12.706204736432095,0.038843897325218694,-0.4256278668242476,-0.29081584069003286,0.0461067257300792,-0.43473190638711795,-0.28625018153187975,-0.006071858231263841,0.13433311575578563,0.0013024192374776176,0.19388446592450692,0.0012609295131915225,0.2861672411958622,0.0008225532740465936,0.44016388314903004,-0.0003121522235647551,0.6614289311079893,-0.0016696894481062722,1.364505794256775,-0.0024654810525747677,-4.7426756708397355e-05,0.015527514946517077,0.02384406618744865,0.15
3.125,1496755422,-0.21478565306748704,0.1,0.06698760322652031,0.05752099190519839,0.05946704858720314,0.04899779716620065,0.0007742211971595199,0.0016265629299806207,0.04911792013421531,0.19388446592450692,0.057305608432748116,0.08231146441963005,0.040388909107714206,2.7764451051977987,0.05787196253592106,-0.312070781176335,0.009285873045761811,0.03747920929637821,12.706204736432095,0.033090482149266555,-0.2748977077369449,-0.16156210866455423,0.10185961581403537,-0.28424814287034045,0.08382411898221331,-0.006344567444938445,0.13433311575578563,-0.0006154760106817697,0.19388446592450692,6.706826201608057e-05,0.2861672411958622,-0.0009291371648621312,0.44016388314903004,-0.0007279416598726052,0.6614289311079893,0.0002963219787457015,1.364505794256775,-0.0012236921761342734,-0.0005145334275530592,0.05075786669534581,0.05858555240989849,0.15
3.125,1999247453,0.0336123498793941,0.1,0.06730676457571078,0.15907843385421847,0.1888293759568206,0.23395920413521584,0.009725639237853155,0.04501126996173044,0.24921389973572844,0.32612014812863077,0.1674350628923428,0.08231146441963005,0.21246496261111464,2.7764451051977987,0.21936264321813828,-0.4591537127012149,0.7589429613512875,0.25266705778021914,12.706204736432095,0.1873218615721881,-0.28565277768399266,0.3485991310533571,0.20741753284090222,-0.17080270062380973,0.5533591318400811,-0.00571563282208679,0.13433311575578563,-0.0029934899613722234,0.19388446592450692,0.0006019711501896207,0.2861672411958622,-0.000619229720346537,0.44016388314903004,-0.0003377531946072023,0.6614289311079893,-0.0005713903630250989,1.364505794256775,-0.0014091373973196127,-0.0006459173832163712,0.056529084667785834,0.09241337880380521,0.15
3.125,79335138,-0.1529332767330994,0.1,0.06586598331183968,0.04984014772713153,0.05867005914244555,0.050796836960021026,0.0007874929721667415,0.0017928256729762165,0.05190699646475109,0.13433311575578563,0.057962237053634576,0.08231146441963005,0.042402915584494216,2.7764451051977987,0.03245536171546961,-0.23805908092525963,-0.05783802058058039,0.03567314482400547,12.706204736432095,0.0354338318352175,-0.21368884872691296,-0.09217770473928584,0.05925354319370003,-0.250845652773299,-0.021569889575822437,-0.004793429641042679,0.13433311575578563,0.0017883892078462717,0.19388446592450692,-0.0021239549161366296,0.2861672411958622,-0.00025446085469849267,0.44016388314903004,-0.0006295591116749764,0.6614289311079893,0.00011201842475630783,1.364505794256775,-0.0003406580254604708,-0.000606909810190343,0.05489950527104434,0.0664552825888056,0.15
3.125,2094247634,0.23178450048591798,0.1,0.07212871927153959,0.06683050371712161,0.08172317096648307,0.08696302605507289,0.002041938873358915,0.005520629027296371,0.08637022039956056,0.19388446592450692,0.07746497533053393,0.08231146441963005,0.07440822940051571,2.7764451051977987,0.13466534300517163,-0.21162091917717135,0.5361609456758114,0.08218553032927006,12.706204736432095,0.062235417764455556,0.14367960293108034,0.37519172504859594,0.08400429566976275,0.07914685546940943,0.3739103094559719,-0.007202385128209184,0.13433311575578563,-0.0006426704667845347,0.19388446592450692,-0.0017781881099063943,0.2861672411958622,0.0001584694027802023,0.44016388314903004,0.0004372731384537789,0.6614289311079893,-0.0009730878658225843,1.364505794256775,-0.0001793966114354287,-0.0008267709171804033,0.06439656912819396,0.08540077278557617,0.15
3.125,1950372138,-0.1325080716566267,0.1,0.06701461509590351,0.04415836709122488,0.05690818792142467,0.06906603809790732,0.0006208965252942908,0.004149221093247294,0.0687506096087209,0.13433311575578563,0.05397790006795218,0.08231146441963005,0.0645074651627615,2.7764451051977987,0.07411126049284286,-0.2308899543495571,0.180641738521228,0.06736312104579256,12.706204736432095,0.06025863792498681,-0.23174923426527352,-0.035279494414256256,0.09573238711554796,-0.21572943973846034,0.12140296024505022,-0.005649601031884146,0.13433311575578563,-0.0013880895834289023,0.19388446592450692,-0.002238217624597849,0.2861672411958622,0.0015568600739534109,0.44016388314903004,0.00023784542690067126,0.6614289311079893,-0.0013738034787309386,1.364505794256775,-0.0002998375774923067,-0.0006832277330776644,0.058346577499183205,0.0729343613207734,0.15
3.125,312526217,0.06470235758129281,0.1,0.06628787952660586,0.03280838315356626,0.03877659376400071,0.03193078511836906,0.00041443627984737576,0.0006051387584280835,0.04287796859561625,0.32612014812863077,0.03612120701549497,0.08231146441963005,0.024635091117698304,2.7764451051977987,0.09006660742118584,-0.10723469824079951,0.3928952843918468,0.047029507019522375,12.706204736432095,0.023054698725272226,0.026380347673126497,0.10206183261161014,0.06048522725802309,-0.007156287795196864,0.22903004491475995,-0.010469687762675923,0.13433311575578563,0.0008368546057753583,0.19388446592450692,-0.0003073967205772888,0.2861672411958622,-0.0009233000710309977,0.44016388314903004,-0.0009233459421041127,0.6614289311079893,0.0009550074520907603,1.364505794256775,-0.003052223350430289,-0.00010644461491633205,0.02297739074145819,0.02821258932775771,0.15
3.125,888494036,-0.017583099507876437,0.1,0.05417875120903031,0.051571482626934444,0.06702841888999762,0.051809136904670275,0.0015895015892763535,0.0010946850775305139,0.05478565568880916,0.2431366342882323,0.060419377005618446,0.08231146441963005,0.03313380309041445,2.7764451051977987,0.044524263429370645,-0.14118249355938095,0.10605585296264604,0.048545793204240115,12.706204736432095,0.0269543890590369,-0.06286373836674278,0.03764836152732779,0.06758028990997926,-0.1633339362502738,0.08835490023357999,-0.007945448604225634,0.13433311575578563,0.002106018008643395,0.19388446592450692,-0.002145110616187699,0.2861672411958622,-0.00020921002988692167,0.44016388314903004,0.0003298589747488669,0.6614289311079893,-0.0006904942760304401,1.364505794256775,0.005897881718144415,-0.0022661112558624913,0.10694412286067916,0.1643757567537135,0.15
3.125,129437503,-0.11732539794790633,0.1,0.06633310735656964,0.08014236684453817,0.0997692891988789,0.09973874074413912,0.003416731458870205,0.00653108494635639,0.10764040723211338,0.32612014812863077,0.09090836417741503,0.08231146441963005,0.08093182880924811,2.7764451051977987,0.08354982135392995,-0.3646383419894701,0.0993046430870686,0.10185093125541442,12.706204736432095,0.07958292779758222,-0.2599450654042406,0.015586119114531243,0.08451288653956998,-0.26603403634260686,0.037221971521786204,-0.006698018035480923,0.13433311575578563,-0.0009368394122105208,0.19388446592450692,0.0012051762057686294,0.2861672411958622,0.0002790165457773027,0.44016388314903004,-0.0007754424037981586,0.6614289311079893,-0.0004507389066916294,1.364505794256775,-0.0013415961284858598,-0.000383181103538706,0.04355346159884685,0.06623570273299202,0.15
3.125,2105507260,-0.37554403926142904,0.1,0.06568256091173538,0.06537320328471447,0.06345228668595117,0.07394555264505763,2.3525591335957566e-05,0.005444419164647033,0.0740680993588708,0.13433311575578563,0.06315039337864381,0.08231146441963005,0.07389285811329664,2.7764451051977987,0.14981317761974905,-0.5617064428485881,0.2701896845443733,0.05855147198341263,12.706204736432095,0.06453394449829257,-0.47724491624030346,-0.2579228328817079,0.13099405321407964,-0.4410000530534399,-0.000826280171122914,-0.005535340489552463,0.13433311575578563,-0.005286069089078178,0.19388446592450692,0.001553904667027008,0.2861672411958622,-0.00019697419097049283,0.44016388314903004,0.00011365034609624743,0.6614289311079893,-0.0009146654483439544,1.364505794256775,0.00031740922445740557,-0.0009077460885501877,0.06764340958583141,0.09671643519012174,0.15
3.125,569861483,0.18086996757898305,0.1,0.06601123631138794,0.08048708114478277,0.09562256271615059,0.08017630397907029,0.002322955209550259,0.004105284510194024,0.08000486045163223,0.19388446592450692,0.08495585485189822,0.08231146441963005,0.06416501768352856,2.7764451051977987,0.13395080202862947,-0.35531365785083513,0.38850043940858014,0.06312311315851739,12.706204736432095,0.05933869203181481,0.06220524364715943,0.2860055210101149,0.10510484110567596,-0.11677857770689398,0.31302339212186,-0.005502983224256339,0.13433311575578563,-0.00041439271580177107,0.19388446592450692,0.0016397379981955486,0.2861672411958622,-0.0016166013935726118,0.44016388314903004,-0.0007622516868385718,0.6614289311079893,-0.0001983378501383943,1.364505794256775,-0.003569029782418118,-5.8651287550574915e-05,0.01712378795425755,0.024001087896468702,0.15
3.125,656770470,0.23791431576427527,0.1,0.061486623775417325,0.08075365008697995,0.10183848147374608,0.12087863558682473,0.0034815906473010354,0.011130053894031332,0.12118307609079301,0.13433311575578563,0.09711131635241656,0.08231146441963005,0.10565141589137474,2.7764451051977987,0.15245891587484453,-0.24466368888862175,0.6019239325603284,0.10387053370130593,12.706204736432095,0.09714063706874516,0.05463074630394307,0.41667839508056187,0.09761279425089645,0.01377200442597791,0.3738171865137284,-0.00866266497917719,0.13433311575578563,-0.00020631309062276213,0.19388446592450692,0.0006126136934461534,0.2861672411958622,0.0009340095254751266,0.44016388314903004,-0.0010031795264742074,0.6614289311079893,-0.00037991510399202147,1.364505794256775,0.0015663071348381945,-0.0011484824267052128,0.07604496609765916,0.10538880769466223,0.15
3.125,1078872907,-0.12409389223762954,0.1,0.06717275739936523,0.03148838703677625,0.035087058034433044,0.0506227973661641,0.00043312649312493524,0.0021295411200507757,0.05239644823183778,0.2431366342882323,0.03341972240082081,0.08231146441963005,0.046213589594104355,2.7764451051977987,0.14674554018885763,-0.6298287590900618,0.1850331144438595,0.05133422457277936,12.706204736432095,0.03903186000978467,-0.1957361337459465,-0.05824750857485231,0.07217906837131809,-0.22812694983815035,0.07162242853127981,-0.007387370397682895,0.13433311575578563,-0.0035937185605162928,0.19388446592450692,0.0005909093454924726,0.2861672411958622,-0.0017181607197857861,0.44016388314903004,0.0011891650753835697,0.6614289311079893,-0.0006266815419449363,1.364505794256775,-0.0018294560485701333,-0.0003773993944224692,0.04361382497488027,0.07165674674570495,0.15
3.125,424063615,0.12139974845518355,0.1,0.0637584251745639,0.05875005633754466,0.06914713810883441,0.06713855607078659,0.0013315245874297426,0.0031760611238404114,0.06633966096798456,0.13433311575578563,0.06374380026911951,0.08231146441963005,0.056437934859900334,2.7764451051977987,0.09931470292265823,-0.19090839406465052,0.36057524754292536,0.05619069138862958,12.706204736432095,0.04464036355707084,0.037600732047633534,0.1950758211450451,0.07843719836893236,-0.08240435759417258,0.2088949386280778,-0.002545698212125875,0.13433311575578563,0.0008857514052388325,0.19388446592450692,0.0005626041968379142,0.2861672411958622,0.0004393424566431692,0.44016388314903004,-0.0009972368310073973,0.6614289311079893,-0.001258291306891118,1.364505794256775,-0.0011601451160942714,-0.00048148799399570764,0.04908936317076049,0.07023619916920207,0.15
3.125,263711996,0.33200155641915186,0.1,0.05790024015323046,0.11066609081551924,0.11912981155080388,0.12909888098498892,0.0017902335661735182,0.014876287505402814,0.12827368260643918,0.13433311575578563,0.11348766319220176,0.08231146441963005,0.12214451504671206,2.7764451051977987,0.16716832455860936,-0.34272020229258093,0.5855471506371549,0.09600730685792565,12.706204736432095,0.10257229512636591,0.1512332833782145,0.50773590172994,0.21844948526054547,-0.24159861348756628,0.44496190370342414,-0.007731731311542178,0.13433311575578563,-0.0049321170197281885,0.19388446592450692,0.0013714394630917896,0.2861672411958622,-9.450002184045484e-05,0.44016388314903004,0.00015956764139824205,0.6614289311079893,-0.0007066013927816387,1.364505794256775,0.00021548495025709914,-0.0008763241921783152,0.06586018300774536,0.09969228826149229,0.15
3.125,1241044515,0.02579765252163648,0.1,0.06703175235744675,0.06040418010194731,0.07335295327085425,0.04776793628044465,0.0013784111740575838,0.0009033645624350368,0.05950839088007698,0.32612014812863077,0.06943903666564827,0.08231146441963005,0.030099425952554118,2.7764451051977987,0.02731244235786432,-0.06473109362373546,0.08693190016724338,0.05938897718602499,12.706204736432095,0.025091275124216918,-0.020195880640632283,0.06787512708625337,0.07789319308346793,-0.05338933747400691,0.22887462800624533,-0.00607327601741436,0.13433311575578563,0.0013309281291199434,0.19388446592450692,0.0005399352459485105,0.2861672411958622,-0.0007613353308404054,0.44016388314903004,-0.0010667959085572847,0.6614289311079893,-0.0002489958800316097,1.364505794256775,-0.00015114930258429678,-0.0008712766424291513,0.06602404814240906,0.07217086364040168,0.15
3.125,90891595,0.27977333828458717,0.1,0.06409712566409738,0.11207228174599822,0.11084209626180869,0.11728717506694829,0.000324169021243945,0.01343211241394103,0.11833783525937913,0.13433311575578563,0.1150585732845607,0.08231146441963005,0.11606435089244829,2.7764451051977987,0.11332286454525393,0.23298165287099798,0.8622510780183248,0.08201560162746577,12.706204736432095,0.10400771087791515,0.1186239369451558,0.4629911561286919,0.19192258669448006,0.1700995216060116,0.7846481686487676,-0.006323372754061259,0.13433311575578563,-0.002090411946811385,0.19388446592450692,-0.0009930184372171488,0.2861672411958622,0.0005680048149897276,0.44016388314903004,-0.001078745216641892,0.6614289311079893,0.00023037323578947483,1.364505794256775,-0.0024261023029066727,-0.00022515978163765996,0.03356393359117443,0.04360635688484076,0.15
3.125,618586078,-0.1562075008962575,0.1,0.058921022598064234,0.03413391052724772,0.030296564678725855,0.041399773669418605,-6.4978297297348456e-06,0.001720439089608821,0.04579188327756223,0.32612014812863077,0.028319318325153102,0.08231146441963005,0.041538072378479826,2.7764451051977987,0.1126699766565197,-0.37826603516079393,0.24737797522069485,0.046176482102711296,12.706204736432095,0.03811619605453222,-0.22117857120802661,-0.08392072619147214,0.04054280391978515,-0.2181663587636822,-0.06576071405469565,-0.004476651364233055,0.13433311575578563,-0.0002930878837721141,0.19388446592450692,-0.0045225259682651515,0.2861672411958622,8.722736744856066e-05,0.44016388314903004,4.750390593296219e-06,0.6614289311079893,2.9701983565790522e-05,1.364505794256775,-0.0005418495848790479,-0.0006962469204368143,0.05889182233259239,0.07657935158173612,0.15
3.125,434905343,0.22358218085325932,0.1,0.06548991325698354,0.07417190514297635,0.09212987136062467,0.13367625632546984,0.003060882777012764,0.014808458728179956,0.13655199713986413,0.2431366342882323,0.07881466737478092,0.08231146441963005,0.12186573653757328,2.7764451051977987,0.10715788243739939,-0.022764945887380206,0.5722710104659772,0.12425473032762926,12.706204736432095,0.10196182849985493,0.04759848899579417,0.4209815215834265,0.07067416426317202,0.08376405068287245,0.3640654636581961,-0.004861130706407107,0.13433311575578563,-0.005628303289669439,0.19388446592450692,0.0005586271249468785,0.2861672411958622,-0.0009261948108575321,0.44016388314903004,-0.0011406299928516234,0.6614289311079893,0.0010954258122080347,1.364505794256775,-0.0026978700328362305,-0.00015803277285887814,0.028179891546886104,0.04199676138245101,0.15
3.125,1166760216,0.12459862361281465,0.1,0.06338008365930489,0.06384859904128472,0.06373282605933062,0.06087603317261573,0.00010548482934337553,0.0036004065854900354,0.06393432322312848,0.19388446592450692,0.06632221295050497,0.08231146441963005,0.06009003565375931,2.7764451051977987,0.0810748788315778,-0.015733009770070444,0.4344668912028071,0.054299241867828925,12.706204736432095,0.06296126016971305,0.02088723981140904,0.22831000741422025,0.06370682482152067,0.013569267612582904,0.25660619254424943,-0.002515560256828869,0.13433311575578563,-0.0035903130981515064,0.19388446592450692,-0.000818481576989373,0.2861672411958622,-0.00016063458005752623,0.44016388314903004,-0.0009776586390608517,0.6614289311079893,0.0001381762632990861,1.364505794256775,-0.0014867323092912213,-0.0004708568018706283,0.048758485856029536,0.08390989836006806,0.15
3.125,103577901,-0.4391899095603315,0.1,0.07282529148534223,0.05404779737492065,0.07134740826879025,0.06496798132404819,0.0017982065210112755,0.0024226320763105977,0.07870651435829149,0.32612014812863077,0.06238297690170363,0.08231146441963005,0.04929131671116875,2.7764451051977987,0.1308693552522741,-0.6643743826270206,0.06232877899411593,0.0737496443075833,12.706204736432095,0.04235908688108472,-0.5222152066811057,-0.3654935077925382,0.1122052092037445,-0.5409586643455986,-0.12558408462417125,-0.009897927159216448,0.13433311575578563,-0.0007159824500479183,0.19388446592450692,-0.0029370233494799827,0.2861672411958622,0.0008104719378962787,0.44016388314903004,-0.00057455353495325,0.6614289311079893,0.00023700340173374589,1.364505794256775,-0.0021715060726240723,-0.00041676590559876155,0.04577429019482478,0.0697113215348243,0.15
3.125,1520352846,-0.17815816494324377,0.1,0.06266494277545626,0.1154124472559313,0.10990467512608007,0.0832524189187686,-0.0009772514322406427,0.007908216688066782,0.08634454224135842,0.13433311575578563,0.12114352490600476,0.08231146441963005,0.08905657081688216,2.7764451051977987,0.08392186475410465,-0.32877593896299073,0.13723296226822038,0.044970703393964064,12.706204736432095,0.08275034949948604,-0.31595375559342864,-0.04052280837216751,0.11440163090414196,-0.3610197523152422,0.034477210219461527,-0.0019498158837967768,0.13433311575578563,-0.0012605944545920232,0.19388446592450692,0.0017773221627527445,0.2861672411958622,-0.0014630591786801575,0.44016388314903004,-0.0010034739501279689,0.6614289311079893,0.00010998930389009487,1.364505794256775,-0.0009537705438617042,-0.0004362067642099252,0.04700567620157916,0.08285840282886107,0.15
3.125,648192650,0.15293277610255993,0.1,0.06284245366689276,0.06642733880522023,0.04220833244931748,0.0786784938641477,-0.0021777429392482,0.008368048335978928,0.07937033357398363,0.13433311575578563,0.05240833389874737,0.08231146441963005,0.09160913407939492,2.7764451051977987,0.16393409970406453,-0.2824427974781274,0.6278652599185883,0.0705407399030392,12.706204736432095,0.08893729604047763,0.0074179050738558405,0.2891456607237637,0.08709700319475772,0.059184928654710076,0.36135244938833283,-0.00682616711129055,0.13433311575578563,-0.003106295625372214,0.19388446592450692,0.0006144106106352386,0.2861672411958622,-0.0002792407483593293,0.44016388314903004,-0.0013452745309350863,0.6614289311079893,0.00019482075957659228,1.364505794256775,-0.0001673931011900702,-0.000997811059420916,0.07043278075247149,0.10512414879899382,0.15
3.125,310555994,-0.26430681758298635,0.1,0.07092479089319886,0.0841209529603555,0.09566289705865215,0.0736125354456515,0.0035370421797210833,0.0018817631950162142,0.07463682733645134,0.13433311575578563,0.08785168359269371,0.08231146441963005,0.04344193615582906,2.7764451051977987,0.13708402527715524,-0.5649107524091598,0.19630178955397812,0.0597888532057531,12.706204736432095,0.03842353387217434,-0.33514514446228705,-0.1926425160393614,0.11468700269263857,-0.40274378979266,-0.0034741926872490763,-0.00411890908446598,0.13433311575578563,-0.0030149506858990504,0.19388446592450692,-0.002147632086419606,0.2861672411958622,0.0008238237441890519,0.44016388314903004,0.0002401557490302036,0.6614289311079893,-0.0014405805382321948,1.364505794256775,-0.0012485545644815672,-0.0006481910569700424,0.056768184521354265,0.09549158267847209,0.15
3.125,662827439,-0.03537036948442157,0.1,0.06782087004156934,0.10745085471034951,0.15404613321361219,0.17371443188059432,0.011635721242297304,0.018540982601300347,0.20776670219629548,0.32612014812863077,0.13348194130920668,0.08231146441963005,0.13636190544362967,2.7764451051977987,0.13555381187077353,-0.47471997243921904,0.2779954624798059,0.21380704410527268,12.706204736432095,0.11859792203926879,-0.24509571617993592,0.21597907163648838,0.10425132471393812,-0.24730838273438957,0.17896329341571124,-0.008788462625531382,0.13433311575578563,0.0004298791795597913,0.19388446592450692,-0.002873517582914258,0.2861672411958622,-0.0009374923450893182,0.44016388314903004,0.0003187195981557714,0.6614289311079893,0.00021135278876500868,1.364505794256775,-0.0027690357967191793,-0.00022000375477399108,0.033021610752133786,0.05269763102772778,0.15
3.125,338851300,-0.22734130286004503,0.1,0.0602084405044408,0.06967041730070701,0.0746757480095796,0.08474431111260712,0.0010868758631786,0.006094722402771748,0.08684499442024035,0.13433311575578563,0.08270267223626084,0.08231146441963005,0.078181437741986,2.7764451051977987,0.07240330097285178,-0.4489665558376117,-0.04691897466513703,0.061464582395682046,12.706204736432095,0.06730228234787647,-0.3387733984192391,-0.09471833144504108,0.08064520884955301,-0.3894789806558676,-0.09719944957436523,-0.006603312705121997,0.13433311575578563,-0.0012357411309128986,0.19388446592450692,-0.002494279033141933,0.2861672411958622,-0.0011235579298555106,0.44016388314903004,0.0007923521360502623,0.6614289311079893,-3.6021652192001745e-05,1.364505794256775,-0.000552496068472242,-0.0006622004679584827,0.057656485731275235,0.07099840690334865,0.15
3.125,726576074,0.23699061061125787,0.1,0.07317740132389942,0.038571892428434146,0.03855299339274026,0.051098152283515275,4.5559181012255236e-06,0.002606465248688092,0.052202967549867814,0.13433311575578563,0.04162314816633858,0.08231146441963005,0.05112727633313743,2.7764451051977987,0.054403104552566826,0.06027670054035497,0.3623711672254315,0.044689385840284056,12.706204736432095,0.04303758472735276,0.14846844924604857,0.3159339827155695,0.06116815695559364,0.14681917969725833,0.3515059571087713,-0.007949272414700176,0.13433311575578563,-0.004418221636425673,0.19388446592450692,0.001945151205589097,0.2861672411958622,-0.001815776962321183,0.44016388314903004,-0.00022954683855397586,0.6614289311079893,0.00018651509461819056,1.364505794256775,0.0018538395223738691,-0.0014482592718545175,0.0850191913992324,0.12025385490713865,0.15
3.125,234962399,-0.0476721496226708,0.1,0.06950936106753343,0.07540820840430751,0.061618770538186665,0.03540717527442666,-0.0010864846671450375,0.0023401527280590083,0.03776804950159598,0.13433311575578563,0.06699593964046768,0.08231146441963005,0.048444980908758026,2.7764451051977987,0.05753260336923588,-0.27921365375426876,0.04025857627333393,1e-150,12.706204736432095,0.0427848051323525,-0.12139098626639867,0.026324563681827146,0.08434155400128206,-0.23072120866470308,0.07864016621748339,-0.00953608369607724,0.13433311575578563,0.0013320867032704006,0.19388446592450692,0.0007842646809269992,0.2861672411958622,0.0009783121333068398,0.44016388314903004,-0.001265113522759346,0.6614289311079893,-0.0003836954011150116,1.364505794256775,0.00024341744095976865,-0.0008462187232772456,0.06489679567136568,0.1026872487440577,0.15
3.125,1583797687,-0.10159552947329795,0.1,0.07183721001026919,0.09505376428853884,0.10937882986852897,0.08568613864264985,0.0042147233860343,0.0031273909694531105,0.12352470984732318,0.32612014812863077,0.09671505333040017,0.08231146441963005,0.05600383622286034,2.7764451051977987,0.11160371717722559,-0.44129151277745515,0.17843167577971975,0.13328995959177967,12.706204736432095,0.044179950369366804,-0.19567173806663604,-0.02147592795279954,0.13088021777026276,-0.21179653994615072,0.2425671673579437,-0.005171633437297695,0.13433311575578563,-0.0004747835217999472,0.19388446592450692,-0.0020439186463774035,0.2861672411958622,-0.0007756001601611414,0.44016388314903004,-0.00030380448334305153,0.6614289311079893,-0.00019167565591244638,1.364505794256775,-0.0010232871173466037,-0.0007146384775449372,0.059884108904106344,0.08443816848587,0.15
3.125,808183163,0.03519187886903943,0.1,0.05651944074009585,0.04468329927204915,0.042684560959135316,0.04246848070497408,-2.9288990250130953e-05,0.001832860843638887,0.04278992635694797,0.13433311575578563,0.04385650301488746,0.08231146441963005,0.04287374638766882,2.7764451051977987,0.08834060740062533,-0.30217231240696635,0.18837338160836692,0.042463579717942596,12.706204736432095,0.03620899872506593,-0.03428794250504464,0.1046717002431235,0.06002975015784044,-0.10818804197490445,0.11024021421731733,-0.007935303012206787,0.13433311575578563,-0.0034363455302484575,0.19388446592450692,6.534863516929816e-05,0.2861672411958622,0.00041091430703234553,0.44016388314903004,-0.0010403873737582197,0.6614289311079893,0.0005537510518108273,1.364505794256775,0.0008574700750721729,-0.0010306924490265802,0.07170220069503899,0.10914240526395211,0.15
3.125,1227645363,0.13508923523181665,0.1,0.05522096142715735,0.03248242729330328,0.030232105976671555,0.04442666261466862,-8.035566324221077e-05,0.0020540840143198047,0.044584718847736016,0.13433311575578563,0.031865945714868095,0.08231146441963005,0.04538745061490818,2.7764451051977987,0.03989403422102515,0.1005973624823211,0.3221245545614386,0.041340583795902976,12.706204736432095,0.03967121311204155,0.07101328470599448,0.20247316301898916,0.06128315012772382,0.061216736384377246,0.2672804480994475,-0.006591365856625858,0.13433311575578563,-0.0005005147613312992,0.19388446592450692,0.0015618632333931088,0.2861672411958622,-0.001005795294298353,0.44016388314903004,-0.0010529396929834722,0.6614289311079893,0.000279962846965092,1.364505794256775,-0.0022867864366246057,-0.000219675836743459,0.03302335874742657,0.05396593216601277,0.15
4.0,30610854,-0.04649801693345664,0.1,0.06097013499773635,0.058419381023801516,0.06659277856902823,0.037762769599978006,0.001134776465700412,0.00029125030216061094,0.05472400281289461,0.32612014812863077,0.06191950932340043,0.08231146441963005,0.017090701157052846,2.7764451051977987,0.01299125652212316,-0.07109833046480363,0.0010406906976320393,0.06338486614404377,12.706204736432095,0.015949933142718236,-0.0694639034460575,-0.02353213042085578,0.06025421703627026,-0.13832246623438424,0.060903899349614626,-0.004964972720129817,0.13433311575578563,0.0009451212770877194,0.19388446592450692,0.000994606036509985,0.2861672411958622,-0.00045776015810226444,0.44016388314903004,-0.0009843565323146418,0.6614289311079893,9.178652054471854e-05,1.364505794256775,-0.0003021453284420076,-0.0005023388058308679,0.05024305041151316,0.05800110489170785,0.15
4.0,378261438,-0.21521065260843886,0.1,0.07505897181276511,0.12213238344299074,0.1295050372172636,0.12001064728434696,0.001498009295369085,0.012904546166238848,0.12106613238911476,0.13433311575578563,0.1341921989924892,0.08231146441963005,0.11376221931046285,2.7764451051977987,0.10809791780984905,-0.5665030035066078,0.03375286606385097,0.07088552407587023,12.706204736432095,0.09219863408199219,-0.37685549502905347,-0.056980928176107615,0.1321645089340754,-0.5289740826609748,-0.025541759720876325,-0.005539159293901879,0.13433311575578563,-0.008177772047786882,0.19388446592450692,0.0013293914081436015,0.2861672411958622,-0.0009116643652164239,0.44016388314903004,-0.0001022619001205151,0.6614289311079893,-0.00020399005775714575,1.364505794256775,-0.0033018248805633315,-0.00022364725273206387,0.03358899035618745,0.05595659158128155,0.15
4.0,6261802,-0.19085790498768712,0.1,0.061361602041293796,0.03511982186175935,0.043511307874010585,0.0388355825039425,0.0006754160030034613,0.0008327864654170633,0.03855751503699713,0.19388446592450692,0.04041233180877842,0.08231146441963005,0.028899712156282044,2.7764451051977987,0.07066448940974125,-0.423228851991846,-0.03083670052589041,0.04000374298047412,12.706204736432095,0.027355226706910762,-0.24166761305904777,-0.14004819691632647,0.04425423270598692,-0.27058256066183667,-0.08862664335895895,-0.008971437487964464,0.13433311575578563,-0.0004595654783238985,0.19388446592450692,0.0010142398510651688,0.2861672411958622,-0.0012272916935052473,0.44016388314903004,0.00025556620234514404,0.6614289311079893,-0.00025818987959941254,1.364505794256775,-0.00016943214578169852,-0.0007269266038230174,0.05997119391258965,0.09564845783450282,0.15
4.0,407389098,-0.3820344487984413,0.1,0.040807018981870426,0.017828698960437563,0.010636482303308934,1e-150,-0.00013281290009699984,0.00011173041968489296,1e-150,0.13433311575578563,0.011198517206972899,0.08231146441963005,0.01058552502113143,2.7764451051977987,0.009923641816809716,-0.4058912905535871,-0.350786397057552,1e-150,12.706204736432095,0.009749048125514186,-0.3978368262024869,-0.36611291893705056,0.02108391199922131,-0.41555068257246075,-0.33979088565893417,-0.004665307042440749,0.13433311575578563,-0.0005843578790905953,0.19388446592450692,0.000826334336021251,0.2861672411958622,-0.0003483398223936701,0.44016388314903004,-0.0013744029355384337,0.6614289311079893,0.00023208819180076554,1.364505794256775,0.0017943623749885607,-0.0011741555658708507,0.07640875746240104,0.09272380645402811,0.15
4.0,1283091082,-0.0754956234429856,0.1,0.05911144087070854,0.09567844010469,0.10437315738063944,0.13224538344955813,0.0018193539711182302,0.015669487472602432,0.13222055329183388,0.13433311575578563,0.10219426808618166,0.08231146441963005,0.1253585856997853,2.7764451051977987,0.07475370513898065,-0.367111183026383,0.04798793443066168,0.1136104411249099,12.706204736432095,0.11404405783984241,-0.25642229394645083,0.11023110709940984,0.09846627045112452,-0.2845282921432824,0.07073944745605847,-0.0046361917276728825,0.13433311575578563,0.0030696312110426757,0.19388446592450692,-0.0007675391838777263,0.2861672411958622,0.0011281493617661803,0.44016388314903004,-0.0006330467290618391,0.6614289311079893,-0.0014840092441042276,1.364505794256775,-0.002348290806820151,-0.00012301645988786872,0.024717081105706834,0.037771371228609206,0.15
4.0,649275225,-0.19447443643118578,0.1,0.041748914173137495,0.0321225946637592,0.03270355342903114,0.030599754835547333,-7.440602644340731e-05,0.0010107510224390097,0.031774042105881285,0.13433311575578563,0.03494551608217215,0.08231146441963005,0.03183822024185086,2.7764451051977987,0.07552514486159147,-0.3162156002827095,0.10316723725793107,0.021670726435018398,12.706204736432095,0.02799483302624887,-0.24885207474093757,-0.14990241592788034,0.04668747345819548,-0.2344029560287669,-0.07324834491086359,-0.007396513930822069,0.13433311575578563,-0.0035507394225154174,0.19388446592450692,0.0006736094584345358,0.2861672411958622,-0.0010380584780052956,0.44016388314903004,5.732777418790719e-05,0.6614289311079893,0.0003193827461699003,1.364505794256775,0.002323891198038194,-0.001304489411916054,0.08070606678027951,0.08861661662385406,0.15
4.0,1973427015,0.009835001538153663,0.1,0.06756866401470155,0.07079193798221674,0.09753630682625639,0.07946567020349499,0.004543073340612083,0.001771719400278549,0.07869368761721825,0.19388446592450692,0.08559364832704337,0.08231146441963005,0.0421525797144129,2.7764451051977987,0.09440733348501422,-0.27995526718312547,0.24427829071536244,0.07609105119929639,12.706204736432095,0.03570760802175606,-0.06267010095126047,0.0707301448903396,0.07628074739673454,-0.09392419348896007,0.1775904198970922,-0.005373895466595524,0.13433311575578563,0.0016688238388222368,0.19388446592450692,0.0021971903974891253,0.2861672411958622,0.00014738157279847895,0.44016388314903004,-0.0006269244277934256,0.6614289311079893,-0.001751212727846264,1.364505794256775,-0.003377773729178852,-1.8640105921696393e-05,0.009667581506170935,0.013251590860473127,0.15
4.0,1723889995,-0.12621164277136557,0.1,0.0578083338492088,0.03002205228210732,0.02665091940756901,0.020347429655945725,-9.418411375409293e-06,0.0004234363049790689,0.019654763852731703,0.19388446592450692,0.02804382950262972,0.08231146441963005,0.020607282919606833,2.7764451051977987,0.054584612435848445,-0.269291879982024,0.033810480051236685,0.014683211990238573,12.706204736432095,0.01796962617124739,-0.16466798631816687,-0.09610714315079352,0.04097635538457452,-0.19210230492408523,-0.03832144523423345,-0.006130794728484242,0.13433311575578563,0.0033223408450673416,0.19388446592450692,-0.002053808810447554,0.2861672411958622,0.00022462358302751276,0.44016388314903004,-0.0004506489232806548,0.6614289311079893,-0.0007485357938843562,1.364505794256775,0.0004512136616604153,-0.0009311850083631311,0.06843558571628428,0.09724940274252321,0.15
4.0,41203569,-0.2495296173362306,0.1,0.06115547079462679,0.0566007009172604,0.07357043053951674,0.07838843032982655,0.0024484592907698536,0.0036962867188042176,0.08275340104627778,0.2431366342882323,0.06585256021235161,0.08231146441963005,0.06088488834182202,2.7764451051977987,0.09425742214674994,-0.4356092316122214,0.08779188508359148,0.07902140585839532,12.706204736432095,0.059250338332846576,-0.3392567954310993,-0.15965460991880823,0.0685173222062708,-0.3203435725723918,-0.06815297530341731,-0.006773647367379631,0.13433311575578563,-0.0004750183736115625,0.19388446592450692,-0.00022147951094685057,0.2861672411958622,-0.0004820866749159137,0.44016388314903004,0.0004168348989503381,0.6614289311079893,-0.0007043526035207783,1.364505794256775,-0.0013208510562283191,-0.00035614829045371466,0.04250816146024727,0.06312702402829065,0.15
4.0,641093931,0.11469645652452815,0.1,0.06418564844123435,0.0465880844749345,0.058610275710611,0.05137176051834706,0.0011639579612167036,0.0014750998175376985,0.052333672809320754,0.19388446592450692,0.05623178213360366,0.08231146441963005,0.038462489672511285,2.7764451051977987,0.06477220344606267,0.014625314710313947,0.3742982491317074,0.052189246369309945,12.706204736432095,0.033921017485319206,0.041778556366945274,0.17961131109252698,0.062227864178387,-0.065665571481607,0.22187374269417143,-0.0051374376430305905,0.13433311575578563,-0.0008616734004979052,0.19388446592450692,-5.7876204489991705e-05,0.2861672411958622,0.0008401864288629435,0.44016388314903004,-0.0012818487026750726,0.6614289311079893,-9.752220679790773e-05,1.364505794256775,0.0009618696216792417,-0.0009674643952425599,0.0693933806240166,0.10962770343269729,0.15
4.0,10038778,0.3289301225307762,0.1,0.051340536235726396,0.03346572730153316,0.02757007067830763,0.013983857931799386,-0.0003879225648669877,0.0005834708475237363,0.016701734513050747,0.32612014812863077,0.02938421658114054,0.08231146441963005,0.024190022311957368,2.7764451051977987,0.1353544452276232,-0.18017852040777357,0.5714298534302223,0.01946590670143329,12.706204736432095,0.024480197215229985,0.2844863051501031,0.3733739399114493,0.049208113997993796,0.26118682930302156,0.4305522831428651,-0.004872084101648143,0.13433311575578563,-0.0024509899395899304,0.19388446592450692,0.00014934795922767372,0.2861672411958622,-0.002176728591521826,0.44016388314903004,0.0009503127620839674,0.6614289311079893,-0.0003964246944344427,1.364505794256775,0.0008944407830777847,-0.0009916100099429358,0.07061414599377679,0.08196841558087108,0.15
4.0,1405175683,0.35320559455502515,0.1,0.06884257912461246,0.0840711116975768,0.08610301697222328,0.04729226005169873,0.0008374599952795025,0.0013990978655179973,0.05845041558566245,0.32612014812863077,0.08458365820424092,0.08231146441963005,0.037458530416548265,2.7764451051977987,0.04149124993443681,0.22081565299538203,0.4512120085733931,0.06682962403627817,12.706204736432095,0.03415391039435629,0.2971483142445388,0.4074720276706079,0.1002230193580333,0.15001192340717065,0.5189455460705821,-0.007243649577883723,0.13433311575578563,-0.0038731595819693114,0.19388446592450692,0.0006436576212603568,0.2861672411958622,0.0003850006250551635,0.44016388314903004,-0.0002863479702729672,0.6614289311079893,-0.00039200554706992827,1.364505794256775,-0.0006657934034877866,-0.0006033628862910912,0.054698868356847466,0.08077253194418751,0.15
4.0,973763880,-0.344653142434872,0.1,0.07124528123710783,0.08817714105125313,0.11109694305663172,0.07232941857449661,0.005079911999317642,0.00015163279200709415,0.08266079050971699,0.32612014812863077,0.10415242861593,0.08231146441963005,0.012331708603056527,2.7764451051977987,0.0354741284217907,-0.41420033801126077,-0.21721639757558298,0.08609801936981425,12.706204736432095,0.00938988335963919,-0.3601619679887856,-0.3291443168809584,0.09426658030167556,-0.5167997996679475,-0.18762696461742254,-0.0055605083850555174,0.13433311575578563,-0.002196276145770805,0.19388446592450692,-0.0009064533520622462,0.2861672411958622,-0.0008679738045366531,0.44016388314903004,-8.885462286809566e-05,0.6614289311079893,0.00017890604345591058,1.364505794256775,-0.0015973353848125443,-0.0003976876375892342,0.04470194461876795,0.06233447022046574,0.15
4.0,1758552695,0.15743522037221766,0.1,0.06503957785842703,0.05246988614918952,0.045307736485962403,0.03698636123110169,-0.0004517956153773403,0.0018197865324948823,0.0421339756214041,0.32612014812863077,0.047168141584168946,0.08231146441963005,0.042720557476977186,2.7764451051977987,0.10888893272556574,-0.3171310393568184,0.28751724919540034,0.0422500111937791,12.706204736432095,0.04101077968719348,0.09416200276291893,0.2226712172148219,0.06736903717506419,0.005169824188402525,0.2658194980476831,-0.005708129945357947,0.13433311575578563,-0.00375769819008228,0.19388446592450692,-0.001473219760613885,0.2861672411958622,-0.002418452307440883,0.44016388314903004,0.002170285924320412,0.6614289311079893,-0.0014332934615508448,1.364505794256775,0.002558939498673721,-0.001703576967283359,0.09183582064935426,0.15265809931770566,0.15
4.0,441970500,-0.14886029017520522,0.1,0.06695201173786103,0.08460599388246544,0.105232898580592,0.0988831355017816,0.0039379114974654105,0.00583996298919829,0.09937167777854017,0.19388446592450692,0.09520135572663896,0.08231146441963005,0.07653000388702082,2.7764451051977987,0.10858534561237637,-0.41460880604703143,0.18835369659635592,0.09024919864988862,12.706204736432095,0.06208194420363836,-0.26370374203341274,-0.054227591046630524,0.08957964638477252,-0.3668324456636784,-0.03906203358570443,-0.006248076661692547,0.13433311575578563,-0.0010419207486881466,0.19388446592450692,-0.0003458829294379135,0.2861672411958622,-0.0008933124600347307,0.44016388314903004,-2.8750357230839478e-05,0.6614289311079893,-0.00011805574010038111,1.364505794256775,-0.000929307820953536,-0.0005483134399842343,0.05209457707786143,0.0742632118613815,0.15
4.0,680914746,0.18323584247680536,0.1,0.06415934867660815,0.0767767460522346,0.09987219238656588,0.08800624610403945,0.004133704824737319,0.00361139452858744,0.0966823386093429,0.32612014812863077,0.08996947575610656,0.08231146441963005,0.06018165904184134,2.7764451051977987,0.10038309180429143,-0.15418204250686618,0.40323424526242624,0.0956772047694988,12.706204736432095,0.052362009540146026,0.09642821440735257,0.27004347054625816,0.09067798582377501,-0.06157491434468823,0.2939086889333404,-0.0039626187682610895,0.13433311575578563,-0.0015124484470065344,0.19388446592450692,-0.0017360619783708753,0.2861672411958622,-0.0006735077132242863,0.44016388314903004,-5.448305598074736e-05,0.6614289311079893,9.179963398716234e-05,1.364505794256775,-0.00020673234440567935,-0.0006644634607427792,0.05775183773759348,0.06441386114771176,0.15
4.0,709053142,-0.05627462410279024,0.1,0.07487566390146284,0.07260759047300441,0.10530141457001928,0.09452545029143843,0.006935728649234792,0.0019993321035644035,0.10993044165034496,0.2861672411958622,0.08708608937285556,0.08231146441963005,0.04477846044750414,2.7764451051977987,0.05826137589834621,-0.23964949518787057,0.0838695286822341,0.10053477042091741,12.706204736432095,0.04097127843990804,-0.1263083491537426,0.010788604725006694,0.08203910010877628,-0.2650013731593484,0.05796450902070254,-0.0065744440014963,0.13433311575578563,0.00042134211557710074,0.19388446592450692,-0.002618487555141811,0.2861672411958622,-0.0007747306764518292,0.44016388314903004,-7.41090920782103e-05,0.6614289311079893,9.722824837354409e-05,1.364505794256775,-0.0016785522230331265,-0.0005319740942531576,0.05158133967433578,0.07860471321581451,0.15
4.0,199085620,0.11730273630496013,0.1,0.04559647754375681,0.017356747429657766,0.0158540766528021,0.009678021055988742,-3.660312850796481e-05,0.00013026722006812626,0.011665221499596356,0.32612014812863077,0.014523656582976255,0.08231146441963005,0.011429948159279394,2.7764451051977987,0.03320021741884848,0.0037320195379224874,0.1880891818260516,0.012847361549272613,12.706204736432095,0.010659907739487757,0.0986880598090806,0.13591741280083966,0.074742703353518,0.09064768117105165,0.4123508235003803,-0.007112717664876443,0.13433311575578563,-0.0017487369696708767,0.19388446592450692,-0.0008956611384731417,0.2861672411958622,-0.0001546511038496798,0.44016388314903004,-0.0006510976270033136,0.6614289311079893,0.00013601253203459587,1.364505794256775,-0.003274108615859875,-0.0001059487250244437,0.022917409176602,0.036729499849008085,0.15
4.0,1692502914,0.03478200658586079,0.1,0.04502382638750499,0.04958168675478691,0.07076585619934327,0.07948558522262683,0.0022981064628565173,0.004019851795326955,0.08164918272234967,0.19388446592450692,0.061622474318045975,0.08231146441963005,0.06349385690048745,2.7764451051977987,0.2172130235965709,-0.26594464057011263,0.9402154317297138,0.0705325075782461,12.706204736432095,0.06081440764881862,-0.07337874502771718,0.14294275819943877,0.09181972409490474,-0.026285697975979527,0.34722599685431155,-0.0044966161092828295,0.13433311575578563,-0.0012911050861106564,0.19388446592450692,0.0008554224898433716,0.2861672411958622,-0.00011227672265848761,0.44016388314903004,-0.00014827820810137758,0.6614289311079893,-0.0007779199456551454,1.364505794256775,-0.0006421563456314502,-0.00045087482008712547,0.04772912186269382,0.06125824612164029,0.15
4.0,2035146291,-0.11133243417899785,0.1,0.07374437202809282,0.09159189472779222,0.11900649418560644,0.13461990162442086,0.0056777486996070665,0.012444769213761683,0.15778271592050278,0.32612014812863077,0.10287654292881412,0.08231146441963005,0.11171721780836609,2.7764451051977987,0.12324119975187427,-0.5600126146450475,0.12433223697454338,0.15724153939696398,12.706204736432095,0.09591965613756821,-0.29827268125298695,0.04455387178837719,0.10350591538826492,-0.3269222607349188,0.045025603392202906,-0.008623684033631816,0.13433311575578563,-0.0004642862328115421,0.19388446592450692,-0.002724436627942278,0.2861672411958622,0.00035846817433213946,0.44016388314903004,0.000578362103861098,0.6614289311079893,-0.0007153362046301635,1.364505794256775,-0.0028062254949751393,-0.0001849499568251473,0.030470162727566214,0.033612158388922384,0.15
4.0,1627508391,0.17895554886276455,0.1,0.0615787360835667,0.041205664077113104,0.0436317359708328,0.03126112560585518,0.00015048828565585623,0.0008267696884891981,0.0313415924281831,0.32612014812863077,0.0435203613915578,0.08231146441963005,0.028795124522380474,2.7764451051977987,0.16386028652148724,-0.1571700418713211,0.7527281390264631,0.035496385297496914,12.706204736432095,0.0257750627513868,0.137996079807108,0.22098211326097017,0.05964367792767197,0.050675169281039566,0.2886546586653559,-0.007345784500921982,0.13433311575578563,-0.0034869798720368397,0.19388446592450692,0.000708781871133733,0.2861672411958622,0.00048040025384868444,0.44016388314903004,-0.0006273449938252325,0.6614289311079893,-0.00023066734371342593,1.364505794256775,0.0009849155618534824,-0.0010379146648375446,0.07173900499933049,0.11850851460359471,0.15
4.0,1133748631,0.24288385311057203,0.1,0.061444142513109264,0.0559936834074425,0.06271756509124014,0.06523042691461078,0.001006987255399265,0.0032480213400631133,0.07249872976239508,0.32612014812863077,0.057295473520176034,0.08231146441963005,0.05707371273166473,2.7764451051977987,0.05855031414507569,0.009757986404089147,0.3348814526358668,0.07540104972579988,12.706204736432095,0.04940791558612329,0.16303163886971092,0.3227360673514331,0.12099936393031063,-0.11146631928587979,0.3065361770659335,-0.005928344200878122,0.13433311575578563,-0.0007852137734576702,0.19388446592450692,0.0003996671009549646,0.2861672411958622,-0.0005655818818709748,0.44016388314903004,-0.0007849539852568711,0.6614289311079893,0.0002406911282959549,1.364505794256775,0.0004058190532479363,-0.0008080799792860586,0.06359705723621469,0.08571151800910726,0.15
4.0,124110389,0.020465320036913138,0.1,0.06252043102270631,0.03775618815778847,0.04220290284334565,0.05049588591283006,0.0001875119457157659,0.0023623225484057835,0.051220778243261995,0.19388446592450692,0.04532096498035573,0.08231146441963005,0.04867391570669022,2.7764451051977987,0.055445207670416656,-0.09470381558583776,0.2131773353005698,0.05108859746572403,12.706204736432095,0.04832180338131746,-0.05045980650796481,0.08990133459955361,0.049756470753290045,-0.04367178658134791,0.15737103352395,-0.008175174094001439,0.13433311575578563,-0.0033431248021302956,0.19388446592450692,8.813559626937552e-05,0.2861672411958622,0.0002279934094961984,0.44016388314903004,-0.00033602955364821604,0.6614289311079893,0.00010255397496114734,1.364505794256775,0.0017641523651498695,-0.0011745198922202022,0.0766832194092682,0.09015679268284829,0.15
4.0,1764643916,-0.30477595381861744,0.1,0.06098481018439236,0.07434705167347547,0.09723772356755693,0.08877534235505785,0.0039014535358808215,0.003979607874376908,0.08786787682314436,0.13433311575578563,0.08706069431023171,0.08231146441963005,0.06317522957013506,2.7764451051977987,0.12381578972760297,-0.678941459151469,0.008594027519337355,0.0678568016659645,12.706204736432095,0.05522563069875954,-0.40546150089826466,-0.21540648347491584,0.07963464496303567,-0.4863959296020282,-0.176562743725039,-0.008454084736150403,0.13433311575578563,0.0012441447485245203,0.19388446592450692,0.001130467667401588,0.2861672411958622,-0.000818342513703916,0.44016388314903004,-0.0003862064804500155,0.6614289311079893,-0.0003189902120591297,1.364505794256775,-0.002321170407789476,-0.00020085855758467314,0.031642166931081975,0.047450564280347864,0.15
4.0,743733340,0.42299124325349907,0.1,0.06991949729376665,0.10742913662759197,0.1450163203396085,0.14853282183983302,0.009661374897577985,0.012400624266125593,0.17037209384664947,0.32612014812863077,0.12194374213370551,0.08231146441963005,0.1115188962492544,2.7764451051977987,0.1250369996182429,0.06685037879720962,0.7611671099145887,0.1668388676519023,12.706204736432095,0.09712480112461844,0.24308430551012658,0.5984100066437059,0.12289971579008713,0.2500368695969635,0.7359626988036879,-0.0032621886155377177,0.13433311575578563,0.002149836421870711,0.19388446592450692,-0.0011973573494642189,0.2861672411958622,-0.00035974680578856546,0.44016388314903004,-0.002066950159701862,0.6614289311079893,0.000492878162295124,1.364505794256775,-0.0013169032667335826,-0.0005693655624305889,0.05322866447549791,0.08490861621965888,0.15
4.0,62701156,0.2579792629324446,0.1,0.06316529804931327,0.06378747893504375,0.0758343871046685,0.06919742688462614,0.0020396818777730294,0.002748602009680152,0.06904222528152863,0.13433311575578563,0.07216132663297835,0.08231146441963005,0.052502818458862864,2.7764451051977987,0.09370833556281276,-0.10464562850739662,0.41570647067181193,0.051865835765975525,12.706204736432095,0.04821509980054109,0.17982171310912856,0.33442084628816915,0.0813043780960049,0.023660996881350847,0.33272913103514656,-0.008794740625680125,0.13433311575578563,0.0004818263681082916,0.19388446592450692,0.001536162456048407,0.2861672411958622,-0.0006335617350661902,0.44016388314903004,-0.0005120138971340853,0.6614289311079893,-0.0005238436219151944,1.364505794256775,-0.00035204541774697237,-0.0007797103682594652,0.06254920586084378,0.08591379071574286,0.15
4.0,507382662,-0.27446168447254804,0.1,0.07130421801116507,0.07918454132293404,0.08114970826764155,0.11129050052608096,0.000774272522553853,0.011611302984791773,0.11297726310548958,0.32612014812863077,0.07894238087243445,0.08231146441963005,0.10791136021725686,2.7764451051977987,0.15150992625672843,-0.5804641323898285,0.26085385389891774,0.11153387497043783,12.706204736432095,0.0916315319377505,-0.4466969167454216,-0.11893542994946782,0.09027440017694746,-0.4209033297734085,-0.07151858962271267,-0.0041231507584157485,0.13433311575578563,-0.0011512536349553109,0.19388446592450692,2.4609559502707542e-05,0.2861672411958622,-0.0026881685634905965,0.44016388314903004,0.0011782823960037028,0.6614289311079893,-0.0009974605035108807,1.364505794256775,0.0008168750949665022,-0.0011374117826849185,0.07538184015491126,0.10871438841491672,0.15
4.0,646709742,0.14180672735384414,0.1,0.06383847174459453,0.03363220802200446,0.03217157397256801,0.0322092879950826,-2.0913089449390177e-05,0.0010583513225995626,0.03278257028717452,0.13433311575578563,0.03511726310969911,0.08231146441963005,0.032579290069782156,2.7764451051977987,0.11837705548304257,-0.17624806051374153,0.48108673201350205,0.026013664401802694,12.706204736432095,0.029453982116932217,0.08723225229578743,0.18154731270240698,0.06759859537040759,-0.008579864937310354,0.2170650540861749,-0.010142420380108081,0.13433311575578563,0.0018540782129436802,0.19388446592450692,-0.00041787290549740624,0.2861672411958622,-0.0009135855963768227,0.44016388314903004,4.479759225359087e-05,0.6614289311079893,-0.0001693058639603477,1.364505794256775,-0.0011642513931016227,-0.0005593880033367222,0.05283909894018461,0.07386448559488677,0.15
4.0,659336905,0.1732264207808616,0.1,0.06226214371068993,0.0621921005863133,0.07385829678508658,0.09486614312516217,0.0015164152270895014,0.007483169884354253,0.09958974887043047,0.32612014812863077,0.06933540228647152,0.08231146441963005,0.08663023457765512,2.7764451051977987,0.08008280129339139,-0.05558567098024414,0.3891053323428848,0.10558619785880925,12.706204736432095,0.08097421994575775,0.04332761414787584,0.296094737557318,0.07070651530999429,0.07943593671263388,0.32113137915575773,-0.003663653039682379,0.13433311575578563,0.0015364825951666315,0.19388446592450692,7.303971791035641e-05,0.2861672411958622,-0.0001362802565550478,0.44016388314903004,-0.0005684342330372947,0.6614289311079893,-0.0007025196006298568,1.364505794256775,-0.0019001515366301376,-0.00017305417903399158,0.029469866837638567,0.035770278745657504,0.15
4.0,923401960,-0.022849101726562675,0.1,0.0628294740122394,0.05436489000294791,0.055219307480934905,0.04885476803651347,9.389944618419868e-05,0.00229288891371734,0.04875615582229345,0.13433311575578563,0.05734421844568814,0.08231146441963005,0.04795326641938771,2.7764451051977987,0.052331441554601094,-0.18282399937613703,0.10776675012829673,0.04182705357068981,12.706204736432095,0.042909202916957226,-0.0919598164875976,0.04264381651496678,0.07178479465464652,-0.21271752745639244,0.039569815893339536,-0.007519941251608737,0.13433311575578563,-0.007027052621334057,0.19388446592450692,0.0011071379757733558,0.2861672411958622,0.00043426810351137533,0.44016388314903004,0.00012109396531884075,0.6614289311079893,-0.0004430869593245369,1.364505794256775,-0.0013055687566684785,-0.0004570238606911957,0.047572353347531474,0.06578150515004391,0.15
4.0,2048422301,0.03478747466907484,0.1,0.06501123047543078,0.05104326895541095,0.05664036380195601,0.05557960057442014,0.0006070426128135555,0.0024820493871985285,0.0618410931006917,0.32612014812863077,0.0568235008481485,0.08231146441963005,0.04989211300737543,2.7764451051977987,0.0813511287757973,-0.23923949937139344,0.21249438721236297,0.05700213936415189,12.706204736432095,0.04580929928127436,-0.052546867275272836,0.12060974317558006,0.08188593232682384,-0.17540774084876468,0.17089098251995505,-0.008725321443596569,0.13433311575578563,0.001392713878337164,0.19388446592450692,-0.00017044470082212972,0.2861672411958622,-0.0014065543553449533,0.44016388314903004,-0.000231236271886427,0.6614289311079893,0.0004024658600702833,1.364505794256775,-0.0026350229127474058,-0.00011428969549957654,0.02394567963673097,0.026856626506503833,0.15
4.0,966046597,-0.28566546409749666,0.1,0.053944233422149955,0.0550563937879153,0.05777494710271843,0.05287739053781478,0.000758501882429955,0.002037516547658629,0.05310268576379349,0.13433311575578563,0.055668136972190134,0.08231146441963005,0.04520404101192649,2.7764451051977987,0.1388003391407435,-0.7491238465659205,0.021619197848303018,0.035761982226529654,12.706204736432095,0.03989626978563646,-0.359936675806742,-0.21139425238825132,0.06411954790108344,-0.42882063693314154,-0.16223019897451632,-0.0022562603413832385,0.13433311575578563,-8.22608471897419e-05,0.19388446592450692,-0.002559080046105279,0.2861672411958622,-0.001433991593625151,0.44016388314903004,0.0003679217089106298,0.6614289311079893,-0.00017426886353030457,1.364505794256775,-0.0004650044802345329,-0.0006359326532921547,0.056391590656982966,0.07716874342040922,0.15
4.0,816703631,0.042572990677455964,0.1,0.06350078250517886,0.13082314223890026,0.14847032133231775,0.14250002636250464,0.004612161091733798,0.01569409642158072,0.1655395326599648,0.32612014812863077,0.13811819601291633,0.08231146441963005,0.12545698498592533,2.7764451051977987,0.12571184764869361,-0.4315850652538059,0.2664790228853676,0.17171172233984386,12.706204736432095,0.11560385322804247,-0.17491782505227685,0.23829976379362838,0.13242133683113758,-0.2752967996305991,0.19142755365137004,-0.006423581186149244,0.13433311575578563,-0.005804625950424475,0.19388446592450692,0.000667939823645956,0.2861672411958622,-5.6508293793306206e-05,0.44016388314903004,-0.0002597834462535829,0.6614289311079893,4.0427962530830225e-05,1.364505794256775,-0.0016235212132563255,-0.00039088506857382435,0.0442772226129474,0.06195461780745508,0.15
4.0,1531517994,-0.04004699700691695,0.1,0.06647506307113625,0.06568376860306656,0.09275947944192829,0.09211475674123254,0.004368251695737806,0.004116876713758638,0.09907080006338065,0.2861672411958622,0.07909189352665831,0.08231146441963005,0.06425554607479933,2.7764451051977987,0.13493870549427148,-0.2044030430726642,0.5448967736699305,0.09339870436649235,12.706204736432095,0.05547006851942839,-0.13313709107013105,0.06909478316099132,0.11211407449638527,-0.12113850369154541,0.328723179011076,-0.005418918574459772,0.13433311575578563,-0.0027328218787487724,0.19388446592450692,-7.826465496851537e-05,0.2861672411958622,0.0003557272234547056,0.44016388314903004,-0.0011337789338542663,0.6614289311079893,0.00016993371327980557,1.364505794256775,-0.000854484398552164,-0.0005778557137157386,0.05364270300147054,0.08748298222710219,0.15
4.0,1545665632,0.11642981332168523,0.1,0.06395331955060107,0.12462560126517606,0.14002742006274604,0.09192197759403663,0.005671815416749626,0.0027778345480489446,0.09649856821026015,0.19388446592450692,0.12848960937852144,0.08231146441963005,0.0527812748197523,2.7764451051977987,0.15154052867722126,-0.48611588525755955,0.35537203291235564,0.08413736558873394,12.706204736432095,0.049249011037387186,0.026010178088335684,0.20684944855503473,0.11086954583762493,-0.156799494788449,0.2847848730990765,-0.003745227130180658,0.13433311575578563,-0.0027246226810031466,0.19388446592450692,0.0012963914116999836,0.2861672411958622,-0.002735663707216554,0.44016388314903004,0.0002132313524794727,0.6614289311079893,7.903077163252007e-05,1.364505794256775,-0.0016158105510203967,-0.00041664305641839796,0.04556643470415571,0.07665866883008854,0.15
4.0,1826252623,-0.4410703222002428,0.1,0.06697359333436698,0.04527117259491965,0.049760630197090185,0.041951481470774335,0.0008832024319149036,0.0008767243656778187,0.04491180744876623,0.2431366342882323,0.04726870068511535,0.08231146441963005,0.029652289138070838,2.7764451051977987,0.079447776231173,-0.6912408786547887,-0.25007609978300815,0.04379494684557439,12.706204736432095,0.028298606226325428,-0.48878506173565733,-0.38784268377274295,0.07074727924860963,-0.6200305640504684,-0.36375908609745783,-0.005285972356174337,0.13433311575578563,-0.0028678690993990488,0.19388446592450692,-7.586451642731788e-05,0.2861672411958622,-0.0018358514068486282,0.44016388314903004,0.00012990298087531502,0.6614289311079893,0.00020442743855194907,1.364505794256775,0.0018376981680377003,-0.0012941194392737114,0.08055751743376409,0.1066592866568982,0.15
4.0,1689382078,0.39769298182340546,0.1,0.04014559172636488,0.04040855787007629,0.033464553715668595,0.03977487539753256,-0.00034576346564730307,0.0019278041785365438,0.04028595197103109,0.13433311575578563,0.037085366163345915,0.08231146441963005,0.043970170194278506,2.7764451051977987,0.13712342106228873,-0.10797659412415478,0.6534547083085818,0.027824382502339415,12.706204736432095,0.03952984575036883,0.3280119926684906,0.4673739709783203,0.04893244892757412,0.3315154940301433,0.49696430219754834,-0.004702095591588629,0.13433311575578563,0.0006307592283006501,0.19388446592450692,-0.0006237786272374492,0.2861672411958622,-0.0009830218038415822,0.44016388314903004,0.00017686788880376693,0.6614289311079893,-0.0007599257703942873,1.364505794256775,-0.0008323662065900434,-0.0005895323523942407,0.05443182668082074,0.07010422610906157,0.15
4.0,2052786072,-0.02832756458883042,0.1,0.06748248018253108,0.09119046903600703,0.10640535767451857,0.10548362740328944,0.003219486332614303,0.007907309317541692,0.11910064699570168,0.32612014812863077,0.09601169326304863,0.08231146441963005,0.08905146159765763,2.7764451051977987,0.17094297184715704,-0.5005122358664296,0.448715319039579,0.12197231788847142,12.706204736432095,0.08298367091235723,-0.1603100241854982,0.12086591029111757,0.09778060618882917,-0.1797829774500269,0.20705568440140276,-0.00427409659571249,0.13433311575578563,-0.006449549812107807,0.19388446592450692,-0.0007024927003047846,0.2861672411958622,-0.00013809513388995256,0.44016388314903004,0.0005794277045447062,0.6614289311079893,-0.0006524910882314161,1.364505794256775,-0.003197687328480736,-1.9782933311345266e-05,0.01000481329213052,0.017354807892553913,0.15
4.0,1680053748,-0.020000557529764956,0.1,0.05826764087963247,0.05656927170302609,0.06635495121397014,0.08096090965142327,0.0013170108676683798,0.0052376580239175425,0.08730826535603657,0.32612014812863077,0.06282964067904274,0.08231146441963005,0.07247617376677015,2.7764451051977987,0.1555004984778619,-0.45028468463878707,0.4131925110705678,0.09106775803844307,12.706204736432095,0.071578512392263,-0.15783201366301308,0.10633280650522747,0.08029924840849975,-0.09776691365629214,0.19526429972521445,-0.00994621891476473,0.13433311575578563,-0.0005234539192338424,0.19388446592450692,-0.001210607214512788,0.2861672411958622,0.00019212561280994666,0.44016388314903004,0.000736017128797591,0.6614289311079893,-0.0007553916099457215,1.364505794256775,-0.00018890243939423117,-0.0007122500042200943,0.0593376343027634,0.09055518984877427,0.15
4.0,163904824,-0.24735649347017638,0.1,0.06917272667891891,0.050084592175988436,0.06255477787026018,0.046670414675535975,0.0015262809925537337,0.00065184661343275,0.05464175732644999,0.32612014812863077,0.056062666381697865,0.08231146441963005,0.025568155255758198,2.7764451051977987,0.03220053820107903,-0.3739880165570777,-0.19518196321083647,0.056484357070345735,12.706204736432095,0.023317533540658998,-0.2886213839725632,-0.20399167547786265,0.0904793852150513,-0.41631519078153234,0.019356766666654014,-0.006804299658039268,0.13433311575578563,-0.004884840246288669,0.19388446592450692,0.00013297438461512402,0.2861672411958622,0.00022158196464030916,0.44016388314903004,-0.00023249724342180847,0.6614289311079893,-0.0005021517852286978,1.364505794256775,-0.002517960892425485,-0.00031168552747049233,0.039303688957853036,0.05320829282475825,0.15
4.0,839987886,-0.04229600620842304,0.1,0.07489139125143482,0.10292424870994706,0.13725628542667404,0.13748155082855515,0.008390294394997217,0.010510882423227378,0.14327969166513296,0.2431366342882323,0.12037648617615292,0.08231146441963005,0.10267064184140896,2.7764451051977987,0.14798687205592165,-0.47316842486324767,0.3485864282431455,0.13751491054578255,12.706204736432095,0.10393439359284404,-0.2286448698713746,0.14405285745452856,0.17167908759095,-0.4796017274727963,0.2123941640320994,-0.010505227562126993,0.13433311575578563,-0.00030294310923695115,0.19388446592450692,1.9879124161364144e-05,0.2861672411958622,-0.0007485491430449248,0.44016388314903004,-0.0008768760599405176,0.6614289311079893,0.0005321020852666694,1.364505794256775,-0.002889210236407209,-0.00027717769455015814,0.03736901233820711,0.04624559887200473,0.15
4.0,1417768473,0.2498459735539052,0.1,0.061787347474691695,0.04441748772844343,0.054241041538682706,0.036481528349706444,0.0007553940646569633,0.0005755078460734714,0.03532107568817735,0.13433311575578563,0.050016486674982874,0.08231146441963005,0.024024386850608113,2.7764451051977987,0.10116032636619073,-0.09362534222950475,0.4681068437297394,0.014116000921884437,12.706204736432095,0.02089588730017536,0.20970952806558332,0.28367026019838315,0.07108989777475132,0.15242957416434766,0.4389076423649879,-0.005730668047808194,0.13433311575578563,-0.004522971788831194,0.19388446592450692,0.0023151629117501237,0.2861672411958622,-0.0009060866075599089,0.44016388314903004,-0.0015785165711589548,0.6614289311079893,0.0008175120238602848,1.364505794256775,-0.0020721335194960585,-0.000354924341473636,0.04192600465384867,0.06285635428169799,0.15
4.0,1861889161,-0.019457541495646737,0.1,0.050953666097837406,0.029255519421390017,0.033131485476185954,0.03654468021129432,0.0004127706745601907,0.0009227429771855758,0.03611449241052182,0.19388446592450692,0.03095114748949209,0.08231146441963005,0.030420550034522306,2.7764451051977987,0.08403450878481865,-0.2725460648339175,0.19408833633270478,0.03535836316147599,12.706204736432095,0.02903913768728128,-0.07405538024452006,0.03358500302223985,0.046117524345095466,-0.08086237662841413,0.11659593451921563,-0.009135256559361182,0.13433311575578563,0.0004111103360263287,0.19388446592450692,0.0016433344371197527,0.2861672411958622,0.0007172801233317665,0.44016388314903004,-0.0006364107841001661,0.6614289311079893,-0.0009090438339190745,1.364505794256775,-0.002358869914655605,-0.00015535537089964016,0.027933671263460393,0.037784464165153825,0.15
4.0,1623857003,-0.09847022550002252,0.1,0.05314744936560961,0.057021306241738054,0.06680622194572743,0.04364955146388593,0.0013758665681416616,0.0005294167748567649,0.04417382881630415,0.13433311575578563,0.06539694348508282,0.08231146441963005,0.023042284633744064,2.7764451051977987,0.02754697591231402,-0.175702153025261,-0.022736820155769152,1e-150,12.706204736432095,0.021082743814615574,-0.13295800012775244,-0.059762429713868796,0.07311659931324728,-0.23387313056577805,0.03981310931476899,-0.006513422163770411,0.13433311575578563,-0.0007618063910973934,0.19388446592450692,-0.0007110333013922508,0.2861672411958622,-0.0012013934613730806,0.44016388314903004,0.00037366142090934163,0.6614289311079893,0.00012481758620975448,1.364505794256775,-0.0024947842686711555,-4.215370221820051e-05,0.014529258614419725,0.019595539367202434,0.15
4.0,385332131,0.035499498746418334,0.1,0.06279824486928544,0.05603284704370721,0.07122904849721018,0.05970877585936656,0.0015709810817786875,0.0019941568328453877,0.062265290095259135,0.2431366342882323,0.06635934412442776,0.08231146441963005,0.04472046837746507,2.7764451051977987,0.07417167200165864,-0.19659926654655474,0.21526788480012876,0.054209058918782436,12.706204736432095,0.042718734574499116,-0.03494237358756349,0.11256918068986291,0.07558770270769173,-0.15813773544916396,0.14528326642116762,-0.009045836137022532,0.13433311575578563,0.0002539661317345211,0.19388446592450692,-0.0012878800150122882,0.2861672411958622,0.0007014256558661568,0.44016388314903004,-0.0008827897154503823,0.6614289311079893,-2.120663528931107e-06,1.364505794256775,0.0014044353706627395,-0.0012108977348170447,0.07744283296737223,0.11382257599293649,0.15
4.0,814720191,-0.08655445275465934,0.1,0.062244964242804075,0.06362621545692643,0.07002053895070592,0.03038530931767465,0.0006010671003411948,0.000322199921989571,0.03250533689358313,0.13433311575578563,0.06895682948370119,0.08231146441963005,0.017975848676403006,2.7764451051977987,0.016657300876952188,-0.13869784232991952,-0.04620167935867772,1e-150,12.706204736432095,0.015455732762833045,-0.11656773232442438,-0.056541173184894294,0.06803441777743967,-0.18487685040809854,0.07822028430021682,-0.008621548031562534,0.13433311575578563,-0.0019752224207078145,0.19388446592450692,-0.0004700350125533317,0.2861672411958622,-0.0003370975590246793,0.44016388314903004,0.0004986330530374551,0.6614289311079893,-0.0007594592063451793,1.364505794256775,-0.0004113150994591698,-0.0008571490748615602,0.06513505006865285,0.09754985155183599,0.15
4.0,1325589858,0.05387707709791429,0.1,0.07133388515858655,0.05249609306163186,0.06499627773043315,0.07909980012610875,0.0014662917532413848,0.004790486626748969,0.080501426282434,0.2431366342882323,0.06043661676354958,0.08231146441963005,0.06931328850819655,2.7764451051977987,0.17458641386311363,-0.24087467936838494,0.728584509040173,0.07605445954066267,12.706204736432095,0.06323104352238992,-0.05086006909750811,0.15948884135663577,0.10583895305513563,-0.014905364719442416,0.4083839201216222,-0.005679320418317123,0.13433311575578563,-0.005631131041769518,0.19388446592450692,0.0010124055156626173,0.2861672411958622,-0.0023846120962123726,0.44016388314903004,0.0011926356094309179,0.6614289311079893,-0.0005664207019433186,1.364505794256775,-0.003150276643922084,-0.00016147663468146266,0.028280361992643045,0.04263587675184778,0.15
4.0,2075280059,-0.2035309974377621,0.1,0.0537986111355594,0.044767605838545756,0.03571515056445135,0.024446272649535118,-0.0008871932565018975,0.0014848135029573062,0.025115304797473332,0.13433311575578563,0.037819118701156805,0.08231146441963005,0.0385889216157042,2.7764451051977987,0.06341749902566803,-0.406319743524586,-0.054169334017181686,0.019579114880065675,12.706204736432095,0.031569141961324716,-0.27020816642417217,-0.14627845092080557,0.04848614020958836,-0.2940911646909189,-0.12080420671609554,-0.010562134595893264,0.13433311575578563,-0.0004898906686446748,0.19388446592450692,-5.3953873410654466e-05,0.2861672411958622,-0.0007950952972202399,0.44016388314903004,-9.508478417014542e-05,0.6614289311079893,5.912369412494027e-05,1.364505794256775,-0.002207081353094109,-0.00036438488302022583,0.04244998151864117,0.06353437026425932,0.15
4.0,254241546,0.11290484812307344,0.1,0.06664433545449053,0.06310255235347956,0.06798789375548646,0.03930391639978896,0.0006833250442132167,0.0008614728001483826,0.0426850119335419,0.13433311575578563,0.07112929305476802,0.08231146441963005,0.02939324082045323,2.7764451051977987,0.026278910843160815,0.04385789496790757,0.18978180172875397,1e-150,12.706204736432095,0.02582033325946482,0.06708724330283891,0.15872245294330797,0.05760912532069528,-0.015086616876836156,0.1962085371855017,-0.007031038301375067,0.13433311575578563,-0.00255571734410163,0.19388446592450692,0.00021480768667192095,0.2861672411958622,0.0007053626173041315,0.44016388314903004,-0.00039228828311657085,0.6614289311079893,-0.0009322665150025178,1.364505794256775,-0.0011915593246304037,-0.0005977522284910598,0.054535052135977806,0.09120971270020865,0.15
4.0,1964269578,-0.13188803559721904,0.1,0.05986083273927427,0.05899357854302189,0.06436412118370934,0.06362770251177836,0.001033061106494055,0.0030154234204333107,0.06501860304936918,0.19388446592450692,0.05806905280203482,0.08231146441963005,0.05499216777891336,2.7764451051977987,0.24393158231439585,-0.535833649628451,0.8186916458114655,0.057938901483078134,12.706204736432095,0.051958292470657835,-0.23593029263715432,-0.02784577855728375,0.11380277677318082,-0.19632489239441867,0.20300292745848042,-0.007104499779955335,0.13433311575578563,-0.0008667344461885716,0.19388446592450692,0.0001753400451887281,0.2861672411958622,-0.00023626903227625282,0.44016388314903004,-8.204022974059273e-05,0.6614289311079893,-0.00021297570798674178,1.364505794256775,-0.00216128143316546,-0.00011726672629382776,0.024237594578198057,0.03347822070321543,0.15
4.0,1841235926,0.3557103705797171,0.1,0.056282972575297026,0.04686655249180329,0.0390590406585982,0.04580555640006758,-0.00039207773875319057,0.002490226735872963,0.046792034453502364,0.2431366342882323,0.037655193041016964,0.08231146441963005,0.0499742325901145,2.7764451051977987,0.035486427105205394,0.2444608360671205,0.44151306974153254,0.041264234469769255,12.706204736432095,0.04601298132158924,0.2832368243604204,0.42732728981048596,0.05117331182712503,0.2605596353199149,0.44411624896400065,-0.004709833080054503,0.13433311575578563,-0.00048159710310438305,0.19388446592450692,-0.0015739045266592385,0.2861672411958622,-0.0007814930426514261,0.44016388314903004,0.0005338786002568274,0.6614289311079893,-0.00038168394866385863,1.364505794256775,-0.0010520310252217263,-0.00040242698156342716,0.04494245405683429,0.06570888654538261,0.15
4.0,629416067,0.11146772629669596,0.1,0.07381412406787961,0.07249606326900654,0.0648131456825474,0.04575781625109618,-0.0012245137212960715,0.003318291469365153,0.0465651947769275,0.13433311575578563,0.06845112154681474,0.08231146441963005,0.057687796865003305,2.7764451051977987,0.07723972091759769,-0.09134059355445814,0.3375630965825581,0.002508051949708543,12.706204736432095,0.04741365093919391,0.022823361724156138,0.19499775733653432,0.09092341658153397,-0.11003106923515277,0.25338353928900714,-0.009708581196862173,0.13433311575578563,-0.003998740472461332,0.19388446592450692,0.0006115299497205082,0.2861672411958622,-0.00030934946013523037,0.44016388314903004,0.0006836261359884119,0.6614289311079893,-0.0008980350019462678,1.364505794256775,-0.0005849831132490254,-0.0007950041992228165,0.06273437883138702,0.08540590922053902,0.15
4.0,934453668,0.5174335068861544,0.1,0.06176374397302928,0.034788723612768906,0.036406056038382144,0.03747808708898347,0.0003267582542020827,0.0010778487576473467,0.038870670038312086,0.19388446592450692,0.0343150998172841,0.08231146441963005,0.032878015868770684,2.7764451051977987,0.0907584175510681,0.1730855428626062,0.6770570711929282,0.033816088129262935,12.706204736432095,0.02798048616432989,0.4745817316912951,0.5713933460710976,0.08941716524193521,0.2855588339740837,0.6314194593119041,-0.007552621109046199,0.13433311575578563,0.0004759628825624857,0.19388446592450692,0.00014065112805332155,0.2861672411958622,0.0011741005919589473,0.44016388314903004,-0.00039806313691283067,0.6614289311079893,-0.0012194814494236156,1.364505794256775,-0.002246725006304074,-0.0001827252962105139,0.030248832878678508,0.04180491700779302,0.15
4.0,379717321,-0.30768695954380954,0.1,0.0773866183367196,0.05333893342843618,0.0723665421720141,0.062111933755087965,0.0025491914253046215,0.001308700889491815,0.07470296615466794,0.32612014812863077,0.06331750072279214,0.08231146441963005,0.036228210858456664,2.7764451051977987,0.04374825033852301,-0.3826600973549624,-0.13973086632824214,0.07262771889686095,12.706204736432095,0.0308839970436784,-0.35901407789409984,-0.25869953243991506,0.09155916236447989,-0.5824807939279187,-0.22886839355323704,-0.009921312159825807,0.13433311575578563,-0.0012818459974054165,0.19388446592450692,0.0025583444989364565,0.2861672411958622,-0.00011229597647200275,0.44016388314903004,-0.000490844802832262,0.6614289311079893,-0.0012160862889253644,1.364505794256775,-0.002694385002343847,-0.0003864863442515356,0.044201677912764824,0.055503402535573086,0.15
4.0,51074049,-0.24980152658873667,0.1,0.0808949771666541,0.08577096750295103,0.12609544230616776,0.1096171038764744,0.008571294590194579,0.003444614872071198,0.1434358075127623,0.32612014812863077,0.10494728108144222,0.08231146441963005,0.05877559362850829,2.7764451051977987,0.050673690372644534,-0.42414708603866624,-0.14276164684379078,0.14865647233578047,12.706204736432095,0.05364612597166113,-0.3370238966448467,-0.16211907777171003,0.08667498443211132,-0.4080135709304686,-0.049251767727779144,-0.00588495509626616,0.13433311575578563,-0.0027153834266658815,0.19388446592450692,-0.0021823194959162124,0.2861672411958622,0.0007151125368105665,0.44016388314903004,-0.001045695634835168,0.6614289311079893,0.00021436027434567034,1.364505794256775,0.0021509907846514443,-0.0014700563172861023,0.08533755314573745,0.11875433018909537,0.15
4.0,1614331729,0.25782210183470805,0.1,0.0617623420569533,0.04075861338996718,0.042294073011511786,0.05114731789793254,6.440299982914187e-05,0.002551645128323029,0.05258329046856701,0.19388446592450692,0.042321497473350345,0.08231146441963005,0.050586755432876856,2.7764451051977987,0.08436413320258046,-0.03603847189059567,0.43242629747852357,0.05014029322713992,12.706204736432095,0.04539189881764421,0.18430310091486166,0.33369985849928785,0.059812230958028,0.12278426640651956,0.32330906484224553,-0.008632105355542482,0.13433311575578563,-0.002747078180980734,0.19388446592450692,0.003711965832332515,0.2861672411958622,-0.0022001679946848205,0.44016388314903004,-7.802655278897975e-05,0.6614289311079893,-8.538509313797987e-05,1.364505794256775,-0.0024043375574526234,-0.0002580211737069052,0.03592441187482916,0.043081022955709126,0.15
4.0,2083472476,0.13599909570924043,0.1,0.06057945983536289,0.06034599593426199,0.07341838380579457,0.09254425234688031,0.0020723350855473654,0.006492103556895698,0.09753707529160532,0.32612014812863077,0.06618381565596411,0.08231146441963005,0.08068994275604258,2.7764451051977987,0.05613359224234334,0.07027882460328344,0.38198249944013,0.09733722687838837,12.706204736432095,0.06825592870775413,0.023664213451001795,0.24833397796747908,0.08269359496949323,0.058623015188729886,0.3544478411138232,-0.006267149295553466,0.13433311575578563,-0.0015763069737277505,0.19388446592450692,0.0005989753121191548,0.2861672411958622,-0.00013723817388378856,0.44016388314903004,0.00016534854028894315,0.6614289311079893,-0.0007455074445012983,1.364505794256775,0.0007695822967861001,-0.00085110162065847,0.06543698024270626,0.09515439076078931,0.15
4.0,569420019,0.20582781459029076,0.1,0.06576694910713958,0.06778161829474977,0.06913587312200502,0.06384076489762903,0.000590787046824531,0.003484856215889812,0.06492302098963788,0.13433311575578563,0.07023116954384592,0.08231146441963005,0.059117916528443885,2.7764451051977987,0.05821239412585099,-0.01452327261935335,0.3087237608457748,0.06110892300071069,12.706204736432095,0.052919958385872136,0.1187649957658171,0.2928906334147644,0.11482627275095271,-0.05539828873861412,0.2938977788688957,-0.0054594016879336545,0.13433311575578563,0.00037281412849937863,0.19388446592450692,0.0018206090991455422,0.2861672411958622,-0.000659470960196712,0.44016388314903004,-0.0015805482451909448,0.6614289311079893,0.0002048937051375736,1.364505794256775,-0.001175562518493138,-0.0004795531334408399,0.049284846300275104,0.07542636573421567,0.15
4.0,256167588,0.07006095421978875,0.1,0.06525946017980683,0.05939601843212686,0.080455829738924,0.058590389052590404,0.0029256532514807436,0.0005071804378531622,0.06007847980743949,0.19388446592450692,0.07132864439460954,0.08231146441963005,0.022553187740736842,2.7764451051977987,0.020950811598029417,0.02257324281908269,0.1389107994416228,0.04710982298508805,12.706204736432095,0.018092001052789675,0.03706915220519636,0.10503343380007404,0.061893778143634295,-0.056592918467991624,0.17350512107706087,-0.0016178635071354252,0.13433311575578563,-0.003784240743441182,0.19388446592450692,-0.0003481335563380412,0.2861672411958622,0.0006847871563338776,0.44016388314903004,0.000583109766266872,0.6614289311079893,-0.002248462711655914,1.364505794256775,-0.0008725547017781774,-0.0006144394596988075,0.05555162868676802,0.08144313716523165,0.15
4.0,1788277171,-0.02266525052284207,0.1,0.05945749984280565,0.06261484947790937,0.079895259480634,0.0715139016858659,0.0018490915516726093,0.003265146582663084,0.0800736886897553,0.32612014812863077,0.07075394434272893,0.08231146441963005,0.0572239759410107,2.7764451051977987,0.1405363055871983,-0.29072676304049017,0.4896559124598273,0.0797821231550092,12.706204736432095,0.054205020659967164,-0.13192648839321905,0.08659598734753492,0.06922814707164493,-0.10336841664276669,0.1650697014373024,-0.005442283924804134,0.13433311575578563,0.0002811249875453157,0.19388446592450692,0.002308227779382099,0.2861672411958622,-0.0023927578112311002,0.44016388314903004,0.0006356212123716539,0.6614289311079893,-0.0011116929357078299,1.364505794256775,-0.0007775022952619178,-0.0006186937342238475,0.05562083580804543,0.07273871220908808,0.15
4.0,1836838914,-0.06160861389471044,0.1,0.06420674992580758,0.12470470861652841,0.12918410473700034,0.14020196943042354,0.0014956452177225868,0.01816094701444683,0.14122917537919577,0.19388446592450692,0.1277061014511021,0.08231146441963005,0.13495716098309027,2.7764451051977987,0.08651664112422588,-0.2116473260826703,0.2687700834523528,0.13898905336208395,12.706204736432095,0.11726432737953295,-0.25345072678175007,0.11246673242380041,0.12948129395000157,-0.2323683317342966,0.19736132767933906,-0.005107449491347079,0.13433311575578563,0.0013887309145924496,0.19388446592450692,-0.00047734715765454066,0.2861672411958622,-0.0011212531058663292,0.44016388314903004,-0.00013551360598677769,0.6614289311079893,-0.000577792330230514,1.364505794256775,0.0024848539895985923,-0.0014192978849244492,0.08417664793814121,0.1321064845281647,0.15
4.0,1689445613,-0.14142414355801247,0.1,0.05825626755672627,0.05532292658666441,0.0727754134052061,0.059975576442199086,0.0015643080160322159,0.00203276175354185,0.05841606527183971,0.13433311575578563,0.06400582627151152,0.08231146441963005,0.04515126562469345,2.7764451051977987,0.14917434086786405,-0.44251607525730224,0.38583266179007597,0.0451616105520822,12.706204736432095,0.039920239813624685,-0.21603771763559246,-0.06506452785392683,0.1008337009198595,-0.20925591143886912,0.1718189448003513,-0.005921470315459893,0.13433311575578563,-2.010079470576072e-05,0.19388446592450692,-0.0003162017045575725,0.2861672411958622,-0.0010151331792112718,0.44016388314903004,-0.0005275271290250435,0.6614289311079893,0.00038977986811705126,1.364505794256775,-0.0009124964966400476,-0.0004890024742067161,0.04970970298306264,0.073782372743619,0.15
4.0,654489127,0.1919362823827911,0.1,0.043002777266525606,0.0425984301111379,0.03009306158146743,0.039819692660428244,-0.0010442184945806986,0.0026298264181516618,0.03971226297462186,0.13433311575578563,0.03657673526010125,0.08231146441963005,0.05135588644487975,2.7764451051977987,0.08620565562305035,-0.10082398257157296,0.3778665586183976,0.03881554753544175,12.706204736432095,0.045647660040195874,0.11069179530362981,0.2759029436550627,0.052900141776644205,0.09462653889844201,0.27434045601273827,-0.004854984216400154,0.13433311575578563,-0.0004461636822121301,0.19388446592450692,-0.001982930030650399,0.2861672411958622,0.0012615876594714423,0.44016388314903004,0.0008099970092513197,0.6614289311079893,-0.0023035175055115906,1.364505794256775,0.0011294402059893868,-0.0010871034588244193,0.07361938574900094,0.11100810480192808,0.15
4.0,1193722941,0.09740790046082955,0.1,0.06787967973521528,0.0548415958951071,0.08339985943792,0.0873673259404572,0.003976664548576696,0.00365638509340939,0.09517889788321737,0.32612014812863077,0.06843599950010276,0.08231146441963005,0.060555368716444624,2.7764451051977987,0.13381545185616153,-0.3351155552888157,0.407946957322927,0.10422565798187819,12.706204736432095,0.05668494640867809,0.009155080122907024,0.19141508223072223,0.0744310458737796,-0.060062542953748396,0.22906714897797475,-0.006576840340837592,0.13433311575578563,-0.0019077508366498602,0.19388446592450692,0.0020456256786197087,0.2861672411958622,-0.0008827041755372737,0.44016388314903004,-0.0006139732323236872,0.6614289311079893,-8.160225470748581e-05,1.364505794256775,0.00032307283273368413,-0.0008359736614367806,0.06448479977751252,0.08089139309887251,0.15
4.0,487214208,0.03608814346778348,0.1,0.07296061845847651,0.08251807160907855,0.11781628449557009,0.11083626417222363,0.007412909098802652,0.0048717683568522884,0.11758951357991573,0.2431366342882323,0.10139562392497392,0.08231146441963005,0.06989884557143208,2.7764451051977987,0.06055315475876167,-0.08443544041334267,0.2518095798551546,0.10453833223020423,12.706204736432095,0.06055076188702575,-0.0805490469462243,0.1305650714203893,0.0947159214590063,-0.13947965182109368,0.19663749407260508,-0.009270318417525769,0.13433311575578563,0.0009492271240775767,0.19388446592450692,-0.0021252540152453805,0.2861672411958622,0.00019737805540911957,0.44016388314903004,0.00019020921800758835,0.6614289311079893,-0.00046563646386533103,1.364505794256775,-0.0016948054715174579,-0.00041775361945530013,0.04583681299884367,0.05556361957651093,0.15
4.0,1141613769,-0.014921527067129847,0.1,0.06448210191235426,0.09002642995517002,0.08376794116105543,0.044451750391369095,-0.0006507778658369438,0.0026267359786935262,0.050699986650760996,0.13433311575578563,0.09148507064284883,0.08231146441963005,0.051325702149851764,2.7764451051977987,0.09905915169285574,-0.1825339194495397,0.3675306742358114,1e-150,12.706204736432095,0.04162273704155821,-0.0914287070143309,0.04932549761481174,0.09696926614918254,-0.1250416902732163,0.22944416602651108,-0.0068631074600804904,0.13433311575578563,-0.0017735133206511224,0.19388446592450692,0.0019147352392070874,0.2861672411958622,-0.0016153512569308309,0.44016388314903004,2.8230395700405062e-05,0.6614289311079893,-0.00035396771294316767,1.364505794256775,-0.002299298621012241,-0.00027052550810664837,0.036799845505943826,0.04041816033422533,0.15
4.0,1846521085,0.10370843677510537,0.1,0.06685096761038986,0.05049416779202971,0.05532844363367808,0.08488000406808535,0.0008244436129101625,0.006380171477688023,0.08415243076586135,0.19388446592450692,0.05176914991424385,0.08231146441963005,0.07999132002690452,2.7764451051977987,0.08660880091279877,-0.06789404642005148,0.4130351163027301,0.07966657106169885,12.706204736432095,0.06251530231529338,-0.005367257187844421,0.2130912674885027,0.05678528536752763,0.009298182557225561,0.21942740159948776,-0.00392979743116652,0.13433311575578563,-0.006541925691849677,0.19388446592450692,0.0008335712645517622,0.2861672411958622,0.0014983747585937464,0.44016388314903004,-0.0013866006012999991,0.6614289311079893,-0.0004090309419895152,1.364505794256775,-0.0006727034227871255,-0.0006828399783226847,0.05831449211898942,0.09382242414700126,0.15
4.0,1077159725,0.15169445114689345,0.1,0.07029510570033902,0.05058471856435801,0.06867790469333798,0.06076866574589189,0.0020349545170175233,0.0016578762195184112,0.06407701109610668,0.2431366342882323,0.06037417287704856,0.08231146441963005,0.040775823342831544,2.7764451051977987,0.11073376638986526,-0.18621328471652523,0.4286791626299906,0.04982218873586972,12.706204736432095,0.03370445008716004,0.0945906612914735,0.21143126310518612,0.050181305088046586,0.06943248231572885,0.27342454002125016,-0.006716495296598391,0.13433311575578563,-0.0007174236017323496,0.19388446592450692,0.0008083916041604389,0.2861672411958622,-0.0017766289103821286,0.44016388314903004,0.0003740317404169324,0.6614289311079893,-0.00035188095079069504,1.364505794256775,-0.000744775245801236,-0.0006177062486110508,0.055716795261502756,0.08114033478530817,0.15
4.0,995220076,0.0925776465631627,0.1,0.07271419979102929,0.07014335137385451,0.08019671546565933,0.0919724154676331,0.00131731227669669,0.007141612930254228,0.09236355379565087,0.13433311575578563,0.07651705842230767,0.08231146441963005,0.08463009766065883,2.7764451051977987,0.07376622844948637,-0.010219861245444523,0.3993959065695135,0.0787936307260901,12.706204736432095,0.0761335329282567,-0.03635019268373889,0.22317242145331073,0.06977529996857795,-0.03772341641885209,0.2349612833131486,-0.007272624873394274,0.13433311575578563,-0.0031048875566441355,0.19388446592450692,-0.0006757003446081788,0.2861672411958622,-0.00040200849653608344,0.44016388314903004,-0.0006751034364950177,0.6614289311079893,0.0003653680192311086,1.364505794256775,-0.0008377310122362395,-0.0007278613255118731,0.060040807081158484,0.0812321709799612,0.15
4.0,1826142817,0.3015838183245754,0.1,0.036581122481816095,0.022672260892078265,0.0224185065582619,0.025247989987011284,3.4078662049371374e-05,0.0006033823363348507,0.025092056452213816,0.19388446592450692,0.02135121275998134,0.08231146441963005,0.024599313322116012,2.7764451051977987,0.07398803873496691,0.10970555697798462,0.5205530129557527,0.021148681250028285,12.706204736432095,0.02316217941001686,0.262847205942796,0.34277064427247894,0.04452310873222853,0.2537177665186814,0.3880258797380274,-0.002211059013711409,0.13433311575578563,-0.002241307056183691,0.19388446592450692,-0.0018074890259435095,0.2861672411958622,-0.0004816821595192113,0.44016388314903004,0.0005305740842326883,0.6614289311079893,-0.0007123915476374301,1.364505794256775,-0.0018183879284239524,-0.00025431991361781717,0.03558111561450886,0.044976679131687,0.15
4.0,1733952586,0.23416462783138214,0.1,0.06217474420133438,0.05599186476163298,0.07479601484058791,0.07454818931175158,0.0028919216771329326,0.0026655108525278194,0.07489824770069536,0.2861672411958622,0.0710379000479391,0.08231146441963005,0.05170313956733132,2.7764451051977987,0.07408121248385056,0.006505354474317104,0.41787019405012704,0.06100947802696645,12.706204736432095,0.04569690364814405,0.15830339060885357,0.3166004630539706,0.06616041758133304,0.08697453260837125,0.34736086622287193,-0.0061438038672844576,0.13433311575578563,-0.000973027733702609,0.19388446592450692,-0.0016026300403643617,0.2861672411958622,0.001634079182847334,0.44016388314903004,-0.0018708126545245115,0.6614289311079893,0.00021506558626218806,1.364505794256775,0.001661022555540827,-0.0012646480644371108,0.07947978145337031,0.09981711163452692,0.15
4.0,1247360860,-0.12679945077489996,0.1,0.06634065319523619,0.07264883463576959,0.0942918729264355,0.0987092835921766,0.0035599960660120996,0.0061835266012686425,0.09876383633117733,0.13433311575578563,0.08572332335918059,0.08231146441963005,0.07874895596408983,2.7764451051977987,0.0968501190025863,-0.4573242938549854,0.08047378383012471,0.08341291454095644,12.706204736432095,0.0741319328549155,-0.2677817721349598,0.009923112689434424,0.0724731052742534,-0.2475701676566417,0.013858389190650472,-0.007515555687854739,0.13433311575578563,0.0004929668253893569,0.19388446592450692,-8.944506205545452e-05,0.2861672411958622,-0.00030307785717362186,0.44016388314903004,0.0001471495459485969,0.6614289311079893,-0.0005781131273215426,1.364505794256775,-0.002113551849758637,-0.00016166980235661667,0.02842388185930283,0.03459550304566485,0.15
4.0,1085347545,0.26741175381399634,0.1,0.06773502830794051,0.09001862031516013,0.11867045325561078,0.11608010973142609,0.0055772707806879,0.007897321094572023,0.11484810196050417,0.13433311575578563,0.10940540363086347,0.08231146441963005,0.08899520055605797,2.7764451051977987,0.15501157010413205,0.04921249617549345,0.9099747263047793,0.09178001434622131,12.706204736432095,0.08054858275097651,0.1157286894661296,0.4190948181618631,0.10409841595278244,0.15153475917828566,0.5518552314364079,-0.003277818196562361,0.13433311575578563,-0.0042006237070760745,0.19388446592450692,0.0014600926999557037,0.2861672411958622,-0.0017259315455927595,0.44016388314903004,-5.789100454789307e-05,0.6614289311079893,-0.00023319971524757662,1.364505794256775,-0.002894643183706043,-0.00010157087326448892,0.022679177603184376,0.03433551636969909,0.15
4.0,1647057561,0.042754945408756524,0.1,0.06883245964610576,0.11844796229094375,0.13584768279022932,0.1344362970146506,0.004146431114938891,0.013926686840072464,0.1391633629789083,0.32612014812863077,0.12490491715258435,0.08231146441963005,0.11818179800659942,2.7764451051977987,0.18457748654361567,-0.6308464202192224,0.39409209786824617,0.13954997885449036,12.706204736432095,0.10193372085382836,-0.13741834084213495,0.22292823165964798,0.12306507097463606,-0.21483772720181177,0.2592536155446334,-0.008392819060544364,0.13433311575578563,-0.00020053813156645708,0.19388446592450692,-0.0010095408035343855,0.2861672411958622,0.0006471866697021572,0.44016388314903004,-0.0011215422458584062,0.6614289311079893,0.00019557896286410224,1.364505794256775,0.0005094026318878104,-0.0009924895006375107,0.07068661468319404,0.0868534300645491,0.15
4.0,252315236,0.03051270259361643,0.1,0.06108858706535718,0.05581572524100718,0.0564865906576705,0.06847053671159803,0.0006075093431042113,0.004080705054470083,0.07111635168960996,0.2861672411958622,0.05503143745793413,0.08231146441963005,0.06397264258817371,2.7764451051977987,0.11441109502030143,-0.2903334324593218,0.3449788170395505,0.06989234523143076,12.706204736432095,0.058125947415617364,-0.08076712120603077,0.12554974778451555,0.08933428907680618,-0.06761846954584325,0.28326526781969946,-0.0045564429636653645,0.13433311575578563,-0.004912576525211858,0.19388446592450692,-0.0008403387262434076,0.2861672411958622,-0.00012388752005391748,0.44016388314903004,0.0006787137336299609,0.6614289311079893,-0.00068773620770479,1.364505794256775,0.0018279496923931844,-0.0011839120605561912,0.07701298548545413,0.09780567367852348,0.15
4.0,322161801,0.294357622273973,0.1,0.06942817726691976,0.05759662404029789,0.07249236552408092,0.0642033965068704,0.0020387966634525414,0.0020832794595658775,0.06860835797189911,0.2431366342882323,0.06208013239151211,0.08231146441963005,0.04570886673793564,2.7764451051977987,0.08095319447911453,0.11438430725119536,0.5639085083745214,0.060913897278594385,12.706204736432095,0.037670195910902454,0.22467807966456427,0.37281458779144117,0.09218822489095144,0.04860402195880474,0.42116947442114316,-0.007255870642833824,0.13433311575578563,-0.0007971540433923428,0.19388446592450692,-0.0015083428492674359,0.2861672411958622,0.00033472092734235286,0.44016388314903004,0.00048222224668010866,0.6614289311079893,-0.0012668642376375764,1.364505794256775,-0.000982840767029373,-0.0006577687924225103,0.05713277494763669,0.09390092621934297,0.15
4.0,1232238162,-0.11257219259474344,0.1,0.06705835354291383,0.03638477466237866,0.04601475947956978,0.04758542806362347,0.0008707162685257599,0.001393656695472524,0.05055250628762767,0.19388446592450692,0.03998886601653147,0.08231146441963005,0.037385620297074255,2.7764451051977987,0.10166431162259447,-0.5417610954637676,0.022769665291944574,0.042542164216768104,12.706204736432095,0.03267312799628988,-0.1692445917216424,-0.06251261167441129,0.07638191514383202,-0.3381457919101924,-0.024752073709692596,-0.006997642781837002,0.13433311575578563,-0.004845553017456093,0.19388446592450692,0.002757418615743571,0.2861672411958622,0.00022525337059027322,0.44016388314903004,-0.0006337106931654618,0.6614289311079893,-0.0009008325766520921,1.364505794256775,-0.002006870775531687,-0.0004161596644264539,0.04579946748700061,0.07544928111150535,0.15
4.0,1487040275,-0.13765823458608376,0.1,0.07029411542590072,0.068803670469621,0.06644086717801834,0.07844664410716314,-0.00032971772529784456,0.0064835936969737575,0.07919904253071401,0.13433311575578563,0.07423055444389816,0.08231146441963005,0.08063704116025472,2.7764451051977987,0.09675081683664628,-0.34390195195126194,0.19334471170872877,0.07418026287974058,12.706204736432095,0.07302108939057934,-0.24514885143067114,-0.01765415085295348,0.08835237425760731,-0.33713828846835403,0.013226566958620276,-0.004274258387780993,0.13433311575578563,-0.007392055906373754,0.19388446592450692,0.001955968839141277,0.2861672411958622,-0.0008165674453915889,0.44016388314903004,7.544890775054136e-05,0.6614289311079893,-0.0009190347554637063,1.364505794256775,-0.0020671193751772214,-0.00047538054835898086,0.048716891057973374,0.0748173363418773,0.15
4.0,1040235582,-0.1379616405977158,0.1,0.06571139220103747,0.05991157966972935,0.08022607245924025,0.09200571037545655,0.002747438371579883,0.005717612370112509,0.09591900948038071,0.2431366342882323,0.0680235510922714,0.08231146441963005,0.07572408640159094,2.7764451051977987,0.12148586311187483,-0.2970726219183736,0.37752503805701576,0.09094206114668957,12.706204736432095,0.07068668942730431,-0.2660457102074653,-0.009877570987966267,0.07634697692069804,-0.20574586074805395,0.06296058567735383,-0.008631952772833249,0.13433311575578563,-0.0009741356830733646,0.19388446592450692,0.0006663507910131696,0.2861672411958622,-0.0003720948466475935,0.44016388314903004,-0.000537945287613138,0.6614289311079893,0.00010675022997227372,1.364505794256775,-0.001369350747068462,-0.00042043474908877313,0.04601874817150548,0.07386590242213993,0.15
4.0,2140699141,-0.05178809267662276,0.1,0.04549212295107088,0.02511136609783562,0.03272305503929074,0.02474885608270791,0.0003819761625659824,0.0002305297148366058,0.024705575141960444,0.13433311575578563,0.02963175655063245,0.08231146441963005,0.015205130242412749,2.7764451051977987,0.022939836806095376,-0.11348284295573699,0.013899552272902627,0.010619987892830732,12.706204736432095,0.01441169103307363,-0.07610246694711534,-0.024435462169224438,0.03484067562588022,-0.08734072525792182,0.06136165658539393,-0.0075900937602838845,0.13433311575578563,0.0009003464527443164,0.19388446592450692,0.0005717962570252434,0.2861672411958622,0.000463269687854969,0.44016388314903004,-0.0011067042124783442,0.6614289311079893,-0.00012068105995826298,1.364505794256775,-0.0009894368108978942,-0.0004457645868166262,0.047213230898012576,0.05394844371676469,0.15
4.0,293203827,0.18932405398587504,0.1,0.06346889086178915,0.03936625813234592,0.049924001828720026,0.04562089011574263,0.0005097050278961219,0.0015715605870565417,0.056670203177478846,0.32612014812863077,0.044921389512254155,0.08231146441963005,0.03970015956741349,2.7764451051977987,0.20470494454411045,-0.4740105870659514,0.6626934955126131,0.06030565965623454,12.706204736432095,0.03495503983141164,0.11912039943135874,0.25927954416825494,0.08853602125104325,-0.09423644720128378,0.2291202331004301,-0.005328849977595717,0.13433311575578563,-0.0010783125613133806,0.19388446592450692,0.0008626858249077342,0.2861672411958622,-0.0009019922450035357,0.44016388314903004,0.00029330005723171457,0.6614289311079893,-0.000983057759416354,1.364505794256775,-0.0011503549269789855,-0.0004876485407989946,0.04949935800779624,0.07471775091569603,0.15
4.0,1321964954,-0.02501349954391565,0.1,0.07447531205039568,0.08590334577605181,0.12077051917366616,0.11893216350932546,0.00757313288785058,0.006571726629158349,0.12176318395461794,0.19388446592450692,0.10762534137727134,0.08231146441963005,0.0811832498654888,2.7764451051977987,0.08297211744289175,-0.22870465830328793,0.23203040038113945,0.08912933855258276,12.706204736432095,0.07266967028389693,-0.1715541426954359,0.08728754968757133,0.09090351566514021,-0.1606119641065724,0.16782320980418558,-0.009014150530130334,0.13433311575578563,0.0006064623840237293,0.19388446592450692,-0.00019746460610304487,0.2861672411958622,-0.00012212362881871267,0.44016388314903004,-0.0009334446184567323,0.6614289311079893,3.830895339196087e-05,1.364505794256775,-0.0034999998897606915,-4.890139567474125e-05,0.015703664939316075,0.026199324238125342,0.15
4.0,298236659,-0.1759184951194262,0.1,0.059979480939047224,0.04329334625331953,0.04960447671020896,0.049651557226506396,0.0007394318908152053,0.0017258452442018345,0.05532420069611326,0.32612014812863077,0.04958795507775554,0.08231146441963005,0.04160328395976815,2.7764451051977987,0.06428717764319902,-0.3001440727947289,0.05683556659415365,0.059699650018765614,12.706204736432095,0.0369310196776825,-0.245852475591809,-0.10951856791456464,0.06370408397587932,-0.2357715616537975,-0.03165326112586776,-0.008576043366126251,0.13433311575578563,-0.0004929998601937217,0.19388446592450692,-0.0032949969506420053,0.2861672411958622,9.44159326647204e-05,0.44016388314903004,0.0007369072928091981,0.6614289311079893,-0.0004753285185428138,1.364505794256775,-0.0010809084382966453,-0.0005798174800471094,0.053775037986728925,0.0877748725881049,0.15
4.0,229555764,-0.1061026217903119,0.1,0.05160790714973184,0.019789596215685924,0.023120726851303362,0.021906474380511406,0.0002062249219128943,0.00027366869787110826,0.02236484463736258,0.13433311575578563,0.023088628450173766,0.08231146441963005,0.016566823710806956,2.7764451051977987,0.11025458609760921,-0.5172704331931499,0.0949611785994828,0.011242376130855174,12.706204736432095,0.014734926585875692,-0.1280283957871239,-0.08052289912374555,0.06831842912957911,-0.32458624988545026,-0.07094857242835025,-0.009322495456317494,0.13433311575578563,-0.003777790644602437,0.19388446592450692,0.001933572966771658,0.2861672411958622,-0.0016760947725987978,0.44016388314903004,0.0009967451783560045,0.6614289311079893,-0.0009773298625418492,1.364505794256775,-0.001745911056204986,-0.0005718092817981654,0.053659501988103146,0.08643113272736262,0.15
4.0,1024425306,0.02014218875603493,0.1,0.06662732121222661,0.14334358828640845,0.1595931477061858,0.14963426511694455,0.005890922655598256,0.016499490641489794,0.18427782590194616,0.32612014812863077,0.14681830770904344,0.08231146441963005,0.1286358310527321,2.7764451051977987,0.15750200866128322,-0.2538953104052083,0.6206960516076739,0.1935917836987154,12.706204736432095,0.11898950026173766,-0.18612268339607374,0.2450553365012633,0.20333186064652106,-0.11746480657673852,0.6053261413651682,-0.008236241613691372,0.13433311575578563,-0.002782014905714002,0.19388446592450692,-0.0020015801115071683,0.2861672411958622,-0.00026061132465812536,0.44016388314903004,0.0004005037077746801,0.6614289311079893,7.146618477863896e-05,1.364505794256775,-0.002714062600163285,-0.0001663088225112024,0.028732378348467518,0.04534543897471673,0.15
4.0,1265946291,-0.2447024575286641,0.1,0.06459173661767513,0.07212347458584038,0.0826694456660566,0.0650009798617705,0.0017034385420595724,0.002521688840930722,0.07955212780204263,0.32612014812863077,0.07816051575006121,0.08231146441963005,0.05028893475674437,2.7764451051977987,0.09301939944014284,-0.4744560047614739,0.042070507766573007,0.08685506734837979,12.706204736432095,0.04525427233326793,-0.33174080225011027,-0.17036664074546864,0.08334371296093834,-0.37490415375977865,-0.07309034165265678,-0.006236115969532387,0.13433311575578563,0.0001554886476613479,0.19388446592450692,-0.0003947209278164663,0.2861672411958622,-0.0013156362439547713,0.44016388314903004,-0.00021914855572895456,0.6614289311079893,4.79950350185124e-05,1.364505794256775,-0.0005263924900247501,-0.0007081506476623945,0.05971774066193703,0.09146748377018671,0.15
4.0,715567207,-0.185501605903805,0.1,0.0660491602360705,0.09107611277912091,0.10289492761045757,0.11143682977434403,0.0024844391778495543,0.009933727852306576,0.11006797034121409,0.13433311575578563,0.09408224534089575,0.08231146441963005,0.09981201354752596,2.7764451051977987,0.14047775695567088,-0.4152950827876258,0.36476247858985117,0.08536982635253974,12.706204736432095,0.09438311866818151,-0.33153050176824983,-0.037734473677968755,0.18774132536104976,-0.27256618221808543,0.368793967923476,-0.008700100832958567,0.13433311575578563,0.00047839590143934147,0.19388446592450692,0.0026506435169354092,0.2861672411958622,-0.0018519767663740575,0.44016388314903004,-0.00015899819895663086,0.6614289311079893,-0.0003788589196777854,1.364505794256775,0.0003249955547491106,-0.0009240575509714997,0.06826499398486546,0.08288661579101772,0.15
4.0,1954926137,0.18801924881476312,0.1,0.06629564651546188,0.04885592724830334,0.06670152308241953,0.06306592727625433,0.002032445985619833,0.0019448651975939673,0.06526077806234087,0.19388446592450692,0.057308847613082144,0.08231146441963005,0.044164309065974024,2.7764451051977987,0.052612380406070074,0.05541853779337136,0.347569309895847,0.048732240045522845,12.706204736432095,0.040314201370218974,0.11399730164360675,0.2573334356749105,0.06790075168235318,0.10219159209574435,0.3699032719903761,-0.002744565687953708,0.13433311575578563,-0.0033174951957651525,0.19388446592450692,0.0006626832513489247,0.2861672411958622,-4.578909896254805e-05,0.44016388314903004,-0.0010645919553896007,0.6614289311079893,-0.000279538754659905,1.364505794256775,0.0008682814501389306,-0.0010281314851773636,0.07174879935896367,0.0943663838421429,0.15
4.0,1982520962,0.3075326057509717,0.1,0.07284897656459235,0.07800273489923622,0.09350079587087198,0.10978544053069884,0.003437591006461872,0.008615251946057742,0.11212668840946954,0.2431366342882323,0.08327544616853191,0.08231146441963005,0.09295241534331518,2.7764451051977987,0.08506358119516925,0.03038724471341056,0.5027359719932569,0.10353109868780132,12.706204736432095,0.07864034428863267,0.1442937281067973,0.4413917730777207,0.08801025046264029,0.11048565992701866,0.43404756827424706,-0.0018265193493116868,0.13433311575578563,-0.0035557943956110965,0.19388446592450692,-0.00022514557348811935,0.2861672411958622,-0.001601439017979683,0.44016388314903004,-0.0010991790834357913,0.6614289311079893,0.0007744043496111425,1.364505794256775,0.002429359314251859,-0.0014743589226849673,0.08538617037812957,0.14249674818570654,0.15
4.0,497706057,0.18006932401394693,0.1,0.06955371787015431,0.19057900511957454,0.23299757100255566,0.24068207263675817,0.018904519032451557,0.039023341056274176,0.28634098441211203,0.32612014812863077,0.2036379578643174,0.08231146441963005,0.19782852493758363,2.7764451051977987,0.19197749488828628,-0.5224688973770719,0.5435610546043639,0.29769909953274537,12.706204736432095,0.1905707559244412,-0.14799302508341217,0.508131673111306,0.24628814525104575,-0.4448296769112362,0.42099971713629974,-0.007693719668150862,0.13433311575578563,-0.00103959106587999,0.19388446592450692,0.0012944091242998047,0.2861672411958622,-0.0003736194365435966,0.44016388314903004,-0.0011125311711102012,0.6614289311079893,-9.821279984899148e-05,1.364505794256775,0.0008287355247667426,-0.0011314214261517674,0.07493095166209099,0.11324878194799476,0.15
4.0,1116151363,-0.24783214104532925,0.1,0.06054110684862635,0.06495186750396441,0.08324398592748265,0.06910834991568103,0.0022852175118789125,0.002490746516189298,0.07583494676380347,0.2431366342882323,0.07566699530030176,0.08231146441963005,0.049979447831508185,2.7764451051977987,0.1094740372763088,-0.6586086751242265,-0.05071136524012865,0.05595928817660179,12.706204736432095,0.046800298964933575,-0.3396486122134368,-0.1704568033359962,0.1046453943153287,-0.5568801074815853,-0.18346894238573322,0.0012385783029570329,0.13433311575578563,-0.006856569446837205,0.19388446592450692,-0.0001111171443019973,0.2861672411958622,-0.0009461710204199153,0.44016388314903004,0.0001606866778833425,0.6614289311079893,-0.0007867733393333398,1.364505794256775,-0.0016611600846959341,-0.0004214710173559282,0.0457124154840993,0.06530248663788207,0.15
4.0,53940186,0.11795418599130486,0.1,0.07310084179532383,0.08979553558030912,0.12477135172562585,0.14034911582075435,0.006595835820501321,0.013102038491166203,0.16156712829809852,0.32612014812863077,0.1071736781617187,0.08231146441963005,0.11462942752380588,2.7764451051977987,0.10511101606154048,-0.14958895363084995,0.4340809784620126,0.16806577811366455,12.706204736432095,0.09481972474079385,-0.07612382235726889,0.3028648858339818,0.08600287942863846,0.010134394056281148,0.30081315025150634,-0.009537370826251444,0.13433311575578563,0.00021364278913755988,0.19388446592450692,-0.0012149700405955101,0.2861672411958622,9.766125430495115e-05,0.44016388314903004,-0.0002921929446878466,0.6614289311079893,-1.6816307854419959e-06,1.364505794256775,-0.001552485653221659,-0.00041917915213997325,0.045908303008179684,0.056560463175158435,0.15
4.0,452026743,0.2589028877455907,0.1,0.05806832505759236,0.04174857605642413,0.05605083682274057,0.0733089854150561,0.0011306630564144938,0.004243544286170413,0.08069015068435659,0.32612014812863077,0.04855351580749039,0.08231146441963005,0.06523656080015389,2.7764451051977987,0.11798070651437745,-0.02133061227192079,0.6338032979473218,0.08621057520504427,12.706204736432095,0.059654026977806904,0.14326862450982913,0.3476350340452727,0.07803712557027688,0.034645171413736346,0.36084342085335896,-0.008180741036460262,0.13433311575578563,0.00027155791454389365,0.19388446592450692,0.0005779031999459946,0.2861672411958622,-0.0006813952016917685,0.44016388314903004,0.0006050247975562545,0.6614289311079893,-0.0008652091163721939,1.364505794256775,0.0023328263268833378,-0.001264177798243216,0.07967380167720926,0.11167212343950783,0.15
4.0,515434860,0.13270748072550484,0.1,0.06204694764359593,0.11683022143518819,0.13929572898098025,0.1610572055423679,0.006720690300261177,0.019218733156855364,0.1718244135801734,0.32612014812863077,0.12813572140588592,0.08231146441963005,0.13883183578850702,2.7764451051977987,0.14919078453140563,-0.10547389032382076,0.7229661565818606,0.17658610650482406,12.706204736432095,0.12868187956928417,-0.10643955927356856,0.38687229119949573,0.13661364426943579,-0.015508091953922035,0.49942539830598687,-0.0037155989672061694,0.13433311575578563,-0.0016451857667873653,0.19388446592450692,0.0016907093195766794,0.2861672411958622,-6.82056072501941e-05,0.44016388314903004,0.0004193256899382662,0.6614289311079893,-0.0018888193155528262,1.364505794256775,0.0027919463507411818,-0.0014436270224735008,0.08498481440633397,0.09926972647742191,0.15
4.0,1804934130,0.16744272160998497,0.1,0.07325729065028651,0.06244927696990398,0.06465023715232555,0.0672303693345156,0.0007373855675155091,0.003782536993339866,0.06698463947705995,0.19388446592450692,0.06399126618991823,0.08231146441963005,0.06159114531474382,2.7764451051977987,0.15930152298727526,-0.33528494534557074,0.5492989221515793,0.06710525352743907,12.706204736432095,0.054562430899583916,0.06777991269419509,0.2804691291567405,0.0988141480265862,-0.054139175819400115,0.2775438465233389,-0.00165618311567358,0.13433311575578563,-0.003569785750971611,0.19388446592450692,0.0017384053964276576,0.2861672411958622,-0.001077781700527795,0.44016388314903004,-0.00011813888476167674,0.6614289311079893,-0.001443111075314554,1.364505794256775,-0.001150108115617608,-0.0006866760701604331,0.058772860876262344,0.07918164966253809,0.15
4.0,712000931,0.22764919363857844,0.1,0.07529350493053691,0.08837216685589618,0.10232947623179091,0.12916715158052552,0.0024373288886670383,0.014246824158759417,0.13299886040333622,0.32612014812863077,0.09931952663770711,0.08231146441963005,0.1195324221754323,2.7764451051977987,0.1579977613463671,-0.24120943939696587,0.6361347828476958,0.13505743057727593,12.706204736432095,0.11069076783995654,0.028160197998055785,0.41115101223850187,0.0883608779588991,0.04261829454309111,0.38421447955286503,-0.007996881751338367,0.13433311575578563,-0.0018521724602976635,0.19388446592450692,0.00012961651472986806,0.2861672411958622,-0.0007204704759810877,0.44016388314903004,0.00027519033252671273,0.6614289311079893,-0.0005691128624410713,1.364505794256775,-0.0018746654521261947,-0.0004325835601258575,0.04670531335902274,0.06745672690731619,0.15
4.0,861433396,-0.39818822661323305,0.1,0.07326286003600326,0.0662136225506863,0.09007150325055738,0.09490949959614434,0.003993835000684272,0.005013978112906249,0.10187056356337978,0.2861672411958622,0.07758567355160817,0.08231146441963005,0.0709117012849679,2.7764451051977987,0.06338398469923572,-0.5058544083651852,-0.15389010023293498,0.09468821972666694,12.706204736432095,0.0648183093458971,-0.5102503148916041,-0.29236876142786633,0.0859964450592835,-0.49255672015175245,-0.1216761925304865,-0.0034380884812092224,0.13433311575578563,0.0013054828737467086,0.19388446592450692,0.0010591362126927146,0.2861672411958622,2.618545512594101e-05,0.44016388314903004,-0.001376719561987652,0.6614289311079893,-0.0012859361960928049,1.364505794256775,-0.0013683146484571,-0.0006522637427638682,0.05721081050960452,0.07988578164929304,0.15
4.0,2132412704,0.08510520101395636,0.1,0.058704121314866804,0.0709151125633233,0.06330517389680124,0.058555487485949076,-0.0007234428140411916,0.0041521879287583306,0.06136295970537459,0.2431366342882323,0.061805183379420564,0.08231146441963005,0.06453052356757252,2.7764451051977987,0.06975991651667893,-0.11108660530120744,0.2762825522022731,0.06142891706018421,12.706204736432095,0.057360800523406176,-0.0192202229290441,0.18554569037993848,0.0686264514983237,-0.016550767317596467,0.25223318102297093,-0.005237363531160849,0.13433311575578563,-0.0021625688668852334,0.19388446592450692,-0.00016884887765596318,0.2861672411958622,-0.00040703930073401526,0.44016388314903004,-0.0006594545593116518,0.6614289311079893,0.00010155678107931241,1.364505794256775,-0.0010088369008505766,-0.0005362743625498712,0.05179618518488469,0.057214070178911225,0.15
4.0,2094293366,-0.08814341890031943,0.1,0.05789985684320313,0.03639253045093814,0.04365121661000711,0.04839201784689593,0.0008724700417128473,0.001469317349581447,0.047807810635529274,0.13433311575578563,0.04216955844784683,0.08231146441963005,0.038387028167294404,2.7764451051977987,0.16603409153013513,-0.4853568121822821,0.4366122692673319,0.04248997839491146,12.706204736432095,0.03277673832742324,-0.1574273071114717,-0.021142831195209655,0.11298340489239292,-0.27668655589197844,0.19467423032376033,-0.00835496885310866,0.13433311575578563,-0.001805830170616665,0.19388446592450692,-4.8516005556716506e-05,0.2861672411958622,-3.177477796756618e-05,0.44016388314903004,-5.497478985098933e-05,0.6614289311079893,-3.730052768217867e-05,1.364505794256775,0.003802045609869538,-0.0016186480930696016,0.09027316779318079,0.1423916059359253,0.15
4.0,92806549,-0.21174106473243012,0.1,0.059256053822501896,0.04417499564617955,0.06960973481390867,0.0810208597149388,0.0029362671238477626,0.0036281125851000302,0.1011844417671987,0.32612014812863077,0.055873214397454185,0.08231146441963005,0.060320796244938954,2.7764451051977987,0.14132221821223923,-0.6297737246978825,0.15497303732425105,0.10665367439645781,12.706204736432095,0.04953100812935242,-0.2952743225171154,-0.1282078069477449,0.08378613947114726,-0.36314645614259095,-0.003158405858005864,-0.00669797330940561,0.13433311575578563,-0.003979342258701833,0.19388446592450692,3.224668711827758e-06,0.2861672411958622,0.0006522105084368123,0.44016388314903004,-0.0007057700737907533,0.6614289311079893,0.00010728638621766643,1.364505794256775,-0.001702995449881096,-0.00030642715048715584,0.03921442099379545,0.05426334101544088,0.15
4.0,74285017,-0.009787992761628644,0.1,0.04111349444495543,0.019967170436348824,0.014281589416815649,0.016065612943288142,-0.00010552086258868538,0.00036362478183223285,0.0165041346398211,0.13433311575578563,0.015131481366229986,0.08231146441963005,0.019096484506527595,2.7764451051977987,0.02772854181950627,-0.10362274234778243,0.05035080607029887,0.01040519192678801,12.706204736432095,0.017392619385675327,-0.042894976323535366,0.01729075855452927,0.025404961192261443,-0.07057590442518087,0.03133193662976459,-0.006794916976010756,0.13433311575578563,0.0007475725571337065,0.19388446592450692,-0.00042190191145975676,0.2861672411958622,-0.0004953463706597068,0.44016388314903004,0.00019849457634302874,0.6614289311079893,-0.000542821206246163,1.364505794256775,-0.0010906704319409016,-0.0004082402156061305,0.04503909777907511,0.07007952738094123,0.15
4.0,1065304657,0.08509485851198775,0.1,0.07590798627217964,0.09906616474457544,0.10871020398720269,0.09749039661277786,0.002499395496185275,0.007004981935531455,0.09925745417626071,0.32612014812863077,0.10041545020222074,0.08231146441963005,0.08381663049814095,2.7764451051977987,0.09994100315822538,-0.38213818574596337,0.17282323230846186,0.09989743317884271,12.706204736432095,0.07303341401011613,-0.04694817600920145,0.21713789303317696,0.19842482339437673,-0.611132656263185,0.1729269698268889,-0.012054154906910464,0.13433311575578563,-2.3679173710461087e-05,0.19388446592450692,0.002422750200844612,0.2861672411958622,-0.0010349326752316687,0.44016388314903004,-1.532075804642657e-05,0.6614289311079893,-0.0008399413748612222,1.364505794256775,-0.0026784927140135655,-0.00036596269769419615,0.04298062382215715,0.07363248604084364,0.15
4.0,1601327343,0.5805254800139432,0.1,0.07632841752387545,0.08234128820241074,0.11512255301591427,0.13963661462038862,0.006077376290465489,0.01342100785217744,0.14137234604985977,0.32612014812863077,0.1017134133108938,0.08231146441963005,0.1160163647603761,2.7764451051977987,0.14809324246134636,0.2139848791509723,1.036330395440324,0.13743192714871305,12.706204736432095,0.1103506737143855,0.3772604723886208,0.7837904876392656,0.07575361209510129,0.44940198919933105,0.724062442981329,-0.007179519930988339,0.13433311575578563,0.0065513223522941175,0.19388446592450692,-7.319027732279058e-05,0.2861672411958622,-0.0010845228183672681,0.44016388314903004,0.0012489762123019243,0.6614289311079893,-0.0035000669251163265,1.364505794256775,-0.0030853312074325865,-0.00033428210024661324,0.04091384829813819,0.05573890449622137,0.15
4.0,206766157,-0.4139376256857186,0.1,0.07762880225879165,0.08138769914546234,0.10853322359288244,0.12847349603039435,0.005253513343430758,0.011251925838840993,0.16321055181462676,0.32612014812863077,0.09410247664285293,0.08231146441963005,0.10622827239354056,2.7764451051977987,0.1338215342490735,-0.7670808593799892,-0.0239845719081897,0.1816347319487868,12.706204736432095,0.09348793052031214,-0.5829294998158407,-0.25493222632496987,0.08422259738580294,-0.5978351530087262,-0.30034395503736944,-0.006994865758833996,0.13433311575578563,-0.004566052882727847,0.19388446592450692,-0.00040428166063521286,0.2861672411958622,-0.0005700726334788551,0.44016388314903004,0.0003197604727493198,0.6614289311079893,-4.985304229369776e-05,1.364505794256775,-0.002880434229629553,-0.00010317202657172339,0.022638510032586517,0.037092905206113386,0.15
4.0,1270298473,-0.05814064446871095,0.1,0.0626304217005474,0.05387652547561985,0.06183704674571748,0.06850802818081426,0.0014356687204346275,0.003257681204788614,0.07010930397879622,0.32612014812863077,0.05775175987908875,0.08231146441963005,0.05715852052307048,2.7764451051977987,0.09014073910758627,-0.2473262824161855,0.2532153453321539,0.07132469117364462,12.706204736432095,0.04929598411324756,-0.146166430685979,0.02988514174855711,0.06744649781548116,-0.22717776902083295,0.0535223951842179,-0.004204852982335843,0.13433311575578563,-0.0008584882260373508,0.19388446592450692,0.0009388792289987218,0.2861672411958622,-0.0003655219803829071,0.44016388314903004,-0.0005198730749956268,0.6614289311079893,-0.0009104513824043852,1.364505794256775,0.004565123830411699,-0.0019350571842530482,0.09835532671410843,0.1480974874378369,0.15
4.0,1624326495,-0.14611697017088404,0.1,0.05193476898394058,0.050099297092793274,0.04511423036540064,0.036415955620810424,-0.00037471192989869126,0.0017008337536755258,0.03764623157070434,0.13433311575578563,0.04705018591838128,0.08231146441963005,0.04130071982624416,2.7764451051977987,0.06107322884003042,-0.3639183514139416,-0.024785416870886562,1e-150,12.706204736432095,0.032016921909908,-0.20341828262012654,-0.08766645461833095,0.05252008123355164,-0.23276505776075707,-0.008682280801743714,-0.003003972482308121,0.13433311575578563,-0.005037696459339113,0.19388446592450692,0.0010471825648683836,0.2861672411958622,-0.0018478432842537306,0.44016388314903004,-0.0004287599786875597,0.6614289311079893,0.0005568077077586853,1.364505794256775,0.0007735951375846437,-0.0009742376941444101,0.06955470967190885,0.08750276043910477,0.15
4.0,1113573895,0.2058010071994061,0.1,0.0673925198207288,0.052730532105860504,0.06092725906602423,0.05817398438208242,0.0010861391825378978,0.002298073276348871,0.05682840513438192,0.13433311575578563,0.05550505349155722,0.08231146441963005,0.048007448449457694,2.7764451051977987,0.11848935807894537,-0.119477954665837,0.5384804418467972,0.052308497972012785,12.706204736432095,0.046283542065483275,0.1268874085724061,0.2847146058264061,0.11584226613606491,0.045403115201918316,0.5000294759230939,-0.007046699494011859,0.13433311575578563,-0.002879106649964283,0.19388446592450692,-0.0023922518040828374,0.2861672411958622,-0.00010655454045112504,0.44016388314903004,0.0012620969774687907,0.6614289311079893,-0.0011890728169879337,1.364505794256775,0.0007845301931531462,-0.0011093650471605562,0.07427698181719923,0.11664104168836596,0.15
4.0,950473537,-0.056596273514760945,0.1,0.05878024471521727,0.025342336861776046,0.03060589420556338,0.04346783109374154,0.0002854702833150005,0.0016039820566790435,0.04595224017751082,0.32612014812863077,0.02919084186089239,0.08231146441963005,0.040107578373295275,2.7764451051977987,0.0543110836465134,-0.24365029442718023,0.057933190269520485,0.04566314569781805,12.706204736432095,0.03295829904651576,-0.10949402823898265,0.012785449303943677,0.04733504424072842,-0.1694759206019324,-0.023658381652503817,-0.009205141042532243,0.13433311575578563,-0.0012850874351699418,0.19388446592450692,-0.002386149469128729,0.2861672411958622,0.000834940070772869,0.44016388314903004,-0.00018593082213345415,0.6614289311079893,-0.00011494929548187582,1.364505794256775,-0.0025601702688104236,-0.00022505032182483877,0.03342449662497626,0.04263676551516077,0.15
4.0,1652016067,0.44068606055544157,0.1,0.06463016212772575,0.077544886543708,0.0897571798757175,0.10419963942186095,0.0021630274512471886,0.008694537404398649,0.11183922156662009,0.32612014812863077,0.0829137496456475,0.08231146441963005,0.09337915251928885,2.7764451051977987,0.11232944445167756,0.18456157850359373,0.8083146509384902,0.10848901239584942,12.706204736432095,0.07729129883145135,0.2943096684120794,0.5870624526988037,0.08647490287504267,0.3308266670940876,0.6566211588232428,-0.006576573663780583,0.13433311575578563,0.0008761669333544573,0.19388446592450692,-0.0014196578594531308,0.2861672411958622,-0.0002852797795031865,0.44016388314903004,-0.0004956836519085991,0.6614289311079893,0.00014974688299278411,1.364505794256775,0.0003901380738101908,-0.0008295695306444279,0.06409705433204162,0.09026024252749852,0.15
4.0,368005042,0.10442093995552934,0.1,0.07491470913686471,0.09570729917100193,0.12798760620068564,0.1211230538887636,0.007383106731832718,0.007287687451507613,0.15400017161153323,0.32612014812863077,0.10415564196960773,0.08231146441963005,0.08549122839217654,2.7764451051977987,0.07163628456841606,-0.09603441251723643,0.30175401077183434,0.15866005212907208,12.706204736432095,0.07763531716042833,-0.010387097408058259,0.22092764953812538,0.09351504314770033,-0.08494921261171004,0.2839289854866417,-0.005191001316414615,0.13433311575578563,-0.0006010621640722786,0.19388446592450692,-0.00554721924177157,0.2861672411958622,0.0014510035537746834,0.44016388314903004,0.00012872997862411407,0.6614289311079893,-0.0008098110773452063,1.364505794256775,-0.0005834412674290934,-0.0007936433075706708,0.06270056822035085,0.10941615586618725,0.15
4.0,60739202,-0.2996549586857386,0.1,0.05684693785670869,0.02701316576563146,0.03479893081367944,0.028082373895194784,0.00048558026636411425,0.00030303945722540317,0.027874893089663177,0.13433311575578563,0.032197805183952204,0.08231146441963005,0.01743316648824818,2.7764451051977987,0.058757126009730765,-0.4961972042571816,-0.16992533444676708,0.029157785833796083,12.706204736432095,0.014867625739723138,-0.32518710149151386,-0.27412281587996334,0.05776324868388264,-0.38501234060108536,-0.13586675779896246,-0.004893672593026508,0.13433311575578563,-0.003939594848652397,0.19388446592450692,-0.002216439047453304,0.2861672411958622,0.0007949043110056485,0.44016388314903004,-0.0009021584242098592,0.6614289311079893,0.0006723170188019314,1.364505794256775,0.0017345326161452817,-0.001142539135514822,0.07587276401609673,0.11725663631330456,0.15
4.0,1149834848,-0.06437451993812843,0.1,0.06246958802482583,0.0455459671247034,0.053474523492549185,0.06828212777025329,0.0008849311468035765,0.003777517826029619,0.06817976087396115,0.13433311575578563,0.05187508760278157,0.08231146441963005,0.06155026813595324,2.7764451051977987,0.06457909682923285,-0.19150649818160884,0.16709413639762763,0.05831647074407161,12.706204736432095,0.053452293157691864,-0.1596348067451309,0.03068276041959838,0.056573297114853684,-0.16054087505748538,0.0538216964405582,-0.009415720370434874,0.13433311575578563,0.004570796020318748,0.19388446592450692,0.004153243305035346,0.2861672411958622,4.540418591792445e-06,0.44016388314903004,0.000382729239755752,0.6614289311079893,-0.00330638049894569,1.364505794256775,-0.0017753350871864838,-0.00044636086407263097,0.04743176747133057,0.06251420718833804,0.15
4.0,316737469,-0.21188648616992076,0.1,0.06758731562965421,0.03926877395709623,0.05134520912423557,0.06939377092343216,0.000994509353311733,0.003820986089662045,0.0720850393619689,0.32612014812863077,0.048685999036058275,0.08231146441963005,0.061903387646072415,2.7764451051977987,0.09110414449027812,-0.5614809198096077,-0.05558960774307631,0.07359991718785483,12.706204736432095,0.055618978834962446,-0.3137669423340123,-0.12014529138341676,0.057120304260545894,-0.3507783883214461,-0.13496283439129642,-0.008323882189158704,0.13433311575578563,0.00017555564317386986,0.19388446592450692,-0.0017235120529493304,0.2861672411958622,0.0007548857596471448,0.44016388314903004,-0.0011174475508179374,0.6614289311079893,0.0004832342098308732,1.364505794256775,-0.0013204773753966734,-0.00044392932389136764,0.04729558184778592,0.06585457280735715,0.15
4.0,1247698434,-0.3278217590779257,0.1,0.07167987574995431,0.10238330307328701,0.11986505600739718,0.12802378530998676,0.0011321143377331748,0.015257975267364405,0.12768997349323502,0.13433311575578563,0.11630807708063617,0.08231146441963005,0.12370154995705898,2.7764451051977987,0.16733033553838686,-0.5256317413821804,0.40353524073113856,0.10891357973142182,12.706204736432095,0.11378952958245354,-0.5123653178320112,-0.1403054548343474,0.19945664270819174,-0.42112582245926633,0.20258147744727614,-0.010123994269918321,0.13433311575578563,0.0019086700079862843,0.19388446592450692,-0.0017499912554704495,0.2861672411958622,0.0002866346386898999,0.44016388314903004,3.182114881769229e-05,0.6614289311079893,-0.000738465743508187,1.364505794256775,0.0006418392610943465,-0.0010809561057776094,0.07329742207686848,0.11260233443906106,0.15
4.0,187263145,0.03546945597214818,0.1,0.06573928951404355,0.09051543072569966,0.11534180865058873,0.09779129225357548,0.004734040749419306,0.004829096091204906,0.09784650667494744,0.13433311575578563,0.11162888601508794,0.08231146441963005,0.06959204707668827,2.7764451051977987,0.11507075844065032,-0.34574314471881024,0.2932321433290735,0.053147218187209994,12.706204736432095,0.057437864574928485,-0.06950259632471531,0.14044150826901167,0.09427119256949337,-0.16988092299923382,0.20664979649237672,-0.0037567960806936173,0.13433311575578563,-0.001939651237072331,0.19388446592450692,-0.0018611919150710327,0.2861672411958622,-0.0004629879089883603,0.44016388314903004,-0.0004336922577094324,0.6614289311079893,-2.7669938665690906e-05,1.364505794256775,-0.002094477233802448,-0.0003508846916094859,0.04219319228542155,0.06903109225636703,0.15
4.0,2069338842,0.21582039969128333,0.1,0.06149470845652321,0.06804131255088613,0.0815299199469922,0.06445463896622025,0.0013873163012198715,0.002767084183045926,0.07094697077047034,0.32612014812863077,0.07481184878809563,0.08231146441963005,0.05267904266571401,2.7764451051977987,0.06285010593664032,0.13167398086824533,0.48067371884614163,0.07316383346030808,12.706204736432095,0.048902771727132734,0.14658844516265415,0.2898005420054272,0.12213383324817349,0.15038834456489164,0.5796921993877867,-0.0036847108122060306,0.13433311575578563,0.0020444160605650524,0.19388446592450692,-0.0011411690679177277,0.2861672411958622,-0.0024468453560330832,0.44016388314903004,0.0005790408307376311,0.6614289311079893,-0.00017249245266322488,1.364505794256775,0.0023817299771850473,-0.0013014962786151141,0.08040350534817352,0.13983470990952043,0.15
4.0,986224613,-0.07203556937879788,0.1,0.06693583750828022,0.06367151428508731,0.06683942160479989,0.03357647110693623,0.000927832565669545,0.00019954684632537842,0.03341927204000505,0.13433311575578563,0.06460642629181894,0.08231146441963005,0.014146503854831339,2.7764451051977987,0.010616531140368953,-0.09247933768855926,-0.0335269058508445,0.03052446436577094,12.706204736432095,0.012537712354533487,-0.09552882578907362,-0.048542312968522135,0.07110409945876246,-0.174228178165654,0.09933338340797238,-0.00592747457601271,0.13433311575578563,-0.003413108245125589,0.19388446592450692,-0.00021877755398967217,0.2861672411958622,0.00021077540797578885,0.44016388314903004,-0.0003362235826706007,0.6614289311079893,-9.71723165738185e-05,1.364505794256775,0.0010809754305864006,-0.0009881692985730893,0.0708008765394621,0.11400204343201137,0.15
4.0,1038093632,-0.26832803907687686,0.1,0.07381174307067265,0.0863771851843544,0.10924257850939152,0.14334506681335618,0.005059165588874235,0.015488642590851313,0.14352050268965386,0.19388446592450692,0.09849252016040694,0.08231146441963005,0.12463309132742656,2.7764451051977987,0.11263251986280814,-0.605254331695142,0.020181685223233048,0.12880030002613105,12.706204736432095,0.11283609826382075,-0.4493859124020866,-0.0872701657516671,0.0828835806944469,-0.4081886566768514,-0.08427507456259402,-0.005195708822516323,0.13433311575578563,0.001839043818346939,0.19388446592450692,0.0025457402578941747,0.2861672411958622,-4.818880352157216e-05,0.44016388314903004,-0.0011572411268326226,0.6614289311079893,-0.001017293516182787,1.364505794256775,0.0011082847307286173,-0.0010251078681009838,0.07134651835104962,0.11381158735344778,0.15
4.0,640312140,0.11858914382607393,0.1,0.06433173839246759,0.1207217438558008,0.12387498643745722,0.11219827485046839,0.0011610381072144262,0.011427414772206823,0.1116621563797283,0.13433311575578563,0.1210699994848012,0.08231146441963005,0.10705345385615131,2.7764451051977987,0.10843723264479373,-0.42856748334527434,0.17357256425039064,0.09495158365051527,12.706204736432095,0.09394060243782247,-0.03686974155580017,0.2740480292079479,0.24808745995435183,-0.5396775209892449,0.24112110632015368,-0.007332740770539165,0.13433311575578563,-0.0007814204208669484,0.19388446592450692,-0.0008748232629146658,0.2861672411958622,-0.00043787403711692346,0.44016388314903004,0.0006393189968914171,0.6614289311079893,-0.0009454376113615907,1.364505794256775,-0.0021237438792298014,-0.0003151962468405158,0.039530890738239996,0.06058167313354339,0.15
4.0,1209711487,0.16131176891894583,0.1,0.060113624616628225,0.054326791952543786,0.08043700202507595,0.07038946468719065,0.0034361645351891628,0.0015185122037600974,0.08663243664628494,0.32612014812863077,0.07097041968022492,0.08231146441963005,0.03902436376617536,2.7764451051977987,0.04990294058793284,0.04172108677185016,0.31882663703253555,0.095987174750912,12.706204736432095,0.03751029080686775,0.10562275057846013,0.21989801730382358,0.05106842719624633,0.0734032998842226,0.277348570215353,-0.006792567556496097,0.13433311575578563,-0.0009218911392332072,0.19388446592450692,-0.0006490197624405539,0.2861672411958622,0.0006905803022785226,0.44016388314903004,0.000167809044848575,0.6614289311079893,-0.0007830599865165011,1.364505794256775,-0.0019376165836501094,-0.00014862999423999548,0.02721661113334779,0.03224058706666384,0.15
4.0,1229738588,-0.27934838954602553,0.1,0.04287543850746774,0.023797718141639432,0.0162022051886651,1e-150,-0.0002827972631303202,0.00012022301487112129,1e-150,0.13433311575578563,0.019405225002217325,0.08231146441963005,0.010980459017364457,2.7764451051977987,0.04251943005783482,-0.45904960382770027,-0.22294387690794898,1e-150,12.706204736432095,0.00978096216651927,-0.29595803885149863,-0.2619556949838525,0.03517523009645341,-0.31298905671364496,-0.18531102492964266,-0.010062220696739054,0.13433311575578563,-0.0003234646730011572,0.19388446592450692,-0.0002948680340452401,0.2861672411958622,-0.000554110953266902,0.44016388314903004,-0.00016172539326660942,0.6614289311079893,0.0001900258279186332,1.364505794256775,-0.0021170883575949446,-0.0003261375065116241,0.0402307463299118,0.05910470619585148,0.15
4.0,1032030633,0.19364540775989508,0.1,0.06267181087456307,0.04735497045462172,0.06165035817683917,0.05039046910327555,0.001814785855240828,0.0007244135212073396,0.05061881376163693,0.19388446592450692,0.054251073468950736,0.08231146441963005,0.026953797541431342,2.7764451051977987,0.07615286350317876,-0.05613466664892908,0.36673382359146445,0.03835548165490434,12.706204736432095,0.02300693622126906,0.1439693521815093,0.2283248163251062,0.09439208757238712,0.02662772206704371,0.4467154183691723,-0.007703261440123854,0.13433311575578563,-0.0029019903702402817,0.19388446592450692,0.0009543265452071866,0.2861672411958622,0.0003022625404986728,0.44016388314903004,-0.0007418685323779562,0.6614289311079893,-2.1982313177653763e-05,1.364505794256775,0.002647548245891919,-0.0014048475568858591,0.0835628349089949,0.14029673469398898,0.15
4.0,86983935,-0.01263488556013883,0.1,0.0671134305030492,0.06837129921311354,0.08690333369385993,0.07738035428670449,0.0022081465452226997,0.003779572684313206,0.0790876043300965,0.13433311575578563,0.08646098322376508,0.08231146441963005,0.06156700662520552,2.7764451051977987,0.1080350020863494,-0.2573812146454821,0.3425252908198754,0.05076386516300558,12.706204736432095,0.054656018447720625,-0.11039710757073959,0.08512733645046187,0.06986004148494804,-0.14399071321603304,0.1310069949918946,-0.006677691617136684,0.13433311575578563,-0.004331789636393702,0.19388446592450692,-0.0013845027976880102,0.2861672411958622,0.0006597325911262259,0.44016388314903004,0.0003999534102467311,0.6614289311079893,-0.0008823187943193856,1.364505794256775,0.002738214379521304,-0.0015467709732643435,0.08757040252274714,0.105461476760905,0.15
4.0,1928352084,0.22652456358860035,0.1,0.061155511094498155,0.09320565365490766,0.13130478366936496,0.10995735390420713,0.007676385168565182,0.004414234509049874,0.11285665717563968,0.19388446592450692,0.11680528516085043,0.08231146441963005,0.06653564768043685,2.7764451051977987,0.112434581237328,-0.1894054313361388,0.4349314541265484,0.10054812640471834,12.706204736432095,0.05445995260564051,0.10444323910095696,0.3228247002296816,0.1179447861007947,-0.0922494579019873,0.36228019040740617,-0.004009789311960344,0.13433311575578563,-0.0009355625252069882,0.19388446592450692,-0.0008371734826595186,0.2861672411958622,-3.981968970654668e-06,0.44016388314903004,-0.0003876587246356502,0.6614289311079893,-0.000357558328431951,1.364505794256775,-0.00033047186361221596,-0.0006177184830176552,0.05568952212484842,0.07998599902840466,0.15
4.0,1148957391,0.20223226453696244,0.1,0.049028871051328166,0.026307604056688187,0.0205113830363096,0.015847304611572348,-0.00017844293846648292,0.00042958000191844516,0.0169710773643898,0.13433311575578563,0.023904427486638555,0.08231146441963005,0.020756241533997227,2.7764451051977987,0.1544520968056591,-0.10442404978839465,0.753231486538823,0.011496896884646599,12.706204736432095,0.018499104378342866,0.16862601742351777,0.2358385116504071,0.036655083846032395,0.15637505709835703,0.2598120939409492,-0.007033045301813562,0.13433311575578563,-0.0017025595844615848,0.19388446592450692,0.001730064823232696,0.2861672411958622,-0.001868743482017091,0.44016388314903004,-0.0003780439285847922,0.6614289311079893,3.834063515652443e-05,1.364505794256775,-0.002314072151633525,-0.00032602142936143276,0.0402195002623457,0.05242249480971761,0.15
4.0,1652465170,-0.0986889697833007,0.1,0.07293850602225722,0.07604165224520633,0.0688415397476063,0.08078008672815537,-0.0007959920142512457,0.00732141442605955,0.0818001220577176,0.13433311575578563,0.07626068477268644,0.08231146441963005,0.08568882414504411,2.7764451051977987,0.24027332100820648,-0.9014425051359312,0.43276886690977734,0.07158949474805151,12.706204736432095,0.07909821656684346,-0.2503980378295022,0.04442290698358628,0.10323899141898392,-0.20090615742436707,0.18589581514909354,-0.0053380154721064,0.13433311575578563,-0.0026471783027102553,0.19388446592450692,-0.0017293628511406286,0.2861672411958622,3.39228260465036e-05,0.44016388314903004,-0.00021585608402596628,0.6614289311079893,-0.00032966503369018544,1.364505794256775,0.00021546911998354627,-0.0009595776515342754,0.06895059957595123,0.11407732887105505,0.15
4.0,2069285587,-0.10942335666223131,0.1,0.06343218433321829,0.04592953697848806,0.05244449255179449,0.05953236702357913,0.00044770473123172897,0.0030963979921984023,0.05925858479516393,0.13433311575578563,0.052032549425678906,0.08231146441963005,0.055725641488846796,2.7764451051977987,0.04847957116787415,-0.13567374040008293,0.13352799574218213,0.05266132485319421,12.706204736432095,0.05482089093252263,-0.19040912354221717,-0.022937516851826503,0.08398508966208558,-0.15965500678196826,0.10679276854250928,-0.005928201222401968,0.13433311575578563,-0.0025047093422242146,0.19388446592450692,0.0032584675716042827,0.2861672411958622,0.000489399280772074,0.44016388314903004,-0.001514998604946118,0.6614289311079893,-0.0006090961562058495,1.364505794256775,-0.002680374592987081,-0.00012779532179765842,0.025290635414807444,0.03573311755051038,0.15
4.0,392098450,-0.1349394657289804,0.1,0.0717495030244555,0.1521565483705715,0.1789225344125769,0.22738765804290947,0.009381326973280577,0.04232382005695856,0.24866829003237834,0.32612014812863077,0.16095735465767752,0.08231146441963005,0.20602461803462688,2.7764451051977987,0.16393672264796666,-0.5035594356612075,0.4067631866550247,0.25095088040550206,12.706204736432095,0.1861187104503841,-0.4727159672090614,0.20283703575110057,0.1633179374320231,-0.34670960103709797,0.19679657992196722,-0.010701296331798001,0.13433311575578563,0.0027611292720211055,0.19388446592450692,-0.0022550629243978594,0.2861672411958622,-0.0002759613371437601,0.44016388314903004,0.0002967811823524733,0.6614289311079893,-0.0007596097151286112,1.364505794256775,-0.0030278735530456834,-0.000242922505556838,0.03488040104718653,0.046118988916213806,0.15
4.0,514323828,-0.12132518395009355,0.1,0.07046599053642098,0.049465886099808856,0.06611374990689751,0.07591575162195296,0.0020639425729767936,0.0036992587713492605,0.08042591660696562,0.32612014812863077,0.05593941377287933,0.08231146441963005,0.06090936110885109,2.7764451051977987,0.12644201370546967,-0.5101630086756661,0.1919556114121424,0.08295967318529923,12.706204736432095,0.0605351120867012,-0.2156686378615912,-0.026981730038595886,0.09697355049660797,-0.3100352299034038,0.10718404911967522,-0.008801157190794448,0.13433311575578563,0.0022676053540606617,0.19388446592450692,-0.0010757412003354484,0.2861672411958622,-4.6058430338752716e-05,0.44016388314903004,-0.0010227814958183679,0.6614289311079893,3.606030849415032e-05,1.364505794256775,-0.0009803227840983028,-0.0006813960602615645,0.05851525750256978,0.08002731225052993,0.15
4.0,1454922737,-0.04248774683586912,0.1,0.0680568311112446,0.060125161245785555,0.06062983855335418,0.02553652007946073,-0.000420482453100311,0.001072596310869012,0.03792048590827667,0.32612014812863077,0.06294355473985201,0.08231146441963005,0.0327978093812191,2.7764451051977987,0.0667146938205541,-0.190617981574232,0.17984138863146254,0.045026269211031276,12.706204736432095,0.031499974583913876,-0.09757763647571605,0.021080908569413775,0.05762826998868359,-0.19013738813416686,0.024217402335659444,-0.01037593925416108,0.13433311575578563,0.00030360069508020873,0.19388446592450692,0.0025602458870701453,0.2861672411958622,-0.0009302397692821116,0.44016388314903004,-0.0005847997600565102,0.6614289311079893,-0.00033057298777243877,1.364505794256775,-0.00040637087915538654,-0.0007683754063950673,0.06198217561068987,0.08036162587589483,0.15
4.0,380589198,-0.11054250313015435,0.1,0.06062450245870747,0.04268575141101633,0.0603323680904716,0.06351924063478416,0.0015612761383899864,0.0024734177924296283,0.07280783154528209,0.32612014812863077,0.053217922793104604,0.08231146441963005,0.04980528484775616,2.7764451051977987,0.2677128111748794,-1.0665684725832714,0.4200113757872014,0.07571293618142395,12.706204736432095,0.04351372541958506,-0.18946712851403136,-0.017155413166450667,0.06376880909357942,-0.2884744610279549,-0.028447796363307323,-0.006788863645641793,0.13433311575578563,-0.0004797201260615968,0.19388446592450692,0.0005931963331872577,0.2861672411958622,-0.0019754885158790197,0.44016388314903004,0.00034092394568866467,0.6614289311079893,-0.0005282731760788171,1.364505794256775,-0.0026503530904874767,-0.0002670303372129769,0.03657466374127903,0.04878972645285909,0.15
4.0,504265793,0.08483906715900627,0.1,0.05775835807244522,0.06935082890966843,0.07801357697437171,0.08617349341917752,0.0028445738003435262,0.004581297167721504,0.08593234619211415,0.19388446592450692,0.0717321275837712,0.08231146441963005,0.06778302081628416,2.7764451051977987,0.11753961282433854,-0.06946340818588814,0.5832211572000702,0.08213135823194805,12.706204736432095,0.06436235729106383,-0.021895869518076608,0.19157400383608914,0.10185242374365891,-0.01567325871579928,0.30954359612712895,0.0010637170398226016,0.13433311575578563,-0.00504130062759585,0.19388446592450692,-0.000992418646071721,0.2861672411958622,-0.002213485326005775,0.44016388314903004,0.0011664446977401187,0.6614289311079893,-0.0011310830621026155,1.364505794256775,0.00010029117578966022,-0.0009038206788079776,0.06717781357614677,0.10002886460273253,0.15
4.0,197707379,-0.13223924712688884,0.1,0.05030626737215419,0.0366509025820045,0.04428387811247615,0.04625533017875986,0.000625691465854554,0.0015138641040915385,0.046807725433212655,0.19388446592450692,0.0418717211250991,0.08231146441963005,0.038964592053198105,2.7764451051977987,0.08745929578652059,-0.3840843228391757,0.1015675445418874,0.041603966968806604,12.706204736432095,0.03722767218189269,-0.18315438402227924,-0.08145940822011569,0.054434365102404576,-0.3005327725870168,-0.06551090060590202,-0.002917056557127679,0.13433311575578563,-0.0032639341153209564,0.19388446592450692,0.00104960392480658,0.2861672411958622,-0.0010646269300325188,0.44016388314903004,-0.0016326139898671767,0.6614289311079893,0.0009371638445740789,1.364505794256775,-0.0015343642201024216,-0.00040209988358576337,0.04485650176891563,0.06040633987939149,0.15
4.0,1860297763,0.17626630517178082,0.1,0.06807049088454568,0.06182082289181422,0.07035627011819086,0.06431297634828993,0.0008879862392932856,0.003248172687482414,0.07301974326985625,0.32612014812863077,0.06533852054433918,0.08231146441963005,0.05707504244252631,2.7764451051977987,0.15351821682424047,-0.2749884000566491,0.5774814032640645,0.075612602173458,12.706204736432095,0.0529566677209831,0.07952338361515754,0.2830828240988831,0.12642542698705903,-0.18137924261901175,0.2344898385998692,-0.010122663177311777,0.13433311575578563,0.000708416747036636,0.19388446592450692,0.0008033401481856935,0.2861672411958622,0.0002921931477784784,0.44016388314903004,-0.0008019906243014038,0.6614289311079893,-0.0001887717657347705,1.364505794256775,-0.0025622675233432997,-0.00015346578581538592,0.02782296321780874,0.04165277805446615,0.15
4.0,1683656202,-0.03484054110001473,0.1,0.048643044747632286,0.037079905058988456,0.040189965029554076,0.03413554993420649,0.000860304555591358,0.0003049312137193468,0.0396628990227227,0.2431366342882323,0.03682353535413057,0.08231146441963005,0.01748749604160758,2.7764451051977987,0.042284224312374975,-0.156247002523231,0.07855265271512751,0.03198459705899784,12.706204736432095,0.015467875487375044,-0.06440608315315463,-0.008668047759656919,0.07647906373922903,-0.0877898859356407,0.15755957794179026,-0.005413374095962226,0.13433311575578563,-0.0032543573557987774,0.19388446592450692,-0.0024229227881019983,0.2861672411958622,-0.0003777234266416264,0.44016388314903004,-0.0005605861818863692,0.6614289311079893,0.0005940107600281593,1.364505794256775,0.002802466989983227,-0.001623462537379795,0.08990851250107049,0.15330737805060207,0.15
4.0,1181993349,-0.35950531647920264,0.1,0.07172774960548343,0.060605162913185684,0.07615201275163604,0.08621798629794988,0.0018195480915344192,0.005613993069739054,0.08804083441312459,0.19388446592450692,0.07016583564454301,0.08231146441963005,0.07503478182306797,2.7764451051977987,0.13152971945847106,-0.7799636663117568,-0.04959357475473358,0.08752036747220712,12.706204736432095,0.06240278794828075,-0.4813820529684645,-0.24784305409330182,0.07786514389588407,-0.48403106975714105,-0.1950112243535733,-0.009698812218105193,0.13433311575578563,-0.0051400915996330995,0.19388446592450692,0.0013643140835221418,0.2861672411958622,-0.00021852758682596314,0.44016388314903004,-0.0012478436485319803,0.6614289311079893,0.0006450041859639335,1.364505794256775,-0.0034999350774473537,-0.00015180646459811377,0.02756298573180713,0.03145116059669942,0.15
4.0,1010300324,0.05370910932104657,0.1,0.045068933332620305,0.028852112852461906,0.02522673270175179,0.04248950142748572,-0.00012751637881106177,0.001932874110367373,0.04245515602101142,0.13433311575578563,0.024809243212997278,0.08231146441963005,0.04402795080090391,2.7764451051977987,0.0973303446063372,-0.1595031747612567,0.38096154297770307,0.037794475556898924,12.706204736432095,0.0344359101572802,-0.007394053199405962,0.1254694279982784,0.049640352646837846,-0.11341868523404508,0.10675931679887384,-0.006510422096872351,0.13433311575578563,-0.002571458092502077,0.19388446592450692,-0.0031084654368834608,0.2861672411958622,0.0009803645760107808,0.44016388314903004,0.0006582999092177308,0.6614289311079893,-0.0012007090008733427,1.364505794256775,0.0018102091553987279,-0.0013503025680679716,0.08260565591193603,0.14227477064622485,0.15
4.0,1217232480,0.06470957774363682,0.1,0.050750487720160636,0.06846291132057036,0.10316809340296546,0.09570604575483989,0.005649719436990339,0.003509927757037168,0.0955848806658579,0.13433311575578563,0.09383985016905945,0.08231146441963005,0.059330195153167994,2.7764451051977987,0.0786349413867404,-0.19549283785692106,0.24115835836454136,0.06836681124781276,12.706204736432095,0.05213898921386259,-0.02090855838397604,0.1584229115150787,0.10419715778634867,-0.02220668056604389,0.34953821437615923,-0.005724291323745143,0.13433311575578563,0.0020649863337230206,0.19388446592450692,0.0008676401482285636,0.2861672411958622,-0.0006959003341027161,0.44016388314903004,-0.00017026206159197627,0.6614289311079893,-0.0012030760094162557,1.364505794256775,0.003666787624570745,-0.0017399392506644734,0.09280350865186876,0.13054983923379435,0.15
4.0,1957547614,0.20003253126651385,0.1,0.0850958393839204,0.07880401640027912,0.12669390154227986,0.11333717455629522,0.009561280492447154,0.0032840346439569775,0.12550913822997906,0.2431366342882323,0.10608403068576157,0.08231146441963005,0.057389250505332355,2.7764451051977987,0.0642292652884096,0.014166567167866712,0.37082462560877816,0.08965226660731555,12.706204736432095,0.047388503652378865,0.08941539413247224,0.27849109752168516,0.0919854507320119,0.027722576531936383,0.3953838942076608,-0.009455913279900741,0.13433311575578563,-0.00044786435407271095,0.19388446592450692,0.0006378204535708112,0.2861672411958622,-0.0014362156259309967,0.44016388314903004,3.255856598490833e-05,0.6614289311079893,-0.0005694886604072657,1.364505794256775,-0.0033468053651863065,-0.0002790744189090137,0.03726226859249159,0.052099553284968916,0.15
4.0,1615498279,-0.02907532819980649,0.1,0.054580666563226715,0.034276671073587256,0.03816220843608979,0.03428846513470265,0.0004090166278215945,0.0007666822134721243,0.03432318694770597,0.19388446592450692,0.034716861175156814,0.08231146441963005,0.02772901112589,2.7764451051977987,0.037278421445055734,-0.08113605827754329,0.12586692322370802,0.028525141997333366,12.706204736432095,0.024844077200493028,-0.07147335982687311,0.013322703427260127,0.03706620174010738,-0.08374133649614171,0.06338770036453957,-0.008279505567338207,0.13433311575578563,0.0011986989787731758,0.19388446592450692,-0.000950759054962966,0.2861672411958622,0.00044980553038829525,0.44016388314903004,-0.0007323987363561353,0.6614289311079893,0.0001103936665285812,1.364505794256775,-0.0008758568508350473,-0.00046481369213462415,0.04833384362079618,0.06814842365639298,0.15
4.0,284535886,0.02405908396076554,0.1,0.06813317347792289,0.059188302512818966,0.05161877659007445,0.05590550930892831,-0.00032551361372765847,0.003450939584818329,0.05759839109448086,0.19388446592450692,0.054226498137021,0.08231146441963005,0.05882952828849882,2.7764451051977987,0.08948118428785397,-0.12245496448601725,0.37442422776061135,0.04620128139398764,12.706204736432095,0.048643973910263406,-0.057014662883628095,0.10963120946745686,0.06568726145919994,-0.0519658146618738,0.18327911650924508,-0.008859078845250858,0.13433311575578563,0.0006419158079935008,0.19388446592450692,-0.003807095772541771,0.2861672411958622,0.0010183767003941195,0.44016388314903004,0.00029924746737438734,0.6614289311079893,-0.00046915409931582575,1.364505794256775,0.0011405689189551795,-0.0010922799199430267,0.0734941893237277,0.10727548486007099,0.15
4.0,214141572,0.19363098143567847,0.1,0.06487917059503698,0.1299001621565558,0.14911700625909818,0.16777345721198803,0.006124288393184071,0.022023644551678708,0.19606465161727826,0.32612014812863077,0.13117647543279493,0.08231146441963005,0.1486179555220775,2.7764451051977987,0.11189791710950082,-0.18776575445083854,0.4335910940301666,0.20019333622299532,12.706204736432095,0.13657873056657494,-0.03228868287427001,0.42694636346227377,0.14369792298410222,-0.09643848556418819,0.36321395601699386,-0.006552025183186343,0.13433311575578563,0.0027536788456102496,0.19388446592450692,0.00022870399060931462,0.2861672411958622,0.00031928375566789253,0.44016388314903004,-0.001442837911828916,0.6614289311079893,-0.0006544161602683572,1.364505794256775,-0.0021075788715909185,-0.00036614077564381295,0.043052390480325615,0.07441353144592357,0.15
4.0,2028712802,0.0744478125761666,0.1,0.060620203011376314,0.130637002518008,0.1542753748624585,0.14015994276864638,0.007512925873314015,0.012131883683596209,0.1423316444507439,0.13433311575578563,0.1630543115526298,0.08231146441963005,0.11030388447936303,2.7764451051977987,0.12748955051744298,-0.4248367900108657,0.28309868698517837,0.07357145160677148,12.706204736432095,0.09681111428085866,-0.08972584904585919,0.23444026125820727,0.14160070239173536,-0.2499005393864294,0.25825863071914473,-0.0049831923706931186,0.13433311575578563,-0.0030466496182710895,0.19388446592450692,0.0012690782270756249,0.2861672411958622,-0.0005558397271829867,0.44016388314903004,-0.00042567236473929425,0.6614289311079893,-0.0005980433307661866,1.364505794256775,0.00146943847110233,-0.0012254262591674804,0.07871681665964575,0.12788260104387808,0.15
4.0,283352705,-0.03385516019515649,0.1,0.0528999278557984,0.02630688141996855,0.025011200363605622,0.0018627648116279804,-0.00011069588331593478,0.00011416577605937421,0.006234455838798909,0.13433311575578563,0.027237048864825548,0.08231146441963005,0.010700267984948747,2.7764451051977987,0.007707538355115407,-0.05193392292800323,-0.009134808649634306,1e-150,12.706204736432095,0.00954460369349358,-0.05128953782724885,-0.017622619474705666,0.039789576279012216,-0.125519451355891,0.019749443129437133,-0.00573977810464714,0.13433311575578563,-0.0008699062396756959,0.19388446592450692,0.0005590049541182601,0.2861672411958622,-0.0016935861644796404,0.44016388314903004,9.448803289548047e-05,0.6614289311079893,-5.979273306890488e-05,1.364505794256775,-0.001767150770585058,-0.00031795300450724646,0.040056962748903135,0.05730559904513431,0.15
4.0,1353286536,0.049119827776150406,0.1,0.05976945404481755,0.04355703868831654,0.04825642194205407,0.02959673103517079,0.0006115495100598523,0.00026441697790838964,0.03375140696653545,0.32612014812863077,0.04444549682001142,0.08231146441963005,0.016284384815742965,2.7764451051977987,0.020793918341411848,0.006652211705118059,0.12211855729890936,0.03677212885686625,12.706204736432095,0.012857218478192706,0.03105181444132683,0.07282240858869121,0.06586989214889012,-0.14048874939193795,0.10065705983494078,-0.004675602440148323,0.13433311575578563,-0.001051474758047665,0.19388446592450692,-0.0003740859971795428,0.2861672411958622,3.9727534349437806e-05,0.44016388314903004,-0.00016498587761694676,0.6614289311079893,-0.0007299241523457501,1.364505794256775,-0.000710868924593637,-0.0005507705202032181,0.05249518932350435,0.058115648990391275,0.15
4.0,1775798549,0.017326606044349786,0.1,0.07248052888318901,0.10386151739712594,0.13478723057080313,0.1320476918831822,0.008671948596224796,0.008764644335451027,0.13740533433353277,0.19388446592450692,0.1157412091734285,0.08231146441963005,0.09375487015329388,2.7764451051977987,0.11077775599203976,-0.21756884315642355,0.39756787362136625,0.12964778474319205,12.706204736432095,0.08054191671487572,-0.11290197069110065,0.14518535995687978,0.11419470065994902,-0.15946698555130623,0.28614678504682434,-0.006055193393602662,0.13433311575578563,-0.0003786891794822697,0.19388446592450692,-0.0007932218544955795,0.2861672411958622,-0.0005937036016309326,0.44016388314903004,-0.00014732389798290685,0.6614289311079893,-0.00039729678365865094,1.364505794256775,-0.0013880703265577224,-0.0005002860762971182,0.050018797723402834,0.05650094327777676,0.15
4.0,544418074,0.16376176664300307,0.1,0.0575834512738749,0.04672876702703848,0.059421588659867006,0.05817692550435099,0.0009502944887892825,0.0024342601723495224,0.06792397871717296,0.32612014812863077,0.05358115523521313,0.08231146441963005,0.04940946879266821,2.7764451051977987,0.09511051648682169,-0.06685708030143456,0.4612811756039067,0.062360678444798624,12.706204736432095,0.04195142573438032,0.08852861650034878,0.2431377080106505,0.06101317276825977,0.09875161489041756,0.30051059921084494,-0.005292227916206737,0.13433311575578563,0.0003882698995226524,0.19388446592450692,-0.0015642840734736317,0.2861672411958622,0.0013448723124974383,0.44016388314903004,0.0003939068173294596,0.6614289311079893,-0.0022412377119763625,1.364505794256775,-0.0020884393847761776,-0.00037136975916238544,0.04288410177082015,0.07129949962643276,0.15
4.0,242165681,0.3851774445781224,0.1,0.06721583303606514,0.08566865106591912,0.10978573250242735,0.08615422885622476,0.005256491037915217,0.0021660601118955337,0.09862150526090786,0.2431366342882323,0.09894398622986217,0.08231146441963005,0.04660815809744331,2.7764451051977987,0.12204601492860649,-0.08853800640852427,0.5891701151063297,0.07263500151744119,12.706204736432095,0.04321043675615169,0.3045029710339591,0.4711762579304991,0.10922971864818336,0.13474710096596595,0.5456754959987409,-0.007569971154532596,0.13433311575578563,-0.0018711740177412854,0.19388446592450692,0.00016910869345496615,0.2861672411958622,-0.0022656940826660302,0.44016388314903004,0.00016937951356859644,0.6614289311079893,0.000437034590974229,1.364505794256775,-0.0021377744699587315,-0.0003520243858702202,0.04171868311738217,0.06755492646584366,0.15
4.0,791709451,-0.03199697686014893,0.1,0.061162529591616804,0.04350601708175664,0.04634379772234994,0.04736814958946138,0.00035561742357411363,0.0018881241719554767,0.048114986192332454,0.13433311575578563,0.04462324692627167,0.08231146441963005,0.04351529820916784,2.7764451051977987,0.06994585463675444,-0.17986267960555338,0.20853897186463385,0.03624875640982765,12.706204736432095,0.03669179011734413,-0.10633316048650138,0.04617238732526365,0.0725342765755403,-0.1724017226326703,0.13171333444252561,-0.010611439456485903,0.13433311575578563,-0.00324415722120874,0.19388446592450692,0.002021269161269978,0.2861672411958622,-0.0008636350355242505,0.44016388314903004,0.00020081854881770896,0.6614289311079893,-0.00019122724980690197,1.364505794256775,-0.0008578730534127216,-0.0006288329827721619,0.055938111699559444,0.07023416052499798,0.15
4.0,31506005,-0.1611429037922497,0.1,0.04328286438987101,0.06463861586845908,0.04960738754694186,0.0654877345602806,-0.0017479998835137345,0.006036643261351505,0.06635484774738205,0.13433311575578563,0.05711251509140776,0.08231146441963005,0.07780803433575198,2.7764451051977987,0.256625186365288,-1.1120442566871813,0.3129672284215722,0.055942240100387855,12.706204736432095,0.07051022541513298,-0.28549421531585695,-0.04412062667466632,0.09933181510117851,-0.39489661021765277,-0.073030505075643,-0.007932241370795002,0.13433311575578563,-0.0017570399738742679,0.19388446592450692,0.0003902915527791199,0.2861672411958622,-0.00024187772387553586,0.44016388314903004,-0.000297955894738427,0.6614289311079893,1.623265363882732e-05,1.364505794256775,-0.0016817186918437644,-0.00030318981723729643,0.03910535133863456,0.0653309373605891,0.15
4.0,1360328796,-0.5118037145553724,0.1,0.0568949774562641,0.04904568724120461,0.05942217798336105,0.05724275945074331,0.0020646779360018806,0.001212055573533782,0.06022881940481803,0.32612014812863077,0.060060611691399875,0.08231146441963005,0.03486486231615352,2.7764451051977987,0.07885498246582869,-0.6379393817425112,-0.20006632156709458,0.05511170212325221,12.706204736432095,0.030540298945794932,-0.5707383827716807,-0.4528690463390642,0.05444861623920454,-0.57450013763491,-0.3961775182478912,-0.005591493824332768,0.13433311575578563,-0.003009213991251559,0.19388446592450692,1.2531826255298985e-05,0.2861672411958622,0.0005530556302708882,0.44016388314903004,-0.00019288444168907186,0.6614289311079893,-0.0006009262952779998,1.364505794256775,0.0009941793499543552,-0.0009385632265498651,0.06856520968806713,0.08022520189924204,0.15
4.0,16218646,0.1539278910975166,0.1,0.07274930602660848,0.09258111813156558,0.11214729184556688,0.13898524833553572,0.004051020384253215,0.015265878870637318,0.14151136881540674,0.2431366342882323,0.10602676946346458,0.08231146441963005,0.12373358439742903,2.7764451051977987,0.1896651612177844,-0.420586303066099,0.6326035139132387,0.1265764488927036,12.706204736432095,0.10143708073991248,-0.015901238376976115,0.32622879227000345,0.10234456083293078,-0.05551721244303148,0.3247002480016934,-0.007531525235155583,0.13433311575578563,-0.0022875876225388666,0.19388446592450692,-7.2915217976391505e-06,0.2861672411958622,-0.0002679356461132654,0.44016388314903004,-0.0008552795719297077,0.6614289311079893,0.00036381403306423533,1.364505794256775,-0.002637759533698275,-0.00022034506372978902,0.033223901791070626,0.048399360900244257,0.15
4.0,1593575388,-0.25312680711245844,0.1,0.06330119880523495,0.03593160366752913,0.03493339449699017,0.026728746981332954,-2.6168464791207716e-05,0.0007405943799833233,0.02717531936884541,0.13433311575578563,0.03629472307001226,0.08231146441963005,0.027253161764614495,2.7764451051977987,0.04897222637929725,-0.3180934045546362,-0.04615600811175943,0.016390890784866392,12.706204736432095,0.02357453549719513,-0.29137425929080707,-0.21955277256065192,0.045244502708911435,-0.31413571895243747,-0.13458052357897773,-0.008563771050395104,0.13433311575578563,0.0013945398733813325,0.19388446592450692,0.0001929969719334476,0.2861672411958622,0.001104046220220865,0.44016388314903004,-0.0024878921538517467,0.6614289311079893,0.000372134555253947,1.364505794256775,-0.0022253154513587566,-0.0003905309999247044,0.04449215213265322,0.07222888748010955,0.15
4.0,70106630,0.4024335345830408,0.1,0.052708972810726056,0.025570283366334223,0.028944104506023336,0.02383519876584492,0.00014896285654844208,0.00041915384365889325,0.024020007637599733,0.13433311575578563,0.026333396181290707,0.08231146441963005,0.02050281129388614,2.7764451051977987,0.10046172746778242,0.01079936146403121,0.5686523044393108,0.02344926187837589,12.706204736432095,0.018439729399438238,0.3662004287565908,0.4386666404094908,0.09212291064733008,0.10684689040142818,0.4444558529489637,0.0006640535177502458,0.13433311575578563,-0.0033989173446600314,0.19388446592450692,-0.0037564022873794287,0.2861672411958622,-0.0014043626376819519,0.44016388314903004,0.0006164605703355583,0.6614289311079893,-0.0008841135148370474,1.364505794256775,-0.0004298156055061415,-0.001021085775466601,0.0715325725890102,0.082764831688882,0.15
4.0,737151210,0.09734861525172717,0.1,0.06756062844279,0.06857750744738653,0.10326400635644188,0.10126339196598795,0.005640667426925698,0.004613607125531616,0.10389030774516828,0.19388446592450692,0.08483771199440825,0.08231146441963005,0.06802162340147344,2.7764451051977987,0.14078087191118882,-0.20017546274172063,0.5815652627048764,0.09043624131091445,12.706204736432095,0.06559490864620904,-0.018378015489132052,0.21898100191738779,0.06788402422778445,-0.0017363899706707249,0.23172453589949274,-0.007105409974136399,0.13433311575578563,-0.0006651272469816807,0.19388446592450692,-0.0006546094466945987,0.2861672411958622,-0.0004972276806857586,0.44016388314903004,-0.00043798878439046295,0.6614289311079893,-0.00022977793864176115,1.364505794256775,-0.003104692005806388,-0.00018241512920244343,0.030077286195421497,0.05115997430850031,0.15
4.0,244176604,-0.027510622063801615,0.1,0.08078934730384063,0.08623157531967601,0.11816104721353042,0.09717079701712056,0.007186144829823491,0.0022560189631189538,0.09962614101917017,0.19388446592450692,0.100587626314016,0.08231146441963005,0.04756615655210676,2.7764451051977987,0.05090020323560607,-0.17207707583325255,0.11056616442089068,0.08091700609561495,12.706204736432095,0.04336874155286073,-0.10785074328137531,0.03719213347777067,0.09041507702726782,-0.20039551801616798,0.14214433944571853,-0.0084586136065987,0.13433311575578563,0.00022692955090622687,0.19388446592450692,-0.0014238581532786696,0.2861672411958622,-0.00016562037150363298,0.44016388314903004,0.0005308834194585732,0.6614289311079893,-0.0009247589831927168,1.364505794256775,-0.0010854508260350118,-0.0006125390183474378,0.05522211843250736,0.09153008838051266,0.15
4.0,1242695024,0.1400919008288141,0.1,0.06105469682866726,0.03175927223998565,0.042388159355219446,0.039159022867571475,0.0007076047066178434,0.0008258243653251421,0.04238342574089913,0.32612014812863077,0.03938345873667281,0.08231146441963005,0.028778657733596082,2.7764451051977987,0.06321947276992192,-0.0579666172778171,0.29308417417265337,0.04266572835489081,12.706204736432095,0.025718029768070316,0.09271320864575622,0.18576772954436166,0.07536406684214636,-0.09635076102417525,0.21150721355882224,-0.00654688877919107,0.13433311575578563,-0.0011209003890766435,0.19388446592450692,4.2484866034680914e-05,0.2861672411958622,-0.0008352576871469491,0.44016388314903004,-0.000575480271616281,0.6614289311079893,0.0006042232224712479,1.364505794256775,-0.0018896637120167468,-0.00020385572292122935,0.031986438683123786,0.043778565512186306,0.15
4.0,1525448342,0.21576745325123076,0.1,0.06082608240258064,0.04969229687898711,0.06784845461138335,0.05866600973440475,0.002165754693128464,0.0012759460050288092,0.06125977377917191,0.19388446592450692,0.06351103405043113,0.08231146441963005,0.03577196821878347,2.7764451051977987,0.11262598757467467,-0.2084306834327028,0.41696906040684434,0.05526953415856221,12.706204736432095,0.029302223561942464,0.16489847207426742,0.27931820909399246,0.07408351742463827,0.013559039858337434,0.3247271310932558,0.0001220842939891586,0.13433311575578563,-0.0003546760909259964,0.19388446592450692,0.0021055121645033805,0.2861672411958622,-4.090662022663975e-06,0.44016388314903004,-0.0010631086131506152,0.6614289311079893,-0.0016613092519413833,1.364505794256775,-0.0009452002194073236,-0.0005330920066061322,0.051564506695914655,0.05797511036529612,0.15
4.0,675574152,-0.053482152231692066,0.1,0.05794921961022814,0.05838485625707792,0.07336240252130552,0.08972198026220242,0.0014674853526865468,0.006582548389484494,0.09639023770510137,0.32612014812863077,0.06883946423574978,0.08231146441963005,0.08125006520497373,2.7764451051977987,0.1560397510483594,-0.5971924302213379,0.26927917580766314,0.10139911222484717,12.706204736432095,0.0698968759664642,-0.1706961564717098,0.06412949653228178,0.08375742076094546,-0.2786508662357029,0.056366661352211064,-0.004163046829882764,0.13433311575578563,-0.0022585957350150024,0.19388446592450692,0.0015673688547455664,0.2861672411958622,0.0003911308308411137,0.44016388314903004,-0.0005595946730202813,0.6614289311079893,-0.0008681294220427452,1.364505794256775,0.0025032402663238925,-0.001256265590086696,0.07921089914371672,0.08844680127973176,0.15
4.0,160949112,0.21853035272441235,0.1,0.05777135021135052,0.045043628517143844,0.0526721605619288,0.05651341293990438,0.0007420087252424227,0.002451757116873729,0.05870647614884442,0.19388446592450692,0.04707606371381137,0.08231146441963005,0.04958672322408174,2.7764451051977987,0.08068864715068018,-0.033664868490226346,0.4143903303628502,0.05654139682845883,12.706204736432095,0.0451529168701478,0.14290820341247454,0.3135948574722409,0.05825429058636886,0.10628362229166123,0.332999635863103,-0.006739972198673633,0.13433311575578563,-0.0030888558098891086,0.19388446592450692,0.0024736381257626943,0.2861672411958622,-0.0011799253084976054,0.44016388314903004,-0.00027200499119192656,0.6614289311079893,7.309381221673713e-05,1.364505794256775,-0.0015421331017856062,-0.00029489330004776345,0.0382171321085564,0.0680953035056652,0.15
4.0,398337732,0.08446075521239454,0.1,0.051033159435287634,0.07082955291936516,0.08953504017316773,0.08581568727294642,0.002631914983802504,0.004732417198325634,0.0853067093513926,0.13433311575578563,0.08538825483028,0.08231146441963005,0.0688919059445968,2.7764451051977987,0.06315846193129948,-0.12626104593405624,0.2244509590278997,0.06195851930781567,12.706204736432095,0.066091470674654,-0.02706260060597973,0.19153625105934263,0.07671203086059177,-0.06292681039621602,0.21367847377714091,-0.007548743387529571,0.13433311575578563,0.006001657457542184,0.19388446592450692,-0.0044895352493617945,0.2861672411958622,-0.00030240133502324075,0.44016388314903004,0.001022123463713607,0.6614289311079893,-0.0016653190468149668,1.364505794256775,-0.0003523929530054353,-0.0008764666373507247,0.0663656233225016,0.10016135214002891,0.15
4.0,1243865193,0.25631350701426553,0.1,0.05173817043929477,0.03776142807154839,0.029650690346935113,0.034685033800609076,-0.000460753755491363,0.001663805325240757,0.03624435535188685,0.13433311575578563,0.0365138856244132,0.08231146441963005,0.04084867208553859,2.7764451051977987,0.07762512802551348,-0.013523020242241196,0.4175207932513375,0.02708843198648174,12.706204736432095,0.035800070905395706,0.18979606436371158,0.3165336864788256,0.08161973572162452,0.08853356444782617,0.29224252849929866,-0.006963347482614651,0.13433311575578563,0.0017357452342076198,0.19388446592450692,0.002193325036939331,0.2861672411958622,-0.0007054554045734477,0.44016388314903004,-0.0014000086753331543,0.6614289311079893,-0.0007455211554142527,1.364505794256775,-0.0004429075542947185,-0.0009240943947505718,0.06787497431778412,0.1054359183323299,0.15
4.0,1052929186,-0.07046147813982423,0.1,0.0643891504624526,0.0425374072201594,0.04341456582693724,0.0592043638760305,1.284240966260581e-05,0.0034923142923028194,0.06411119832402004,0.32612014812863077,0.04358459110831484,0.08231146441963005,0.059181142995140004,2.7764451051977987,0.14581936474556412,-0.5080806572154534,0.3016382657662945,0.06701521446678209,12.706204736432095,0.05860925070925048,-0.16927144974249891,0.028348493462850455,0.04811934903288468,-0.18962798999734898,0.030156450496149564,-0.0075115746900958034,0.13433311575578563,-0.0006550908723650142,0.19388446592450692,0.0002139331300003647,0.2861672411958622,0.0005896062964185004,0.44016388314903004,5.474594420261465e-05,0.6614289311079893,-0.0009765432822129277,1.364505794256775,-0.00010408508260526077,-0.0006442101128297274,0.057009395488680205,0.09219127268411573,0.15
4.0,1842319073,-0.0034207271754358006,0.1,0.07007795806658679,0.10065820653798213,0.10319509233227228,0.10482522815208584,0.000870443144713854,0.010117885312422994,0.10810679498345437,0.13433311575578563,0.11069403704576444,0.08231146441963005,0.1007329526794608,2.7764451051977987,0.06554968720384158,-0.15060410634906973,0.21338611001963576,0.0914567357296826,12.706204736432095,0.09439938563210015,-0.1479990644877439,0.141529905079541,0.09825729172712579,-0.17793474930592207,0.18064613514015374,-0.008428319496802228,0.13433311575578563,-0.0012292691705314376,0.19388446592450692,-0.0007751176125413657,0.2861672411958622,0.0004935225392608864,0.44016388314903004,-0.0007523825195404004,0.6614289311079893,-2.8248457177315084e-06,1.364505794256775,-0.002277466883420621,-0.00029462756188531345,0.03837453722567538,0.0564877250396544,0.15
4.0,2133373803,-0.01853987157472278,0.1,0.06422956296706096,0.04923431074847489,0.056791360116519606,0.03258761309369599,0.0007694971255759642,0.00029245540156846224,0.037857369745985324,0.32612014812863077,0.05299285113116036,0.08231146441963005,0.01712602255031228,2.7764451051977987,0.0786601185457693,-0.2769590987549481,0.15983190346641146,0.03030629171776723,12.706204736432095,0.016672388008877548,-0.04356729881527753,0.006487555665831972,0.08851857069949966,-0.12663357871889205,0.22810480386424212,-0.005675902829590951,0.13433311575578563,-0.003010726632439836,0.19388446592450692,-0.0002964098992620708,0.2861672411958622,-5.1529047408539694e-05,0.44016388314903004,-0.00039051574578661294,0.6614289311079893,0.00012859570259042612,1.364505794256775,0.0002071112163707851,-0.0007430275757709712,0.0609224623696909,0.0756870343934028,0.15
4.0,1931263254,-0.09978121069289986,0.1,0.06580990503067206,0.03482281335818882,0.0440851121186276,0.04781645320622614,0.0008965971734855283,0.0013898160237376862,0.055311050886774474,0.32612014812863077,0.04029648608889662,0.08231146441963005,0.03733407067351278,2.7764451051977987,0.12076575053890747,-0.5024915546282953,0.1681073992902809,0.0570563779812131,12.706204736432095,0.03231485498180657,-0.17213677805031402,-0.04632948782613341,0.07366451250071411,-0.24574233503962858,0.0790255159791119,-0.0025210236837656893,0.13433311575578563,3.5540240389874986e-05,0.19388446592450692,0.00209681495446499,0.2861672411958622,-0.0005519626113617149,0.44016388314903004,-0.0015901373923261557,0.6614289311079893,-0.0006553541149336789,1.364505794256775,0.0005830269912406311,-0.001015948316567782,0.07105838246607776,0.10862333225513561,0.15
4.0,492842505,-0.08466463901625279,0.1,0.06899831367292746,0.07495662245589511,0.10240359130439643,0.09611893242000803,0.005163403014236175,0.004075446155325896,0.1300745665267402,0.32612014812863077,0.08591781596189173,0.08231146441963005,0.06393140778552867,2.7764451051977987,0.10217308086229288,-0.34969966364577343,0.21765623684041044,0.14017418279179983,12.706204736432095,0.05699740630521237,-0.19269725832428536,0.016422350024701493,0.11235151733652228,-0.23249105086868213,0.20472854872520505,-0.008790363212541629,0.13433311575578563,0.0012972165964615153,0.19388446592450692,0.0005332505043382289,0.2861672411958622,-0.001400084738516865,0.44016388314903004,-0.0003836884511884111,0.6614289311079893,0.00020605743385300647,1.364505794256775,-0.0024276674564733145,-0.00021541455257097168,0.03283613827171541,0.04292897341182736,0.15
4.0,1236377798,-0.04553364436031603,0.1,0.05788212398360047,0.04023769309858264,0.05296202164971095,0.033433940680065874,0.0009813215831018926,0.00013650680629627134,0.03521176746026776,0.2431366342882323,0.046475013999204055,0.08231146441963005,0.011700484376219992,2.7764451051977987,0.01502411918920227,-0.08297504457783172,0.00045223978770620593,0.029986159698313655,12.706204736432095,0.009403400902949501,-0.06614121850877393,-0.02841095615112948,0.04724137600607776,-0.09147666682550486,0.09107474968458835,-0.00782791284867981,0.13433311575578563,0.0004118450523024282,0.19388446592450692,-0.0006860624873090338,0.2861672411958622,0.0008217102175079613,0.44016388314903004,-4.0982242284526956e-05,0.6614289311079893,-0.000810210090759386,1.364505794256775,-0.0010692663432185516,-0.0004136267836722376,0.045796586649453984,0.06951268698294508,0.15
4.0,1686431892,0.22628614640846836,0.1,0.07594167819185045,0.22293424660884917,0.23580187780167206,0.19755332345636012,0.009336165199165941,0.0296911504094873,0.224609555885883,0.32612014812863077,0.2181271513680213,0.08231146441963005,0.17256002718742577,2.7764451051977987,0.22955640268061261,-0.11641299569694474,1.1582885054818588,0.23716241796580798,12.706204736432095,0.16083077947960714,-0.04101871074216143,0.478594361415949,0.2233809347636524,-0.03828626434733665,0.761606389040369,-0.007643410077893084,0.13433311575578563,0.0003396237512412813,0.19388446592450692,-0.00208052227815674,0.2861672411958622,0.0002074082698564424,0.44016388314903004,-0.001233720913199342,0.6614289311079893,0.00046331358144553926,1.364505794256775,0.004346638161736068,-0.0020754710980112855,0.10172723248591942,0.14014209964187688,0.15
4.0,576876176,0.10635915232947445,0.1,0.05876076939789758,0.06028394315466823,0.07440383624416354,0.07199715902231096,0.001863177556346341,0.0033204133509375905,0.08105286586599499,0.32612014812863077,0.06679697883774564,0.08231146441963005,0.05770623814905996,2.7764451051977987,0.06111177033443309,-0.09448486703639794,0.24486208419361963,0.07926237708451635,12.706204736432095,0.050641853838178194,0.02244653300974274,0.18950829089622215,0.06073541316633104,-0.02719803431964584,0.2013386155515989,-0.004775484323172918,0.13433311575578563,-1.8291534922181726e-05,0.19388446592450692,-0.0020111273745088746,0.2861672411958622,0.0004116456417835038,0.44016388314903004,3.023775505095398e-06,0.6614289311079893,-0.0006260218025348948,1.364505794256775,-0.001706195974680406,-0.000254100356094546,0.035797524443803214,0.052316590365451617,0.15
4.0,1732088515,-0.06166617968762194,0.1,0.06570564270358785,0.11364465201906752,0.12429776606161944,0.12869943314669446,0.0028797672517651557,0.013683776840515322,0.12912680428559842,0.13433311575578563,0.12090770396755594,0.08231146441963005,0.11714659759674492,2.7764451051977987,0.10670782355940982,-0.21597183094600655,0.3765649978696609,0.1258815236483345,12.706204736432095,0.10503030319617321,-0.24019194189391532,0.11685958251867143,0.14085368369249368,-0.20387940133291724,0.2859201984352987,-0.00840064121169,0.13433311575578563,0.00025737457600642826,0.19388446592450692,0.0008312797365129464,0.2861672411958622,-0.00040274334836902916,0.44016388314903004,-0.00041559475361336256,0.6614289311079893,-0.00039398146514612144,1.364505794256775,-0.001536180150019048,-0.0004143445043437898,0.04581423398025668,0.08021638647696266,0.15
4.0,734271645,0.23375599654467483,0.1,0.06851819203226084,0.03574201735477596,0.05746033991084099,0.057164174167108284,0.0016982992384595552,0.0015694435697479353,0.06405200682185523,0.32612014812863077,0.050478314933789147,0.08231146441963005,0.03967341091741862,2.7764451051977987,0.06312743610261279,0.13969479223309902,0.49023451417467123,0.06511123757938189,12.706204736432095,0.036306686427112246,0.16974817986038818,0.30487714411405686,0.08476471236784182,0.11890434058693504,0.43559396617488605,-0.003274507386982749,0.13433311575578563,-0.001342809628233278,0.19388446592450692,-0.0016453268081886238,0.2861672411958622,-0.0012545862176942344,0.44016388314903004,0.0012835573927482207,0.6614289311079893,-0.0014268118858564228,1.364505794256775,-0.00029074038258245476,-0.0007896817031971422,0.06301613873616552,0.09209450577493206,0.15
4.0,412119749,-0.11485986960902234,0.1,0.07157413985777143,0.1195053740565872,0.12631244324576985,0.1433213580355799,0.0028033986040299236,0.017737613065132964,0.15177740877309961,0.32612014812863077,0.11983272472810483,0.08231146441963005,0.13337495208163286,2.7764451051977987,0.11262252050633298,-0.3949022522928397,0.23047823929685407,0.16031945146333657,12.706204736432095,0.11701218430459916,-0.2803144735145866,0.08843853354331621,0.1200991672683173,-0.2953679560785931,0.13139606742041293,-0.0035588207622860167,0.13433311575578563,-0.00858110989025382,0.19388446592450692,0.00027297274150382515,0.2861672411958622,-0.00012197488387855513,0.44016388314903004,-0.00011956722635268459,0.6614289311079893,-0.0005085454685316155,1.364505794256775,-0.0022043539685080785,-0.00043312665004081137,0.04628596832678608,0.07636275528763892,0.15
4.0,103431851,-0.01617483024803942,0.1,0.06603409575732358,0.09802516545471998,0.16279713889123876,0.16009951041888834,0.015625374728742772,0.010006478507624962,0.18013291222136738,0.32612014812863077,0.13666581289669794,0.08231146441963005,0.10017683846947599,2.7764451051977987,0.11411605792774501,-0.30207967077554326,0.33159427014036896,0.1841338140768438,12.706204736432095,0.08955019127409684,-0.1495771231333511,0.11722746263727224,0.12036884522317043,-0.16673424813791551,0.33666994004405143,-0.007248100936815515,0.13433311575578563,-0.003385104736697958,0.19388446592450692,0.0002628313053138726,0.2861672411958622,-0.000635309811439845,0.44016388314903004,-0.0009794021940560049,0.6614289311079893,0.0008500665437836247,1.364505794256775,-0.0023217593219223677,-0.00025524989987766087,0.03562510567244904,0.04443642195647094,0.15
4.0,751097304,0.11643523900595258,0.1,0.06444460443051536,0.10896896918495629,0.12272389595515637,0.1345698026395102,0.0036897764690451244,0.014419255313391605,0.1332216616459887,0.13433311575578563,0.11356070000642712,0.08231146441963005,0.12025360477630684,2.7764451051977987,0.11878627428640634,-0.30680965552053424,0.3527974840938178,0.10313682837009838,12.706204736432095,0.09927010432996304,-0.05108177717197668,0.28996172592071473,0.11977467219700783,-0.17299372581996547,0.2491867551659344,-0.006807076409004312,0.13433311575578563,-0.0006550397909787244,0.19388446592450692,0.0003436969455695867,0.2861672411958622,0.0005619957126474672,0.44016388314903004,-0.0008361150409076817,0.6614289311079893,-0.00030226362511474294,1.364505794256775,-0.0017309327404359477,-0.0002872437846805238,0.03807352287872045,0.06449792016746968,0.15
4.0,695659477,-0.03765089496465169,0.1,0.07266609860613447,0.05103248798197456,0.07244272959365938,0.0745359381161134,0.002582326443711176,0.002973279627137911,0.08575661234227169,0.32612014812863077,0.06317517564060962,0.08231146441963005,0.0546065281890175,2.7764451051977987,0.17999387942432726,-0.5330625526767674,0.4664236983097049,0.08597371619068556,12.706204736432095,0.052295640965886014,-0.13422929259494948,0.05892750266564609,0.08210258729779706,-0.23295365652831318,0.08798897646046074,-0.010732799915212688,0.13433311575578563,-0.002132821263544198,0.19388446592450692,0.001181332655190765,0.2861672411958622,-0.0008393215818430185,0.44016388314903004,3.034078350849349e-05,0.6614289311079893,-0.0003351665417926586,1.364505794256775,0.00034840431799367774,-0.0010642086920266297,0.07256187228442255,0.11239742857973568,0.15
4.0,714353525,0.6468647379534764,0.1,0.057719222718581195,0.03161256066965459,0.037032949893187596,0.03633951168318663,0.00017614766114921782,0.0011444124482232396,0.03684933505953502,0.32612014812863077,0.034736679183612694,0.08231146441963005,0.03387801645096168,2.7764451051977987,0.1124358936135286,0.23186800025191512,0.856212173195559,0.036455238392146365,12.706204736432095,0.02759399708613902,0.5904446491894331,0.6977514082394294,0.03996564024712977,0.5474302729188565,0.7110763060172062,-0.009764126836463225,0.13433311575578563,-0.0014461064936086734,0.19388446592450692,-0.00027462846300549155,0.2861672411958622,5.5892153475382013e-05,0.44016388314903004,-0.0004813971529573991,0.6614289311079893,-0.0002344724044440017,1.364505794256775,-0.0024210988927495856,-0.0003909941435815414,0.044311189914561,0.05388678149420012,0.15
4.0,963837516,0.402149247155865,0.1,0.07577295505635208,0.10724816917544658,0.13076214691662738,0.14087692621137915,0.0057701073660812174,0.014076200972685152,0.16530996204234177,0.32612014812863077,0.11708194469362736,0.08231146441963005,0.11881449252703105,2.7764451051977987,0.17168784067852932,-0.23513229385005935,0.7182314358977051,0.17338302748827158,12.706204736432095,0.09785353726316551,0.21933124605674587,0.5686846025365796,0.1465086653568232,0.032671876223724604,0.5146358519216613,-0.007319596208577252,0.13433311575578563,-0.0015105528159261188,0.19388446592450692,-0.0006713920754259231,0.2861672411958622,-0.002292548782646798,0.44016388314903004,0.001180698872803941,0.6614289311079893,-0.0006816680283471988,1.364505794256775,-0.0001182690002029325,-0.0009858108786161876,0.07034105208816178,0.08506545072693053,0.15
4.0,561036366,0.06875683434801189,0.1,0.05985618954450604,0.052454576553926,0.0521657270152418,0.06541228282594982,0.0002487800695778375,0.004029986674924213,0.06542725530778869,0.13433311575578563,0.05148476038210195,0.08231146441963005,0.06357384710127557,2.7764451051977987,0.10072024967204438,-0.34884613045810514,0.21044235793439042,0.04904336615144997,12.706204736432095,0.06082365500930432,-0.021403469452298877,0.15891713814832265,0.0778448438695993,-0.14863267244632522,0.13186804068628732,-0.009661454208062088,0.13433311575578563,-0.0009197709145109921,0.19388446592450692,-0.0006593820408654634,0.2861672411958622,-0.0010818636587774716,0.44016388314903004,0.0014875101277015102,0.6614289311079893,-0.0009383854138003742,1.364505794256775,-0.0021863898158454784,-0.0002665001814924486,0.03648738257253382,0.042595465198707,0.15
4.0,1730106707,0.20212569579397963,0.1,0.07333589520279561,0.068399941878113,0.07424830573838496,0.08332455042609513,0.0012960933778913136,0.005646887325819557,0.08405761744011236,0.13433311575578563,0.07202068774436968,0.08231146441963005,0.07525428764808148,2.7764451051977987,0.06815358117472506,-0.05613592137518536,0.3223134323333471,0.07572975526823991,12.706204736432095,0.06277769971067185,0.090962154316879,0.3084599144307451,0.08918418950132419,-0.035921611047312035,0.3031503164776765,-0.007348188954634989,0.13433311575578563,-0.0035410965392786158,0.19388446592450692,0.0002523436134755881,0.2861672411958622,-0.001374044714273275,0.44016388314903004,-0.00024912262391540844,0.6614289311079893,0.000505851293631743,1.364505794256775,-0.0024722092979755834,-0.000292570228919167,0.0381883303952042,0.05428214597216237,0.15
4.0,1803632936,0.37106714903817695,0.1,0.06327416889927753,0.03248800866488326,0.03999792847216631,0.030511756499628825,0.0005592148980438421,0.0003717523866487997,0.04108839243798156,0.32612014812863077,0.036824123689229965,0.08231146441963005,0.01930872381883242,2.7764451051977987,0.06400773216672825,0.15030101944631966,0.5057289287845683,0.04795500439559546,12.706204736432095,0.016321834829830486,0.340794326097618,0.4013399719787359,0.08656115283316193,0.10708679535820419,0.48272680950209157,-0.004067544946477026,0.13433311575578563,-0.003147842816570151,0.19388446592450692,-0.002333214452370651,0.2861672411958622,0.0010410117313214165,0.44016388314903004,-0.0007017630479473828,0.6614289311079893,4.551294432988426e-05,1.364505794256775,-0.0016819097518514271,-0.0003118814314204021,0.039453208338403455,0.056342855165855375,0.15
4.0,17454683,-0.20669206539219853,0.1,0.05785705064625428,0.07013718356367332,0.09831784171654392,0.09853445468620119,0.0043573375775186685,0.0053517011827883655,0.10294459887190956,0.32612014812863077,0.08746810633499574,0.08231146441963005,0.07326096182311077,2.7764451051977987,0.16743259181991674,-0.5099156099335902,0.4198191900843874,0.10210334918773666,12.706204736432095,0.06250643681546551,-0.30880821084522003,-0.104575919939177,0.08522815389344619,-0.30838024829019406,0.03147549147053405,-0.004565907480474815,0.13433311575578563,-0.003690758982642655,0.19388446592450692,4.734355851222998e-05,0.2861672411958622,-1.7931531876928827e-05,0.44016388314903004,-0.0005823846531091481,0.6614289311079893,0.0001646443000757835,1.364505794256775,0.0032695653331667415,-0.0014586440364802583,0.08553415163683553,0.11002320219548196,0.15
4.0,831949936,-0.10329457856896385,0.1,0.05763251895560658,0.07686881263474939,0.07730348956296094,0.03785832046743824,4.2140511820410245e-05,0.001391111916794843,0.038423312958370225,0.13433311575578563,0.07595989543416871,0.08231146441963005,0.03735147214592297,2.7764451051977987,0.10284351851011941,-0.2880501440789762,0.2830286230585043,1e-150,12.706204736432095,0.03398438316553041,-0.15922128563817217,-0.04389896902215797,0.0856153739314006,-0.2529927739943925,0.10236180639940529,-0.007807853155956314,0.13433311575578563,-0.002788609032833981,0.19388446592450692,-0.0008135113663987986,0.2861672411958622,0.0016142266245549532,0.44016388314903004,-0.0007269258634721907,0.6614289311079893,-0.0005916307584906997,1.364505794256775,0.0005411180196133548,-0.0009790446391682148,0.06984045471651046,0.11709079698102011,0.15
4.0,1621039492,0.15968150762578798,0.1,0.06801705537213788,0.10982716367377367,0.12299240068491792,0.10698660175915753,0.004648915893534358,0.006797217062438212,0.12225742893183951,0.32612014812863077,0.10947327300958251,0.08231146441963005,0.08256429130354616,2.7764451051977987,0.08135686399129714,0.015023461787949943,0.46678919539370994,0.1173122700174694,12.706204736432095,0.06940438343680472,0.04384466751139193,0.27261625914878684,0.13467853246162034,0.0018352259862681472,0.4890744237635021,-0.013410575632293949,0.13433311575578563,0.0014787880310718577,0.19388446592450692,0.00022015825481560617,0.2861672411958622,0.0003331562587230912,0.44016388314903004,1.6609935707954302e-05,0.6614289311079893,-0.0007358091920545845,1.364505794256775,0.0016194088993718946,-0.0012800477721593587,0.08033727267570247,0.10723723264433706,0.15
4.0,86773674,-0.04780446316521108,0.1,0.05876707976344165,0.04059265424571346,0.04458222007962682,0.033208477998439005,0.0004342518169856162,0.0006685511939871912,0.041401179762389516,0.32612014812863077,0.04097715828948305,0.08231146441963005,0.02589369465471367,2.7764451051977987,0.044830527988817204,-0.2069733923424829,0.04196560765348599,0.04195760978923856,12.706204736432095,0.022921705945601924,-0.08618789021467531,-0.01267219223420072,0.049103785283475726,-0.15348026330475173,0.03101893743273929,-0.008111495952735108,0.13433311575578563,-0.0017262053641967715,0.19388446592450692,-0.0005839521047593725,0.2861672411958622,-0.00019241357547451724,0.44016388314903004,0.00041898973520134667,0.6614289311079893,-0.0003609362105847937,1.364505794256775,0.0013200853015951474,-0.001037111472247797,0.07160528599996958,0.11802070024265698,0.15
4.0,1224875639,-0.1339897563420572,0.1,0.05689496574023717,0.05018176635115,0.06602114973106285,0.0581465138728813,0.00230079333966049,0.0010802237359086875,0.057463055679490845,0.19388446592450692,0.05859035511539157,0.08231146441963005,0.032914218353585406,2.7764451051977987,0.041283184397270446,-0.28054122468606624,-0.0513002341925069,0.028769530707915388,12.706204736432095,0.02875261549225441,-0.18154329464007746,-0.08643621804403694,0.07202007167184521,-0.3468572215360534,-0.05995206366608565,-0.004705887447787278,0.13433311575578563,-0.0014133457945752095,0.19388446592450692,-0.0003372641075758888,0.2861672411958622,-0.0014596301341546704,0.44016388314903004,-0.0006307368788550111,0.6614289311079893,0.0006519800197355541,1.364505794256775,-0.0003028198041181998,-0.0006995457841846414,0.05912490081015508,0.0925990387310568,0.15
4.0,1947832986,-0.009288073763003472,0.1,0.07077753068872647,0.05824993353847735,0.06731045678664842,0.07870219232267593,0.0016179126130480854,0.004576122463347385,0.08139016504368773,0.2431366342882323,0.0618240136964822,0.08231146441963005,0.06774472858321677,2.7764451051977987,0.0828173192425671,-0.23320078816910597,0.22667469310415186,0.07477536708896725,12.706204736432095,0.059363481305109676,-0.13608790894730208,0.11002055367557043,0.08000139562228403,-0.10260281614941172,0.20398477824748873,-0.010693373739621197,0.13433311575578563,-0.002384552276599271,0.19388446592450692,0.000763834039838785,0.2861672411958622,-0.0004345991269389459,0.44016388314903004,-0.0002512633786927265,0.6614289311079893,0.00021749849250853108,1.364505794256775,0.00438506822427597,-0.001909810855711618,0.09817290882532027,0.13138927822775762,0.15
4.0,1641690064,-0.09778470847977308,0.1,0.07029515723609457,0.051643196399388316,0.058709888613370204,0.060428965391812826,0.0007771771302929665,0.002874482728031946,0.0705821802443143,0.32612014812863077,0.0570105377346803,0.08231146441963005,0.053691623942484494,2.7764451051977987,0.0881059295184614,-0.41097986352874083,0.07826268997212796,0.07232880506197253,12.706204736432095,0.05092443848643435,-0.1817176122038094,-0.009567227905376396,0.09003154325469996,-0.29391203852012576,0.01284003492079996,-0.010942425971396422,0.13433311575578563,0.0010207291759565607,0.19388446592450692,-0.00048580705530456214,0.2861672411958622,-0.0005216656445539735,0.44016388314903004,-0.0002942949221080444,0.6614289311079893,-0.00015936625328549664,1.364505794256775,2.3210763610773182e-06,-0.0009818486535763235,0.07018328278425932,0.10013253642661049,0.15
4.0,1701960498,-0.08572911409916573,0.1,0.05668473300768386,0.09376424815240421,0.10861704996272022,0.11695677822768492,0.002240130566240988,0.011438757407158886,0.1280735007697096,0.32612014812863077,0.10116279107579382,0.08231146441963005,0.10710657029176648,2.7764451051977987,0.12062456039944712,-0.4985999113312576,0.17121502924410484,0.1331977981309911,12.706204736432095,0.09572384263221971,-0.2268217437033929,0.054894571786802904,0.11173495698406803,-0.3854929683456688,0.029967198103822708,-0.006693684640377164,0.13433311575578563,-0.00017549567673551126,0.19388446592450692,-0.00033401232850939033,0.2861672411958622,0.0003373750734136868,0.44016388314903004,0.00012831937543599065,0.6614289311079893,-0.0009624164868075886,1.364505794256775,8.930080378962998e-05,-0.0006695547843759207,0.05814477483397201,0.09845882998130816,0.15
4.0,1706754447,-0.09026913246751775,0.1,0.05390228826499207,0.040995115616109155,0.03985927827080574,0.036730964844170176,0.00014172808066611445,0.001207435697717551,0.03782921531997561,0.13433311575578563,0.04285884813466527,0.08231146441963005,0.03479835335566711,2.7764451051977987,0.0694178243655429,-0.35462055804097825,0.03084899930540594,0.01431920218082119,12.706204736432095,0.03005188547002296,-0.138846965025831,-0.038392019609988996,0.04394766917012547,-0.1808518821866042,-0.0055293335189707336,-0.007489312551303953,0.13433311575578563,-0.0016384219317834576,0.19388446592450692,-0.0010313785683286679,0.2861672411958622,-0.0001661043679175417,0.44016388314903004,0.000531781721556636,0.6614289311079893,-0.0004945733053389435,1.364505794256775,-0.00017186039464467794,-0.0006857512747898565,0.058718809618615225,0.06514400617053544,0.15
4.0,1683890030,-0.0034080231100280496,0.1,0.05863890201567368,0.041855800319540615,0.05042825232288561,0.05875315184035962,0.0007706898697706639,0.002681242981405689,0.05885945199020699,0.19388446592450692,0.05205767724384913,0.08231146441963005,0.051855493812877546,2.7764451051977987,0.07537246777172306,-0.25972985117458547,0.1588051872483732,0.05401797798759686,12.706204736432095,0.04639066076202397,-0.09104875090541933,0.08423270468536315,0.04772749112660297,-0.11906389587260728,0.07372148991494822,-0.006901101540070011,0.13433311575578563,0.0005993343872382565,0.19388446592450692,-0.0008369783041034106,0.2861672411958622,-0.0011261437266505267,0.44016388314903004,0.0007803088527443495,0.6614289311079893,-0.00033323251785393767,1.364505794256775,0.0017249807546433867,-0.001062417744425657,0.0732829765436708,0.12448913276519692,0.15
4.0,1220863932,-0.3056001201321924,0.1,0.07059953467384784,0.06887433102766076,0.10966901233621026,0.09809355290917399,0.0061628870410832684,0.003459458081261648,0.10001210437797951,0.32612014812863077,0.09726788462199665,0.08231146441963005,0.058902092620063295,2.7764451051977987,0.07684870716824824,-0.5968150432932879,-0.17008260957716428,0.09936142610354745,12.706204736432095,0.05208191263850531,-0.3833187965961866,-0.20904730774795546,0.08169519816315535,-0.5045846600309001,-0.21490620717412928,-0.00666665585914674,0.13433311575578563,0.000257466662931985,0.19388446592450692,-0.0009951787293991992,0.2861672411958622,-0.0011274205919565756,0.44016388314903004,0.0002646648798335881,0.6614289311079893,-0.0002812318197409404,1.364505794256775,-0.0005919152279993323,-0.0006572450056615741,0.057005825268316095,0.08459439458947057,0.15
4.0,1226195639,0.11956967257364726,0.1,0.05356463133395406,0.047363515965361744,0.05654743504931235,0.043219677960548784,0.0009241133924640368,0.0009438271705495095,0.0455136754656472,0.19388446592450692,0.05183685979675603,0.08231146441963005,0.03076613389332253,2.7764451051977987,0.09109142955037479,-0.20543156141021085,0.3003891459910056,0.034193274850138684,12.706204736432095,0.02911274003256072,0.06989588344570069,0.1667409301720149,0.09533410062404675,-0.2077220195356192,0.1951677665722241,-0.007708738409181342,0.13433311575578563,0.0003010062249846123,0.19388446592450692,-0.0019678868576127498,0.2861672411958622,0.000994061683509477,0.44016388314903004,-0.0003960114902906705,0.6614289311079893,-0.0011157670416559894,1.364505794256775,0.0007602804479773332,-0.0011918443173663806,0.07710221664350524,0.11219004459118581,0.15
4.0,1516449146,0.2620015715254278,0.1,0.07814484021590393,0.1124707293353025,0.14001051368879155,0.08945636994589382,0.006384917057536868,0.0016175250663597457,0.12985211909137062,0.32612014812863077,0.12007479853246145,0.08231146441963005,0.04027654397161208,2.7764451051977987,0.04516514644393442,0.1475191380194025,0.39831623755900947,0.1448183599317891,12.706204736432095,0.03500677930372009,0.20608382203134662,0.317919321019509,0.1242958339361835,0.04058210947757628,0.4840142292093307,-0.005530142692932674,0.13433311575578563,-0.00014518716298614012,0.19388446592450692,0.0010235819297091076,0.2861672411958622,-0.0018385374796524006,0.44016388314903004,0.0003483592205958488,0.6614289311079893,-0.0013996985017090647,1.364505794256775,-0.0013357253939421953,-0.0007651749332687678,0.062261879418966194,0.09131963669770117,0.15
4.0,321554148,-0.12649495849427553,0.1,0.05665339806385968,0.061177450977562615,0.06723388467780622,0.069045539326115,0.00048457393361466287,0.00428271256721943,0.07762372714788843,0.32612014812863077,0.07199261675684068,0.08231146441963005,0.06553693881472962,2.7764451051977987,0.15485858550644824,-0.3793772178729694,0.4805355055814966,0.07933692162093996,12.706204736432095,0.05653998872983897,-0.20147417836845316,-0.012895411523698691,0.09956334276885195,-0.2179233853575862,0.13652348059860386,-0.006619084945450341,0.13433311575578563,-0.0025950731138383214,0.19388446592450692,0.0019613980057173095,0.2861672411958622,-0.001358702773649997,0.44016388314903004,0.0002069060725285161,0.6614289311079893,-0.0006906227163237578,1.364505794256775,-0.0007580666233398455,-0.0006582385272828416,0.05731650706060256,0.0883636876194703,0.15
4.0,987920899,0.03182924855751725,0.1,0.060080874842317396,0.0689733444221794,0.08678455880884993,0.10925058353035147,0.0025554173953397834,0.009380272606382523,0.11002475387888497,0.13433311575578563,0.0825089622523019,0.08231146441963005,0.0969916657288235,2.7764451051977987,0.19512927103676236,-0.29882748898748146,0.7847039299141855,0.09628534485769452,12.706204736432095,0.08530708163591558,-0.10587973802166152,0.1659310601551938,0.10646728619326802,-0.0438879709549602,0.34486518347490736,-0.004731706642461946,0.13433311575578563,-0.0007686253097570762,0.19388446592450692,0.0015052521295768329,0.2861672411958622,-0.0004928950660005686,0.44016388314903004,0.0006049929384466003,0.6614289311079893,-0.0016180853708122806,1.364505794256775,-0.001300345434349657,-0.0003432133005558822,0.041215700585921985,0.07208748124504412,0.15
4.0,477232403,0.004192352486717352,0.1,0.06695241963898636,0.02912608116751787,0.03597860626915662,0.02572452092990182,0.0005053758147821467,0.0001563751622908101,0.027718614754442074,0.19388446592450692,0.03307596293572782,0.08231146441963005,0.012523063268502273,2.7764451051977987,0.0358753421489356,-0.09779271806777765,0.10141911814563939,0.02804762963767854,12.706204736432095,0.011298549447736174,-0.015075989261365356,0.026496673541936154,0.0481543742700529,-0.06341846901203019,0.11283734519416443,-0.007050603897459402,0.13433311575578563,-0.0009443183419611693,0.19388446592450692,-0.00231532394768535,0.2861672411958622,0.0017770590836036955,0.44016388314903004,-0.0011123229796921928,0.6614289311079893,-0.0002456777086764527,1.364505794256775,0.0004028869319242868,-0.0009512687747758938,0.06917581680527908,0.08707244142480439,0.15
4.0,716201104,-0.4153140856598146,0.1,0.057000782381017905,0.025037522969202485,0.02769347290617596,0.03167924389141008,0.00011608169010439591,0.0008874928034270468,0.03191339130353989,0.13433311575578563,0.027764541697810886,0.08231146441963005,0.029833836688053336,2.7764451051977987,0.16395307418853178,-0.9566946282217094,-0.046281207595948115,0.02816782294670887,12.706204736432095,0.029696110830001496,-0.47093890877109706,-0.3596892625485321,0.09715403622870797,-0.6589632415932425,-0.31160942747414205,-0.007786831144855653,0.13433311575578563,0.0048621400117255615,0.19388446592450692,-0.0011076573601078313,0.2861672411958622,-0.0009858748715203286,0.44016388314903004,-0.0003703899554017754,0.6614289311079893,-0.0002463802876622234,1.364505794256775,-0.002278432569581368,-0.0002288890252462163,0.033684144995732586,0.052225354261489554,0.15
4.0,642213149,0.05845032437623107,0.1,0.08101504483601489,0.11994912235734323,0.17039663817593784,0.1921047569654844,0.014629026285462171,0.022275211363305653,0.19192079500913575,0.19388446592450692,0.14977310942506325,0.08231146441963005,0.14946434553731888,2.7764451051977987,0.14809665914856252,-0.356287973384206,0.46607651539414047,0.1640153940874667,12.706204736432095,0.13285262995524397,-0.15211143762393298,0.2741653523049928,0.12484366983817911,-0.18983677532834728,0.31769635940414004,-0.011563102529874348,0.13433311575578563,-0.0006545391480736672,0.19388446592450692,0.0009581872456182773,0.2861672411958622,-0.00026903937148637367,0.44016388314903004,-0.0005474058406037398,0.6614289311079893,-0.00021297191599788538,1.364505794256775,-0.0007316523757937681,-0.0008302341597529848,0.06406396469435892,0.10093675026726365,0.15
4.0,1786194549,-0.15458318522237963,0.1,0.06862818697437427,0.11770183329126348,0.1672118046061104,0.1547353382910508,0.013484847465074118,0.010458177450971818,0.16095028411927384,0.2431366342882323,0.15032596092774655,0.08231146441963005,0.10241290640032587,2.7764451051977987,0.13340315008011047,-0.4689090470719425,0.2718639990438376,0.15317611957874194,12.706204736432095,0.09088421533111188,-0.3354219876415835,-0.010676089178813575,0.12316873188927556,-0.3652971875189134,0.09825968318501938,-0.005567410672613457,0.13433311575578563,0.003181447285226287,0.19388446592450692,-0.0022472861008379997,0.2861672411958622,0.0015000074657668977,0.44016388314903004,-0.0014220849263187464,0.6614289311079893,-0.0008903471187604654,1.364505794256775,-0.0004213899095702994,-0.0008090575030911422,0.06380355511293187,0.09929818894101539,0.15
