spike_strength,rep_seed,theta_rs,tau_true,se_classical,se_hc1,se_swm_v_off_only,se_swm_fix,v_off,v_between,se_swm_sweep,h_sweep,se_conley_lehner,h_lehner,se_bch,t_bch,se_self_normalized,ci_sn_lo,ci_sn_hi,se_fixed_b,t_fixed_b,se_wcb,ci_wcb_lo,ci_wcb_hi,se_block_boot,ci_bb_lo,ci_bb_hi,cov_bin_0,cov_bin_edge_0,cov_bin_1,cov_bin_edge_1,cov_bin_2,cov_bin_edge_2,cov_bin_3,cov_bin_edge_3,cov_bin_4,cov_bin_edge_4,cov_bin_5,cov_bin_edge_5,resid_corr_within_fold,resid_corr_across_fold,cross_fold_mean_sd,cross_fold_mean_max_abs,rho
0.5,365994733,-0.1627005731469725,0.1,0.06926494522731563,0.0627075486369812,0.07408181041493277,0.0703481771949398,0.0018468756747514704,0.003101990359899177,0.0785484504407728,0.32612014812863077,0.06551477812100194,0.08231146441963005,0.05577594149771646,2.7764451051977987,0.08128836746041351,-0.3445360225910897,0.10684935729888058,0.08694061353648459,12.706204736432095,0.04317675863335116,-0.24185194510683955,-0.07006197730959852,0.0720785754091268,-0.26691725746573214,-0.02167199973712243,-0.004651467132018867,0.13433311575578563,0.0004387299017881947,0.19388446592450692,-0.000825319339957901,0.2861672411958622,0.00026905085066354927,0.44016388314903004,-6.154554191926883e-05,0.6614289311079893,-0.0003848147574335226,1.364505794256775,-0.0016048534444504609,-7.00273811394992e-05,0.018753560289246213,0.022348014435213556,0.25
0.5,127110760,-0.1393100028504873,0.1,0.04671073624133427,0.023402811342101988,0.032067832057845844,0.0285177684684972,0.000513906222725347,0.00029935689569746615,0.029065934848302253,0.32612014812863077,0.026809810330362414,0.08231146441963005,0.01732691804787084,2.7764451051977987,0.10748375463513761,-0.3715096330511549,0.22533585583886317,0.029538545428510678,12.706204736432095,0.016375720571807126,-0.16485484306622464,-0.10607403051238398,0.0751838524363794,-0.1873350344953698,-0.021118524105452962,-0.0029082633661200673,0.13433311575578563,-0.0003708711008957021,0.19388446592450692,-0.0006795758519772527,0.2861672411958622,-0.00037553194136801595,0.44016388314903004,-0.00016211290009952384,0.6614289311079893,-0.00016642474490470826,1.364505794256775,-0.00122127565583484,-0.0002038856462203332,0.03207066188447152,0.04692053859695284,0.25
0.5,894302036,0.33539715395789216,0.1,0.06161251697812827,0.07125877977844393,0.09578828347268396,0.0917668788403975,0.0049887162063346506,0.0034324438457735444,0.09752545388528158,0.32612014812863077,0.07331096984391491,0.08231146441963005,0.05867166440207151,2.7764451051977987,0.06048357512372184,0.051412995029908426,0.38727164722415014,0.10257787903644962,12.706204736432095,0.05602112520579665,0.2524755291087523,0.418318778807032,0.07572840790598481,0.1446686825333646,0.42545991017251483,-0.005200809026754557,0.13433311575578563,-0.0009049919841797666,0.19388446592450692,-0.0015657024978469618,0.2861672411958622,0.001040428720745422,0.44016388314903004,-0.0007736435458999562,0.6614289311079893,0.00017056990346365873,1.364505794256775,-0.0009737469044716603,-0.0003123638614216483,0.039518992937919946,0.06079065037056302,0.25
0.5,2081528600,-0.07089652948633055,0.1,0.05452846792977287,0.038516333746598685,0.028004729324427883,0.01996817739162728,-0.0004624886555748267,0.0008612167639183215,0.02579040703291823,0.13433311575578563,0.03340742102597585,0.08231146441963005,0.02938887254914678,2.7764451051977987,0.08765172244214325,-0.35951465692805334,0.12720573454523604,0.009576846267366775,12.706204736432095,0.021921524562488803,-0.10933688898465871,-0.03245616998800238,0.043926141011337926,-0.17086551823802482,-0.0035275598208194987,-0.0064831558056110015,0.13433311575578563,-0.001282569661809373,0.19388446592450692,-0.0011865699316527937,0.2861672411958622,0.00011678924385929834,0.44016388314903004,-3.665976686191378e-05,0.6614289311079893,-3.151582379318172e-05,1.364505794256775,-0.00011729483367276863,-0.0006094383401107211,0.05557741185697975,0.09799842480102121,0.25
0.5,2048464303,-0.06935445856435671,0.1,0.06511182051837223,0.043748245622381846,0.07360728168814164,0.05604599365714086,0.002696414237661572,0.00044473916735470094,0.057518100328504684,0.32612014812863077,0.056484651061368685,0.08231146441963005,0.021119293091170332,2.7764451051977987,0.03385599049259559,-0.1823606502238313,0.0056379479457491916,0.05670688397946043,12.706204736432095,0.018235344959318337,-0.10251827734118442,-0.03695004214810515,0.10294004170466486,-0.20477394570894247,0.2325340008527508,-0.006299803041577879,0.13433311575578563,-1.2892575695289942e-05,0.19388446592450692,-0.0002034726896459114,0.2861672411958622,-3.0315567922672584e-05,0.44016388314903004,0.00019486878834393866,0.6614289311079893,-0.0003285007608077112,1.364505794256775,-0.0007039758875479624,-0.00030187985863346767,0.038656099388934474,0.06412892100385392,0.25
0.5,1809507340,-0.11857592876267017,0.1,0.07503418933031898,0.060431178807970935,0.0574063250465188,0.061797342266005265,-0.0002641622479087704,0.004083073759050571,0.07031238029340105,0.13433311575578563,0.06507601561839627,0.08231146441963005,0.06399120681985689,2.7764451051977987,0.12584820315512307,-0.5399521501882033,0.15886910510775595,0.06069873752120583,12.706204736432095,0.06357651754784018,-0.22574698517250474,-0.011404872352835618,0.06499070455393215,-0.2432992885302466,-0.021285843366917235,-0.0032296154018074145,0.13433311575578563,-0.004380943024599581,0.19388446592450692,-0.0009668533587333452,0.2861672411958622,0.00014164190140307623,0.44016388314903004,0.000181134547726579,0.6614289311079893,-0.0002873365164982909,1.364505794256775,-0.0011572180473572366,-0.00031467844964454505,0.03962305312370116,0.04283549328169531,0.25
0.5,1558729212,0.06366665745415169,0.1,0.07361930110760444,0.11698145349912266,0.14987889957226685,0.17077095477791582,0.009328195356103576,0.019834523639657396,0.1763876878601652,0.32612014812863077,0.12421553597097097,0.08231146441963005,0.14103846586122795,2.7764451051977987,0.1419174527264383,-0.49368473347460784,0.29436730045431136,0.17357988805613234,12.706204736432095,0.12634745372843273,-0.14211260152538052,0.27270666400658256,0.12614445791709158,-0.2072560415325429,0.224295639640975,-0.0056707075516229475,0.13433311575578563,0.0025554656763874498,0.19388446592450692,-0.001594711819616004,0.2861672411958622,0.00022320604125004154,0.44016388314903004,-0.0003414737988417754,0.6614289311079893,-0.0003787389202548845,1.364505794256775,-0.001581006773139684,-0.00021985684645057182,0.03311342661520997,0.05471793280144334,0.25
0.5,1506253675,-0.19259632186587486,0.1,0.06745806038544198,0.06558783737991103,0.08904224588598822,0.07273556925877181,0.0021049965295176247,0.0031854665058799656,0.07543022989711613,0.32612014812863077,0.07161466409011032,0.08231146441963005,0.05652143891016039,2.7764451051977987,0.14886556033591317,-0.41094884227941353,0.41568527037493386,0.07774256108801136,12.706204736432095,0.0534703412845332,-0.2798110532772665,-0.10819398771885534,0.10638892278139629,-0.2694883774922621,0.0761973928900833,-0.007278716047854449,0.13433311575578563,-0.001575869636339177,0.19388446592450692,0.0013967910356723913,0.2861672411958622,0.0001568018722455855,0.44016388314903004,-0.0009283805409775521,0.6614289311079893,0.0002751615646195613,1.364505794256775,0.0013409507195432224,-0.000911892464408654,0.0674896797258661,0.09167229442501337,0.25
0.5,113298368,0.06530718249662655,0.1,0.06915508374820636,0.041921866290531434,0.06249930927901638,0.05888023049452563,0.0027292561609370027,0.0007376253821514634,0.059190474778556074,0.2861672411958622,0.04761271499962307,0.08231146441963005,0.02719847877028781,2.7764451051977987,0.13032971251884795,-0.1601637224758771,0.5635428622937063,0.04964703280898188,12.706204736432095,0.024713320701487983,0.01774242257403877,0.11016326754332743,0.08010417358476345,-0.019990151453881843,0.240592870697589,-0.0086238944837566,0.13433311575578563,-0.0008458392890929153,0.19388446592450692,0.002092540637704023,0.2861672411958622,-0.0003035103311559513,0.44016388314903004,-0.0003112640472428909,0.6614289311079893,-0.00024016396081308146,1.364505794256775,0.0009670882962944096,-0.0008506393965204731,0.06532227818167667,0.09072294605675457,0.25
0.5,219539716,0.1769330879704012,0.1,0.07650187323727435,0.03661825262585749,0.04746619223710362,0.03678889954054884,0.001103059363719621,0.0002503637656849734,0.038427160818983966,0.32612014812863077,0.0387731799133078,0.08231146441963005,0.015845736347152972,2.7764451051977987,0.06450148877221838,-0.001787361684613159,0.3563823238745798,0.03968954114211174,12.706204736432095,0.014266475831511303,0.15040963979218308,0.19910172798856435,0.06738227568544429,-0.02118439391200065,0.2715930360475047,-0.007609858348229075,0.13433311575578563,-0.003288897365483236,0.19388446592450692,0.0006113937435353936,0.2861672411958622,-0.00041623337457009424,0.44016388314903004,0.0007010789796882197,0.6614289311079893,-0.0009528184546402329,1.364505794256775,-0.00045864795877425185,-0.000691261964791596,0.05872660322295392,0.07035552013255132,0.25
0.5,1599278428,-0.2688134651783096,0.1,0.07146476979830277,0.0804949187125782,0.08282853647618738,0.07137761695691462,0.00040998857715276484,0.00468477562529526,0.07640087783195132,0.19388446592450692,0.08298456258975946,0.08231146441963005,0.06854425898090372,2.7764451051977987,0.0967257091022989,-0.5968931883920876,-0.059785945224359816,0.06014990099596134,12.706204736432095,0.0673031514212154,-0.36912008992398176,-0.16830559610984475,0.09416096677801242,-0.5115894064706699,-0.15884983687780607,-0.004355196915543419,0.13433311575578563,-2.2805452490627134e-05,0.19388446592450692,-0.0013242843266324114,0.2861672411958622,0.0002087451482836806,0.44016388314903004,-0.000272623562972673,0.6614289311079893,-1.029251580230079e-05,1.364505794256775,0.0024129028101404,-0.0010802153320195185,0.07358251800565661,0.10445533764364356,0.25
0.5,338715847,0.11532191883250821,0.1,0.05801303928672641,0.023117886544356207,0.02776590525185115,0.02532789691315608,0.00025741870288615405,0.0003840836591573073,0.02601489818490795,0.2861672411958622,0.027505510426511778,0.08231146441963005,0.019626352884231313,2.7764451051977987,0.15569945036470711,-0.4026116725620019,0.46197028113215544,0.02704182898320802,12.706204736432095,0.017432944584703236,0.08645873854203906,0.14785914193686334,0.05087814013381148,0.01965241071463371,0.18744393500059164,-0.005931670512045674,0.13433311575578563,0.00030844973076184126,0.19388446592450692,-0.0015649901850973437,0.2861672411958622,0.000342327972392586,0.44016388314903004,-0.0001852484955900631,0.6614289311079893,5.247658374564775e-05,1.364505794256775,-0.0015359269445590158,-0.00013143499058336717,0.02549410270986357,0.039706464561351136,0.25
0.5,1756219502,0.2067869083488221,0.1,0.03940089642279292,0.02097831662287072,0.014677917928570988,0.019164796352001988,-0.0002017256330199523,0.000569015052233661,0.02216123033802,0.13433311575578563,0.01948442235310351,0.08231146441963005,0.02388848267278077,2.7764451051977987,0.12384539348643099,-0.08850977455711129,0.599190098536282,0.016592898897306762,12.706204736432095,0.022296151463350282,0.17178475921895262,0.2417890574786916,0.03847349518971282,0.12974003335671233,0.24346910006618971,-0.008246913323449416,0.13433311575578563,0.0004346405473482093,0.19388446592450692,0.0004192290237126598,0.2861672411958622,-0.000483864119488823,0.44016388314903004,-6.189458711387276e-05,0.6614289311079893,0.00012170195867318372,1.364505794256775,-0.00041113935879080776,-0.0004310940984626633,0.046338982490365964,0.05338466864372306,0.25
0.5,335068227,0.07265925423624117,0.1,0.07152174004623514,0.0578601030625826,0.0517320087303684,0.07585633873492373,-0.0005427950112286209,0.006296979137496111,0.07763535953893964,0.32612014812863077,0.04683558371958089,0.08231146441963005,0.07946809736721504,2.7764451051977987,0.05876619459624432,-0.10250580410492806,0.22381642257075968,0.07968686354036308,12.706204736432095,0.07164351112641831,-0.029609169083980588,0.1771358798721476,0.06370178477810919,-0.05533618718859867,0.17877303358659477,-0.006130874945808193,0.13433311575578563,0.001722540995348233,0.19388446592450692,-0.0011884380580041542,0.2861672411958622,-0.0007865921063004506,0.44016388314903004,0.0002180189453329271,0.6614289311079893,-0.0002181173690630485,1.364505794256775,-0.002400478749573204,-1.1322659934513086e-05,0.007520001467202366,0.009712369775136844,0.25
0.5,310437996,-0.26927566497809935,0.1,0.0630179344795823,0.04073998420927896,0.045415282984044764,0.04609835098180918,0.0002800349112024522,0.001845023052039615,0.0468409750820396,0.13433311575578563,0.04744320548744121,0.08231146441963005,0.043015758607819546,2.7764451051977987,0.13013629139452126,-0.6578986404742595,0.06473389802756646,0.039762667302147475,12.706204736432095,0.03914494237493576,-0.3278986328044432,-0.20284396979849728,0.06105331903554676,-0.40676182005767475,-0.14112034325915296,-0.006924320927353152,0.13433311575578563,0.0003410832912663385,0.19388446592450692,-0.0007294707759977407,0.2861672411958622,0.0006605338282565482,0.44016388314903004,-0.0004911084955443304,0.6614289311079893,-0.00017218690976098005,1.364505794256775,-0.000521764563858614,-0.00045237253338441035,0.04763779272473481,0.06502231910548054,0.25
0.5,1531759933,-0.31555906397778255,0.1,0.06836926854334834,0.05437604851815979,0.05584621920943845,0.06824900489455772,0.00019818208068539574,0.0044597445884119674,0.0694237525989373,0.13433311575578563,0.058171918036037315,0.08231146441963005,0.06687775432562452,2.7764451051977987,0.06184607501644305,-0.42469422131880974,-0.08126975680861137,0.0660301332428583,12.706204736432095,0.06254033562871011,-0.4149898915840561,-0.2204866153692658,0.0646120591554937,-0.3906592824990141,-0.15702150240917617,-0.005722361022770594,0.13433311575578563,-0.00047571351144665576,0.19388446592450692,0.0006423551369324654,0.2861672411958622,0.00013173368578462395,0.44016388314903004,-0.00031591380141992605,0.6614289311079893,-0.00020229344459612395,1.364505794256775,-0.0007380229611934035,-0.00029149551946120724,0.03824463841250672,0.055471498422466736,0.25
0.5,160064237,0.16627020781458435,0.1,0.06832325229308543,0.027991019681028045,0.03140075877542953,0.036918572543225746,0.00021523698119720546,0.0011477440174322165,0.03921370778913603,0.13433311575578563,0.03546779544922641,0.08231146441963005,0.033927292799062966,2.7764451051977987,0.13556881917710778,-0.32976204623399324,0.4230367226094595,0.03766746302682121,12.706204736432095,0.028490308279260385,0.11124314318212455,0.21140600842460605,0.07498199738863565,0.07155071550404594,0.375355700756415,-0.005249973445048172,0.13433311575578563,-0.0025956710216567024,0.19388446592450692,-0.0006399844690072459,0.2861672411958622,0.00029950558725140667,0.44016388314903004,2.230158795370178e-05,0.6614289311079893,-0.00027327320931952394,1.364505794256775,-0.0021031439643108543,-6.99667437144662e-05,0.01868172619611693,0.023436415775784165,0.25
0.5,1862871184,0.00905956480938292,0.1,0.07819513392104016,0.11790865615897175,0.16328265648811055,0.1867477233568202,0.013172755319049899,0.02170195685990555,0.18961225776083082,0.19388446592450692,0.159684119270313,0.08231146441963005,0.14752857105854378,2.7764451051977987,0.1450699092008762,-0.14849178099389582,0.6570654976306278,0.17784957134463303,12.706204736432095,0.12247048094204124,-0.22230852295467057,0.19006812923915883,0.13223694236265623,-0.1609247613479123,0.32972871642021334,-0.008495951803803367,0.13433311575578563,-0.0004265300325295762,0.19388446592450692,0.00034683963011999166,0.2861672411958622,-0.0004599256277455637,0.44016388314903004,0.0002943572180948888,0.6614289311079893,-0.0002604195155536688,1.364505794256775,-5.696427415022134e-06,-0.0006040888220047848,0.05525289310109008,0.09315568031397918,0.25
0.5,1824841065,-0.37320986865572897,0.1,0.0614766827880782,0.060312226114089415,0.0714236807411691,0.0627463764010279,0.0011921302436170007,0.0027449775078424708,0.06321482742469314,0.19388446592450692,0.06285065175528923,0.08231146441963005,0.052468190066437354,2.7764451051977987,0.0914898394827469,-0.7936338171378813,-0.28560078312347137,0.06332226670754662,12.706204736432095,0.04651363304038926,-0.4566761280493774,-0.28974360926208054,0.15169551202688983,-0.8088776666936036,-0.3218146978668376,-0.00624658758318521,0.13433311575578563,-0.0018320530894023522,0.19388446592450692,-0.0003658186550902617,0.2861672411958622,-0.0002133284243545643,0.44016388314903004,0.0002618343786704081,0.6614289311079893,-6.867062919283866e-05,1.364505794256775,-0.0010525511517313808,-0.0002685764371877791,0.03683179961337046,0.0558069040684719,0.25
0.5,187801294,0.2261013156649171,0.1,0.07043604103960584,0.040032540776963166,0.04724849783316178,0.05320176435536995,0.0010121425415706557,0.0018182851889536563,0.05569787894482934,0.32612014812863077,0.04482384917823806,0.08231146441963005,0.04270293138016759,2.7764451051977987,0.1757003883587346,-0.32912305592322844,0.6465219105566936,0.056820213110833274,12.706204736432095,0.041021258391113244,0.15819290699768132,0.2895137867485323,0.07138262097644676,0.09043728196609747,0.45054288056676856,-0.006808984589134337,0.13433311575578563,-1.8924104133318166e-05,0.19388446592450692,4.118706125500419e-05,0.2861672411958622,-0.000549047138837608,0.44016388314903004,0.0001319604739607134,0.6614289311079893,-0.00022928071782528118,1.364505794256775,-0.0016059674517015638,-0.00019850541920576767,0.0314784798560976,0.045349349227539144,0.25
0.5,600129777,-0.3220401360724031,0.1,0.07483832149592012,0.06297334807418695,0.06881302735802727,0.04202313257832013,0.0005668246555236124,0.0011991190161714587,0.04529205388681992,0.13433311575578563,0.06728190691388122,0.08231146441963005,0.03467830269877562,2.7764451051977987,0.06103583598087198,-0.45452795751043223,-0.11560266140893688,0.03654518481166411,12.706204736432095,0.032210659958367256,-0.38367172654804066,-0.2604085455967656,0.07498957950761154,-0.4045557164452645,-0.10707675316338948,-0.008704456244885271,0.13433311575578563,0.0020699687210945098,0.19388446592450692,-0.0017836260906452831,0.2861672411958622,0.0005305792860830573,0.44016388314903004,0.0002369992259799636,0.6614289311079893,-0.00045804090668685716,1.364505794256775,0.0002705348787929931,-0.0006519080154250452,0.057200112678829816,0.06800416467790828,0.25
0.5,853607243,0.09064886116896116,0.1,0.07798274826552154,0.062384888560518506,0.08317002239456713,0.08081414638714417,0.003476885916505619,0.0030540403397771474,0.08075327310318715,0.2431366342882323,0.07330516642205177,0.08231146441963005,0.05534317524285604,2.7764451051977987,0.0982187058638698,-0.23984975825143356,0.3055479320177737,0.07713880829035262,12.706204736432095,0.04883106325721286,-0.004891209355009129,0.19033827397531883,0.06893340325836213,-0.04795663757688696,0.21897915617949124,-0.006355828429118307,0.13433311575578563,-0.0023214881452275583,0.19388446592450692,8.433344083634867e-05,0.2861672411958622,4.1258727001368737e-05,0.44016388314903004,0.0003748644167106413,0.6614289311079893,-0.0004978764636198391,1.364505794256775,0.0025731608738068694,-0.0012049172194733677,0.07805291482071587,0.1256263257750907,0.25
0.5,1122187292,0.21921666470951023,0.1,0.07910439533444058,0.09949196011955772,0.15312404020711304,0.20075413961578184,0.010813967843127952,0.02948825672974488,0.20456188449171392,0.32612014812863077,0.11542222358839016,0.08231146441963005,0.1719694243325376,2.7764451051977987,0.24308723594134773,-0.6677581382033397,0.682078594527495,0.20561042355745016,12.706204736432095,0.15427856712026855,-0.025270841244947786,0.5004805424609168,0.10611057524157182,-0.008703945726560563,0.38862672101340595,-0.0063222650086705206,0.13433311575578563,0.0031801903417383614,0.19388446592450692,-0.0011478891224735467,0.2861672411958622,-0.0008804575828565977,0.44016388314903004,7.231225768571957e-05,0.6614289311079893,-0.00026855311839916394,1.364505794256775,0.000389550457596264,-0.000728146800036558,0.06015185589850691,0.07597873063354672,0.25
0.5,55932169,-0.08445905094335945,0.1,0.07138625936646653,0.04062428319927024,0.04328058558935874,0.04023218205416147,0.0003763782115485982,0.001242250261290594,0.04260192649040812,0.13433311575578563,0.04866619193154467,0.08231146441963005,0.035296466961508274,2.7764451051977987,0.05973562330846208,-0.2849468626318128,0.04675849524962536,0.032458802718329426,12.706204736432095,0.03063739618811653,-0.14567361265001327,-0.02493055449433143,0.07902498551552149,-0.24016329477193082,0.09477555540477031,-0.008411070077254591,0.13433311575578563,-0.0006206162495146455,0.19388446592450692,0.0005649761710765868,0.2861672411958622,0.0003930531382710826,0.44016388314903004,-0.00031092734474303085,0.6614289311079893,-0.0002520598033857528,1.364505794256775,-0.0007904357299346525,-0.0004101444696070379,0.045125966834739004,0.054311960721103864,0.25
0.5,1843986025,-0.1702196376313994,0.1,0.06414252278808055,0.04610333436606824,0.06852946319840127,0.07972158624687362,0.0018983635665501594,0.004457167747167549,0.07986411665852804,0.2431366342882323,0.05300759232881435,0.08231146441963005,0.0668584305445179,2.7764451051977987,0.15619160640998067,-0.4609625953273645,0.4063522468525794,0.07279199888503413,12.706204736432095,0.060676839374742594,-0.27542083247852484,-0.06501844278427397,0.07510164940893814,-0.3110293960758478,0.008238718810575085,-0.005298967471108141,0.13433311575578563,-0.0015520612737097191,0.19388446592450692,-8.479521821412982e-05,0.2861672411958622,-0.00022100404978874898,0.44016388314903004,0.00016714506838555777,0.6614289311079893,-0.0002454447687136963,1.364505794256775,0.0012769412318050627,-0.000835615375490721,0.06455973849939914,0.08079062302160843,0.25
0.5,1818916416,-0.03857378075307767,0.1,0.0678587277335406,0.06745868276249624,0.06281354787091281,0.05419419828164282,3.1555008995938494e-06,0.0029338556264904233,0.06122979208335461,0.13433311575578563,0.06896836262755167,0.08231146441963005,0.05424329431378657,2.7764451051977987,0.051323000033694256,-0.09548742332077456,0.18950356113445918,0.05571190834324438,12.706204736432095,0.050215344051502235,-0.12444335123791005,0.0472957897317547,0.10381680687101097,-0.10988218459457688,0.21256706718951465,-0.007833936484881067,0.13433311575578563,0.0015169609593196078,0.19388446592450692,-0.0004916721395251894,0.2861672411958622,0.00022969085949184708,0.44016388314903004,-0.0005277694088266379,0.6614289311079893,3.2928029540237845e-07,1.364505794256775,0.00012280553895570174,-0.0006271408745679282,0.055834362573138306,0.07203999306887021,0.25
0.5,1726480543,0.30872432055404964,0.1,0.06843613491686085,0.07225945241300868,0.07367659703151075,0.0397285584409691,0.00014301901755897194,0.0014353393382385252,0.057662913815877084,0.13433311575578563,0.07772288189428768,0.08231146441963005,0.03794058141131748,2.7764451051977987,0.08373539626829754,0.12617389098760834,0.5911473531894338,1e-150,12.706204736432095,0.033255960463776775,0.2527751553058162,0.37171674516782216,0.09879696473627296,0.21702965311168673,0.5717046075682307,-0.005609807243317061,0.13433311575578563,-0.0031394499117873855,0.19388446592450692,0.0002892918450344909,0.2861672411958622,-2.4459445411262165e-05,0.44016388314903004,-0.0002064968017277412,0.6614289311079893,0.00015855692628694164,1.364505794256775,-0.0020313819996546118,-3.546335172712268e-05,0.013340109371288393,0.01884700139388874,0.25
0.5,552099655,-0.08998726508012929,0.1,0.05949444354120904,0.03335354938477302,0.034921939809971145,0.035484695878721995,9.81118945505555e-05,0.0011610517470548344,0.036334438456159614,0.32612014812863077,0.0331541251139685,0.08231146441963005,0.03412341407219208,2.7764451051977987,0.10413258526532591,-0.31041764662417504,0.2678191666788381,0.03608095551297416,12.706204736432095,0.031147770787526396,-0.15396150549338933,-0.026013024666869264,0.07886651140210652,-0.24868559354198277,0.10172552825016726,-0.005617740456925184,0.13433311575578563,0.0012308447543722587,0.19388446592450692,0.0002024788095850197,0.2861672411958622,-0.0006792385482255663,0.44016388314903004,-9.165338260414787e-05,0.6614289311079893,-4.1866489861241443e-05,1.364505794256775,0.00012433343970730495,-0.0004977112856222394,0.04965850593834661,0.08246465657514117,0.25
0.5,818247616,-0.052712330981288025,0.1,0.06575622424472148,0.03340044410155281,0.0450202585045292,0.04499820035902148,0.0010463040334394845,0.000978534002111156,0.04496322104802672,0.2431366342882323,0.03856413729851608,0.08231146441963005,0.031326700034718546,2.7764451051977987,0.1164139432133866,-0.26376259276455033,0.3826712528586132,0.04223782884479006,12.706204736432095,0.02750592532231024,-0.10204684759563726,-0.0031401326985775746,0.09527853525982702,-0.15546370248931018,0.26079912488480944,-0.005774059647405604,0.13433311575578563,-0.003314273370143657,0.19388446592450692,0.001097810867236136,0.2861672411958622,-0.0005764386232786863,0.44016388314903004,0.00040937030954231696,0.6614289311079893,-0.0002328905971596713,1.364505794256775,-0.0009386476694026026,-0.0002751890312271825,0.03718998751929356,0.05647610776927832,0.25
0.5,274461442,-0.16282745436983162,0.1,0.06077562034400245,0.036815081280009765,0.044991670697304385,0.06355796251168924,0.0007333613962771011,0.003306253202360194,0.06458833772242126,0.32612014812863077,0.044833507423182394,0.08231146441963005,0.057583060421045024,2.7764451051977987,0.12847009243616364,-0.4730149426692746,0.24036537594811605,0.0646687306642554,12.706204736432095,0.05153813793569903,-0.2689926888973406,-0.06223577652189168,0.07513842576788911,-0.25051278893118206,-0.003662144501635382,-0.003941953399931211,0.13433311575578563,-0.0032893229997019444,0.19388446592450692,0.0017979525318315588,0.2861672411958622,-0.000940307631626791,0.44016388314903004,-9.635332411637805e-05,0.6614289311079893,-4.840265406407662e-05,1.364505794256775,-0.0005628043364653768,-0.00037511969180587966,0.04328622691334368,0.058233393816333336,0.25
0.5,1274341342,-0.13752516061098705,0.1,0.07572616203359177,0.05366894275638291,0.07707461883950406,0.08669854067823843,0.002176778676907769,0.0053398582788283955,0.08758617904005654,0.19388446592450692,0.06886892544618965,0.08231146441963005,0.07317985648551922,2.7764451051977987,0.09840717313523215,-0.4413570170313139,0.10508721130402135,0.07507409158919745,12.706204736432095,0.06214174418355225,-0.2484630344414736,-0.025022592712939905,0.07723261036758022,-0.25098301172667137,0.04119964852584941,-0.005454748189979444,0.13433311575578563,-0.001551800323462897,0.19388446592450692,0.00046872206067583315,0.2861672411958622,-0.0005767981647585463,0.44016388314903004,0.00040815826907115445,0.6614289311079893,-0.00046556900734612733,1.364505794256775,0.0022095635046789066,-0.0010886681193852258,0.07411941838461068,0.11324695666235368,0.25
0.5,1088131905,-0.21278186285734982,0.1,0.06135769060645612,0.053116127637222704,0.07500338734574276,0.0806657913022006,0.0033548485801975316,0.0031521213062126493,0.08609630283426943,0.32612014812863077,0.05411143608204573,0.08231146441963005,0.05622482977651629,2.7764451051977987,0.0593656651032961,-0.3611383696756098,-0.03148734908989337,0.09272747934443297,12.706204736432095,0.05050495597524566,-0.3078196115566979,-0.1177441141580017,0.05680505242239259,-0.3141318616237221,-0.1314037837564321,-0.005896591673155208,0.13433311575578563,-0.0001843417286732652,0.19388446592450692,-0.0007479720124506704,0.2861672411958622,-0.0002682071185719486,0.44016388314903004,-0.0001582058823215892,0.6614289311079893,0.00012102973863321967,1.364505794256775,-0.0007692404092153865,-0.000362637677172028,0.04241838818449054,0.0687072650448026,0.25
0.5,711396414,-0.0046677268745895905,0.1,0.06417337649727123,0.052630175313130904,0.04629230014067083,0.05272315875360315,-0.0005324790107569732,0.003312210479714614,0.057893156369530956,0.13433311575578563,0.05551997175934895,0.08231146441963005,0.057634914265337005,2.7764451051977987,0.1159774097801737,-0.12109089137887152,0.5229189320164936,0.0465059887943165,12.706204736432095,0.05422200090024459,-0.10464756844049594,0.08958925660502971,0.1379564405215758,-0.05661581094458791,0.4383965380379399,-0.007649529339138814,0.13433311575578563,0.0017920982162679287,0.19388446592450692,4.0662535235258124e-05,0.2861672411958622,-0.00030563290362012525,0.44016388314903004,-0.0006485393863904431,0.6614289311079893,0.0003633131660168126,1.364505794256775,0.0018387992812459492,-0.0009930019220923184,0.07102481124347569,0.10008392910002724,0.25
0.5,897169238,0.06814932214669642,0.1,0.0653797723204571,0.026945547355004054,0.030444682120364573,0.026510172559588832,0.00010282101220970038,0.0005999682369294762,0.028412172426490093,0.13433311575578563,0.03196294567644036,0.08231146441963005,0.02452961983347759,2.7764451051977987,0.14407510958418468,-0.3266230368769458,0.47341022869474625,0.027435563020127205,12.706204736432095,0.022288660860493952,0.028266919700214412,0.11080783477927234,0.06613341084404478,-0.042036079092124826,0.2134424493765033,-0.006774194485006463,0.13433311575578563,-0.0014862249257542289,0.19388446592450692,0.0008671240541579451,0.2861672411958622,-0.0003786455913472214,0.44016388314903004,6.469529346079859e-05,0.6614289311079893,-0.00013625621611879895,1.364505794256775,-0.000381260410872311,-0.00043331885634028777,0.046518250228970374,0.06358154170001405,0.25
0.5,2118338166,-0.15672456494898335,0.1,0.07083048986996408,0.10958855639055747,0.09471492217043977,0.0806712704190862,-0.0016658326133359835,0.008173686484365315,0.09104043559471632,0.13433311575578563,0.10364729963689935,0.08231146441963005,0.09053899632593357,2.7764451051977987,0.0718812006432745,-0.434286145662616,-0.03513773029909528,0.06596360297883597,12.706204736432095,0.08174067015244729,-0.2971242014173949,-0.025480548842251288,0.13452590652828963,-0.514412511092912,-0.04235741592388134,-0.006492303466189423,0.13433311575578563,5.77771509622338e-05,0.19388446592450692,-0.00017772624926144963,0.2861672411958622,0.0005232839612661262,0.44016388314903004,-0.0006412965817222616,0.6614289311079893,7.910978514419809e-05,1.364505794256775,-0.0006091340866390012,-0.000368264452611681,0.04272390772175537,0.055903505350029456,0.25
0.5,617909794,-0.23224182329261644,0.1,0.07094272517139256,0.03770863088131958,0.05844352014271716,0.04090670062313295,0.0013779626628542074,0.0002953954930164181,0.044043333249867964,0.32612014812863077,0.04500082261061405,0.08231146441963005,0.017211892319436796,2.7764451051977987,0.061924593058893564,-0.3763552649495479,-0.032494798370086675,0.04717626274745114,12.706204736432095,0.014443674508427764,-0.25483724040347583,-0.2051729044756394,0.08737541509637294,-0.29106976762563314,0.012909675189343276,-0.0047643392089870675,0.13433311575578563,-0.0039424468035425125,0.19388446592450692,-3.115918623747266e-05,0.2861672411958622,-0.0005307435343076068,0.44016388314903004,0.0005817071906203304,0.6614289311079893,-0.00048531116947169844,1.364505794256775,0.0025471585968962476,-0.001266605527351143,0.07974455298207286,0.11489996811371074,0.25
0.5,262605991,-0.10543967813298137,0.1,0.07752718347913783,0.05442415035231558,0.061127484756670326,0.03506709753780829,0.0007825338042399118,0.0004471675254862486,0.04587641775228674,0.13433311575578563,0.06338847850142079,0.08231146441963005,0.021176872223687925,2.7764451051977987,0.03435602805010853,-0.19128350883862083,-0.0005082570110965939,0.024461428976868108,12.706204736432095,0.018453656962744334,-0.13911440781042778,-0.06587257116456532,0.08162313366974909,-0.19535773156295727,0.08781467617682855,-0.008624397743287169,0.13433311575578563,5.10218704056527e-05,0.19388446592450692,0.0007794969917194207,0.2861672411958622,-0.0006347875977423108,0.44016388314903004,9.111857571771075e-05,0.6614289311079893,-0.00024553865013617895,1.364505794256775,0.00047943277217787575,-0.0007674050705382805,0.061948569900280005,0.09197827748749145,0.25
0.5,1338711377,0.0725296171626329,0.1,0.07285444266424385,0.05677136480993666,0.06288455495225698,0.029738829039242187,0.00048218360862870057,0.00040221434399657387,0.03397642381570347,0.13433311575578563,0.06171272703343276,0.08231146441963005,0.020084242908282004,2.7764451051977987,0.03524447916398705,0.03893206512222644,0.23464078844242173,0.014039881558342288,12.706204736432095,0.01944609419553899,0.040535070630824635,0.10452416369444116,0.08747369005288476,-0.08162407394553643,0.2829985161186555,-0.007495148320823605,0.13433311575578563,-0.0002183124381799774,0.19388446592450692,-0.0002593005910660337,0.2861672411958622,-0.0001729797915072525,0.44016388314903004,-0.00010772913446654127,0.6614289311079893,-7.70745700275551e-06,1.364505794256775,0.0018305459866968371,-0.0010503833986887227,0.07258067930768893,0.10234592717425706,0.25
0.5,1442983138,0.04122427357056939,0.1,0.07866724767599619,0.0763606311547353,0.09137593429684192,0.09911520864627814,0.0026826542725110524,0.007141170312484197,0.10145278630875781,0.32612014812863077,0.08343673602708897,0.08231146441963005,0.08462747504824014,2.7764451051977987,0.13464366593316732,-0.33723025352097613,0.41043124093108385,0.10168192196493879,12.706204736432095,0.07223618420788995,-0.08193083999854574,0.15054290103646173,0.10423623616230723,-0.11281686496265456,0.2961871143766136,-0.007318134601368684,0.13433311575578563,-0.002671585425346139,0.19388446592450692,0.0016861281457373736,0.2861672411958622,-0.0008361034226624207,0.44016388314903004,1.674241465156274e-05,0.6614289311079893,-0.00011037085898340249,1.364505794256775,-8.415402195624462e-05,-0.0006386553291025111,0.05653673180688912,0.0726576075768507,0.25
0.5,2127719756,-0.16529092363631157,0.1,0.0739672957696052,0.10290154178418656,0.11354686829009773,0.08992579664589465,0.001827179595287734,0.006259469307111063,0.09469712119038512,0.32612014812863077,0.11027190544524149,0.08231146441963005,0.07923105615139632,2.7764451051977987,0.08081153547906476,-0.4781747633404721,-0.029437179091736876,0.10325495047189347,12.706204736432095,0.07302893399660296,-0.2796738170396077,-0.05236587725921896,0.1453391262275857,-0.5311408831196472,-0.04221870814640022,-0.0068589101017219635,0.13433311575578563,0.00016324066076270027,0.19388446592450692,-0.0015735055219357487,0.2861672411958622,0.00031249149846926974,0.44016388314903004,-0.00023039476371136927,0.6614289311079893,0.00023478938940166004,1.364505794256775,-0.001589949306719829,-0.0001392983696607503,0.02625286552133759,0.038284410138171916,0.25
0.5,2283058,-0.37022553803192826,0.1,0.06652588173822008,0.08722823279578937,0.08418584637075058,0.10901369882679134,-0.0001169593182074307,0.012000945850105797,0.11903338919385725,0.13433311575578563,0.09913318041798186,0.08231146441963005,0.1097070219480115,2.7764451051977987,0.2033781973663462,-0.6834993653505285,0.44583743581295904,0.09826233160699588,12.706204736432095,0.09615708651276822,-0.5492799747548786,-0.16347323047008835,0.10038761592507918,-0.4832860018796804,-0.10602293108602012,-0.004235509235172669,0.13433311575578563,-0.003564833947702842,0.19388446592450692,0.0011871935350575866,0.2861672411958622,-0.0009125570004318484,0.44016388314903004,-0.00020331176657652396,0.6614289311079893,0.00013318112338122178,1.364505794256775,-0.0013120433319171038,-0.00026744775399546034,0.03642392461177129,0.06313711291096667,0.25
0.5,839088194,-0.04868096474477437,0.1,0.06738892521523894,0.0545179079991786,0.06361118824403872,0.06912301955818521,0.0014527559080400724,0.0033252359248011846,0.07044840235009962,0.19388446592450692,0.06138237453437307,0.08231146441963005,0.05774812926194551,2.7764451051977987,0.05091975354107755,-0.26554287300112756,0.017208927952878567,0.06152294483968461,12.706204736432095,0.05190881541244905,-0.1344218427986711,0.03751214505774709,0.07681096744214247,-0.21153460092210608,0.08888772410666773,-0.006410985702550271,0.13433311575578563,-0.0014253855587028508,0.19388446592450692,-0.0007198632097627694,0.2861672411958622,0.0007988446515111429,0.44016388314903004,-0.0003840390638634879,0.6614289311079893,5.970596555137871e-05,1.364505794256775,0.0005451762070400568,-0.0006387647134521434,0.05629784016895093,0.07885450251827962,0.25
0.5,453547872,0.05217856875408985,0.1,0.062192760862352627,0.028534256475415715,0.029907433505298443,0.03504876640324375,0.00015982429581292866,0.0010685917305762193,0.03527115874833168,0.19388446592450692,0.02713101100871552,0.08231146441963005,0.03273652617463418,2.7764451051977987,0.16727464073604267,-0.3085524509632761,0.6203052640273359,0.033225142201767255,12.706204736432095,0.02939556637030273,0.008205643612912986,0.11593613110685119,0.05939880505620049,-0.005844700310091122,0.2045316714774128,-0.006860796278967585,0.13433311575578563,-0.001412944440123444,0.19388446592450692,-0.0005334626438563577,0.2861672411958622,0.0003728675857706626,0.44016388314903004,-0.0003195112520061365,0.6614289311079893,0.00012789252325537797,1.364505794256775,-0.0002962285834772774,-0.0004865404290693822,0.0492232093585257,0.06218109941131745,0.25
0.5,292064797,0.1466000330852194,0.1,0.06467344159580041,0.06507252613251377,0.08328207037265323,0.08164815104333854,0.0013291299738050991,0.005337290594990725,0.08231458362010459,0.19388446592450692,0.07589964426946172,0.08231146441963005,0.07316226001397147,2.7764451051977987,0.2403287817560053,-0.8810512200661018,0.4534681194231201,0.0828728715565623,12.706204736432095,0.06647788335773946,0.036553152522162013,0.2600856805229125,0.19974491224838262,-0.6162766255601765,0.21084811873955311,-0.008293491766533939,0.13433311575578563,-0.0011142458801409842,0.19388446592450692,-0.0007552433732603745,0.2861672411958622,4.6776261105091095e-05,0.44016388314903004,0.00034578430684412283,0.6614289311079893,-8.152015592382071e-05,1.364505794256775,0.001137704010968104,-0.0008543296426073978,0.06551894177149804,0.08644568523875334,0.25
0.5,1594476663,-0.6518491847758474,0.1,0.05038739643565264,0.03608886000547902,0.05049122231011375,0.032202852436818294,0.00042328554981724124,0.0006137381552502526,0.03436272006217307,0.32612014812863077,0.04313694739835188,0.08231146441963005,0.024809513597559868,2.7764451051977987,0.0855321916812252,-0.7561751022201435,-0.28122423235978844,0.03438808334908351,12.706204736432095,0.022354242548203694,-0.6900553573558095,-0.6084951374939617,0.10873737391835209,-0.7302355662887781,-0.3271353236940475,-0.001092298280624382,0.13433311575578563,0.0009466706734079138,0.19388446592450692,-0.001623871908459556,0.2861672411958622,0.0009395496929399997,0.44016388314903004,-0.0008140771806043262,0.6614289311079893,-0.0010198815208099976,1.364505794256775,0.0037180649502154763,-0.001580318919623664,0.0884100542223822,0.15312512985016916,0.25
0.5,256308724,0.18119182788544716,0.1,0.07102476318722103,0.05368014725943899,0.053973012577100896,0.05412779204080927,-0.00010455898342235639,0.003034376854635451,0.054721970022463665,0.19388446592450692,0.051083190850924956,0.08231146441963005,0.0551647236006659,2.7764451051977987,0.20779474136729678,-0.5166315429054162,0.6372298422047311,0.04858677557604617,12.706204736432095,0.05537017830235837,0.10022901308392967,0.2599115345737643,0.13974231628672493,-0.16888168536027615,0.32922271820611193,-0.006892772746779725,0.13433311575578563,0.0021587223550307713,0.19388446592450692,-0.0019312389894084656,0.2861672411958622,-7.591198235453726e-05,0.44016388314903004,0.00047372713017409537,0.6614289311079893,-0.0005886323934787995,1.364505794256775,-0.0019221812457865068,-0.00012302741491445823,0.024777746477063756,0.03603184883157862,0.25
0.5,1027633058,0.2190517875313761,0.1,0.06121394858372256,0.10038226527605636,0.09014321068735293,0.12731552261709533,-0.0034205838657113893,0.0196298261649755,0.1386568646660311,0.13433311575578563,0.11856454025244359,0.08231146441963005,0.14030880145809943,2.7764451051977987,0.15756220231638574,-0.019051482150639454,0.8558741286203895,0.11672265351886282,12.706204736432095,0.12244796536668881,0.02524762637304651,0.4354068195940814,0.13898288474009612,0.10101962423795104,0.5767888300186139,-0.005900407249702644,0.13433311575578563,-0.000559219566379447,0.19388446592450692,0.0005557823543643866,0.2861672411958622,0.00012260360728103448,0.44016388314903004,-0.00048088902258073657,0.6614289311079893,-7.838551120432924e-05,1.364505794256775,0.002076372792227892,-0.0010167805617823688,0.0710008943234524,0.11723177645738543,0.25
0.5,1799500337,-0.008685819924450708,0.1,0.07166127850350938,0.05848735610390511,0.08322101731969932,0.07328843118797077,0.003100542501597015,0.002270651644396911,0.0733100838083364,0.2861672411958622,0.07040524845590952,0.08231146441963005,0.04772016577301296,2.7764451051977987,0.06160925110966172,-0.11067259156257098,0.2314368157940737,0.06863486520724688,12.706204736432095,0.044766368133969975,-0.08423903201673792,0.0668673921678365,0.08314609592325915,-0.12587323013680504,0.15551440353993842,-0.0072595819144942765,0.13433311575578563,0.0004501618330373539,0.19388446592450692,-0.0008621904148202679,0.2861672411958622,0.00046516667807750185,0.44016388314903004,-0.00044254334315581425,0.6614289311079893,9.559052802781903e-05,1.364505794256775,-0.0005543845245480326,-0.00041271307686765405,0.04535170660356299,0.06596035850472128,0.25
0.5,1452660832,-0.1864274846533878,0.1,0.07145413457398621,0.049300526047919964,0.057057707324015244,0.04393054364566474,0.0014026382474490468,0.0005272544175546075,0.0494141925769208,0.32612014812863077,0.04938036104605451,0.08231146441963005,0.022995179369875374,2.7764451051977987,0.09728349408888881,-0.35492764726750103,0.18527691469176766,0.05512202347324468,12.706204736432095,0.020312821789848477,-0.22450867914195002,-0.14834629016482556,0.11322179759721993,-0.23326513205412414,0.2135730621531516,-0.007991033866887666,0.13433311575578563,0.0009240809405169562,0.19388446592450692,-0.0010123753532124912,0.2861672411958622,-0.000374554495796683,0.44016388314903004,0.0007230531784554701,0.6614289311079893,-0.0005632533371010938,1.364505794256775,-0.001380574077488955,-0.0002589650776864369,0.03621573210495032,0.05144320407497257,0.25
0.5,227410161,-0.25496559612398273,0.1,0.07357695788563903,0.10382226025735579,0.15271892862379685,0.1777144859590252,0.01421322301862794,0.01736921550105262,0.1782818751643422,0.2861672411958622,0.12754510445711917,0.08231146441963005,0.1319826335009775,2.7764451051977987,0.14846369779363477,-0.5500004732015671,0.2744021408758379,0.17477929525979655,12.706204736432095,0.11423719947673962,-0.4462885951706923,-0.0365107637221149,0.10722089438607053,-0.45445007503046464,-0.05418762331929384,-0.0051128055985275,0.13433311575578563,-0.001720966221543372,0.19388446592450692,0.0015143902612033296,0.2861672411958622,-0.0015901396627232456,0.44016388314903004,-0.00046271840112627454,0.6614289311079893,0.0004596394214918506,1.364505794256775,-0.00017935022720979695,-0.0005912715014435531,0.054575121368613616,0.08724721503391344,0.25
0.5,982546830,-0.3356515979622535,0.1,0.060545901147045146,0.02316418630528464,0.02569254057817688,0.01893645444102696,0.0001462098411059991,0.00021237946569109054,0.02019676536867063,0.32612014812863077,0.025579728198088177,0.08231146441963005,0.014594289265865158,2.7764451051977987,0.07395923622237786,-0.5879491891604004,-0.1772616703728229,0.018364152829061606,12.706204736432095,0.013376841653184039,-0.359518986623941,-0.31178420930056605,0.061488264094325965,-0.5198615304368323,-0.26662129822574565,-0.005578433719173945,0.13433311575578563,-0.000630751420679389,0.19388446592450692,-0.0007078977385671619,0.2861672411958622,-0.0006067457165722055,0.44016388314903004,0.00028698115357933074,0.6614289311079893,-8.421276496692323e-05,1.364505794256775,0.0004520537762428845,-0.0006619835825286879,0.05739992756245244,0.097570327907926,0.25
0.5,1752096747,-0.15037407369315436,0.1,0.07164533081195254,0.040470668982793265,0.05461507054669537,0.07003669295501876,0.0011921583982480862,0.0037129799618274874,0.07076860581587488,0.32612014812863077,0.047227428162777724,0.08231146441963005,0.061022218230629116,2.7764451051977987,0.19292460707487208,-0.687206585815096,0.38408257615537833,0.0687401094496322,12.706204736432095,0.056002516285530976,-0.24046843033376353,-0.056822445155545194,0.1217120531020722,-0.42205283569567054,0.1686702365928914,-0.004952171406953629,0.13433311575578563,-0.004119870103061552,0.19388446592450692,-0.0009116925616282483,0.2861672411958622,0.0005537493925364225,0.44016388314903004,-0.00032011249907475386,0.6614289311079893,-0.00018980067463622712,1.364505794256775,-0.0006231815779441524,-0.0005784274828158962,0.05374604778800408,0.062745083746515,0.25
0.5,1029553900,0.1697263653287468,0.1,0.07139031550645632,0.08073012861715316,0.09517967808638621,0.11616749789261051,0.002545509963162219,0.010949377603467448,0.11811138758560934,0.19388446592450692,0.08915878895024834,0.08231146441963005,0.10479037743742252,2.7764451051977987,0.10494970420981099,-0.046701715544422595,0.5360724695461505,0.1207780649688649,12.706204736432095,0.09278525866452927,0.02062649665069982,0.3509521579079574,0.08510391743603743,0.030270817140121926,0.35944238099333703,-0.00714690974083874,0.13433311575578563,-0.0021850143920873278,0.19388446592450692,0.00035946276461102007,0.2861672411958622,-0.00030601538895748,0.44016388314903004,0.0002747206554936234,0.6614289311079893,-0.00015916353336269218,1.364505794256775,-0.0014080095279449692,-0.00022736417369770843,0.03379918896162123,0.0435779298638849,0.25
0.5,99117540,0.009813318138128966,0.1,0.061202587762751726,0.03268955754979279,0.03704235936551987,0.029360520958282812,0.00036540645963771047,0.0004966337313040538,0.03453012796095651,0.32612014812863077,0.032173845038332795,0.08231146441963005,0.02231746152475632,2.7764451051977987,0.08636871293331096,-0.11288857433528773,0.3667074061965623,0.04016252747516793,12.706204736432095,0.020832268113788906,-0.02875213261862016,0.046921341050487925,0.0648429866734374,-0.037868189855716786,0.16645401791275394,-0.005425493667273758,0.13433311575578563,-0.0017061133571865232,0.19388446592450692,0.0010125557105825588,0.2861672411958622,-0.0008692583324088647,0.44016388314903004,0.00010630212797323794,0.6614289311079893,3.539181044520543e-05,1.364505794256775,-0.0005859902740353849,-0.0003348187646011182,0.041019324969808334,0.06143208819925995,0.25
0.5,789312278,0.04959959800526512,0.1,0.07926175554054439,0.08033928545664516,0.1286713049319485,0.11706377428325883,0.009856640220411182,0.0038472870290305887,0.12364758477370562,0.32612014812863077,0.09725114326860212,0.08231146441963005,0.0621160716377339,2.7764451051977987,0.08643134992151122,-0.16445593278547577,0.31548786406496016,0.12546448991312698,12.706204736432095,0.05802026756843171,-0.06712161568789463,0.14298853737317135,0.08482547983633545,-0.11347315668695812,0.23351345510317326,-0.006281614896780591,0.13433311575578563,-0.0011330768053967569,0.19388446592450692,0.0004663032820808762,0.2861672411958622,-5.233346663872467e-05,0.44016388314903004,0.00036032119394730237,0.6614289311079893,-0.0006818737274682406,1.364505794256775,-0.0004805465221022496,-0.00041969162181380843,0.045758600554562524,0.06491416473818575,0.25
0.5,509834458,0.05525080027573624,0.1,0.06611951633214715,0.02525928708165372,0.029307928641279,0.016870968508133164,0.00020308487070892724,8.154470769349364e-05,0.018419475252312762,0.13433311575578563,0.029104627172196106,0.08231146441963005,0.00904325085571713,2.7764451051977987,0.0418112789629866,-0.06807299775556817,0.16410044388211953,0.014268112220400114,12.706204736432095,0.007812022840992774,0.040268341111014426,0.07050692528561837,0.07497139266775853,-0.02930162060351175,0.325298550137232,-0.006246605152963968,0.13433311575578563,-0.0032183796243669344,0.19388446592450692,0.0005367253248662358,0.2861672411958622,-6.987697911095215e-06,0.44016388314903004,-0.0003555863307834564,0.6614289311079893,0.0002628015693802933,1.364505794256775,-0.00019332702883647352,-0.0005119146422963213,0.050754583500561695,0.07986432139150784,0.25
0.5,1458881765,-0.19297736488637127,0.1,0.061682873285687154,0.061944295478255314,0.07562433249280558,0.04887437899003074,0.0023018242371005554,8.6880684560603e-05,0.05529782013939802,0.32612014812863077,0.06185136798564628,0.08231146441963005,0.009334440786945826,2.7764451051977987,0.038560066075690944,-0.3008398709639582,-0.08672005754004658,0.05821082928888726,12.706204736432095,0.008824569079368355,-0.20560441024051349,-0.17511664888428646,0.07767442162801606,-0.3498611692234553,-0.08199337168601152,-0.005215820863904841,0.13433311575578563,-0.0005624784868942826,0.19388446592450692,-0.00045469141336134175,0.2861672411958622,0.0002041305693984041,0.44016388314903004,0.0003211007425639046,0.6614289311079893,-0.000463051604694804,1.364505794256775,-0.0010025364167481194,-0.00017375598171411527,0.029682593055208126,0.04907140033270241,0.25
0.5,1073953300,-0.07669300431991917,0.1,0.07471927997578594,0.11195844551395656,0.09089138954485694,0.12627639981879987,-0.004057708500448745,0.020003437651646142,0.14203953636933422,0.13433311575578563,0.11963524096747648,0.08231146441963005,0.14163774587045502,2.7764451051977987,0.11019748895046984,-0.5451865030925349,0.06672805451070607,0.11351039859312793,12.706204736432095,0.12269001354066178,-0.2755184128441486,0.11867717651764208,0.11889882462714856,-0.38517938764763077,0.058762426738722943,-0.007497740518066692,0.13433311575578563,-0.0034567055036355994,0.19388446592450692,0.0006823866535482498,0.2861672411958622,-3.2519099112935784e-06,0.44016388314903004,-1.685361423459138e-05,0.6614289311079893,-0.00015548498425578628,1.364505794256775,-0.0010107701856881051,-0.00040888719378184255,0.04504345260833715,0.06517945853773059,0.25
0.5,664406982,-0.047387727443591536,0.1,0.06454103222102472,0.052080036785116884,0.057858371618327985,0.039889555447081546,0.0006917283964753035,0.0008994482372904893,0.04337661063529212,0.32612014812863077,0.05399840457822021,0.08231146441963005,0.030034110585631497,2.7764451051977987,0.032583365602725935,-0.12005956635867915,0.06087228551843835,0.04551070684197531,12.706204736432095,0.026005140556024695,-0.0927015018942938,-0.006743637706184894,0.07140648905520677,-0.23516432125796458,0.05691762603466863,-0.0055785785540410655,0.13433311575578563,-0.0012837564145636335,0.19388446592450692,-2.321934272550621e-05,0.2861672411958622,7.408663446805306e-05,0.44016388314903004,-1.2957966424957921e-05,0.6614289311079893,-0.0001856431887226257,1.364505794256775,-0.0011975765855363615,-0.00019280740455482616,0.031100469396398874,0.037238279509101836,0.25
0.5,1162520674,-0.13929182124949926,0.1,0.06678149070461213,0.028298055751942237,0.04132477850700924,0.03104163048803666,0.0007872398600921905,0.0001763429632636165,0.03157734340091095,0.2861672411958622,0.033448836656138015,0.08231146441963005,0.01329859485085371,2.7764451051977987,0.08572208189459256,-0.37747787280719636,0.09852743656001633,0.02924080122254886,12.706204736432095,0.01142985708418006,-0.15939852173393657,-0.11998613531224553,0.09144762108435935,-0.21596110405675856,0.14187464058875948,-0.005307832194750576,0.13433311575578563,2.8965083733689946e-06,0.19388446592450692,0.0005959400031125193,0.2861672411958622,-1.310373570389203e-05,0.44016388314903004,-0.00011793228109641873,0.6614289311079893,-0.0007546022874008312,1.364505794256775,-0.0001552795855093619,-0.0005463997036029062,0.05231480316221992,0.06555690335331447,0.25
0.5,122917899,-0.1993657527316982,0.1,0.07591059980466905,0.05590552282860199,0.07741300989787213,0.07508443105921103,0.002500183026461677,0.003137488761023737,0.07568988830086724,0.2861672411958622,0.06717651001781567,0.08231146441963005,0.056094176592729215,2.7764451051977987,0.12595975507771145,-0.4512919098431609,0.2481487810316901,0.0669649105261235,12.706204736432095,0.04797424516490045,-0.2889250452942393,-0.10189602709831341,0.06396314274819373,-0.2994480388688708,-0.04664572596453724,-0.00706143913621274,0.13433311575578563,-0.002557968478493201,0.19388446592450692,-0.0005763768933911595,0.2861672411958622,-0.0004578816176594444,0.44016388314903004,0.0004189214072301683,0.6614289311079893,-5.441928662815965e-05,1.364505794256775,-0.0011590404350726963,-0.00036170800815394006,0.04283816570110895,0.06184754854366838,0.25
0.5,386264405,0.30511821643759357,0.1,0.04741010157673993,0.04569240809476443,0.0321914330201224,1e-150,-0.0009409129989869233,0.00047613532784632933,0.00804042675895496,0.13433311575578563,0.040445555165741345,0.08231146441963005,0.021852035180061038,2.7764451051977987,0.1247127089570488,-0.11687988319018691,0.5756360974893248,1e-150,12.706204736432095,0.019111975167477473,0.26861077960425617,0.341625653270931,0.08540295331019479,0.16865717568910218,0.42132055064088175,-0.005654744405217302,0.13433311575578563,-0.002349012627549828,0.19388446592450692,0.0007113106195570356,0.2861672411958622,-8.088430395093813e-05,0.44016388314903004,-0.0003338132088060489,0.6614289311079893,-0.00011602638414539615,1.364505794256775,-0.001243527143231677,-0.00028753609055582035,0.03787124538748041,0.05185871268654896,0.25
0.5,736447549,0.048475395557748796,0.1,0.06956254364258162,0.05109549791355026,0.06246268510077164,0.04754357907930591,0.0012667892620363379,0.0009936026496338768,0.047647019542744466,0.2431366342882323,0.055767916140541884,0.08231146441963005,0.03156698169911651,2.7764451051977987,0.06475492883064243,-0.17597262034653988,0.18360439003199813,0.03316086622885406,12.706204736432095,0.02658646600902301,0.0006063778810085183,0.09332695551182194,0.08401987994675437,-0.1275934446158246,0.16032414036169454,-0.006881104109103367,0.13433311575578563,0.0009069816248985321,0.19388446592450692,-0.0006746310756378851,0.2861672411958622,7.725517532749958e-05,0.44016388314903004,-0.00029980110711485083,0.6614289311079893,8.225449436782343e-05,1.364505794256775,-0.0009888968186489487,-0.00027814388876670645,0.03725600600958686,0.05467434842711968,0.25
0.5,416062833,-0.27584903840316993,0.1,0.047512676180675804,0.028180708780040205,0.029147098765941164,0.028840771165946317,0.00023705173331675796,0.0005947383481297226,0.029568745977852102,0.13433311575578563,0.028865117757716458,0.08231146441963005,0.024422474180345342,2.7764451051977987,0.03530547152616904,-0.3438832534831679,-0.14783584627210333,0.0251260487794305,12.706204736432095,0.022119246320041766,-0.31617604104912683,-0.23552203575721303,0.03363933215679941,-0.3218979762358558,-0.1915828774616533,-0.004386621423753424,0.13433311575578563,-0.0007607265172036964,0.19388446592450692,0.00011371149873454782,0.2861672411958622,-0.0007308539285913062,0.44016388314903004,8.72687495568402e-06,0.6614289311079893,9.252285808436835e-05,1.364505794256775,-0.0006882767298260736,-0.0002856264900602177,0.03795938039264615,0.045621020304552486,0.25
0.5,220352148,0.04950074166531279,0.1,0.058223131133410114,0.021147400657134358,0.030589958157742167,0.037544282907142734,0.0004762812814391131,0.0009332918975724569,0.03931477071365253,0.32612014812863077,0.026622004632108422,0.08231146441963005,0.030593941769555728,2.7764451051977987,0.33339677765239295,-1.1889146805254516,0.662401022277959,0.04150808969799775,12.706204736432095,0.027665786128864313,-0.006578616954468264,0.10558010028509385,0.06238172529247685,-0.12917330164409788,0.09899800075006743,-0.007528687244869123,0.13433311575578563,0.0005347889905793432,0.19388446592450692,0.00010715850591718744,0.2861672411958622,1.8677519132721627e-05,0.44016388314903004,0.00014914335504112502,0.6614289311079893,-0.0006033813384818614,1.364505794256775,0.0009222025536658847,-0.0008151951245677527,0.06361483613973705,0.1107999114163394,0.25
0.5,433952441,0.10836022204014593,0.1,0.06498214238112565,0.050463780014296224,0.05937233246678089,0.05582154050047879,0.001130224585812684,0.0019858197980339104,0.05772260162351271,0.19388446592450692,0.055012629386132855,0.08231146441963005,0.04462688832544841,2.7764451051977987,0.02957904950591559,0.01867852931571813,0.18292774374992354,0.04752668893153743,12.706204736432095,0.04075140298230922,0.03647224715018417,0.17449865207141202,0.0778644934006921,0.013374014248298885,0.3205104912518262,-0.004989310441175059,0.13433311575578563,0.0007371671378774121,0.19388446592450692,-0.00013086788309967022,0.2861672411958622,-0.0005174865903561643,0.44016388314903004,0.0001103218506067317,0.6614289311079893,-0.00018844368189670506,1.364505794256775,0.00019652732719392118,-0.00048792201832983283,0.049661108031618675,0.07191596853218366,0.25
0.5,1539718333,-0.11121793380160624,0.1,0.05547382796354627,0.0679598410041587,0.05819987284639214,0.07988744399692602,-0.000926201968278511,0.007308205676640502,0.08839693273254477,0.13433311575578563,0.0663984124455969,0.08231146441963005,0.08561149256008155,2.7764451051977987,0.14379645762918342,-0.7209559725875443,0.07752996927111366,0.0691017356074519,12.706204736432095,0.07065711647466481,-0.23656054055172387,0.011961789161796778,0.11237693697937413,-0.4329498983642922,-0.030373344586880426,-0.006178669812559593,0.13433311575578563,0.00031442974164901214,0.19388446592450692,-0.0003448696798998587,0.2861672411958622,0.00028206558524610697,0.44016388314903004,-0.0003152746974788043,0.6614289311079893,-4.1540437030383405e-05,1.364505794256775,-0.00034820143503228073,-0.0003834758797745468,0.04364685465122285,0.06398900613390134,0.25
0.5,169963799,0.04792563935240209,0.1,0.07536058577692101,0.07049206088500551,0.0760214108240154,0.07105713724469194,0.0008482757282916057,0.004200841025119381,0.08677185690954672,0.13433311575578563,0.08394232398661067,0.08231146441963005,0.06490748943035403,2.7764451051977987,0.09156759855821546,-0.23028279892331305,0.27818202270003556,0.04983154530091862,12.706204736432095,0.05864249453062483,-0.05550645085715942,0.15312088080246694,0.09591613119181162,-0.17856358436072906,0.23836514436533918,-0.00702494848325871,0.13433311575578563,-0.003962443000761902,0.19388446592450692,0.0014173903685496898,0.2861672411958622,-2.963724868703662e-06,0.44016388314903004,-0.0005566873368739887,0.6614289311079893,0.00040645359549038734,1.364505794256775,-0.000800847451603066,-0.00036849158973096196,0.04313672107385214,0.05464053107425428,0.25
0.5,293331168,0.16921842959351197,0.1,0.06579555540564963,0.08609129721701052,0.10577323772434218,0.10539257355866612,0.005233865417924613,0.005873729143394235,0.10988898739434796,0.32612014812863077,0.08316850736597935,0.08231146441963005,0.07675092989133352,2.7764451051977987,0.16605161464315454,-0.052123354961374824,0.8699430304109803,0.11230917110931077,12.706204736432095,0.06806054110635736,0.06170947276249606,0.2893277306826625,0.1457008075740784,0.08687763511071482,0.5626118822786845,-0.005023235624413665,0.13433311575578563,-0.0027956714408661765,0.19388446592450692,0.0002032448866213037,0.2861672411958622,-0.0004942214756102282,0.44016388314903004,0.0002969010519432652,0.6614289311079893,-0.0001962397426587953,1.364505794256775,-0.00014096446178029422,-0.00052504698840855,0.05099167026779484,0.07204036594047808,0.25
0.5,695147234,0.09820798356508267,0.1,0.06912746591352313,0.13142449731893138,0.16680735791051343,0.10753148945695307,0.007782526574053029,0.0037804946507777803,0.114315071169168,0.19388446592450692,0.14680465000798265,0.08231146441963005,0.061574515311901855,2.7764451051977987,0.14779207353163556,-0.18439866099437924,0.6362744972935062,0.07922340242045733,12.706204736432095,0.05396219292396259,-0.009209960373335796,0.19016722872526795,0.23199629841484945,-0.031860279409150066,0.8010458695610956,-0.007611562527751648,0.13433311575578563,0.00024233026644570897,0.19388446592450692,-0.000638997288377622,0.2861672411958622,0.0006237760577365104,0.44016388314903004,-0.0002498011660432042,0.6614289311079893,-0.0004418545844346301,1.364505794256775,3.639198590337552e-05,-0.0006452282339121406,0.056939340558233645,0.07814940155762898,0.25
0.5,1565781272,0.11324117281237997,0.1,0.055582776200168174,0.05814209251675747,0.058651279650324524,0.06457509712696469,-0.00029074179464751767,0.004460684963604441,0.0695611887919691,0.13433311575578563,0.0676966776359344,0.08231146441963005,0.06688480482649582,2.7764451051977987,0.10526463262126341,-0.2731652417122031,0.3113577062712996,0.0554517925174691,12.706204736432095,0.06664997919757382,0.0027997331090272443,0.23827978035923597,0.11560561989286644,-0.2531968933387964,0.20510321453930128,-0.0062051010394760416,0.13433311575578563,-0.0010716211898377306,0.19388446592450692,-0.0008597136777738522,0.2861672411958622,0.0007583128060817318,0.44016388314903004,-0.00031429889390939406,0.6614289311079893,-5.758433455671876e-05,1.364505794256775,-0.00021376842690612414,-0.00045539505706780603,0.04757851632066502,0.05644413369616434,0.25
0.5,1974395561,0.22897015980737453,0.1,0.0641673977677331,0.04371600641563424,0.03866757925798511,0.026117633630562215,-0.0003467189720450024,0.001028849758505277,0.03915204062347529,0.13433311575578563,0.04587431945435275,0.08231146441963005,0.03212200667331681,2.7764451051977987,0.11501834820451778,-0.16401445748680488,0.47466980227393396,0.020258689720065757,12.706204736432095,0.027706568557905306,0.18633355726185977,0.27160676235288933,0.08168393011721442,0.040457007661526045,0.28846017061502643,-0.003471728312537778,0.13433311575578563,-0.0021101318533432705,0.19388446592450692,-0.001196834213853213,0.2861672411958622,-0.000837053328178604,0.44016388314903004,0.00038028591751983063,0.6614289311079893,5.022245312778387e-06,1.364505794256775,0.0003188871752305532,-0.0006373766129570836,0.056489847269543,0.08275830547227181,0.25
0.5,813761475,-0.21757405323661566,0.1,0.05891603479886001,0.04069440087876928,0.04190052644799033,0.035999092339769716,-0.0002375153960786304,0.0015334500453658972,0.04615210651162841,0.13433311575578563,0.05141500206699582,0.08231146441963005,0.03921583840635308,2.7764451051977987,0.1763551213826121,-0.7749287132219298,0.2043519138567042,0.03175541607439082,12.706204736432095,0.03466219334550887,-0.28567733928871797,-0.1590747747365843,0.12053871174755162,-0.5944634538593604,-0.07712349540435053,-0.006234244464166272,0.13433311575578563,-0.00047816145653141023,0.19388446592450692,-0.000202787035378438,0.2861672411958622,-0.00013327496761313468,0.44016388314903004,-2.1036036115685868e-05,0.6614289311079893,4.009307137089555e-05,1.364505794256775,-0.0007847928039263668,-0.0002753787251427605,0.03729537769472899,0.04640307107247708,0.25
0.5,33534403,0.1620304510302501,0.1,0.07228293642747775,0.1391756538727079,0.13408838873128795,0.13988091750906997,-0.0009800737846308652,0.020546744867810107,0.14503421751180004,0.32612014812863077,0.14408547666669477,0.08231146441963005,0.14354834907966527,2.7764451051977987,0.09448563340125597,-0.21311129893309444,0.3115570498037671,0.15233274563358987,12.706204736432095,0.11837162001567572,-0.03844070363034292,0.37483236082010274,0.16543701134250108,-0.20404539673241748,0.33419228015264835,-0.007009842633796143,0.13433311575578563,-0.0007203450271764533,0.19388446592450692,-9.07989123330425e-05,0.2861672411958622,0.00013160435140273767,0.44016388314903004,0.00021104212514802594,0.6614289311079893,-0.0005490533041189154,1.364505794256775,-0.00033976911932566417,-0.000474989638791,0.04857166351042333,0.07821117086453004,0.25
0.5,220925574,0.025272358381505208,0.1,0.05857888854721733,0.04577147351606731,0.05488714740082606,0.04786053412933942,0.0009990750221655618,0.0012915557049801012,0.05308032716040353,0.19388446592450692,0.05159166211252674,0.08231146441963005,0.035990117045331914,2.7764451051977987,0.11362224451715099,-0.3829271319089207,0.2480047173535419,0.03672595692264759,12.706204736432095,0.03291320923597229,-0.031431555657628535,0.0798307037260305,0.1282485802471818,-0.3721820824902027,0.08663805687160958,-0.006864791818629722,0.13433311575578563,0.0013689031141148678,0.19388446592450692,-0.00029148510047278273,0.2861672411958622,0.00010867204987280855,0.44016388314903004,-0.00041419955572320814,0.6614289311079893,1.9280002277787676e-07,1.364505794256775,-0.0010660172362858546,-0.0002441202337293357,0.035058259043217174,0.05610887375078629,0.25
0.5,1141546393,-0.03384409015686168,0.1,0.0703250075271949,0.05524667317077087,0.04785139088021905,0.04288569518654776,-0.000864186855108588,0.0027033697067420735,0.049464850237266066,0.13433311575578563,0.05193426003521133,0.08231146441963005,0.05206902067436063,2.7764451051977987,0.05974940914383137,-0.14505582053386246,0.18672608857783995,0.03627123529244734,12.706204736432095,0.04938362190671373,-0.12027158499565085,0.05258340468192751,0.06039683450368164,-0.14176034849726024,0.1051128837504911,-0.006469759151914803,0.13433311575578563,0.00035477650040493635,0.19388446592450692,-0.0009728805769061895,0.2861672411958622,0.00043739710960251393,0.44016388314903004,-0.00022452439019512692,0.6614289311079893,-0.0001653945586582515,1.364505794256775,0.0010283756426122143,-0.0008004291498912383,0.0629052621597431,0.106460692577845,0.25
0.5,577616928,-0.2933552110149007,0.1,0.06350720638135965,0.06457219710251902,0.08018690731614506,0.0710196541310061,0.0015653248824958627,0.0034784663903918685,0.07226094873742854,0.32612014812863077,0.06991600420835663,0.08231146441963005,0.059063692413041415,2.7764451051977987,0.1050387777831738,-0.40321495715171446,0.18005384371238992,0.07099405895895693,12.706204736432095,0.05278100121047709,-0.38681565455404265,-0.2302784721535526,0.12178560664482961,-0.3545916272468748,0.09779122748912521,-0.005655637933907272,0.13433311575578563,-0.0015426639304100796,0.19388446592450692,-0.00024279237561613482,0.2861672411958622,-0.00038787302696395413,0.44016388314903004,2.0424520799081805e-06,0.6614289311079893,0.00017591721760456373,1.364505794256775,0.0005236081962419798,-0.0006393433315328743,0.05653265913466296,0.08360675852155057,0.25
0.5,652774603,0.052407905764567504,0.1,0.0663015089973159,0.042257684276086435,0.06302935299686097,0.060353204603762485,0.002560358663319341,0.001082150642624276,0.06494250439009158,0.32612014812863077,0.0456877426478593,0.08231146441963005,0.032943561520237016,2.7764451051977987,0.12557721487789839,-0.22179582525295288,0.47552066189127346,0.07340306013786829,12.706204736432095,0.029367700325131144,0.006239473715156067,0.11522505267278976,0.10420312810864878,-0.0325315456035786,0.29700257711032535,-0.005543594814031675,0.13433311575578563,-0.0014241095130780434,0.19388446592450692,0.0008924618155343208,0.2861672411958622,-0.0001400922455586041,0.44016388314903004,-0.0004847019596959067,0.6614289311079893,-5.381072372177667e-05,1.364505794256775,0.0013808095591201764,-0.0008985429899004265,0.06750232217035404,0.09838129473118028,0.25
0.5,210638496,0.06957092246181054,0.1,0.06471878107064385,0.03554201457709313,0.04493706807528668,0.03710490063731347,0.0005457106474738573,0.000831063003831048,0.037314829623903305,0.19388446592450692,0.04250104765907555,0.08231146441963005,0.028869792517908596,2.7764451051977987,0.10534608765647938,-0.27108229575504716,0.3138929630960936,0.03228227784641348,12.706204736432095,0.025954778736845145,0.03244829645508274,0.11564478242140983,0.07752269626949276,-0.1473227137747231,0.2230624841232153,-0.006580638650518009,0.13433311575578563,-0.0014399461749813206,0.19388446592450692,-0.0019367517021455665,0.2861672411958622,0.0005412848755107587,0.44016388314903004,-0.000401318107729848,0.6614289311079893,0.00023338312168838676,1.364505794256775,-0.0014504597190329808,-0.0003115343609908642,0.03950046492707203,0.04898272463246182,0.25
0.5,20963118,-0.07160993218105643,0.1,0.07096107448286038,0.08734804262109677,0.06826449393045123,0.0897789750434304,-0.002371139981456903,0.010431404341305801,0.10306164768185265,0.13433311575578563,0.09179852781660838,0.08231146441963005,0.1022817330160485,2.7764451051977987,0.13143906728208377,-0.577096556427157,0.15277015354705425,0.0807156764732344,12.706204736432095,0.09341448061589479,-0.24607005129631548,0.05397987977478125,0.09834129308571304,-0.30811669655565993,0.02285619566473754,-0.006114410584425348,0.13433311575578563,-0.0005980105625496833,0.19388446592450692,-0.0023776817735757395,0.2861672411958622,0.0003541530556177749,0.44016388314903004,-4.968142894885432e-05,0.6614289311079893,9.747513513837659e-05,1.364505794256775,0.0016955417406633454,-0.0010314383228142386,0.0716883802044024,0.1157905610811271,0.25
0.5,2055693016,-0.22141041846861653,0.1,0.062031973886515705,0.028336986956576403,0.03158013815294616,0.0335566060269207,0.0007622212497096507,0.0003638245583363199,0.03412092387116051,0.32612014812863077,0.024963159618404604,0.08231146441963005,0.01910172961804443,2.7764451051977987,0.05422821717570811,-0.4303652375288112,-0.1292419012466152,0.037057162617559085,12.706204736432095,0.016425562948549677,-0.25102646000940737,-0.1930441396849289,0.09396693721593803,-0.5517014520963599,-0.1798270672972727,-0.007646859354787557,0.13433311575578563,0.0010971307827841142,0.19388446592450692,-0.0007506697246260936,0.2861672411958622,-0.00018269166697606958,0.44016388314903004,0.00010198873987197072,0.6614289311079893,-0.00016683799140980118,1.364505794256775,0.0022228688649207893,-0.001120892058527642,0.07463020058285734,0.08118620317844413,0.25
0.5,1381623581,-0.15380115694515617,0.1,0.0592664538451714,0.03863348384916728,0.03474680965551283,0.028838276570508924,7.269229690492237e-05,0.0007589538986522416,0.0293676742160632,0.32612014812863077,0.03526486748853072,0.08231146441963005,0.027588900069228005,2.7764451051977987,0.13342412505566342,-0.5078138064683508,0.23307571138384056,0.03083372994136327,12.706204736432095,0.026283058842939234,-0.19873275208681562,-0.10566722682297894,0.08323836531303858,-0.4053906815770405,-0.11677392046757412,-0.005650804050292311,0.13433311575578563,-0.0008325165782301133,0.19388446592450692,0.00013146096514588006,0.2861672411958622,0.00019319462492265978,0.44016388314903004,9.641471952707888e-05,0.6614289311079893,-0.000424380354420485,1.364505794256775,-0.00025767626650224473,-0.00040193328542186707,0.04471330510984879,0.055918417816138925,0.25
0.5,415643109,0.3408112549955214,0.1,0.06245024076671925,0.0245769931728354,0.02768691234618663,0.020748258912373474,0.00034307879454701143,8.741145334787391e-05,0.02075863400186763,0.2431366342882323,0.025108546541701516,0.08231146441963005,0.00936291021029812,2.7764451051977987,0.041107467307590045,0.1684238766358877,0.3966891294223615,0.022990599943371253,12.706204736432095,0.008448794618476545,0.32565210395149213,0.35459967936479325,0.05539428030412604,0.1563827490939721,0.39231035380447127,-0.004809404275149602,0.13433311575578563,-0.001060743161851193,0.19388446592450692,0.001088004074120983,0.2861672411958622,-7.079115653976143e-05,0.44016388314903004,-0.0005897777232859564,0.6614289311079893,-0.00012417375538476523,1.364505794256775,0.0006148701357777626,-0.000666672919661138,0.05787836868889927,0.08395483362592576,0.25
0.5,128610944,0.28929710730452135,0.1,0.06083927137573126,0.03523495955187708,0.0325499505590197,0.037771666544566214,-0.00017105098731139134,0.0015977497808652942,0.04208566865368299,0.13433311575578563,0.039020448614196186,0.08231146441963005,0.04002958349519054,2.7764451051977987,0.05112826279704756,0.2720512519449504,0.5559608819052092,0.03573454705313322,12.706204736432095,0.03260094136279362,0.23319283025385545,0.34540138435518725,0.06181503862033737,0.24536432056755597,0.4792865199957672,-0.007157649959637967,0.13433311575578563,0.0031717800252953243,0.19388446592450692,-0.0003486718947119896,0.2861672411958622,0.00018102311778773073,0.44016388314903004,-8.424417970181364e-05,0.6614289311079893,-0.0006600715090998521,1.364505794256775,0.0004092331984752415,-0.0006242529676051218,0.055893757271108846,0.08149131885031312,0.25
0.5,1475043661,-0.10329755426245948,0.1,0.07103878144746742,0.025768365283783123,0.029864271911975247,0.03327458145473044,0.00026228921523729616,0.0008449085557501947,0.03352441432955871,0.32612014812863077,0.030868184500021528,0.08231146441963005,0.029109285253888437,2.7764451051977987,0.235353296792816,-0.7245525437512433,0.5823384739939143,0.035013120549702036,12.706204736432095,0.025774226586931234,-0.151222028711607,-0.05537307981331195,0.08022493548877253,-0.21413746444602266,0.10811746227779355,-0.009218724121250793,0.13433311575578563,0.0011146232557050287,0.19388446592450692,0.0009220528856219187,0.2861672411958622,-0.0009069911430159058,0.44016388314903004,-0.00021511640533780122,0.6614289311079893,0.000225855798736282,1.364505794256775,-0.0009580685302411634,-0.00037536534275879553,0.04312592714614473,0.06576482887748145,0.25
0.5,1028596860,-0.13954592950109085,0.1,0.06321920402950794,0.04281706272440052,0.051968487342023764,0.042424839026700197,0.0004680700119954861,0.001331796954445938,0.04253388927089172,0.2431366342882323,0.05165471530470898,0.08231146441963005,0.0365464920148533,2.7764451051977987,0.09733276055704876,-0.41218105806902844,0.1282970751789863,0.03623816337264483,12.706204736432095,0.03237162633913642,-0.2047059098221882,-0.0743859491799935,0.1183314027188822,-0.2648822751586285,0.1664925919619697,-0.008291622768557298,0.13433311575578563,-0.0010686174917784778,0.19388446592450692,0.0006954385742793349,0.2861672411958622,-0.0002449975478988133,0.44016388314903004,-0.0002395771843937453,0.6614289311079893,6.0788283907539996e-05,1.364505794256775,-0.0007694824685712142,-0.00043495690064434796,0.04641293848325534,0.06572529959271904,0.25
0.5,1209583235,-0.16079362651508977,0.1,0.07628270497573822,0.07845392183078162,0.08120418682646635,0.07855243038423192,0.001077284617806578,0.0050931997014630245,0.08333152417555907,0.19388446592450692,0.07674578647205396,0.08231146441963005,0.07146971338835824,2.7764451051977987,0.10059350757395381,-0.3004278050856865,0.25815689835107697,0.07007368823267376,12.706204736432095,0.06091813620282976,-0.28072077814313473,-0.06936243832990073,0.10306659892278094,-0.25669293662970133,0.09004256545280642,-0.008906408801913693,0.13433311575578563,0.003314689085040322,0.19388446592450692,-0.0016225589554376078,0.2861672411958622,0.0005732912168265905,0.44016388314903004,-0.00011552211663260079,0.6614289311079893,-0.00041269114407749773,1.364505794256775,0.000295823838352756,-0.0006708462381037137,0.057974568221704936,0.07797604575409786,0.25
0.5,763294176,-0.11992153343223702,0.1,0.06585970104291973,0.044616288499117335,0.042665285816477425,0.02937504026144558,-0.0002613786528702293,0.001124271643231778,0.03725636103339067,0.13433311575578563,0.05843076895136716,0.08231146441963005,0.03357857923202108,2.7764451051977987,0.09712126382319701,-0.3674635323498568,0.171840182755222,0.023414545741759336,12.706204736432095,0.030316665644749857,-0.17041309118135822,-0.05974833346869727,0.0691740292201908,-0.3002269212702535,-0.060872680493467966,-0.0065137705259556465,0.13433311575578563,0.00014185797199508423,0.19388446592450692,-0.0009518512391004003,0.2861672411958622,5.9015541856388455e-06,0.44016388314903004,-0.00024695172388992335,0.6614289311079893,0.00012261199828809223,1.364505794256775,-0.0008821761279832552,-0.00034333936689018654,0.04129571711852672,0.06100497518906614,0.25
0.5,670387217,-0.11585235789077507,0.1,0.07008733800261926,0.034712700582576674,0.04423678525201664,0.03372952922276112,0.000390812304671817,0.0007468688369172798,0.03379264040252411,0.2431366342882323,0.040321868407499274,0.08231146441963005,0.02736836526668697,2.7764451051977987,0.07961682390732971,-0.3008617528562513,0.14124172920155004,0.03434698917439723,12.706204736432095,0.02204905245665699,-0.155146706490788,-0.07255676705639173,0.09284480455932466,-0.3418882066160081,0.04267874672650332,-0.006715775008112537,0.13433311575578563,1.5991568787028066e-05,0.19388446592450692,-0.0017588638690759291,0.2861672411958622,-0.0007753161343161235,0.44016388314903004,0.0005916864062070982,0.6614289311079893,-0.00020473181599230315,1.364505794256775,0.001051041053948356,-0.000942103785282138,0.06856826330817875,0.09751143695040178,0.25
0.5,1624369638,-0.06916321121629927,0.1,0.0637777646825661,0.039703072668494946,0.04621490324492087,0.030452310852491834,0.0007627627113562542,0.00016458052490053764,0.03460371457621576,0.32612014812863077,0.03920862905413814,0.08231146441963005,0.012847419630317812,2.7764451051977987,0.036010865259052866,-0.21011420701582023,-0.010149825850950644,0.03577899486935383,12.706204736432095,0.012498219675426315,-0.09065616199056356,-0.04728174446101542,0.08863683942853678,-0.24389441757999936,0.13579132630775698,-0.005127857399330217,0.13433311575578563,-0.0014185512810735053,0.19388446592450692,-0.0002462532578355275,0.2861672411958622,0.00018275014827153377,0.44016388314903004,-0.00013090629434657492,0.6614289311079893,-4.141061215329967e-05,1.364505794256775,-0.0007271610581659384,-0.000278490895481085,0.037391788095268816,0.05488229903560783,0.25
0.5,1187705483,0.030772383355686786,0.1,0.05316896959371207,0.03445995663026667,0.025236651543895684,0.0034035005488654187,-0.0005244689348871689,0.0005360527508732961,0.014271648409703262,0.13433311575578563,0.03297418489595792,0.08231146441963005,0.023186246705330395,2.7764451051977987,0.03957318840098576,-0.054206785600749555,0.16553878486522489,1e-150,12.706204736432095,0.0213220775491795,-0.0034130289644773402,0.06475095824352273,0.04793222020040077,-0.08108603547611591,0.11137399482556418,-0.0034949446475940173,0.13433311575578563,-0.0002122461013914504,0.19388446592450692,-0.000683581077861115,0.2861672411958622,0.00019773272420880146,0.44016388314903004,-0.0008437646099870201,0.6614289311079893,2.794269105707015e-05,1.364505794256775,-0.0012604465009146107,-0.00026656428638607783,0.03637121555018069,0.06434420746864193,0.25
0.5,589967050,0.008612921394427635,0.1,0.06581998462263504,0.03402399078995592,0.041455542885260765,0.02596288699941582,0.00018746736838735532,0.00048660413295707956,0.02897383196433645,0.19388446592450692,0.039707050575804065,0.08231146441963005,0.02209095976374827,2.7764451051977987,0.051955207230779135,-0.12447482556703239,0.16402673604383566,0.019864816942563472,12.706204736432095,0.02008178330742348,-0.02332085499478681,0.048714629153771435,0.06715613122325811,-0.03427174500152169,0.21450201947167777,-0.006694837391903584,0.13433311575578563,-0.000684430697112872,0.19388446592450692,0.0006015820215264466,0.2861672411958622,-0.0003973777505452899,0.44016388314903004,-5.5441467645570815e-06,0.6614289311079893,-0.0001734131838867916,1.364505794256775,-0.001180100486505617,-0.00025942480008673803,0.036084760486910714,0.05141770880365658,0.25
0.5,514309730,-0.05616735094684568,0.1,0.06705515701848759,0.1155326329152141,0.11605474533797143,0.11524192295390774,0.00010711182445344129,0.013173588981660966,0.11815458866699502,0.13433311575578563,0.11686926819569987,0.08231146441963005,0.11494199814800225,2.7764451051977987,0.219027485507386,-0.278348461799825,0.9378871182817022,0.11133808945708885,12.706204736432095,0.11117984363832156,-0.20820417264946695,0.12464352567124606,0.2478505360669323,-0.1747292818760082,0.674564701122024,-0.007624873255784708,0.13433311575578563,6.025090710098192e-05,0.19388446592450692,0.0004295554643699754,0.2861672411958622,-0.0001403889365906259,0.44016388314903004,-0.00024536953726047645,0.6614289311079893,5.367374914468716e-05,1.364505794256775,-0.001749197200332709,-0.00011211070534605145,0.02369611518568087,0.0346995195456067,0.25
0.5,1439753030,-0.12013671816323644,0.1,0.0609910968278119,0.09935405569719218,0.09139545851884028,0.10182590581602086,-0.001788604113171527,0.012157119208424676,0.11138571968833531,0.13433311575578563,0.10290980298505373,0.08231146441963005,0.11041854640914259,2.7764451051977987,0.16516314253626913,-0.3252036309565268,0.5919291663512947,0.09093999396588578,12.706204736432095,0.09847787878215847,-0.2838108646623176,0.04353742833584469,0.17074420636077986,-0.2228777014886659,0.3158587064949362,-0.0067830370366641635,0.13433311575578563,-6.752740738322885e-06,0.19388446592450692,-0.0003650935156623007,0.2861672411958622,-0.00020837941478531,0.44016388314903004,0.0003543528341601191,0.6614289311079893,-0.000320093063042587,1.364505794256775,-0.0012089039566760664,-0.00020184876353810923,0.032018258877534456,0.051657374263810396,0.25
0.5,1977513564,0.015306315245307782,0.1,0.05395132257717535,0.05026053778001649,0.040366910787249,0.016622303929118648,-0.000735672395589115,0.0010119733835011083,0.032129263767814234,0.13433311575578563,0.050005653209143984,0.08231146441963005,0.03185746634724959,2.7764451051977987,0.062746744474001,-0.18014462352022056,0.1682811596036536,1e-150,12.706204736432095,0.029808767991012525,-0.03864386338102548,0.06526732899088249,0.05093204760553036,-0.10493408594219772,0.09264673342513341,-0.006322744564957456,0.13433311575578563,0.00048358422095334504,0.19388446592450692,0.0005279834669055823,0.2861672411958622,-0.00022817586424527588,0.44016388314903004,0.00013395157910755305,0.6614289311079893,-0.00047870409106047984,1.364505794256775,-0.0011139769389223182,-0.0002094911139263637,0.032295425132007116,0.048256089033042696,0.25
0.5,1860176895,0.038342152977146306,0.1,0.06349738459608137,0.055693089245615265,0.04245980304079515,0.0637625771025613,-0.001048785092444656,0.00511445133120473,0.07069349810148223,0.13433311575578563,0.05779946989754698,0.08231146441963005,0.0716186636460845,2.7764451051977987,0.055797447018327666,-0.21478821183153868,0.09504888548160008,0.056503001119594776,12.706204736432095,0.06381383278990341,-0.06906741902206706,0.1456789971651051,0.10012568872211496,-0.24648248791237867,0.09789643411477353,-0.007817455458446141,0.13433311575578563,0.0006269279285507232,0.19388446592450692,-0.0001434978445054055,0.2861672411958622,-6.253386812499227e-05,0.44016388314903004,0.00018029407706330168,0.6614289311079893,-0.00048786479067003874,1.364505794256775,-0.0020331966641011115,-9.366131627853068e-05,0.021751173976440583,0.03210239664003905,0.25
0.5,1141226769,0.011566168407808365,0.1,0.08204816984952198,0.0898668093272007,0.09949647444839446,0.08711489678277252,0.002810439752638009,0.004778565488835102,0.09018345182547068,0.32612014812863077,0.09237114441658006,0.08231146441963005,0.06922699164163361,2.7764451051977987,0.07301804698123159,-0.18917564407154383,0.21628555419274284,0.08589917825283755,12.706204736432095,0.05657840442868143,-0.06015142840463499,0.13459477060511899,0.09845191749033118,-0.19837608928395187,0.16975362359565885,-0.009744192421913664,0.13433311575578563,0.0021949929998971093,0.19388446592450692,-2.2662981005973267e-05,0.2861672411958622,8.716924140325147e-05,0.44016388314903004,-0.0004215175783974065,0.6614289311079893,-0.00017731560778723676,1.364505794256775,-0.0005431333434041311,-0.0005385594119198949,0.05213561460286585,0.087379890120667,0.25
0.5,1348360629,-0.319589483344673,0.1,0.08094929226785953,0.10857910505653272,0.11643601968130576,0.10471704123160336,0.0006681564136889941,0.010297502310612322,0.1092333882226641,0.13433311575578563,0.11700856676182972,0.08231146441963005,0.1016231463692403,2.7764451051977987,0.1343731526980033,-0.3892841446820691,0.3568752194746661,0.10434940503169193,12.706204736432095,0.08577499563629187,-0.47593535852504065,-0.1859966745419223,0.28163577347403335,-0.40857143243159844,0.4246179251789204,-0.009521395726464703,0.13433311575578563,0.0011039565314842803,0.19388446592450692,0.0016613736827228993,0.2861672411958622,-5.777197500509819e-05,0.44016388314903004,-0.000970066901979813,0.6614289311079893,-0.0001950578276399711,1.364505794256775,-0.002379389654385423,-0.0001765778400284196,0.02974495684585612,0.03852272867154968,0.25
0.5,1834972793,0.13603156899885704,0.1,0.06730084450188183,0.026263620024038526,0.03361787726854591,0.0363176138127692,0.0004149160289518012,0.0009040530441016428,0.03650299939615282,0.2861672411958622,0.03229452716088427,0.08231146441963005,0.030110893612965074,2.7764451051977987,0.14547404430900343,-0.11635984423011442,0.6914415522800061,0.03534399586131746,12.706204736432095,0.03022287777818278,0.08267102087767837,0.18939211712003573,0.0705742702238829,-0.03306757176902753,0.22681364370746696,-0.0065525195073214805,0.13433311575578563,0.0033782559267823463,0.19388446592450692,-0.0011208028879828237,0.2861672411958622,-0.0007362023695904573,0.44016388314903004,0.00022315186153305154,0.6614289311079893,-0.0003087389674294573,1.364505794256775,-0.0011894830321705992,-0.00026077619344407304,0.03615876778661835,0.05051953094692536,0.25
0.5,188933851,-0.10280056658216258,0.1,0.060156496377514745,0.05472407309309286,0.07315993788395568,0.06549722996212712,0.0014952528126854865,0.0027946343200262766,0.06780944014328921,0.32612014812863077,0.059281348246662965,0.08231146441963005,0.05294063937874022,2.7764451051977987,0.06835252800778148,-0.4258837738189607,-0.046329690188760014,0.06931532318586682,12.706204736432095,0.049006768509902134,-0.18536395067675027,-0.02023718248757489,0.11321485196519687,-0.42456267064024356,-0.0501684207417283,-0.006044276695954681,0.13433311575578563,0.00372269618127568,0.19388446592450692,5.971698950348164e-05,0.2861672411958622,0.00020281843222902659,0.44016388314903004,-0.0001677290751361148,0.6614289311079893,-0.0009577396253629644,1.364505794256775,5.613959218912232e-05,-0.0005184157915134108,0.05124592252806274,0.09112265246542656,0.25
0.5,212118397,-0.08609428976810887,0.1,0.06582238866511858,0.030507237915076868,0.03639617241486211,0.03847135633896881,0.0002568859349525635,0.0012231593236073518,0.03856875221505772,0.2431366342882323,0.03420907140399341,0.08231146441963005,0.035024198294338296,2.7764451051977987,0.058864584045157736,-0.28850936248888936,0.03835920999447587,0.03597955557807975,12.706204736432095,0.03002701486639028,-0.14337290673537817,-0.0400106376636561,0.06594311550714682,-0.2635096591060281,-0.05743473966156957,-0.006952988983615357,0.13433311575578563,0.0012046036057932078,0.19388446592450692,-0.0014406868354358518,0.2861672411958622,0.0002730263217161113,0.44016388314903004,-9.704386089897986e-05,0.6614289311079893,-8.868624005472044e-05,1.364505794256775,0.0010032818469571673,-0.0007860711621984598,0.06303989981927541,0.1106492735836551,0.25
0.5,672749038,-0.2601130527019584,0.1,0.0618865900848028,0.042130651527185335,0.04911097780602094,0.028466018979354808,0.00046859258159853636,0.00034172165493445174,0.034468258889411615,0.13433311575578563,0.0515812447718483,0.08231146441963005,0.018512409075409464,2.7764451051977987,0.06608574206177718,-0.5118462337755751,-0.14487936363400403,0.019010375460525187,12.706204736432095,0.016676079615493666,-0.2867861321930583,-0.23498525709943,0.05525670857180161,-0.3954610034865835,-0.20606350709834406,-0.0057585866381568065,0.13433311575578563,-0.003589065727480356,0.19388446592450692,0.0006552167511057704,0.2861672411958622,-0.00040929780732037785,0.44016388314903004,0.0003337968596273525,0.6614289311079893,-0.00017288841951601665,1.364505794256775,-3.615934220562884e-05,-0.0005245006792652015,0.051101294762099035,0.07091913223099987,0.25
0.5,796492387,-0.44830251887982486,0.1,0.06195070946652659,0.06400637962007628,0.061613488441610124,0.05990869169414959,-0.0005111489290623313,0.004100200269567,0.06446685226395385,0.19388446592450692,0.06355438036663369,0.08231146441963005,0.06412527239211886,2.7764451051977987,0.07988272748299631,-0.627014895093361,-0.18343487967333133,0.04560526484342771,12.706204736432095,0.05985415875178002,-0.5452791942711469,-0.35438556470195953,0.11544998301928748,-0.5572807236196767,-0.14534184519731416,-0.00892736250635233,0.13433311575578563,-0.000931699232880358,0.19388446592450692,0.0010593518930614753,0.2861672411958622,-0.0006845560593904367,0.44016388314903004,0.0007882619246812743,0.6614289311079893,-0.0008711716838139358,1.364505794256775,-0.0026863318916824854,-5.4365555054494465e-05,0.016500951738889946,0.01893121477357037,0.25
0.5,237189815,0.07607682195963734,0.1,0.06680384292329208,0.04693092658830281,0.055820402302099836,0.04463538020894074,0.0005110991776135646,0.0014812179887831343,0.04598131134749423,0.32612014812863077,0.05165037321155084,0.08231146441963005,0.038542171262518785,2.7764451051977987,0.11981107160105667,-0.15489949056013028,0.5103982360303833,0.04497306913657495,12.706204736432095,0.033455521341871505,0.012202974296862665,0.13995066962241204,0.0915667104135967,-0.0029224825847604862,0.2926309301739562,-0.007806544233394261,0.13433311575578563,-0.0011263590112771393,0.19388446592450692,0.0011942357904330307,0.2861672411958622,-3.935096397995343e-05,0.44016388314903004,-0.00041371976346282074,0.6614289311079893,-2.802882911863792e-05,1.364505794256775,-0.0019463944724791428,-0.00010514810714433792,0.022898486269027928,0.03736062170631438,0.25
0.5,427629545,-0.15402008782245435,0.1,0.07224681922132267,0.0871634469547857,0.11667418445170026,0.10682380827702236,0.0063036470187869025,0.005107678996019129,0.1136506641725563,0.32612014812863077,0.09059820833047544,0.08231146441963005,0.07157123077076644,2.7764451051977987,0.1557727443751666,-0.5094501396908522,0.3555388075964664,0.12369912012312984,12.706204736432095,0.061931412538557454,-0.24430014854492582,-0.021184009857989183,0.08674521540453102,-0.2313629462022615,0.07727573555107223,-0.0063994260697528655,0.13433311575578563,-0.0007307684016683649,0.19388446592450692,-0.0003696100039288304,0.2861672411958622,-8.906885106081631e-05,0.44016388314903004,0.0002497068658165118,0.6614289311079893,-0.0002941295157510769,1.364505794256775,1.0791925461853269e-05,-0.0005394576389548574,0.05209365529825236,0.08104742723227533,0.25
0.5,471954163,0.1141722222668759,0.1,0.06578387008893612,0.062333175670153694,0.08977188180709045,0.07460094358592233,0.0021979766774607406,0.003367324106449224,0.07623088427878685,0.19388446592450692,0.07728673238093393,0.08231146441963005,0.058112444941216326,2.7764451051977987,0.21897044951714242,-0.1993762797964146,1.0165425856932488,0.06846735049730444,12.706204736432095,0.05077286450933614,0.020751261014578512,0.20465542132816722,0.15229854525436448,0.05103654388875316,0.6112175962275828,-0.004544503098361613,0.13433311575578563,0.0004396942936907238,0.19388446592450692,-0.0002804737221509247,0.2861672411958622,-0.0003263373708569399,0.44016388314903004,1.2446603089331456e-06,0.6614289311079893,-0.0007046760169804156,1.364505794256775,0.00015963906773847135,-0.0006771391328681065,0.05785446381209991,0.09402255508612754,0.25
0.5,1802596705,0.0030030867149984566,0.1,0.06312494209097748,0.04094717075898678,0.04092556559257246,0.03812081349365676,-0.00013890602404996628,0.0015921024454681294,0.04391458548272789,0.13433311575578563,0.051339747084134406,0.08231146441963005,0.03995877747908037,2.7764451051977987,0.10774294554503427,-0.29263032383560383,0.3056544237206029,0.033041055073080715,12.706204736432095,0.03697118625166485,-0.06449846542859446,0.06991294683065995,0.08013741240914239,-0.21583360285241823,0.07191520426709938,-0.005311297772031003,0.13433311575578563,0.001199026020140098,0.19388446592450692,-0.000591018653026353,0.2861672411958622,-0.0002913352746844959,0.44016388314903004,-0.00017203381718343877,0.6614289311079893,-3.916562226233102e-05,1.364505794256775,0.0001544266666482686,-0.0005190717951662101,0.05107382416693013,0.07641417618887436,0.25
0.5,1824768801,0.05918769698911163,0.1,0.06927965503892985,0.09333414319070187,0.12433771076773573,0.13821008115489983,0.005078335780551063,0.014023690752292938,0.13841708747700981,0.2431366342882323,0.10021779148717297,0.08231146441963005,0.11859267114970026,2.7764451051977987,0.09019460254506487,-0.09525097080770498,0.40558975469530756,0.12201553140564973,12.706204736432095,0.1100907455501588,-0.1173834815508546,0.24126356331201956,0.09958357220544915,-0.12454617229857876,0.25055145347395896,-0.005132075237490846,0.13433311575578563,3.0508649637121407e-05,0.19388446592450692,-9.656448954222764e-05,0.2861672411958622,-2.8114343757395046e-05,0.44016388314903004,0.00012352872619460334,0.6614289311079893,-0.0008034911687234234,1.364505794256775,0.00025399828966965693,-0.0006460457685792172,0.0566550239863641,0.08305336387593869,0.25
0.5,1073430465,0.5113476866187225,0.1,0.07102216662601883,0.06630172334561447,0.07484005802946966,0.09042081984070886,0.0003805651752407102,0.00779535948542522,0.09236152024004335,0.19388446592450692,0.07382657924116362,0.08231146441963005,0.08841882959039066,2.7764451051977987,0.17113989802661086,0.03209059165696326,0.9824116560170316,0.08688542555730248,12.706204736432095,0.08543257641012647,0.35930048622694793,0.6755567686899628,0.10435677712255699,0.4112628156217091,0.8510073841723098,-0.008902473693467671,0.13433311575578563,0.0008462144436768938,0.19388446592450692,0.00046712867983537693,0.2861672411958622,0.0002861112631139714,0.44016388314903004,-0.00017915266305703733,0.6614289311079893,-0.00043357352180902245,1.364505794256775,-0.00030169181415288154,-0.0005275616583469001,0.051559294378510034,0.08409335705200194,0.25
0.5,508408351,-0.09261428891835108,0.1,0.06546308885213296,0.04961858922001146,0.05884510625953398,0.07387850857881563,0.0008567346547287205,0.004601299375101415,0.07408268451945693,0.19388446592450692,0.05610392835111832,0.08231146441963005,0.06793083194109023,2.7764451051977987,0.10978955353035126,-0.3851513322585874,0.2244980047438035,0.07175726336808733,12.706204736432095,0.06404064655634781,-0.187703867898525,0.012938505252501384,0.05257131248322444,-0.22928909388241694,-0.00519712120446129,-0.005878850351231519,0.13433311575578563,-0.0007389833776195186,0.19388446592450692,-0.002690826585919781,0.2861672411958622,0.002251198030993861,0.44016388314903004,-0.000849508607778699,0.6614289311079893,-0.0002656807631854615,1.364505794256775,0.00037446874344752585,-0.0006946261998901897,0.05918490920233437,0.09654368694453537,0.25
0.5,457745824,0.41902087941303456,0.1,0.06708622978564735,0.06918504609510079,0.05247820341137303,0.04770782033201078,-0.0011064864307798066,0.003382522551611228,0.058825937548240975,0.13433311575578563,0.060362134943727073,0.08231146441963005,0.05824344279272978,2.7764451051977987,0.09970764510611271,-0.03373473223373322,0.5199308741775985,0.03451158911157118,12.706204736432095,0.05356864842226004,0.3263560126860567,0.5080313032128999,0.12795667282936532,0.0529898334620405,0.486845419701214,-0.00764377229603378,0.13433311575578563,0.0024377348459892222,0.19388446592450692,-0.0019272305576818304,0.2861672411958622,0.0005978478194485438,0.44016388314903004,-0.000217151313319976,0.6614289311079893,-0.0002374237514219467,1.364505794256775,0.0007082034933991013,-0.0007635529801245846,0.061799705277942096,0.09065765724558458,0.25
0.5,1585869022,0.04231241661931386,0.1,0.06556242597673483,0.12420937915821667,0.12637830829246932,0.06872270776778291,0.00044679118982122144,0.0042760193731148696,0.08777965727773189,0.13433311575578563,0.12905593640762172,0.08231146441963005,0.0654857069184522,2.7764451051977987,0.19810895345157659,-0.7006253622611219,0.39945190595185476,1e-150,12.706204736432095,0.05549961492156865,-0.05294202987247399,0.13756686311110172,0.17189391557117067,-0.23655259743678828,0.38975746745772205,-0.007085945174368732,0.13433311575578563,-0.0014046923166807712,0.19388446592450692,0.00040105139823503434,0.2861672411958622,-0.0010285750942372245,0.44016388314903004,0.0005427693220020726,0.6614289311079893,-0.00028295728012213596,1.364505794256775,-0.0016036821462158428,-0.00024059594423819485,0.03463303970738978,0.05389238450769283,0.25
0.5,1578988116,-0.5620516407661356,0.1,0.07355066694193589,0.06009407707204591,0.07540561149732515,0.061016743432204076,0.0030394588594650283,0.0006835841196063909,0.06946044125496961,0.32612014812863077,0.06142598228798111,0.08231146441963005,0.026183196830269834,2.7764451051977987,0.10225813328472723,-0.7832884889715492,-0.21546030172145925,0.08036201455561434,12.706204736432095,0.02262663067197906,-0.6025995481939331,-0.5202609671924037,0.0794688427685087,-0.7435268239314436,-0.432503310709022,-0.007677267597784709,0.13433311575578563,0.0021587486657870963,0.19388446592450692,-0.0008858437460427805,0.2861672411958622,0.0005294471418525105,0.44016388314903004,-0.0004176104292122964,0.6614289311079893,-0.00019153414594048557,1.364505794256775,3.599980406854884e-05,-0.0005597514230866006,0.05298965977577048,0.0724181838466265,0.25
0.5,1788144877,0.003504666377437446,0.1,0.07180495581651847,0.04910947814104942,0.07594320148079074,0.07944749068375259,0.0029126447533266444,0.0033992590226183104,0.0796457611102536,0.19388446592450692,0.06656913207479989,0.08231146441963005,0.05838735711316759,2.7764451051977987,0.10178797075256912,-0.36642960479610787,0.1987878215318666,0.07223722675834605,12.706204736432095,0.05215135428721393,-0.10017047869669164,0.08326110311992209,0.07174815721178358,-0.17320403839374368,0.10532735618620284,-0.005883497740887369,0.13433311575578563,-0.0005576021978150218,0.19388446592450692,0.00036444874313891436,0.2861672411958622,-4.463496882252734e-05,0.44016388314903004,-0.00031703344739892475,0.6614289311079893,-0.00032893250824854263,1.364505794256775,0.0004997624712436025,-0.0007318279584414347,0.06030731077057122,0.09715843072115643,0.25
0.5,292920770,-0.03194610560588033,0.1,0.08171118445132029,0.11539115469117463,0.12843376759839595,0.12432562397766081,0.0036352395498964584,0.01182162122753825,0.13946573253663938,0.13433311575578563,0.13917268217281478,0.08231146441963005,0.10888428611548111,2.7764451051977987,0.21076297851475836,-0.511438792362871,0.6589048877455482,0.10289886758334536,12.706204736432095,0.10866071946758463,-0.23141673042726388,0.16752451921550324,0.16319738025875374,-0.39874739936342,0.30936495231312583,-0.006589347939714291,0.13433311575578563,-0.0021849661261651313,0.19388446592450692,0.0009445601567926108,0.2861672411958622,-0.0005913294231495412,0.44016388314903004,5.6466748676868545e-05,0.6614289311079893,-0.0003189548733319577,1.364505794256775,0.001597742029950016,-0.0010718831491333643,0.07288117464609965,0.1279109799135944,0.25
0.5,712051670,0.004218758837315801,0.1,0.0528479076868155,0.0698595302837536,0.08216025151249425,0.10977319717934272,0.0017797967262750585,0.0102703580926998,0.11409574233998433,0.13433311575578563,0.08118084684392365,0.08231146441963005,0.10148911867079473,2.7764451051977987,0.16863798972839728,-0.6021385769494951,0.3342896653141154,0.10313126055623864,12.706204736432095,0.08946707533213133,-0.13767323767553227,0.16012195403864657,0.08337305709578356,-0.1639912501680178,0.11797273978446682,-0.006451324381301544,0.13433311575578563,0.0016213913961734589,0.19388446592450692,-0.0006451486971939106,0.2861672411958622,0.000643886575927321,0.44016388314903004,-0.0005460521591540273,0.6614289311079893,-0.00018026348710349212,1.364505794256775,-0.001154912867430621,-0.00022433969058808232,0.03363297201607946,0.05598528793860508,0.25
0.5,1934844230,0.23200079379089006,0.1,0.05696446070868252,0.0771548071812354,0.050273291018121564,0.08369756008854634,-0.003149767288154686,0.01015504885293051,0.09476272236400782,0.13433311575578563,0.06496183670541669,0.08231146441963005,0.10091778190738541,2.7764451051977987,0.15676853565117285,-0.3680356281105733,0.5024828388048777,0.07841316602798562,12.706204736432095,0.0807257814906351,0.05246496744181578,0.39998443685024015,0.0872012842596149,0.0019513041147917526,0.3446269872671347,-0.007308809406122386,0.13433311575578563,0.0006307681854299985,0.19388446592450692,-0.00034410258083346216,0.2861672411958622,-0.0002512704761500568,0.44016388314903004,0.00016432994165025016,0.6614289311079893,-0.0002798712040486164,1.364505794256775,-0.0001578340035422164,-0.0005248743361141408,0.05140841802611922,0.07789510033138224,0.25
0.5,199673864,0.10686151045616415,0.1,0.062201077261306956,0.06132930356876003,0.056011756861361894,0.055549721673614855,-0.0008725681702599505,0.003958339748276026,0.06253875360711013,0.13433311575578563,0.061558737922597896,0.08231146441963005,0.06300619046225414,2.7764451051977987,0.17175455666269615,-0.23825391353477585,0.7154802827483455,0.04853381451004215,12.706204736432095,0.05345498551210794,0.006496908078978222,0.20080432282872662,0.13876814120789852,0.028537939208517146,0.6310654836901146,-0.005668525674801955,0.13433311575578563,-0.003091142290227283,0.19388446592450692,-0.00040321929045410084,0.2861672411958622,-0.00012798968999182017,0.44016388314903004,0.00022434619740343504,0.6614289311079893,-3.306637051285491e-05,1.364505794256775,-0.0020246108526386784,-5.212011564339782e-05,0.016083762227832227,0.022853507723233704,0.25
0.5,486919855,0.037572555989857495,0.1,0.06129473158897579,0.03396277686071901,0.03134255297004441,0.035828254140659155,-8.02708030656536e-05,0.0013639345978333135,0.03802777510993481,0.13433311575578563,0.033480021990702456,0.08231146441963005,0.03698481587545761,2.7764451051977987,0.21574234624477848,-0.7403003825637561,0.4576931798666518,0.032707956130686826,12.706204736432095,0.03270062453386141,-0.023860329883716447,0.090788867289239,0.08091295463456588,-0.19984374457316223,0.09332704272608555,-0.006512522732435584,0.13433311575578563,0.0007595881303350918,0.19388446592450692,-0.0007181179334243508,0.2861672411958622,-0.0003536613559290644,0.44016388314903004,-0.00018479459731471826,0.6614289311079893,0.0003135655004678296,1.364505794256775,-0.0008423339592796177,-0.00028272414408273076,0.037573502049461145,0.0529442196526856,0.25
0.5,1327409958,0.18919481258749093,0.1,0.03757730266780991,0.013043723188545488,0.02236484539681001,0.020817410333933483,0.0002752534008339307,0.00015811117217742984,0.021764162591006733,0.32612014812863077,0.016408322398853953,0.08231146441963005,0.012592384241403406,2.7764451051977987,0.10659351297272883,-0.03736654122367816,0.5545355334542639,0.02390577643973544,12.706204736432095,0.010480160242371823,0.1713205293033587,0.21049512456657904,0.028530330799765812,0.16733208189012233,0.26649587232205585,-0.005913114763580038,0.13433311575578563,-0.0002513022754059513,0.19388446592450692,8.558695974143774e-06,0.2861672411958622,0.0001000674584090711,0.44016388314903004,-0.0004716236955976644,0.6614289311079893,6.910804570720315e-05,1.364505794256775,-0.0009126869145013106,-0.00028388827648545713,0.037664436870085936,0.048197893811752386,0.25
0.5,7090293,-0.21527042041999045,0.1,0.06221404670348165,0.023429875195979406,0.02688222149974552,0.019494085154009817,8.67221884125564e-05,0.00029329716757922955,0.020548825218370956,0.13433311575578563,0.0272230094441005,0.08231146441963005,0.01715065151107427,2.7764451051977987,0.055111966711160074,-0.3692110167721524,-0.06318031634610352,0.013930238910091177,12.706204736432095,0.014759299587587822,-0.2366870664754132,-0.1864231186502563,0.06513876058407672,-0.33557589120904024,-0.03565395048127675,-0.004795179109568852,0.13433311575578563,-0.0025941098958641574,0.19388446592450692,-0.00040770555449382473,0.2861672411958622,0.00012664497647129467,0.44016388314903004,-0.0003032533200189253,0.6614289311079893,0.00017641838344128091,1.364505794256775,-0.0006788100197272722,-0.0003602159206558449,0.04255690513579456,0.0520887359688662,0.25
0.5,228315733,0.09817755110892075,0.1,0.0703199950503898,0.09531961546607307,0.11716942114333861,0.10948762846759809,0.003466488884792125,0.00852105190266667,0.11110842148302465,0.32612014812863077,0.09838339093550658,0.08231146441963005,0.09244284299124747,2.7764451051977987,0.16971794621176925,-0.21120415112382812,0.7312209709239519,0.11395689378392963,12.706204736432095,0.07976648045114094,-0.054815886890852275,0.2503277328364871,0.10185603186600373,-0.004794113144483097,0.3609845720976659,-0.006518571315206333,0.13433311575578563,-0.0014202428172032685,0.19388446592450692,0.00024270148896347508,0.2861672411958622,-0.00024364735551399164,0.44016388314903004,0.00019684283474100188,0.6614289311079893,-0.0001819360351033381,1.364505794256775,0.00030657153478531835,-0.0005942898958984855,0.05454216014582027,0.07485434320770722,0.25
0.5,932489774,0.03890279741477933,0.1,0.06371056302300801,0.06141506056513304,0.06267182403045288,0.02753584023297398,-0.00045156203152522814,0.0012097845288610966,0.03888338382184644,0.13433311575578563,0.06557858231090186,0.08231146441963005,0.03483218362289004,2.7764451051977987,0.16802745585442697,-0.36573857669583776,0.5672994379958881,0.020381625457366843,12.706204736432095,0.029783869164103527,-0.022458147153833666,0.1002637419833923,0.07147354215995255,-0.04526680212988911,0.24199110171262822,-0.0066728162846894515,0.13433311575578563,0.0015380889173168047,0.19388446592450692,0.0006773802718723524,0.2861672411958622,-0.0008956486074833099,0.44016388314903004,0.0004512752045325282,0.6614289311079893,-0.0010379680433051243,1.364505794256775,-0.0006695434616092765,-0.0005060079035632459,0.050650120060381276,0.08906155041670702,0.25
0.5,2128471481,0.5597545575737117,0.1,0.061249402422404384,0.04747166317004884,0.05463248375554729,0.0566255320392832,0.0013162290728356615,0.0018902218058962264,0.057015124063165154,0.19388446592450692,0.047916782532325806,0.08231146441963005,0.04353946341767887,2.7764451051977987,0.2954650566871117,-0.595733764918547,1.0449512558732958,0.05499469110013565,12.706204736432095,0.03848926353768216,0.4819055358701473,0.6376035792772762,0.1482402554156746,0.10341901566495859,0.618652782726354,-0.008770915642957735,0.13433311575578563,0.0004069065157683619,0.19388446592450692,0.0016645369869821936,0.2861672411958622,-0.0006748272851801415,0.44016388314903004,-0.00024836855300834127,0.6614289311079893,-9.875256696573882e-05,1.364505794256775,-0.0006949575164257273,-0.0004512949650543628,0.04725032803357997,0.06730509485195851,0.25
0.5,437221576,0.04715842246886286,0.1,0.06727992196534424,0.0507962628380096,0.040438946929269595,0.058791759565599316,-0.0009595071453448825,0.004415978138164121,0.06460771806898537,0.13433311575578563,0.054148980904404696,0.08231146441963005,0.0665487872223076,2.7764451051977987,0.1451684574140379,-0.2328554503792174,0.5732490556534238,0.053852769723617036,12.706204736432095,0.05852346825375026,-0.05184685811794287,0.15051969909383958,0.10778247104905143,-0.12127436820710563,0.32987295840260167,-0.005534628669030726,0.13433311575578563,-0.002623776334099483,0.19388446592450692,-0.0017253610275842182,0.2861672411958622,0.0007403027291744006,0.44016388314903004,1.973393510194066e-06,0.6614289311079893,-0.00015759048308148707,1.364505794256775,-0.0007056766306118817,-0.0004232667048017345,0.045788991399576234,0.061054988450400305,0.25
0.5,899919407,-0.1461584585023265,0.1,0.0654437040288658,0.05349646959978074,0.05439370408814702,0.05070445856922168,-0.0002895647637763455,0.0028605068825742633,0.05548963060621914,0.13433311575578563,0.05778583474638865,0.08231146441963005,0.05356093953158924,2.7764451051977987,0.07801898712815061,-0.34404722399491394,0.08918364585397373,0.04430188876477879,12.706204736432095,0.049504597214426266,-0.21953205451373214,-0.0735461047216924,0.052624338395524904,-0.2352550940677808,-0.045971283467154914,-0.005428875313710976,0.13433311575578563,0.00047500162781156295,0.19388446592450692,0.0008340842631299749,0.2861672411958622,-0.0002754165947010826,0.44016388314903004,0.00021501339928105113,0.6614289311079893,-0.0009920342163612901,1.364505794256775,-0.0008747658729083164,-0.0003738820140648922,0.04340885000499143,0.07153884292686936,0.25
0.5,733175828,-0.27098012786139986,0.1,0.05814112208818722,0.03762457058413531,0.038967348266652824,0.05135288727505396,0.0006125270092951652,0.0020245920221892335,0.051942605400578164,0.32612014812863077,0.034838669056563805,0.08231146441963005,0.04506044212187318,2.7764451051977987,0.08822599320429539,-0.469889135659983,0.020020118306577378,0.050534059722858495,12.706204736432095,0.040437736626474687,-0.34076347791059514,-0.20277678386160675,0.08928948814310057,-0.32134068205173427,0.052448095136057915,-0.005758079039769866,0.13433311575578563,0.0012385400893187043,0.19388446592450692,0.0011391560536705109,0.2861672411958622,-0.0011337813260027302,0.44016388314903004,0.00018435847588080855,0.6614289311079893,-0.0003143530468498183,1.364505794256775,0.00026184004772038797,-0.0005365961943470823,0.05158874029442687,0.07116395629011392,0.25
0.5,953690505,-0.021595524554027877,0.1,0.06685070772164484,0.028659519345453504,0.038974278617248496,0.03152068562479906,0.00029087588880432225,0.0007026777334530917,0.032357236607992786,0.19388446592450692,0.036298373460206035,0.08231146441963005,0.026546348034228763,2.7764451051977987,0.14340580260741306,-0.4756794838253219,0.3206371935873056,0.02506709629117017,12.706204736432095,0.02209437763889555,-0.06759443828812142,0.024403389180065637,0.05966570807912934,-0.2067742152754974,0.053781436453482594,-0.006140499432610664,0.13433311575578563,0.0013379393460204421,0.19388446592450692,-0.0017371227062683704,0.2861672411958622,0.0005333141968057036,0.44016388314903004,-0.0005007702886156673,0.6614289311079893,-3.505323646854255e-05,1.364505794256775,-0.00023132770007510312,-0.0005251196657112292,0.05146218408949972,0.08310274676973294,0.25
0.5,345689473,-0.1542280296578003,0.1,0.05312402153144497,0.043532286890804205,0.049837742228124975,0.04161529652347977,0.0006613654696888778,0.0010704674350482696,0.049551688946940155,0.13433311575578563,0.05152856476559282,0.08231146441963005,0.03276524487266576,2.7764451051977987,0.06071857969912739,-0.35393365567705243,-0.016770048876643073,0.029652808263298684,12.706204736432095,0.026841697104033134,-0.20309152289825033,-0.10803565864347277,0.05679072867394033,-0.28645931339373565,-0.08793884738174015,-0.004476700859582114,0.13433311575578563,-0.003345001000877689,0.19388446592450692,0.0009216198837628573,0.2861672411958622,-0.0001640212930245568,0.44016388314903004,4.6284566439371624e-05,0.6614289311079893,-0.0005464239335017263,1.364505794256775,-0.0009050388745937806,-0.0003848377396515574,0.04418865449807001,0.06523696852719958,0.25
0.5,420093028,-0.15524959767928212,0.1,0.06633682382205176,0.027080809600478758,0.029535678967912066,0.02443737443762709,0.0002358414621608134,0.0003613438072439765,0.028284336144420587,0.13433311575578563,0.03156865299210473,0.08231146441963005,0.019036495305273172,2.7764451051977987,0.06634017258580023,-0.2886951313760452,0.0796845635315993,0.023418350505196035,12.706204736432095,0.016094963321936377,-0.18791986653113327,-0.12426104846559431,0.08763743934756082,-0.40820815113682335,-0.014785198617498791,-0.007243343664666579,0.13433311575578563,0.0014655233130922072,0.19388446592450692,-0.0010288032062554205,0.2861672411958622,0.000197778076111065,0.44016388314903004,-0.00017013597088315742,0.6614289311079893,1.6838361012067287e-05,1.364505794256775,-0.001216545211864155,-0.00019658031459272702,0.03126074289988526,0.05135987825158019,0.25
0.5,2091978275,-0.19682348833167987,0.1,0.0641772569320235,0.0332671301259096,0.03773927904001464,0.03608351024681154,0.0004815102129905929,0.0008205094987411604,0.037316175387159686,0.19388446592450692,0.0361218883996837,0.08231146441963005,0.028685900952861953,2.7764451051977987,0.10514840646073603,-0.5294596376262387,0.05441791924827957,0.034147889333565114,12.706204736432095,0.02412870884284259,-0.23615587864090215,-0.16103061100099644,0.05526120990391309,-0.2973957512279701,-0.062343575378166864,-0.004928585486260332,0.13433311575578563,0.0021426225419949843,0.19388446592450692,-2.994843106207664e-05,0.2861672411958622,-2.103943923636749e-05,0.44016388314903004,7.789902939175172e-05,0.6614289311079893,-0.0011111259299681926,1.364505794256775,-0.0008740850375386084,-0.0003551778837766705,0.04209669172291998,0.0638146164908409,0.25
0.5,765382066,0.14465642411506172,0.1,0.06201026433613801,0.03682963500649964,0.050192200646016136,0.041152662277443845,0.0006764837496246645,0.001017057862896685,0.041594959778196945,0.19388446592450692,0.04534376355017651,0.08231146441963005,0.03193739714643121,2.7764451051977987,0.10187553443362876,-0.01920154716622946,0.5465021106690873,0.038634755587847174,12.706204736432095,0.0299463824072664,0.10115173428457937,0.1880306343590922,0.11248966060760214,0.08543387080465059,0.5751517154756853,-0.004910434539120988,0.13433311575578563,-0.0006753189307607407,0.19388446592450692,-0.0012426580425292486,0.2861672411958622,-0.0006488650014048165,0.44016388314903004,0.00013816575231763412,0.6614289311079893,7.274482112549122e-05,1.364505794256775,-0.0006602317531115919,-0.0004201626455214745,0.045817902537372585,0.06507034862752778,0.25
0.5,853257553,0.05567334400228726,0.1,0.05893005843390016,0.042401100461433486,0.04780685361097845,0.05466293138810601,0.00062286216739768,0.0023651739005431053,0.055883243450014844,0.19388446592450692,0.04600632667971847,0.08231146441963005,0.04870328185308912,2.7764451051977987,0.0650449713646249,-0.16143714828602154,0.19975043644006604,0.04589672666266025,12.706204736432095,0.04917765927321654,-0.030472296703147543,0.14181898470772206,0.04343847909974369,-0.0018557693334811552,0.15642769314993402,-0.005576212935452902,0.13433311575578563,-0.0013824109065029204,0.19388446592450692,0.0007216870731149116,0.2861672411958622,-0.0003772292485035301,0.44016388314903004,-0.0005708801167579976,0.6614289311079893,0.0001956468180848099,1.364505794256775,-0.0004919669707171688,-0.00045682564937822524,0.047969980496151,0.07591969712669124,0.25
0.5,1555165249,0.013811300897957186,0.1,0.07372853789452657,0.10190015086391588,0.09084385310915948,0.08677118475959018,-0.0009797903235508436,0.00850902882813378,0.08941123634618076,0.13433311575578563,0.09828533150245454,0.08231146441963005,0.09237760224752116,2.7764451051977987,0.09013159908148699,-0.03736603139300587,0.4631248427938841,0.09177008822675292,12.706204736432095,0.08414148940425516,-0.1268402774591908,0.15446287925510516,0.26387128565859225,-0.07969279132872044,0.8342711228345987,-0.0069175639902712745,0.13433311575578563,-0.0025814340893337293,0.19388446592450692,0.001958247151467049,0.2861672411958622,-0.0001455084722113475,0.44016388314903004,-0.0008292661902714848,0.6614289311079893,0.00011674448481358813,1.364505794256775,-0.0019738674366215824,-0.0001712525952150376,0.029315354318515636,0.03577624019116652,0.25
0.5,2046893227,0.33529706136106263,0.1,0.07689230270388786,0.10024634588412892,0.11538029041887858,0.10717673960382382,0.000676996079707521,0.010809857432398335,0.1071694673160953,0.2431366342882323,0.11374729478380553,0.08231146441963005,0.10412060216364348,2.7764451051977987,0.18820063718383523,-0.5039653359539562,0.5410921398543762,0.10610788969308967,12.706204736432095,0.09166805623234753,0.18032311789915786,0.47813928076716,0.1929900578451031,-0.23288004086187367,0.43486045388283395,-0.004551592445437137,0.13433311575578563,-0.0022383738627069732,0.19388446592450692,-0.0007362939185359741,0.2861672411958622,-0.0002483229397573331,0.44016388314903004,-0.0004556266650318218,0.6614289311079893,0.00015691502676080035,1.364505794256775,0.000772720986458142,-0.0008638597286220305,0.06557575657824292,0.08697685455769681,0.25
0.5,25923199,-0.11218331723249553,0.1,0.06259504189450901,0.032186462086406555,0.03165424197344617,0.025365302771222294,0.00023732889545595697,0.0004060696892198203,0.025346629009608275,0.2431366342882323,0.030599643667895634,0.08231146441963005,0.020180270093295937,2.7764451051977987,0.05478590712992464,-0.25256046641973706,0.05165966094966387,0.016389942586607018,12.706204736432095,0.017751770218551975,-0.14491229676763062,-0.07945433769736045,0.0890229808469609,-0.42214420915958034,-0.06393117161560524,-0.005762176073544423,0.13433311575578563,0.0009778280396823286,0.19388446592450692,-0.0003000076957360817,0.2861672411958622,-0.0007651634806922161,0.44016388314903004,-0.0002627528986869915,0.6614289311079893,0.00029593808528356275,1.364505794256775,-0.0006179470629579973,-0.00036003144762796727,0.042450935576367706,0.05824919217928003,0.25
0.5,167661493,-0.12369701470181563,0.1,0.07100986126338275,0.06257407603614584,0.07925816217187794,0.07364063967214661,0.0029922165937342885,0.002430727217588645,0.07480849977622915,0.32612014812863077,0.0671723837198144,0.08231146441963005,0.049373600646103036,2.7764451051977987,0.07444901232491886,-0.2626644420537332,0.15074274965892998,0.07200103609841321,12.706204736432095,0.043804661344147344,-0.19334497591124442,-0.05453747134420247,0.07033712272820154,-0.24257254925780353,0.019949296957604168,-0.007465717751680339,0.13433311575578563,0.003019486247652804,0.19388446592450692,-0.00047996470446030274,0.2861672411958622,-0.0005524822759875047,0.44016388314903004,-0.00010866172629854355,0.6614289311079893,-0.00012068123624108737,1.364505794256775,-0.0009815708239512926,-0.0003178169938066625,0.03965249175159603,0.06570504053458086,0.25
0.5,25883884,-0.16176503361353933,0.1,0.06425161411493152,0.07996887234237424,0.08771521937527636,0.1015132509584649,0.0015767603706665365,0.008728179749489738,0.1018794878465686,0.32612014812863077,0.07767461670191388,0.08231146441963005,0.09355963714403209,2.7764451051977987,0.10189389370635403,-0.5874275294353904,-0.021621924574287577,0.09848141066107231,12.706204736432095,0.08447788230525058,-0.3000563907174105,-0.03256039739307143,0.13043521020560422,-0.4909413341253014,-0.08132287627510666,-0.006172725433030484,0.13433311575578563,0.0001254484844564436,0.19388446592450692,0.0001279679608267041,0.2861672411958622,-1.0435833539038493e-06,0.44016388314903004,0.00047325138176209,0.6614289311079893,-0.0007503818487642152,1.364505794256775,0.00010505803481505318,-0.00048360794085096825,0.04939529741224241,0.05978840329864186,0.25
0.5,283137977,0.06679546829618556,0.1,0.0626368029206669,0.029095141200514825,0.03923424835111285,0.028634831062118272,0.000515795641156471,0.00030415790879958235,0.028712727251270803,0.2861672411958622,0.03511860541971971,0.08231146441963005,0.01746530783868865,2.7764451051977987,0.09535001993654812,-0.1800611925380892,0.349406999728594,0.026677078906192222,12.706204736432095,0.015917927017702824,0.04288767208789855,0.09618321610911104,0.09871679379566273,0.01891202865857791,0.3858819050043412,-0.006120381671733212,0.13433311575578563,0.00042364835157518996,0.19388446592450692,2.8709626973285395e-05,0.2861672411958622,0.00037599074452163877,0.44016388314903004,3.463209818463406e-05,0.6614289311079893,-0.0007575527420806386,1.364505794256775,-0.0014027606337087474,-0.0001843839040088088,0.030471692497325235,0.04741374689893089,0.25
0.5,2095960042,-0.34431752268841836,0.1,0.06050612959939928,0.041327011578879205,0.04559489043812342,0.04720139877567889,-6.097360403456518e-05,0.0022889456504152257,0.04797866426438207,0.13433311575578563,0.04966785188536742,0.08231146441963005,0.047912014153778985,2.7764451051977987,0.19482680391314486,-0.7184594494547691,0.36339240271719553,0.04594574930786822,12.706204736432095,0.04556149147023131,-0.42346451259612344,-0.25884771806842605,0.14479847851766278,-0.3894502784076609,0.1883122226342128,-0.007661270105711332,0.13433311575578563,-0.0005327759137959835,0.19388446592450692,0.00038446624443371933,0.2861672411958622,-1.4035619268525857e-05,0.44016388314903004,-0.00023377367095739397,0.6614289311079893,-1.1747722815536847e-05,1.364505794256775,-0.00024243972797699845,-0.0004952905257151724,0.049874682838949226,0.07267084778499344,0.25
0.5,346363994,-0.33680051844853376,0.1,0.06352100021664932,0.04659597865445526,0.04181043819309721,0.054550686839447776,-0.0006124322419639866,0.0035882096766194876,0.061611411466388,0.13433311575578563,0.05786780133422908,0.08231146441963005,0.059988167373389634,2.7764451051977987,0.12564048255812985,-0.681690590405879,0.01597721522053913,0.04966886280142463,12.706204736432095,0.056106960800870236,-0.42692183335443085,-0.23841296796232028,0.08511153080646752,-0.5773403952671272,-0.2214968531113728,-0.007797785804555751,0.13433311575578563,0.0024177490248253036,0.19388446592450692,-0.0008155233244678566,0.2861672411958622,-0.0005455098717753208,0.44016388314903004,-1.1423904678826666e-05,0.6614289311079893,5.3678742316742705e-05,1.364505794256775,-0.0015812225375025617,-0.0001693268229499566,0.028984333516914044,0.03990669438609808,0.25
0.5,617350779,-0.29329666458946096,0.1,0.06508056233392408,0.03558315108946088,0.04327353890933005,0.0506518640298802,0.0006556739123236091,0.0019099374173778627,0.05639684604404924,0.13433311575578563,0.04813773253366943,0.08231146441963005,0.04376593958453427,2.7764451051977987,0.10015825214435037,-0.6032922539380681,-0.04712447611537113,0.04529666276618841,12.706204736432095,0.037741353220002286,-0.35732300653604043,-0.22297804429798262,0.10926621390067397,-0.5752001342951116,-0.17653082766896017,-0.0056628813214172164,0.13433311575578563,-0.0022500511425789294,0.19388446592450692,0.0009670070346162026,0.2861672411958622,0.00012721870392824795,0.44016388314903004,-0.0002946120762646749,0.6614289311079893,-0.0003712397283019777,1.364505794256775,-0.001667690134028424,-0.00017832682566175384,0.029807113547732376,0.04127713574573893,0.25
0.5,883938594,-0.025187677176048636,0.1,0.04578102637396221,0.031021522148239382,0.02139773165407106,1e-150,-0.0005233563597647319,0.00048459481601971575,0.009575974096631058,0.13433311575578563,0.02685603483992392,0.08231146441963005,0.022045302880019494,2.7764451051977987,0.061489541489587456,-0.11864295699934209,0.22280171597990206,1e-150,12.706204736432095,0.01875338656981162,-0.06308747165972173,0.008359541059346293,0.10153034364430358,-0.104266435120294,0.3542022614663166,-0.004574915705930153,0.13433311575578563,-0.0013051841310474177,0.19388446592450692,-0.0016395065717719761,0.2861672411958622,0.000994557362860179,0.44016388314903004,-0.0007649631821721096,0.6614289311079893,0.00030674215713759025,1.364505794256775,-0.00030603046249238607,-0.00041981865128190403,0.046053226593023265,0.06250784602573979,0.25
0.5,380083668,-0.24215019002178628,0.1,0.07841571157301758,0.09228158332660075,0.11542244460403504,0.09482988868507379,0.00468482247728043,0.004307885310743056,0.09755403150896819,0.32612014812863077,0.10533423703427186,0.08231146441963005,0.06572926172050954,2.7764451051977987,0.07924117794936,-0.5629087774457037,-0.12289121615048704,0.10645992410976562,12.706204736432095,0.05946134903413222,-0.3494764462500505,-0.12203091069270004,0.1196031354252388,-0.4593916664539413,-0.001827903856692241,-0.006733698608997888,0.13433311575578563,-0.0018937476944097184,0.19388446592450692,0.0002708102618327118,0.2861672411958622,-0.0005921138870239803,0.44016388314903004,0.0007605835946800001,0.6614289311079893,-0.0005649470003501899,1.364505794256775,0.0016255564903959107,-0.001005181056437535,0.07105856655740046,0.10673587609458579,0.25
0.5,1566686322,-0.1003536207744587,0.1,0.07567547620797588,0.08622452054824857,0.08897130024154101,0.12298457133086715,0.00072865716414871,0.014396547621288443,0.12758972106842956,0.13433311575578563,0.0919021608623784,0.08231146441963005,0.12015887874154416,2.7764451051977987,0.09995025677114461,-0.46264217593060875,0.09237062642040636,0.11669039314651397,12.706204736432095,0.1145623877703071,-0.2808647196373942,0.08015747808847679,0.09250227977973978,-0.32191772491141646,0.06081526205299177,-0.007080979113036752,0.13433311575578563,-0.0004193559050102783,0.19388446592450692,0.0003309847249087942,0.2861672411958622,-0.0002735191571181371,0.44016388314903004,-0.0002073512353846406,0.6614289311079893,9.510354815792639e-05,1.364505794256775,-0.0011901260991072804,-0.00024183095042822574,0.03494494391785646,0.06024639999062467,0.25
0.5,1347531742,0.20358769645994462,0.1,0.0676112402635167,0.05616688308479578,0.05904362932435755,0.035068064183387815,0.0003272758458072863,0.0009024932797629209,0.04144663804506569,0.13433311575578563,0.06686223486359663,0.08231146441963005,0.030084907210147106,2.7764451051977987,0.07167077559678128,0.0036854748010400062,0.4016654229838664,0.03636576028041016,12.706204736432095,0.024107828462480694,0.15501873682955528,0.2548318805978474,0.09896477344370072,0.05172189787639106,0.4286429320891748,-0.004787956577148176,0.13433311575578563,-0.0032146366615745797,0.19388446592450692,0.0006777290377750337,0.2861672411958622,0.00016647008328920778,0.44016388314903004,-0.0003208489873602351,0.6614289311079893,-8.405097715282622e-05,1.364505794256775,-0.001366507282740238,-0.0001883566119766534,0.030549276822182662,0.04297526282826181,0.25
0.5,388186765,-0.0838244360803798,0.1,0.07517600747437432,0.07887625709666829,0.08563162780593439,0.0873908786517924,0.0013235327559330242,0.006313632915599282,0.08745591208128364,0.2431366342882323,0.08236766448753215,0.08231146441963005,0.07957311360990596,2.7764451051977987,0.08813953756260401,-0.3145673056510192,0.17486186962915964,0.08940955299109044,12.706204736432095,0.06912672287109142,-0.2226549129143719,0.06410838718519783,0.08909925766867584,-0.28102739162000123,0.05164349717023302,-0.006562426013389137,0.13433311575578563,1.0155140257824959e-05,0.19388446592450692,-0.00036189563954990706,0.2861672411958622,-0.0001086630060175616,0.44016388314903004,7.60254198504084e-05,0.6614289311079893,-0.00014223834929844367,1.364505794256775,-0.001697887495320138,-9.572852165478864e-05,0.021891795114988316,0.03129934776882383,0.25
0.5,1608096687,-0.10337363952725696,0.1,0.08213219220117625,0.05891507961795122,0.08157494536148892,0.09226213926181344,0.0031269313103356937,0.005385371030830563,0.09247341279704897,0.2861672411958622,0.0681351174580757,0.08231146441963005,0.0734910585512893,2.7764451051977987,0.14319514547510317,-0.41826286168712945,0.3768840597977444,0.08944349688610459,12.706204736432095,0.05466350640207961,-0.18690103462430396,0.0007460597010227957,0.08106959813622995,-0.33162596491110885,0.009459965868240775,-0.0064625797616225614,0.13433311575578563,-0.003429929447065334,0.19388446592450692,0.0009452776310962955,0.2861672411958622,7.693919518949952e-05,0.44016388314903004,-0.000651531692402683,0.6614289311079893,0.00015687965557264496,1.364505794256775,0.0017083228997771234,-0.0010853172261052753,0.07390634825325589,0.1068896341846864,0.25
0.5,836745810,-0.042858172964322726,0.1,0.06531921807533128,0.06194392294284023,0.06060470418810824,0.07190086272925493,-7.153331924374985e-05,0.00524126738045491,0.07193528456468803,0.2861672411958622,0.05889122154083513,0.08231146441963005,0.07250114172945639,2.7764451051977987,0.061137725627656445,-0.3149621983436278,0.024528879780037732,0.07095190609516693,12.706204736432095,0.06006564812966879,-0.14903033268675317,0.05914519332175024,0.1521824706798492,-0.520612443788883,0.018953247076407397,-0.006935570154703998,0.13433311575578563,0.00034504635646722743,0.19388446592450692,4.830543175079353e-05,0.2861672411958622,-0.00039441118385223964,0.44016388314903004,-0.00014948346943136447,0.6614289311079893,-0.00014984892416757486,1.364505794256775,-0.0008160707941580458,-0.0004263011009068987,0.04647170766177218,0.08021129287963034,0.25
0.5,844084196,-0.2895274248252635,0.1,0.0466218616448831,0.022273891260992055,0.019428621790835886,0.03786677142296969,-0.00012427528227246687,0.0015581676602719008,0.039025300218020295,0.13433311575578563,0.02495889682038719,0.08231146441963005,0.03953063413370156,2.7764451051977987,0.031108719261931865,-0.36309305929947067,-0.19034975665194429,0.036263057412759425,12.706204736432095,0.03689812014706518,-0.34805543452191456,-0.22865587792468875,0.039785426979803584,-0.3296208594842111,-0.23616233552033633,-0.0043904796032665705,0.13433311575578563,0.00034307925026285746,0.19388446592450692,-0.0005068096094119289,0.2861672411958622,-5.8150669750062787e-05,0.44016388314903004,-0.0002424913995186158,0.6614289311079893,-0.0003093857329670568,1.364505794256775,-0.0016608970310055607,-0.00012468036200687698,0.02511448952142937,0.03363754197879999,0.25
0.5,2139371150,-0.1274456140029458,0.1,0.044880900940758764,0.02988052028885615,0.03615421004401158,0.0554483936408303,0.0007520155229120581,0.0023225088344364115,0.0559807525540355,0.32612014812863077,0.03214906582576961,0.08231146441963005,0.04826200666896405,2.7764451051977987,0.1928535726423994,-0.23241894224780574,0.8384757733179902,0.056426516083920734,12.706204736432095,0.04334490985773362,-0.19917154200221537,-0.05269713706413909,0.135700980782148,-0.17039805606957803,0.4126665892246929,-0.006051788396672515,0.13433311575578563,0.0008547197521143822,0.19388446592450692,-0.0005422917789657313,0.2861672411958622,-0.00026068382610998825,0.44016388314903004,-0.0005577086996093796,0.6614289311079893,0.00028318510670047835,1.364505794256775,-0.0009949611501889346,-0.00030922909571070293,0.03944046320865753,0.05376339886324905,0.25
0.5,2028137559,-0.05968001604014419,0.1,0.059225155968166916,0.03560870076656848,0.04463543933528229,0.04202700720040729,0.0006453539343352767,0.0011209153998878098,0.04328273769305698,0.32612014812863077,0.0419361411797452,0.08231146441963005,0.03352842137309597,2.7764451051977987,0.12578034891235132,-0.48479377249351396,0.21365069564202419,0.04428851047432357,12.706204736432095,0.03180505348664706,-0.12060259634412729,0.0012425642638389175,0.08124967446053882,-0.14097864033851193,0.2194346269035711,-0.004961720242872321,0.13433311575578563,-0.0022920953604801918,0.19388446592450692,0.0006585622971372286,0.2861672411958622,-0.0003245043595906785,0.44016388314903004,0.00026260473414900195,0.6614289311079893,-0.00023907487728792756,1.364505794256775,-0.0010514504226916115,-0.0001836916173370156,0.030345025957086238,0.040737033804324474,0.25
0.5,667790396,-0.02151682642532666,0.1,0.07842780266585865,0.043613759711596624,0.05260704934457533,0.05463609030417038,0.0008159208180005767,0.0021691815457248846,0.05454711976122235,0.2431366342882323,0.0499647505405668,0.08231146441963005,0.04664172870456968,2.7764451051977987,0.12400391390080688,-0.3216404699974877,0.3669396495530414,0.049221648779169444,12.706204736432095,0.04159043536682293,-0.10087095211764227,0.05783729926698896,0.08927456692296044,-0.1257967027034744,0.23839595566850372,-0.008772924587787704,0.13433311575578563,0.00020463680427356876,0.19388446592450692,-0.0004575178184127873,0.2861672411958622,0.00011595320054257002,0.44016388314903004,9.816510725526154e-05,0.6614289311079893,-0.00032239026844681234,1.364505794256775,5.0092843896344956e-05,-0.0006576292284184634,0.057613298788361765,0.08028159019232184,0.25
0.5,923063242,0.13442316862342923,0.1,0.06334996528677131,0.04910601596944963,0.058506196716548456,0.058377367604004506,0.0008092065629480851,0.00259871048542499,0.0594541306469155,0.19388446592450692,0.05468705878692413,0.08231146441963005,0.051051162664246016,2.7764451051977987,0.1839964961937645,-0.5421611003436095,0.47955124211783634,0.05351832063896557,12.706204736432095,0.04697917072115122,0.05511976318909223,0.21596241861639592,0.1089118667959936,-0.1512992118646856,0.2743200510878219,-0.0054119479154659715,0.13433311575578563,-0.00036265697567653137,0.19388446592450692,-0.001060767281929528,0.2861672411958622,0.0005669241809792325,0.44016388314903004,-0.00028617335536513296,0.6614289311079893,-0.0001789774445474112,1.364505794256775,-0.001734855243679025,-9.397178720247204e-05,0.021676586381265937,0.029092294898393694,0.25
0.5,41404205,0.26582500063643205,0.1,0.05876595689499027,0.04093074749673518,0.04943715033950404,0.031229394625473316,0.0008177322698927471,0.00015754281878079443,0.032843635816583214,0.2861672411958622,0.04491598595830555,0.08231146441963005,0.012569731295721281,2.7764451051977987,0.0421764038780658,0.19799659747281748,0.43219753767701996,0.03470858945768801,12.706204736432095,0.010290587340343016,0.24798294543876045,0.2850425730672246,0.06269867396349679,0.0929068544754089,0.34627079156367935,-0.00519918080539289,0.13433311575578563,0.00010249990945143209,0.19388446592450692,-0.00037742609900812,0.2861672411958622,0.0007061913025753326,0.44016388314903004,9.624881064416276e-05,0.6614289311079893,-0.0010168834439795169,1.364505794256775,0.0012480661344835926,-0.0008454607458153242,0.06498972895408114,0.10105794043516683,0.25
0.5,1119215550,0.0750165889193519,0.1,0.06752650194653165,0.06806311636971484,0.06980548726662184,0.07119732674118323,0.0009188164814246651,0.004150242853666139,0.07125368949093112,0.2431366342882323,0.06699356610726064,0.08231146441963005,0.06451540726995783,2.7764451051977987,0.13844388274824773,-0.1662422247219718,0.6025214564799289,0.07171683315403052,12.706204736432095,0.05783154774845079,-0.03081573423975792,0.1632130625452129,0.1292265258566955,-0.0026560019224747084,0.4547590592729225,-0.006601828368586356,0.13433311575578563,-0.00017236018233098734,0.19388446592450692,0.00043670830545295384,0.2861672411958622,0.00011403227366008641,0.44016388314903004,-0.0008326366507200025,0.6614289311079893,0.00014736940521952756,1.364505794256775,-0.00011484190521651742,-0.0005626335449935042,0.053068543888358743,0.0747726115141338,0.25
0.5,182950611,-0.11549396474412899,0.1,0.06038739278843179,0.017651525181837966,0.02176267257868687,0.020521921299082473,0.0001518406553917993,0.00026930859841393554,0.020711923178194747,0.2861672411958622,0.019967187622770003,0.08231146441963005,0.01643432222406098,2.7764451051977987,0.05304872588233833,-0.18764479989832705,0.106928950727669,0.018131691685004732,12.706204736432095,0.014990195616553901,-0.1411525374907815,-0.08911265190680123,0.05716424113728255,-0.25168510589990073,0.025060260756345258,-0.00731283712468106,0.13433311575578563,0.001507223218717976,0.19388446592450692,-0.0007362923794370501,0.2861672411958622,-0.0002079685926320255,0.44016388314903004,-0.0002367568037077806,0.6614289311079893,9.055467138406018e-05,1.364505794256775,-0.0008708330634687285,-0.00034546318919736297,0.041470570274091734,0.07017582873710167,0.25
0.5,1908054536,-0.22938570219746623,0.1,0.06738843267905872,0.12131866777576755,0.17912700175743734,0.18407011020646974,0.01904998855877705,0.014831816912644869,0.1857731225188232,0.32612014812863077,0.15076093751430786,0.08231146441963005,0.12196181138173452,2.7764451051977987,0.08429590846613333,-0.5545708311921723,-0.08648490629417724,0.18315535099689212,12.706204736432095,0.11034867052355474,-0.4014101522796893,-0.05736125211524318,0.13842958788425738,-0.5708720593185819,-0.06677106956089866,-0.0015239485932941818,0.13433311575578563,0.00048189361196264354,0.19388446592450692,0.0005310124752204694,0.2861672411958622,-0.0010566653456417707,0.44016388314903004,-0.0005571101774507793,0.6614289311079893,-6.89488296454483e-05,1.364505794256775,-0.0010676893746324977,-0.0002476173571551359,0.03527185291568747,0.04707801908502913,0.25
0.5,515998926,-0.41072643748728443,0.1,0.07494228132807436,0.07635577996740811,0.11119292961785174,0.09425073495033574,0.004146203664354621,0.004736997374323819,0.09917282832439975,0.32612014812863077,0.09108090414653991,0.08231146441963005,0.06892523571363568,2.7764451051977987,0.08544173486254247,-0.7035102660363852,-0.22906169295895687,0.10519589460112565,12.706204736432095,0.0652628567462684,-0.5143490534579881,-0.3071038215165807,0.13211566538748584,-0.8190272715811305,-0.33521291616610616,-0.006428410317565625,0.13433311575578563,-2.6977102955350807e-05,0.19388446592450692,-0.0023881481145129565,0.2861672411958622,-0.0009637199752265379,0.44016388314903004,0.0006221566016450782,0.6614289311079893,-0.0002131259572008767,1.364505794256775,0.00042531363096995486,-0.0008911047752702212,0.06642941309349182,0.10629711605307549,0.25
0.5,1530865709,0.07238976319929878,0.1,0.06304268183134952,0.027803577610153216,0.03549455826389948,0.028221834283572427,0.0006414468461357478,0.00015502508419367613,0.028221710474033736,0.2431366342882323,0.030969418880139304,0.08231146441963005,0.012468886621104482,2.7764451051977987,0.06672265605681825,-0.16487377622559227,0.20562980740390632,0.022021865667729,12.706204736432095,0.012154713889829062,0.05086011575663846,0.0939194106419591,0.05809741447883,-0.1078401071586057,0.12202444956244748,-0.007427384059275264,0.13433311575578563,0.0010908759674342107,0.19388446592450692,-0.000764491913278083,0.2861672411958622,0.0005647888771813413,0.44016388314903004,-0.0003116215458396655,0.6614289311079893,-0.000296041139496551,1.364505794256775,-0.0009623533307280439,-0.0003381207153499573,0.04099252771209523,0.049106713871656986,0.25
0.5,833402519,-0.20030177783917605,0.1,0.05582451624260138,0.039065506838682255,0.04750309777615125,0.04418716910254806,0.0009758131315065525,0.0009766927817906252,0.0459038512878843,0.19388446592450692,0.04348561645636777,0.08231146441963005,0.03129721382645253,2.7764451051977987,0.10879426863662058,-0.5592867986744796,0.04483583058495949,0.031676808943603064,12.706204736432095,0.025526763884061596,-0.2506292041137472,-0.1558852321109641,0.10962066209727514,-0.5371934727559258,-0.13449732758307079,-0.005753282015937003,0.13433311575578563,-0.002227876527260466,0.19388446592450692,-2.85138242168392e-05,0.2861672411958622,-0.0002631967301725891,0.44016388314903004,-1.3666925013559821e-05,0.6614289311079893,0.0001609127409359095,1.364505794256775,-0.0009594575013087974,-0.0002760833907621988,0.03694914637756245,0.06264333681707224,0.25
0.5,1936765163,0.08739347432519991,0.1,0.0728402564216346,0.06766806280836767,0.07566901720135259,0.08731456033088268,0.0012282149823129905,0.0063956174634623615,0.08947769168626919,0.32612014812863077,0.07102677007749081,0.08231146441963005,0.08008808842142744,2.7764451051977987,0.08078578152574599,-0.2084760172952944,0.240118558078178,0.09235721233023625,12.706204736432095,0.07076700525120634,-0.04577035718391405,0.19735855635200128,0.06510828645069636,-0.06989463717680583,0.187518459077785,-0.006301403346724837,0.13433311575578563,0.000633443410189734,0.19388446592450692,-0.0007161102245775919,0.2861672411958622,2.658156655646872e-05,0.44016388314903004,-6.416272073978362e-05,0.6614289311079893,-0.00023859406888415574,1.364505794256775,-0.0017667059441083132,-0.00011340925025848382,0.023815018943982122,0.03267069879756829,0.25
0.5,1248238864,-0.0905773421652733,0.1,0.04285200092940095,0.05768655834056304,0.06037735868909973,0.05122750400739556,0.0004857398658927813,0.002138517300934947,0.053839053412389905,0.13433311575578563,0.057905814987285524,0.08231146441963005,0.046310884107041185,2.7764451051977987,0.10604841000386918,-0.34577831203839954,0.24309686570010416,0.0390019113945124,12.706204736432095,0.041470486439558876,-0.17915024032681295,-0.011049170525126316,0.09692394507506961,-0.2354769346384399,0.18908525813293983,-0.003442869643337339,0.13433311575578563,0.0001427471725146741,0.19388446592450692,-0.0009241248614487433,0.2861672411958622,-0.0003392356318745855,0.44016388314903004,-0.00023798809853126823,0.6614289311079893,-0.00013205278436651075,1.364505794256775,-0.0002631204499599635,-0.00047985644734846314,0.04890036879847388,0.056406519764619724,0.25
0.5,1611295177,0.46234090887531987,0.1,0.062456012090067445,0.04262296949912508,0.0441875367220601,0.023622664218465504,-0.0004079211962200917,0.0009659514609984621,0.030926221290830235,0.13433311575578563,0.04843565749293871,0.08231146441963005,0.031124640210398916,2.7764451051977987,0.10292538749227906,0.22571192740999757,0.7972453040170474,0.024616663416190673,12.706204736432095,0.02936799220833027,0.41365595556731344,0.5081408530314249,0.06462135841436499,0.2955182558746681,0.5482187064089113,-0.006240018853919374,0.13433311575578563,-0.0006390030893770453,0.19388446592450692,-0.00017795566361462981,0.2861672411958622,-0.00028503293693729755,0.44016388314903004,7.094561723869579e-05,0.6614289311079893,-0.00023208812859507375,1.364505794256775,0.0002737041423568816,-0.0006378384148819947,0.05619578818229342,0.09044658803401077,0.25
0.5,1890067251,0.2158775197299912,0.1,0.06311289454503674,0.04383065102258695,0.06418866098927192,0.05490661948741151,0.0018381976368025473,0.0011765392267328503,0.056172323438479374,0.32612014812863077,0.049022887525158695,0.08231146441963005,0.034350249331296726,2.7764451051977987,0.07609857605635123,-0.064662158796819,0.3579048792115386,0.055500733637556324,12.706204736432095,0.02909400439678177,0.1654916452748109,0.26626339418517153,0.044659155628684215,0.11387941012920676,0.27181349016590034,-0.008494273690888069,0.13433311575578563,0.0005348583040289759,0.19388446592450692,-0.00029002360200869966,0.2861672411958622,-4.7953256103329976e-05,0.44016388314903004,-0.00039865715329649764,0.6614289311079893,3.2104687393680974e-05,1.364505794256775,-0.0021743124309529815,-0.00014798762594510652,0.027194725663352223,0.041945187905529355,0.25
0.5,1529935164,-0.2711314023949713,0.1,0.06973590270125438,0.08106393455278847,0.0694630312615349,0.09305149914907045,-0.0016048560656277203,0.01026343755951718,0.1010234445663543,0.13433311575578563,0.08219051484544043,0.08231146441963005,0.10145491941670963,2.7764451051977987,0.1036691587008928,-0.6859564670105596,-0.11029301054042434,0.09284316014491192,12.706204736432095,0.08700552358383849,-0.427004034878718,-0.1239017224373253,0.11026597190520972,-0.5434150758495896,-0.168249885946758,-0.006044944233437254,0.13433311575578563,-0.0007138156720647477,0.19388446592450692,-0.00011338052295804552,0.2861672411958622,0.0008778196728955122,0.44016388314903004,-0.0002029069013041718,0.6614289311079893,-0.0005888282620852371,1.364505794256775,-0.0007568362371399719,-0.00032636439374895574,0.040282195202709904,0.06808447664512844,0.25
0.5,898979774,0.15215866678763162,0.1,0.06773701566082273,0.09761122644120984,0.08459028529225661,0.07165968285865071,-0.0016800741495035954,0.006815184296905994,0.07958691732263266,0.13433311575578563,0.09811892199119862,0.08231146441963005,0.08267334129783266,2.7764451051977987,0.06516063198681377,-0.15275370283352915,0.20907613262923921,0.06862616908792789,12.706204736432095,0.07191525403987276,0.03699258269818506,0.27640260474791684,0.143984989265844,-0.2373037011757697,0.26947743991821277,-0.0060324359466903165,0.13433311575578563,-0.0011752892033677549,0.19388446592450692,-0.0006528042902767203,0.2861672411958622,-0.0001171422038828207,0.44016388314903004,0.0003248577840207063,0.6614289311079893,-0.0001638527349945788,1.364505794256775,4.774176231052988e-05,-0.0004992595627402049,0.05009616731795228,0.07582601832927052,0.25
0.5,1742430670,-0.10307324991440432,0.1,0.06285145101878091,0.04134586787595292,0.05126700596117178,0.061265093777629925,0.0008392890754198618,0.002914122640161927,0.06301418094276647,0.32612014812863077,0.04548115782015901,0.08231146441963005,0.05406056751395771,2.7764451051977987,0.23254152781424361,-0.4614926466596879,0.829784926650461,0.0646086938074897,12.706204736432095,0.0444646577964835,-0.18224210799192905,-0.01193318686748923,0.09756223715287164,-0.19735222730231236,0.18672709006484045,-0.006849006478516635,0.13433311575578563,-0.001058570094655413,0.19388446592450692,0.0001633393763509783,0.2861672411958622,-0.00019505688551953922,0.44016388314903004,0.0001933124051122234,0.6614289311079893,-0.00016913185134503523,1.364505794256775,-0.0016798252297824683,-9.74359955353268e-05,0.022004005113738564,0.03444176987174893,0.25
0.5,731474999,0.0036029094378476605,0.1,0.05725466538235167,0.08471853162473941,0.06621837486966267,0.0609509288294841,-0.0025536088699413617,0.006268624595118198,0.07336501991434113,0.13433311575578563,0.07794225148793234,0.08231146441963005,0.07928897784208605,2.7764451051977987,0.16239495988666086,-0.6383811951198795,0.26338018785234535,0.046953922740458724,12.706204736432095,0.07528791227773846,-0.11931487327217338,0.12322024699128103,0.09814504549944823,-0.21402026708283037,0.13349232943563777,-0.006279048151917902,0.13433311575578563,-0.00010812718146397152,0.19388446592450692,0.000698650533090556,0.2861672411958622,-0.0006377473595461097,0.44016388314903004,0.000376466502422854,0.6614289311079893,-0.0003155009915817449,1.364505794256775,0.0008836112548625361,-0.0006685109721852537,0.058066475326664285,0.07339492724768197,0.25
0.5,155205092,0.3112057270703744,0.1,0.06492849494749031,0.04063195798656006,0.050375196868899054,0.04418433377178218,0.0013992551410439017,0.0005530002098123493,0.045384869410796974,0.32612014812863077,0.04028046477557483,0.08231146441963005,0.023549914571282356,2.7764451051977987,0.05149108251961894,0.13804583086376943,0.4239701589096333,0.044938198279354954,12.706204736432095,0.02046485824259576,0.27796401458645387,0.34444743955429497,0.05569296866864114,0.15632023079672677,0.3743065616210958,-0.009164690022760718,0.13433311575578563,0.0008279465647772201,0.19388446592450692,0.0007008948990043497,0.2861672411958622,-0.0004885745259363064,0.44016388314903004,0.00045322353975659483,0.6614289311079893,-0.0005196938036042198,1.364505794256775,0.001551776661564218,-0.0009580366022807251,0.06938351005527155,0.10449940118009458,0.25
0.5,6130372,0.01440700116148092,0.1,0.06659904058994014,0.04395384616707573,0.05746397374342477,0.04967295191897898,0.0007972629033811602,0.0016701392489640375,0.05333887744631747,0.19388446592450692,0.05569295510364712,0.08231146441963005,0.040926351425616556,2.7764451051977987,0.06064769901136684,-0.15066301435528007,0.18610699976795758,0.03257351591581358,12.706204736432095,0.03690253619712294,-0.0399011841122851,0.06858700615551502,0.13794066295827231,-0.3533214086571062,0.21706119913209296,-0.006077756577058384,0.13433311575578563,-0.0005788599570793701,0.19388446592450692,0.00011686302301214973,0.2861672411958622,3.9051321514833416e-05,0.44016388314903004,-0.00035319221751492404,0.6614289311079893,-0.00025820221401899623,1.364505794256775,0.0006169836856109137,-0.0007701200871131695,0.06187571418035384,0.0764080999809431,0.25
0.5,1060436906,0.20991440778385362,0.1,0.07485733370936702,0.08197473082923169,0.09154904048763651,0.05633556849582266,0.002068563477242231,0.0011051328005052962,0.05638623110580372,0.2431366342882323,0.08778446088408831,0.08231146441963005,0.03329154285911487,2.7764451051977987,0.06847496156188876,-0.0035256158363049517,0.37670832787792197,0.04681888133202074,12.706204736432095,0.02891692372607557,0.15183875212952963,0.2690114869056929,0.10662742795304485,-0.0992183576707515,0.31271543366674487,-0.006624846371620636,0.13433311575578563,5.4824767552609635e-05,0.19388446592450692,-0.0005733158749938931,0.2861672411958622,0.0011726267376240345,0.44016388314903004,-0.000460328303078126,0.6614289311079893,-0.0005146693154827777,1.364505794256775,-0.0005141787443144983,-0.000423957500413463,0.045956215199427886,0.06563845052693758,0.25
0.5,1920040719,-0.036468623477652576,0.1,0.07115657470950658,0.06929942813958694,0.07504811422483339,0.0661672340349278,0.0008829779548671065,0.003495124904965802,0.07011205999356797,0.19388446592450692,0.07570456277483649,0.08231146441963005,0.0592049526816142,2.7764451051977987,0.12206996623282439,-0.4951682929920348,0.18267282748553693,0.058368408727100925,12.706204736432095,0.0505222362099449,-0.1211814693361485,0.05397558128726501,0.11008847831708929,-0.34691560693842716,0.05778984298517845,-0.003690111993988734,0.13433311575578563,-0.0007419065003880441,0.19388446592450692,3.3282873574906034e-05,0.2861672411958622,-0.0014212957750224908,0.44016388314903004,0.0003460743455432752,0.6614289311079893,-0.00025924096279140464,1.364505794256775,-0.0015275943588074939,-0.00021966611615659094,0.033262767318654594,0.05246989357397877,0.25
0.5,774027690,0.22784015896442097,0.1,0.04473716776975576,0.03898960450137152,0.023018982678969013,0.030767949150789443,-0.0009343343347296075,0.0018810010296751722,0.03582971174827225,0.13433311575578563,0.03560314765451752,0.08231146441963005,0.0434331376812231,2.7764451051977987,0.06218876934164729,0.08973332254398744,0.43506073101777054,0.027457374036820092,12.706204736432095,0.03675287961236729,0.16043734533320986,0.2952429725956321,0.06209065703097124,0.14721417123255418,0.39897582980857094,-0.006288803052319587,0.13433311575578563,0.0008025403858124097,0.19388446592450692,0.00026029715648909695,0.2861672411958622,-0.0008822203344644192,0.44016388314903004,-0.00018060707646943254,0.6614289311079893,7.242481977051386e-05,1.364505794256775,-0.0006445834326216059,-0.00040411120518934026,0.045090636680714016,0.06914165618682018,0.25
0.5,891722183,-0.12272847018670824,0.1,0.07101487071128079,0.11192074861473188,0.13042270303603273,0.11657217610874612,0.0028586774939361216,0.010730394748792399,0.12055804473469091,0.32612014812863077,0.11813728897810248,0.08231146441963005,0.1037372037910147,2.7764451051977987,0.12165646984385135,-0.8078517170196355,-0.13230669659242605,0.1273718593443078,12.706204736432095,0.09840266878851064,-0.2857556007917512,0.04029866041833474,0.290321717776718,-0.9325445442682052,-0.02069819418458429,-0.006165878708229181,0.13433311575578563,-0.0020783859362359415,0.19388446592450692,-0.00011033348256570658,0.2861672411958622,0.00020669625406090315,0.44016388314903004,-0.0003772730857029739,0.6614289311079893,6.488524818372815e-05,1.364505794256775,0.000747369396929844,-0.000774526531843163,0.0626817517998519,0.10979311304241873,0.25
0.5,1810679606,-0.02838869268746012,0.1,0.06466938241036978,0.04275976698235825,0.0718457107634327,0.06705258862107233,0.0033745291037866713,0.0011215205370000872,0.07179259227625091,0.32612014812863077,0.051577292046146805,0.08231146441963005,0.03353747047461013,2.7764451051977987,0.07408625791488346,-0.2873864284986633,0.12400642780173643,0.07831788114787727,12.706204736432095,0.029395226146176588,-0.08069090779581506,0.023913522420894815,0.06550382135251073,-0.17641574809020458,0.07303344476121054,-0.0063914785152320575,0.13433311575578563,0.0008263539677834951,0.19388446592450692,-0.0011872978121719154,0.2861672411958622,0.0007291899155092711,0.44016388314903004,-0.0010348448027448914,0.6614289311079893,0.00041597743457508424,1.364505794256775,0.0014973831238050208,-0.0009132354317756433,0.06734609960210448,0.09787029167975321,0.25
0.5,1681172943,0.39640968318299846,0.1,0.06320721939506177,0.03305874936064096,0.038273398615928184,0.06507833468472449,0.00031900514528692423,0.003916184500050091,0.06573048415076116,0.13433311575578563,0.04108890554244432,0.08231146441963005,0.06266979298164606,2.7764451051977987,0.15154570385288468,-0.21972316879079043,0.6217934865614033,0.06460297325894201,12.706204736432095,0.05894671723317419,0.3191260545406357,0.4957828272616931,0.06958758182548302,0.1914136325552963,0.4869321491263784,-0.00531577251668334,0.13433311575578563,-0.0014788052863812502,0.19388446592450692,-0.00070046093698651,0.2861672411958622,0.00010193793802578396,0.44016388314903004,-0.00033998171831028923,0.6614289311079893,0.00028906210494744297,1.364505794256775,-0.000742290229451301,-0.00032077876745736504,0.04001959621475246,0.05596170793778251,0.25
0.5,966819922,0.09984925642319037,0.1,0.06838888405966687,0.03278058207186075,0.04425025237248134,0.0529500631798182,0.0019330256828835534,0.000870683507863186,0.055399759228628505,0.32612014812863077,0.03382030863346934,0.08231146441963005,0.029549956585187904,2.7764451051977987,0.1191664592924692,-0.28658134019531223,0.3751369250173455,0.05626740338324923,12.706204736432095,0.029016896534536457,0.048328460005436565,0.15137005284094418,0.07920013791436192,-0.13556482386014224,0.21704762309335926,-0.005932449486683963,0.13433311575578563,-0.00033260001572497667,0.19388446592450692,-0.0011113543084094002,0.2861672411958622,-1.8398147262208062e-05,0.44016388314903004,0.0005044648326723763,0.6614289311079893,-0.0007154825026575267,1.364505794256775,0.0024690477646682036,-0.0012220593882191092,0.07867287605326027,0.1392190775487938,0.25
0.5,1271620614,0.10922111668711566,0.1,0.06387695322466494,0.09094454437789115,0.10789567461185191,0.09477182761160756,0.0024480806637030145,0.006533618645141247,0.09919537257392584,0.19388446592450692,0.1027671503396574,0.08231146441963005,0.0809475258177985,2.7764451051977987,0.11295694650671526,-0.22222331600048467,0.40501420645283365,0.08566317436315157,12.706204736432095,0.0660549231047448,-0.0011290119335994608,0.21499261557760105,0.12896014648028784,-0.02188740293158619,0.4547233938564787,-0.006032647803588381,0.13433311575578563,0.00040299369801583934,0.19388446592450692,0.0005998005018133881,0.2861672411958622,-8.077970874523863e-05,0.44016388314903004,-0.0003411578272932704,0.6614289311079893,-0.0002595912000964962,1.364505794256775,-0.0007788712233829044,-0.0003355510785318341,0.041111580946814365,0.06627664030426458,0.25
0.5,370683569,-0.06372191474567206,0.1,0.07430178016829624,0.08973211180240578,0.099538269289377,0.0717505099278682,0.0022971426766512353,0.002850992998257877,0.07385589944948728,0.19388446592450692,0.09198539931864166,0.08231146441963005,0.053471795017697776,2.7764451051977987,0.07268961931957858,-0.25115286415022425,0.15248461136684638,0.04949927019705315,12.706204736432095,0.044398684616750325,-0.14169918175750895,0.014255352266164853,0.09971406630490477,-0.2318862678617909,0.13260335758926872,-0.005320059091548898,0.13433311575578563,0.0025559557308985374,0.19388446592450692,-0.0009829984142071893,0.2861672411958622,-0.000793335801907344,0.44016388314903004,-5.476831246360037e-05,0.6614289311079893,7.975399479369545e-06,1.364505794256775,-0.00036699590497646167,-0.0004177015811296515,0.04549275259983782,0.05924565639164504,0.25
0.5,339792517,-0.05822401868532174,0.1,0.062362088204144725,0.0781188733013533,0.05758642831139785,0.04892338106322594,-0.00228947217415053,0.004682969388808144,0.05461504487527391,0.13433311575578563,0.0685491371417165,0.08231146441963005,0.06853104393205618,2.7764451051977987,0.1708241954589693,-0.45703185470281193,0.49153614796000267,0.034418820487268124,12.706204736432095,0.05989548473476054,-0.1803815128683279,0.05841666482166295,0.08426272080666473,-0.26755078553809475,0.07651920815632397,-0.0070434160770614035,0.13433311575578563,0.00038053934603297826,0.19388446592450692,-0.00028458162340591815,0.2861672411958622,0.0005524399941027515,0.44016388314903004,-7.494288971877663e-05,0.6614289311079893,-0.0006033586789793389,1.364505794256775,-3.16001422262124e-05,-0.0005588483460286887,0.05285908419664722,0.07951711670566838,0.25
0.5,214040974,0.1517233771090028,0.1,0.0671111947651921,0.03223001825901097,0.040390017607939165,0.044044015747517436,0.0005786513784186583,0.0013612239447489058,0.04421035931400692,0.2861672411958622,0.03387224359323369,0.08231146441963005,0.036948046200031,2.7764451051977987,0.12558023409175048,-0.20660171038384725,0.4907315421234215,0.04202253625207293,12.706204736432095,0.031488977626616635,0.08905293360493863,0.21439382061306697,0.08141087284770351,-0.09927433524682276,0.20988089802468443,-0.006277685779731368,0.13433311575578563,-0.001566791581250473,0.19388446592450692,-0.0002609145132280159,0.2861672411958622,-1.1496927917858355e-05,0.44016388314903004,2.8659872137952912e-05,0.6614289311079893,-0.00021605873801124715,1.364505794256775,-0.001936278579878078,-0.00011346289221671439,0.023984277697281533,0.040829855391929674,0.25
0.5,820138587,-0.07920038405543403,0.1,0.065517216488407,0.03223631382269327,0.04094531294120564,0.0502640111676891,0.0006848909485471578,0.001841579870118417,0.0502762508883149,0.2431366342882323,0.04041508010020702,0.08231146441963005,0.04297560186073221,2.7764451051977987,0.14908478181187942,-0.3901208387618247,0.43773058668032416,0.044401770541205504,12.706204736432095,0.034614909875608224,-0.15237123293499294,-0.017888816652783364,0.09858883844818692,-0.23639597901053974,0.2264366636403074,-0.003626539074663479,0.13433311575578563,-0.002357178070508347,0.19388446592450692,0.0004749854716695992,0.2861672411958622,0.0001074458052398049,0.44016388314903004,-0.0004114327527406723,0.6614289311079893,-0.00012801088884421754,1.364505794256775,0.000303940803978499,-0.0005633880881270814,0.05302026135610907,0.07691693260900156,0.25
0.5,966710502,-0.09138296701977364,0.1,0.06708713941501993,0.06707287122041568,0.08347904539234165,0.08535200854758336,0.0024900030270142287,0.004794962336092514,0.09733826412359582,0.13433311575578563,0.08768348747717268,0.08231146441963005,0.06934566034540432,2.7764451051977987,0.0834627712563984,-0.39108897193644937,0.07237063350569234,0.06919580204514002,12.706204736432095,0.06148397197377586,-0.205697427421508,0.026830853021486634,0.07227927625775574,-0.2556161026178449,0.038148694267595436,-0.003590006638270252,0.13433311575578563,-0.0007158644999212579,0.19388446592450692,-0.00023938864176159332,0.2861672411958622,0.00021762116138194222,0.44016388314903004,-0.000154821595195887,0.6614289311079893,-0.0003679915061943612,1.364505794256775,0.00037813159450817335,-0.0005314526808217231,0.05140726129966236,0.07996030894105743,0.25
0.5,1084964443,0.17760897644077195,0.1,0.06205475082015217,0.052295303790159134,0.05820889086869842,0.07286438263552937,0.000754417631673116,0.0045548006251837185,0.07325206051771177,0.13433311575578563,0.05595108261863294,0.08231146441963005,0.06758672050662261,2.7764451051977987,0.11885347528238532,-0.16102094925672916,0.49895935011032344,0.07011727497938555,12.706204736432095,0.057544801080496345,0.08132788703628657,0.2738900658452573,0.08146988479155852,-0.04192385383272702,0.2685809479493106,-0.004777435857353638,0.13433311575578563,-0.000574065396572322,0.19388446592450692,0.0002772697198692985,0.2861672411958622,-0.0010953217918737595,0.44016388314903004,0.0001792409775131131,0.6614289311079893,7.858134634101287e-05,1.364505794256775,-0.001135103796193647,-0.000194369976765991,0.03099752141530042,0.047343068706282326,0.25
0.5,1194505672,0.06244044933545838,0.1,0.0813317756249566,0.13617887385503957,0.1868215929675815,0.14971877853372378,0.01582713706791952,0.00658857557771071,0.16388323123004217,0.32612014812863077,0.147458296410548,0.08231146441963005,0.08128725425094545,2.7764451051977987,0.08695037416781616,-0.16021655657811107,0.3226093249285895,0.18348225875469767,12.706204736432095,0.07674887744693176,-0.06564133413023221,0.17438637089224174,0.14663360991308155,-0.2496507619925536,0.3019924267138024,-0.00760016451783808,0.13433311575578563,-0.00023144100205265596,0.19388446592450692,-0.0006604951196739101,0.2861672411958622,0.00013767551923189213,0.44016388314903004,0.00016343435755681527,0.6614289311079893,-0.00042144272004365286,1.364505794256775,-0.0002903469223326831,-0.0005633030742252885,0.05310959198664231,0.07610472465662184,0.25
0.5,1523466913,0.076142830736295,0.1,0.06703473434041471,0.1405096255760904,0.1480382012281851,0.12400881518567868,0.0011798208105264427,0.014198365433229367,0.12798073719658137,0.13433311575578563,0.14234684696101163,0.08231146441963005,0.11932896199781387,2.7764451051977987,0.1639610667999523,-0.4535213433657911,0.45693645935368254,0.11259267067170886,12.706204736432095,0.11454626862418957,-0.12338794761976234,0.2667274244896973,0.16678097798005437,-0.3771378724055446,0.3198831194474766,-0.004560166004511467,0.13433311575578563,0.0007436163705221024,0.19388446592450692,-0.0006203896652313626,0.2861672411958622,0.000510061708061114,0.44016388314903004,0.00014079833007443957,0.6614289311079893,-0.0008702555448069077,1.364505794256775,0.0004203092226179649,-0.0005634171913496558,0.05348855810542783,0.08241139491190355,0.25
0.5,642605231,0.281271283940371,0.1,0.06396451854349086,0.06276623035681284,0.05680037235819486,0.05007281233317013,0.00022457144055244935,0.0022827150944004252,0.051117457065537386,0.32612014812863077,0.060404284132550654,0.08231146441963005,0.04784676098619206,2.7764451051977987,0.13426309321558402,-0.2751206626152747,0.47042755331897346,0.056005520059699644,12.706204736432095,0.04339102084381786,0.21716983029472797,0.3546899196019052,0.1405256381285721,-0.06883958327368585,0.34812537145269,-0.007894844971537902,0.13433311575578563,0.003425795556770963,0.19388446592450692,-0.0002621200084843411,0.2861672411958622,-0.0005282198451821291,0.44016388314903004,2.202476435418374e-05,0.6614289311079893,-0.00024015827446905323,1.364505794256775,0.0005730713393272443,-0.0006732437770475338,0.058140082198152546,0.08382942424865668,0.25
0.5,405422862,0.08648974070128909,0.1,0.06969299309309128,0.058711615613646635,0.07551437806129693,0.07282432969117415,0.0009252812069877091,0.004378101787981119,0.07340570188929521,0.19388446592450692,0.0677445630426396,0.08231146441963005,0.06626277432583691,2.7764451051977987,0.1313279196305791,-0.053072848400947226,0.6761766708673154,0.06892664184925523,12.706204736432095,0.05710859617174984,-0.006156965650224664,0.17253736842769654,0.10933639290404278,0.03410926648603635,0.391505981223882,-0.006111372565351274,0.13433311575578563,-0.0011453025630757043,0.19388446592450692,-0.00016023626539261916,0.2861672411958622,6.851232880326463e-06,0.44016388314903004,-0.00013430352277844727,0.6614289311079893,-0.0001741957904793427,1.364505794256775,0.0034006877234064765,-0.0014162155200133182,0.08462706707588731,0.1493055006040318,0.25
0.5,550461357,0.020648436494469326,0.1,0.0701771824657935,0.058101200549442115,0.06677831658918253,0.05728270978281119,0.0008044584529590523,0.002476850387102721,0.06812297613849,0.13433311575578563,0.07079924978396254,0.08231146441963005,0.049839832606391,2.7764451051977987,0.08405483976664264,-0.21297999243339163,0.25376730444316886,0.03854157023422243,12.706204736432095,0.040523904419177754,-0.06528181270699898,0.0816638591148756,0.06168788037233221,-0.09731761971057704,0.14498649143339198,-0.007811400313131651,0.13433311575578563,0.0008949519732021893,0.19388446592450692,-0.0003333267854628844,0.2861672411958622,-0.00010538740447814916,0.44016388314903004,-0.00014939592149967767,0.6614289311079893,5.635665636572952e-05,1.364505794256775,-0.0006387256396087643,-0.00038397446292367247,0.04392175164851544,0.060924514331310534,0.25
0.5,1020182111,-0.03968915038249736,0.1,0.06681689353369295,0.0997747090816499,0.12484729130112278,0.08799290444521374,0.0053157210945788715,0.002427030138125645,0.08994767146901372,0.32612014812863077,0.1043918324395825,0.08231146441963005,0.04933603830970934,2.7764451051977987,0.15197099088862928,-0.5881562797367084,0.25572194783287966,0.09028759550967676,12.706204736432095,0.04678760378046559,-0.12571708248931057,0.045466773676587594,0.21679437726080458,-0.7826938003282841,0.05750576522586275,-0.007109369932351153,0.13433311575578563,-0.0008709699861663068,0.19388446592450692,0.0012084593025838979,0.2861672411958622,0.00026652814140920827,0.44016388314903004,0.00014946267428834386,0.6614289311079893,-0.0009235182481737238,1.364505794256775,-0.0018367223793748122,-0.00011941635805383492,0.02442864326820745,0.03729046693507806,0.25
0.5,823406992,0.05062358707356033,0.1,0.061527294057702034,0.08428781907999602,0.11283927460527174,0.13003660957090113,0.005357743201706062,0.011551776626988908,0.13209227495841375,0.32612014812863077,0.09697012357117867,0.08231146441963005,0.1076343962896581,2.7764451051977987,0.1509281199736231,-0.1940018575057833,0.6440854223691606,0.13578104545581032,12.706204736432095,0.10544141049173456,-0.12469262869499462,0.22593980284211526,0.09215902404311642,-0.0619076375410476,0.25762565272741156,-0.006750728060850433,0.13433311575578563,0.0010819159699237168,0.19388446592450692,-0.0003195229060247864,0.2861672411958622,-6.442581030372979e-05,0.44016388314903004,-0.00010386343218467107,0.6614289311079893,-0.0002467531932671039,1.364505794256775,-0.001464584543824816,-0.00018620447778571242,0.030489854552378678,0.046336736707912746,0.25
0.5,1004857821,-0.20335921823905492,0.1,0.0637951731328062,0.04918596406761078,0.06322048716798036,0.04017766691805699,0.0008800154339747798,0.0007342294850035515,0.042384332366598006,0.32612014812863077,0.05766048138866548,0.08231146441963005,0.02713579804498559,2.7764451051977987,0.17080506448438845,-0.6194155409844484,0.32904622947690093,0.045213475240626695,12.706204736432095,0.02280744061879738,-0.25069751772180193,-0.15536702581723819,0.13439060652454235,-0.25568954378689346,0.2540121907525751,-0.00753941604763513,0.13433311575578563,0.0012078599938193657,0.19388446592450692,0.0004664211495632584,0.2861672411958622,-0.0005275965652608974,0.44016388314903004,-0.00011342051997552578,0.6614289311079893,-0.00012069773335953429,1.364505794256775,-0.0006067930321603581,-0.0004118727472722135,0.045331556474026924,0.06574983844733719,0.25
0.5,148489909,0.12453824025026637,0.1,0.06670567584846203,0.05311020225007098,0.05795131281730346,0.06739867413933046,0.0006134874560842153,0.003929093819655436,0.06818524816594332,0.32612014812863077,0.05488928530107983,0.08231146441963005,0.06277300042327107,2.7764451051977987,0.1913537809313992,-0.09586284195240619,0.9667036949037442,0.07051727149800485,12.706204736432095,0.061414515873151665,0.024775227392866715,0.229638703835357,0.10950587242733374,0.07243820553359767,0.4654525789592174,-0.006915086598283923,0.13433311575578563,-0.0009634029631526242,0.19388446592450692,-0.0008867890493855416,0.2861672411958622,0.0007217424441157083,0.44016388314903004,-0.00037893892805807553,0.6614289311079893,-0.00012970872503403796,1.364505794256775,-0.0018165011050478204,-0.00016772937690193583,0.028898675157372544,0.04874393925480224,0.25
0.5,529210577,-0.4917649306828167,0.1,0.05957742035650002,0.03458520430436232,0.04121063609579686,0.04238659128373486,0.0005308467093211422,0.001265776411333246,0.04307496437797571,0.19388446592450692,0.03942313081575101,0.08231146441963005,0.035629127475435014,2.7764451051977987,0.14813482387201463,-0.8464829802196225,-0.023906566922036465,0.04033892050433513,12.706204736432095,0.037183156649628284,-0.5530869038953483,-0.4250183572391056,0.09404062205248002,-0.5597829624804614,-0.25064879821856495,-0.00657661235810577,0.13433311575578563,0.0010154084301150427,0.19388446592450692,4.314755863918259e-05,0.2861672411958622,-5.652011605504818e-05,0.44016388314903004,-0.0003330484630892924,0.6614289311079893,-0.00010548358349197352,1.364505794256775,-0.0016979699131782185,-9.859051260765549e-05,0.02208972129413473,0.0367543376937399,0.25
0.5,557469567,-0.25174221830031723,0.1,0.06828388686697118,0.06789692981787371,0.05995365903004709,0.0141672790940388,-0.0010244219422507468,0.0012251337391791356,0.03989701380456534,0.13433311575578563,0.07359518436026613,0.08231146441963005,0.0350524548089902,2.7764451051977987,0.07130925048785008,-0.5167755845403059,-0.1208031455956757,1e-150,12.706204736432095,0.032225543034838065,-0.31025390683602233,-0.19675828378066865,0.1289016336322007,-0.6687890730429289,-0.18556605270061113,-0.0061197277536203165,0.13433311575578563,0.0006199446653773624,0.19388446592450692,-0.0003822562847437697,0.2861672411958622,-0.000879771166361915,0.44016388314903004,0.0003123544699933106,0.6614289311079893,-0.00025551977298124564,1.364505794256775,-0.0005300550355123283,-0.00045494444200203544,0.04776332929518532,0.06343386304786702,0.25
0.5,499376427,0.15855658157538677,0.1,0.061875664415375405,0.03462912833775415,0.041009857299744726,0.0362036269224565,0.0005888383344506631,0.0007218642678897544,0.03620216665983197,0.2431366342882323,0.035955797008293926,0.08231146441963005,0.026906329753474935,2.7764451051977987,0.03574191312858635,0.12730000836956507,0.3257709278821021,0.028279660270643107,12.706204736432095,0.025025633524884388,0.118075488953485,0.199168343574061,0.07502033116413816,0.07671514168817667,0.33761824303821164,-0.006282009725608626,0.13433311575578563,0.0019166622581703319,0.19388446592450692,-0.000489096673313298,0.2861672411958622,-0.0002642506255914998,0.44016388314903004,0.0002035755266411472,0.6614289311079893,-0.0005419005865566781,1.364505794256775,-0.0011334840909730953,-0.00024664362442001483,0.03522764292501919,0.05534291742077324,0.25
0.5,1994923292,-0.045846259533124656,0.1,0.07887979335774695,0.17526264610760817,0.18199301976184734,0.07099212778711791,0.0027525383110977367,0.002287343896644744,0.07355337729339799,0.19388446592450692,0.17581881559687756,0.08231146441963005,0.04789524733368936,2.7764451051977987,0.14561151368132483,-0.5042340976824317,0.30433065115948155,0.0525278930042592,12.706204736432095,0.044573926474543286,-0.12405611924024751,0.034465910201981226,0.1528542871732172,-0.3085711864000109,0.2275138037048938,-0.007522508209386342,0.13433311575578563,-0.0006359378796540082,0.19388446592450692,-0.00122608503877641,0.2861672411958622,0.0003898107908134074,0.44016388314903004,0.00014220722013503543,0.6614289311079893,-0.0002955681969232411,1.364505794256775,-0.00028920366598873365,-0.0005582282242812452,0.05263879964404029,0.0915010842120251,0.25
0.5,990449811,-0.15618172070728656,0.1,0.06696775640808444,0.03049923443746534,0.030434517664287637,0.02985961179965053,-2.1674369574195855e-05,0.0009132707864000251,0.032657523367810366,0.13433311575578563,0.03323997957476582,0.08231146441963005,0.030264009934960326,2.7764451051977987,0.08574999944370554,-0.4876313041169476,-0.011470971664567176,0.02749450127027445,12.706204736432095,0.028346366956684483,-0.21125949486140488,-0.1072929671391425,0.045940667269237574,-0.2588581824488683,-0.08539817596769544,-0.007537779542048454,0.13433311575578563,0.00047170004485436694,0.19388446592450692,-0.0011753406626070241,0.2861672411958622,-6.928930717353495e-05,0.44016388314903004,0.0001322429439240855,0.6614289311079893,-8.488569276028852e-05,1.364505794256775,-0.0012856173267560258,-0.0002675547914825862,0.03681857919908903,0.05055962182234621,0.25
0.5,1754919588,0.13024494005254358,0.1,0.06793652353381878,0.03537987896985353,0.05001364780838562,0.057468388206966994,0.0011283122655154638,0.0021743033775912,0.05880579901454786,0.32612014812863077,0.04238301989656652,0.08231146441963005,0.046696761037563046,2.7764451051977987,0.14521863831437523,-0.40067591778026596,0.4057072372826073,0.05954354306126792,12.706204736432095,0.04062138150121725,0.04917495886856338,0.19016153794611185,0.08849570146805263,-0.07713617201572204,0.3304212640627198,-0.005533200640656184,0.13433311575578563,-0.0005493381155260156,0.19388446592450692,0.0006146755834563627,0.2861672411958622,-0.0003866334669520021,0.44016388314903004,0.0002541159777427675,0.6614289311079893,-0.0007555974504879511,1.364505794256775,0.0003179494384579425,-0.000665219605232112,0.057354149839297014,0.08746718166934658,0.25
1.375,1853977316,-0.061297508644879525,0.1,0.07064056698944844,0.056878801863283424,0.072563895834056,0.08749502084519056,0.002022976730990675,0.005632401941709655,0.08868209506206508,0.19388446592450692,0.06440153954455395,0.08231146441963005,0.07515770459532607,2.7764451051977987,0.11300674151656588,-0.14485445157031884,0.4826595771057256,0.0797753429386343,12.706204736432095,0.06903107389417001,-0.17845171840464336,0.04803544872470632,0.09004150622466196,-0.16755853438192836,0.2270697044663755,-0.0038704948701006946,0.13433311575578563,-0.0002312337648225521,0.19388446592450692,-2.9109515205211185e-05,0.2861672411958622,-0.001270636373691957,0.44016388314903004,-1.2688119046207123e-06,0.6614289311079893,-0.00020475591794486323,1.364505794256775,-0.0014406198407087274,-0.000297960505246829,0.03850053908889538,0.06192025446177488,0.25
1.375,934643513,0.05294922182108981,0.1,0.07112513221795576,0.0462912441935214,0.05283259190019481,0.05370775789979506,0.00063056039420939,0.0022539628644136084,0.05510453469874907,0.13433311575578563,0.05042870584813752,0.08231146441963005,0.047544476103458924,2.7764451051977987,0.10074691362074459,-0.19798603508541035,0.3614505152867932,0.05028235368464728,12.706204736432095,0.04125240199360236,-0.017407407858258575,0.1233058515004382,0.060764891838107474,-0.06671519472647117,0.20862902907448644,-0.0056326868007837904,0.13433311575578563,-0.0026400375144276164,0.19388446592450692,-0.0003716091022613093,0.2861672411958622,-0.0003397805572336871,0.44016388314903004,0.00027480054120618714,0.6614289311079893,-1.2790810194111702e-05,1.364505794256775,-0.001166367859822977,-0.00026269767234040204,0.03622649983307937,0.05682676552767681,0.25
1.375,262275338,-0.01786017654206097,0.1,0.0657406401941992,0.04899118962636798,0.043780514657448734,0.05825500886176616,-0.0002366179155680252,0.0036302639730524796,0.06042374286553867,0.13433311575578563,0.04669480959023831,0.08231146441963005,0.06033867802214552,2.7764451051977987,0.07965702853872034,-0.16284810942855193,0.27947862453331096,0.05352809112684219,12.706204736432095,0.057420718962555496,-0.10906071087205789,0.07088066073092543,0.08360387074203288,-0.07187946438119996,0.2152821692109432,-0.00770558321606652,0.13433311575578563,0.0013500489704707467,0.19388446592450692,-0.0005722380161830084,0.2861672411958622,4.57339962574484e-06,0.44016388314903004,-0.0002513711011396478,0.6614289311079893,6.240362987818679e-05,1.364505794256775,-0.0008393284334354278,-0.00033241443182700537,0.0409590166919125,0.05080108000122181,0.25
1.375,2060673877,0.20434031780238443,0.1,0.06404880779358003,0.03183119134735817,0.03346876530525109,0.03874894175679082,0.0002194169556687265,0.0012820635316024406,0.03928368579578852,0.13433311575578563,0.034397294679705405,0.08231146441963005,0.0358576200762394,2.7764451051977987,0.10444043112181586,-0.07672068340310303,0.503225564142724,0.037861288490037774,12.706204736432095,0.031047459728767997,0.14695824101959776,0.26033267576150126,0.061686217872046215,0.11078284698861862,0.30915102662106964,-0.006465744355434979,0.13433311575578563,-0.0023920150595795405,0.19388446592450692,0.0010114859536665944,0.2861672411958622,-0.0005664165475345419,0.44016388314903004,1.9083273692012687e-06,0.6614289311079893,-0.00016543399916756822,1.364505794256775,-0.0005568458935676079,-0.0004926581449692721,0.04957258449931913,0.060165517219106436,0.25
1.375,220258353,-0.06994323701751733,0.1,0.06307679433117426,0.04821312133667933,0.04038206940538615,0.06032942125916337,-0.00028994337181233957,0.003929582441277933,0.06341551658637677,0.13433311575578563,0.045676289407150863,0.08231146441963005,0.06277690352322028,2.7764451051977987,0.24251492559746982,-0.6399780526412735,0.7066807035837332,0.059354187862258906,12.706204736432095,0.056177855427832685,-0.16122705380409963,0.03156537403371221,0.08928873192494699,-0.12465029142421,0.19556551169648798,-0.005114529537886743,0.13433311575578563,-0.0009432422904459047,0.19388446592450692,-0.0008024440993364552,0.2861672411958622,0.0008755990211123686,0.44016388314903004,-0.0009534035609973512,0.6614289311079893,0.00026787610857771004,1.364505794256775,-0.00040692622050459305,-0.00041619408687638054,0.045783050156121094,0.0731367195072371,0.25
1.375,1574899225,0.12971966627406656,0.1,0.059205882244527185,0.02548648990695313,0.03426842423711843,0.043963563123632525,0.00029306806581109936,0.001639726816714522,0.04401795664363802,0.19388446592450692,0.03626238884032405,0.08231146441963005,0.04055201488903501,2.7764451051977987,0.1871818181938859,-0.330708558353372,0.7086915274595056,0.04077736424303978,12.706204736432095,0.03406622637856882,0.06897953733441986,0.19045979521371326,0.06368069745955968,0.010727413332362387,0.18546795603056818,-0.005696279203910243,0.13433311575578563,0.0008261690714068841,0.19388446592450692,-0.0013389180807891548,0.2861672411958622,0.00039891558134675644,0.44016388314903004,7.391201678396772e-05,0.6614289311079893,-0.0002484137813440468,1.364505794256775,0.0011349228568987486,-0.0007165896323821503,0.059881673760073716,0.0785771143473969,0.25
1.375,294963049,0.20464398131229117,0.1,0.07879491063145833,0.04786734088148095,0.04870881874679118,0.03851022305557457,0.0001696712992691465,0.0013133659805209608,0.04078754315038747,0.13433311575578563,0.05326153033592897,0.08231146441963005,0.036292724284021326,2.7764451051977987,0.07725959532662903,-0.11508687842292487,0.3139271721254389,0.04009268953379809,12.706204736432095,0.032589137927581814,0.14665161150316658,0.26263635112141576,0.10683567358757892,-0.14776625288554202,0.260214985516986,-0.009490825379426486,0.13433311575578563,-0.0019513225193008585,0.19388446592450692,0.00019374344714951925,0.2861672411958622,-0.0008848918965455454,0.44016388314903004,0.0004822808991902079,0.6614289311079893,-7.313573910925325e-05,1.364505794256775,-0.0015238495489056387,-0.00037678756955902674,0.04371397617503399,0.06257636751468908,0.25
1.375,780527382,0.049554339633667226,0.1,0.06287447564331042,0.03800843664730268,0.03235472703373296,0.032613667169433085,-0.0004181417765478123,0.0014817930627863698,0.039146356138625805,0.13433311575578563,0.039559980749958784,0.08231146441963005,0.0385496524199137,2.7764451051977987,0.07845552879710052,-0.3035125332878497,0.13214240452097964,0.026284403592639286,12.706204736432095,0.0338183238857146,-0.008811344260078235,0.1042376157006449,0.09164962584390306,-0.24228423877566801,0.1091455122814044,-0.007123653655198983,0.13433311575578563,0.00026668410662249235,0.19388446592450692,-0.00016294226860865993,0.2861672411958622,-0.0001057324681039163,0.44016388314903004,0.00018270972067993853,0.6614289311079893,-0.00029065235188141563,1.364505794256775,-0.0007130356382328841,-0.0003367555534997625,0.041097472695805694,0.052201560412314205,0.25
1.375,150262305,0.19232414981487617,0.1,0.06977051443728469,0.0880740322843315,0.06898072126841744,0.07406125478608507,-0.0033853890684180567,0.008870458528907464,0.08966529323397385,0.13433311575578563,0.09293997415165745,0.08231146441963005,0.09431911626115781,2.7764451051977987,0.10259174388127867,0.01468102089736828,0.5843617111631332,0.07171490153097732,12.706204736432095,0.08746840015302243,0.042247671734405606,0.34240062789534675,0.10008472672301857,0.08320694859127277,0.44096950932368945,-0.005689755989039692,0.13433311575578563,-7.205555340855657e-05,0.19388446592450692,0.0005543134049453165,0.2861672411958622,-0.00044551224557304645,0.44016388314903004,-0.0004675745116439643,0.6614289311079893,-1.718540368774702e-05,1.364505794256775,-0.0013182988548231275,-0.00025327630906766597,0.03556545438537868,0.04184510706295167,0.25
1.375,1824558661,0.07444240269793068,0.1,0.06566914026397701,0.029886996386793263,0.03531460228280607,0.024367888718106266,0.0003143072549686228,0.0002794867456093878,0.02529150308918973,0.13433311575578563,0.03334844635748876,0.08231146441963005,0.016741998410288676,2.7764451051977987,0.12021291877063249,-0.2957689259343864,0.3717602138701399,0.023120466405745072,12.706204736432095,0.015081118772691061,0.05028356416576635,0.09799311265352562,0.07567020624455006,-0.08491598488291754,0.26901251540305215,-0.008373215005659573,0.13433311575578563,0.0030623000783655176,0.19388446592450692,-0.0016529131642364088,0.2861672411958622,0.0002694723790472114,0.44016388314903004,-0.0004731739820115466,0.6614289311079893,0.00022190400630607403,1.364505794256775,-0.0015216369955624153,-0.00018854323165759648,0.030576527943291736,0.04479078699271921,0.25
1.375,1195438264,-0.19971556482138642,0.1,0.07314383162674379,0.0795878816129257,0.07184354205435521,0.11769435734962222,0.0002924482884711522,0.013559513463469421,0.11974468082374583,0.13433311575578563,0.0725789619823425,0.08231146441963005,0.11661347610263388,2.7764451051977987,0.15272515669726386,-0.32725538698629586,0.5208106405190742,0.11743551908532343,12.706204736432095,0.10321809681760377,-0.3537834212234164,-0.04564770841935645,0.11710003580908812,-0.28709347251797684,0.06203671469436788,-0.007756218318773326,0.13433311575578563,-0.0013882669663746016,0.19388446592450692,-0.00012690258895823017,0.2861672411958622,0.0005143086947894223,0.44016388314903004,-1.1078301189533456e-05,0.6614289311079893,-0.0004336553161863005,1.364505794256775,-0.00015904679575147294,-0.0005817720905255414,0.05374872958882163,0.08696991898016865,0.25
1.375,1746904716,0.008272964380793207,0.1,0.060080543962793366,0.05011312229213505,0.06262576093127402,0.07484904350715685,0.0012442457689756554,0.004358133544960603,0.07478397538697336,0.2431366342882323,0.05306692018721706,0.08231146441963005,0.06611149148711773,2.7764451051977987,0.13767725721266852,-0.44174997124660925,0.3227567225237344,0.07068588819110473,12.706204736432095,0.06053950668556576,-0.08903327947675196,0.10493884005760215,0.06798150836260099,-0.138779495374874,0.13546100708604347,-0.006521082593796644,0.13433311575578563,0.003175572923604,0.19388446592450692,-0.0007392378236110414,0.2861672411958622,0.00030782529667057717,0.44016388314903004,-7.258808540144659e-05,0.6614289311079893,-0.0005842599030246415,1.364505794256775,-0.0011304008225011917,-0.00018552634859071232,0.030345963418868038,0.050798144671236806,0.25
1.375,220365404,0.31651731788341503,0.1,0.062485585654014436,0.04645303658130114,0.049587598928083794,0.026412843610075416,0.0004207641145431715,0.0002768741930271302,0.032625126014383936,0.13433311575578563,0.049656106226273714,0.08231146441963005,0.016663565268508543,2.7764451051977987,0.027891301033408505,0.23741888151972418,0.39229621398333486,1e-150,12.706204736432095,0.015461606840004529,0.29326484256279517,0.346718597259038,0.06801826692982463,0.24145744420795143,0.46584852610270955,-0.005333683776046655,0.13433311575578563,0.0007162039390186348,0.19388446592450692,-0.00043950047391693397,0.2861672411958622,-0.0005663993836834888,0.44016388314903004,4.383961612187475e-05,0.6614289311079893,-0.00011754418459820647,1.364505794256775,-4.519348578710402e-05,-0.0005009483357160999,0.049831532206932184,0.06337973101017619,0.25
1.375,1205226646,0.015036550290958142,0.1,0.06903824611550367,0.07330070235793504,0.1217266148461252,0.12466262960181597,0.007628035109438306,0.007912736109801258,0.12538867057119937,0.2861672411958622,0.09806667741665996,0.08231146441963005,0.08908201439858301,2.7764451051977987,0.13780522766809866,-0.45045274897285326,0.3147645506866683,0.11994418139388735,12.706204736432095,0.07454830452407911,-0.12647429075937933,0.14894868467860578,0.09165095140590979,-0.22823541455649915,0.1612111692880613,-0.002598413612129559,0.13433311575578563,-0.0017275636969112127,0.19388446592450692,-0.0022753129435355754,0.2861672411958622,-6.940943894231674e-05,0.44016388314903004,-0.00014677794216475044,0.6614289311079893,0.00013086616043004332,1.364505794256775,0.001491724464436264,-0.0009443143390495347,0.06858615079830548,0.0938190802871197,0.25
1.375,1619773314,0.0696845219630031,0.1,0.0652816031385852,0.04668536060200716,0.0564607449260328,0.057381626627920214,0.0006506464203844568,0.0026420046540815856,0.059585043683642765,0.19388446592450692,0.05249476864725136,0.08231146441963005,0.05147465886902969,2.7764451051977987,0.09729227066652575,-0.25801172092961483,0.2822415764016947,0.053708645097683284,12.706204736432095,0.04582593966347335,-0.014090192502671475,0.15345923642867765,0.08377185444676616,-0.16980939558852365,0.11656809788994223,-0.007245139707030598,0.13433311575578563,-0.0035276091699338098,0.19388446592450692,0.0007013257250672504,0.2861672411958622,-0.0003040817919085067,0.44016388314903004,0.0003264796689390701,0.6614289311079893,-0.00013796550918816343,1.364505794256775,-0.0017816402066427714,-0.00015144637441422886,0.02747371900857702,0.03913783047441475,0.25
1.375,947054611,-0.07209378554357004,0.1,0.06263069534169131,0.06957511167519889,0.07798208007846923,0.07215721070663161,0.0019195125373773492,0.003287150519583883,0.0742462497595893,0.32612014812863077,0.06786142571753744,0.08231146441963005,0.05741646936734774,2.7764451051977987,0.13000023836603308,-0.38458576318841475,0.33729128778342454,0.07766508105057986,12.706204736432095,0.04925628252019362,-0.15676110998764858,0.012573538900508496,0.08549809681881085,-0.18743891650331268,0.13779264638270697,-0.006692654674916151,0.13433311575578563,0.000388676322710117,0.19388446592450692,-0.0006002690862731315,0.2861672411958622,-0.0005667534521287872,0.44016388314903004,0.0006623290825525422,0.6614289311079893,-0.0004136807045540315,1.364505794256775,0.0012720915047177471,-0.0008360723111708498,0.06459516779022506,0.10230423279491466,0.25
1.375,1096760611,0.31941468056635985,0.1,0.06703676847280324,0.04584305672876921,0.05398998987229395,0.06696724911416449,0.00045689126977547416,0.00402772118414309,0.06734281575793581,0.19388446592450692,0.049597600449167695,0.08231146441963005,0.06355597530377474,2.7764451051977987,0.30510384817799907,-0.3906235790347459,1.3035845926668899,0.06663858424820841,12.706204736432095,0.05730584905721243,0.22219748825312763,0.41501674066632316,0.12848141505278043,0.18634807956451807,0.7701106128431741,-0.004556945447254785,0.13433311575578563,-0.0012389300738254205,0.19388446592450692,-0.00026208177867199694,0.2861672411958622,-0.0005483940451332864,0.44016388314903004,0.0001077132884270517,0.6614289311079893,-0.0002827266612729438,1.364505794256775,-0.0011398930892472148,-0.0003172274535428545,0.03963310334110599,0.06695712313695315,0.25
1.375,308079503,0.246289247343333,0.1,0.06819032646327149,0.04964128910247903,0.07328234838710838,0.06183609028568841,0.003215875756696971,0.0006078263051228366,0.06605751932326921,0.32612014812863077,0.053272709956713446,0.08231146441963005,0.02468973528711976,2.7764451051977987,0.056776500980291925,0.026182493383137717,0.3414561698571168,0.06938573270470806,12.706204736432095,0.02137985533263805,0.20449363799987993,0.288084856686786,0.13005003369142612,-0.09286628472357908,0.3118096626863608,-0.007795568101378236,0.13433311575578563,-7.913679948753495e-05,0.19388446592450692,8.696506343555509e-05,0.2861672411958622,0.00051713776908008,0.44016388314903004,-0.0003773245350456905,0.6614289311079893,-0.0003033201873255762,1.364505794256775,-0.0017361507416101243,-0.00018070575373660403,0.030147463851685347,0.03946324637252249,0.25
1.375,707208567,-0.1204992255443546,0.1,0.06711094131276855,0.04272604287108343,0.057653362496433436,0.05568773896543492,0.00193877743736435,0.0011623468337180688,0.05796696598599659,0.32612014812863077,0.04491716796303427,0.08231146441963005,0.03414244012414092,2.7764451051977987,0.10950987966592333,-0.3083928249624391,0.29970351377606647,0.058913308190390624,12.706204736432095,0.02924243515387247,-0.17627509270130878,-0.06531925834413305,0.09722408305556357,-0.19338332036735156,0.1990729562471497,-0.005175457075705546,0.13433311575578563,-0.0011916713923761266,0.19388446592450692,-0.001784622812626416,0.2861672411958622,-0.00017605057844937078,0.44016388314903004,0.00034527998384980375,0.6614289311079893,-0.00014334344272292772,1.364505794256775,-0.0003473281799479831,-0.0005007705556658773,0.04985580627797397,0.06241867584653557,0.25
1.375,1685327203,-0.15627154746853783,0.1,0.06822730066458349,0.07124515349804304,0.06650678844865032,0.020119310952224523,-0.0007279847001789991,0.0011327713733713008,0.04131620722924657,0.13433311575578563,0.07522049968967526,0.08231146441963005,0.033705270790704026,2.7764451051977987,0.0604789376414098,-0.4203066053096417,-0.08447370454553141,1e-150,12.706204736432095,0.031212815375573928,-0.20775774182704354,-0.10638783750673994,0.08088412912476381,-0.343925765109292,-0.07926872872158316,-0.0075720096301552025,0.13433311575578563,-0.001901238707756688,0.19388446592450692,0.0024263771338164817,0.2861672411958622,-0.0009253234147525222,0.44016388314903004,-0.00015169036865703473,0.6614289311079893,-8.372116844733574e-05,1.364505794256775,-0.0009845833929230377,-0.00035904617745050396,0.042523591021566214,0.0665772853036241,0.25
1.375,736912930,-0.0019168852624281184,0.1,0.045713108533060445,0.06482707879346104,0.0361772866005025,1e-150,-0.002771205062444448,0.0006023840282781185,1e-150,0.13433311575578563,0.04957176427730068,0.08231146441963005,0.024578954871586796,2.7764451051977987,0.1167307357980798,-0.39571490858750713,0.2524780514779251,1e-150,12.706204736432095,0.01911076609849322,-0.037112354775851834,0.03327858425099559,0.08453434532894467,-0.17385962764310986,0.15550831378258723,-0.006199454941766367,0.13433311575578563,1.5531170632386903e-05,0.19388446592450692,0.0008843023467193119,0.2861672411958622,-4.976856267216051e-05,0.44016388314903004,-0.00047163262716212447,0.6614289311079893,-0.0001056354239604141,1.364505794256775,-0.0002689632728910942,-0.0004507752318601601,0.047807213517256864,0.06988307888620249,0.25
1.375,1638442013,-0.020546418734194997,0.1,0.053230188464027564,0.021346092819097814,0.022326445025849684,0.015959712768545437,3.934421814898555e-05,0.0002153682135054867,0.016590482179372826,0.32612014812863077,0.020758725253955022,0.08231146441963005,0.014696620869764811,2.7764451051977987,0.07839173057245943,-0.19474924146419642,0.24055143180758282,0.014429781832841864,12.706204736432095,0.013123814296854316,-0.04421081937761684,0.003117981909226849,0.05482662873254523,-0.08267585948815401,0.0460100494198065,-0.003741693900417456,0.13433311575578563,-0.0018881344401441241,0.19388446592450692,8.869965275680283e-05,0.2861672411958622,-0.00026192932572201684,0.44016388314903004,-0.00031246173729626846,0.6614289311079893,-0.00039266084084333883,1.364505794256775,-0.0025496189286433246,-3.8889007079621706e-05,0.01399904280635156,0.02258572050012236,0.25
1.375,698825070,0.43572635283137073,0.1,0.07698390286300096,0.08375143402978119,0.10243550183801733,0.15527811080235676,0.004084469098861274,0.020026822595487707,0.15860529405382343,0.19388446592450692,0.09239456788781265,0.08231146441963005,0.14172051222617027,2.7764451051977987,0.16095135356473297,-0.0010069565813438097,0.8927382389781824,0.1392647021827813,12.706204736432095,0.11757783516818818,0.2589968370557052,0.6512772892062765,0.10843171029743542,0.2824289303000835,0.6979608936433599,-0.005616739197467365,0.13433311575578563,-0.0025667327673910747,0.19388446592450692,0.000182971462131563,0.2861672411958622,-3.748359605033466e-05,0.44016388314903004,0.00011075046513872237,0.6614289311079893,-0.0002651553533464788,1.364505794256775,-0.00047887622948067913,-0.00043697004274457113,0.046954847265096585,0.07952796586175567,0.25
1.375,123518776,-0.010386178182466423,0.1,0.04904338025314012,0.02335883941798392,0.019628935265283323,0.029625185323650317,0.0003132857720200068,0.0005643658334406194,0.030259205548112372,0.32612014812863077,0.017234405618427,0.08231146441963005,0.023790690375988893,2.7764451051977987,0.07510499376435872,-0.09126062577172435,0.3257891588542056,0.03097442589666918,12.706204736432095,0.021612649891572664,-0.046212396613508414,0.025440040248575563,0.11992717479564133,-0.04919481360705573,0.3085829036508137,-0.00892362466752003,0.13433311575578563,-0.0008623485535933319,0.19388446592450692,-8.437848296149383e-05,0.2861672411958622,0.0013621235186070957,0.44016388314903004,-0.0008499571994979027,0.6614289311079893,-0.00018179771598557712,1.364505794256775,0.00013286849115168206,-0.000701399615447839,0.05893063115132747,0.10073757476144565,0.25
1.375,2018196334,-0.10936935805552372,0.1,0.05884984748945187,0.022802102917865334,0.030883679206986404,0.03334176796183076,0.00024620709022983556,0.0008654664005907288,0.034785186469425695,0.13433311575578563,0.030475944908525513,0.08231146441963005,0.029461292377784696,2.7764451051977987,0.1650915981837712,-0.5559362641082085,0.3607992552650182,0.03240707993626361,12.706204736432095,0.025317300510412328,-0.15259347489985883,-0.05667358400590225,0.04682412528595446,-0.22300270005536746,0.01007258511104863,-0.006398420698749593,0.13433311575578563,0.0009094850736129867,0.19388446592450692,-0.0006138567388801132,0.2861672411958622,0.00041636395910815563,0.44016388314903004,0.00011219166576131204,0.6614289311079893,-0.0005317745615264084,1.364505794256775,0.0018326860775038512,-0.0009230965675414295,0.06820727810515802,0.11203271077710311,0.25
1.375,826417711,-0.2751091359422224,0.1,0.060700757242033394,0.0406562113815376,0.04261214990488439,0.05933201440956507,-7.538057326204124e-05,0.0035956685071588785,0.0619429677379992,0.13433311575578563,0.048604703795929044,0.08231146441963005,0.06005048386708386,2.7764451051977987,0.12156586764735781,-0.6767926465755429,-0.0017507301982829238,0.056555788441047486,12.706204736432095,0.0529269164260673,-0.3579388327809544,-0.17628821753873108,0.05977131529278514,-0.4390233357285499,-0.21514567708267215,-0.006271681350102354,0.13433311575578563,-0.00047839274371971993,0.19388446592450692,0.0005315890787648866,0.2861672411958622,-0.000268328296338686,0.44016388314903004,-0.0004934742175884563,0.6614289311079893,0.00027876579566852097,1.364505794256775,-0.0004043371271714902,-0.00040081281292582346,0.04451159480101698,0.07338559231267419,0.25
1.375,593290990,0.4318620581276137,0.1,0.06596531489857672,0.048854670469141576,0.04110402105624599,1e-150,-0.0010898682915405238,0.0005931125899588312,1e-150,0.13433311575578563,0.04147222519106607,0.08231146441963005,0.02438907108103352,2.7764451051977987,0.09106851790203795,0.0870858416225756,0.5927793231560383,1e-150,12.706204736432095,0.021239093233342957,0.3911909220541186,0.4725331942011088,0.09785883492694497,0.3528954338989279,0.7313130104429595,-0.007245623942514902,0.13433311575578563,-0.0012096832856204201,0.19388446592450692,0.0012456119555696225,0.2861672411958622,0.0003665404305635667,0.44016388314903004,-0.00045842102372304526,0.6614289311079893,-0.0003046326459452715,1.364505794256775,0.0018618722821364022,-0.0010205912071356016,0.07203559690996232,0.11588690659936507,0.25
1.375,489299934,0.10803425622232801,0.1,0.06962362298824902,0.04782256669366628,0.04146759393596271,0.06423712034841607,-0.0006410146894745873,0.004767422320131477,0.06519969421103168,0.32612014812863077,0.041680333003080154,0.08231146441963005,0.06914622908993151,2.7764451051977987,0.08731490680480428,-0.17140529378726038,0.3134447974307412,0.06322360860233195,12.706204736432095,0.06444165341988527,-0.011274793127172847,0.2318413432735963,0.0524340559389307,-0.020144427466583514,0.1793279422529141,-0.007236065449883702,0.13433311575578563,-0.0008006817671395245,0.19388446592450692,-0.0008033653114609721,0.2861672411958622,-0.00031128552029261743,0.44016388314903004,0.0004352671804485856,0.6614289311079893,-0.0002273484967744224,1.364505794256775,-0.0003726133177597271,-0.0005070155219500175,0.05035862332683913,0.05599870057706503,0.25
1.375,849895883,0.08365600328332275,0.1,0.0680394317212042,0.0294614930478085,0.03523218889525734,0.036013926608429336,0.0003046300127538783,0.0009923728970034562,0.036653024133306275,0.13433311575578563,0.03319735892186022,0.08231146441963005,0.03154744089088023,2.7764451051977987,0.19877049224973298,-0.5979889632087638,0.5057617573202924,0.03560991425712235,12.706204736432095,0.03020936429731036,0.03810733973641649,0.12920466683022902,0.07011032425360073,-0.006450103134640419,0.23012289428697527,-0.00653523358419608,0.13433311575578563,-0.00037722419864783587,0.19388446592450692,-0.002000027880816252,0.2861672411958622,0.00010659980793242611,0.44016388314903004,0.0004547375127118776,0.6614289311079893,-0.00023140932667323053,1.364505794256775,-0.001947953147807624,-8.951634204996863e-05,0.021158115827322018,0.026257276206350395,0.25
1.375,1759195196,-0.05636509052612021,0.1,0.06293291825643464,0.041444551471007056,0.05599308573170949,0.045008190809025024,0.0010114737909074723,0.0010142634489941325,0.04552088310348351,0.19388446592450692,0.04987315150357533,0.08231146441963005,0.03189349222405034,2.7764451051977987,0.10663608307524355,-0.4837647475706996,0.10837371421275205,0.04773778032886846,12.706204736432095,0.027620271099513528,-0.1063607250965206,-0.0038386924238161097,0.10823721160736749,-0.32272464975880577,0.016257098148297067,-0.005435303374526164,0.13433311575578563,-0.0012053790370213293,0.19388446592450692,-0.0006430771603797401,0.2861672411958622,4.3035975053251604e-05,0.44016388314903004,0.00023929337983052187,0.6614289311079893,-0.0002490835948279087,1.364505794256775,-1.972325939017609e-05,-0.00048311430205921145,0.04916390967104484,0.06345631861451363,0.25
1.375,1613411965,0.20944636956404517,0.1,0.06645830698608192,0.14846658028141071,0.21430819917649704,0.2126269683529077,0.022627821033365057,0.02258240663758336,0.22150182907045393,0.32612014812863077,0.16648089902521696,0.08231146441963005,0.15049144064959397,2.7764451051977987,0.11799559311315135,-0.05376256715309119,0.6014540067147491,0.23108737596092255,12.706204736432095,0.13658944353028138,-0.0027846685924977355,0.4207908475764093,0.15674439304875928,-0.009321818276385847,0.5449513876159758,-0.007832938644805188,0.13433311575578563,0.00031379101574029606,0.19388446592450692,-0.000231155356757076,0.2861672411958622,0.0003112677943505955,0.44016388314903004,-0.00036638847529651627,0.6614289311079893,-4.974519404126499e-05,1.364505794256775,-0.001555221884085265,-0.00019360148957297892,0.031056308097222433,0.03924682189051678,0.25
1.375,1579039910,-0.1344808879687847,0.1,0.06753991796480321,0.0417014809979944,0.03874686841765922,0.030090304318701036,-0.00039102803960646814,0.0012964544535985065,0.041021485277844785,0.13433311575578563,0.053809935926341826,0.08231146441963005,0.03605830600275196,2.7764451051977987,0.10752046504354872,-0.38831055261574027,0.20873878514176342,0.01659356331812727,12.706204736432095,0.030193122347432846,-0.18677391349646633,-0.08218786244110309,0.08516089166545521,-0.30496332162539647,-0.02722648695184535,-0.006339613282701797,0.13433311575578563,-6.136311048569445e-05,0.19388446592450692,-0.0009665435625054352,0.2861672411958622,0.00018001552641520884,0.44016388314903004,-0.0005159802983267931,0.6614289311079893,0.00033685535807266543,1.364505794256775,-0.0013870917455110453,-0.0002002623836167209,0.03168059267521145,0.04221999406073353,0.25
1.375,471015643,-0.1326227139635296,0.1,0.06146449135289794,0.032624030641437055,0.038654804985994315,0.03281237812668648,0.00043181767222949486,0.0006448344860991585,0.03305532571650216,0.19388446592450692,0.03561188937545302,0.08231146441963005,0.025430260902810146,2.7764451051977987,0.05168449621701634,-0.34287395552581795,-0.05587562245311961,0.030716813171734574,12.706204736432095,0.022311668779350483,-0.16802319494312357,-0.0955603608302648,0.07116800224450855,-0.31447243120917356,-0.07646208088505849,-0.007122845940542085,0.13433311575578563,-0.0019272341082002794,0.19388446592450692,0.0007732803391363305,0.2861672411958622,-0.00033602102426401965,0.44016388314903004,-0.00039628134642078714,0.6614289311079893,0.000231753733235546,1.364505794256775,-0.0022274855854847145,-6.188150973849622e-05,0.01754614544216913,0.024474441351790232,0.25
1.375,1141947010,-0.07662725387424407,0.1,0.06911076483662999,0.047472284442646714,0.057783743808790956,0.08008217594633622,0.0016945284641108728,0.004718626440189079,0.08009438266509604,0.2431366342882323,0.050979993836025334,0.08231146441963005,0.06879145360333756,2.7764451051977987,0.23657007520457138,-0.6863946594402908,0.627252995235724,0.07905707215777939,12.706204736432095,0.06433394480314404,-0.2086988494491216,0.020212759154461496,0.0658236687657836,-0.28722216636768894,-0.014888706511239304,-0.0037935066057534447,0.13433311575578563,-0.002601119284007116,0.19388446592450692,-0.0018080883665530006,0.2861672411958622,-0.00014161745780323965,0.44016388314903004,0.0005151112120256101,0.6614289311079893,-0.00036448249133437066,1.364505794256775,-0.0012820122704604003,-0.0002887105013540896,0.038140487311179964,0.05723067667212692,0.25
1.375,1609814160,-0.2165121020051533,0.1,0.0749134883521281,0.07004204472828013,0.08052818433312416,0.05568455573561243,0.0008496793864426937,0.002251090361029833,0.05770871898706473,0.19388446592450692,0.0738758370343829,0.08231146441963005,0.047514170544540706,2.7764451051977987,0.09879792031787124,-0.39503402343067173,0.15357998110987983,0.03973002528915393,12.706204736432095,0.035881087470817564,-0.2834173113054666,-0.1487821677365306,0.09199739366061913,-0.33590050072520194,0.0387586466820442,-0.0070774521968111565,0.13433311575578563,-0.001331449203388117,0.19388446592450692,-0.000312675999285405,0.2861672411958622,0.00015678971884706958,0.44016388314903004,0.0006444550638382337,0.6614289311079893,-0.0007361359661159016,1.364505794256775,-2.485184307822931e-05,-0.000545878942094343,0.05212379337922504,0.07229566572218428,0.25
1.375,1187017355,0.2628542808151158,0.1,0.052127140645745036,0.039449352151619696,0.0495133667567316,0.026577302256602393,0.00047052171578257666,0.0002358312794562259,0.030010132846834726,0.13433311575578563,0.043508050643398494,0.08231146441963005,0.0153789750227202,2.7764451051977987,0.02437322686171184,0.18368391024544858,0.31902576308159925,0.016431458977228162,12.706204736432095,0.014805532845887521,0.2378857176606723,0.2878228439695593,0.05167908446516461,0.14510047450068253,0.34743686554995196,-0.005444440137356492,0.13433311575578563,-0.000370181456549327,0.19388446592450692,-0.0013955422669943995,0.2861672411958622,0.0006385769002233467,0.44016388314903004,-0.0005690075562504853,0.6614289311079893,0.0002154226363144959,1.364505794256775,-0.0013146905777805602,-0.00019635396076917924,0.03129230393382723,0.04842737606729426,0.25
1.375,554606488,-0.06530997613618028,0.1,0.06297725145529513,0.03603599603092894,0.032759634463397726,0.021324642621932753,-0.00021824575056468413,0.0006729861335178351,0.030027546419341654,0.13433311575578563,0.04318929482253336,0.08231146441963005,0.025979437641074903,2.7764451051977987,0.035652926800255946,-0.1187750082227369,0.07920177997835517,0.016027077449891628,12.706204736432095,0.024901269626637766,-0.1057865912233071,-0.026149304837901063,0.08635089154064267,-0.16572829089942473,0.1344326239473,-0.005334242013612551,0.13433311575578563,-0.0023156816708621046,0.19388446592450692,-0.00027504501390310644,0.2861672411958622,8.531789853985833e-05,0.44016388314903004,0.0001595954571735519,0.6614289311079893,-0.00032619344463136776,1.364505794256775,-0.001611278156075778,-0.0001538617867237283,0.02763398688350091,0.03414747108105368,0.25
1.375,1648316491,0.03804809967446798,0.1,0.06619879622028546,0.03740250473598498,0.044664009402707906,0.04629796175180764,0.0006592944408228428,0.0014842068215490006,0.04745472279142889,0.32612014812863077,0.04060466835665167,0.08231146441963005,0.038581037267551306,2.7764451051977987,0.12496392083200132,-0.4470477115979231,0.2468632210427475,0.04902309496222659,12.706204736432095,0.03447042368696661,-0.029698451878683446,0.10289714146351274,0.0887523084529782,-0.16784371407645943,0.20291489712187888,-0.007261038383365444,0.13433311575578563,0.0015927790360539763,0.19388446592450692,0.0005448104088966926,0.2861672411958622,-0.00021524411765669107,0.44016388314903004,-0.000511796033624073,0.6614289311079893,-5.87612176163382e-05,1.364505794256775,-0.0003873687541371272,-0.0004579095835180534,0.047913972855405954,0.06282884818491499,0.25
1.375,156825984,-0.003017966639370791,0.1,0.06404066181898967,0.0389380156750038,0.03499575675915323,0.028226908177748616,1.107578584977711e-05,0.0007856825594252747,0.03346363900245814,0.13433311575578563,0.03527470971697695,0.08231146441963005,0.028070506198990146,2.7764451051977987,0.09836140914250618,-0.13856848936539545,0.4076216165427432,0.015510497711407494,12.706204736432095,0.024936606766088783,-0.04752245172209945,0.03849709609399922,0.07953958752668137,-0.07021227283784531,0.2143803582164439,-0.005243954083602093,0.13433311575578563,-0.0007166181715038349,0.19388446592450692,0.0018991513927785891,0.2861672411958622,-0.0011532029170876737,0.44016388314903004,0.0003422048861268094,0.6614289311079893,-0.000551020047154873,1.364505794256775,-0.00028756460483099185,-0.0004280343659631246,0.04615301258678253,0.06684150301018948,0.25
1.375,772032300,0.04896809903898626,0.1,0.07015896213538485,0.07735009297701928,0.05038997731581725,0.042810028577226156,-0.003336402771384082,0.005169101318167002,0.04803784359345539,0.13433311575578563,0.059642106941749894,0.08231146441963005,0.07200028414772022,2.7764451051977987,0.09562280856136575,-0.18373370657194776,0.3472492509789924,0.031378867078884445,12.706204736432095,0.0660780609876847,-0.058876136804665816,0.1560085745923258,0.08827798055737868,-0.143683249904102,0.20203640006732312,-0.00476833001653316,0.13433311575578563,-0.001857558327283899,0.19388446592450692,0.00016643163704478062,0.2861672411958622,-0.0010831192321885026,0.44016388314903004,0.000636086015353609,0.6614289311079893,-0.00037540517611013097,1.364505794256775,-0.0006681408849102945,-0.00040269103939224267,0.04461793789857377,0.06601256588298439,0.25
1.375,1277725728,-0.3304691605834495,0.1,0.06165946288805673,0.032960681185515005,0.04476205397001566,0.044077999310805194,0.0005030390500178933,0.0014398309732254497,0.045746276582877644,0.19388446592450692,0.04169830356245886,0.08231146441963005,0.03799989913696802,2.7764451051977987,0.16670916286438608,-0.5926156036299213,0.3331020748229735,0.0366789305528909,12.706204736432095,0.03644719289532493,-0.4025394442838294,-0.26611867758803914,0.11171373109636333,-0.3770784172233616,0.06865568266233188,-0.00695455850427434,0.13433311575578563,0.0001467962657266041,0.19388446592450692,-0.0003659091135863686,0.2861672411958622,0.0001995100646141164,0.44016388314903004,6.934696264315761e-05,0.6614289311079893,-0.0003773704848288894,1.364505794256775,-0.0007511092860862309,-0.0003520655881767112,0.0418038172200809,0.055095475759745445,0.25
1.375,516710044,-0.10825139536769052,0.1,0.059637681999466126,0.03014347971003295,0.03234283659794827,0.030005601807870076,0.00021308360536396813,0.0006872525344884879,0.03148550300188339,0.19388446592450692,0.030624857221477664,0.08231146441963005,0.026253358137386915,2.7764451051977987,0.033142610840508804,-0.25991814401233665,-0.07588086472912431,0.02747421969253375,12.706204736432095,0.022149908693065233,-0.1449449099511245,-0.07155788078425655,0.04485214649471997,-0.2287879102791363,-0.06163584535257837,-0.005870030498020525,0.13433311575578563,-0.0007601881915052609,0.19388446592450692,0.0001897723566350839,0.2861672411958622,-4.191952849016521e-05,0.44016388314903004,-0.0001392853407233297,0.6614289311079893,-0.0002251947991672411,1.364505794256775,2.694553083427524e-05,-0.0005427540822093537,0.05222075822522449,0.07794771910511654,0.25
1.375,336199749,0.3452055851332836,0.1,0.06720371458162604,0.03930665393169465,0.039233083254456555,0.049544577893074516,0.00031600838006591494,0.0021386568185370134,0.05428281321358245,0.13433311575578563,0.046689501511549665,0.08231146441963005,0.04631239475138302,2.7764451051977987,0.0877200694197702,0.0688273607047444,0.5559272754410086,0.046160717944861276,12.706204736432095,0.03998118506365969,0.28195539151029175,0.41593967900742296,0.11243045462252588,-0.016217640902229297,0.5191452549774118,-0.006213277052905999,0.13433311575578563,-0.00015310621553680243,0.19388446592450692,-0.0005054128936139781,0.2861672411958622,-0.00019347596552723672,0.44016388314903004,0.000252531897865708,0.6614289311079893,-0.00033789634866816326,1.364505794256775,-0.0002654000809714626,-0.0004742053127489218,0.0487596303968247,0.06606677698548574,0.25
1.375,1765573696,-0.5984832795027654,0.1,0.06865974500068499,0.03481463317887398,0.039983294741597036,0.029499695621754772,0.0004290641516488808,0.0004411678901272969,0.02953512198219796,0.2431366342882323,0.03710757244874221,0.08231146441963005,0.021034327700995517,2.7764451051977987,0.06458135475046506,-0.8299249493841148,-0.4713117768161721,0.02619966083841279,12.706204736432095,0.019069552239911653,-0.6303550727975504,-0.5666114862079803,0.08403517229972254,-0.8256642826404051,-0.47859051045190637,-0.008409439197125074,0.13433311575578563,-0.0008453229707201611,0.19388446592450692,0.00018957178934714863,0.2861672411958622,-0.00017427257370933958,0.44016388314903004,7.488036675215122e-05,0.6614289311079893,-8.180984326759207e-05,1.364505794256775,0.00023221211051394988,-0.0006562953676136179,0.05718284993701712,0.07416067387257377,0.25
1.375,631483662,0.0519666688345304,0.1,0.08264192509938466,0.07774562972612718,0.11668163431703098,0.13857585312724596,0.006822635750242371,0.012380631319701676,0.13994268416524597,0.32612014812863077,0.09609081028374772,0.08231146441963005,0.11142896163541102,2.7764451051977987,0.10638884373061545,-0.1604582430215262,0.43030732582551534,0.13953971189903783,12.706204736432095,0.09341268279410633,-0.12707596364036725,0.23100930130942796,0.08726023519171747,-0.0970418971956491,0.2493988332320292,-0.006113719513218012,0.13433311575578563,0.0017420532230872537,0.19388446592450692,-0.0012769941085708175,0.2861672411958622,0.0005071042912036587,0.44016388314903004,-0.00010142921754150935,0.6614289311079893,-0.0008970008844738893,1.364505794256775,-0.0010487793782363005,-0.00041980185127070353,0.04608356888113567,0.06673102983229998,0.25
1.375,271107164,-0.15646227372149474,0.1,0.057996346113491484,0.028812342855325336,0.03385888467638755,0.035284794100168194,0.0002765220928329507,0.0009684946018583132,0.036034971469246106,0.19388446592450692,0.0338780901695218,0.08231146441963005,0.03116558549433533,2.7764451051977987,0.07145588794265251,-0.40616418678943284,-0.009377486157552906,0.03216891239094122,12.706204736432095,0.026863990306440013,-0.20943254393536498,-0.1116771915858489,0.07344694090999426,-0.2719383975512083,0.011349354599347338,-0.005321208180447766,0.13433311575578563,-0.0009160952803810362,0.19388446592450692,3.972128902270432e-05,0.2861672411958622,-0.00015120450918313887,0.44016388314903004,-0.0003960411774793447,0.6614289311079893,0.00014396551788598816,1.364505794256775,-0.0012922608934640522,-0.00019641698322617532,0.03149402611424928,0.053756262294591836,0.25
1.375,913631489,-0.05109473287925284,0.1,0.06431859897240168,0.08177020201739119,0.06152020517184379,0.08145339224702769,-0.003006837351305063,0.009641492459853214,0.10039669288594948,0.13433311575578563,0.10089774517602441,0.08231146441963005,0.09833289401312913,2.7764451051977987,0.09980599879442761,-0.3292834872443561,0.22492826639997585,0.07183670969718839,12.706204736432095,0.09129598029424216,-0.2056490071447129,0.10345954138620722,0.11308670632729606,-0.29202107704131897,0.18637323421999527,-0.006121156406995469,0.13433311575578563,-0.0013515502672544319,0.19388446592450692,0.0005992028666173853,0.2861672411958622,0.00046049137397679327,0.44016388314903004,-0.00027497825574570174,0.6614289311079893,-0.0004413908217366477,1.364505794256775,-0.0016216655177012445,-0.00014820346152861886,0.02740098689219757,0.03757005941927846,0.25
1.375,1845699133,0.064263529161678,0.1,0.06625315046195342,0.060654866103833825,0.07789029809831029,0.08090295729583274,0.004104609930530116,0.002440678568681221,0.08545278954302192,0.32612014812863077,0.058196168275615794,0.08231146441963005,0.049474564707370265,2.7764451051977987,0.16371498899303288,-0.3378401091151656,0.5712512505592697,0.0850222524008437,12.706204736432095,0.04273676776962276,-0.022579385552782823,0.1511064438761388,0.1346916972781343,-0.05940463901558549,0.3983150000203376,-0.006910017749984819,0.13433311575578563,0.0005488932988835549,0.19388446592450692,0.0012330509047265622,0.2861672411958622,-0.00028495734650773187,0.44016388314903004,-0.000496599779764884,0.6614289311079893,9.657064868022155e-05,1.364505794256775,0.0012458969435845217,-0.0007726777797897815,0.062043304891232484,0.10041311351708068,0.25
1.375,1406378027,0.06861513880461706,0.1,0.07041348680519557,0.060121299588891605,0.08325185041168784,0.07412546634674336,0.003364126355977638,0.002130458405144543,0.07899689529985515,0.19388446592450692,0.07246639046029317,0.08231146441963005,0.04622354161440969,2.7764451051977987,0.14072108868810826,-0.1988310329312414,0.5825777228411656,0.06238839234689793,12.706204736432095,0.044815748246330715,0.0027312717850102586,0.1553614183097398,0.14878885351907004,-0.041607451359664954,0.5291044633735971,-0.0065992825362999625,0.13433311575578563,-0.0008376667232260687,0.19388446592450692,-0.001677578993675292,0.2861672411958622,-4.094310394315357e-05,0.44016388314903004,-9.168917107652322e-05,0.6614289311079893,9.098534509723597e-05,1.364505794256775,-0.0020187352852290112,-0.0001835832049241394,0.03013155366390677,0.04338225459922493,0.25
1.375,985156531,-0.024093477912616824,0.1,0.06938485339345202,0.053981092021133256,0.06626029783489927,0.0800130133006036,0.0014760280755805604,0.00492605422186201,0.08004318947498662,0.2861672411958622,0.059277868600813445,0.08231146441963005,0.07028720632371334,2.7764451051977987,0.16081998289658025,-0.4951274274700901,0.3978882811923178,0.07959032277203548,12.706204736432095,0.06866742098930234,-0.14672887125712106,0.0985419154318874,0.06225662897161352,-0.12985605096643082,0.10681586580040388,-0.0068278615198352705,0.13433311575578563,-2.1837545909202172e-05,0.19388446592450692,0.0010185047625220984,0.2861672411958622,-0.0009017054103650613,0.44016388314903004,9.388573482263377e-05,0.6614289311079893,0.00011690513683817846,1.364505794256775,-0.0014033098825771205,-0.00010278582305162788,0.022629698327028346,0.035418697262930905,0.25
1.375,1173480822,0.19323860574034205,0.1,0.07251414867120082,0.06500056031242805,0.08066131584492368,0.07291137697626272,0.002143172359460657,0.0031728965331140357,0.07332315861677556,0.2861672411958622,0.07288892065858918,0.08231146441963005,0.05640981079837094,2.7764451051977987,0.0700314409289735,-0.11300860280114539,0.27586829995324913,0.06888113142620049,12.706204736432095,0.04861849484448587,0.11539577599204448,0.2781473257324393,0.1205256005692899,-0.14214345781827575,0.29028084994837816,-0.008347866830996717,0.13433311575578563,-0.0018319341537165227,0.19388446592450692,-0.0004602165479356192,0.2861672411958622,0.0004004605691684007,0.44016388314903004,-0.0001418076682015831,0.6614289311079893,4.658826531966761e-05,1.364505794256775,-0.0017337665262979318,-0.00019568880656815215,0.03135738805133509,0.03897191614873856,0.25
1.375,146219739,-0.02008287168547282,0.1,0.0791659818153986,0.07472815546320406,0.08314990083522344,0.1058235897260232,0.0010147547762458745,0.010183877366255806,0.10785438208406774,0.13433311575578563,0.08613219959114095,0.08231146441963005,0.10106092488115564,2.7764451051977987,0.18992531978750518,-0.6939314646154873,0.3607029843388034,0.11230032867736495,12.706204736432095,0.08854707250984639,-0.17200879804627076,0.13184305467532512,0.08492066272710411,-0.22142766581402812,0.12600403917883116,-0.0059117389088066815,0.13433311575578563,0.00035667849445140346,0.19388446592450692,0.00011431042545606728,0.2861672411958622,-0.0006879735654642064,0.44016388314903004,-0.0003327596997465659,0.6614289311079893,-6.787908263654173e-05,1.364505794256775,-0.0005940569079976919,-0.0005108953750629372,0.05035043096563775,0.07840770670718863,0.25
1.375,1908631525,-0.360989510343936,0.1,0.0494605110200194,0.02706546748405155,0.016832219613598452,0.03382598459570591,-0.0004149130470708494,0.0015591102809397832,0.03669079952736571,0.13433311575578563,0.02703343260063511,0.08231146441963005,0.03954258944502299,2.7764451051977987,0.12351163430294569,-0.7347504788604904,-0.048903933869702154,0.03220352955638043,12.706204736432095,0.03290176153374563,-0.4141017791395714,-0.2855444619073334,0.042626812347800254,-0.4433464786028446,-0.3007900305179701,-0.006725955314028904,0.13433311575578563,0.0013278505544040394,0.19388446592450692,-0.001932988714483707,0.2861672411958622,0.0006735700654558439,0.44016388314903004,-0.0002477212042197288,0.6614289311079893,-8.604757242758603e-05,1.364505794256775,0.00040140887927613185,-0.000639531685593345,0.056497797924422825,0.07532503367518284,0.25
1.375,1942036508,-0.03627732548991604,0.1,0.06781269832032366,0.07823783222004087,0.08666350524753308,0.06698989913173735,0.00011739724548995821,0.004370249340190386,0.06932834144706722,0.19388446592450692,0.08657090656124476,0.08231146441963005,0.06620332407538339,2.7764451051977987,0.10610684553167388,-0.20462681242844175,0.384572851380348,0.06264866825791611,12.706204736432095,0.06264722724028043,-0.13969105572989693,0.06713640475006485,0.13252609674634094,-0.11839716991815105,0.349372100149055,-0.007484943484457229,0.13433311575578563,-0.0020257941205090078,0.19388446592450692,9.206213775944453e-05,0.2861672411958622,-0.0002515237434395447,0.44016388314903004,-0.0004136401575275709,0.6614289311079893,0.0005317781976237015,1.364505794256775,0.0034866573050556008,-0.0014700270729377182,0.08576460353375251,0.11159195688863333,0.25
1.375,1057192961,0.11081558880483314,0.1,0.07397205635314248,0.05344295718443608,0.04861332057047584,0.03645130613200803,0.0002773048316317855,0.0010513928870975809,0.052769056421346605,0.13433311575578563,0.058372958015053864,0.08231146441963005,0.03247201248558147,2.7764451051977987,0.10384186038882694,-0.29700574271118296,0.27961670727120047,1e-150,12.706204736432095,0.02817326948131658,0.05786772160914731,0.16376345600051895,0.06618692925768274,-0.056399033476255855,0.1915865895970942,-0.006339860133203719,0.13433311575578563,-0.0038239946873500443,0.19388446592450692,0.0007968408820994332,0.2861672411958622,-0.000531020052733771,0.44016388314903004,0.0004144998908538201,0.6614289311079893,-0.00023698354891063642,1.364505794256775,0.0022835669834036032,-0.0011676578492843352,0.0767745780151156,0.1295382681383315,0.25
1.375,1773393258,-0.06936021808303336,0.1,0.07058463344334759,0.03577230791125059,0.040146039580993116,0.036445841623796875,0.00044125974423467286,0.0008870396274322119,0.036445730537039346,0.2431366342882323,0.035638585413531126,0.08231146441963005,0.02982621876432533,2.7764451051977987,0.10097799681246192,-0.34788750276491426,0.21283222720036338,0.03400169664356745,12.706204736432095,0.029057205176632957,-0.12151922135138951,-0.0164833224833716,0.09052886264670525,-0.3595671748011361,-0.011035760939147057,-0.006120073555841605,0.13433311575578563,0.0006467237168242516,0.19388446592450692,-0.0020810323529845774,0.2861672411958622,0.0005218171812751472,0.44016388314903004,-0.00154085043404772,0.6614289311079893,0.0010179436380670173,1.364505794256775,-6.079027647948624e-05,-0.0006536872846813746,0.05703610129252487,0.08078135699469165,0.25
1.375,1149262211,-0.33150983365249476,0.1,0.07796894019797751,0.08816590747764294,0.14620399861326072,0.13402718668083136,0.01582487340428486,0.002138413365293557,0.1480839505958969,0.32612014812863077,0.10984248564519301,0.08231146441963005,0.046309758698814034,2.7764451051977987,0.04838454102749076,-0.474957416732953,-0.20628337252691542,0.17285555279988948,12.706204736432095,0.03687616006376399,-0.39936961405961424,-0.26578721649215986,0.08717199242296501,-0.4842990106622,-0.1472309951353078,-0.00785962004325504,0.13433311575578563,0.00047383790297516205,0.19388446592450692,-0.001151436551003245,0.2861672411958622,-0.00015440045763773875,0.44016388314903004,0.00048081530048985576,0.6614289311079893,-0.0003009174836745547,1.364505794256775,0.0013551107079723362,-0.0009060035804434343,0.06751268613049642,0.10595597554781862,0.25
1.375,1659689263,-0.11763878616385728,0.1,0.04661289609521325,0.019102455416425766,0.019552167812314693,0.021763810898303353,-3.218758570046169e-06,0.0004768822233871539,0.023606859429915743,0.13433311575578563,0.023191210260166635,0.08231146441963005,0.0218691676958471,2.7764451051977987,0.16966090553577196,-0.5045245404160819,0.4375838410203585,0.01757272475600681,12.706204736432095,0.020363108589680625,-0.15073284143941526,-0.0851318051691935,0.06337835175954781,-0.18172752248848842,-0.025140097723811206,-0.004454662042241906,0.13433311575578563,-0.0028872755793194825,0.19388446592450692,0.00010745133533833936,0.2861672411958622,-0.00017522136732070058,0.44016388314903004,-0.00013390540356018177,0.6614289311079893,-3.829821470185142e-05,1.364505794256775,0.0029101223406774865,-0.001268210176763498,0.07983813348208586,0.1192720276350816,0.25
1.375,247131243,-0.010340145121789577,0.1,0.06837927807538388,0.08127742935466575,0.09387832407915123,0.1035806851127203,0.0021171439960621947,0.008611814332358322,0.10467948319664047,0.32612014812863077,0.08166809594157826,0.08231146441963005,0.09293386879473513,2.7764451051977987,0.14031112737922302,-0.5510078436542349,0.22812444197942228,0.10364511595993499,12.706204736432095,0.07804521542680418,-0.1301932075121297,0.116916939818477,0.13229284600053412,-0.393880927638703,0.08334897541890962,-0.0065139797326464795,0.13433311575578563,0.0006155714440122587,0.19388446592450692,0.00048034480165889514,0.2861672411958622,-0.001160565543637103,0.44016388314903004,5.6181569398153955e-05,0.6614289311079893,5.380881778124706e-05,1.364505794256775,-0.0008626281998095077,-0.0003419407899617971,0.04146858259647766,0.06159152916320493,0.25
1.375,387941038,0.08012843661187932,0.1,0.07135252976768168,0.05261599601475737,0.053795423109015104,0.044794891479966514,0.00042733714289442965,0.001579245159807547,0.04493246488339291,0.2431366342882323,0.05333789352908309,0.08231146441963005,0.039797103565170834,2.7764451051977987,0.12383428201370454,-0.19165858329897495,0.49597958900629263,0.04422556013256868,12.706204736432095,0.036534873636638224,0.017608378165516917,0.1426484950582417,0.16438633848942638,0.017176340546491982,0.6225933239061008,-0.007829794919590951,0.13433311575578563,-0.0004624136142835263,0.19388446592450692,0.0004015548483189644,0.2861672411958622,-0.00032392887059128284,0.44016388314903004,-0.0003440525838486304,0.6614289311079893,0.00013908200359543594,1.364505794256775,0.001871742672213324,-0.0010863995785980534,0.07366574162055431,0.1140258844038566,0.25
1.375,1328804971,-0.24983427084125562,0.1,0.06117167121283818,0.03414891977043263,0.051431080380679874,0.04334779628084487,0.0010992178101034997,0.0007798136323021287,0.04429306869029292,0.19388446592450692,0.04327773237399254,0.08231146441963005,0.02796546850898943,2.7764451051977987,0.09750905706738999,-0.44150851861343576,0.09994856980097974,0.037193598712056214,12.706204736432095,0.022704414130266738,-0.2870752454199211,-0.21150694858738028,0.1451137235946099,-0.3233731822606746,0.19230928450602644,-0.004314957751883839,0.13433311575578563,-0.0011053195928985601,0.19388446592450692,8.87658814582654e-05,0.2861672411958622,0.0004601433954128475,0.44016388314903004,9.725416167520973e-06,0.6614289311079893,-0.0007986886849485075,1.364505794256775,-0.001608270799747691,-0.00011179053358017561,0.023718614847786108,0.027568861994533733,0.25
1.375,1331705778,-0.1431293336785539,0.1,0.07922977135687054,0.11748160754019375,0.15302809725904915,0.1973790754375248,0.010734892222595103,0.028223607197977008,0.20095304052140725,0.32612014812863077,0.12907378569584815,0.08231146441963005,0.16824142865847966,2.7764451051977987,0.20108727631590798,-0.5049978542978523,0.6116177137918676,0.2038924209128668,12.706204736432095,0.14112738758972088,-0.400463315165636,0.09971022498511813,0.13112782171917858,-0.3278037286474771,0.2090296586993617,-0.004844083723751166,0.13433311575578563,0.0012119533096904044,0.19388446592450692,-0.0006433001478212945,0.2861672411958622,-0.000698132813484373,0.44016388314903004,0.00030672012390704073,0.6614289311079893,-0.0007321188882570441,1.364505794256775,-0.00033471189906339926,-0.0005580326464512685,0.05267566479954369,0.08398321915974463,0.25
1.375,755559804,-0.33260144691651006,0.1,0.04549986986694009,0.026841865184627514,0.02136241340609906,1e-150,-0.00031199161880733037,0.00021848948094258083,1e-150,0.13433311575578563,0.02174159324266121,0.08231146441963005,0.014802734660556953,2.7764451051977987,0.18083015052461954,-1.0427978345954951,-0.0386678620029729,1e-150,12.706204736432095,0.011858833661507797,-0.35546844955273627,-0.31136929966419685,0.07549235113026123,-0.5158248706480615,-0.2990480804432931,-0.006888656541940626,0.13433311575578563,-0.0013731878502950875,0.19388446592450692,0.0008262981740680532,0.2861672411958622,0.0002449664385056566,0.44016388314903004,0.000148337572329953,0.6614289311079893,-0.0006210322102463912,1.364505794256775,-0.0015855481771433384,-0.00013296683535425586,0.02579304442081808,0.03796155947272617,0.25
1.375,519419310,0.10804993773514464,0.1,0.06455507738124708,0.04077201623579309,0.03979782838636169,0.048234229169896364,-4.146707463227248e-05,0.002368007938246354,0.04843910691017578,0.32612014812863077,0.03990940419410582,0.08231146441963005,0.04873245214254152,2.7764451051977987,0.10753543014941827,-0.12181779475358706,0.47531464259379724,0.04768133618971324,12.706204736432095,0.04637866402644763,0.03086267740416819,0.1852371980661211,0.08826124672881092,0.01578218058080874,0.33109943083043714,-0.006626186180095885,0.13433311575578563,0.001343908547155758,0.19388446592450692,-0.0019000457085524595,0.2861672411958622,5.140991181257188e-05,0.44016388314903004,0.0002318279796042103,0.6614289311079893,-8.605515406112974e-05,1.364505794256775,0.0015922040679627143,-0.0008913087659413182,0.06679783431484755,0.074790083161178,0.25
1.375,1290490158,0.12471572876284825,0.1,0.0690698569444358,0.02741018331395969,0.037426926488885036,0.051365446827494235,0.0006536898612217701,0.0019847192665663677,0.051490683595271175,0.2431366342882323,0.03351596295178188,0.08231146441963005,0.044614520611766253,2.7764451051977987,0.18935429929987235,-0.41914373629485635,0.6323198985837227,0.04697739063612022,12.706204736432095,0.03730965441540448,0.05811319585958369,0.19131826166611282,0.06170281569564353,-0.012372932613286015,0.22695586619282496,-0.006379050956671306,0.13433311575578563,0.00037902539810892583,0.19388446592450692,-0.0004627607348777407,0.2861672411958622,-0.00014975922700266288,0.44016388314903004,-0.0004031819789584365,0.6614289311079893,0.00021991669023220485,1.364505794256775,-0.0003439438753595553,-0.0004523798114301452,0.047530885807543055,0.06312318271545421,0.25
1.375,1660388581,0.2700488984942037,0.1,0.07299121561030023,0.08590267974792885,0.09826072113463469,0.0734429070681298,0.0021418030041571888,0.0032520575944607597,0.07637640938327951,0.13433311575578563,0.09519429204569008,0.08231146441963005,0.05710916393057576,2.7764451051977987,0.052012104564243135,0.124334456646845,0.4131519629037029,0.05861603678122305,12.706204736432095,0.04923356404695847,0.17720908802038338,0.35429577218710345,0.10827690346025141,0.13605709374991404,0.5370791400662408,-0.005103272853062049,0.13433311575578563,-0.0022182209251445776,0.19388446592450692,0.000895762659525797,0.2861672411958622,-0.0004810716392686285,0.44016388314903004,-0.00014812832950636927,0.6614289311079893,-1.3168994527504355e-05,1.364505794256775,-0.0007315394680349179,-0.00033115854280143045,0.040662686889842904,0.04678529063353455,0.25
1.375,1956123517,0.1584554197224909,0.1,0.0448916471578056,0.05770593750266038,0.03271107338919449,0.048070662039340864,-0.002142170598090117,0.004452959146990644,0.05362369267278715,0.13433311575578563,0.05084915856712877,0.08231146441963005,0.0668268581568436,2.7764451051977987,0.23021034965989517,-0.4310114825014972,0.8473213144566822,0.04498490472297092,12.706204736432095,0.05906198475599743,0.05122209352518016,0.26672751559447194,0.08043323201358242,0.004303703386004144,0.28090205125207385,-0.005501844576089767,0.13433311575578563,-9.308001423322741e-05,0.19388446592450692,0.0006390948407441989,0.2861672411958622,-0.0005702341033594706,0.44016388314903004,-0.000565698220461052,0.6614289311079893,0.0003316734632233859,1.364505794256775,-0.0010568125671135964,-0.0002324359292752857,0.034298324013316984,0.04558130125403444,0.25
1.375,193548206,0.09905789004360645,0.1,0.06717285134331404,0.03977005525795298,0.050111352843208556,0.03897879275704963,0.0012182108837876212,0.0003011354010094038,0.04173256578215754,0.32612014812863077,0.04284760677154701,0.08231146441963005,0.01737831218899962,2.7764451051977987,0.04819203925978154,-0.056537019732365024,0.21106808329227622,0.046370101306985344,12.706204736432095,0.01368051971334055,0.07365981670968755,0.12445596337752535,0.08149970205517665,0.032672204437023095,0.3372958924600901,-0.006108954768890665,0.13433311575578563,-0.001251274925522771,0.19388446592450692,-9.130425043424994e-05,0.2861672411958622,0.0002418874266222933,0.44016388314903004,-5.8001873196068555e-05,0.6614289311079893,-0.0001557027544864144,1.364505794256775,-0.0004924858310339148,-0.00036982539603132276,0.04321465420047635,0.07464182028033574,0.25
1.375,2073191718,0.1900100558313007,0.1,0.07836182469173089,0.1046358985466498,0.12598167069227673,0.10172222553614406,0.004292560782211007,0.006054850385815153,0.10549826586694809,0.32612014812863077,0.11578503678892393,0.08231146441963005,0.0779252844294085,2.7764451051977987,0.1067081739362503,-0.06470521433918111,0.5278335600806139,0.10653944625894496,12.706204736432095,0.07784248848682435,0.061265922179793375,0.31875418948280804,0.11244303663873488,0.0038639931061130546,0.38946391553852366,-0.00723249958748032,0.13433311575578563,-0.0001825663377437637,0.19388446592450692,0.0003140858046023508,0.2861672411958622,0.0008399820867509159,0.44016388314903004,-0.000812667128854665,0.6614289311079893,-0.000270508534091227,1.364505794256775,-0.0017534611362205073,-0.0001782224808226315,0.029870769134452253,0.04229619121246873,0.25
1.375,1218117375,0.29109302777998247,0.1,0.07973876906095766,0.11655727116400642,0.16714191603870313,0.1861646867677822,0.012313566060549013,0.022343724538797443,0.19176616215062792,0.32612014812863077,0.13968940511976022,0.08231146441963005,0.1496940271933015,2.7764451051977987,0.21316484244658165,-0.44423213959797997,0.7394488272241633,0.2003728330180431,12.706204736432095,0.12848745822424862,0.07477962846392283,0.5074064270960421,0.13499176218635928,0.04347891377549427,0.48859713916290987,-0.008019164790705155,0.13433311575578563,0.0010371798006263773,0.19388446592450692,0.0005728479001496549,0.2861672411958622,-0.00034057256970006835,0.44016388314903004,-4.5153641344703486e-05,0.6614289311079893,-0.0003340358407736997,1.364505794256775,0.0002739514618632388,-0.0006670152698498912,0.0576701442104125,0.0789580461740159,0.25
1.375,1046677676,0.1575266231885547,0.1,0.08289067844270429,0.05964553792299412,0.07392904636397862,0.05728115148986918,0.0018998444941736433,0.0013812858218316992,0.059163758725481304,0.19388446592450692,0.06895781742852884,0.08231146441963005,0.03721932263470315,2.7764451051977987,0.08195469668807835,-0.017349982502564393,0.4377354504326064,0.056458413250928645,12.706204736432095,0.035931608437943414,0.09769309652024315,0.21736014985686625,0.0676318200369542,-0.017382830406908772,0.25037423364070494,-0.004892145403476848,0.13433311575578563,-0.0006153704645592166,0.19388446592450692,-0.0005175958367372984,0.2861672411958622,-0.00018649352682874258,0.44016388314903004,-0.00021465377184366679,0.6614289311079893,-7.594864155056282e-05,1.364505794256775,-0.0021949069803344837,-6.657004384184355e-05,0.01828222521005517,0.021452995833328693,0.25
1.375,1591034722,0.07209364169694028,0.1,0.06887219032281126,0.0443714921244386,0.05593726076740918,0.042690342636266004,0.0010821890900981318,0.0007402762643036593,0.042750314968244774,0.2431366342882323,0.047693176930125744,0.08231146441963005,0.027247307960220634,2.7764451051977987,0.10503219436236272,-0.29889543134447516,0.28433681250665643,0.04089318770363052,12.706204736432095,0.024958274544191455,0.024141092669026167,0.11400269365458805,0.10752228542242968,-0.2664030949639941,0.13423656802672196,-0.006570270501754199,0.13433311575578563,0.0002511790530283958,0.19388446592450692,-0.0005669787576368733,0.2861672411958622,0.0006721339582713982,0.44016388314903004,4.2107083222867305e-06,0.6614289311079893,-0.0007054770590492355,1.364505794256775,-0.0010382176920454135,-0.0003045106933392469,0.03920291385936312,0.05381584220158802,0.25
1.375,276622398,0.015359181370455536,0.1,0.06456304823900261,0.052967049794426985,0.05572950960416276,0.04660011907625,0.00025134137974493426,0.0019202297181757449,0.05148746790138769,0.19388446592450692,0.054065939309103236,0.08231146441963005,0.04388370443626064,2.7764451051977987,0.060408801404789304,-0.20697320641522032,0.12847023552716602,0.029685893556111766,12.706204736432095,0.03701475598909287,-0.04762105011383796,0.07816055184588744,0.07605922463600329,-0.17163613917128534,0.07749210525734496,-0.005596178002297819,0.13433311575578563,-0.0020370090819675415,0.19388446592450692,0.001263573513631892,0.2861672411958622,-0.0009196547985630225,0.44016388314903004,0.0004819303733238558,0.6614289311079893,-0.000495412303708798,1.364505794256775,-0.0013836778226086277,-0.00021945897653151446,0.03322836423894532,0.0504662420242806,0.25
1.375,815576865,2.1217276317103337e-05,0.1,0.06338664371501578,0.0456382939021043,0.038350769703944736,0.03243311873139717,-0.00047295999072662987,0.001524867181371536,0.043200565384077,0.13433311575578563,0.04767218239597448,0.08231146441963005,0.03910593704226425,2.7764451051977987,0.06613426967171811,-0.20201595883825146,0.16522037979349447,0.023524554128890478,12.706204736432095,0.030890069085419556,-0.059329657280257055,0.05553128187968256,0.057050895602965425,-0.06132850993837186,0.1737974245535598,-0.007404278591786547,0.13433311575578563,0.0007636591085274351,0.19388446592450692,0.00036683519347542083,0.2861672411958622,-0.00042768462130934746,0.44016388314903004,4.278056167081574e-05,0.6614289311079893,-0.0002796235758871562,1.364505794256775,-0.001934506161555594,-8.999338944671358e-05,0.021149276552896865,0.03298356335074436,0.25
1.375,1310183686,-0.18528204044006638,0.1,0.08086725131210229,0.11096689311430848,0.15298453878530588,0.14999798260944003,0.009571328336968069,0.0129280664499338,0.1559270857079969,0.32612014812863077,0.13025419429670512,0.08231146441963005,0.11386584564229671,2.7764451051977987,0.15146713158076644,-0.5798043158516704,0.26127603629986945,0.15419481950082042,12.706204736432095,0.10722073667507936,-0.3994654918105285,-0.0200896506882961,0.1150590477815593,-0.3877075161376946,0.035472289328204995,-0.008687709902281847,0.13433311575578563,-0.0006840969496540438,0.19388446592450692,-0.0006535332109113215,0.2861672411958622,0.00032627245165461427,0.44016388314903004,-9.215649113299062e-05,0.6614289311079893,-4.559942180062814e-05,1.364505794256775,0.00034530561487984275,-0.0007269630833540719,0.060213489097399604,0.09585643594600049,0.25
1.375,1048196625,-0.04185467675338987,0.1,0.06386950315972051,0.06988316453824589,0.07195085597528068,0.052788599289666116,0.00011923211560790556,0.002667404099357032,0.06347501967139511,0.13433311575578563,0.07728529735833091,0.08231146441963005,0.051721498042494825,2.7764451051977987,0.13058464935514416,-0.24393561824896645,0.4811866027831553,0.04364113857258788,12.706204736432095,0.042388701826295505,-0.12820175265909564,0.03289103738393037,0.17214391847317917,-0.11091235603279893,0.5084353886385414,-0.006030981501805712,0.13433311575578563,-0.002111975108751686,0.19388446592450692,0.000979725240453022,0.2861672411958622,-0.0005633190892314485,0.44016388314903004,-0.0004970704349418618,0.6614289311079893,0.00035770171694634293,1.364505794256775,0.00035505226366631536,-0.0006602291535828119,0.05738317870795524,0.08477443188443243,0.25
1.375,2122232156,0.10872172876336289,0.1,0.07204375284356282,0.05133407780124377,0.049761398693749986,0.048450559794879805,-0.00018000078864913388,0.002527457533086357,0.04959566220469571,0.13433311575578563,0.05311979436044024,0.08231146441963005,0.050346423146479934,2.7764451051977987,0.1280244994818792,-0.4426586610060541,0.2682473288576691,0.045215907072602396,12.706204736432095,0.046544725423970985,0.03422510869127714,0.1881175057061156,0.1270573672588236,-0.275972414791005,0.15696618871987825,-0.0088860984399797,0.13433311575578563,0.00042196266693657114,0.19388446592450692,-0.0007067482824547054,0.2861672411958622,-1.374404792375033e-05,0.44016388314903004,0.0002515642644341026,0.6614289311079893,-0.0003654159133047712,1.364505794256775,-0.0018530787231398611,-0.00020579975671460122,0.03201689857665438,0.054356905330910275,0.25
1.375,876115461,-0.04126198561234753,0.1,0.06984720995063935,0.03698303968438211,0.04735175718378635,0.04390032551873735,0.0010610429887947764,0.0008661955918563251,0.04546415623849464,0.32612014812863077,0.037576054149996777,0.08231146441963005,0.029473700943792543,2.7764451051977987,0.1947163951104458,-0.7562833469260963,0.32495541728621946,0.04709173408883939,12.706204736432095,0.0264290682105488,-0.08912427154117548,0.0067226545180087555,0.150408295575685,-0.6532120396998626,-0.0012736184390756931,-0.006454987446903397,0.13433311575578563,-0.0010541014384111826,0.19388446592450692,-0.0008600035948772051,0.2861672411958622,-0.0005355904934006735,0.44016388314903004,0.00010356723417396336,0.6614289311079893,2.7275179739107115e-05,1.364505794256775,-0.0009821736800962135,-0.0004158539755344051,0.045430611729458,0.07840472087678428,0.25
1.375,1946249991,-0.26949708188167454,0.1,0.07018220347340917,0.03692754971205692,0.037851676323316354,0.06305089830284848,0.0007447304257535024,0.003230685351042639,0.06431440866508373,0.32612014812863077,0.03516801112617363,0.08231146441963005,0.05692119633266335,2.7764451051977987,0.24083015485545672,-0.687023633420593,0.6502797758443284,0.0644533748049833,12.706204736432095,0.05104567532782226,-0.3708274136662055,-0.16816675009714366,0.06847865127989614,-0.34484333341505535,-0.06432632790454498,-0.006496823489146674,0.13433311575578563,-0.002253450590870133,0.19388446592450692,0.0009956606855715093,0.2861672411958622,0.00022587630679266524,0.44016388314903004,-0.0007928069860741932,0.6614289311079893,0.00015749867723929663,1.364505794256775,-0.0005303017978698224,-0.00047067550394549535,0.04882055998224745,0.06833794595826717,0.25
1.375,1261039713,-0.027801834352999363,0.1,0.07324024367212742,0.0890583997885482,0.10527697607462348,0.07703133173057328,0.0026938236432354195,0.0032400024249502066,0.0770473308236721,0.2431366342882323,0.09254421856250634,0.08231146441963005,0.05700321564445682,2.7764451051977987,0.12565107693017116,-0.5446681266787381,0.15305850833247345,0.0672536720581077,12.706204736432095,0.04990831492965035,-0.11603646530221152,0.06289237949706883,0.13964293179985615,-0.3831360547547365,0.05360778997188342,-0.004953892488845822,0.13433311575578563,-0.0013510691125556836,0.19388446592450692,-0.0005479067907874234,0.2861672411958622,-0.00013090000100216077,0.44016388314903004,5.164684807474767e-05,0.6614289311079893,-0.0003845426140380847,1.364505794256775,-1.1934153472415763e-05,-0.0006061288632181852,0.055152483510970886,0.06475530675624742,0.25
1.375,1324425245,0.2531990061688828,0.1,0.07592504981179304,0.05776303514086926,0.07050025257043098,0.051104491996994274,0.0018259443726766958,0.0007857247295941562,0.05583799229007403,0.32612014812863077,0.058786896482555674,0.08231146441963005,0.028071259507110227,2.7764451051977987,0.10934099043070307,-0.09441601157243598,0.5127425037851738,0.06228915097050665,12.706204736432095,0.02588587728214313,0.2047174406678281,0.3016805716699375,0.17389486019181058,-0.1914731640132375,0.38307075581333394,-0.0044445925414741735,0.13433311575578563,-0.001272980677820911,0.19388446592450692,-0.0009469200056865156,0.2861672411958622,0.0010643432185220292,0.44016388314903004,-0.00041710262660040663,0.6614289311079893,-0.000728583301239771,1.364505794256775,-0.0005351977495734749,-0.0005112227979715558,0.050767910465876545,0.06531652622713957,0.25
1.375,467427858,0.12180723212829372,0.1,0.06783572886075347,0.03594304012485448,0.03618234963471734,0.02015182523022639,4.085673063202572e-05,0.0003652393294775632,0.02646070781194662,0.13433311575578563,0.03878444808839841,0.08231146441963005,0.01913883315346192,2.7764451051977987,0.04224104567676573,0.06888247745579165,0.3034423664711774,0.025010059954537305,12.706204736432095,0.01696365324050966,0.09420012769368574,0.15232463207696076,0.09596426159576356,-0.12910837572689368,0.3238405122907788,-0.006365627123800382,0.13433311575578563,-0.0017220996472504168,0.19388446592450692,0.0006926630615574261,0.2861672411958622,-0.001154399133943215,0.44016388314903004,0.000402333768349559,0.6614289311079893,-7.606646306315211e-05,1.364505794256775,-0.0007722512918439452,-0.00039280906761328513,0.04436428779346335,0.060604135506634675,0.25
1.375,114670813,-0.05494705895467442,0.1,0.077707281019946,0.06034847843988454,0.06078123448689736,0.07507757615163235,2.8156206543686335e-05,0.005608486234260468,0.07738147115542648,0.13433311575578563,0.06017827920317383,0.08231146441963005,0.07499797151955075,2.7764451051977987,0.22940620904928924,-0.841571090406711,0.4322964020270531,0.0752857218660465,12.706204736432095,0.06865559973261508,-0.1690200051523564,0.05790283715631762,0.1178299759122001,-0.32586174076628494,0.2219345379423373,-0.003031907024784949,0.13433311575578563,-0.0022561878366764423,0.19388446592450692,0.0014773803013769405,0.2861672411958622,-0.0013927081145605987,0.44016388314903004,-0.0007409999555556475,0.6614289311079893,0.00019352581394688445,1.364505794256775,0.00035498781620685733,-0.0007826760714740896,0.062242894256682245,0.09429508109696405,0.25
1.375,62602200,0.1410538351997323,0.1,0.0733052093890157,0.09119091923416639,0.07776235670891347,0.04776224072885283,-0.0020192227280733136,0.004300454367514202,0.07674923445454263,0.13433311575578563,0.0967274416172328,0.08231146441963005,0.0656725469764943,2.7764451051977987,0.07620565883617304,-0.0017647242332882451,0.4213969326948438,1e-150,12.706204736432095,0.05816367001425782,0.03946210930658073,0.23603786819669323,0.08231012639121886,-0.006656534804444059,0.2837049541501211,-0.006195497458106385,0.13433311575578563,-0.0030519629340821763,0.19388446592450692,0.0016003309214710783,0.2861672411958622,-0.0003992720349572723,0.44016388314903004,0.00033049995843508585,0.6614289311079893,-0.0006037707380175326,1.364505794256775,-0.0017429325721067563,-0.00015645417464094034,0.027942988011307717,0.04424562897039684,0.25
1.375,1566627011,0.1360339367286193,0.1,0.06773799054855771,0.047087865207875675,0.07654572867990228,0.07501698500833935,0.0035112567950853933,0.0021162912446560174,0.07661129106595975,0.32612014812863077,0.057725405578621825,0.08231146441963005,0.04606959619249982,2.7764451051977987,0.1329543192935948,-0.38091840066871685,0.35736233736649625,0.07643431398773066,12.706204736432095,0.040777049878772106,0.06347377903272063,0.20689727367412752,0.08394031778711884,-0.11046980601730683,0.28692249637002454,-0.006776453844400477,0.13433311575578563,0.0008523200238065196,0.19388446592450692,-0.001512222840540817,0.2861672411958622,0.00038019648163079424,0.44016388314903004,5.399415245488694e-05,0.6614289311079893,-0.00026384517081355787,1.364505794256775,0.0006879132541896158,-0.0007106001438325423,0.05979467279112778,0.09380492177039136,0.25
1.375,1258594465,0.20695875685790344,0.1,0.060294616930158834,0.04440731216970441,0.04584324601521131,0.04193863159715477,0.000350847846972513,0.001408000973269355,0.04710595183928145,0.19388446592450692,0.0472405429008112,0.08231146441963005,0.037577524402814526,2.7764451051977987,0.08544648678998723,-0.04764167832152394,0.4268332816872929,0.03343939951081716,12.706204736432095,0.03473840004238139,0.14649027859219566,0.2776322196421001,0.06317391706504712,0.054803043831280776,0.2877835509004119,-0.004638427073675657,0.13433311575578563,-0.00038751698824966485,0.19388446592450692,0.00016589310864114105,0.2861672411958622,-0.0005453253271659476,0.44016388314903004,-0.000846377276502941,0.6614289311079893,0.00033449423416377183,1.364505794256775,-0.00048074555336678266,-0.0005094594624918369,0.0506015338450437,0.07504067547729962,0.25
1.375,1782384794,-0.037759840345027516,0.1,0.07523294779482455,0.046979198452938235,0.05517015341625894,0.06158946750472694,0.0006388598187184427,0.003154402688797373,0.06241526962301834,0.13433311575578563,0.056159535144425676,0.08231146441963005,0.05624517276686279,2.7764451051977987,0.2025362973788437,-0.8186302911989709,0.3060315317657818,0.06530630775104611,12.706204736432095,0.0534630942958355,-0.12934778973775543,0.05382810904770039,0.1358685730045016,-0.4540955711116992,0.03276103985147105,-0.007542935603325904,0.13433311575578563,0.0005154497470425898,0.19388446592450692,-0.0008669414497999177,0.2861672411958622,-0.0009062323876551564,0.44016388314903004,0.0008371180775545036,0.6614289311079893,-0.0005408281913720427,1.364505794256775,0.0015911425534995553,-0.0010500832452848578,0.072649925088693,0.10281292730350777,0.25
1.375,900406478,-0.175303210030268,0.1,0.06945235121571382,0.09145962907164806,0.10213683300980296,0.07771971705142978,0.0016646967968669355,0.00437565762168737,0.07898860434697724,0.32612014812863077,0.09506801623415888,0.08231146441963005,0.06624427545832623,2.7764451051977987,0.12629990449247858,-0.27433083736679614,0.42699866586338714,0.08425195898710898,12.706204736432095,0.060422173853373826,-0.28057150170015704,-0.09103042021057704,0.19638912787024332,-0.264603775564099,0.3909315539024412,-0.0044570193477663006,0.13433311575578563,-0.0008879911081506358,0.19388446592450692,-0.001862839668491243,0.2861672411958622,0.00031765984097038695,0.44016388314903004,5.133501455718548e-05,0.6614289311079893,-0.0003270484419082891,1.364505794256775,-0.0013558595633142382,-0.0002537967813580392,0.03552787098881382,0.0596738099347672,0.25
1.375,1951131317,-0.04761287735991048,0.1,0.051143400060532904,0.02404261849989903,0.021829046557752852,0.003989895150287111,-0.00010877948672909316,0.00012469875003937776,0.0065156217261365165,0.13433311575578563,0.021915003198158582,0.08231146441963005,0.011182984890048464,2.7764451051977987,0.020838716621818916,-0.12354993441921777,-0.007834828892711483,1e-150,12.706204736432095,0.009334037997085657,-0.06617781232938638,-0.029047942390434577,0.047315465670905894,-0.2118777505492059,-0.0050446654239463835,-0.004769172762422913,0.13433311575578563,-0.0001148356148938049,0.19388446592450692,-0.0009082921081433909,0.2861672411958622,-0.00020495977197940456,0.44016388314903004,-9.80841447849183e-07,0.6614289311079893,-2.711383795385895e-05,1.364505794256775,-0.0018008442745882495,-4.0905211256158226e-05,0.014315323957971726,0.01906218738443997,0.25
1.375,874738441,-0.4794589812828922,0.1,0.07275702224105796,0.08151565875713135,0.08357496521094603,0.07006442152150534,5.518537070936351e-05,0.004853837792433817,0.07115072525367812,0.13433311575578563,0.08444252629265502,0.08231146441963005,0.06977009549484596,2.7764451051977987,0.09240349343220912,-0.5396503661235087,-0.026543912037440776,0.07319295194658543,12.706204736432095,0.06459018510850804,-0.5899352770839047,-0.36898268548187974,0.19442609556777743,-0.5514140652340641,0.07005993569667794,-0.008038319792236863,0.13433311575578563,-0.0023546686084198135,0.19388446592450692,0.00028766292622940085,0.2861672411958622,0.0004546129581067456,0.44016388314903004,-0.0005075039947609024,0.6614289311079893,0.0002334195487848901,1.364505794256775,0.00038925655785964947,-0.0007000540743335965,0.059185008482891176,0.08829624314316203,0.25
1.375,685208547,-0.23642109847989867,0.1,0.0593022835607575,0.04872375974730237,0.03734566367331645,0.04984899335438709,-0.00101426037770104,0.0034991825161467685,0.05328106404952583,0.13433311575578563,0.047158790553125315,0.08231146441963005,0.05923930924996583,2.7764451051977987,0.037234119251313993,-0.37205951899472056,-0.1653025427113968,0.04641457888121105,12.706204736432095,0.05561858792651496,-0.32012384435476127,-0.15271835260503608,0.04956509327840876,-0.3253841744313988,-0.1370965684772531,-0.005180027588666979,0.13433311575578563,-0.000819640808422056,0.19388446592450692,-0.0013862715038649642,0.2861672411958622,0.0006947569619904249,0.44016388314903004,-0.00035980368836097907,0.6614289311079893,1.549248781162752e-05,1.364505794256775,-0.0003177282224806972,-0.0004222027114161292,0.04576571910727905,0.08045544967009734,0.25
1.375,1960015152,-0.3961782803126883,0.1,0.06839283958261365,0.07525423544698613,0.08484434055348487,0.09686962320832669,0.0018366881684424097,0.007547035732080776,0.09861501772032709,0.32612014812863077,0.07735244662022268,0.08231146441963005,0.08699912628343462,2.7764451051977987,0.10291020078841932,-0.5889478045493017,-0.01749875804144274,0.09709335386061767,12.706204736432095,0.07692707831019015,-0.5262564810046152,-0.26574845809001796,0.09048058059941409,-0.5253601892230482,-0.20712286158541413,-0.008096747172104398,0.13433311575578563,0.002524482903877372,0.19388446592450692,-0.000570808485133245,0.2861672411958622,-0.0004751138551363386,0.44016388314903004,0.0002118889215007624,0.6614289311079893,-0.00043410023058120586,1.364505794256775,-0.0021358418393889692,-9.330616628727379e-05,0.021615040805523608,0.02800768591458958,0.25
1.375,1967642642,0.015282253683049104,0.1,0.0721645520646579,0.028731063597601705,0.04749608660012111,0.04458033313252661,0.0012102658801794015,0.0007771402220276485,0.04636502586006663,0.32612014812863077,0.03576516476198526,0.08231146441963005,0.027917490790425787,2.7764451051977987,0.09785916115561578,-0.30094677548627985,0.2424544024922642,0.047207245265724875,12.706204736432095,0.026979244647410628,-0.03694125776719486,0.05354631862195986,0.08053650727266524,-0.11928200052511664,0.2520941145741863,-0.006276762515859844,0.13433311575578563,-0.0003856575544079922,0.19388446592450692,0.0006352756398636026,0.2861672411958622,-0.0003226453197511854,0.44016388314903004,-0.0005524153710001191,0.6614289311079893,-9.509112979349006e-05,1.364505794256775,-0.0019833866447193827,-0.0001695860308902327,0.029016744922588888,0.047679221256600283,0.25
1.375,956792618,-0.24358839981216127,0.1,0.06324925464415773,0.05582027933834452,0.05828038348496379,0.06823401356659707,-0.0003145949121495283,0.004970475519556081,0.07227647725216298,0.13433311575578563,0.06815923912634776,0.08231146441963005,0.07060340682813943,2.7764451051977987,0.048995642487997,-0.48509100570269625,-0.21302358217905507,0.06448837610872198,12.706204736432095,0.05970746168457927,-0.339967377638999,-0.14263926477606484,0.09047732999902729,-0.46933254971060145,-0.17899700912239094,-0.005555028122741513,0.13433311575578563,-0.0033432680468212647,0.19388446592450692,0.001125173645596758,0.2861672411958622,-0.0003904545508200287,0.44016388314903004,-0.00039061424137468886,0.6614289311079893,0.0002942456665747111,1.364505794256775,0.0012648611405533866,-0.0008584124197671216,0.06550144033141779,0.08644993039386417,0.25
1.375,2063953952,-0.07999351405810623,0.1,0.06487899762836284,0.023391758780896145,0.029970254134998323,0.02741418702469685,0.0004330517672923174,0.0003184858829327396,0.027764308618784542,0.2861672411958622,0.028435075188853205,0.08231146441963005,0.017871943441136476,2.7764451051977987,0.09308756440964619,-0.35880633599125783,0.15809868912863617,0.022928574291446232,12.706204736432095,0.015639832677033182,-0.1067445421838509,-0.05258300645252364,0.07247925966128335,-0.24604005977213853,0.018609870460529778,-0.004957414335192894,0.13433311575578563,-0.00034830306383775594,0.19388446592450692,0.00032759045859839976,0.2861672411958622,-0.00045965520342647787,0.44016388314903004,-0.0006612798355164064,0.6614289311079893,0.00036627742066224845,1.364505794256775,-0.0009836058551569997,-0.000272409290751838,0.0370103461749266,0.04860805948249963,0.25
1.375,365560100,0.1801434193571836,0.1,0.06546096345269334,0.07991113505259503,0.08097614633192228,0.028192609222844944,0.0006187226514794862,0.00017610056331255562,0.03575474895150433,0.13433311575578563,0.07669072786131148,0.08231146441963005,0.013289451624435004,2.7764451051977987,0.02430917762669785,0.14129495892111787,0.276281153387176,1e-150,12.706204736432095,0.01176277166348359,0.16012594865686855,0.20016089005749862,0.0821905369679286,0.02724807715664515,0.31189591613032874,-0.006108575308061017,0.13433311575578563,2.7300154853490622e-05,0.19388446592450692,0.0005442718999953629,0.2861672411958622,-0.0008311558615884935,0.44016388314903004,6.282429272141333e-05,0.6614289311079893,2.8590261016090935e-05,1.364505794256775,-0.00044111201360103893,-0.00036993295879480484,0.042960487457330825,0.06830562309154192,0.25
1.375,976872709,-0.17003801299874297,0.1,0.06621579237165139,0.02366368128994528,0.029707468267065364,0.03035067348476036,0.0003082891434427243,0.0006128742375358111,0.030597012951653554,0.2861672411958622,0.027827725042706898,0.08231146441963005,0.02479204611082069,2.7764451051977987,0.06722043389703278,-0.3449418799838015,0.02832580934157619,0.029787155075206566,12.706204736432095,0.022531395884913038,-0.2097941517181522,-0.13117651874187766,0.08472493272368266,-0.398636637950089,-0.049853519985198394,-0.008188239315388507,0.13433311575578563,0.002192716719294082,0.19388446592450692,-0.0021136479824922557,0.2861672411958622,0.00013040922516173852,0.44016388314903004,-0.00010597383566307499,0.6614289311079893,0.0002212621767676886,1.364505794256775,0.00019551971045585103,-0.0006103917123309151,0.055419564408634145,0.07234438803945999,0.25
1.375,1415394291,0.3219727710942495,0.1,0.0717947019429467,0.10408773463850636,0.10235947970984566,0.06069936575985924,0.0004327016622215924,0.0032517113414275802,0.06359416464284331,0.32612014812863077,0.10459133262208968,0.08231146441963005,0.057106123586572445,2.7764451051977987,0.11358814127674821,-0.1615299466232436,0.4692125310894436,0.07030607331618026,12.706204736432095,0.053852474879698416,0.2343955470676804,0.41106583348818937,0.16781309620737012,-0.14994590885798886,0.43614790099920403,-0.008367431075871033,0.13433311575578563,-0.00026938778683350054,0.19388446592450692,0.0006269542117188617,0.2861672411958622,-0.0003833882682544521,0.44016388314903004,-0.00020814425919501742,0.6614289311079893,-5.3901802936643624e-05,1.364505794256775,-0.0015635309381698775,-0.0002631684991086383,0.03636712746287223,0.05205763679010058,0.25
1.375,118195527,-0.1627787860565723,0.1,0.06783350301232094,0.07846564576293914,0.0929597380228414,0.09547590107028396,0.0018097174156940137,0.007305930269488636,0.09927985649409982,0.32612014812863077,0.08584804441761684,0.08231146441963005,0.08559816396916337,2.7764451051977987,0.21539662829548945,-0.5332782340680484,0.6627955945461943,0.10593324963341805,12.706204736432095,0.07747894533431697,-0.2958793796740403,-0.024186197633888712,0.13985287460480902,-0.27234359829118643,0.23256173769018218,-0.00737901931656776,0.13433311575578563,0.0006676487228259573,0.19388446592450692,-0.0012498074660291696,0.2861672411958622,-0.0009690233731922373,0.44016388314903004,0.000508932066418643,0.6614289311079893,6.607320778331673e-05,1.364505794256775,-0.0012349918853386392,-0.00029889373441672367,0.038540903237242095,0.05573701476647303,0.25
1.375,1628922179,0.08715904274482479,0.1,0.06218027153589918,0.04847992620042929,0.060435892466042015,0.06164838089363393,0.0018918934072116658,0.001908629459594903,0.06247579671046666,0.2861672411958622,0.05226629925911692,0.08231146441963005,0.043750951186338094,2.7764451051977987,0.06449505142743059,-0.05844511791874135,0.29968882177159856,0.05589048863084747,12.706204736432095,0.037557171908674684,0.02783317857877054,0.1578736130328796,0.0578432370504206,-0.03184868504396286,0.20138997590549773,-0.006677168027163351,0.13433311575578563,0.0016413790411344315,0.19388446592450692,-0.00032988449297724265,0.2861672411958622,0.00014723883254244907,0.44016388314903004,-0.00023511582586061662,0.6614289311079893,-0.00031019751092189774,1.364505794256775,0.0011425477390299434,-0.0008014647438596183,0.06310706722923275,0.09337520372083168,0.25
1.375,800078288,-0.07028039422085355,0.1,0.05662127119074242,0.03968972523004254,0.05720198913421162,0.049072609798335824,0.001774930802562228,0.0006331902298574973,0.04899686575620478,0.2431366342882323,0.04844414236743796,0.08231146441963005,0.025199608318852096,2.7764451051977987,0.11060849776285801,-0.24827731023161428,0.3659195341823233,0.04038070017210411,12.706204736432095,0.022225346093256222,-0.10417012555481867,-0.0262216679514157,0.06480237000462295,-0.20428250990887262,0.01075115654345799,-0.0056852113591895305,0.13433311575578563,-0.0029825121790397527,0.19388446592450692,0.0014664171384807796,0.2861672411958622,-0.0005982436968664052,0.44016388314903004,3.475547272937188e-05,0.6614289311079893,-6.370889953405746e-05,1.364505794256775,-0.0015846378215506587,-0.00012604322607095533,0.02505352468664364,0.03452140842583164,0.25
1.375,1256615377,0.12034644631196212,0.1,0.06252946312193532,0.08019742901565916,0.09379306026508723,0.12026726476629727,0.0019410909318518695,0.012523124042514782,0.12073532182040272,0.19388446592450692,0.09174874942069114,0.08231146441963005,0.11206836325492424,2.7764451051977987,0.10904360500048517,-0.26059068927370993,0.3449164774397286,0.12267543207648736,12.706204736432095,0.10647501253658334,-0.06238915073710649,0.28128889601858664,0.0827792025673297,-0.05452943236511647,0.26551337418958787,-0.00498417082467233,0.13433311575578563,-0.0007844787153212205,0.19388446592450692,-0.00027106867122650923,0.2861672411958622,-2.7554740661036653e-05,0.44016388314903004,-2.2290355607744086e-05,0.6614289311079893,-0.00017652241080399445,1.364505794256775,0.0017027747467485092,-0.0008829251054899858,0.0661241697111259,0.09741300920179112,0.25
1.375,727208320,0.10138551631884464,0.1,0.07448756945435119,0.0611440242726307,0.06592991291065387,0.08170772557965908,0.0004984453319017215,0.006177707087499153,0.08235088717387634,0.32612014812863077,0.058858402822257926,0.08231146441963005,0.07871189066628186,2.7764451051977987,0.19939533436150303,-0.24682581273597293,0.8603945874385742,0.08160093721216925,12.706204736432095,0.07182504132552293,-0.04536766548164277,0.23316685290095246,0.0635265234411449,-0.026911771242725115,0.224528328072101,-0.007349478943950501,0.13433311575578563,0.0011622236902138834,0.19388446592450692,-0.0010835135594742644,0.2861672411958622,-0.0007784436724759388,0.44016388314903004,-2.2559701196462305e-05,0.6614289311079893,0.0001596160227230982,1.364505794256775,-0.0002587653151999937,-0.0005902453930033951,0.054591257222976336,0.0808813723868151,0.25
1.375,102625351,-0.05010572497241225,0.1,0.05921877180591519,0.02501283438328579,0.034735849266881995,0.03468645444037704,0.0006455950705831941,0.0005575550510611577,0.03502281587844754,0.2861672411958622,0.028734869035223654,0.08231146441963005,0.02364670128885996,2.7764451051977987,0.10400275565337623,-0.2426070541616564,0.3349088295601419,0.03440663684891175,12.706204736432095,0.02067931907303374,-0.09249574256270637,-0.01517238186509362,0.055769608011590276,-0.16401721405427677,0.0948778911355982,-0.00566137973905521,0.13433311575578563,0.0010340774413885151,0.19388446592450692,-0.0011057838112264627,0.2861672411958622,0.0007218406574545957,0.44016388314903004,-0.0008958012778784467,0.6614289311079893,0.0002714638829999946,1.364505794256775,-0.0011458957730121036,-0.00019742188942664077,0.03135205655941641,0.04387832795693255,0.25
1.375,1173374025,0.0936626119725951,0.1,0.07468718780001023,0.0935095003853243,0.11927769566889823,0.1621052058585723,0.005319746954664178,0.020958350811785927,0.16317709588112633,0.32612014812863077,0.10620562729340349,0.08231146441963005,0.14497904703793613,2.7764451051977987,0.15418857523858973,-0.5306649778298111,0.32552725216739875,0.16309721298821953,12.706204736432095,0.13347288372467098,-0.1355374403604485,0.3228626643056387,0.09857460012343665,-0.11712794506643746,0.2180144797592275,-0.008547511984552308,0.13433311575578563,0.0033987479788801364,0.19388446592450692,-0.0015982796856333307,0.2861672411958622,0.0006271770063741556,0.44016388314903004,-0.0002508736920993468,0.6614289311079893,-0.00025458783098961205,1.364505794256775,-0.0013301170590185214,-0.00020856007931924442,0.03222552359855896,0.04611850584529634,0.25
1.375,1457416203,0.19384205649772265,0.1,0.07083856664636223,0.10429609778374135,0.13689235342645972,0.10450710664781211,0.006600158001128488,0.004321577338768688,0.10877319303051813,0.19388446592450692,0.1240293167532659,0.08231146441963005,0.06583363461547756,2.7764451051977987,0.09673776003861288,-0.03903255162295077,0.49814160907106114,0.07123169355652854,12.706204736432095,0.055752823736207616,0.08929034999132296,0.2988790033251055,0.13860504571764176,0.023995689796162494,0.5204049921458002,-0.007198662048626775,0.13433311575578563,-0.0007018654904571389,0.19388446592450692,0.001135124017406819,0.2861672411958622,-0.0007408587385660507,0.44016388314903004,-0.00021157757086596657,0.6614289311079893,0.0001995689470767987,1.364505794256775,0.0009452311468033111,-0.0007703871481917704,0.06210199546385618,0.07314106309019178,0.25
1.375,2073493269,-0.09922980240893921,0.1,0.0654361485372143,0.06259451084789201,0.06773673388766613,0.05932354919692062,0.0013151796060087788,0.002204103883310682,0.060380066152746305,0.19388446592450692,0.059816462564452964,0.08231146441963005,0.047015679573393344,2.7764451051977987,0.08817679659614158,-0.21168146682666983,0.2779546037760886,0.06107010399986617,12.706204736432095,0.043235593879340936,-0.17807510212502536,-0.014038284082297209,0.14633649725489853,-0.17557525450028236,0.3390697352903402,-0.004963009051766383,0.13433311575578563,-0.0004927450850554642,0.19388446592450692,-0.00025834941193268236,0.2861672411958622,-0.000273717120698801,0.44016388314903004,0.0003009120854831659,0.6614289311079893,-0.0005743682536765159,1.364505794256775,-0.0013665160945096004,-0.00019941115970428295,0.03143570508847217,0.05105791640423687,0.25
1.375,1507851868,-0.018002424481105152,0.1,0.07478509996086559,0.07899161200707976,0.0995228534722121,0.11165206303048508,0.004104606957093004,0.008361576221870408,0.11320627327578922,0.32612014812863077,0.08335567900432511,0.08231146441963005,0.0915737005211427,2.7764451051977987,0.1820901481858584,-0.6539584521399445,0.3571681491307922,0.12105551384242218,12.706204736432095,0.08587763698630874,-0.17686182380819823,0.14085697484598786,0.0817775949018227,-0.19774686287663806,0.11406370882244764,-0.005278407186506791,0.13433311575578563,1.979838955256479e-05,0.19388446592450692,-0.00020812912204163161,0.2861672411958622,-0.0007616450548670084,0.44016388314903004,0.00016407046180920396,0.6614289311079893,-0.0001223080154831463,1.364505794256775,0.0012347312986201626,-0.0008242963986669368,0.0639002090862781,0.08854805264223432,0.25
1.375,1930991489,-0.20419905240367958,0.1,0.07177157009115621,0.11952533213720182,0.08743899960912943,0.11624657077065714,-0.006326091744094455,0.019839356960031855,0.13793824917734737,0.13433311575578563,0.12156867741096124,0.08231146441963005,0.14105564909636645,2.7764451051977987,0.13208996784681748,-0.7352176040571575,-0.0017365147090955269,0.10954363970789258,12.706204736432095,0.13009054835170245,-0.4179095101822584,0.010868027618213398,0.1252940381707099,-0.5219114621154078,-0.06239576958401088,-0.005211991365306272,0.13433311575578563,-0.0015366033856503449,0.19388446592450692,0.0011735413111570664,0.2861672411958622,-0.00037940804278316316,0.44016388314903004,-0.0005330118023816736,0.6614289311079893,9.828551905028277e-05,1.364505794256775,-0.0009390954845682949,-0.00029142410670855457,0.03825730535016264,0.04296269736409967,0.25
1.375,82235014,0.3398628243643166,0.1,0.06127636115700234,0.028221725124189967,0.037906087532493166,0.04613889138656004,0.0008205062070775183,0.001308291091303266,0.048996645574146305,0.32612014812863077,0.030187994197603294,0.08231146441963005,0.03622253827975642,2.7764451051977987,0.3133739060197704,-0.8124192218262596,0.9277116731043533,0.05075315102460395,12.706204736432095,0.03419629248671996,0.2798143208691599,0.39991132785947325,0.060581224140779315,0.17796338093002229,0.41860290445139253,-0.004304168301850124,0.13433311575578563,-0.001242380544290249,0.19388446592450692,-1.6824173263800687e-05,0.2861672411958622,-0.0011470838690679614,0.44016388314903004,0.0002132039211466852,0.6614289311079893,2.6507142289133278e-05,1.364505794256775,-0.0016333936232173314,-0.00014169311305193348,0.026523102969660484,0.040204337530347065,0.25
1.375,22182036,-0.16186571369488867,0.1,0.07166797311146472,0.05237397370504532,0.061075398755071106,0.06573366092324844,0.0006383755597116395,0.003682538618660959,0.06762277991740237,0.19388446592450692,0.05848724973135263,0.08231146441963005,0.06077155415043621,2.7764451051977987,0.16153979222056772,-0.7859723449883874,0.11104038582254194,0.06363798741871858,12.706204736432095,0.05363876386896574,-0.2527663452624383,-0.06851169361319548,0.1190666226215006,-0.5466410568656939,-0.0915708987420353,-0.004897793522140577,0.13433311575578563,0.0010881650725363178,0.19388446592450692,0.00014594594615810293,0.2861672411958622,0.0006275390668495876,0.44016388314903004,-0.000717061616022448,0.6614289311079893,-0.0008007323404111677,1.364505794256775,-0.0007655408657786712,-0.0004355113080583448,0.04643271884770753,0.0818968215065754,0.25
1.375,2053694638,0.22611380968926553,0.1,0.07911334527059359,0.0698053356962758,0.1025177020451319,0.09088476127597389,0.0050111920486039,0.003248847783586864,0.09783134586544157,0.32612014812863077,0.07684451572962014,0.08231146441963005,0.05708097333670337,2.7764451051977987,0.13051120970026509,-0.20556880628542235,0.5191456124060665,0.10197709064739727,12.706204736432095,0.05170302632923707,0.13709727180403042,0.31043671891561386,0.1048757000188555,0.046725109051430784,0.42309881033809793,-0.00724780256322493,0.13433311575578563,1.9828184362213756e-05,0.19388446592450692,-0.000787777938507565,0.2861672411958622,-0.00040335437572181583,0.44016388314903004,0.00030025795560692867,0.6614289311079893,-0.00015336207214342455,1.364505794256775,-0.0007112687610210295,-0.0004220804553153367,0.04622388573582495,0.07702850530896989,0.25
1.375,249346438,-0.09349783661921202,0.1,0.0524460959320207,0.032211491619539796,0.042549435105846835,0.05038219537761415,0.0007594699860268841,0.001778895625041201,0.05047304353819887,0.2861672411958622,0.03787790578804429,0.08231146441963005,0.04223786147376048,2.7764451051977987,0.08561472656502285,-0.39977035848961107,0.0756388185190002,0.04877371086180158,12.706204736432095,0.03450450710879203,-0.15617764998111344,-0.030881453653464883,0.044019503820692515,-0.1767362371098728,-0.028525288312990553,-0.006681874745512375,0.13433311575578563,0.00040791269089516483,0.19388446592450692,-0.0003053938981227765,0.2861672411958622,-0.0006031458436299877,0.44016388314903004,0.00038971026878244176,0.6614289311079893,-0.00011196974243218958,1.364505794256775,-0.001453978357836455,-0.00011712716845046857,0.024103828826573442,0.035630270210134124,0.25
1.375,443794378,0.3155285226601175,0.1,0.06326606972865473,0.05800725108866579,0.06032536963683578,0.029002969723723234,-4.4757205105821086e-05,0.0008859294579010276,0.03231042308955844,0.13433311575578563,0.05640671095509913,0.08231146441963005,0.029807548501407276,2.7764451051977987,0.029543059965219692,0.2661882259252611,0.4302375943912596,0.013383909525675908,12.706204736432095,0.0272178208622063,0.26330394674243923,0.36775309857779576,0.06168877037560909,0.16235334929105444,0.395037707456077,-0.005238833369418462,0.13433311575578563,0.0019006968971356803,0.19388446592450692,0.0015520440577309609,0.2861672411958622,-0.001003997444438001,0.44016388314903004,4.687978847253933e-05,0.6614289311079893,-0.0008477008615624795,1.364505794256775,0.0022768935862074427,-0.0011240100707635046,0.07491837027882031,0.08347800853700976,0.25
1.375,679198624,-0.27261604346313373,0.1,0.06601221440966255,0.034395233404275395,0.048522690174728184,0.034807965876898064,0.0006404592543705627,0.0005711352341167375,0.03706636513984091,0.19388446592450692,0.04527007107893675,0.08231146441963005,0.02393294620359404,2.7764451051977987,0.09212621332450145,-0.5394312841433198,-0.027864536052879196,0.026097612447260332,12.706204736432095,0.019141695467315912,-0.3067727661739073,-0.23692552306120693,0.121939687242284,-0.3597287322755129,0.10307467186848468,-0.005003883498019365,0.13433311575578563,-0.0012107270851534587,0.19388446592450692,-0.0007091348705310822,0.2861672411958622,-0.00017833785077638409,0.44016388314903004,0.00014317206319062122,0.6614289311079893,-0.0001370307226750002,1.364505794256775,0.0012194601211647242,-0.0008186481440382287,0.06410421577932003,0.08795248698487847,0.25
1.375,1964871685,-0.3460058717244163,0.1,0.0579740259166753,0.03432161156855796,0.03318091843559913,0.03565257964268398,-3.10760743632418e-05,0.001302182509541166,0.03635233268472324,0.32612014812863077,0.03532538531115868,0.08231146441963005,0.03613787546059862,2.7764451051977987,0.060563958080223,-0.54336244253053,-0.20705743260405038,0.03802192768801838,12.706204736432095,0.029632532811651534,-0.39909053495990593,-0.287520444897458,0.03715634992543426,-0.39445750065253227,-0.24987879098916144,-0.0073403988500144015,0.13433311575578563,0.0001807302385883575,0.19388446592450692,0.0007363190006551277,0.2861672411958622,-0.0004121706629047588,0.44016388314903004,0.00021091272276417582,0.6614289311079893,-0.0007434716479931211,1.364505794256775,0.002491886963943769,-0.0012794974448386781,0.07962381629320617,0.10273656623946249,0.25
1.375,816586826,-0.5197781405377115,0.1,0.06230272705283992,0.08439359769334748,0.0959983049369401,0.08970903753014582,0.001618785162215335,0.006428926252369776,0.09047294813482401,0.19388446592450692,0.09013463545514451,0.08231146441963005,0.08029636955729585,2.7764451051977987,0.29705090866316014,-0.9265163991753947,0.7229746835293839,0.08834119837287735,12.706204736432095,0.07462155874312781,-0.6436970455970193,-0.39928998490739226,0.20698921566001444,-0.59533592749315,0.08413476144500406,-0.0012651239795363788,0.13433311575578563,0.001776069654199907,0.19388446592450692,-0.0013907180234538287,0.2861672411958622,-0.0011819795956979422,0.44016388314903004,-0.0006731033867671401,0.6614289311079893,0.00011339796677624952,1.364505794256775,-0.001814642099659234,-0.00019126659669467695,0.03103595992511082,0.047490694704303914,0.25
1.375,1332803548,-0.01781472427634345,0.1,0.06151194265723386,0.057881656727317723,0.0583875336429795,0.04621010822250727,0.0002100011853006646,0.0019253729166351695,0.0490510082330421,0.13433311575578563,0.05898967581030084,0.08231146441963005,0.043942434823800364,2.7764451051977987,0.07736284975156438,-0.3003186883860365,0.12926872264773082,0.04183322513196931,12.706204736432095,0.037440337999567676,-0.08184081826601848,0.04664593472017415,0.06193346312324908,-0.1424189871636614,0.10080203202196367,-0.006310419590399536,0.13433311575578563,-0.0028866238317954303,0.19388446592450692,0.00015358665763716512,0.2861672411958622,0.0007229195564382044,0.44016388314903004,-0.0004366212394072119,0.6614289311079893,-2.898975780206158e-05,1.364505794256775,-0.0011607519094840037,-0.0002697500325916397,0.036644206977103085,0.062480622004720515,0.25
1.375,1657424895,-0.09272868909867105,0.1,0.06227571789647294,0.07736949364045308,0.06843563204979204,0.09563220543622905,-0.0008681139001177254,0.010013632616714844,0.10156148427120971,0.13433311575578563,0.07468034449332307,0.08231146441963005,0.10021264267269493,2.7764451051977987,0.09103126361423984,-0.45463350068603336,0.05085311187742006,0.08742498257625639,12.706204736432095,0.09029114939986571,-0.23034020469906738,0.062025117795293044,0.11219530147589941,-0.3740426330306662,-0.00794296085048288,-0.0076793469366746485,0.13433311575578563,-0.0015336733272566401,0.19388446592450692,0.0010886847357456674,0.2861672411958622,3.6302083995739555e-05,0.44016388314903004,-5.662022718228747e-05,0.6614289311079893,-0.00032559529556485794,1.364505794256775,0.001842246162254604,-0.001032447694190316,0.07155400581281743,0.12737948691556933,0.25
1.375,133547833,-0.18750673337216334,0.1,0.05850167713626612,0.03135808559961053,0.047760438110136,0.03234442028807775,0.0008309119300926457,0.00021524959367916967,0.03428158892686402,0.32612014812863077,0.03760649556673574,0.08231146441963005,0.01469257303304706,2.7764451051977987,0.044240200452328085,-0.32573910986602084,-0.08007813386834936,0.035842392132624454,12.706204736432095,0.01383013946771628,-0.21047701278608721,-0.16554802063654891,0.06757405066438836,-0.3786117795875332,-0.13250702660287123,-0.005387093813123341,0.13433311575578563,-0.00098612766952202,0.19388446592450692,0.0009585245017343164,0.2861672411958622,-0.00021814342514423404,0.44016388314903004,-3.500892276238974e-05,0.6614289311079893,-0.0002805804923531644,1.364505794256775,-0.0008405498992211247,-0.00024075112935567847,0.034844281777304933,0.05318041379751503,0.25
1.375,1165040663,-0.39927083511806916,0.1,0.07782747516471333,0.051313935339779265,0.05612605164899988,0.054185942074208786,0.0011300079799932195,0.0018061083384762905,0.05829328757284143,0.32612014812863077,0.049188634288810026,0.08231146441963005,0.042559702827586386,2.7764451051977987,0.10642904547050377,-0.8732316930196811,-0.28224288832477273,0.05744829721499842,12.706204736432095,0.04251473117158543,-0.47128249437021275,-0.32725917586592557,0.14061474652994527,-0.7954761717866567,-0.3283060477150294,-0.007080996591675896,0.13433311575578563,-0.0028717882624116594,0.19388446592450692,0.0009211659331970736,0.2861672411958622,0.0002886820656139968,0.44016388314903004,-0.0007667774529671551,0.6614289311079893,2.9477912069530057e-06,1.364505794256775,-0.00202809498299492,-0.00021257666703189428,0.03261527569837476,0.04813197932165807,0.25
1.375,127415433,0.07545801867931423,0.1,0.07000073382699114,0.033419629710274394,0.03681966280080912,0.029814060419990438,7.366035514797106e-05,0.0008152178435788693,0.030673850465341067,0.32612014812863077,0.03296981281662247,0.08231146441963005,0.02859325033139934,2.7764451051977987,0.14841599194051205,-0.2592769832609835,0.5648607254516378,0.03048627800423109,12.706204736432095,0.024966927655765716,0.02653314066869589,0.12624118280396862,0.09718805752725336,-0.08765871983595845,0.3297065431622354,-0.007612379752908208,0.13433311575578563,-7.099949818650545e-05,0.19388446592450692,0.00042796658294745393,0.2861672411958622,-0.00036444554351225774,0.44016388314903004,-6.509277630188898e-05,0.6614289311079893,-5.1351781248600734e-05,1.364505794256775,0.00019429654865439275,-0.0006078446575438913,0.055064288420455264,0.0813684195696199,0.25
1.375,1418483937,-0.335180294762422,0.1,0.04795963611735723,0.029089348561195286,0.02788723375256672,0.011438024215968989,-0.00024803408021479645,0.00037886247817988945,0.021689075676133346,0.13433311575578563,0.03292413783520731,0.08231146441963005,0.01949249743979783,2.7764451051977987,0.13787153080121947,-0.55952658861983,0.20605888505851683,0.004630675217340004,12.706204736432095,0.018220770595549753,-0.36752781423442255,-0.30283277529042146,0.11476105352675905,-0.38676481025767373,0.07579607720046302,-0.005961181488364236,0.13433311575578563,-0.0034219180958803687,0.19388446592450692,0.00030343025324221256,0.2861672411958622,0.0007269661628603889,0.44016388314903004,-0.000410523815689543,0.6614289311079893,-0.00016607586756267335,1.364505794256775,0.0006517552320197513,-0.0007434571366466483,0.06106114026270447,0.08386287161355192,0.25
1.375,2031136130,-0.09334840260883076,0.1,0.05449273201570909,0.04564370211081416,0.046517363270981923,0.05975472741742985,-5.628502849135044e-05,0.003626912477222693,0.06323810420755822,0.13433311575578563,0.04902697490126511,0.08231146441963005,0.060310818956686586,2.7764451051977987,0.18601482097267913,-0.5917581866420499,0.4411616917256297,0.052558848777663564,12.706204736432095,0.0537941156966465,-0.17964606287189316,0.014836457766179284,0.09915239861849026,-0.1871481029135648,0.22440728664366952,-0.005140041255784872,0.13433311575578563,-0.0008185212721309407,0.19388446592450692,-0.00032001938285350774,0.2861672411958622,-0.0001762850549850253,0.44016388314903004,9.859272685093851e-05,0.6614289311079893,-7.045705939089058e-05,1.364505794256775,-0.0008970821857316381,-0.00022157952428415834,0.03321668951251911,0.04385938173895585,0.25
1.375,1749269085,-0.1751305144588808,0.1,0.0649715812932556,0.03335052957333585,0.037021530854196,0.02171038279528985,0.00030271780296236834,0.00016862291815564922,0.02262366425234301,0.32612014812863077,0.03384669718955349,0.08231146441963005,0.013004240371128463,2.7764451051977987,0.06069651650576892,-0.3117623894922956,0.02527870281770339,0.02371996108163207,12.706204736432095,0.011203737290317343,-0.19399870293322607,-0.15659454192653255,0.08078746971276989,-0.4569322547097369,-0.09192293309279417,-0.006010972662142495,0.13433311575578563,-0.0023170077181488714,0.19388446592450692,-0.0005792638369605795,0.2861672411958622,-0.00039663527267828045,0.44016388314903004,0.000560849105919585,0.6614289311079893,-0.00019631565609112638,1.364505794256775,-0.001662453466919825,-0.00014378254208852816,0.026881378934775182,0.0372598291796018,0.25
1.375,126488074,-0.10393565009874386,0.1,0.08361102415601963,0.12739779685825783,0.1455235831663296,0.15835505183198925,0.007050579705970471,0.018025742734741536,0.1642465623308031,0.32612014812863077,0.12294882683268767,0.08231146441963005,0.1344538592123568,2.7764451051977987,0.14284322082957293,-0.2234532152796604,0.5697395072862517,0.17407000504474435,12.706204736432095,0.12346143263548694,-0.3172169604609354,0.06841801305081055,0.13850706374053803,-0.2472244709393892,0.2531829340786994,-0.009129411849917937,0.13433311575578563,-0.0005883038354816036,0.19388446592450692,0.0012839543551718224,0.2861672411958622,-0.00019474371595554598,0.44016388314903004,-0.00016313649499938562,0.6614289311079893,-0.00031422650029316293,1.364505794256775,0.0012865047889401991,-0.000984483228583782,0.06987275707057664,0.10998026228073816,0.25
1.375,597540034,0.17065703493863113,0.1,0.06348138525604115,0.03440683492572221,0.036822233179430654,0.02895327744116441,4.095188312444728e-05,0.0007973403914605926,0.034428368396229564,0.13433311575578563,0.03906420971607163,0.08231146441963005,0.028277992210534213,2.7764451051977987,0.21088236294246976,-0.34658791943947154,0.8244186892888602,0.027037776749894604,12.706204736432095,0.026799707865679017,0.11982076612099418,0.22149330375626808,0.07277548655876855,-0.02405403418252076,0.23358844278878305,-0.006049095911980154,0.13433311575578563,-0.0020512972344979936,0.19388446592450692,0.0010429854180270593,0.2861672411958622,8.971649759040157e-05,0.44016388314903004,-5.4012317054694765e-05,0.6614289311079893,-0.0004194447923096807,1.364505794256775,0.0036065103881744785,-0.0014164769683743016,0.08416150652867915,0.09988291532203768,0.25
1.375,936576948,-0.03830269366235527,0.1,0.0717434214761763,0.0934100108212855,0.125498277026438,0.09805779666683642,0.007074504973773666,0.00254082651338097,0.09893430060643155,0.2861672411958622,0.10548146482635008,0.08231146441963005,0.05047940117127375,2.7764451051977987,0.06322446150934861,-0.18585362290342247,0.1652248704693727,0.08828679362769908,12.706204736432095,0.04623724981606776,-0.11301280082278754,0.04011391750607542,0.10120694075668107,-0.2138376446355038,0.15437758259949463,-0.005863527660194856,0.13433311575578563,-0.0032114612228888147,0.19388446592450692,-0.0004448615977404775,0.2861672411958622,0.0008310061514696794,0.44016388314903004,-0.0004150042919548757,0.6614289311079893,-1.81757695718889e-05,1.364505794256775,-0.0010975524033161486,-0.00029403746028886283,0.038425173206050614,0.05054179824132497,0.25
1.375,1130742935,-0.4247953314998045,0.1,0.06779010600062575,0.037877566641412105,0.05233537542791599,0.04259134189437378,0.0008871403903029892,0.0009268820140604499,0.042787175571496444,0.2861672411958622,0.043913877686631,0.08231146441963005,0.030488700592384534,2.7764451051977987,0.10376688068766196,-0.6958163163567943,-0.11961022042298819,0.03812707590215844,12.706204736432095,0.027013983585247724,-0.47894127703779904,-0.38146623518755995,0.1020326833763043,-0.658191926382766,-0.2515208319499606,-0.0051269520599818335,0.13433311575578563,-0.0006599597506183944,0.19388446592450692,-0.0016259446635696223,0.2861672411958622,-0.0008666587415268823,0.44016388314903004,0.0008773030335553164,0.6614289311079893,-0.0003702431754162804,1.364505794256775,0.0023923385529029196,-0.001181113785288743,0.07743266005992824,0.1253296205542828,0.25
1.375,1733299772,0.16215035711909084,0.1,0.07964117440868562,0.04435366259751398,0.05701742885728606,0.04253457072300471,0.0012489750036270633,0.0005602147029632265,0.04312195189211686,0.19388446592450692,0.05263624260391037,0.08231146441963005,0.023703033995711362,2.7764451051977987,0.04718429626084216,0.030006225165574052,0.29201544195681006,0.03805621093616176,12.706204736432095,0.022205715293376754,0.12074223565726869,0.203558478580913,0.0700900692941826,-0.04111192912814347,0.2522172273717955,-0.008594199929063913,0.13433311575578563,-0.0005008231934479372,0.19388446592450692,0.0009301263236884124,0.2861672411958622,-0.0006323733773338814,0.44016388314903004,-0.00022771427385109266,0.6614289311079893,0.00016834909713677295,1.364505794256775,0.001243641914646719,-0.0009372735492068065,0.06866621672744495,0.10680919907843132,0.25
1.375,2121366290,0.1215960117152752,0.1,0.059541813555996956,0.03750216584304189,0.033522578347512766,0.036411148237682656,-8.364496479686817e-05,0.001409416680783369,0.04027935572240187,0.13433311575578563,0.036901665209330414,0.08231146441963005,0.037596411256905216,2.7764451051977987,0.10828418891430565,-0.08140235486835778,0.5198878576945175,0.03506899532792967,12.706204736432095,0.03605861042028313,0.060742748701138036,0.18244927472941236,0.06485284066776145,0.0376858153678642,0.2963205677347985,-0.0037195048290563333,0.13433311575578563,-0.0013397796374639108,0.19388446592450692,-0.00043516974888453875,0.2861672411958622,-2.7398829917725848e-05,0.44016388314903004,0.00014076527866358846,0.6614289311079893,-0.0004250430364567605,1.364505794256775,-0.0010174733616553423,-0.00022980284845425697,0.03388357428834663,0.039212371082953945,0.25
1.375,733237921,-0.2140433717133257,0.1,0.07056673296859299,0.11813763815365456,0.1651748261811433,0.2092705696575394,0.013317153487647735,0.030477017837143315,0.21177394603605101,0.32612014812863077,0.13846214653040373,0.08231146441963005,0.1748287782481038,2.7764451051977987,0.14913535531124875,-0.5477353007410324,0.2803969537906698,0.2166161064935995,12.706204736432095,0.15286322313985537,-0.48356279572951694,0.05547605230286559,0.12532233024232986,-0.4424742834441607,0.01615163114073594,-0.004243153071996315,0.13433311575578563,-0.0020228136886474984,0.19388446592450692,-0.0001448123270681148,0.2861672411958622,-0.00018768069299339725,0.44016388314903004,0.00016976848071104355,0.6614289311079893,-0.00025032900006221996,1.364505794256775,0.0005372664095920405,-0.0006200666838055619,0.05573008079425644,0.058522789198844766,0.25
1.375,1227819170,-0.0014622213775621964,0.1,0.06657577154091227,0.04164522470206391,0.04288683222670404,0.038202554981630166,3.200828670257578e-05,0.0014274269204219,0.04282347002208953,0.13433311575578563,0.046818677918222834,0.08231146441963005,0.03783586171547569,2.7764451051977987,0.11604950376891066,-0.3541149659139229,0.29029518748572813,0.03344844684846541,12.706204736432095,0.03204396340586442,-0.06629759743645952,0.056019121893080955,0.09086990359606645,-0.14907988845971426,0.17977184469925034,-0.0059367378559955246,0.13433311575578563,-0.0017171339761728847,0.19388446592450692,-0.0007267111380565817,0.2861672411958622,0.00016400068681794938,0.44016388314903004,-0.0006914993097251236,0.6614289311079893,0.0004723066777186345,1.364505794256775,-0.0012693731512509268,-0.00029250993847618163,0.038051437872572244,0.06651639080850717,0.25
1.375,1620565186,0.18405619702688644,0.1,0.07965427821075795,0.07422307815786827,0.09851201695205661,0.09504089273444362,0.004199925140066384,0.004832846151693633,0.0950223114565836,0.2431366342882323,0.08120837571571492,0.08231146441963005,0.06961906287172959,2.7764451051977987,0.0689744213710666,0.05914158474630743,0.44214897394540403,0.09053466048110374,12.706204736432095,0.06573717214295112,0.08718169337142803,0.2809307006823448,0.09410969377176696,-0.034939843076631914,0.32390973353881963,-0.005787501113762937,0.13433311575578563,-0.002411308522770756,0.19388446592450692,0.0014048754093065466,0.2861672411958622,-0.00136457347009421,0.44016388314903004,4.459572784868535e-05,0.6614289311079893,1.7706506970416779e-06,1.364505794256775,-0.002076716541397442,-0.00014601968999739082,0.027210039502884906,0.04115558044557322,0.25
1.375,347042092,-0.2338153204732342,0.1,0.06516823678171621,0.08290622013792306,0.06877207409051792,1e-150,-0.001964720036360359,0.0002523984631151851,0.0325415442478524,0.13433311575578563,0.08478401002114734,0.08231146441963005,0.015909994922755553,2.7764451051977987,0.054412360393285605,-0.3944377071486849,-0.09229184379629213,1e-150,12.706204736432095,0.014843648027295625,-0.2569636936985747,-0.2096534798086298,0.08835864989003407,-0.390835216521115,-0.09571313373981127,-0.007194149878565028,0.13433311575578563,0.0016317497142926266,0.19388446592450692,-0.001224383211170137,0.2861672411958622,0.000708217128201374,0.44016388314903004,-0.00042120390971904986,0.6614289311079893,-0.00013694103317457215,1.364505794256775,-0.0016503317286804496,-0.00012892874339548362,0.025278172765000603,0.03340841383652409,0.25
1.375,1109975088,0.11763469243340702,0.1,0.07713306820812008,0.05329783675863694,0.07366133501660709,0.06439263263021794,0.002470921289566478,0.0016754898474837302,0.06448241663688305,0.2431366342882323,0.06605872196574016,0.08231146441963005,0.04099185655334886,2.7764451051977987,0.14552034472046596,-0.34828774252378925,0.4597707550878789,0.045654716269046235,12.706204736432095,0.038912671919884435,0.054568743560993144,0.1807006413058209,0.08081838977693512,-0.012355652737150861,0.3095460780659815,-0.005063697732097682,0.13433311575578563,-0.002396578195024956,0.19388446592450692,0.001076416675528106,0.2861672411958622,-0.00019152574819053137,0.44016388314903004,-0.0004300119105119608,0.6614289311079893,-4.083179849810283e-05,1.364505794256775,-0.0021388743468959254,-2.7462333089562296e-05,0.011701450862258161,0.0194516272180687,0.25
1.375,1101525983,0.14326759083427437,0.1,0.057744080707110776,0.03191982562141571,0.02957169231252946,1e-150,-0.00020429561614696782,0.00016703834060321945,0.013733035567962114,0.13433311575578563,0.0354322425645589,0.08231146441963005,0.012942994644739254,2.7764451051977987,0.05288317457873381,0.024655671256957612,0.3183101336698499,1e-150,12.706204736432095,0.01152365826290294,0.12308594643051386,0.16373271198205255,0.05153511562536167,0.03188996230443159,0.18823171660306484,-0.007490255931141331,0.13433311575578563,0.0021503411756804134,0.19388446592450692,-0.00045033215403781024,0.2861672411958622,-0.00018263864527158892,0.44016388314903004,-0.0009201801328747472,0.6614289311079893,0.0006342737424634577,1.364505794256775,-0.0013336423846389458,-0.00020315994291616137,0.03173866422192577,0.05106349748390515,0.25
1.375,652499090,-0.4996421311146516,0.1,0.07757410618865411,0.30221979246390074,0.38942307725687647,0.3795304649258312,0.058290515417704386,0.08575285838911319,0.3937840637883139,0.32612014812863077,0.3117147789181407,0.08231146441963005,0.2932587577895937,2.7764451051977987,0.3036113780599937,-1.0836658251085325,0.6022548238855234,0.392022270896096,12.706204736432095,0.24348814296730237,-0.956665767724018,-0.01326891096914462,0.2763550220494676,-0.9858405368767349,0.0920918074392752,-0.0050082329478632285,0.13433311575578563,-8.719418519442511e-05,0.19388446592450692,-0.00010520535672529106,0.2861672411958622,-5.644856099842269e-05,0.44016388314903004,0.0006895650140704882,0.6614289311079893,-0.0020193110830000974,1.364505794256775,-0.0025767284294034524,-0.0001537988377036113,0.027669743979417443,0.046217797336066194,0.25
1.375,16415546,0.11209680225179279,0.1,0.05657155188539234,0.07401697711264084,0.059604023463625894,1e-150,-0.0017098508212200023,0.00025059599201275443,0.0312058825031432,0.13433311575578563,0.07736397148888155,0.08231146441963005,0.015853083545027548,2.7764451051977987,0.059049942398516415,-0.11135964207406089,0.2165382049950848,1e-150,12.706204736432095,0.013711153656622704,0.08567892974375323,0.13534898468410286,0.07953734228396342,0.013431090512748003,0.29303186194215425,-0.00556331858460269,0.13433311575578563,0.00032604650907842354,0.19388446592450692,-0.0001427101805573669,0.2861672411958622,-0.0008178469813125111,0.44016388314903004,0.0003878630627274204,0.6614289311079893,-0.00017531822818048781,1.364505794256775,-0.00026620258772625823,-0.00040554511747802654,0.045326261465906854,0.06387888302116125,0.25
1.375,993452646,0.2187914492679353,0.1,0.06536322886931116,0.09602062279491189,0.09396473596558004,0.04593256690973499,0.0008615684880603283,0.0012482322148569538,0.048639501299746285,0.32612014812863077,0.08953599305716017,0.08231146441963005,0.03538134851039939,2.7764451051977987,0.15877790449641258,-0.01929119298245624,0.8623850785228002,0.05292143517345922,12.706204736432095,0.03277772643090474,0.16868966851452669,0.267468006024541,0.19163717583782947,0.1214519704775002,0.7072774770824434,-0.008519995238954532,0.13433311575578563,-0.0004012818386511162,0.19388446592450692,-0.0006600168430428951,0.2861672411958622,0.0004655346674398088,0.44016388314903004,-0.00042464041271775445,0.6614289311079893,0.0002951444177075324,1.364505794256775,0.00036640864833003287,-0.0006640232148938301,0.057449841915294085,0.07138321570500286,0.25
1.375,1496496587,0.32626464082341244,0.1,0.06366446764653587,0.04697962922948739,0.04597937511749477,0.03375903026008934,2.774728457045862e-05,0.0011119248395311692,0.03934681238714895,0.32612014812863077,0.04377849176629072,0.08231146441963005,0.033393689450804176,2.7764451051977987,0.06119311107928201,0.1627216574362112,0.5025202848920067,0.043507537873633144,12.706204736432095,0.02850783012592084,0.27547076721748054,0.3713076965152088,0.09129189455644256,0.07802213748027656,0.5192519900615596,-0.006516057997538993,0.13433311575578563,-8.112200053858669e-05,0.19388446592450692,0.001495856494539327,0.2861672411958622,0.0005381982138024884,0.44016388314903004,-0.00015689097701489498,0.6614289311079893,-0.0010396096429626128,1.364505794256775,-0.0020099583560714783,-4.4242244675880625e-05,0.014883425366526756,0.02073240852349456,0.25
1.375,1830159543,-0.0031709088937640823,0.1,0.0775573237299063,0.10686001298174087,0.12448423499281216,0.08121776628620987,0.005304282944862019,0.0012920426156593904,0.08284816960371597,0.19388446592450692,0.10740482651345991,0.08231146441963005,0.03599690046201585,2.7764451051977987,0.0732413626341364,-0.20135192968557486,0.20534931588155508,0.03827826833072306,12.706204736432095,0.030933376543704195,-0.06638250193936278,0.05635739783156355,0.12725465079611825,-0.32709334045622274,0.1627910913695452,-0.005036032630812718,0.13433311575578563,-0.001785918741917092,0.19388446592450692,-0.0007786199424997605,0.2861672411958622,-0.00018458382635636093,0.44016388314903004,0.0004194308390977976,0.6614289311079893,-0.00045335662061961405,1.364505794256775,0.0027059098821911732,-0.0012577261791399399,0.07916713448010854,0.1194754005796683,0.25
1.375,129342370,-0.11312608358728754,0.1,0.06017238763244409,0.04317976119863936,0.039613482904235345,0.041117819366579655,5.964815354761411e-05,0.001631026915915059,0.04111540771437761,0.2431366342882323,0.03968251839103817,0.08231146441963005,0.04044429337420906,2.7764451051977987,0.09021078938687715,-0.49582651839855196,0.005104090859897242,0.038243787604464584,12.706204736432095,0.036461750438476166,-0.17287495585059603,-0.050223007713758455,0.09689609620268308,-0.40450942994372896,-0.06828341492173887,-0.005007718651098272,0.13433311575578563,-0.00228886043738013,0.19388446592450692,0.0019407418249670206,0.2861672411958622,-0.0005558413403823289,0.44016388314903004,0.0004091473961886999,0.6614289311079893,-0.0007097419572841937,1.364505794256775,-0.0012833206613383215,-0.00014593344119022617,0.02687863908885652,0.03819972054110435,0.25
1.375,1701900873,-0.22958685622376976,0.1,0.07362027274831254,0.07377290608978818,0.08841531434547577,0.09476747347769565,0.002808803948648679,0.006172070080697069,0.10705158343594622,0.13433311575578563,0.09491113656468075,0.08231146441963005,0.07867597113179763,2.7764451051977987,0.07727188215552037,-0.425217450386688,0.003864827573543367,0.08905379966688899,12.706204736432095,0.07385199054782192,-0.33510096038288406,-0.12407275206465548,0.07201012033414138,-0.3421583309548375,-0.08352974987324295,-0.005943589297644534,0.13433311575578563,0.0011606269434192937,0.19388446592450692,-0.0005695672126914265,0.2861672411958622,0.0006907674605753026,0.44016388314903004,-0.0008362260792099021,0.6614289311079893,-3.9779242968241975e-05,1.364505794256775,-0.0014163480581948678,-0.00018162637513507884,0.030065920903797002,0.04180569628179936,0.25
1.375,923890838,0.1346851986721515,0.1,0.07116940052072221,0.05798730237034359,0.05470765713050007,0.06539214200963304,-0.00027891351296209033,0.0045550457495701045,0.0679650615224067,0.13433311575578563,0.06219096858310581,0.08231146441963005,0.06758853912963858,2.7764451051977987,0.08912308244885726,-0.2882328021550053,0.2066578898955339,0.06282439967043273,12.706204736432095,0.06006378323009693,0.02883811128546032,0.2405322860588427,0.11811762495309305,-0.14825118569826823,0.27824648963602844,-0.005717264927782071,0.13433311575578563,-0.0014368952321663934,0.19388446592450692,-0.0003474762062778201,0.2861672411958622,0.0005198378906101327,0.44016388314903004,-0.0009358213479290775,0.6614289311079893,0.0003031250471446604,1.364505794256775,0.0034060009630802602,-0.0014338213809878232,0.08476478811416328,0.12086626820683942,0.25
1.375,81035190,-0.4748761506306549,0.1,0.06566348736362715,0.07174817739800042,0.08276526117533413,0.08321537395568465,0.0013512133113912786,0.00557358515119316,0.08343144358384427,0.19388446592450692,0.0777638257005217,0.08231146441963005,0.07476425468629891,2.7764451051977987,0.06681804935271568,-0.5064038134224157,-0.13537052129399088,0.08512220283441434,12.706204736432095,0.06684301338816598,-0.5931478467676143,-0.3715851979642702,0.1488734658188158,-0.5448100466976066,-0.006672172203707312,-0.005221387013000585,0.13433311575578563,-0.00032136841237675025,0.19388446592450692,-0.00043383899563606353,0.2861672411958622,0.0002511435382957371,0.44016388314903004,-0.0005182767808908657,0.6614289311079893,7.126761959688384e-05,1.364505794256775,-0.001807555468273476,-5.8920770689444925e-05,0.017167037577533,0.02535026065377762,0.25
1.375,1332499014,0.2761384624691278,0.1,0.0702206044569561,0.038792684035148725,0.04656527064179879,0.04185400790007374,0.0007940015820353441,0.0009577563952640915,0.04460319420290966,0.32612014812863077,0.04460073851688791,0.08231146441963005,0.030992329330518674,2.7764451051977987,0.12758721535365203,-0.10923400629027374,0.5992437928186554,0.04557698483311063,12.706204736432095,0.02768734136905551,0.2230791226826081,0.3272129297086366,0.07825212287402376,0.0734548021954356,0.36428595098478794,-0.005489013330110468,0.13433311575578563,0.0004654200709079716,0.19388446592450692,-0.00022859595132000883,0.2861672411958622,-0.0009812026418813086,0.44016388314903004,-0.00013500569478638202,0.6614289311079893,7.796871655461951e-05,1.364505794256775,0.0016263438345829892,-0.0010069851720523584,0.0708712472790115,0.09634469781585654,0.25
1.375,1456385642,-0.33032462166760646,0.1,0.06783786470946311,0.06867823516744667,0.10910543496045376,0.09763883360623227,0.00638774335612216,0.003145598471863353,0.10035313762386538,0.32612014812863077,0.09065668101692057,0.08231146441963005,0.05616662529408853,2.7764451051977987,0.10425423550430639,-0.7540991736576258,-0.17518684993348577,0.10159005519688105,12.706204736432095,0.051032736956198976,-0.41546101149875847,-0.24518823183645444,0.09908011610819742,-0.574107913509394,-0.23611915985676235,-0.0057307300356777,0.13433311575578563,-0.0031988599361289353,0.19388446592450692,-0.0003321237096971618,0.2861672411958622,-7.630610084660826e-05,0.44016388314903004,0.0004874229574443439,0.6614289311079893,-0.0006091914530927099,1.364505794256775,0.0007387520300163686,-0.0008418784979670284,0.06466955581369516,0.08281481229658699,0.25
1.375,2032641769,0.24008298949899048,0.1,0.06533648012306487,0.048455508297659156,0.044373605130274205,0.06571801158959696,8.201681041746347e-05,0.004236840236872936,0.06691218003442115,0.13433311575578563,0.0487435904288856,0.08231146441963005,0.06518500931862845,2.7764451051977987,0.12647687370722124,-0.24707751300613487,0.4552346808441343,0.06423419312399223,12.706204736432095,0.05741723542458088,0.1413305722649488,0.3309070827033946,0.09851494318480533,-0.011804376444755321,0.29411137171849505,-0.008357978307920939,0.13433311575578563,0.003240891740771755,0.19388446592450692,-0.0015720696445117466,0.2861672411958622,0.0009929400369716045,0.44016388314903004,-0.0005182553323396992,0.6614289311079893,-0.00026022512752191777,1.364505794256775,-0.0006061535218451156,-0.0004171842580970673,0.045502517634761666,0.06515162859139921,0.25
1.375,1426446131,0.08808145541850006,0.1,0.05839631962907694,0.023290181035836598,0.017754882743962776,0.016780786891689634,-0.00010339573733309236,0.00038499054603739497,0.021210815815313377,0.13433311575578563,0.020952104725883908,0.08231146441963005,0.01964950980245587,2.7764451051977987,0.09364281977389206,-0.25194215927633185,0.26804613791995263,0.01678665743948332,12.706204736432095,0.018425355909460622,0.06022207654021044,0.12240981068358196,0.05142666264790216,-0.08666368764218109,0.15996268525141571,-0.006323930803452319,0.13433311575578563,0.001069623145101081,0.19388446592450692,-0.00045418450562319154,0.2861672411958622,-5.563160122305959e-05,0.44016388314903004,-0.00025304785069893583,0.6614289311079893,8.234860747541263e-05,1.364505794256775,0.00042136557538316303,-0.0005664889780704377,0.05337901636439021,0.06220706506508865,0.25
1.375,1519572395,-0.010391878163473698,0.1,0.057417891274607925,0.057077199319335824,0.0675302874640124,0.05261484854692036,0.0015245487268301548,0.0012437735607852124,0.06493204300292577,0.13433311575578563,0.0713652607722728,0.08231146441963005,0.03531810133712114,2.7764451051977987,0.11476472595627456,-0.4226656581709215,0.21461026509040904,0.03843756762326922,12.706204736432095,0.034278960984883214,-0.07333737564681278,0.0549328133558039,0.0728689016903357,-0.21023231139299917,0.08391617629256957,-0.004203138109534093,0.13433311575578563,-0.003150801356951678,0.19388446592450692,0.00023586043512013462,0.2861672411958622,-7.401760287140729e-05,0.44016388314903004,-0.0004381319286623466,0.6614289311079893,0.00010344435936355188,1.364505794256775,-0.0005366621921385239,-0.00044044811940274466,0.04703910256615336,0.05238806436524772,0.25
1.375,1749035565,0.1536707329512963,0.1,0.06935521110067107,0.045771336703726274,0.0479676385837218,0.03114687953567971,-0.00015894299216763518,0.0011290710969777788,0.03115036234168747,0.32612014812863077,0.04608013306745734,0.08231146441963005,0.03365017545631404,2.7764451051977987,0.1160970074407516,-0.1790126533632641,0.4656612827107103,0.03474271457400986,12.706204736432095,0.030721414695987503,0.10682723571886754,0.20493778949858774,0.1307522925514797,-0.21324963565132055,0.30868685214982367,-0.007490944662290298,0.13433311575578563,-0.00036242877781560043,0.19388446592450692,0.0014029206908616836,0.2861672411958622,-0.0008485506842877554,0.44016388314903004,2.345952215230223e-05,0.6614289311079893,-0.00018908294740868428,1.364505794256775,-0.0016760421099175239,-0.00017476580344879327,0.029584114301776387,0.03601181698031703,0.25
1.375,573565245,-0.1311860811016749,0.1,0.0787510068109728,0.13111625430070026,0.1833012135099308,0.150803470111939,0.014623928345000817,0.008117758252801668,0.15632370581705196,0.32612014812863077,0.1506210048124858,0.08231146441963005,0.09022870929951292,2.7764451051977987,0.09317866735087345,-0.47265477912754805,0.04475613062282502,0.1640129834252963,12.706204736432095,0.07397966687572284,-0.27013783096844746,-0.026746752440214516,0.12293083966072506,-0.36029132871277947,0.12022916473605962,-0.007464379192112827,0.13433311575578563,0.0023140526266871696,0.19388446592450692,-0.0015451335139712067,0.2861672411958622,0.00028025826736659764,0.44016388314903004,-0.00019335841463436984,0.6614289311079893,-0.0001678393718707631,1.364505794256775,0.001380491192984115,-0.0009038035722208067,0.06760421576742706,0.09856523907692238,0.25
1.375,625245419,-0.2940527819877058,0.1,0.06388939937851244,0.0360346994353269,0.04678287057101104,0.05069905451993324,0.0008693903880803758,0.0017010037411347874,0.05366189089497526,0.32612014812863077,0.039549522540072705,0.08231146441963005,0.041302783646122616,2.7764451051977987,0.05914404782192875,-0.548799902210073,-0.2203794980565158,0.05631897635609197,12.706204736432095,0.03919888461242113,-0.3525346233742993,-0.23557094060111225,0.09886214201325977,-0.60769703289661,-0.21875473116429459,-0.006194863072990301,0.13433311575578563,-0.0005139587227817545,0.19388446592450692,-0.0009830825206595872,0.2861672411958622,2.4883914804810177e-05,0.44016388314903004,-6.110623468776406e-05,0.6614289311079893,6.83631492807589e-05,1.364505794256775,-0.0008236552130795528,-0.0003264668643370778,0.04026792871373329,0.05834774897722451,0.25
1.375,1558143563,0.05219863382475213,0.1,0.07437837787633952,0.051809304860379955,0.08013599058003501,0.06148105784101256,0.002722597524369698,0.0010573229488802336,0.06598418467403866,0.32612014812863077,0.06088163655208505,0.08231146441963005,0.03256345797904912,2.7764451051977987,0.05038948779114399,-0.08784713029659288,0.19196016316569905,0.06688731675486399,12.706204736432095,0.03022383779701424,-0.004099719655291809,0.104202648973578,0.08298313801229064,0.0042097664670196575,0.29288738584511337,-0.005625438549268333,0.13433311575578563,-0.0004993980453778165,0.19388446592450692,-0.0014393972111797458,0.2861672411958622,0.00011195035385619562,0.44016388314903004,-0.0003683547153597238,0.6614289311079893,5.501416003424564e-05,1.364505794256775,0.00272956916843945,-0.0013195554774342892,0.0812883528754627,0.10910191834323651,0.25
1.375,480963512,0.2943837377674136,0.1,0.07257106120848497,0.1304258410021979,0.14050886747799823,0.10051588126663732,0.0034156215407315504,0.006687820846077182,0.10352756948923138,0.19388446592450692,0.13121831647148602,0.08231146441963005,0.08189719047720785,2.7764451051977987,0.12222030194275316,-0.27206351456299455,0.40661240360651346,0.08280847877498851,12.706204736432095,0.07454132581160343,0.1720682559061481,0.41662318776116036,0.3113358410138069,-0.6030359708573595,0.40686165325104356,-0.007117363178094179,0.13433311575578563,-0.0003723289508881362,0.19388446592450692,0.0011814111884714132,0.2861672411958622,-0.001276736671544888,0.44016388314903004,0.0005843044824480285,0.6614289311079893,-0.0005600569753491857,1.364505794256775,-0.0024439056335972416,-3.451846673433872e-05,0.013134149395010074,0.015646024866563954,0.25
1.375,1652546737,-0.04071381274976783,0.1,0.0665202193674218,0.03322282821601296,0.038560131064912274,0.032877548078277065,0.0006254791212063047,0.0004554540464331151,0.03321158903193113,0.2861672411958622,0.035995508576294695,0.08231146441963005,0.021372187244355155,2.7764451051977987,0.05978776708453133,-0.17375142502425317,0.158243481520853,0.02805795832724617,12.706204736432095,0.020075008778118075,-0.07021450828372512,-0.005300853076770896,0.0958220583157483,-0.174437854129743,0.2660339587604831,-0.006654668023068569,0.13433311575578563,-0.0009866938531353337,0.19388446592450692,9.526136894233806e-06,0.2861672411958622,2.5726786420903378e-05,0.44016388314903004,-0.00026898491472765413,0.6614289311079893,4.503438929430658e-05,1.364505794256775,0.0015715192478475634,-0.0009394890806900635,0.06844242040318035,0.10849182872196386,0.25
1.375,1321186540,0.13245681458359662,0.1,0.0755793161838379,0.08032211966419653,0.10013844505752793,0.09957844775343909,0.0035657150773031245,0.006350152179681273,0.10195161842625113,0.19388446592450692,0.0890319944736321,0.08231146441963005,0.07980291486319917,2.7764451051977987,0.13588761139280997,-0.22807617861155166,0.5264928084056242,0.09316423563630272,12.706204736432095,0.062192352482359894,0.025766030907823645,0.23490023353826314,0.11207711031092485,0.010886126882471115,0.42375325221529725,-0.004725521518959272,0.13433311575578563,-0.002775073013257329,0.19388446592450692,0.0012182626708959992,0.2861672411958622,-0.00014793910945606005,0.44016388314903004,-1.912549682011605e-06,0.6614289311079893,-0.0006098505185722721,1.364505794256775,-0.0005280232897372989,-0.0004480753808893747,0.04763283738184696,0.06546795464162591,0.25
1.375,1267679688,0.005676516719457917,0.1,0.06207324052090861,0.030232216879986385,0.033743383904791445,0.042660270704335056,0.00026840402908736845,0.0015514946674797796,0.04354249311211417,0.19388446592450692,0.03104714648219977,0.08231146441963005,0.039445896568770185,2.7764451051977987,0.18404798351930682,-0.2995825865009698,0.7224156594264393,0.039532626678301354,12.706204736432095,0.03616187282063805,-0.059394275911257524,0.07074730935017332,0.07008259968477881,-0.04952948158266186,0.21725988306735738,-0.005818169419265099,0.13433311575578563,9.844013571383438e-05,0.19388446592450692,-0.0001156528325286151,0.2861672411958622,-0.00026797765313082365,0.44016388314903004,4.6448002609741545e-05,0.6614289311079893,-0.00035421243511097347,1.364505794256775,-0.0015875099126522428,-0.00016245037276388228,0.028517909776472915,0.03900471210552189,0.25
1.375,993549976,-0.09535065159360395,0.1,0.06174115768205201,0.07225510826658198,0.07882577625219678,0.06220193464117597,0.0009469645246241876,0.002922116148480939,0.06460831890252224,0.19388446592450692,0.07420535405864459,0.08231146441963005,0.05413466145525795,2.7764451051977987,0.07232198398246051,-0.43563365725586556,-0.03403762040327343,0.05675251649147679,12.706204736432095,0.04464895805553876,-0.16955944835539066,-0.021275526757519394,0.1616847149142449,-0.5952631025992392,-0.030411065918412843,-0.00559249099820515,0.13433311575578563,-0.003755033319161086,0.19388446592450692,-0.000306709232522239,0.2861672411958622,0.0005976856333164561,0.44016388314903004,-8.743267615112134e-05,0.6614289311079893,-0.000142054233059116,1.364505794256775,-0.0013159531709982977,-0.00022820059996835447,0.033704727931404825,0.04331943117700573,0.25
1.375,1244301263,-0.1457998061124114,0.1,0.06942988739972127,0.040049524523014496,0.043178844591247635,0.029218485512010083,0.0003029803286622376,0.0005507395669533054,0.038267077078648584,0.13433311575578563,0.046032163715204535,0.08231146441963005,0.023501729719443445,2.7764451051977987,0.05428541892068349,-0.2588255937569009,0.04261537753498641,0.01425117249751348,12.706204736432095,0.021168792231700085,-0.18531807901182754,-0.09987034843160247,0.07477091247462431,-0.32797665073443205,-0.032003551327737245,-0.006222594081467292,0.13433311575578563,0.0007284894254658919,0.19388446592450692,0.0004794058650714963,0.2861672411958622,-0.001526501272116255,0.44016388314903004,0.0008053372764365797,0.6614289311079893,-0.0005714931449981463,1.364505794256775,-0.0015252589369262094,-0.00019795803865730783,0.03157952283709509,0.04837872592730713,0.25
1.375,1327532100,-0.3131599295527079,0.1,0.04791737369743546,0.04057217340510387,0.04093099691948225,0.03444686793985786,8.584798430396365e-05,0.0011007387265620434,0.03608289432294079,0.13433311575578563,0.04014996831384762,0.08231146441963005,0.03322529235930597,2.7764451051977987,0.06689159523786664,-0.50661506603715,-0.13517338168305565,0.023197571475600948,12.706204736432095,0.02810300409617244,-0.36394213314170526,-0.2623375058623719,0.08220666290386558,-0.36313066815318445,-0.08184593170563524,-0.006350228064456824,0.13433311575578563,0.0005581252136790025,0.19388446592450692,0.0007444971288843249,0.2861672411958622,5.552766763379437e-05,0.44016388314903004,0.0002590920200638511,0.6614289311079893,-0.0012163014077760871,1.364505794256775,-0.0016276028984504194,-0.0002028778458882134,0.03174742107127968,0.04806535498793821,0.25
1.375,458097443,0.09504201378189699,0.1,0.06241210462259159,0.03904969229334668,0.04075272025289433,0.05954757989896452,0.0001588693048382619,0.0033870449669853005,0.059544951626232356,0.2431366342882323,0.045049464531933175,0.08231146441963005,0.05828236538000774,2.7764451051977987,0.09354826813701689,-0.13919014533968505,0.38027311699781846,0.059319219712853116,12.706204736432095,0.050339956322368165,0.006405672949932648,0.17912596399771302,0.05756566532381763,-0.04440337142769961,0.19369565343653083,-0.007582309528911288,0.13433311575578563,-0.00033470532908935063,0.19388446592450692,0.00011285276373762124,0.2861672411958622,6.006381651078094e-05,0.44016388314903004,0.00028790138478103003,0.6614289311079893,-0.00042747283858204644,1.364505794256775,-0.0013558694573293057,-0.00018117625713028848,0.030236914384408495,0.049564816736853756,0.25
1.375,562783773,-0.0985621646644394,0.1,0.060854109004649985,0.03739872841364267,0.04671566714400178,0.05194586607042049,0.0006210443795475753,0.0020773286222584876,0.05275744589499434,0.32612014812863077,0.0449371845889897,0.08231146441963005,0.04564353691605429,2.7764451051977987,0.13880223476507877,-0.4025293445732635,0.3682242260347739,0.05234682344010545,12.706204736432095,0.04162078628790532,-0.1591950417990442,-0.01643680004288675,0.14514690025652172,-0.24754174110580576,0.45177550313377257,-0.004545174982715039,0.13433311575578563,-0.0012077584903288287,0.19388446592450692,0.00020700796553296878,0.2861672411958622,0.00026282014606667225,0.44016388314903004,-0.0002602148406321053,0.6614289311079893,-0.0003405441758228726,1.364505794256775,-0.0018451851971378582,-3.680826626614218e-05,0.01355343669666237,0.021171406929875854,0.25
1.375,223102069,0.1952686991747587,0.1,0.067764364083924,0.05066698114856857,0.045519645107085824,0.058373566369253,-0.00033407627053319957,0.003741549521198784,0.06674655183812828,0.13433311575578563,0.060005405044842065,0.08231146441963005,0.06125653637073079,2.7764451051977987,0.24818855417687163,-0.5484544900735502,0.8297093027474376,0.052159179882552496,12.706204736432095,0.05461911568327629,0.09173127273829446,0.3048023662206455,0.09842284018382287,0.011690964888324587,0.42475571010123,-0.004653922485943569,0.13433311575578563,-0.0007851972285109308,0.19388446592450692,0.00047029029567911015,0.2861672411958622,-0.0016189717835300003,0.44016388314903004,0.000701819260637976,0.6614289311079893,-0.00046044363447729784,1.364505794256775,-0.0011550224717283301,-0.0003083661481129129,0.03924693183796166,0.0590096079501765,0.25
1.375,1890931255,-0.013574758699867628,0.1,0.06599077983054252,0.20198112212388114,0.25452208375349905,0.2963872201696857,0.024169041821143183,0.06367634245877057,0.2983217729733687,0.32612014812863077,0.22417758441289437,0.08231146441963005,0.25270611019644296,2.7764451051977987,0.20772876174851543,-0.5940883817866772,0.5594066257442535,0.297995997998325,12.706204736432095,0.2311057153656138,-0.39566831822968834,0.38613952935350787,0.19638995024806286,-0.34240591435788464,0.3501309230950149,-0.005704592963398943,0.13433311575578563,1.064357675063705e-05,0.19388446592450692,-0.001305473640884942,0.2861672411958622,0.00013055773604510147,0.44016388314903004,-0.00047337850140331816,0.6614289311079893,0.000113660154455161,1.364505794256775,-0.0013812270057389398,-0.0002207174896306169,0.03337227742629997,0.05053389469463312,0.25
1.375,95413628,-0.015810596071588325,0.1,0.0663155210090075,0.02721698071833324,0.033040082359534075,0.03532939471239728,0.000251758156683486,0.000996407974060879,0.037610586237815,0.13433311575578563,0.032458563164604,0.08231146441963005,0.031611513185759145,2.7764451051977987,0.13372714524053966,-0.27350535562411044,0.4690668000462325,0.031051803427161864,12.706204736432095,0.02933585054013703,-0.06828950651815097,0.03385617234255893,0.06374436114558243,-0.16016429540401908,0.1544422833485798,-0.006340731780123153,0.13433311575578563,-0.001627838134614619,0.19388446592450692,0.0004312826448127768,0.2861672411958622,-0.00020829949714185801,0.44016388314903004,-0.000264210172319135,0.6614289311079893,0.0001095290197349077,1.364505794256775,-0.0018385295691547923,-9.940095689256255e-05,0.0222859445367102,0.031995064241792444,0.25
1.375,50626894,-0.02035883914622996,0.1,0.057677312344138955,0.0242164827174326,0.026440527489876183,0.04345260946960277,0.00015350914830980175,0.0017346201214080105,0.045117018698910855,0.13433311575578563,0.03109905031656852,0.08231146441963005,0.04170891360800538,2.7764451051977987,0.1491382741797199,-0.4842436930403944,0.34390476964746675,0.0415491624160488,12.706204736432095,0.03843209093284292,-0.09604595029991193,0.05532827200745201,0.05757778926302276,-0.14072921678613298,0.0878892454820777,-0.004470621123551127,0.13433311575578563,0.00013897834202520424,0.19388446592450692,-0.0007628470416624138,0.2861672411958622,7.108926576584464e-05,0.44016388314903004,-0.00028892326366472174,0.6614289311079893,-5.8175137952887176e-05,1.364505794256775,-0.0014679179608770385,-0.00011551892070240043,0.02390028327405383,0.03946135020907047,0.25
1.375,10312531,0.11387707680994173,0.1,0.07388998309809008,0.05867397866533178,0.08077331865592796,0.06196332872043629,0.0033374434956653497,0.0005020106104514953,0.0646199103452914,0.32612014812863077,0.06553391987284571,0.08231146441963005,0.022437947949167796,2.7764451051977987,0.03226510043265455,-0.005858144157600331,0.17330641617231787,0.061999176362677134,12.706204736432095,0.019740412480155015,0.08117662354838151,0.15017230899212264,0.07050949031677449,-0.028734239772537716,0.2259792870585881,-0.007310946643606702,0.13433311575578563,-0.0013853481703029837,0.19388446592450692,-0.00013371229119654474,0.2861672411958622,0.0002310125824104654,0.44016388314903004,-0.0003187733575460225,0.6614289311079893,0.00015291931513148984,1.364505794256775,-0.0008933331359987885,-0.00034247830546064995,0.04130053672884984,0.047759214707829005,0.25
1.375,315302543,0.1008519874733052,0.1,0.06418560619251781,0.033583066842598576,0.036993951902873495,0.049100078599983575,3.134665168579194e-06,0.0024076830533559857,0.051151911226104615,0.13433311575578563,0.038636075828978995,0.08231146441963005,0.04913900360098357,2.7764451051977987,0.1435109471606939,-0.448426400983314,0.348474132589903,0.047473052453794566,12.706204736432095,0.0430604590416204,0.03625635954789439,0.16825782130966901,0.07773158716021543,-0.11021559714721053,0.15042542579566626,-0.004226709961263337,0.13433311575578563,5.9304824742316345e-05,0.19388446592450692,-0.0003366867296706391,0.2861672411958622,-0.000764351902257977,0.44016388314903004,-0.0002535154877548589,0.6614289311079893,0.00010867223556097576,1.364505794256775,-0.00137181470773844,-0.00020360670239422923,0.03200685657839844,0.05035776259566173,0.25
1.375,209338559,-0.024590066194177043,0.1,0.0690434643025941,0.05479389122195066,0.0718434653346359,0.07592443714277033,0.0017555159130499959,0.0040090042423964875,0.08087929458585226,0.32612014812863077,0.05791861528002181,0.08231146441963005,0.06340813007698667,2.7764451051977987,0.16533063629094022,-0.6372776650713587,0.2807852066670783,0.08391957384798299,12.706204736432095,0.05454978320787197,-0.11132722063154962,0.07944205332635089,0.16987203424335012,-0.5367334237830705,0.0702422168281824,-0.006977382048491926,0.13433311575578563,0.001106344025049052,0.19388446592450692,0.00017675456980576485,0.2861672411958622,-0.0005803937785373946,0.44016388314903004,-8.979137100910447e-05,0.6614289311079893,-0.00010550758209524027,1.364505794256775,-0.001755005830320627,-0.00012825610537650788,0.02525937423549881,0.035154820484003285,0.25
1.375,448341930,0.03023637268865993,0.1,0.06596644424300296,0.033365931360146366,0.044166186413978334,0.027672986898526455,0.00037860445841879126,0.0003871897454672255,0.028145472091779936,0.32612014812863077,0.042013943873649824,0.08231146441963005,0.01970555228798107,2.7764451051977987,0.19222709317513326,-0.5814528673091842,0.4859630765558157,0.029815298833920575,12.706204736432095,0.01823733759391619,0.0031920842469394424,0.060270888935096995,0.07911235563499673,-0.21706009385916974,0.11011258005301056,-0.0059052069415879505,0.13433311575578563,-0.0011152661908849786,0.19388446592450692,0.00019017937866628998,0.2861672411958622,-0.00031417159951093186,0.44016388314903004,2.173751560348696e-05,0.6614289311079893,-0.00024352002476600343,1.364505794256775,-0.00035380907378780525,-0.00048460605969167776,0.049160979681386094,0.06266192504566803,0.25
1.375,1568290241,0.06453438553755507,0.1,0.06410921130034732,0.028377334062617797,0.0408159854113548,0.04398714718979177,0.0009967477912501267,0.0009381213266462796,0.044045118033648176,0.2861672411958622,0.033396770469383934,0.08231146441963005,0.030672995614388337,2.7764451051977987,0.15481075926541832,-0.48440348274578804,0.3752436668430629,0.04192443889732127,12.706204736432095,0.02862367600511468,0.0056303000741231915,0.10893841992747322,0.09404085426128232,-0.18013503401962397,0.23131685962597873,-0.0023613072321224254,0.13433311575578563,0.0003595080342100054,0.19388446592450692,-0.0012973556258743316,0.2861672411958622,0.0003836684044768582,0.44016388314903004,-4.286930196731862e-05,0.6614289311079893,-0.00085983620370984,1.364505794256775,-0.001153386293366942,-0.00024414840327184134,0.03485002120538152,0.04836915566881754,0.25
1.375,1165023654,-0.24741329303210746,0.1,0.0691274963450521,0.05748175154915413,0.0773445369096589,0.07026936388478908,0.0030265584370230535,0.0019112250637498454,0.07166577038958716,0.32612014812863077,0.0645371903698821,0.08231146441963005,0.043780690213956135,2.7764451051977987,0.21902621576288142,-0.6776355965864361,0.538592932743262,0.07153098860526136,12.706204736432095,0.03710422968566157,-0.3105855433565776,-0.17858922720383177,0.06126655859314632,-0.3542558152556793,-0.09443819099899213,-0.006695674538146385,0.13433311575578563,0.001092604742085278,0.19388446592450692,-0.0008009589474647655,0.2861672411958622,0.0002879085902064119,0.44016388314903004,-0.00020004998932981568,0.6614289311079893,-0.0001445753264104126,1.364505794256775,-0.0008893602766612561,-0.0002793188907445821,0.03762418108861308,0.06605663192601074,0.25
1.375,831010993,-0.47320372930684224,0.1,0.06825218758110331,0.05590693035213295,0.06921527373873827,0.059772175049147974,0.0011664074374171957,0.002406305472688792,0.060970754841379364,0.2861672411958622,0.064122615552737,0.08231146441963005,0.04912494389598087,2.7764451051977987,0.1069359482405476,-0.6384339590999861,-0.044630378975679064,0.05677868699787045,12.706204736432095,0.041802294455417076,-0.5479173892844433,-0.3984900693292412,0.15653621611700935,-0.5204560904591704,0.09618153384693061,-0.005702239522169478,0.13433311575578563,-0.0006142735484677917,0.19388446592450692,-0.0005387717894696241,0.2861672411958622,-0.0003103174614426935,0.44016388314903004,-0.0003558689566847468,0.6614289311079893,0.0001084970274095749,1.364505794256775,-0.000656885155516218,-0.0004619941350312702,0.0481053153757403,0.06447611100552927,0.25
1.375,1791861667,0.1717263646426284,0.1,0.07957814598366204,0.07471275289616199,0.13482503357177814,0.12821033348823732,0.01040131789288469,0.006036571720280339,0.1348563027816909,0.32612014812863077,0.0949177507454711,0.08231146441963005,0.07780757327764627,2.7764451051977987,0.25798204968511074,-0.5685350701844178,0.8640109279698243,0.1408064398523788,12.706204736432095,0.06972706938795185,0.04889700413530834,0.2775988369346628,0.10030506854479453,-0.08231449097799998,0.3616753932977333,-0.004851517231103766,0.13433311575578563,-0.004670829547753662,0.19388446592450692,-0.0006268776763705565,0.2861672411958622,0.00044971903147368635,0.44016388314903004,-3.7544652599445646e-05,0.6614289311079893,-0.0002572827458822627,1.364505794256775,0.00020373395031124243,-0.0007092647743437571,0.059505571182639175,0.07224436481874874,0.25
1.375,399180851,-0.04485820118359579,0.1,0.0617763230912835,0.024294272589274312,0.03021594366169101,0.019843502229776034,0.000356829847905579,3.6934732837547416e-05,0.022443993209670287,0.32612014812863077,0.024838968115171015,0.08231146441963005,0.006086171261171916,2.7764451051977987,0.02296365183256962,-0.11594258352076933,0.011572053935239447,0.024342427961500393,12.706204736432095,0.005554808825154347,-0.05359950378165679,-0.035169230696611056,0.06444725427509093,-0.19849113528089993,0.04169186642723066,-0.005398001709979651,0.13433311575578563,-0.0004951060330751695,0.19388446592450692,-0.001586627120889864,0.2861672411958622,0.00013681024850296952,0.44016388314903004,0.00010754895761912704,0.6614289311079893,-0.00014797978799970177,1.364505794256775,-0.001653919228894856,-0.0001397697875572452,0.026413549161377826,0.035178589818681195,0.25
1.375,116266626,0.16983769300999318,0.1,0.0599801615792397,0.03394136417834285,0.03455410829604988,0.03164486656359374,0.00017316563138421908,0.0008282319484434343,0.03406238971994568,0.19388446592450692,0.03483751961330474,0.08231146441963005,0.02882057741264864,2.7764451051977987,0.07982687466426017,-0.0839276188831431,0.35934225196650355,0.02821884118162095,12.706204736432095,0.02590466314601651,0.11960605642486469,0.2143131876984702,0.0912065180880923,-0.07356117379996208,0.2640947461501578,-0.005840125968108687,0.13433311575578563,0.0013094199414363714,0.19388446592450692,-0.000518069308182382,0.2861672411958622,-0.0005386889276607959,0.44016388314903004,0.00030163462472520533,0.6614289311079893,-0.0002159603813956889,1.364505794256775,0.0009702566439934822,-0.000688891005459192,0.05863928119920066,0.09335378502294032,0.25
1.375,236347638,-0.23970015846118023,0.1,0.06511094446134558,0.05349959128069886,0.06730378187852742,0.08993792194708802,0.0014161027735620675,0.006672727030598431,0.0900831587423393,0.2431366342882323,0.06375256968779548,0.08231146441963005,0.08180472094468116,2.7764451051977987,0.14469378310691489,-0.6622561724483941,0.14121251927109746,0.08639813776767491,12.706204736432095,0.07287884212853986,-0.3615891706480736,-0.11329717291672281,0.06032508173829094,-0.42784942433569106,-0.16400691323762842,-0.004738617020666158,0.13433311575578563,0.0004454250076291988,0.19388446592450692,0.0008239129704060566,0.2861672411958622,0.0007829956066245903,0.44016388314903004,-0.0013959719353420527,0.6614289311079893,-0.00014937142923806854,1.364505794256775,0.0004161490320353933,-0.0006475984576733615,0.05680749776661626,0.06234202774889751,0.25
1.375,220747480,-0.14309780145494266,0.1,0.0736120400617097,0.05520430220880582,0.04989964606079109,0.07180122010248362,-0.0005401539586586961,0.005695569166863993,0.07969815670369756,0.13433311575578563,0.0670470030769404,0.08231146441963005,0.07557797529325051,2.7764451051977987,0.19714756054681723,-0.6370272759850009,0.4577114829787938,0.06578850472976841,12.706204736432095,0.06249689367645197,-0.2551056851436081,-0.030900865577796338,0.10274578214123566,-0.2505557441677026,0.16028519970891603,-0.006070816741082965,0.13433311575578563,-0.0007558928088955329,0.19388446592450692,-0.0010212848673474798,0.2861672411958622,-7.181313546197711e-05,0.44016388314903004,2.6415372636585658e-05,0.6614289311079893,-0.00020057498829880108,1.364505794256775,-0.0021744520945621076,-9.377572450388003e-05,0.02171029514818086,0.030864613818711768,0.25
1.375,2087578016,0.1358533143112069,0.1,0.06379016811113282,0.0399176551968516,0.03979736549916358,0.022451338090608924,-0.00019112113364540468,0.0006951837157042318,0.03959022125493138,0.13433311575578563,0.054708126061238635,0.08231146441963005,0.02640441094201321,2.7764451051977987,0.07816122284492207,-0.10010952804080359,0.3339111611273129,1e-150,12.706204736432095,0.021965229018334077,0.09945565553322244,0.1712442043131194,0.07908413912449465,-0.025450234704495388,0.24428293169236306,-0.0051946072062170915,0.13433311575578563,-0.001465484866575751,0.19388446592450692,0.0010247229636756816,0.2861672411958622,1.4705097584105563e-05,0.44016388314903004,-0.0001065022578801951,0.6614289311079893,-0.0006042467555213557,1.364505794256775,0.0011768433572708387,-0.00084113800126204,0.06512712684800208,0.10784009641774275,0.25
1.375,1144230681,0.18649387316599766,0.1,0.05948979909925855,0.03701032824596911,0.0356248249843871,0.05128729744646457,0.00015504629933929146,0.00247534058002284,0.05353624041326497,0.13433311575578563,0.039365103383692764,0.08231146441963005,0.04982463992392638,2.7764451051977987,0.05356640005303582,0.08671375707559403,0.3841620955362309,0.05033135063021288,12.706204736432095,0.04428570528474781,0.11129516923746118,0.25755566225735577,0.05053820158369566,0.128186100372189,0.33547338535830146,-0.006107051077330478,0.13433311575578563,-0.0013731117547344726,0.19388446592450692,0.00038561119707610815,0.2861672411958622,-0.0004983828327761081,0.44016388314903004,-0.00033311615654616487,0.6614289311079893,0.00025385520180476397,1.364505794256775,-0.0017726386210675511,-0.00013920739764419112,0.02642072153517139,0.03739503746186196,0.25
1.375,107627185,0.3426311530733535,0.1,0.06561958137415755,0.0212617060257722,0.034086621017304426,0.03618730392290749,0.0007632589075565943,0.0005462620576522817,0.037165866503237124,0.32612014812863077,0.027104787494691616,0.08231146441963005,0.02340600029322441,2.7764451051977987,0.07792597598131808,0.17516318041932932,0.607877569581513,0.03438584744317788,12.706204736432095,0.021433105957256136,0.3036886366433046,0.38032416674375363,0.05181435181389123,0.20775040605115078,0.43652608530159187,-0.00752665716191862,0.13433311575578563,0.0020232363672023266,0.19388446592450692,-0.0008503841963824789,0.2861672411958622,0.0002500144312776575,0.44016388314903004,-0.0005544643481280521,0.6614289311079893,0.0001311822246255106,1.364505794256775,-0.00045964689648792667,-0.00043147950030498333,0.046199835363182826,0.07218385457479727,0.25
1.375,687421303,-0.05843883514731645,0.1,0.042532434149147105,0.011763034852308115,0.020173010764184103,0.009624028693227262,4.224310564673905e-06,8.839761772338774e-05,0.010240078578671057,0.19388446592450692,0.02086921618839605,0.08231146441963005,0.009415577633245605,2.7764451051977987,0.017733198831167103,-0.06933059025455551,0.02913991593403094,0.0062671274808432,12.706204736432095,0.008113922133238707,-0.07246280717526808,-0.04140389682372074,0.01584816239046162,-0.08354001099262633,-0.03247890883913973,-0.006308081571679134,0.13433311575578563,-0.0012296536793342464,0.19388446592450692,0.00012509774667472765,0.2861672411958622,0.00019964985899176965,0.44016388314903004,-0.0005446858417592883,0.6614289311079893,0.0002030720985692553,1.364505794256775,0.003703977679638705,-0.0014439467362967146,0.08505798731053628,0.09468179341214299,0.25
1.375,407752231,0.05998023546835577,0.1,0.07561766185017534,0.11578089844538067,0.13963585222134284,0.18910371713803725,0.006302168674535728,0.029458047160887076,0.19133545904201973,0.32612014812863077,0.11470642939545145,0.08231146441963005,0.1718813137764368,2.7764451051977987,0.17374303855487386,-0.680134274994122,0.2846417429216218,0.18238831169693906,12.706204736432095,0.1432153719081947,-0.18354173148406386,0.2926281130335705,0.11618377804264242,-0.190673693432617,0.1916112352743742,-0.0061154352732340975,0.13433311575578563,-0.000676071578637198,0.19388446592450692,-0.0002636276119615804,0.2861672411958622,4.951893735144337e-05,0.44016388314903004,7.205508905630458e-05,0.6614289311079893,-0.000499635101141463,1.364505794256775,0.0012968286722632213,-0.0009093733068894686,0.06715150338390843,0.09097826943994743,0.25
1.375,344548476,-0.23183695607194643,0.1,0.0626175973804376,0.027630194611544267,0.031513480516310775,0.029979987237642423,0.00022397539594115677,0.0006748242388280457,0.030394680784362776,0.19388446592450692,0.03082707160855197,0.08231146441963005,0.02601489184870472,2.7764451051977987,0.03460841686138144,-0.305754389428827,-0.11357765024197207,0.025784195868862585,12.706204736432095,0.022405506139961184,-0.2748475853756325,-0.1889353493987935,0.07455589115951765,-0.3550135832298716,-0.0879607438866666,-0.006316908886013082,0.13433311575578563,-0.002219730024904401,0.19388446592450692,-0.00013692864305767682,0.2861672411958622,-0.00026664332334771406,0.44016388314903004,-4.900136427096012e-05,0.6614289311079893,0.0001003212308296691,1.364505794256775,-0.0002335355519804704,-0.0005387467148293936,0.052260870522034535,0.0933406999618049,0.25
1.375,1224354485,0.4314689365967621,0.1,0.060627988348581505,0.02912408566375018,0.04480677762341693,0.04184186295896889,0.001255830904970329,0.0004949105909068037,0.043176372389713065,0.32612014812863077,0.03200536783788185,0.08231146441963005,0.022278711101344488,2.7764451051977987,0.11087338418751935,0.17209583718814297,0.7877635668364493,0.03895371007731065,12.706204736432095,0.0203443680714582,0.39240406752533075,0.47053380566819347,0.04491366468216455,0.3298521653841444,0.5185336144121726,-0.007227612085420929,0.13433311575578563,0.0016109150868793103,0.19388446592450692,0.0003265958600651977,0.2861672411958622,0.00017307565434380027,0.44016388314903004,-0.00010178196445185545,0.6614289311079893,-0.0005580190984933783,1.364505794256775,-0.001232450996844585,-0.00020945247894948402,0.03229479709690694,0.04522525284803217,0.25
1.375,1498145732,0.15289635389853495,0.1,0.06035436174437274,0.028678259541620246,0.03548452662552045,0.024504806651330698,0.00041810334250873835,0.00018238220651036285,0.025748466705508,0.32612014812863077,0.03025765093906685,0.08231146441963005,0.013524397314266901,2.7764451051977987,0.02691812589879585,0.07815958851084245,0.22763298629646214,0.025827867798701023,12.706204736432095,0.01182741872416213,0.13284387239526427,0.17332621035965584,0.055340308330667644,0.014942542397398903,0.2444600339792274,-0.006254657997694192,0.13433311575578563,-0.001950216759178478,0.19388446592450692,0.0002811767078679817,0.2861672411958622,0.0002894893883264606,0.44016388314903004,-0.00030484677325131086,0.6614289311079893,0.0001061663830546368,1.364505794256775,-0.0016911046609550426,-6.196652767159074e-05,0.01768350550055928,0.02959115585414559,0.25
1.375,409082691,0.039071907822557095,0.1,0.05940534173017779,0.04276585013511713,0.052710254941037496,0.05482627053843721,0.0007864115918067283,0.0022195083493471795,0.055265993768180775,0.19388446592450692,0.04839731298024205,0.08231146441963005,0.04717968962766323,2.7764451051977987,0.15116669648834652,-0.15490102640371772,0.6845110426642642,0.053168660098918706,12.706204736432095,0.041002164497590726,-0.04281106702495284,0.11593975259440989,0.1012315111370156,-0.0038239229095998004,0.3137348942079849,-0.005605651830872216,0.13433311575578563,-0.0012940918337382118,0.19388446592450692,0.00032772821479836763,0.2861672411958622,0.00010003264248532588,0.44016388314903004,-0.00016491850970672513,0.6614289311079893,-0.00011749584464010287,1.364505794256775,-0.001449800878337672,-0.00011163285555629102,0.023562666954418856,0.02568478803942621,0.25
1.375,1837166688,0.017221661433258838,0.1,0.062412132598818136,0.03969396220766796,0.04460757055006568,0.05519506233677165,0.00036668243111811355,0.0026798124752419944,0.056743529115520976,0.13433311575578563,0.046643435131036415,0.08231146441963005,0.051841658904811384,2.7764451051977987,0.07917288916495527,-0.29738356328826676,0.14225479788454906,0.05139422730043787,12.706204736432095,0.04492493495215293,-0.06005181398432503,0.08996579285442446,0.05383750625625974,-0.11657605745500786,0.09493090099149451,-0.006907749383684453,0.13433311575578563,-8.123522743857453e-05,0.19388446592450692,0.000726150093040338,0.2861672411958622,-0.0006245604078219507,0.44016388314903004,-4.555581503926249e-05,0.6614289311079893,-0.00019324851152310366,1.364505794256775,0.0002416042080073063,-0.0006473588374606745,0.056832508709408334,0.08786888162166791,0.25
1.375,484702341,-0.025929719486508622,0.1,0.06763406559308432,0.0315905237822029,0.036197217250367085,0.03761645925438466,0.0007844547917566775,0.0006305432150801037,0.04009531200626847,0.32612014812863077,0.0333131278074109,0.08231146441963005,0.025146880409196673,2.7764451051977987,0.1299028196542381,-0.3652497525915359,0.35608634296926767,0.0437226748680248,12.706204736432095,0.021381109972272248,-0.06792008378054581,0.014308910489280522,0.057580845898636185,-0.12009316139595257,0.13462583883231152,-0.006849788315305596,0.13433311575578563,-3.0674493517948375e-05,0.19388446592450692,-0.0015832598086718227,0.2861672411958622,0.0007596816440026178,0.44016388314903004,-0.00033464971385062614,0.6614289311079893,-3.153014869483095e-05,1.364505794256775,0.0004926030043922495,-0.0006946747849307728,0.05900900552578941,0.08041778650344349,0.25
1.375,991826248,0.04928682977030876,0.1,0.06487880087198573,0.034691047006498985,0.046770731345143375,0.04658390550161287,0.0009287636836857825,0.0012412965680974155,0.04689744874160677,0.19388446592450692,0.04129743995318362,0.08231146441963005,0.03528291556026736,2.7764451051977987,0.0770639857795014,-0.1292550577413198,0.29867279446773903,0.04551321938478806,12.706204736432095,0.030682313076095997,-0.003004483377911968,0.10157814291852948,0.056930067601398474,-0.050141198074379986,0.16134247277305763,-0.00597806546493809,0.13433311575578563,-0.0007798463406058849,0.19388446592450692,0.00083245304090046,0.2861672411958622,0.00011334008944309812,0.44016388314903004,0.00012428186278750847,0.6614289311079893,-0.0006994881291141644,1.364505794256775,-0.0011412904906410656,-0.00022230028615772022,0.03315200787802108,0.05492169169447743,0.25
1.375,345424276,-0.3494279969072195,0.1,0.06699020934279899,0.05292378700625466,0.07238253258105054,0.07906523333072327,0.003184190579796509,0.0030671205418452046,0.08059028504093017,0.32612014812863077,0.06866356440571535,0.08231146441963005,0.055461563736354864,2.7764451051977987,0.08199783688299118,-0.6004694691781944,-0.1451444834770176,0.07860331274423195,12.706204736432095,0.050647547091006856,-0.4366775290893656,-0.26061966465684067,0.09983073499410476,-0.5214453884554062,-0.07711894931952036,-0.006101682971614211,0.13433311575578563,-0.0009657557676505347,0.19388446592450692,-0.0010815532144804157,0.2861672411958622,0.0003081550547872459,0.44016388314903004,-0.00013542131372292821,0.6614289311079893,-6.708137874563046e-05,1.364505794256775,0.0009254842021270031,-0.0008041254619436059,0.06339752998197794,0.09701394884336517,0.25
1.375,1635047265,-0.23749692261632543,0.1,0.06351423746989136,0.05227555751137936,0.07155304367520014,0.07919562433052857,0.0015842049033638035,0.004687742009738405,0.07922710165435999,0.2431366342882323,0.05763578085008116,0.08231146441963005,0.06856595654586747,2.7764451051977987,0.1405047251537553,-0.6171364178151769,0.163070895005435,0.06797748912381332,12.706204736432095,0.057445867493828656,-0.3544469020163688,-0.13494135068285468,0.05799933650488301,-0.35812069327426177,-0.14569431443897252,-0.0028880617169954608,0.13433311575578563,-0.0025982391132999237,0.19388446592450692,-0.00038350073885403947,0.2861672411958622,0.0005514820565343737,0.44016388314903004,-0.0003375403157269585,0.6614289311079893,-0.0002843850597744872,1.364505794256775,-0.0006004064600665387,-0.00033891019999700257,0.04120883649023289,0.05192932154023787,0.25
1.375,1447336987,0.11679432502961044,0.1,0.07086986733997366,0.06657442591327858,0.10230003793302746,0.10568471574208609,0.005566289025140881,0.005602970116344657,0.11120569183018783,0.32612014812863077,0.07814602297064578,0.08231146441963005,0.07496108104606153,2.7764451051977987,0.19761990955386152,-0.23846851906912547,0.8588931420717755,0.11882582145611013,12.706204736432095,0.07078688405258982,-0.0010920225318619553,0.23665359024676866,0.08833960234414927,0.016755993724587456,0.33018131835582265,-0.0060828822782941225,0.13433311575578563,-0.002785154977198175,0.19388446592450692,0.001184035345565466,0.2861672411958622,-0.00037640286673944987,0.44016388314903004,7.059974004018151e-05,0.6614289311079893,-0.0004503220165015318,1.364505794256775,-0.002120391252314264,-0.00012397898735537054,0.0249366017237427,0.035326411156173895,0.25
1.375,847843160,-0.011808204254070514,0.1,0.062262923181016394,0.03011406465282476,0.025754875706060512,0.02820293114359601,-0.00017176440457249446,0.0009671697296629123,0.029510223278479207,0.19388446592450692,0.02935045773856395,0.08231146441963005,0.03114426139594471,2.7764451051977987,0.12709443162969247,-0.44826637837787164,0.2574750468144402,0.022363190222527553,12.706204736432095,0.028179134687585147,-0.05734416980924898,0.04051842344263641,0.09804027348961994,-0.14192616644069422,0.19296307744955846,-0.007405098661093228,0.13433311575578563,-0.0003863641442674427,0.19388446592450692,0.0005117738880060753,0.2861672411958622,-0.00045376276009203843,0.44016388314903004,6.696457383419062e-05,0.6614289311079893,7.032040192278436e-06,1.364505794256775,-0.001783432679196451,-6.768360656387813e-05,0.018463046842983853,0.029174283972860843,0.25
1.375,662797968,0.20124019236515203,0.1,0.07395285250600772,0.09630546882722311,0.11596283771598843,0.1155364746304261,0.006085953914729679,0.007262723055297414,0.11813028217536077,0.32612014812863077,0.10227616331041987,0.08231146441963005,0.08534467519628255,2.7764451051977987,0.0887754798897831,-0.02712674891261091,0.4658337442905369,0.12271014019124102,12.706204736432095,0.07340942396194515,0.0599225872627889,0.3472192190854694,0.13545546107815815,8.926566402759316e-05,0.4995898734307775,-0.00414740187639389,0.13433311575578563,-0.0028729265369660875,0.19388446592450692,0.0011330972345889529,0.2861672411958622,-8.88299781188787e-05,0.44016388314903004,-0.00020255809304911787,0.6614289311079893,-0.0007084919318280619,1.364505794256775,0.001946960145513593,-0.001139535878558782,0.07538922770856167,0.10055397555484111,0.25
1.375,949595633,-0.1884423077334909,0.1,0.054433990899492087,0.043371734551417206,0.057657171992237084,0.050275600904180706,0.0015962297475620932,0.0009314062987143623,0.05236818812629724,0.32612014812863077,0.044658384924778936,0.08231146441963005,0.030563020538441385,2.7764451051977987,0.052600602538965154,-0.27629816952961633,0.015787201369913073,0.05403996287625972,12.706204736432095,0.030208654545489478,-0.2457150807936089,-0.1362104836022543,0.051102128210410956,-0.2607045276700607,-0.058925053647865676,-0.005698791022282472,0.13433311575578563,0.0006096342347006315,0.19388446592450692,8.669128822154044e-05,0.2861672411958622,-0.0005839767150887721,0.44016388314903004,-3.0137951580947285e-05,0.6614289311079893,-0.0001585671184910445,1.364505794256775,-0.0002878595673998902,-0.00046870739451770546,0.04833617029023043,0.08082294012249763,0.25
1.375,1529636736,-0.020905408505150186,0.1,0.06320100565127153,0.027929184207574183,0.028557368014912213,0.027197414692511707,9.360046586759103e-05,0.0006460989000888607,0.028080770565117295,0.13433311575578563,0.030661751688410455,0.08231146441963005,0.025455180964793565,2.7764451051977987,0.06475851582593498,-0.1462165191813441,0.2133804093882386,0.024452748596039412,12.706204736432095,0.02249550623213806,-0.055764999476892535,0.026378185870682136,0.03483343588940007,-0.06226772617892204,0.08611472687090135,-0.006847351316958501,0.13433311575578563,-0.0013283528599437634,0.19388446592450692,-2.8621055967228105e-05,0.2861672411958622,-0.00033912888550398986,0.44016388314903004,8.784288670849475e-05,0.6614289311079893,-6.0836196655234846e-05,1.364505794256775,-0.0014212984575928261,-0.00023785214246439232,0.034669013019887965,0.05189542424207096,0.25
1.375,688991385,0.23072595621448344,0.1,0.06360057046229638,0.027623166929102633,0.03284663903320885,0.03282624616677505,0.00023209634703333262,0.0008454660903683808,0.034956090636040056,0.13433311575578563,0.0360231571501206,0.08231146441963005,0.029118887924887555,2.7764451051977987,0.1073382721939742,-0.059688553233324226,0.5363490876333731,0.027959686593110003,12.706204736432095,0.026258649722011425,0.1800232183534027,0.2722312827372254,0.06538533198279439,0.10267520519936355,0.3505501265149651,-0.00556374764379238,0.13433311575578563,-0.0006491430037525558,0.19388446592450692,-0.0007713519581030577,0.2861672411958622,-0.0002619533650650979,0.44016388314903004,-7.523435279476351e-05,0.6614289311079893,0.00015041796998696455,1.364505794256775,0.002080503809046454,-0.0010331123742053677,0.07185679373669131,0.08150984638274461,0.25
2.25,411864683,0.054610591494386435,0.1,0.056115638502549775,0.045662066594618966,0.04375988330793885,0.047973030546332875,-0.0002944208207962477,0.002595832480595634,0.05468932608350911,0.13433311575578563,0.05126125582563382,0.08231146441963005,0.051022885910235585,2.7764451051977987,0.11824912902684002,-0.13084851769545047,0.5257759132654953,0.042883426230520376,12.706204736432095,0.048040839717583786,-0.017558723626340353,0.13162028672897783,0.0771785432191974,0.0015743938889856354,0.26738263865115186,-0.005392411990866955,0.13433311575578563,0.0004180008238398404,0.19388446592450692,-0.001271706401250501,0.2861672411958622,0.0003331778385406841,0.44016388314903004,4.063623899604258e-05,0.6614289311079893,-0.0003093090283422969,1.364505794256775,-0.00039849199644267084,-0.00037985705638438283,0.043679700025007845,0.06216925890218368,0.25
2.25,443326667,0.02944244075334973,0.1,0.07444730486308955,0.059380681835882416,0.09448871724219404,0.07060912376849403,0.004890172347739762,9.547601161474597e-05,0.07052079007885036,0.2431366342882323,0.07172879891258126,0.08231146441963005,0.009785292731689047,2.7764451051977987,0.02651443042222809,-0.03956723595814798,0.10766448516765759,0.058818428515679394,12.706204736432095,0.009307394852863504,0.012350047437883767,0.04653483406881569,0.05964121708809182,-0.08780733670983637,0.15140093146511802,-0.005057231716853331,0.13433311575578563,-0.0019288442768010605,0.19388446592450692,-0.00033072490693634424,0.2861672411958622,5.436459935201346e-05,0.44016388314903004,-0.0005136846192981493,0.6614289311079893,0.0002350139008012023,1.364505794256775,-0.0006829988465462362,-0.00040276788889591066,0.04511858076555002,0.07907445960799304,0.25
2.25,1702886449,0.1657157794065518,0.1,0.0575595333914814,0.02962915339377766,0.04326647102929009,0.03396010919828716,0.0009723091564017365,0.00018097986035785156,0.03708207082900685,0.32612014812863077,0.03371068841547219,0.08231146441963005,0.013472302087545268,2.7764451051977987,0.04794775191213606,0.02277347609811442,0.2890220783014915,0.0430296104482575,12.706204736432095,0.0120129009599233,0.14683940832326925,0.18647846325627215,0.07094188160390529,0.022422806101239413,0.34332188801559826,-0.0066966476047297585,0.13433311575578563,0.0011287033469722673,0.19388446592450692,0.00017168898866540565,0.2861672411958622,-0.00017778211977132244,0.44016388314903004,0.00017050685668825762,0.6614289311079893,-0.00046114818801703346,1.364505794256775,-0.0003034036613275055,-0.0004035312476847407,0.04502643961653929,0.05753468090114435,0.25
2.25,1807145538,0.1935084042403191,0.1,0.06710277771248767,0.044459911908703756,0.0437104279376057,0.00958479721329893,-0.00015267649657583083,0.00024454483419589375,0.02206517090787438,0.13433311575578563,0.04920289794441754,0.08231146441963005,0.01566051120408713,2.7764451051977987,0.04710005907693669,0.033162182686436587,0.29470363964381263,1e-150,12.706204736432095,0.013267852030301168,0.16335420314473303,0.21526459548755764,0.0685680042616277,-0.00031095143395655847,0.2602680998727425,-0.006860823582653793,0.13433311575578563,-0.00062751473943461,0.19388446592450692,0.0001879832483081987,0.2861672411958622,-0.00023290107228618839,0.44016388314903004,1.5171233469928509e-05,0.6614289311079893,-4.258976384844178e-05,1.364505794256775,-0.0006788256232293992,-0.0003321495023641024,0.0405316429360652,0.05602678031175531,0.25
2.25,1578418003,-0.11775930829375425,0.1,0.06292334438388812,0.03621803418525137,0.05976021863257582,0.05309594593753929,0.0020791761619942586,0.0007400033130078366,0.057316983339003466,0.32612014812863077,0.04729480251042328,0.08231146441963005,0.02724228424539145,2.7764451051977987,0.02522290366565924,-0.21741466301177786,-0.07735464816898745,0.06212578262304117,12.706204736432095,0.02332013239881954,-0.159770790070182,-0.07892170114190614,0.06002190550990599,-0.19750198463747953,0.028682470707068277,-0.0059405522601679184,0.13433311575578563,-0.00040729632734385566,0.19388446592450692,-0.0009759642780058978,0.2861672411958622,-1.566620872608705e-05,0.44016388314903004,7.067013968532063e-05,0.6614289311079893,-0.0001158160185393943,1.364505794256775,-0.0013151782810369404,-0.00021461857507626905,0.03294310714257124,0.05762639883453474,0.25
2.25,1123785674,0.0433609489000319,0.1,0.06381138636282303,0.1134462758636798,0.08202981747256428,0.11001372548983429,-0.006241054861410053,0.01834407465756267,0.131446548505473,0.13433311575578563,0.13268472728826425,0.08231146441963005,0.13563588099900575,2.7764451051977987,0.18583483641788903,-0.49366618552200436,0.5382542583733589,0.09438418973907353,12.706204736432095,0.12480244971545365,-0.16392689897635265,0.2627836657607822,0.126383927144476,-0.2738764457272546,0.19119798904191293,-0.006364736367957994,0.13433311575578563,0.0002761378680837183,0.19388446592450692,-0.0009077169497489011,0.2861672411958622,-0.00016976007424130375,0.44016388314903004,-0.0002463386196119443,0.6614289311079893,0.0002619969245119978,1.364505794256775,0.0011097401730559005,-0.000793807653516752,0.06311358244314509,0.08235627796251718,0.25
2.25,656281361,-0.19234105958251588,0.1,0.06360541744223858,0.03420490899059148,0.029246797476072724,0.0447787863809828,-0.00024021519733041785,0.0022453549070841085,0.04876679053628197,0.13433311575578563,0.03818832575567635,0.08231146441963005,0.047453602309345144,2.7764451051977987,0.17929855861326707,-0.8672139844844167,0.12841122637723534,0.04497247010484311,12.706204736432095,0.0437811655613564,-0.26749006852129636,-0.12225272705620792,0.06794895433566266,-0.38342503965765257,-0.13151869920701967,-0.006703408228081695,0.13433311575578563,7.678504131252038e-05,0.19388446592450692,0.0010640802759376024,0.2861672411958622,-0.00014974396188308737,0.44016388314903004,-5.167185000816096e-05,0.6614289311079893,-0.0004278662885133107,1.364505794256775,-0.0013042089199635527,-0.0001750772463016905,0.029627169508578678,0.037833311486617116,0.25
2.25,893066473,0.23478981304294524,0.1,0.05907681199808116,0.0355909712758624,0.03238179889406626,0.05370879092927996,0.00032531581914821525,0.0025593184039368897,0.05398960448294062,0.2861672411958622,0.03337456831502805,0.08231146441963005,0.05066276026764341,2.7764451051977987,0.0726561092833986,0.07906221544512512,0.48251361341034193,0.052009295894835265,12.706204736432095,0.04500424975160828,0.1601008674008917,0.3094787586849988,0.04731913573733534,0.11116629313098246,0.2953657013114465,-0.006391791229335637,0.13433311575578563,-0.0012851198333296984,0.19388446592450692,0.0001677526472936583,0.2861672411958622,0.00029572466200751985,0.44016388314903004,-0.0006242674416141486,0.6614289311079893,4.544386382179527e-05,1.364505794256775,0.004773550029675389,-0.0017867227697080303,0.09420508668276505,0.15734106050154076,0.25
2.25,1298262787,-0.14669859150903536,0.1,0.05701985593331526,0.038787012802819855,0.029017956583460777,0.022843746673356462,-0.0005572908531290522,0.0010791276152055367,0.03069970202822371,0.13433311575578563,0.03936437479741819,0.08231146441963005,0.032897514817162674,2.7764451051977987,0.06403750643522264,-0.2657474765183661,0.08984576606392679,0.0185938802716482,12.706204736432095,0.031161558551641183,-0.19661454280031743,-0.09008668276770009,0.07795305498245556,-0.28093243751595626,0.0351375516842013,-0.0057832847159612006,0.13433311575578563,-0.001011759805035251,0.19388446592450692,-0.0008278546509691185,0.2861672411958622,0.0004924765564956472,0.44016388314903004,-0.00015705560321579247,0.6614289311079893,-9.436242471564793e-05,1.364505794256775,-0.001318756645887614,-0.000169322349804888,0.029086161645825854,0.04587467618506791,0.25
2.25,920941037,0.058985311313864294,0.1,0.06327934697865543,0.03283068331966783,0.04494817643646387,0.04157006585045189,0.0006181691859830378,0.0011099011888278689,0.04305618238350972,0.32612014812863077,0.03775605397264158,0.08231146441963005,0.033363288143287005,2.7764451051977987,0.10873917313411213,-0.05010216369972931,0.553714526283194,0.043101685040916195,12.706204736432095,0.027372386418092327,0.01126805447769684,0.10670256815003175,0.08658924585722733,0.0008741679287150722,0.31974355613972383,-0.004216775814248497,0.13433311575578563,-0.00032065624165893646,0.19388446592450692,-0.001852348452695822,0.2861672411958622,0.0004630675190760733,0.44016388314903004,-0.0003555916476237857,0.6614289311079893,-5.80910570617107e-05,1.364505794256775,0.0006793697990722711,-0.0007177438336857201,0.060146685161126694,0.09931023760169728,0.25
2.25,571266697,0.3237940169528535,0.1,0.06434820689002825,0.03568366409046212,0.0499402555184963,0.048915625631059535,0.0017802672300235782,0.0006124712008543905,0.055890563460936106,0.32612014812863077,0.035685571521850735,0.08231146441963005,0.024783892931372543,2.7764451051977987,0.06225910662185055,0.1002633278328049,0.44598131150125453,0.06413869180912185,12.706204736432095,0.02091944379474855,0.2836983306129007,0.3638897032928063,0.08552148339409404,0.046718393586842336,0.3642805490485047,-0.007282131753783695,0.13433311575578563,0.0010900182579256742,0.19388446592450692,-0.0016302817915401576,0.2861672411958622,-9.405524939128304e-05,0.44016388314903004,0.00024075937960942547,0.6614289311079893,-0.00021172953994450127,1.364505794256775,-0.0008426283445947107,-0.0003944819347267591,0.04416464574954054,0.07167105981399408,0.25
2.25,753865955,-0.1909500423114351,0.1,0.05821217958511635,0.0528704205503736,0.0416679387383269,0.03458213435924323,-0.0012211848020632465,0.002417108818903998,0.04841997048493078,0.13433311575578563,0.06481715953576497,0.08231146441963005,0.049235096044817954,2.7764451051977987,0.12331503375000304,-0.6157992795075615,0.0689555641974331,0.028419179056572385,12.706204736432095,0.04597500630525049,-0.26538730685723916,-0.10888093708984595,0.08134550400142707,-0.2784106170075662,-0.01768367112968271,-0.004769535627194347,0.13433311575578563,-0.0003662698831143121,0.19388446592450692,-0.0006645131993362435,0.2861672411958622,0.0005909815596995189,0.44016388314903004,-0.00026850291255824734,0.6614289311079893,-0.0002844496338832107,1.364505794256775,0.00042692641595000117,-0.0005666812050209825,0.05300421432434718,0.06472605780906747,0.25
2.25,129204890,-0.23112455269938614,0.1,0.06868787466854151,0.04365785740408428,0.05969755210678965,0.06507855641602431,0.0024563331842749067,0.0017788853209187512,0.06595368799722896,0.32612014812863077,0.052386424203072574,0.08231146441963005,0.042237739143725826,2.7764451051977987,0.10346233535350344,-0.5471188376118057,0.02739615151732988,0.06497809200843309,12.706204736432095,0.03661057471136025,-0.2764235105712232,-0.15343175943248266,0.08876555692287802,-0.3758699161764841,0.005315478607811085,-0.009188590105019474,0.13433311575578563,0.00253282588642858,0.19388446592450692,-0.0008018733381281015,0.2861672411958622,-0.0008175908830615942,0.44016388314903004,0.0010192837827453889,0.6614289311079893,-0.0007550755437290959,1.364505794256775,0.006715626268683759,-0.0022742900325920597,0.10693882728341676,0.1428463198669867,0.25
2.25,2061806565,0.22712397316836816,0.1,0.06620231076225741,0.0652065130788417,0.06398174141862681,0.08561505249001454,-0.0003310063735608836,0.007660943586428829,0.08906305156667052,0.13433311575578563,0.06837294666184064,0.08231146441963005,0.08765320896510825,2.7764451051977987,0.18351003788533715,-0.4188161333479862,0.6001949595348276,0.08481663712719141,12.706204736432095,0.08007381149396005,0.07254846171884552,0.37548328595734715,0.13545995611362766,-0.1423052466813612,0.2996124901423516,-0.006285321196661273,0.13433311575578563,0.00034636287114872056,0.19388446592450692,-0.0005013309077109702,0.2861672411958622,0.0001261417310349784,0.44016388314903004,0.00011340446876190278,0.6614289311079893,-0.0004659435959233605,1.364505794256775,-0.000987506498618636,-0.00028517213250165097,0.03782673668820442,0.041777239130665604,0.25
2.25,1113896091,0.12630876847683864,0.1,0.06854708650575354,0.05276942429706747,0.06746320067759447,0.057685451381524554,0.001870663401619984,0.0014569478994702493,0.05838280647137596,0.32612014812863077,0.057135853245312195,0.08231146441963005,0.038225106037127525,2.7764451051977987,0.0965246062199039,-0.23897795138100633,0.297012589559788,0.05905148172975263,12.706204736432095,0.030273428890549105,0.07017123389285237,0.1824463030608249,0.09368905714237129,-0.15367813286236867,0.17366258254259317,-0.006285566653964201,0.13433311575578563,0.0011976417111326933,0.19388446592450692,-2.8462525296326378e-05,0.2861672411958622,-0.0008046260308071665,0.44016388314903004,-0.0002457583031745691,0.6614289311079893,0.00010102700320372519,1.364505794256775,-0.0021364436017107915,-5.115961936642523e-05,0.01598662215769979,0.023591090812123912,0.25
2.25,28297167,0.04056532652616975,0.1,0.06001658164495086,0.02759429377372173,0.03214385797854206,0.038423128739233266,0.0001901268803991133,0.0012862099417125803,0.03986066932600712,0.13433311575578563,0.030694813206237407,0.08231146441963005,0.0359155580700943,2.7764451051977987,0.14675776502676396,-0.29646673792025013,0.5184630187964049,0.0345183032948437,12.706204736432095,0.03259320693177885,-0.020040482296747875,0.0977102605228517,0.059696106089043854,-0.1180903801297827,0.1112482425967587,-0.005878377605322006,0.13433311575578563,-0.0017992304130788166,0.19388446592450692,0.00047838963137772724,0.2861672411958622,-9.876572160416353e-05,0.44016388314903004,-0.0004902450666232356,0.6614289311079893,0.00018902111453014236,1.364505794256775,-0.0008894822289027036,-0.00033630672821686477,0.04100359409510939,0.05155068919902749,0.25
2.25,760083292,0.08397157900619147,0.1,0.0698901416614712,0.056195870553137246,0.04851254293047341,0.040812690042293015,-0.00029569280567017615,0.0019613684741584597,0.05092266985961739,0.13433311575578563,0.06696978956678946,0.08231146441963005,0.04435129275647416,2.7764451051977987,0.09048336108321338,-0.21229181277306056,0.290152357189605,0.0295543684203903,12.706204736432095,0.03955993126753929,0.01684816319244868,0.15307428788436145,0.07675301703759385,-0.07993902447850414,0.220066886730347,-0.005598979967161532,0.13433311575578563,-0.002346572274765552,0.19388446592450692,-1.0067709237363595e-05,0.2861672411958622,0.0007126065314301016,0.44016388314903004,-0.0003740814184805031,0.6614289311079893,-0.0001443733531079495,1.364505794256775,0.0011619368342130993,-0.0007992619502953061,0.06292744150332745,0.10775333463780763,0.25
2.25,336062515,-0.2198922542259221,0.1,0.059023918416167165,0.050479277353300475,0.03263212131802824,1e-150,-0.0010416483590413215,0.0009632782041665115,0.022890522246187504,0.13433311575578563,0.04308293787801922,0.08231146441963005,0.03108154187325679,2.7764451051977987,0.0654412053906667,-0.3890500959741813,-0.025662267203860584,1e-150,12.706204736432095,0.027630507957332625,-0.2699727871736657,-0.18015283066145082,0.06512936405690606,-0.29168179073811545,-0.057180076680580394,-0.006735704677441413,0.13433311575578563,-0.0004018362656715683,0.19388446592450692,-0.0005361466999734476,0.2861672411958622,0.00028703057324859754,0.44016388314903004,0.00027748618031177963,0.6614289311079893,-0.0006079038205926182,1.364505794256775,0.0034918712138680853,-0.0014398060725542218,0.08443436014000591,0.14845646877824883,0.25
2.25,1215975833,0.0693337406059684,0.1,0.06529076917202548,0.08235535061252534,0.079636733361418,0.09132253757276487,2.3726317708761165e-05,0.00831607955102029,0.09251877008655718,0.13433311575578563,0.08159381452540851,0.08231146441963005,0.09132422714163782,2.7764451051977987,0.2207741826738963,-0.881086797535282,0.34484800014268624,0.09429897994219266,12.706204736432095,0.07955915751391948,-0.07104077851202288,0.20970825972395968,0.17778333852174855,-0.5505455695099264,0.1283351904625029,-0.005504646571222588,0.13433311575578563,-0.0018802404321111698,0.19388446592450692,-0.0005788303859076197,0.2861672411958622,-0.0004611329417680688,0.44016388314903004,0.00045595927014217017,0.6614289311079893,-0.00019190145304983936,1.364505794256775,-0.000985209142901425,-0.0003030394132974485,0.03902825201670158,0.04915626286607438,0.25
2.25,1562704238,-0.14749611021539943,0.1,0.06107715164612925,0.02041631907388549,0.026377188792501047,0.02486604468141069,0.00013065006970418394,0.0004876701083937288,0.025400915994793636,0.32612014812863077,0.024536077592634938,0.08231146441963005,0.022115143218483967,2.7764451051977987,0.12261405337481432,-0.419493791399555,0.2613685852423747,0.027571673031244307,12.706204736432095,0.021624395972625603,-0.18548846037339295,-0.11574636143416303,0.0395573511421628,-0.21143071416358422,-0.038304306433078354,-0.006710693691992493,0.13433311575578563,0.0012434271721077374,0.19388446592450692,0.0023276352991206586,0.2861672411958622,-0.0008802157584930475,0.44016388314903004,-0.00023858473329305656,0.6614289311079893,-0.0003464974934052871,1.364505794256775,-0.000528350774981526,-0.0003585022431478685,0.042137190437014055,0.056247735684226,0.25
2.25,120620472,-0.0014139699920752771,0.1,0.08134553002326605,0.09461763828081757,0.12203635533376217,0.1151302625392319,0.006923097325743966,0.006331880026608498,0.11671335093986518,0.32612014812863077,0.10244025730732617,0.08231146441963005,0.07968801828317275,2.7764451051977987,0.07633082949560427,-0.23694672747101297,0.18690998838650347,0.11393088212480616,12.706204736432095,0.06850668096080545,-0.10282941850419819,0.11727441147342094,0.09471662817476202,-0.13932141163416095,0.22769705194602702,-0.006120168928439704,0.13433311575578563,-0.0007737993399724942,0.19388446592450692,0.0004004196953143203,0.2861672411958622,-0.0009209870053669701,0.44016388314903004,-0.0001647251338670356,0.6614289311079893,0.00023005785152447545,1.364505794256775,0.0021539816541643712,-0.0011208678051959219,0.07473768424763441,0.11908609286742244,0.25
2.25,726004327,-0.08411132343730371,0.1,0.07118917377672816,0.043679349936597806,0.07732080491333114,0.07750568499225949,0.0032992966154542676,0.002707834590665091,0.07779408252278061,0.2861672411958622,0.05910232325801706,0.08231146441963005,0.052112001517873076,2.7764451051977987,0.3362051077946294,-1.1640808313390212,0.7028292204187732,0.07484630162745742,12.706204736432095,0.04725479595360052,-0.15685144445390276,0.017193699001304213,0.10566282882156505,-0.426079697242569,0.018253738524643563,-0.009270420988178247,0.13433311575578563,0.00017851768724302749,0.19388446592450692,-0.0012895544341391739,0.2861672411958622,1.2790525412199106e-05,0.44016388314903004,0.000721578071873044,0.6614289311079893,-0.0005032636060460259,1.364505794256775,-0.0008749428945293539,-0.00042694084587197896,0.0463509431351245,0.06437473311962667,0.25
2.25,1920875136,-0.11508726269688832,0.1,0.050900911757499404,0.0579315681189102,0.030225222926652712,0.0599069757354668,-0.002202396208253731,0.005791241950023539,0.06247506149328604,0.13433311575578563,0.040039997206422435,0.08231146441963005,0.07621010197815455,2.7764451051977987,0.233488959995523,-0.4608115096673534,0.8357270505272355,0.0581768631422123,12.706204736432095,0.07138250318052805,-0.22320593725584342,-0.006968588137933218,0.07595473793160813,-0.20404545593656367,0.08620971371030921,-0.008402896734268424,0.13433311575578563,-0.001625549580361146,0.19388446592450692,0.0010977172314479702,0.2861672411958622,-0.0004772064443201588,0.44016388314903004,-0.000320256194783903,0.6614289311079893,9.542951998604637e-05,1.364505794256775,-0.0014914816481592307,-0.00031970531088890977,0.04009307276548256,0.05180124034346031,0.25
2.25,189485636,-0.0128152803826349,0.1,0.06147596121922734,0.06691678490430421,0.07617926362818792,0.07431796385300758,0.002053749178069368,0.0034694105731875734,0.0747884092384653,0.2861672411958622,0.06449362957132859,0.08231146441963005,0.05898675928864013,2.7764451051977987,0.10939556305683895,-0.1422343369456444,0.4652272142133909,0.06957979290226232,12.706204736432095,0.052239274294631106,-0.10660820100317454,0.09076512069323246,0.14680771084661115,-0.07924226560436284,0.39738284380903915,-0.006160953573535992,0.13433311575578563,-6.162476283184834e-05,0.19388446592450692,-0.00040667250089822525,0.2861672411958622,0.00027972275714244823,0.44016388314903004,-0.00023010138895246098,0.6614289311079893,-0.0003370226840630668,1.364505794256775,-0.0015750607099403594,-0.0001965385483983967,0.03120133294555027,0.04648242728580848,0.25
2.25,1123929021,0.03899987057270299,0.1,0.06432927322736437,0.07556236310703465,0.087436223943591,0.10865933003487618,0.0019728353455150272,0.009834014658113118,0.11994318555427894,0.13433311575578563,0.09462747559836518,0.08231146441963005,0.09930980145884656,2.7764451051977987,0.10893165315805552,-0.27240364170921827,0.3324818687143569,0.09586310513932665,12.706204736432095,0.08341087681567344,-0.12619047811411122,0.178991194087806,0.08938271614142684,-0.14826975918459384,0.19393990001665862,-0.005114012581242381,0.13433311575578563,-0.0035529788156543588,0.19388446592450692,0.0013534739215368488,0.2861672411958622,-0.00010222358367285048,0.44016388314903004,-0.0006479899153740338,0.6614289311079893,0.00028700183018480474,1.364505794256775,-1.142523103560195e-05,-0.0005207157121294875,0.05075575419812928,0.07391520360981907,0.25
2.25,983844774,-0.10631975738924693,0.1,0.0691900920036519,0.04858177630457453,0.07187088073012744,0.08267488882930639,0.0025566960919063916,0.00427844115103178,0.08290579929318687,0.2861672411958622,0.06239448116319431,0.08231146441963005,0.06550424862468443,2.7764451051977987,0.22234823523133287,-0.9498537079894938,0.284821630725312,0.08174364014858648,12.706204736432095,0.06658014104353122,-0.20815087340953053,0.002923747875577587,0.10422855983772761,-0.48461926505001185,0.009401555449752463,-0.007344454280014569,0.13433311575578563,0.0001351745609995404,0.19388446592450692,-0.0005448585543282025,0.2861672411958622,-0.00047419555753623697,0.44016388314903004,-5.043009889618251e-05,0.6614289311079893,8.480315947748731e-05,1.364505794256775,-0.0016972181750368783,-0.00020645620527273527,0.03230018371101079,0.055958207493164665,0.25
2.25,497102788,-0.21352165888347663,0.1,0.05760570855671648,0.03255028215785313,0.028149735600487696,0.018036583469983148,-0.00017622403416426105,0.0005015423774339304,0.022381065808510594,0.13433311575578563,0.029981446696023605,0.08231146441963005,0.022427481398440193,2.7764451051977987,0.11052030148248969,-0.5532443847581523,0.06046271539393483,0.00717250236729025,12.706204736432095,0.020458148162274144,-0.2519794409968846,-0.1750638767700687,0.09226612709316491,-0.29133957141306044,0.0820345435413744,-0.0060875205504029,0.13433311575578563,0.0013021830375535772,0.19388446592450692,-0.0015702340406277351,0.2861672411958622,0.00020710482395766065,0.44016388314903004,0.00011888604509946,0.6614289311079893,-0.0002874885840421625,1.364505794256775,-0.0009238410852943189,-0.0002749522239824025,0.037222478591873207,0.04514370200450361,0.25
2.25,1081406967,0.1365135315403728,0.1,0.058481096018903944,0.02007529632867244,0.031674876205642494,0.035052152447036605,0.00045267849345292905,0.0007759748977173651,0.03642988341410106,0.32612014812863077,0.026180495447249204,0.08231146441963005,0.027896551753467475,2.7764451051977987,0.13510513323099393,-0.28341458648608314,0.466809385206496,0.03752332841723536,12.706204736432095,0.023070533296716166,0.08270600934402184,0.1757300804074384,0.07510128439609819,-0.0035290682282050276,0.3053424183233244,-0.007286594423077095,0.13433311575578563,0.0008086906096598652,0.19388446592450692,-0.0004996251562128787,0.2861672411958622,-0.0004063736270183335,0.44016388314903004,-0.00011507334696580144,0.6614289311079893,0.00013863363624682398,1.364505794256775,-0.000653426093834815,-0.000397189230598029,0.0446598459974231,0.05404529445369142,0.25
2.25,298835750,0.1330786587515854,0.1,0.06569174661710218,0.03329742859884683,0.0316164501232582,0.017912140193907775,-0.00017299931011035652,0.000493844076436563,0.024003969500508843,0.13433311575578563,0.034563986263083775,0.08231146441963005,0.022254693245586772,2.7764451051977987,0.09989599638247551,-0.13680067453272166,0.41791082583724065,0.008009099326049953,12.706204736432095,0.019503428561585368,0.09981255309229131,0.1743617174325987,0.06265634240103839,0.010147880772599278,0.31669530821490127,-0.006199019258201766,0.13433311575578563,-0.0003840839128384701,0.19388446592450692,-0.00018486119600434815,0.2861672411958622,6.524823492728323e-05,0.44016388314903004,-0.0001255347309965024,0.6614289311079893,-0.00021085455140084164,1.364505794256775,-0.0007882019650804456,-0.00034761265052041354,0.04192168859325584,0.06762093850092213,0.25
2.25,1654742210,0.1544886872351486,0.1,0.08017005870672148,0.08995415050411303,0.12413077482485077,0.14333506843682317,0.007885816264397088,0.012659125579391695,0.14382928892669467,0.2861672411958622,0.10342256207187395,0.08231146441963005,0.11267525303961036,2.7764451051977987,0.09346446410191198,-0.16469241593842143,0.35430549179295634,0.1445553783039108,12.706204736432095,0.09706955293639548,-0.006574019466352804,0.29580358862426603,0.09500934638538289,-0.047683324989305165,0.31375919753097964,-0.006684946563740441,0.13433311575578563,0.0021761608387434986,0.19388446592450692,-0.0014872533974984443,0.2861672411958622,-0.00040912983696755304,0.44016388314903004,9.062671766277449e-05,0.6614289311079893,-0.000263652217906012,1.364505794256775,-0.0015570302735894808,-0.00024509004915872814,0.035009869952817005,0.04435103973688624,0.25
2.25,1565181603,-0.2502084837804442,0.1,0.04233557465076472,0.0345065427477568,0.03591098731347807,0.04687289831064419,0.00010088324574174636,0.0020961853502982444,0.05113955609994169,0.13433311575578563,0.041400278167637604,0.08231146441963005,0.045850231073146765,2.7764451051977987,0.0666047509537354,-0.49695086811119754,-0.12710199857436338,0.04214946152305556,12.706204736432095,0.041284778880131656,-0.3205251944652543,-0.18607069328640585,0.04851766654397362,-0.3773085016805554,-0.19829461518766012,-0.005972184790074001,0.13433311575578563,0.00040972535137429793,0.19388446592450692,-9.203451578099301e-05,0.2861672411958622,-0.0005300495064787357,0.44016388314903004,-4.717690678774628e-05,0.6614289311079893,-7.580338092418719e-05,1.364505794256775,-0.0014614085013944197,-0.00017640964529004388,0.029549168898928342,0.042371230976831854,0.25
2.25,704873059,-0.3599978885590107,0.1,0.06523909363931844,0.041144637554415234,0.04101723605005498,0.05182376923982288,5.723051873179983e-05,0.0026284725394906125,0.05564082397122488,0.13433311575578563,0.04239361465960603,0.08231146441963005,0.051342665308047916,2.7764451051977987,0.1260216264219866,-0.7798219476122237,-0.08003769195544314,0.04685666251958183,12.706204736432095,0.04571383104394194,-0.43155681593790624,-0.270463132531125,0.054744007065346094,-0.49355851451296334,-0.26868101697770547,-0.00802407454622545,0.13433311575578563,0.003103167376468568,0.19388446592450692,-0.0005504727103407321,0.2861672411958622,0.0003261788076944196,0.44016388314903004,-0.00022521029997133688,0.6614289311079893,-0.000572100994589869,1.364505794256775,-0.0002463664870372037,-0.0005361694585986583,0.051637993754951726,0.06504207773501544,0.25
2.25,655533068,0.31807347372927713,0.1,0.07324894426705554,0.08179512311542056,0.09997494994797336,0.08394582213170748,0.00460135786438393,0.0024455431889843383,0.09225669970867098,0.32612014812863077,0.07781389285819823,0.08231146441963005,0.0495238450938852,2.7764451051977987,0.06500309766879613,0.049893831948153305,0.41084889663860025,0.09702969498044212,12.706204736432095,0.04409505638149969,0.23858825661390826,0.3871194660721614,0.18300524619564523,-0.2571147183596716,0.41369850518973594,-0.007700213126563765,0.13433311575578563,-0.0009250344551945496,0.19388446592450692,-0.0002414594512380722,0.2861672411958622,-0.0005412636635254565,0.44016388314903004,0.0005580857527207385,0.6614289311079893,-0.0003748389750903335,1.364505794256775,-0.0004499298367093814,-0.000519404142034493,0.05103082753397179,0.06958262504381582,0.25
2.25,1930347038,-0.0820875139570778,0.1,0.0730884608099005,0.08296090999005158,0.1136489945222027,0.11210591013519428,0.0056786967784206496,0.006889038308819605,0.11652711684972492,0.32612014812863077,0.09190741309983726,0.08231146441963005,0.08312008676705655,2.7764451051977987,0.10588901638399655,-0.23908883630600566,0.3489012461611078,0.12002633465679119,12.706204736432095,0.07295200257783337,-0.19996502370964278,0.03578999579548717,0.15234998783857268,-0.22156040174478936,0.35869964663471415,-0.0063036408821259115,0.13433311575578563,-0.0020740214432918348,0.19388446592450692,0.0012386880578189815,0.2861672411958622,0.0007597046935442554,0.44016388314903004,-0.00023256085462622264,0.6614289311079893,-0.001073834917407496,1.364505794256775,0.0002618623084081191,-0.0007355008130543623,0.06081291354672831,0.0905740320478387,0.25
2.25,1462724659,0.006591657386106252,0.1,0.06838439840936172,0.07684593652691787,0.09168692984132142,0.08592571108293265,0.002093810194150042,0.005289417630957572,0.08717228250096026,0.32612014812863077,0.08270027398259261,0.08231146441963005,0.07283340555782827,2.7764451051977987,0.15519969400951505,-0.1856049491573619,0.6762019123644665,0.09189777868808795,12.706204736432095,0.06831493923910183,-0.09799702530207755,0.11118034007429003,0.13904294644612983,-0.07401459752330752,0.37912206192791575,-0.007323020098661939,0.13433311575578563,-0.0008870633410953516,0.19388446592450692,0.0004586817331579083,0.2861672411958622,0.0004197414795679616,0.44016388314903004,-0.0006419932481137345,0.6614289311079893,0.00024207972581459581,1.364505794256775,-0.001580450160197794,-0.00010444919764558199,0.02278524117407032,0.024368482436118544,0.25
2.25,1897125933,-0.12144376539296864,0.1,0.08311571569292994,0.09086525053910394,0.12231602359795979,0.12007349869426143,0.006358610464737371,0.008059034623943431,0.12142313947680958,0.32612014812863077,0.11066007606624316,0.08231146441963005,0.08990176100348138,2.7764451051977987,0.10298946811912399,-0.4116248965982787,0.16026431269425434,0.12113532403181396,12.706204736432095,0.07465585947833162,-0.25524438804058996,0.013563622684374194,0.09910247293920355,-0.3483122854585269,0.027592079561941762,-0.004437702647569234,0.13433311575578563,-0.0017023422611825592,0.19388446592450692,-0.0006449460524294727,0.2861672411958622,-0.0004047469005393651,0.44016388314903004,0.00021014600637338544,0.6614289311079893,-0.0003263508723112362,1.364505794256775,0.002015876982195027,-0.0011102482423736276,0.07454330056712559,0.080141732011079,0.25
2.25,1247521169,-0.06404073031474641,0.1,0.05833269022239804,0.04511945016378871,0.04112876573027205,0.0638048559147904,-0.00028800512298329047,0.004359064761290454,0.06546259267842322,0.13433311575578563,0.04565541532205302,0.08231146441963005,0.06611855423674784,2.7764451051977987,0.10423063014911886,-0.5272841941029752,0.05149705167543103,0.06333634678413302,12.706204736432095,0.059331141520165526,-0.16668248951432932,0.03860102888483649,0.07964214238201855,-0.3139481976845474,-0.012840608380157215,-0.004888730176797292,0.13433311575578563,-0.0018634095910636474,0.19388446592450692,0.00024941031853042023,0.2861672411958622,0.0007446572220560796,0.44016388314903004,-0.00045714580611924655,0.6614289311079893,-0.00023579378626319584,1.364505794256775,0.0002621431215349911,-0.0005279704525267837,0.05142243665831744,0.07332644735427175,0.25
2.25,742790538,-0.25521629603562274,0.1,0.05457504734112522,0.05309334361574631,0.03559172096426618,0.018935434374912265,-0.001489374645803661,0.0018479253207702702,0.021441239572490185,0.13433311575578563,0.04655352285298379,0.08231146441963005,0.04304957776095805,2.7764451051977987,0.03890952333177276,-0.39065134781076194,-0.1745910366106019,0.00931623720516715,12.706204736432095,0.04185594739716276,-0.32728995246533765,-0.18314263960590782,0.0583813540905697,-0.3472964289425581,-0.1103356955178174,-0.004375428059298268,0.13433311575578563,-0.0011930861947035752,0.19388446592450692,-0.0007811144570001853,0.2861672411958622,0.0004905665577799454,0.44016388314903004,-0.0002946014045837867,0.6614289311079893,5.916332320447443e-06,1.364505794256775,-0.0008967399624796149,-0.00019809151334242164,0.031348539830296424,0.04116606473186055,0.25
2.25,1991727802,-0.006997093822108209,0.1,0.05137376521351834,0.0658060019885246,0.04838820526777493,0.06525485076457278,-0.002237171851731741,0.006495367400038407,0.06934756882592573,0.13433311575578563,0.06363226694424827,0.08231146441963005,0.08071022325696298,2.7764451051977987,0.17250248096635148,-0.3249079406608403,0.6329793971661658,0.057805313281283875,12.706204736432095,0.06403924226843095,-0.12019254021955154,0.13131110992615527,0.07346922572323387,-0.12327676129914897,0.14860533323021907,-0.006432713431164675,0.13433311575578563,0.0009623768534190297,0.19388446592450692,-0.0009878990195437468,0.2861672411958622,0.0006378990680906411,0.44016388314903004,-6.0797767304769474e-05,0.6614289311079893,-0.0006706899985713329,1.364505794256775,7.017556127127864e-05,-0.0005983470045699713,0.05445753426737936,0.08137469005807907,0.25
2.25,546190108,0.22347619912341352,0.1,0.07332006610575849,0.03360732193265272,0.04950582746552324,0.04780175304327566,0.0008010853585564846,0.0014839222354538298,0.050140461188675774,0.32612014812863077,0.041542911181366396,0.08231146441963005,0.0385773382705682,2.7764451051977987,0.14617176539246987,-0.13117460269205017,0.6805011623920377,0.05208605893170653,12.706204736432095,0.03220065944565543,0.16168824104073182,0.2852641572060952,0.076063455580872,-0.0050199999822020565,0.27049095954251434,-0.006069870939385269,0.13433311575578563,-0.002438104126887562,0.19388446592450692,0.0021813934948258316,0.2861672411958622,-0.0008211854111548768,0.44016388314903004,-0.0012744848467834747,0.6614289311079893,0.0005463402165952367,1.364505794256775,0.0002805061997140851,-0.0008042122786836534,0.06364827191994336,0.07535718511396654,0.25
2.25,1050728476,-0.11740033633578215,0.1,0.06431193759349906,0.04311364591231335,0.051291023051464706,0.05022936129942875,0.0009958959206291466,0.0015270928159194044,0.05454317212971855,0.32612014812863077,0.04320180639658519,0.08231146441963005,0.03913446535946537,2.7764451051977987,0.1763494888094099,-0.42444821321382264,0.5548011368042176,0.05721715463629275,12.706204736432095,0.03649768344081193,-0.172526137475203,-0.06053990886613681,0.09957121113564875,-0.17157661627840995,0.13533183635349982,-0.007448106179188677,0.13433311575578563,-0.0008876598660377216,0.19388446592450692,-0.00038570869067757895,0.2861672411958622,0.0005915044245025246,0.44016388314903004,-3.4572804154667166e-05,0.6614289311079893,-0.00038065674245942304,1.364505794256775,-0.0005884149691932826,-0.0004359578565422657,0.04655335942130008,0.06398240642965179,0.25
2.25,492639453,0.07152809724845577,0.1,0.08047078601487367,0.050594192829565024,0.06722318739159873,0.0635814008789215,0.0016793590987808546,0.0023632354389452664,0.06473278778025421,0.32612014812863077,0.057264985888730476,0.08231146441963005,0.04868331951678557,2.7764451051977987,0.07342232938186494,-0.23572960433258805,0.1719765297164108,0.05973727113951446,12.706204736432095,0.04354221583874042,-0.00046033703608041655,0.14116648215294386,0.058648329396757085,-0.040402530924338716,0.21058085763858625,-0.005376967126292716,0.13433311575578563,-0.003839613974853438,0.19388446592450692,0.0016648292318062244,0.2861672411958622,-0.0009326352798812188,0.44016388314903004,1.2950738032234549e-05,0.6614289311079893,-0.0002269629833946552,1.364505794256775,0.0007143189215736621,-0.0008580173209678064,0.06543344310297287,0.08820451590013062,0.25
2.25,626748580,0.15892875073239124,0.1,0.07957105992361947,0.1337815176351278,0.12439219650523724,0.20600469729596854,-0.0018479161897056885,0.04428585149770932,0.21423514827131207,0.13433311575578563,0.13766522559320304,0.08231146441963005,0.21074592591119082,2.7764451051977987,0.15788281437975846,-0.4914020140980559,0.38530392026101007,0.19675648787645283,12.706204736432095,0.19800156682654077,-0.1312181759240947,0.4824928838291621,0.142675996967149,-0.1733555580884907,0.33382903411175996,-0.006109483093367321,0.13433311575578563,-0.0015427877471119473,0.19388446592450692,0.00017543555409182634,0.2861672411958622,-0.0006939775257896438,0.44016388314903004,0.00024551616171163685,0.6614289311079893,-0.0001415767877465001,1.364505794256775,-0.001055953209817497,-0.0003088150881347387,0.039211236752384235,0.06344058969998727,0.25
2.25,1568891961,0.25941292415074485,0.1,0.0661351358694112,0.07922994383660953,0.09061237447094762,0.08089816576904228,0.0012800486230476202,0.005264464601747825,0.08113028549644075,0.2431366342882323,0.07421124073077925,0.08231146441963005,0.07266140528065647,2.7764451051977987,0.07389920576932572,0.007480769703799545,0.4178349459762982,0.06489828119101713,12.706204736432095,0.06746762991738187,0.1366955073582487,0.382130340943241,0.1164689571528228,-0.01863190383837137,0.359062323081353,-0.005234648527500818,0.13433311575578563,-0.00204179246534876,0.19388446592450692,-0.00020647749668266675,0.2861672411958622,0.00059420597829728,0.44016388314903004,-0.001225697193668163,0.6614289311079893,0.0004249868537168312,1.364505794256775,0.00019565125740671614,-0.0006253685704061499,0.056036063594955,0.07929128448874773,0.25
2.25,726321287,0.09104417631016783,0.1,0.06619038166667812,0.050000071595881525,0.051288071823466896,0.06881089393488617,0.0008066333203101718,0.003928305803807983,0.07093712914417531,0.13433311575578563,0.051636146510122716,0.08231146441963005,0.06276670525676876,2.7764451051977987,0.18304148747336466,-0.5259578737631625,0.4904514101239325,0.06429858194464569,12.706204736432095,0.05274994738682326,0.0034319910196879896,0.17984430935736803,0.11293193937530405,-0.23156729634908563,0.20379327210466913,-0.006691128853247946,0.13433311575578563,-0.000448449977571364,0.19388446592450692,0.0011601025495537808,0.2861672411958622,-0.0005583759883016055,0.44016388314903004,-0.0006015735505008747,0.6614289311079893,0.00028262617989401935,1.364505794256775,-0.00029527596171948856,-0.00048434886838899586,0.049223116990297966,0.06121866827340214,0.25
2.25,1514769506,-0.29971146237790897,0.1,0.06894188089541121,0.061932223083558384,0.05379935437358353,0.07355057382703582,-0.0003306361494700657,0.005740323059756311,0.0822097198063438,0.13433311575578563,0.06574827531327196,0.08231146441963005,0.07587432760051814,2.7764451051977987,0.11609602289705706,-0.5250196454045686,0.11964882360636278,0.07002613459610008,12.706204736432095,0.06648253530143534,-0.42655983671585573,-0.18071733032456985,0.07857240561083206,-0.431346223019153,-0.1264692349929356,-0.005495363793613934,0.13433311575578563,-0.0001070385399722439,0.19388446592450692,-0.0006610962150267934,0.2861672411958622,0.0006516299176660682,0.44016388314903004,-0.0006169819708675538,0.6614289311079893,3.6032423856611135e-05,1.364505794256775,0.0015176081653227175,-0.0008624307572935054,0.06597113784473793,0.11218483571341448,0.25
2.25,102412963,-0.15303138802688923,0.1,0.07188962930613908,0.051225716897365235,0.04198801614744829,0.03962534108208362,-0.0006065958067113155,0.0021767634625827793,0.04918040180365092,0.13433311575578563,0.05225825496489742,0.08231146441963005,0.04672317076636684,2.7764451051977987,0.24016016446029703,-0.7382263694163682,0.5953566567422119,0.038538556630938796,12.706204736432095,0.03910555018354173,-0.21706682289870893,-0.08546225227164019,0.12863256876664633,-0.31514396229250075,0.19914417670231904,-0.006999741434837128,0.13433311575578563,0.0004998039484335506,0.19388446592450692,0.00012902403779103152,0.2861672411958622,-0.0006805825241202456,0.44016388314903004,-0.0001866533309081715,0.6614289311079893,0.0001242346569924575,1.364505794256775,0.00026546585759969064,-0.0006526929795773173,0.05700607777655811,0.09413463109533708,0.25
2.25,2130799002,-0.3352341908845694,0.1,0.07903210363919115,0.09141323857742972,0.1274984505022554,0.14631716948986465,0.0084088863714696,0.01299982771605618,0.14649277308242295,0.2861672411958622,0.09890484578544181,0.08231146441963005,0.11418143225788052,2.7764451051977987,0.10137428744980315,-0.6158767631471871,-0.052956474781345964,0.13949547056438102,12.706204736432095,0.10097348917582692,-0.5057765647222636,-0.16469181704687513,0.08686584687761081,-0.5059452665947589,-0.19553880987880187,-0.006496339936067214,0.13433311575578563,0.001843268828524754,0.19388446592450692,0.00016551229475846239,0.2861672411958622,-0.0017236097207741531,0.44016388314903004,0.00023121041018544,0.6614289311079893,-6.884344717969982e-05,1.364505794256775,0.002571066393331973,-0.001241162025422376,0.07852630943449279,0.13094732364294442,0.25
2.25,1804391893,-0.03328570135011004,0.1,0.07731847180170039,0.07046920508487889,0.08633201033090487,0.08494032137242047,0.0023854582758958305,0.004829399918954238,0.08581930198988845,0.32612014812863077,0.07646275980481468,0.08231146441963005,0.06959423627131925,2.7764451051977987,0.22518060252135708,-0.8247987460115416,0.4256044173002844,0.08559993530183993,12.706204736432095,0.06105981558306501,-0.13347021228940176,0.0668988095891817,0.17053572230864353,-0.5045155025620679,0.335184473497864,-0.006784506879560367,0.13433311575578563,-0.0013861769586060054,0.19388446592450692,0.0015278254201794128,0.2861672411958622,-0.0003364637797745866,0.44016388314903004,0.0003587285423951261,0.6614289311079893,-0.0010100512127872462,1.364505794256775,0.0006307854036031018,-0.0008051323347616694,0.0632193825186878,0.10332118593005359,0.25
2.25,798539822,-0.2563606826080127,0.1,0.08020250623139859,0.15497417204860353,0.23944656748553841,0.2733421624686379,0.03133815932621001,0.04337777845682122,0.28363066409065985,0.32612014812863077,0.16738282152344186,0.08231146441963005,0.20857408218357218,2.7764451051977987,0.16725560950360546,-0.8148271381548732,0.11392489849144649,0.28269466227037493,12.706204736432095,0.1916950285011004,-0.584955512192889,0.07223414697686349,0.14288858982039607,-0.5582564407406956,-0.010709312775718925,-0.0072991420056828515,0.13433311575578563,0.002830141010989057,0.19388446592450692,0.0005010586675023821,0.2861672411958622,5.815345195126638e-05,0.44016388314903004,-2.1686850678468035e-05,0.6614289311079893,-0.0011224980599357376,1.364505794256775,-0.0017612889318099694,-0.00018372157212140114,0.03031257628173631,0.042214734016474416,0.25
2.25,1162740311,-0.2132254835935703,0.1,0.07402807014710544,0.06695859478731639,0.06151522605348077,0.05559180306457553,-0.00028562089260703635,0.0033760694605775854,0.060051330464617476,0.13433311575578563,0.06865248617121991,0.08231146441963005,0.05818785858548352,2.7764451051977987,0.08575015426312843,-0.49882660937284967,-0.02266541722521148,0.051034018908651994,12.706204736432095,0.0481452956716357,-0.30674422600056694,-0.13764784811488864,0.08146549936537471,-0.3655272663569691,-0.05131577253819897,-0.0071793748367443375,0.13433311575578563,-0.00018873855914520738,0.19388446592450692,-0.0005261150382938105,0.2861672411958622,0.0006695843660480343,0.44016388314903004,-0.0005604428154449378,0.6614289311079893,-0.00017188662457530125,1.364505794256775,-0.0020587641618338313,-0.00012861840311629845,0.0254143907520077,0.037631449338689116,0.25
2.25,360295584,0.16555022297455962,0.1,0.0799119669569342,0.1786034991842937,0.23241344205734707,0.23803821480342144,0.023564873514488167,0.03309731819231164,0.24365618172321185,0.32612014812863077,0.18465396179805268,0.08231146441963005,0.18218939371244083,2.7764451051977987,0.19264037314573226,-0.525514950650365,0.5441958915175266,0.22917009433017452,12.706204736432095,0.1552402928393848,-0.11957167272748763,0.4506721186766069,0.18772493852403205,-0.24167979544784174,0.40927123516296704,-0.0064114461101480525,0.13433311575578563,0.00041738521150432023,0.19388446592450692,-0.0008122403239674842,0.2861672411958622,9.994506685646686e-05,0.44016388314903004,-0.000469098901776435,0.6614289311079893,0.00010839383831675747,1.364505794256775,0.00025641804756228913,-0.0006485711967815891,0.05701482027952035,0.06117553871589546,0.25
2.25,2073326326,0.0035872049316326114,0.1,0.06007545153448453,0.04592645415996664,0.044534467537417445,0.051105107865562355,-7.340373502358159e-07,0.0026124660873009992,0.05668814804498432,0.13433311575578563,0.04792865620179081,0.08231146441963005,0.05118609740273328,2.7764451051977987,0.09903155220542714,-0.3491038453285874,0.20080749143320953,0.04822793160934593,12.706204736432095,0.05073754990325001,-0.08290494308971183,0.09007935295297706,0.06871858151386102,-0.16072857679452243,0.13881292793235644,-0.007037100390911363,0.13433311575578563,2.314771220615006e-05,0.19388446592450692,0.0005292756492287232,0.2861672411958622,-0.0003188043878409957,0.44016388314903004,-0.00018467838125982454,0.6614289311079893,5.3038820235596155e-05,1.364505794256775,-0.0004208670966336755,-0.0003972128311270464,0.04479311192177106,0.07302857365498552,0.25
2.25,622644768,0.2630743626279508,0.1,0.07191705379894571,0.10485581142563331,0.11996851828163962,0.12427361753868908,0.003593694048616324,0.011850237967536047,0.14592936772196438,0.13433311575578563,0.13409647413236342,0.08231146441963005,0.10901599520353326,2.7764451051977987,0.17244099752880157,-0.398315586943425,0.5592303401051087,0.10641538549760564,12.706204736432095,0.09406445201887063,0.09752069809706207,0.45272099265911053,0.13412555462017545,-0.06729576422780141,0.4128738055903951,-0.006877951846957933,0.13433311575578563,-0.002432684550544828,0.19388446592450692,-0.0011535652354430419,0.2861672411958622,0.00047355014156870803,0.44016388314903004,7.835022547914053e-05,0.6614289311079893,-0.00014580420541319267,1.364505794256775,0.0038931878795977442,-0.0015941549260461627,0.08911457709205736,0.10394884566709414,0.25
2.25,169156503,0.01604599882905445,0.1,0.06718077683544289,0.046355982531453,0.044937369596321476,0.027079008037316835,-0.00017944757064731662,0.0009127202469323864,0.0301938748228092,0.13433311575578563,0.046808732339442105,0.08231146441963005,0.030254886658541764,2.7764451051977987,0.11729618739740351,-0.3756670347178321,0.2756658159979373,0.016142995100790397,12.706204736432095,0.026146194536088525,-0.03775598333111846,0.06596338481997963,0.11603642620883488,-0.3338646863177415,0.09381156201126416,-0.006795299875619773,0.13433311575578563,-0.0013266726642490886,0.19388446592450692,0.00042274413292774457,0.2861672411958622,7.763425346792518e-05,0.44016388314903004,-0.00018298708620867175,0.6614289311079893,-3.164760146193835e-05,1.364505794256775,-0.0010600197960411255,-0.00025411162438849854,0.035548737288898506,0.0553650742969069,0.25
2.25,1505404043,-0.0940658759251494,0.1,0.05402964034680492,0.024729146532675664,0.032578611585450515,0.025612576024637047,0.00033201107085281895,0.00032399297976499347,0.02617760401508863,0.32612014812863077,0.026849669293607995,0.08231146441963005,0.018025797504140222,2.7764451051977987,0.123121043648659,-0.33742088463518305,0.3462567533351446,0.02733721377782591,12.706204736432095,0.015268280351678008,-0.12425877592040721,-0.06728025382289829,0.06321559852207716,-0.2683344954035299,0.006799014364073324,-0.005713666034879591,0.13433311575578563,1.1761460528243873e-05,0.19388446592450692,-0.0012557681023537446,0.2861672411958622,-3.165657635779033e-05,0.44016388314903004,0.00011935197624301938,0.6614289311079893,-2.5394158465623965e-05,1.364505794256775,0.0006280910019878188,-0.0006388495785541277,0.05681376352801215,0.09911742754016356,0.25
2.25,307250667,-0.09618505220354054,0.1,0.07151393762357744,0.048319855049592735,0.051746995392835025,0.049054548723490396,0.0013219260210879961,0.001084422729377297,0.04996594434992797,0.19388446592450692,0.046195974590900184,0.08231146441963005,0.03297812758655927,2.7764451051977987,0.07946358300286778,-0.20131570616913236,0.23993684597045012,0.046837967813096834,12.706204736432095,0.030405956056373837,-0.147666546881918,-0.044703557525163085,0.06539777285448262,-0.14280684979031585,0.08814952775500783,-0.006878099576296931,0.13433311575578563,-0.0013428746863187785,0.19388446592450692,-0.0007046708156624664,0.2861672411958622,-0.00021526095760736027,0.44016388314903004,0.0004169706706660693,0.6614289311079893,-0.00028293298249064023,1.364505794256775,0.0022891008315997757,-0.0011655685605657612,0.07627437573524397,0.1142702973320992,0.25
2.25,838627770,0.20279994712330968,0.1,0.058087546310423815,0.03864289214233703,0.03442155529710513,0.0426957703583619,-0.0002068582936924357,0.00202978710018641,0.04366379752099189,0.19388446592450692,0.03716766464889572,0.08231146441963005,0.045118217350557537,2.7764451051977987,0.03122807898829238,0.10497038215700873,0.27837647626055795,0.04446329369214917,12.706204736432095,0.03786311834710965,0.1362922719755871,0.27260431772242116,0.044738563617630095,0.0962399394824597,0.28173040959138324,-0.004115511443001865,0.13433311575578563,0.0013158590807285575,0.19388446592450692,-0.0018711954411695974,0.2861672411958622,-0.00020726734310463912,0.44016388314903004,-0.00035810597699949574,0.6614289311079893,-4.237605312652655e-05,1.364505794256775,-0.0020289243761233526,-0.00010594122247906401,0.023113768656502547,0.03822572000728277,0.25
2.25,1276021798,-0.09479221832828272,0.1,0.06373740073784283,0.07331251455326622,0.07792927660838174,0.06631183708693002,0.00018865188962120197,0.004208607848222346,0.06704935775741802,0.32612014812863077,0.08207921161355981,0.08231146441963005,0.06496746458589944,2.7764451051977987,0.060310059076485636,-0.3555496520377501,-0.020654515403552842,0.06719339232414571,12.706204736432095,0.05684655956141155,-0.19454920625009675,0.006266126123638645,0.11892801000216181,-0.4034384319513291,-0.014480909046360037,-0.004886812333918916,0.13433311575578563,-1.0356785645941406e-05,0.19388446592450692,-0.001282024359828625,0.2861672411958622,-0.00018030162702334864,0.44016388314903004,0.00034538649209845415,0.6614289311079893,-0.0003593640080704831,1.364505794256775,-0.000587454029395843,-0.00036632506325400384,0.042631253245074316,0.04947567462544325,0.25
2.25,1993382046,0.34491223282716155,0.1,0.06415677745580024,0.12366944026056086,0.13417043309401566,0.11521560538490853,0.002804990535307847,0.010469645188903117,0.11883305653657897,0.32612014812863077,0.12574353072830557,0.08231146441963005,0.10246904058809403,2.7764451051977987,0.11006164936513042,-0.28251926550125284,0.32864098979837275,0.12379512978387687,12.706204736432095,0.09813417608391738,0.18356846902392185,0.5062559966304012,0.25819294103364077,-0.35511571593026103,0.4513197719085582,-0.0056076542592224474,0.13433311575578563,-0.000541868178904976,0.19388446592450692,0.0007016923150787213,0.2861672411958622,-0.0005855809652302919,0.44016388314903004,-0.0002620532377806063,0.6614289311079893,0.00014577728759819283,1.364505794256775,-0.0004266684134300289,-0.0003844212524756419,0.043867799076044024,0.05740799282552338,0.25
2.25,1438738523,-0.3439297789155453,0.1,0.04146870215668104,0.030573060898738263,0.020365727593403087,1e-150,-0.00064434596421409,0.00010578219701651596,1e-150,0.13433311575578563,0.026090796933109405,0.08231146441963005,0.010299899315509217,2.7764451051977987,0.08862273264234126,-0.4998087697696287,-0.007696465261465557,1e-150,12.706204736432095,0.007756284338012012,-0.35481894756540144,-0.33268697232890554,0.07032921006571131,-0.4090455138516521,-0.27699963204714134,-0.005199073739050563,0.13433311575578563,-0.002372286658874635,0.19388446592450692,-0.0004678381232832484,0.2861672411958622,0.0002684454142548108,0.44016388314903004,-6.507062131821201e-05,0.6614289311079893,-0.0002385927644462339,1.364505794256775,0.00017365270647038683,-0.0006092405014326566,0.055206509041075984,0.06933639809980656,0.25
2.25,1297161982,0.18643543287430253,0.1,0.03901493983496667,0.031182103949486638,0.022096866245145307,0.010199927098783552,-0.0005957340369640181,0.0006997725497845172,0.016666527487872874,0.13433311575578563,0.026014353260506044,0.08231146441963005,0.026491413963796565,2.7764451051977987,0.10472911866995598,-0.14645758294648642,0.43509171485927095,1e-150,12.706204736432095,0.022438981916331455,0.1448170379341254,0.22393178221640883,0.06508491476962444,0.014902232740733594,0.24644022972289908,-0.006124228016371245,0.13433311575578563,-0.0008805052579556458,0.19388446592450692,-0.0007337928380442679,0.2861672411958622,0.0003871902791447621,0.44016388314903004,-0.00033256343317374315,0.6614289311079893,0.00019005841326083834,1.364505794256775,-0.0009605254425093094,-0.00024799961973104117,0.03524564667247697,0.04855868807932932,0.25
2.25,523963474,-0.04102204510548496,0.1,0.059152672500237626,0.02528391848330581,0.03184180079305447,0.024343547827862338,0.0003170422302868287,0.00027556609056059243,0.025737057157934555,0.32612014812863077,0.03031109106423857,0.08231146441963005,0.016624154846136985,2.7764451051977987,0.03427604895852266,-0.120583481310689,0.06974765540213171,0.02878516269152866,12.706204736432095,0.015105828901551484,-0.06648424901048558,-0.012847647706412363,0.0639305349365581,-0.2126363415705283,-0.0031095113269252656,-0.00862916327370444,0.13433311575578563,0.0013395480515159385,0.19388446592450692,0.0007837491054103828,0.2861672411958622,-0.0006459672057024222,0.44016388314903004,-0.00016871306423440322,0.6614289311079893,0.0001956287913334485,1.364505794256775,-0.0009146637925301421,-0.0002806899053842693,0.037570805306508935,0.058150345297098734,0.25
2.25,1575849735,-0.15337292060851831,0.1,0.07098714747202392,0.03796422078566677,0.04506171248696006,0.031231232182016604,0.0006637941119199717,0.00031159575168705794,0.03391508095654992,0.19388446592450692,0.04038770124094785,0.08231146441963005,0.01767756537092649,2.7764451051977987,0.03606149402552964,-0.2610434361348398,-0.06079791898823697,0.021777238105451048,12.706204736432095,0.012885867813788811,-0.1790362770804665,-0.13089776034156775,0.09367885218953707,-0.43592530615200403,-0.04791143577369182,-0.006266810073509363,0.13433311575578563,-0.0007380040508635364,0.19388446592450692,-0.0008109436683218882,0.2861672411958622,0.001730420232928158,0.44016388314903004,-0.0008690944850354327,0.6614289311079893,-0.0005932235096972467,1.364505794256775,-0.0021099956836704227,-0.0001309792551557257,0.02557910528480435,0.039865837468459994,0.25
2.25,1360626427,0.12519739745796554,0.1,0.08021919911815843,0.07729117011774045,0.06810946978709417,0.08670227884732538,-0.0007249037857589612,0.008242188943078328,0.09348079805488947,0.13433311575578563,0.08330032787492897,0.08231146441963005,0.09091760169738941,2.7764451051977987,0.1269753702173897,-0.24760914963148223,0.45747114061001776,0.08028137489782074,12.706204736432095,0.08782390108301817,-0.04119561182884862,0.2915904067447797,0.09010387667134828,-0.08987373692751977,0.25585866167016974,-0.007261438806281312,0.13433311575578563,-0.0017100712428909728,0.19388446592450692,-0.0011700490000584476,0.2861672411958622,0.00038272916150563845,0.44016388314903004,-0.00036562382988390604,0.6614289311079893,0.00013766124677822833,1.364505794256775,-0.0015499010065460701,-0.00031390224785871745,0.03960837704429175,0.043543775557303516,0.25
2.25,212341943,0.2709867671020735,0.1,0.06368083976832942,0.05968894977409471,0.07825019662286707,0.08440298461693527,0.002351751952640398,0.004772111859606214,0.08424928506409528,0.2431366342882323,0.06266313179657979,0.08231146441963005,0.0691802290428004,2.7764451051977987,0.1361481314424296,0.013254296214976258,0.7692699224652966,0.07853376784895878,12.706204736432095,0.06888361113138122,0.15078796485989887,0.3892463218655467,0.07280072183812134,0.16485448569825073,0.4517326059714271,-0.005246778259407386,0.13433311575578563,-0.0016474212244383772,0.19388446592450692,-0.00019116690209509209,0.2861672411958622,3.0373791262744744e-05,0.44016388314903004,-0.000364682157877372,0.6614289311079893,0.0001605029068357227,1.364505794256775,0.00037917939961490334,-0.0006126933619489533,0.055438440731580385,0.0760824289800773,0.25
2.25,701242346,-0.2609092950323342,0.1,0.06839593834558486,0.056798151891934566,0.04767671329666876,0.03542453531259407,-0.0008281341692635098,0.0020830318713767337,0.050727585023986554,0.13433311575578563,0.06238387430189092,0.08231146441963005,0.04570615051286214,2.7764451051977987,0.04246745938853559,-0.29300762304217903,-0.05719048354320712,0.022571408546817,12.706204736432095,0.04184999993296039,-0.32600575929995607,-0.18952247462178504,0.1166062066585393,-0.36484066525745307,0.09087842795454223,-0.006470087036151811,0.13433311575578563,-0.0014914387652509584,0.19388446592450692,-0.001629664110584409,0.2861672411958622,0.0013136826330521541,0.44016388314903004,-0.00045235409474421256,0.6614289311079893,-0.00018127989533172254,1.364505794256775,-0.00023251700760027158,-0.0005504270216358783,0.052166970965016775,0.08067500414266253,0.25
2.25,738316296,0.12925561863251933,0.1,0.06717526149351813,0.04519391559244016,0.04259305680973097,0.04360995427665745,-0.00018824166010748648,0.00209006977211964,0.0442238684749187,0.13433311575578563,0.04400473752182628,0.08231146441963005,0.04578329866011087,2.7764451051977987,0.050840559123195905,-0.016678968988558585,0.26563307405767456,0.04550626263944721,12.706204736432095,0.04035066925270556,0.04929005577531893,0.1913270349368956,0.04869414197234545,0.03291498489258595,0.20488819512032946,-0.006039076914753336,0.13433311575578563,0.00046113792203602335,0.19388446592450692,-0.0006261587380720958,0.2861672411958622,4.5783973664825644e-05,0.44016388314903004,-0.00015397469269623536,0.6614289311079893,-0.00016853565707386462,1.364505794256775,-0.0013888668353308929,-0.00019572881925837205,0.03154527466574794,0.04441268439326089,0.25
2.25,1727757255,-0.02957961002421477,0.1,0.06401451603786629,0.030026528703915086,0.024715169057121043,0.019685509639704744,-0.00025049120376006463,0.000638010493534973,0.02283587588943771,0.13433311575578563,0.029130999607895586,0.08231146441963005,0.025295344522242563,2.7764451051977987,0.047795397184258154,-0.2045035125101977,0.06089908061623869,0.013720315122762271,12.706204736432095,0.02181516013943451,-0.06801062614118841,0.00885140609275887,0.057564407801290074,-0.187524239380901,0.06672177261547037,-0.005749253371551347,0.13433311575578563,-0.0007671701549868006,0.19388446592450692,0.0014610795596157174,0.2861672411958622,-0.0016928934283484424,0.44016388314903004,0.00035193760666648503,0.6614289311079893,-0.00015406346239216643,1.364505794256775,-0.0009219696252425756,-0.0003452230683453249,0.041612255166897136,0.05609272707596175,0.25
2.25,1033616836,0.4199765711220996,0.1,0.06362026021659269,0.023126069335489448,0.03189571435370204,0.027974458282259192,0.0005281642738790315,0.00025440604230682833,0.029195608165483004,0.32612014812863077,0.027704078626495453,0.08231146441963005,0.015973143707039953,2.7764451051977987,0.06054111493839397,0.2580675737689815,0.594245738236824,0.031939828479139204,12.706204736432095,0.014833481300556405,0.39382670238745165,0.44937077471800824,0.040284107151252066,0.3627219093316609,0.5182485017618738,-0.005494602407437298,0.13433311575578563,-0.0013672007075217305,0.19388446592450692,-0.000367734709954721,0.2861672411958622,0.0002972273306934398,0.44016388314903004,-0.00037835336693193547,0.6614289311079893,3.461465869818489e-05,1.364505794256775,-0.0005783289009240487,-0.00038545441995160417,0.04403753410315266,0.06057226452824598,0.25
2.25,1907156041,-0.10372718840018341,0.1,0.07285209560810028,0.073606370560466,0.09435706612920129,0.08467683493808549,0.004103683323785739,0.003066483051346038,0.0909756441091255,0.32612014812863077,0.07543260030219234,0.08231146441963005,0.05545579968880167,2.7764451051977987,0.1597228965326999,-0.40921261675485493,0.47771109177760324,0.0960841229371475,12.706204736432095,0.05179843495130136,-0.19354604676870263,-0.013908330031664196,0.10405743764265109,-0.20206837681228731,0.21795049365798005,-0.004462944875400982,0.13433311575578563,-0.0018028370533408262,0.19388446592450692,-0.001017484044687395,0.2861672411958622,0.0009775621159253778,0.44016388314903004,-0.0009358899303100594,0.6614289311079893,0.00012863843744886954,1.364505794256775,-0.0005997489941253972,-0.000427096594645578,0.045989378109706276,0.08019530859423768,0.25
2.25,1491362312,-0.2154685122715852,0.1,0.06762904509964703,0.04863652010590548,0.049291108226923445,0.062298202863490366,0.00015762111320263752,0.0037234449668179614,0.0637419096405918,0.32612014812863077,0.0500801074943015,0.08231146441963005,0.061108153044059206,2.7764451051977987,0.13335528406634223,-0.49982789683818707,0.24067935455832865,0.06418001999190096,12.706204736432095,0.055823614532478104,-0.31527948395030564,-0.11565754059286476,0.07909833667853798,-0.3063386158197019,0.03987602580895369,-0.004947924145849316,0.13433311575578563,-0.0020729872955340223,0.19388446592450692,0.0008239601072388882,0.2861672411958622,0.0003661241568027826,0.44016388314903004,-0.0008126894333091072,0.6614289311079893,0.00012488314328593659,1.364505794256775,-0.001558423658284786,-0.00011542581703636815,0.02397384117657036,0.03884133848725002,0.25
2.25,1167768765,-0.15617386296339986,0.1,0.0629820446472738,0.06017303760332275,0.0648162330067434,0.055070463521298296,0.0012082153264495101,0.0018245406260011363,0.05529396469888321,0.2431366342882323,0.05711493657984484,0.08231146441963005,0.042776323647604475,2.7764451051977987,0.14801275010005052,-0.427044156497304,0.39485439454699656,0.04711988295875648,12.706204736432095,0.037343408877598655,-0.22565966957571482,-0.09139780546593697,0.1787888447829993,-0.22551516367798932,0.41780839174108975,-0.0021233466998536793,0.13433311575578563,-0.003443847911570426,0.19388446592450692,-5.800332240532751e-05,0.2861672411958622,-0.0003495789815904373,0.44016388314903004,-4.715032010423084e-05,0.6614289311079893,-0.00015539159356867729,1.364505794256775,-0.0015217341262572166,-0.00013762160469346895,0.026091950007470846,0.04336689634483683,0.25
2.25,326517398,0.06839306040994927,0.1,0.07290740840256656,0.05024236523721976,0.05760592327288145,0.03728941143904114,0.0005795134430083781,0.0008109867624617141,0.03933818473615364,0.32612014812863077,0.05574840403316429,0.08231146441963005,0.028518952555077665,2.7764451051977987,0.02921335667793043,-0.05442858683625746,0.10778997547341729,0.03765720876154712,12.706204736432095,0.027583515606495402,0.02549844494954155,0.111287675870357,0.05588666460856162,-0.005901779239123399,0.19455755401808156,-0.004647018532108745,0.13433311575578563,-0.004492015180751417,0.19388446592450692,0.00018814420620862703,0.2861672411958622,1.5006997485856139e-05,0.44016388314903004,7.057487147708171e-05,0.6614289311079893,1.1839407923249262e-06,1.364505794256775,-0.0014525711941669169,-0.0001557611053570734,0.027997668011808523,0.0443340850167231,0.25
2.25,242773979,-0.06512252538519507,0.1,0.06817719658290095,0.0587689346260524,0.08296642357280021,0.07835102799513816,0.0035835293508585425,0.00255535423703638,0.07988066615839773,0.32612014812863077,0.06398687492169115,0.08231146441963005,0.05062350890551173,2.7764451051977987,0.15047116107538477,-0.46835814807136905,0.36719168921099415,0.08038798902136858,12.706204736432095,0.04594602604758863,-0.14592421409440137,-0.002595257647269103,0.06610514619798119,-0.15041840738927273,0.11888254619975329,-0.006468956019104906,0.13433311575578563,0.00013389823348576162,0.19388446592450692,-0.000628670441548668,0.2861672411958622,-0.00042270215044449785,0.44016388314903004,0.00012677655694580113,0.6614289311079893,-2.5979398548164407e-05,1.364505794256775,-0.00189510011625275,-6.802604058345153e-05,0.018407613511648154,0.025995882564518364,0.25
2.25,304004370,0.32718824034549165,0.1,0.06341216045754772,0.08614583544829373,0.08704568517784672,0.09962501504147504,-0.0003350347774849242,0.010260178399499054,0.10125362906001793,0.13433311575578563,0.08861543276215392,0.08231146441963005,0.10143880960606398,2.7764451051977987,0.14072844289304726,0.11932955251647703,0.9007791453814951,0.09938422490277897,12.706204736432095,0.09114394802597142,0.16561659741843254,0.4550773882867644,0.10783554073216607,0.2163642114016103,0.6067730074459229,-0.00370112182278375,0.13433311575578563,-0.0015531536626101898,0.19388446592450692,0.0008578872980876743,0.2861672411958622,-0.0010045642893756433,0.44016388314903004,0.0003343987459591286,0.6614289311079893,-0.0005746624074946641,1.364505794256775,-0.00044521698583828103,-0.00044052703296689003,0.0468205387227827,0.06692208130068716,0.25
2.25,94825598,-0.12520031350451719,0.1,0.057554723411560614,0.07102967902688288,0.044830112630754364,0.04709224699802024,-0.0029861511993439114,0.0052038309266664575,0.07479449826924765,0.13433311575578563,0.0736462600397184,0.08231146441963005,0.07224175316562402,2.7764451051977987,0.0689846097351844,-0.48633057575150285,-0.10326661168503651,0.03984975193006345,12.706204736432095,0.06478698611925078,-0.23158389646154143,-0.013490685329317603,0.070327881466951,-0.2637102866685328,-0.00439124165490558,-0.006278043123593723,0.13433311575578563,0.0008950997065124821,0.19388446592450692,-0.0010906423945365555,0.2861672411958622,-0.0002553446265007732,0.44016388314903004,-0.00019747481484302034,0.6614289311079893,0.00028871867190363346,1.364505794256775,-0.0005407973561714875,-0.000380963541668746,0.043904875346662674,0.0775899852664368,0.25
2.25,85506495,0.36155410331035137,0.1,0.07343415197123578,0.04183150473802653,0.04640059169191006,0.05558845628664648,0.000289349721219661,0.0028007267511127453,0.05751374860042597,0.13433311575578563,0.04749917923945186,0.08231146441963005,0.05299831447412852,2.7764451051977987,0.1177593215624178,-0.07517534840532664,0.5787292354814504,0.05245738601313229,12.706204736432095,0.046309923509156366,0.2867132070425761,0.43782411610951694,0.08795429259739436,0.08406260130809377,0.509876438283091,-0.006961623071357553,0.13433311575578563,-0.003652855160715694,0.19388446592450692,0.00013655386224326375,0.2861672411958622,0.00016127150735124846,0.44016388314903004,2.0930692692303163e-05,0.6614289311079893,-3.41443575201526e-05,1.364505794256775,0.0007293289204724811,-0.000789428372951305,0.06290221263739872,0.08728048760885697,0.25
2.25,403792322,0.10637272944145346,0.1,0.06407336142952808,0.028655166330048484,0.025310233149098058,0.03342162076389762,-6.549139538096916e-05,0.0011824961298667618,0.03512931623969979,0.13433311575578563,0.027915911013809636,0.08231146441963005,0.03443709843670355,2.7764451051977987,0.06415554563735303,-0.19740712014086004,0.15884158117138558,0.030471263692980716,12.706204736432095,0.027485721223274723,0.0549025600447764,0.14999353750925842,0.06486562859090417,-0.050710004565913576,0.1400276480372053,-0.006354208614294649,0.13433311575578563,-0.00042268742267129357,0.19388446592450692,-0.0007870137425798721,0.2861672411958622,-0.00030451927383238434,0.44016388314903004,-0.00032452365194015904,0.6614289311079893,0.0004498196516602399,1.364505794256775,-0.001868454083285523,-9.023489797536551e-05,0.021214237639109863,0.03346848386366113,0.25
2.25,680006743,-0.1400778350251402,0.1,0.07027534890782793,0.044364691436206055,0.04434551192211272,0.03160413919263099,-2.2830426551645293e-05,0.0010216520406588394,0.038680463176584544,0.13433311575578563,0.048985956588887374,0.08231146441963005,0.03200944848355618,2.7764451051977987,0.09828088479402457,-0.40758834918444636,0.13815461385731015,0.017192279282058645,12.706204736432095,0.02630782423285667,-0.19909830466608303,-0.10464180268877718,0.11252054967780215,-0.36105509845717504,0.14044258368220217,-0.006725920540384483,0.13433311575578563,-0.0030033470340269266,0.19388446592450692,0.000515928112607863,0.2861672411958622,0.00035902125384483036,0.44016388314903004,2.123021000406742e-05,0.6614289311079893,-0.0005476159490868899,1.364505794256775,-0.0011799369667341568,-0.00035894867741239104,0.04213748812718893,0.06545258075364824,0.25
2.25,1335583581,0.060345599478683884,0.1,0.07094803783083473,0.0542297021146092,0.05319317184032634,0.03162788374992128,-0.00039917484019626713,0.0013994978706948018,0.03472438321320965,0.13433311575578563,0.06107889495043217,0.08231146441963005,0.037463884772252355,2.7764451051977987,0.1971422810483697,-0.5988231863186957,0.4958862561698541,0.027373311782964312,12.706204736432095,0.0330125749844948,0.00307371374543966,0.12570443825700428,0.10563428143409358,0.0056818509639373505,0.352007168896512,-0.007048292907265345,0.13433311575578563,-0.0005467463519712132,0.19388446592450692,-5.1591287232892616e-05,0.2861672411958622,-0.00032793408965188465,0.44016388314903004,9.475225088707704e-07,0.6614289311079893,-3.5783705003550086e-05,1.364505794256775,-0.0011759628217486245,-0.00029023528579429656,0.03816832910383358,0.05201394006404878,0.25
2.25,1983180576,-0.12510808271061782,0.1,0.06372091550380518,0.06431288389500985,0.060971217280197436,0.08218378137969874,-0.0004550005940795001,0.007209174515945619,0.08629264371794436,0.13433311575578563,0.07231398022567316,0.08231146441963005,0.08502946713018125,2.7764451051977987,0.1511879643966052,-0.3956672026959913,0.44386296473155584,0.08023198569033364,12.706204736432095,0.07295496549515347,-0.2696237538920107,-0.004591814174082886,0.11329260415917727,-0.19448418917015142,0.19596963703401346,-0.006549628366217114,0.13433311575578563,-0.001174251570522301,0.19388446592450692,8.091615452572297e-05,0.2861672411958622,0.00033272287911475764,0.44016388314903004,-0.0003549821251528256,0.6614289311079893,-2.495019787888738e-05,1.364505794256775,-0.0020021126734294926,-3.748052942968054e-05,0.013691202758888929,0.014868702603823555,0.25
2.25,1354213064,-0.12044094682802645,0.1,0.06092142836935325,0.029754860457086377,0.03363309647889861,0.028417496172525168,0.0001970885133902899,0.0006104655753251927,0.03238568620775762,0.13433311575578563,0.03437858675868571,0.08231146441963005,0.024743280435281116,2.7764451051977987,0.07423932381204291,-0.3934335613414952,0.01880925308078671,0.025073643939391085,12.706204736432095,0.025092514426682776,-0.16265088635774733,-0.07823100729830557,0.05946629604107188,-0.2523534968601704,-0.02808724851634989,-0.004104875664664581,0.13433311575578563,0.0007828485512369956,0.19388446592450692,-0.001402542136811068,0.2861672411958622,-0.0002871680921224093,0.44016388314903004,0.0003000030268714416,0.6614289311079893,-0.0006839405662992452,1.364505794256775,-0.0012867365533029626,-0.0002796681915570194,0.03759290302568205,0.04729686880523653,0.25
2.25,2104775769,-0.09308706060871454,0.1,0.06553606944915448,0.12634376593942714,0.13052632732071207,0.1322562006673273,0.0008668539473732986,0.016624848667583045,0.15501564337745855,0.13433311575578563,0.14585093905042745,0.08231146441963005,0.12912357400240315,2.7764451051977987,0.08448255169623752,-0.3160822376018053,0.15304009666147197,0.10506336703341941,12.706204736432095,0.11558916473270135,-0.2852854200721748,0.0948018201826248,0.12386165238882739,-0.30626332953739643,0.1307863107193709,-0.007514419299053742,0.13433311575578563,-0.0002062957401559511,0.19388446592450692,-0.0005177706764211468,0.2861672411958622,-0.00018357632164068302,0.44016388314903004,0.00031918877111098017,0.6614289311079893,-9.908414952563001e-05,1.364505794256775,-0.0008481396622056756,-0.0003030046488886113,0.03923091957390532,0.06351314163112468,0.25
2.25,223067550,-0.2981850135757771,0.1,0.07338238728334459,0.06522739124505193,0.08147542648831532,0.0725389328606319,0.002491689707346075,0.0027702070732131875,0.07512756555775553,0.19388446592450692,0.07619921455440916,0.08231146441963005,0.05270876067635723,2.7764451051977987,0.13203140258754434,-0.6218079547030038,0.11134792819017109,0.05383657824666348,12.706204736432095,0.04547824145548372,-0.37409094073699034,-0.20880435790624424,0.0820310441774779,-0.4510423356618282,-0.11802844734349506,-0.0067351640048871455,0.13433311575578563,-0.0026152824650537,0.19388446592450692,0.0007902240426488415,0.2861672411958622,0.00028972831725635097,0.44016388314903004,0.00020834188861396254,0.6614289311079893,-0.0005509938354430286,1.364505794256775,0.00014930960511144481,-0.000574750575796603,0.0536589740394572,0.06216926708204784,0.25
2.25,344502995,0.3295093127151502,0.1,0.07197915596416554,0.037676912498265526,0.0504717448327304,0.06050574991751093,0.0011693589850590793,0.0024915867880212954,0.06187684622637953,0.32612014812863077,0.0412182422046275,0.08231146441963005,0.04998787758952915,2.7764451051977987,0.18935509715247095,-0.1393168387433748,0.9121512265230884,0.06279525931625458,12.706204736432095,0.04226808488202966,0.25827564196723557,0.4158817831820662,0.08864073340990615,0.16934407707232804,0.5627510640453157,-0.006096645401637276,0.13433311575578563,-0.002166889750664616,0.19388446592450692,8.414030865768752e-05,0.2861672411958622,-5.3976687207094764e-05,0.44016388314903004,-0.0002632568442174324,0.6614289311079893,1.9518139213219554e-05,1.364505794256775,3.4321339610606915e-05,-0.0006169721985418623,0.05531141201427962,0.06943480728389836,0.25
2.25,195806605,-0.02619033957551698,0.1,0.0758624909474768,0.032153574525878276,0.03277017227554842,0.03640577796306434,0.00010455195440946296,0.0012208287146864777,0.03835348765315881,0.13433311575578563,0.03291254881539187,0.08231146441963005,0.03499081481440983,2.7764451051977987,0.16269628073199152,-0.6111713396654588,0.2922632448789908,0.03407156882229688,12.706204736432095,0.032389375275124095,-0.08622294507899811,0.0316021928613975,0.09769174951831644,-0.2593877048747007,0.22774403334871107,-0.007630933507713054,0.13433311575578563,-0.0026512762450793437,0.19388446592450692,0.0006914257944777576,0.2861672411958622,-4.22719755175382e-05,0.44016388314903004,8.660155975127549e-05,0.6614289311079893,-0.0004130073079155426,1.364505794256775,0.0030846542342714595,-0.0014475925483647479,0.08571689239436481,0.12431783932013922,0.25
2.25,411882509,0.2978154111628462,0.1,0.06734832637798938,0.02958906721896954,0.031217701980372076,0.03233833934501024,0.0001252578179271064,0.0009205103736659313,0.0345821740255557,0.13433311575578563,0.03255847411075846,0.08231146441963005,0.03038372604326043,2.7764451051977987,0.04196957924496967,0.14279834012034404,0.37585080584415836,0.029476998711762084,12.706204736432095,0.028243552863576504,0.2548194455328782,0.348181793047987,0.07074341391506037,0.16541151760184727,0.5033598054055676,-0.008175130083973756,0.13433311575578563,-0.0015725598503305172,0.19388446592450692,-0.0005040527176909526,0.2861672411958622,0.0008148238199035665,0.44016388314903004,-0.00013524412995351745,0.6614289311079893,-0.000256195930673649,1.364505794256775,-0.0017983472092352997,-0.00016948569816552323,0.029322128931495443,0.042406081218267076,0.25
2.25,1343925810,0.0073112356319281445,0.1,0.08088522961967709,0.06818980617417976,0.08033576531705591,0.09518282162072564,0.0016125345475153825,0.0074472349841674945,0.09531932110870785,0.2861672411958622,0.06983875369293878,0.08231146441963005,0.08642198091168571,2.7764451051977987,0.18965007347760007,-0.44785464859207824,0.605251387822493,0.09144631854384205,12.706204736432095,0.07718328704196833,-0.141888584952808,0.15294876776133234,0.08105627494559833,-0.09759368275137978,0.21287428157977478,-0.0067834126584282225,0.13433311575578563,-0.0013090657257925802,0.19388446592450692,-0.0005949332725233626,0.2861672411958622,-0.00012244679802292903,0.44016388314903004,-0.0001724762162164005,0.6614289311079893,0.00017194646276792828,1.364505794256775,-0.0011649619899485463,-0.0002881032088018889,0.037796132980637685,0.05778569980545907,0.25
2.25,964066232,0.01628252171886534,0.1,0.07765566142592079,0.21620392219506832,0.26493569885744456,0.2546383733157806,0.027705596380850107,0.037135104784056724,0.2616388477217783,0.32612014812863077,0.21758263186700827,0.08231146441963005,0.19298298286765128,2.7764451051977987,0.18764833746009016,-0.337326225281858,0.704664390797286,0.27168365881214745,12.706204736432095,0.156641165236432,-0.2503724315924686,0.2938045349206809,0.21986284919535665,-0.3599014473872111,0.4526264625514988,-0.00473902178035801,0.13433311575578563,-0.0017458139028041172,0.19388446592450692,0.0021507439423828533,0.2861672411958622,-0.0017659495177687657,0.44016388314903004,0.00040769445538654163,0.6614289311079893,-0.0009338894734990799,1.364505794256775,-0.0011631629923591078,-0.0004379178167964133,0.04668238356479905,0.06572353234192864,0.25
2.25,1991918128,-0.04218906429232802,0.1,0.07098788312313786,0.1323867759430613,0.16243309377160606,0.1494930260681379,0.008853203379893714,0.013494961463115242,0.1515081786583153,0.32612014812863077,0.13732937562498904,0.08231146441963005,0.11633556739841165,2.7764451051977987,0.11981328050987863,-0.5068012826698616,0.1585087097488251,0.15528154088011453,12.706204736432095,0.1094847552727168,-0.21504976174744447,0.13703458474193883,0.13649019769298643,-0.2687150814609991,0.1724715423426208,-0.008470890625778365,0.13433311575578563,-0.00031609565773312433,0.19388446592450692,0.001320705829020964,0.2861672411958622,-0.0005266915144843993,0.44016388314903004,-0.0006423386311420785,0.6614289311079893,0.00026802865850270935,1.364505794256775,-0.001352363490066682,-0.00034430669902209255,0.04151397326534327,0.04606119274009822,0.25
2.25,1503904892,-0.07620519628358313,0.1,0.07618850952625601,0.09296693121425151,0.12839201428374253,0.14098354227752632,0.008154409684847248,0.011721949508271805,0.14115663229033357,0.2431366342882323,0.10612390825452045,0.08231146441963005,0.10842429605516796,2.7764451051977987,0.11092619117278212,-0.5162542915136621,0.09970666952615023,0.1362113638519797,12.706204736432095,0.09462747606637321,-0.22296471179940902,0.0949485657629377,0.12211724823965464,-0.21787647802323282,0.22996309952104857,-0.004994130324375102,0.13433311575578563,-0.0021478650654576555,0.19388446592450692,-0.0006491794530942815,0.2861672411958622,0.00036159391814081696,0.44016388314903004,-9.872675307065534e-05,0.6614289311079893,-0.000171081655572188,1.364505794256775,-0.0017962917923287933,-9.763343095899622e-05,0.02197057767349695,0.030820017333461864,0.25
2.25,1714968067,0.15239930165271515,0.1,0.06965006750948939,0.045543974955097974,0.05844639261913499,0.047342408717995325,0.0015740705127204832,0.0006672331505012368,0.04834902882040374,0.32612014812863077,0.0506168130209405,0.08231146441963005,0.025868157452964374,2.7764451051977987,0.052742748880299,0.02842642417620536,0.321301118102971,0.044143567705086637,12.706204736432095,0.023222632730351318,0.11709437132316523,0.18768479357715975,0.062438819864933194,0.01526982709899261,0.2628534812662927,-0.005588575059737168,0.13433311575578563,-0.00035872623205989384,0.19388446592450692,-0.00019916875917227314,0.2861672411958622,0.0004902983240981571,0.44016388314903004,3.96392868385482e-05,0.6614289311079893,-0.0005183490539530559,1.364505794256775,0.00015403095319090217,-0.0004909877136849036,0.049726410496840734,0.06586829866820205,0.25
2.25,201103793,0.21104652180367162,0.1,0.07764445624342826,0.09299746003178772,0.1004423243159023,0.12071507149517145,0.002559044846264791,0.012013083639819564,0.12698454208467197,0.32612014812863077,0.09255202335359485,0.08231146441963005,0.10976248691940402,2.7764451051977987,0.2421964240915421,-0.569285371843639,0.7756047804871056,0.13668132416484707,12.706204736432095,0.10228680615255806,0.04145302469477083,0.37690037380955926,0.11388196895457338,-0.0802927027275031,0.3363946947361988,-0.006678595938624838,0.13433311575578563,0.0013617518690442092,0.19388446592450692,-0.00020473589214458387,0.2861672411958622,-2.130229970890075e-05,0.44016388314903004,0.00011302253451408754,0.6614289311079893,-0.0005575189033431792,1.364505794256775,8.819635323795994e-05,-0.000569787995737797,0.053086311746008,0.07701262786067417,0.25
2.25,1794441268,-0.059794081622729256,0.1,0.06477743211893995,0.027965147522132017,0.03220175719573277,0.038319550759568576,0.00035651160374280597,0.0011118763666723467,0.03839963808228808,0.2431366342882323,0.030606858944037637,0.08231146441963005,0.03339296156651818,2.7764451051977987,0.23239948112885517,-0.6584512399623798,0.6320375636990566,0.035799131581669405,12.706204736432095,0.03171163062996558,-0.12237800700217488,-0.0013176213106849723,0.08004479605271916,-0.22305475712975148,0.04374794904080091,-0.007244446301113705,0.13433311575578563,-0.00017811326370796574,0.19388446592450692,0.00014110820532637453,0.2861672411958622,-0.0007408793496247162,0.44016388314903004,0.0006703645505626702,0.6614289311079893,-0.0004902804397550793,1.364505794256775,-0.0002497892150996235,-0.0005007748733116704,0.05021348812574532,0.057749784383231514,0.25
2.25,1243827652,0.10889543328590158,0.1,0.0661968810962527,0.041366195859342876,0.05257837754090159,0.03330054397684399,0.00048666354126544525,0.0006222626878882751,0.03746915025849439,0.13433311575578563,0.05315185200849266,0.08231146441963005,0.024981215642219997,2.7764451051977987,0.09713765738045137,-0.11715306584796845,0.4222416808807016,0.02183220427080445,12.706204736432095,0.020994761702645765,0.0744411242671114,0.147093846279195,0.08812464330301803,-0.0072143434825343265,0.3366290195570513,-0.007681769593796338,0.13433311575578563,-0.0010355270667056634,0.19388446592450692,0.0002132253548189528,0.2861672411958622,0.00015929841799751848,0.44016388314903004,0.0001005966774851318,0.6614289311079893,-0.0002974124227876531,1.364505794256775,-0.00013304638776670086,-0.0005178191475293491,0.051146652470606506,0.08850121386527807,0.25
2.25,152473460,0.1592656670633937,0.1,0.0739577344754735,0.08510103914503227,0.10042097688696046,0.1306294910614965,0.0028992059706501533,0.014164857964335436,0.13110898785235975,0.19388446592450692,0.09338174378725012,0.08231146441963005,0.11918807348130989,2.7764451051977987,0.15499329684647395,-0.3072541331612928,0.5534066275744313,0.12292669638207414,12.706204736432095,0.10261755817469502,-0.040444074020534376,0.33351695446293717,0.08284199958804793,-0.01440959429509681,0.3043368508177801,-0.004861215610296818,0.13433311575578563,-0.0008107073873589391,0.19388446592450692,-0.0007116600203092187,0.2861672411958622,0.0004370320361274965,0.44016388314903004,9.030736326759419e-05,0.6614289311079893,-0.0005677998628339325,1.364505794256775,0.000810258495580653,-0.0007113364160393597,0.05971649657729637,0.06870365102020903,0.25
2.25,212302157,0.04124750967396935,0.1,0.06170771612052726,0.05832210110986948,0.05320586767806652,0.06864429032688846,-0.00019512318884337947,0.004907161783325531,0.07086337215075193,0.13433311575578563,0.05761546008350143,0.08231146441963005,0.07015229384583409,2.7764451051977987,0.08510259442805924,-0.05122910058573976,0.42133626289309734,0.07141903021723141,12.706204736432095,0.06496805686234944,-0.06693338359030332,0.149428402938242,0.10837208472418745,-0.0275860581867765,0.34617501215523927,-0.005647020683431311,0.13433311575578563,-0.0008994559866195701,0.19388446592450692,-0.0019496507024968953,0.2861672411958622,0.0008718700891292625,0.44016388314903004,-0.00014424785626060814,0.6614289311079893,1.5338207073852292e-05,1.364505794256775,-3.4276761385098796e-05,-0.0004767233867231384,0.04866871061171103,0.07580134011993257,0.25
2.25,1765159612,0.2532592973210852,0.1,0.0725820257362436,0.05424537052528087,0.07991776289952018,0.0947385471758788,0.003475639828085418,0.005499752492910797,0.09560456668483414,0.32612014812863077,0.06062635497251593,0.08231146441963005,0.07426740692477161,2.7764451051977987,0.15192330074480967,-0.35328478901777716,0.49032862041906267,0.09676137258536545,12.706204736432095,0.06842246714465372,0.1335838838697307,0.3729347107724397,0.08069175054120833,0.04661737887436101,0.3445422767047738,-0.006873944131194654,0.13433311575578563,-0.0009052257698416181,0.19388446592450692,0.0005364667599373575,0.2861672411958622,-0.001093084457355022,0.44016388314903004,0.0008237317370691261,0.6614289311079893,-0.0004296381053339804,1.364505794256775,0.001299539175521853,-0.0008616814765983362,0.06557188055054458,0.08563765231854989,0.25
2.25,1266465983,-0.11482315496716548,0.1,0.054173642622452334,0.05847887590764233,0.034160057386103164,1e-150,-0.002180149243009262,0.001905828707586544,0.02844405959905225,0.13433311575578563,0.04929127917453233,0.08231146441963005,0.04371883899467134,2.7764451051977987,0.12691848751308327,-0.5191986618870855,0.18556576494253044,1e-150,12.706204736432095,0.041626435762542185,-0.18747597564910398,-0.03384116929085572,0.07266383417860027,-0.28545871852001614,0.015468309654102282,-0.007586004736598626,0.13433311575578563,0.002306428879129413,0.19388446592450692,-0.0003802762172500821,0.2861672411958622,-0.00028830073249368974,0.44016388314903004,-0.0002494580222729938,0.6614289311079893,6.595744215267352e-05,1.364505794256775,-0.000582996770084681,-0.0003707994709177173,0.042914842083455376,0.054963015213307286,0.25
2.25,1544346586,0.13816346457372786,0.1,0.059250461566965514,0.14142037470326763,0.10981432320724341,0.11561329325945377,-0.008323407514750645,0.021689841093047103,0.14892943842169984,0.13433311575578563,0.16002229150904768,0.08231146441963005,0.14748738418946253,2.7764451051977987,0.12571148557403547,-0.011980729988192607,0.6860813475901564,0.08962175315886797,12.706204736432095,0.11834790897233163,-0.08021976358540076,0.35619320846423885,0.18510668027395466,-0.04016705118436566,0.5362653677227487,-0.0042413024404526515,0.13433311575578563,-0.0005479715890778982,0.19388446592450692,-0.0013776668084964784,0.2861672411958622,0.000450529904287683,0.44016388314903004,-0.0003053796980392705,0.6614289311079893,1.4798141951293584e-05,1.364505794256775,-0.001057064718981446,-0.00019984251966815862,0.03162057708011163,0.04183774119693111,0.25
2.25,1910429473,0.2007410868158324,0.1,0.06283632128419624,0.038327376493432014,0.03831132201965617,0.044661003379152034,0.0004727595891939342,0.0015218456336386953,0.0480192046271187,0.13433311575578563,0.04560387755795664,0.08231146441963005,0.039067173322673066,2.7764451051977987,0.12238906362826096,-0.1381962567678212,0.541416776513033,0.04046282284652443,12.706204736432095,0.036775265961216344,0.1360555394737374,0.2627654710505878,0.09395087755093505,-0.0674375836823218,0.3523136476652932,-0.0067857841234747664,0.13433311575578563,-0.0008292686521584404,0.19388446592450692,-0.0006112554783215913,0.2861672411958622,-5.058327298699333e-05,0.44016388314903004,0.0003576772794872721,0.6614289311079893,-0.00027244478192881683,1.364505794256775,0.0012062109769413584,-0.0008266839842920261,0.06459747161984997,0.11010140406431423,0.25
2.25,522857945,0.09154270075296894,0.1,0.05827423668288709,0.04457296591219671,0.04726623333405073,0.02612266449061781,0.0002125029255017224,0.00046989067458766225,0.02902951285182295,0.13433311575578563,0.04703865333245466,0.08231146441963005,0.021708264327696795,2.7764451051977987,0.08269566713201272,-0.08083552275196773,0.3783644377075187,1e-150,12.706204736432095,0.019298021725110096,0.05757398772869085,0.12702144040629654,0.05671506943050538,-0.019198228607308427,0.20293797886236173,-0.004861367969319432,0.13433311575578563,-0.0007168035103224185,0.19388446592450692,-0.0005987087357033906,0.2861672411958622,4.731334787154868e-05,0.44016388314903004,-0.00014873659236162628,0.6614289311079893,-0.00010693243237090793,1.364505794256775,0.0005832563341654638,-0.0006383242623480699,0.0566387231047217,0.08018867962664175,0.25
2.25,1405937487,0.13453357254309264,0.1,0.0793469856699842,0.1784259758099147,0.2197875168128955,0.2394318659210238,0.017085882549621203,0.04024173586880192,0.2488397549913245,0.32612014812863077,0.18402941637978187,0.08231146441963005,0.20089310954783504,2.7764451051977987,0.21695704685420453,-0.4015811031569871,0.8031575583960642,0.2590500624791797,12.706204736432095,0.18142178479237636,-0.15945858388201004,0.443521117681573,0.19379809074496737,-0.27481933924766483,0.5013119636080412,-0.008777877255972467,0.13433311575578563,0.0011110355117670049,0.19388446592450692,0.001609759996083095,0.2861672411958622,-0.001525717927589753,0.44016388314903004,0.0002625020454263922,0.6614289311079893,-0.00014715357011517061,1.364505794256775,-0.0011034724183600381,-0.00033637465640494533,0.040785432694579106,0.05904633335435426,0.25
2.25,1601020913,-0.24456594365704662,0.1,0.06367965190257711,0.03602313106227013,0.043598767513620504,0.04737601206600033,0.0006552515255706184,0.0015892349937071907,0.04860120708580156,0.32612014812863077,0.03761184787510558,0.08231146441963005,0.03992277743881164,2.7764451051977987,0.10397243988258763,-0.5150317661312696,0.06231577744369604,0.05064699255883942,12.706204736432095,0.03820399274716553,-0.31159182696290155,-0.17754006035119166,0.0719128364693029,-0.32866829040961587,-0.03948708624037506,-0.004015543509209209,0.13433311575578563,-0.001500537756316463,0.19388446592450692,-0.0006299467322102852,0.2861672411958622,-0.0003743553735954196,0.44016388314903004,-9.722050714000743e-05,0.6614289311079893,0.00010345544685514435,1.364505794256775,-0.00014711276855054032,-0.0004759755532794308,0.04872835621068152,0.07857108931278119,0.25
2.25,1535395319,0.060163795356813723,0.1,0.07431342278627572,0.12386755822664845,0.11991911873276712,0.14846344291536556,-6.870896068137539e-05,0.022110102842965388,0.15852276486033245,0.13433311575578563,0.12484017656911378,0.08231146441963005,0.1489093847757872,2.7764451051977987,0.18092628065518168,-0.632094341697708,0.3725694309557367,0.13439555912678064,12.706204736432095,0.1380568206764152,-0.1517128613451288,0.291454280889809,0.19306162020927534,-0.4521852687983427,0.1950437528938395,-0.006643575342080414,0.13433311575578563,-0.00110671704901554,0.19388446592450692,0.00028386890030192676,0.2861672411958622,-0.00134727868085826,0.44016388314903004,0.00119369445083652,0.6614289311079893,-0.0006843518470472807,1.364505794256775,-0.00149389556200589,-0.00021999134891681442,0.03299151162346791,0.05607390766945351,0.25
2.25,101441725,-0.05088092248651335,0.1,0.06774759116837002,0.08819072915815404,0.10266438048576909,0.11860252174689,0.003457881387789659,0.010608676776931855,0.11981328050726242,0.19388446592450692,0.09455109556249813,0.08231146441963005,0.10314716521781934,2.7764451051977987,0.14057865249841806,-0.3858527267809051,0.39476509646816516,0.1049142240082172,12.706204736432095,0.08943795936049678,-0.19674880292564165,0.10958042329739112,0.11262603515036985,-0.3518350305653179,0.10070429521088525,-0.005559674324616042,0.13433311575578563,-0.0012910029773258232,0.19388446592450692,-0.0001729571761526921,0.2861672411958622,0.00044898565067443767,0.44016388314903004,-5.427513410854893e-05,0.6614289311079893,-0.00036203865370678496,1.364505794256775,-0.0010759353909288287,-0.00023748249367305384,0.034478241740964054,0.039133600699089985,0.25
2.25,711443911,-0.004879546758631994,0.1,0.07316338146003587,0.11023332562532985,0.10385953831630447,0.09167299615201056,-0.00020797153195051092,0.008611909755437054,0.09941228672058347,0.13433311575578563,0.10751851561728852,0.08231146441963005,0.09293438366947414,2.7764451051977987,0.19122769237934598,-0.19996146933165598,0.861904911638155,0.07685074104395329,12.706204736432095,0.07963894966921621,-0.12949830367110457,0.1364454599558347,0.22132549797407733,-0.09625372394749927,0.5809225195166177,-0.0072251869813465455,0.13433311575578563,-0.00011257492922405443,0.19388446592450692,0.00023476953184747523,0.2861672411958622,-0.0008484621739707436,0.44016388314903004,3.746075088878687e-05,0.6614289311079893,-2.3445214285548737e-05,1.364505794256775,-0.002105925474639014,-0.00013343992794796395,0.025810284734481808,0.04078863664743574,0.25
2.25,564772776,0.09256978834806477,0.1,0.06745007507909997,0.03753864994132081,0.03549219205236012,0.02571440789966435,-0.00031090968490679735,0.0009721404585371178,0.032009031912893074,0.13433311575578563,0.0463294310396821,0.08231146441963005,0.031224191151118085,2.7764451051977987,0.05998629826731002,-0.013312467625505836,0.3197848607809104,0.02303127620067337,12.706204736432095,0.027678297494331826,0.039792882069384534,0.14429337685590127,0.0440745762204045,0.02838057534477438,0.20146158129175964,-0.00406946935080557,0.13433311575578563,-0.0024249654681525717,0.19388446592450692,0.00015735542086396906,0.2861672411958622,-0.0012176196371455463,0.44016388314903004,0.0007869726168432567,0.6614289311079893,-0.0007338848419018674,1.364505794256775,0.002604398386024319,-0.0013095756227654695,0.08060082783443503,0.14014700503855226,0.25
2.25,34299659,-0.14957835909931372,0.1,0.06787657222611036,0.07382826246355316,0.06922663325575698,0.07366393389976049,-0.00014669507775772524,0.005573070235346009,0.07605989239754968,0.13433311575578563,0.07210806640817037,0.08231146441963005,0.07476080105746946,2.7764451051977987,0.11863366295379699,-0.7314353211908001,-0.07267561555128998,0.06862056616184609,12.706204736432095,0.07036769240157002,-0.26283880892265865,-0.045251666607056165,0.1829396410409081,-0.6534258394415967,-0.07221504977428324,-0.007782064320590797,0.13433311575578563,0.001761047643978724,0.19388446592450692,-0.002004662569878285,0.2861672411958622,0.0009336583261102682,0.44016388314903004,-0.0001755028717001739,0.6614289311079893,-0.0002637059269747936,1.364505794256775,-0.0017755781552925313,-0.00011542801698950623,0.024064180604707178,0.03149542136411665,0.25
2.25,315007890,0.06986812943947078,0.1,0.07726252533697606,0.055125860389562555,0.07269253757632774,0.06827608892376728,0.002199421894004517,0.00246220242472166,0.06860428947775779,0.32612014812863077,0.06375468222062632,0.08231146441963005,0.049692238998666836,2.7764451051977987,0.0602790325296952,-0.11504390407915131,0.21967894554711093,0.06194022774835039,12.706204736432095,0.04511787519209028,-0.005345211373103773,0.14603759330489574,0.054288196427965986,-0.05625285005501647,0.16202706831246944,-0.004885257794973495,0.13433311575578563,0.0016337606679914692,0.19388446592450692,-0.00037387710616267067,0.2861672411958622,-0.0005713633996868684,0.44016388314903004,-0.000128037249248451,0.6614289311079893,-0.00029342867629438,1.364505794256775,-0.0005051701470882114,-0.00043179593011870033,0.04636853510232229,0.05709650516975111,0.25
2.25,1530422852,0.08529482826334744,0.1,0.06216241697830105,0.044147920432803966,0.04208548137293388,0.038964613750040185,1.1031593151345203e-05,0.0015072095315384756,0.04274322275342729,0.13433311575578563,0.046772711474499705,0.08231146441963005,0.038878858373805635,2.7764451051977987,0.19741196417507476,-0.623743306202744,0.47246365707999494,0.042084260338259225,12.706204736432095,0.034976057355339735,0.016385298591741728,0.15118960000148832,0.07979481403415813,-0.14337422945855122,0.15430091340146368,-0.006076468750226034,0.13433311575578563,-0.0006953954844945629,0.19388446592450692,-0.00044454546449974164,0.2861672411958622,-0.00018352371272910785,0.44016388314903004,0.00037966190806055003,0.6614289311079893,-0.00029190619723712516,1.364505794256775,-0.0014036839453609015,-0.00014442364407357472,0.02687973598742664,0.03006385482993733,0.25
2.25,1002509348,-0.22643582826144326,0.1,0.07518869607587687,0.08102698916525214,0.08436307746391429,0.08339984513080759,0.0016326018732734935,0.005322932294569196,0.08395054747970225,0.32612014812863077,0.077573572789795,0.08231146441963005,0.0730637837232123,2.7764451051977987,0.21527241575728703,-0.5705573612675225,0.6248267287593277,0.08134848492286051,12.706204736432095,0.06170418641390066,-0.3310125220240101,-0.10723596486463056,0.14330620038526598,-0.3131542776513903,0.1490729390485745,-0.00826214134074105,0.13433311575578563,-0.0011311301948741818,0.19388446592450692,0.00033107205971685724,0.2861672411958622,-2.0043976440095007e-05,0.44016388314903004,-0.0004629345000825671,0.6614289311079893,0.00022670584504536973,1.364505794256775,-0.001161371423809045,-0.0003557029983321393,0.04210831894207972,0.06126789822430694,0.25
2.25,1213077042,-0.06645373871575389,0.1,0.07178628093382691,0.10135184223623284,0.13365363619298845,0.13645936390002997,0.006706501326406083,0.011914656669594716,0.13899331180420105,0.32612014812863077,0.11043501808184332,0.08231146441963005,0.10931190279880446,2.7764451051977987,0.1117153014267939,-0.36285751471446714,0.25748528892976996,0.13983616589017173,12.706204736432095,0.09628351291252076,-0.21770358260925057,0.08603954574483019,0.09918820655347604,-0.25146566366400763,0.12221269782459461,-0.007313944455838967,0.13433311575578563,0.0019861642733120764,0.19388446592450692,0.0001554904868785204,0.2861672411958622,-0.0001912463331797636,0.44016388314903004,-0.0005559849167892663,0.6614289311079893,0.00015807822165598575,1.364505794256775,0.0035109709515303037,-0.00137783158080754,0.0828200575437019,0.10503920081075858,0.25
2.25,271823690,0.084018370090612,0.1,0.06041701636470036,0.04706973593594436,0.05260309841650005,0.04399780692977689,0.0009822079160057107,0.0009535990986242123,0.044138021424970086,0.2431366342882323,0.050556840339585796,0.08231146441963005,0.030924992568846996,2.7764451051977987,0.058292725309220514,0.01242435002611525,0.33611745373296553,0.03927489700505544,12.706204736432095,0.0289265976441151,0.03687084963029953,0.13404486354542022,0.08671322927184634,-0.01632136805162656,0.19357825874591145,-0.006118480526548119,0.13433311575578563,0.0003425745728668996,0.19388446592450692,0.0005570334681909209,0.2861672411958622,-0.0007201365618133691,0.44016388314903004,-6.427151856991193e-05,0.6614289311079893,-5.920635707513246e-05,1.364505794256775,0.0006534140559049141,-0.0006731215442313578,0.05773711687059014,0.09027894014440335,0.25
2.25,1728900233,-0.27834835067041946,0.1,0.06416256749804689,0.13306538890591701,0.15777164265969634,0.16723911736613906,0.006075346050665429,0.021893576326739807,0.17235247813776566,0.32612014812863077,0.13769271019830873,0.08231146441963005,0.14817844836175736,2.7764451051977987,0.18264230307501403,-0.48217233411994037,0.5320203226294107,0.1774712933415055,12.706204736432095,0.1321898557349247,-0.5042829041838331,-0.052413797157005754,0.2374983663463282,-0.40079977658659793,0.3985072993622728,-0.006201476032499419,0.13433311575578563,0.0012849822543669245,0.19388446592450692,0.0003953789104439907,0.2861672411958622,-0.00011619672605215434,0.44016388314903004,-0.0006824474832840062,0.6614289311079893,8.314069880490334e-05,1.364505794256775,0.00030678712728608715,-0.0006148143243887108,0.05558060260895661,0.08227072035554152,0.25
2.25,1140374410,0.09960000782527788,0.1,0.0706448531003957,0.06732371640262463,0.0843693562778165,0.07864663705618298,0.0028121409087304376,0.003373152611516537,0.08397544305498633,0.32612014812863077,0.07253340879080268,0.08231146441963005,0.058162716644802444,2.7764451051977987,0.09179275013348345,-0.06107009030729013,0.44864497329421926,0.0843046765528817,12.706204736432095,0.05224844292163431,0.009274168908114597,0.1836359379883092,0.08636553464164301,-0.06114997820779665,0.28311530924122136,-0.004218455753423886,0.13433311575578563,-0.002372622736228546,0.19388446592450692,-0.0010284349264644563,0.2861672411958622,-4.752709546674359e-05,0.44016388314903004,0.0005055741897363091,0.6614289311079893,-0.00037131368434038673,1.364505794256775,0.0011393306314785364,-0.0007819579736550571,0.06243279935577808,0.09536996913561686,0.25
2.25,715695033,0.12248184720022408,0.1,0.06097991684282128,0.03565399772417937,0.04097172802933506,0.02004467694199021,0.000181882058940984,0.00021990701476776989,0.02013170207218768,0.2431366342882323,0.036505602772593106,0.08231146441963005,0.014850676219439064,2.7764451051977987,0.04742034776753938,0.01593028289016976,0.27925026778209394,0.017642516413106824,12.706204736432095,0.013464950090940935,0.0941458504967135,0.14829053885522647,0.1150887061222677,-0.3001275235377337,0.16850093330230276,-0.005122855378342599,0.13433311575578563,-0.0008303932613882999,0.19388446592450692,0.00046367464874924374,0.2861672411958622,-0.0004719139489654232,0.44016388314903004,-5.894124538463415e-05,0.6614289311079893,-0.00022485690611560662,1.364505794256775,0.0021244619421591803,-0.0010588992766556878,0.07290722379673072,0.10214408223182636,0.25
2.25,1672146529,-0.008272240883501682,0.1,0.06660594803571829,0.054474424581020954,0.042525449025956764,0.05079170337194495,-0.0006607079463820898,0.003240505077805734,0.05736891463439014,0.13433311575578563,0.049472365224159785,0.08231146441963005,0.05700763720255287,2.7764451051977987,0.17631717223787716,-0.668355904437011,0.31071399520733145,0.04154620773454019,12.706204736432095,0.05429919128541212,-0.09022111321299803,0.08421728411501889,0.06334980270661962,-0.15699101902468776,0.05544247993366145,-0.00480334998864215,0.13433311575578563,0.00012985830350536489,0.19388446592450692,-0.00036495315318545114,0.2861672411958622,-0.00036332284761354463,0.44016388314903004,-0.0001006572935389074,0.6614289311079893,-0.0001387023953722019,1.364505794256775,0.003469936038473423,-0.0013799170095097756,0.08321235094796224,0.09190091196464037,0.25
2.25,38480920,0.09122535046729527,0.1,0.08806659491384379,0.12965465687817918,0.2053867486677592,0.21308566658042774,0.02439341421860018,0.021012087083425047,0.22313802654865927,0.32612014812863077,0.16107040349759344,0.08231146441963005,0.1451647879439455,2.7764451051977987,0.18450778354579453,-0.32894188236681027,0.6956095826264221,0.21299385735996523,12.706204736432095,0.134838002031722,-0.14538630100394764,0.3250204919657882,0.11823053082582538,-0.06712912799235035,0.3409618689614887,-0.006799399152568964,0.13433311575578563,0.001167957702663176,0.19388446592450692,-0.0009332561542578004,0.2861672411958622,-0.0005110265148880609,0.44016388314903004,8.663977611153764e-07,0.6614289311079893,-0.00021168382796332624,1.364505794256775,-0.0011259068138798772,-0.00039808671776065074,0.044560513257505215,0.0625015665216484,0.25
2.25,841303605,0.09862280121367022,0.1,0.07552142926039183,0.09497829521122411,0.13694860815387294,0.13449218921134445,0.00962759356586929,0.008460555392990789,0.13515693721287722,0.2861672411958622,0.10734704865488984,0.08231146441963005,0.09211410242316244,2.7764451051977987,0.09331790854731595,-0.24836972582999112,0.2698143749969913,0.11736832484168427,12.706204736432095,0.09145960147214942,-0.04236143794914295,0.2396070403764834,0.10152000761801863,-0.18912770230535814,0.22291255716616254,-0.006616324360755124,0.13433311575578563,-0.00039010505231395825,0.19388446592450692,-0.0005662639021256036,0.2861672411958622,6.314276381383016e-05,0.44016388314903004,0.0002488172741437648,0.6614289311079893,-0.00041335275923300705,1.364505794256775,-0.0019023454821154512,-8.364614601353167e-05,0.020490476260739784,0.02161488659500179,0.25
2.25,1980191042,-0.16225240152783799,0.1,0.07184833799566699,0.08268705554934785,0.09082130548690473,0.06730496790540925,0.0012923703070604788,0.0032375883976876914,0.06828338598900617,0.19388446592450692,0.08347777220632877,0.08231146441963005,0.05698197600635245,2.7764451051977987,0.08347491954321871,-0.20718795828506678,0.25633910526003256,0.06989881599689275,12.706204736432095,0.04987298352973752,-0.2358682226994336,-0.08402590671662269,0.20773794906021995,-0.25003768711239327,0.3804254696838539,-0.006975857218392745,0.13433311575578563,-0.0011896712804625933,0.19388446592450692,0.0003313449755764911,0.2861672411958622,0.00023515763752099696,0.44016388314903004,-0.0005285189859176482,0.6614289311079893,0.0001597263782392749,1.364505794256775,-0.001294158324173285,-0.00022958660142368778,0.033893179876731225,0.05019833619612003,0.25
2.25,473508485,0.0028175836925753497,0.1,0.06543024838665128,0.06026535745196818,0.061800994623949806,0.04955515626475823,0.0005701976294544098,0.0018855158829701971,0.052121163193650025,0.13433311575578563,0.05904466183004142,0.08231146441963005,0.04348523141067612,2.7764451051977987,0.0598684011530664,-0.20667376842881158,0.12576889024608734,0.03128911349643805,12.706204736432095,0.03682591876753588,-0.06197977626507397,0.07211552290304707,0.10738525282299419,-0.29453421421805437,0.15567154900564192,-0.006390407360887434,0.13433311575578563,-0.0003100535523952212,0.19388446592450692,0.0006265732533983426,0.2861672411958622,0.0002148577726742982,0.44016388314903004,-0.00029695759817510687,0.6614289311079893,-0.000332747425861029,1.364505794256775,-0.0005629547869419523,-0.00037642119166048717,0.04319740141436046,0.053131060403571705,0.25
2.25,321443800,0.17978439526359807,0.1,0.06532808096959301,0.0576671279624834,0.07566020398898471,0.061600338884070675,0.0013373941901840903,0.0024572075604482597,0.062092162169184575,0.19388446592450692,0.06832201714666915,0.08231146441963005,0.04964181016445021,2.7764451051977987,0.11935056594969538,0.020918845821487175,0.6836594350887248,0.052926229687840456,12.706204736432095,0.04385489742109793,0.10251229600898747,0.2546101368703305,0.12170670103542239,0.12111010642904647,0.5513358028685654,-0.0063868750604923336,0.13433311575578563,0.0011324750307785585,0.19388446592450692,-0.0014307913478432306,0.2861672411958622,-0.0010034118090206073,0.44016388314903004,0.0007815448848697722,0.6614289311079893,-0.0002824243777942751,1.364505794256775,-0.0006205906833119313,-0.00041545894607269854,0.045461335479442415,0.06737665064619432,0.25
2.25,2015229585,-0.1333836157813935,0.1,0.06462162559154382,0.07627988835371963,0.07153945425840978,0.07889489162440749,-0.00018089222968770222,0.006405296154114705,0.08166069104767537,0.13433311575578563,0.07601729878584394,0.08231146441963005,0.08014866543333764,2.7764451051977987,0.1154306008672148,-0.30186115986363354,0.33911229367200507,0.0800412162124966,12.706204736432095,0.07013124155295154,-0.24726854701804166,-0.01656467128002282,0.1719079429502612,-0.20293206521192989,0.3578435618305664,-0.007040086094213258,0.13433311575578563,-0.0013953573690022964,0.19388446592450692,0.0001803155790281133,0.2861672411958622,0.00030302431038748567,0.44016388314903004,-0.0001516647986995604,0.6614289311079893,-0.00029469749736778944,1.364505794256775,-0.0014529267210562434,-0.00023517602386069573,0.034095141914466005,0.056223372627414954,0.25
2.25,346291332,0.02553690680784526,0.1,0.07840184929777658,0.09561311158994096,0.15853233515175816,0.1676523427131087,0.013867512741560029,0.014239795275633618,0.16790429836842372,0.2431366342882323,0.12673992055999034,0.08231146441963005,0.11950293198624402,2.7764451051977987,0.11521509086495697,-0.3355665993874844,0.3042101507663744,0.1501791273920308,12.706204736432095,0.09746279384321976,-0.1775279782214626,0.19301429436370338,0.11085866339700111,-0.20298599728506567,0.15852560539888672,-0.0066017411417533785,0.13433311575578563,-0.0005832897226926144,0.19388446592450692,-0.00043186954959876817,0.2861672411958622,-0.00022687333719541836,0.44016388314903004,0.00042130130029390694,0.6614289311079893,-0.0006492217807319013,1.364505794256775,0.0005986967311515217,-0.0007923155123953719,0.06272777862743778,0.09896177857576727,0.25
2.25,692506793,-0.05599371434980703,0.1,0.06745254235368199,0.04218930701912643,0.03706695554049188,0.036320865955515466,-0.0005838615424167361,0.0019030668461752585,0.039120818722944734,0.13433311575578563,0.04833129065595631,0.08231146441963005,0.04368714959083845,2.7764451051977987,0.19706568848316766,-0.4532354795726048,0.6410486528104453,0.035213576292456035,12.706204736432095,0.03892375094327833,-0.1166068055945538,0.018135301963628222,0.06817248350006282,-0.11627583458165347,0.1004980953128955,-0.007690149719666124,0.13433311575578563,0.0020384995455115284,0.19388446592450692,-0.0017131578230387876,0.2861672411958622,0.0007079321539552077,0.44016388314903004,-0.00014681672030007954,0.6614289311079893,-0.00044395104799284515,1.364505794256775,0.00018418629389040005,-0.0006561606171085857,0.05754669925298846,0.09104129244953976,0.25
2.25,83903841,-0.14937647488389322,0.1,0.0666811527578152,0.05279057802534962,0.042836249237813366,1e-150,-0.0009450120135855173,0.0005723146730120722,0.0027621375197539703,0.13433311575578563,0.04813722541303196,0.08231146441963005,0.02395764516104193,2.7764451051977987,0.07535046410577616,-0.35822918605823106,0.060183668423498204,1e-150,12.706204736432095,0.02282516027577211,-0.18663880705138228,-0.10951629782600719,0.06449156857381012,-0.23538702544075044,0.016366915142486643,-0.005459990907305457,0.13433311575578563,-0.0006060376207628102,0.19388446592450692,-0.0010848758396369684,0.2861672411958622,-0.0006795967074802444,0.44016388314903004,0.00035704351801908594,0.6614289311079893,-0.00012370482312558089,1.364505794256775,0.00014348922264479998,-0.0006321895999698009,0.05621880692616908,0.07856028426252387,0.25
2.25,787913836,0.014024442915611527,0.1,0.05438027839135326,0.03343115483637189,0.04095262692514933,0.030521789593772636,0.0005841675412065052,0.00034741209880002227,0.031484085901368045,0.32612014812863077,0.036324402753921244,0.08231146441963005,0.018665909568259115,2.7764451051977987,0.05448490737726281,-0.16320803428326805,0.13934067450624546,0.028618744417071476,12.706204736432095,0.01673284175742216,-0.016313507747894904,0.041585369780602,0.10485007673723952,-0.17728833657142398,0.17480015450888878,-0.005045571489894451,0.13433311575578563,-0.0008198493505979117,0.19388446592450692,-0.00013701242409629787,0.2861672411958622,-0.00016876757609903393,0.44016388314903004,0.0003978569478055839,0.6614289311079893,-0.0003660365160873766,1.364505794256775,-0.0009890112417032747,-0.00016997781723236048,0.029311309936772886,0.05021810306518316,0.25
2.25,1902227201,0.05001929065151468,0.1,0.055874177460557964,0.024664063290325264,0.031075747143266955,0.02523354054755616,0.00042942073281021585,0.000207310835754945,0.025952271140300312,0.19388446592450692,0.027507353230265177,0.08231146441963005,0.01441908457635688,2.7764451051977987,0.04632748111564334,-0.01935567332327262,0.23789574303607017,0.017385439881405666,12.706204736432095,0.0125094245682121,0.029871830293822142,0.0745207312631307,0.0643537647732794,0.007444950180701556,0.2864756880116925,-0.006423718047067815,0.13433311575578563,0.0021012403663124954,0.19388446592450692,-0.0016122477317052001,0.2861672411958622,1.872945654121023e-05,0.44016388314903004,-0.00010762029318245095,0.6614289311079893,-4.1870822244610165e-05,1.364505794256775,-0.0007995165645309059,-0.00032374188277738944,0.04022213900611208,0.056178892320685826,0.25
2.25,978115952,-0.011276112549183166,0.1,0.0702684776374022,0.07202177775709562,0.09836965369865841,0.0939084871833304,0.006241208005772274,0.002577595959289459,0.09779275716027735,0.32612014812863077,0.07528560291478943,0.08231146441963005,0.050843344290022484,2.7764451051977987,0.04732398604079936,-0.17400055711790732,0.08878434168494534,0.10426327106010783,12.706204736432095,0.043268132991305414,-0.08357663530266031,0.058940463646409265,0.13849362503089213,-0.452301036861302,0.06992611667041801,-0.0070823252321474345,0.13433311575578563,-0.0007250893136958158,0.19388446592450692,-0.00022035275531843312,0.2861672411958622,-0.0005698275988382873,0.44016388314903004,0.0004058506352458239,0.6614289311079893,-0.00021959949375668117,1.364505794256775,0.0006457552451380255,-0.0007496041988423403,0.061300114945298315,0.08184395196868449,0.25
2.25,1809705016,-0.09137303607241667,0.1,0.06903699368912812,0.040137600503118015,0.06061377595101924,0.050834279863754,0.001636475769485279,0.0009476482397811862,0.052469213189016144,0.32612014812863077,0.04997317310458989,0.08231146441963005,0.030828349088561628,2.7764451051977987,0.1390533375845399,-0.3934142853501832,0.3787336316458425,0.05598394861515945,12.706204736432095,0.02307279688763817,-0.12557499998004576,-0.04827307312537943,0.12381263967977989,-0.18096452149813727,0.2737030607848371,-0.0067105250296677025,0.13433311575578563,0.001102106758974053,0.19388446592450692,-0.0007062778996714944,0.2861672411958622,-0.00043362759888919996,0.44016388314903004,-0.00013414559304633842,0.6614289311079893,8.416471685592492e-05,1.364505794256775,-0.0015060944278818987,-0.00019389363871813364,0.031193174751442457,0.037799489197018706,0.25
2.25,2048657614,0.05172765388151604,0.1,0.06629404826664716,0.06861611683259437,0.0675277497275239,0.061501881128316935,-2.8321322613398224e-05,0.0038108027049350247,0.06337264920458463,0.32612014812863077,0.07007930123147442,0.08231146441963005,0.06182084264699995,2.7764451051977987,0.20817932141197731,-0.588371564967841,0.5676253509075263,0.06810024139875867,12.706204736432095,0.06105765729162101,-0.04447397731865371,0.1695867332392963,0.1054636557464252,-0.2353562868030932,0.14822223137502488,-0.00413910768213861,0.13433311575578563,0.002302339401627717,0.19388446592450692,-0.0017341619004036988,0.2861672411958622,-0.0008578724874771662,0.44016388314903004,-0.00024521022614918704,0.6614289311079893,0.00018291402015214127,1.364505794256775,-0.0012394878266952514,-0.00027109107218681013,0.03679552666633167,0.04106303180073759,0.25
2.25,1152491696,-0.4026076303833819,0.1,0.07875772483489624,0.06066473155822962,0.08606412748812386,0.08365414286728712,0.0027285544740514333,0.004269461144809051,0.08894529301798607,0.32612014812863077,0.06993105336289462,0.08231146441963005,0.06543546918825091,2.7764451051977987,0.10070828247327972,-0.6075250100320142,-0.04830297418038482,0.09645619468733907,12.706204736432095,0.05873809268868483,-0.5037038088163643,-0.2948176634379894,0.10138017915844136,-0.47830155954638326,-0.1085584474214426,-0.006888919991338256,0.13433311575578563,-6.269420558051109e-06,0.19388446592450692,0.0009502028194342655,0.2861672411958622,-0.0001753290981667533,0.44016388314903004,-0.0006303405926665823,0.6614289311079893,1.6014460436249135e-05,1.364505794256775,-0.00037540670586874155,-0.0004905776620705704,0.049722965493976014,0.07956310512790007,0.25
2.25,1022845637,-0.09507083060041763,0.1,0.06885105642773497,0.046114509627367746,0.050836338031483214,0.04117496399024119,0.000586062225582449,0.0011093154340152097,0.04240010509200382,0.13433311575578563,0.046072429771076964,0.08231146441963005,0.03335448317672381,2.7764451051977987,0.1046630959181103,-0.24812989706813265,0.33305278364523744,0.04128144108189181,12.706204736432095,0.026352030080501722,-0.14922091566610185,-0.040920745534733405,0.13124270182739708,-0.21933197084285705,0.3567816455098322,-0.005990949412929064,0.13433311575578563,0.0008833423002945697,0.19388446592450692,-0.0006205453128658946,0.2861672411958622,-0.001255875694307464,0.44016388314903004,1.754724741432694e-05,0.6614289311079893,0.0003558242856063117,1.364505794256775,-0.0019727685325048893,-8.343047912463368e-05,0.02033089614267072,0.03098829936027787,0.25
2.25,1965604326,-0.1411534838889169,0.1,0.0575942376454391,0.03949560244189919,0.044587044991633795,0.027737879973626995,0.00029804137345103114,0.0004713486119803063,0.029604361920486103,0.13433311575578563,0.04445930649108675,0.08231146441963005,0.021741915536715777,2.7764451051977987,0.07448588081000707,-0.27156795744274387,0.1420439609198377,0.020577255260362092,12.706204736432095,0.01781455855284541,-0.1751278239495302,-0.11484624170422407,0.0631454559265658,-0.18537129330988597,0.02246445970161677,-0.006151016673048742,0.13433311575578563,-0.0011294875436806478,0.19388446592450692,-0.00034902658915149967,0.2861672411958622,0.0007246702624408497,0.44016388314903004,-0.0006061161313093653,0.6614289311079893,0.00021843710194613107,1.364505794256775,0.0002952681739886684,-0.000532063074739761,0.051426447603121754,0.09009865456438286,0.25
2.25,445843303,-0.005879127856798963,0.1,0.07211590222253587,0.04622274262968754,0.05839982179800036,0.06006527250215595,0.0010538201091901227,0.0025540168515681295,0.06086512075637489,0.19388446592450692,0.05265317673100804,0.08231146441963005,0.050610259860647384,2.7764451051977987,0.1279301153368695,-0.27942545861123735,0.43095642645764487,0.055059937886240196,12.706204736432095,0.04057941628051116,-0.0780998958119679,0.07862013397611516,0.07392228347053256,-0.13159593949443169,0.2049003549448671,-0.006149646611754792,0.13433311575578563,0.0020249418858092026,0.19388446592450692,-0.0007139059685973407,0.2861672411958622,-0.00026140235001756944,0.44016388314903004,-0.00018920288232331423,0.6614289311079893,-0.0001728949839271313,1.364505794256775,-0.0015178278809787292,-0.000174895359309981,0.029782209381223692,0.04382687917842995,0.25
2.25,608175699,0.19140215404679642,0.1,0.057536478735648156,0.04908706093864249,0.0571319294993752,0.0453030972995918,0.0007924547660641836,0.0012599158588720981,0.0494092726985233,0.19388446592450692,0.05660089978833353,0.08231146441963005,0.03554655024312144,2.7764451051977987,0.09819354595623522,-0.10552303878379915,0.4397349412806096,0.02980977112011656,12.706204736432095,0.033893046497269284,0.13526379810611336,0.24754050998747948,0.08678372899779443,-0.048167529051300215,0.29112297315007724,-0.003851285864509822,0.13433311575578563,-0.0021566626519074887,0.19388446592450692,0.0012169711631006973,0.2861672411958622,-0.0009600426228009007,0.44016388314903004,8.469430477695209e-05,0.6614289311079893,-0.0003439999706457434,1.364505794256775,0.0023737846919297035,-0.0011401148573911297,0.07583573516489592,0.11106191049287432,0.25
2.25,1474388838,-0.13856851835907177,0.1,0.07771863626515284,0.06059623460040144,0.0623091018955439,0.06706315541269195,-0.00019535687973261905,0.004692823693639493,0.06920400686345249,0.13433311575578563,0.06747632374013003,0.08231146441963005,0.06860311048267828,2.7764451051977987,0.07911311896358593,-0.5079717297170744,-0.06866526591031577,0.06299730206139183,12.706204736432095,0.0643930808283957,-0.2464278898978766,-0.03644572425936494,0.09179987919599006,-0.42554773499197945,-0.06982862640533317,-0.009418042349223749,0.13433311575578563,-0.0030064311121652644,0.19388446592450692,0.0007926787897571171,0.2861672411958622,0.0003250625669027205,0.44016388314903004,-0.0004205536734281077,0.6614289311079893,6.156029840652238e-05,1.364505794256775,-0.0019676412063802905,-0.00022809284314413998,0.03375542818899027,0.03959955334466502,0.25
2.25,749558641,-0.11666397011405863,0.1,0.06787421076669826,0.028616035831462418,0.03759834054669496,0.026872062981029936,0.0005678452086687879,0.00015426256018765165,0.02685537015056005,0.2431366342882323,0.03303795201201166,0.08231146441963005,0.012438183377701377,2.7764451051977987,0.06867352481856033,-0.2676946366008508,0.11364190707749194,0.014856215458098591,12.706204736432095,0.01023938762163614,-0.13775828979206844,-0.09565778361151996,0.052197700452900696,-0.1851502652603801,-0.00542871158875443,-0.007655931321294517,0.13433311575578563,-0.0008406275972543679,0.19388446592450692,7.527839236579203e-05,0.2861672411958622,4.053415310346934e-05,0.44016388314903004,0.00012098439061643822,0.6614289311079893,-0.00033085141301955167,1.364505794256775,-0.0019899112236510673,-0.00010279948235699445,0.022692425881140846,0.030991818658999967,0.25
2.25,532371547,0.2416645490737846,0.1,0.06782120916261561,0.08274554354391578,0.08741733779679901,0.09755040920408001,0.0018168062682808002,0.007699276067602659,0.10008889360605022,0.19388446592450692,0.08959465649019001,0.08231146441963005,0.08787222718568484,2.7764451051977987,0.13261346984698247,-0.16281924019043495,0.5735687982894658,0.08473217416357696,12.706204736432095,0.07332177445385617,0.11051621311135273,0.3633107017420653,0.09484620414640162,0.06155005019218232,0.4326740865800799,-0.005845525603197734,0.13433311575578563,-0.0007426625716882622,0.19388446592450692,0.0006403509664182148,0.2861672411958622,0.00036944970179081274,0.44016388314903004,-0.00041954882637028416,0.6614289311079893,-0.0002787483429186495,1.364505794256775,-3.158629862043876e-05,-0.0004984113013906318,0.04982761997545639,0.072329030685168,0.25
2.25,391318659,-0.0038020307316638906,0.1,0.06647645492307602,0.04856250712038588,0.05301846976348757,0.04058443468568588,0.0008124452636525561,0.000834651075104147,0.04481127498487529,0.19388446592450692,0.054054922112294124,0.08231146441963005,0.028932047308276993,2.7764451051977987,0.054827782247104266,-0.10197194739435285,0.20248070790329398,0.027278899184606752,12.706204736432095,0.023532716002875282,-0.046727222643937236,0.03754044099837536,0.11195869648554159,-0.1119140169105603,0.3308192673914685,-0.005661574291165496,0.13433311575578563,-0.0012708865130250185,0.19388446592450692,-0.0013359400743550088,0.2861672411958622,0.000701316387984095,0.44016388314903004,-0.0002390173984856092,0.6614289311079893,-4.369490111939274e-05,1.364505794256775,-0.00023917873538909954,-0.00047142971404076937,0.048693029092350494,0.07499648691582103,0.25
2.25,565260587,-0.15231454711444117,0.1,0.058138572487555856,0.029185415733961644,0.024587642960847287,0.032450504900774516,-0.0002726254285565264,0.001325660696871717,0.03400500851563882,0.13433311575578563,0.02740821890367277,0.08231146441963005,0.036462200786143366,2.7764451051977987,0.03829436481950245,-0.21045384111023197,0.002190562409300781,0.030657021860184312,12.706204736432095,0.029135771351453378,-0.21248644450226015,-0.10391328880675907,0.061468538454839135,-0.324356458817765,-0.0817236928553752,-0.006402737975486442,0.13433311575578563,0.0004710949259328147,0.19388446592450692,-0.0005917321983032579,0.2861672411958622,-6.0210775418081213e-05,0.44016388314903004,4.535762198011924e-05,0.6614289311079893,-0.0002964282943291232,1.364505794256775,0.00016614795366349635,-0.0005995337385903594,0.0550737842167626,0.08402324987269659,0.25
2.25,1982485518,-0.026528363949135336,0.1,0.06904379570393708,0.11710394503766353,0.14133642401104926,0.16744014179979344,0.005601742931152792,0.022434458154782143,0.17118987896353197,0.32612014812863077,0.1309255549782755,0.08231146441963005,0.14999765874578821,2.7764451051977987,0.19656470113488397,-0.8268460054677051,0.26465619917352856,0.1743048575480526,12.706204736432095,0.13591918611556045,-0.25323509902477764,0.200178371126507,0.1705550027609616,-0.46474083953265094,0.11348909307099732,-0.006867340948127675,0.13433311575578563,0.0018842316661414338,0.19388446592450692,-0.001399880340523138,0.2861672411958622,0.000331860001987793,0.44016388314903004,-0.0004982646925984345,0.6614289311079893,-9.478517923594837e-05,1.364505794256775,-0.0014219035234885567,-0.0002674875458981252,0.03656798364053178,0.045002811571116255,0.25
2.25,88166089,-0.1733299914657189,0.1,0.05922197376778998,0.04532599675034132,0.040012566226718574,0.03554405015724162,-0.0004658147786929833,0.0017291942802734918,0.042491499469648066,0.13433311575578563,0.04957243297010243,0.08231146441963005,0.041643630384534946,2.7764451051977987,0.045837166872041465,-0.19663538459372185,0.05789337060230662,0.033037810845414996,12.706204736432095,0.03543936230115203,-0.22829669849557338,-0.11418973875250704,0.08849591507178492,-0.24319893679827395,0.06417786783616992,-0.004378428763799289,0.13433311575578563,-0.0006089103900853479,0.19388446592450692,0.0002312426811460714,0.2861672411958622,-0.00018734387632052377,0.44016388314903004,-0.00034024517594,0.6614289311079893,3.0534605110433816e-05,1.364505794256775,-0.001685889600304653,-3.045436129118245e-05,0.012370370265942579,0.017476327816431204,0.25
2.25,561505229,0.37144433147518113,0.1,0.06500122377120214,0.027001870716484185,0.02711217602234877,0.03328125978460414,-5.175070881778662e-05,0.0011593929616680952,0.034800828345130916,0.13433311575578563,0.034676071567229294,0.08231146441963005,0.03409902943454722,2.7764451051977987,0.09834516606678448,0.054006665224128614,0.6001065751161054,0.03162150073668909,12.706204736432095,0.030620853696264678,0.31264429796536414,0.4223839740852431,0.07146366428281736,0.3003382533747277,0.5186850102590936,-0.006674008436579092,0.13433311575578563,0.0013166450076159473,0.19388446592450692,-0.0019015702461120038,0.2861672411958622,0.00024021288169842216,0.44016388314903004,0.0001821652512001925,0.6614289311079893,-0.0003085418576785656,1.364505794256775,-0.0002905703660472162,-0.0004868713071310969,0.04943792520407405,0.05924201538444061,0.25
2.25,1396316816,0.1523025852599708,0.1,0.06876430007149532,0.033287801779571816,0.038959294186409234,0.04430894608181705,-0.0001259934485135423,0.0020892761513949124,0.04731266064942135,0.13433311575578563,0.041836604462382194,0.08231146441963005,0.045774605643027294,2.7764451051977987,0.0806186013646507,-0.06390781190215625,0.3837584303913978,0.04514536733802753,12.706204736432095,0.03945456559833328,0.07895758811474901,0.21946703025897782,0.08288852260194111,0.007881124386437361,0.28361468434178005,-0.008833498115201736,0.13433311575578563,0.00020772197701748028,0.19388446592450692,0.0004647278659594918,0.2861672411958622,-0.0003248305219105317,0.44016388314903004,-8.136266270491187e-05,0.6614289311079893,-3.853914421622749e-05,1.364505794256775,0.0007574012328174617,-0.0007927295775671659,0.0631142052032932,0.09573940385153508,0.25
2.25,963870412,-0.07520444342203932,0.1,0.055716159164130696,0.034055776736279415,0.03005614825534262,0.029737755163303806,-0.0002961417549745208,0.0011804758371271229,0.034225212157703716,0.13433311575578563,0.03785413627265558,0.08231146441963005,0.034407667997166165,2.7764451051977987,0.12493472964308565,-0.526471432934378,0.16727740423913293,0.02669877740201278,12.706204736432095,0.030220040476502893,-0.13469180361695865,-0.023794423925137538,0.07461817347514145,-0.271907178001036,-0.00865443430230283,-0.005626979922841695,0.13433311575578563,-0.0016584405143016258,0.19388446592450692,2.4934216547922936e-05,0.2861672411958622,0.00025251625577315146,0.44016388314903004,-2.4755833435900747e-05,0.6614289311079893,-0.00011358891397885217,1.364505794256775,-0.0006726134781011952,-0.000272902021703296,0.037014419696233654,0.05358911780781103,0.25
2.25,245393431,0.15273632803425824,0.1,0.07176782529994298,0.03825680830289078,0.032650453629705645,0.009876672639655602,-0.0003922193096617898,0.0004897679720927113,0.016950800326728306,0.13433311575578563,0.03588425417431985,0.08231146441963005,0.022162659733500432,2.7764451051977987,0.09721660006872157,-0.06223228809918613,0.47760081871036186,0.009261682902777317,12.706204736432095,0.017661489258567798,0.1274539550441484,0.1889959249788682,0.07809148236211376,-0.04705843305788687,0.3305455332173052,-0.004090745306163769,0.13433311575578563,-0.002976069220314467,0.19388446592450692,0.0010037344654988676,0.2861672411958622,-0.0009033624812948174,0.44016388314903004,-5.196258356548369e-05,0.6614289311079893,-0.00014598898515310091,1.364505794256775,-0.0005740428982629035,-0.0004738668716763875,0.048533805675459694,0.05751291451338203,0.25
2.25,1147784924,0.07477836429413524,0.1,0.06140923366684919,0.038879873013920964,0.04173500705454696,0.03955734203798069,0.0010760078057573373,0.0004887755033524568,0.043909131971568476,0.32612014812863077,0.03346957462638549,0.08231146441963005,0.0221401930731397,2.7764451051977987,0.08349810238250199,-0.20072425139362854,0.26293154391277607,0.047909039106242515,12.706204736432095,0.018134249603739164,0.045834258109558185,0.1173311967526708,0.1072708109766948,-0.18283682329652057,0.15837649504530568,-0.007325078132003015,0.13433311575578563,0.0017532695871764399,0.19388446592450692,0.0006146055997112643,0.2861672411958622,-0.0005983378947873384,0.44016388314903004,-0.00015262034400138517,0.6614289311079893,-0.00021257296493185093,1.364505794256775,0.002116413345273302,-0.0010766380283461184,0.0730378369564577,0.09557454208928085,0.25
2.25,509912621,-0.065155164609463,0.1,0.07794586060500672,0.0859773924198019,0.11817419006968034,0.11868070518679488,0.007197026059197796,0.0068880837244371254,0.12801669992755768,0.32612014812863077,0.09478842172123446,0.08231146441963005,0.08311432777124612,2.7764451051977987,0.11654403199427828,-0.3772118666908206,0.2699443476502386,0.14292250569484005,12.706204736432095,0.0716864961417476,-0.18590063419125394,0.04168625587736216,0.0899906062871867,-0.2253587635622325,0.1005627359851566,-0.006501649175640959,0.13433311575578563,0.0008653584011295653,0.19388446592450692,0.0004761846684972205,0.2861672411958622,0.0009802833294310239,0.44016388314903004,-0.0009083050816198352,0.6614289311079893,-0.0005970954621139369,1.364505794256775,0.0003383135599750691,-0.0006924309219107503,0.05858733982641926,0.1030642491291774,0.25
2.25,1632517988,-0.25547445877488173,0.1,0.06887007325638941,0.0482882772889084,0.06102921204806272,0.04960699091778695,0.0010194261616229394,0.0014414273862944573,0.0497147270718055,0.2431366342882323,0.0529570714278958,0.08231146441963005,0.03802095950129815,2.7764451051977987,0.12864506105276513,-0.47204414853202525,0.24230775160361817,0.04605876672944274,12.706204736432095,0.037489467002992355,-0.31861490570774265,-0.19828619740501305,0.1784774777016524,-0.29947964856900394,0.283941468007083,-0.005586203696810982,0.13433311575578563,-0.0005385431961027203,0.19388446592450692,6.950892840621426e-05,0.2861672411958622,-0.00048593885630703087,0.44016388314903004,0.00020787342257313026,0.6614289311079893,-0.00028735534767662077,1.364505794256775,0.0007595028751614204,-0.0007116667710633117,0.06002879572376861,0.10585260605759078,0.25
2.25,1595322467,-0.2525598683099507,0.1,0.06413966990507386,0.06088865547472565,0.06282392295788045,0.06490159217375165,3.690291026667118e-05,0.004175313756421309,0.068687776023336,0.19388446592450692,0.06265583919337873,0.08231146441963005,0.06470997710724533,2.7764451051977987,0.13653879147290277,-0.40296289832052856,0.35522202018859905,0.056182779132688807,12.706204736432095,0.06084273739425977,-0.36489633650648134,-0.16082776532004028,0.18024602525160544,-0.3161187788261904,0.31676483955503143,-0.005913691451802328,0.13433311575578563,-0.0010275761277147672,0.19388446592450692,0.00022738261333777872,0.2861672411958622,-2.457762099501779e-05,0.44016388314903004,-0.0002995472257817127,0.6614289311079893,-0.00020519872989400702,1.364505794256775,0.00019376031266902786,-0.0006363932782898589,0.05648966492219377,0.07701120641897706,0.25
2.25,573042362,0.25784411436711296,0.1,0.06107841598222937,0.047829468056673444,0.04890797423964718,0.0628384611241414,0.0006141424206227968,0.003334529775827434,0.06432756016027094,0.32612014812863077,0.04941263816588952,0.08231146441963005,0.05782877436987342,2.7764451051977987,0.12386811034902775,-0.2659101741080825,0.42191584322923537,0.06602558457725555,12.706204736432095,0.04855381256210567,0.16749832596452652,0.3412194906971148,0.06533888000745829,0.16538002890460668,0.3728796866953764,-0.005090427321195527,0.13433311575578563,-0.0005100992466189148,0.19388446592450692,-0.0007467450605692887,0.2861672411958622,0.00038596853422142994,0.44016388314903004,-0.0005983828685546066,0.6614289311079893,0.00011271296656988994,1.364505794256775,-0.0014230668825872636,-0.00018007139696090462,0.029848332056528502,0.04518241236178674,0.25
2.25,2143810409,0.2773606002947555,0.1,0.06438749675013347,0.03492087922311622,0.04573459681465333,0.043582254972941055,0.0008726087635142221,0.0010268041850122233,0.04563011932044477,0.19388446592450692,0.03982457709406356,0.08231146441963005,0.03209005807357534,2.7764451051977987,0.07558910660109755,0.08234880875103981,0.5020868188088237,0.0374501405333029,12.706204736432095,0.026471500257385237,0.21998830765858246,0.31742782707121325,0.07471888088936543,0.20844231611482447,0.4806711705080187,-0.004282394169244293,0.13433311575578563,-0.0027838549640756436,0.19388446592450692,2.5220613576386703e-06,0.2861672411958622,-0.0006207519493969446,0.44016388314903004,3.623945635462533e-05,0.6614289311079893,6.550270524632316e-05,1.364505794256775,-0.0017346982029208657,-0.0001275201364120853,0.025306837036996634,0.03073394243207151,0.25
2.25,723963274,-0.1426424837990988,0.1,0.07384546367336003,0.050931164689934014,0.060840555724673284,0.07571325509202984,0.001837191983832362,0.0038953050127984194,0.07844369082541615,0.32612014812863077,0.048982846653709645,0.08231146441963005,0.0625025049079781,2.7764451051977987,0.3031566598423417,-0.7138326370180235,0.969563011636744,0.07871993609128117,12.706204736432095,0.054669308275183716,-0.23906533597170382,-0.050352571885178984,0.1550762800492363,-0.19750849009184335,0.38015106756723155,-0.008056359368281005,0.13433311575578563,0.0004594859510805607,0.19388446592450692,0.0005741460029761373,0.2861672411958622,-0.0010555119806704796,0.44016388314903004,-0.000220556317803167,0.6614289311079893,0.00019551105379425886,1.364505794256775,-0.0004847749293353422,-0.000557491080449169,0.052505652191965776,0.08452474469374342,0.25
2.25,1721052466,-0.32297642096561896,0.1,0.07044518329250231,0.03707723767753662,0.03972809821537621,0.030468990601791042,0.0002633303437834793,0.0006650290445085515,0.032572796414044404,0.13433311575578563,0.03767035951201802,0.08231146441963005,0.025825396294541857,2.7764451051977987,0.0738621512067667,-0.4477069494840764,-0.037558533129262245,0.0311134393356848,12.706204736432095,0.02189796981388464,-0.3617668250472898,-0.2839188751369154,0.07728016846121707,-0.37103942160752673,-0.08102295621885795,-0.006482762658442038,0.13433311575578563,-0.0009081655309237736,0.19388446592450692,0.00048168761155927095,0.2861672411958622,-0.000427231317331775,0.44016388314903004,-0.00034610637823569303,0.6614289311079893,8.456404186810798e-05,1.364505794256775,-0.00018985866967419804,-0.000550254774841089,0.052827514776074835,0.09220801972277048,0.25
2.25,494760015,-0.04778345593254092,0.1,0.06821347808457584,0.108572821100715,0.08670879518786326,0.043206683652235685,-0.003090549995174245,0.004957367507398615,0.07871280370755387,0.13433311575578563,0.10815027531003149,0.08231146441963005,0.07051024861078074,2.7764451051977987,0.1059542134599032,-0.22083757355903194,0.36751454111263,1e-150,12.706204736432095,0.06056374452788082,-0.15209220560776399,0.06369273282921628,0.12200989941559176,-0.21587212742555822,0.20219900513711436,-0.0034643782441865995,0.13433311575578563,-0.001097765032029001,0.19388446592450692,-0.00028318545670486797,0.2861672411958622,-4.05255175108378e-05,0.44016388314903004,0.0003088217892352058,0.6614289311079893,-0.00098945749483568,1.364505794256775,0.0003310615133419658,-0.0006718473483637216,0.05766787170525744,0.0879369606692491,0.25
2.25,1195828260,0.06305614141987376,0.1,0.06947906435565064,0.0884593404167654,0.14009960361823048,0.132276657861496,0.014043037778382117,0.0034540764366251513,0.14206140501340245,0.32612014812863077,0.09771549185537026,0.08231146441963005,0.05885625979027031,2.7764451051977987,0.06535064480584796,-0.16220000220682462,0.20068495357860838,0.1553254297778881,12.706204736432095,0.053137232310968,-0.02605101694124979,0.15216329978099724,0.09125176944143439,-0.14150116006454863,0.1730100533029167,-0.0027593396737953108,0.13433311575578563,-0.005195063401260565,0.19388446592450692,0.0004476257217993877,0.2861672411958622,-0.0007850561486884106,0.44016388314903004,7.857882013367125e-05,0.6614289311079893,3.107915249140177e-05,1.364505794256775,-0.00037326147948761037,-0.0005032752892542662,0.050334375627964875,0.06668430159282167,0.25
2.25,1367965973,-0.1799769954646,0.1,0.04072326473393045,0.03344594241199656,0.025249253807838386,0.01697139463137113,-0.0004760598584276438,0.0007640880941613766,0.02855334259672494,0.13433311575578563,0.03438373758031058,0.08231146441963005,0.027682059917107482,2.7764451051977987,0.13583660356199953,-0.49178750122771964,0.2624982449050953,0.004317621767519841,12.706204736432095,0.02486613661614848,-0.22931490966617468,-0.13561282843965622,0.07485070231799659,-0.29634741016287003,0.0045003021291931955,-0.00715324689742174,0.13433311575578563,0.00043070553505343193,0.19388446592450692,-0.000925698548480151,0.2861672411958622,0.0003611002264102054,0.44016388314903004,0.000171777927360145,0.6614289311079893,-0.0005615093318137435,1.364505794256775,-0.0015443697097756396,-0.0002119396174892315,0.0324111006449211,0.04941438413246614,0.25
2.25,186340834,0.04034138794640954,0.1,0.07026865830313254,0.056481687217671404,0.06586871425355409,0.045571538423598124,0.001160205445872677,0.0009165596684208036,0.046414082392574135,0.13433311575578563,0.0702539105977452,0.08231146441963005,0.03031845452531383,2.7764451051977987,0.11380408883776583,-0.21049846165947902,0.42144314915074166,0.036677908688258966,12.706204736432095,0.026418059390828804,-0.012227096298243617,0.09066844446107204,0.0967911910550619,-0.1434918072725475,0.23006931002945527,-0.004590089727439821,0.13433311575578563,-0.003314680740085801,0.19388446592450692,0.0006288819686110706,0.2861672411958622,-0.0005126016473469497,0.44016388314903004,0.00047314861809957164,0.6614289311079893,-0.0005986715881588889,1.364505794256775,0.0001636148047057352,-0.0006253917610050978,0.05577500580437692,0.08535499525365839,0.25
2.25,1611607489,-0.1870983875501953,0.1,0.0626533508754752,0.058457749813197624,0.06705208029007409,0.06906197143643462,0.0002912186968523911,0.00447833720183452,0.07397306211752447,0.13433311575578563,0.06859197960040447,0.08231146441963005,0.06701701554782996,2.7764451051977987,0.12447077651748642,-0.7259696975106078,-0.03479714110631926,0.05818691838938092,12.706204736432095,0.05698051888780135,-0.2931771458180378,-0.08617059741970294,0.13351139866333836,-0.618429695221506,-0.12147832594686815,-0.004907679128127756,0.13433311575578563,-0.0007947823335394922,0.19388446592450692,0.0007619086758579125,0.2861672411958622,-0.0013735134254354944,0.44016388314903004,0.0003166486983317556,0.6614289311079893,-0.00010726137974443153,1.364505794256775,0.0013057278322078005,-0.0008452484803932467,0.06521507989816082,0.09149052200222778,0.25
2.25,989519776,0.13621066333975013,0.1,0.06274786120971716,0.035650267779139745,0.03009424099315943,0.02378003946620739,-0.0004035177993732278,0.000969008076387609,0.02768336260870794,0.13433311575578563,0.03430932945199684,0.08231146441963005,0.03117384605345403,2.7764451051977987,0.16347406487800492,-0.16008295305482179,0.7476705814598266,0.021614302293589696,12.706204736432095,0.025222554945915607,0.08451353402729936,0.1879077926522009,0.08920088664786047,-0.054487809006021556,0.28498756127792285,-0.007057169915186914,0.13433311575578563,0.0005382945746660281,0.19388446592450692,4.381112623368629e-05,0.2861672411958622,-0.0006185232982533337,0.44016388314903004,-0.00014899878174346216,0.6614289311079893,0.00024207865654211636,1.364505794256775,0.0003158461512377128,-0.0005981541183523966,0.054843195592426924,0.08320132595745881,0.25
2.25,1388731689,-0.0060586189685607195,0.1,0.07148014943645707,0.03905307401734521,0.06980767609118532,0.06772430348796811,0.003863489849015308,0.0007230914339151021,0.07181188601595379,0.32612014812863077,0.04888610180491391,0.08231146441963005,0.02692919036196028,2.7764451051977987,0.11596498479235187,-0.282004753147158,0.361936075654967,0.07915554127994437,12.706204736432095,0.022569605209690632,-0.055534720593622064,0.027064363976939503,0.07969408780713948,-0.11321700478406302,0.20454999592946338,-0.003991416492866355,0.13433311575578563,-0.0025926878591548772,0.19388446592450692,-0.0005665410669096063,0.2861672411958622,0.001215871956748514,0.44016388314903004,-0.0005893443272690437,0.6614289311079893,-0.0006841381944749998,1.364505794256775,-0.00048141978516062653,-0.0005360383901083525,0.05174200363007286,0.057020499431801666,0.25
2.25,782859320,0.13861251215229825,0.1,0.06580791734184963,0.034021425731280495,0.03204081165642433,0.02866005920525517,-0.00014592952906719082,0.0009673285227159224,0.02952478470860313,0.13433311575578563,0.034994581392041986,0.08231146441963005,0.031146817973773836,2.7764451051977987,0.1494845683110015,-0.32942949150751133,0.5006419044718607,0.023976433792066605,12.706204736432095,0.02977010282185436,0.0948004402968499,0.18294730517691657,0.11029552996189275,-0.11591887561718389,0.373763492018451,-0.005191627361073644,0.13433311575578563,-0.0014195870325209,0.19388446592450692,-0.0007124494716525152,0.2861672411958622,-0.00010820595659572299,0.44016388314903004,0.0003662149171342848,0.6614289311079893,-0.0004806182012175061,1.364505794256775,0.00037784673533868235,-0.0006630093698451163,0.05799374288734515,0.10153892422958413,0.25
2.25,729002192,-0.2835232434533373,0.1,0.043927598373650144,0.02416963224480373,0.03172484879405988,0.03617951487725373,0.00042888566606355885,0.0008800716306898652,0.037115696059593466,0.13433311575578563,0.03024400688183997,0.08231146441963005,0.029708840272150247,2.7764451051977987,0.11144717976515885,-0.41407511936593966,0.2047788341282092,0.03490352168253028,12.706204736432095,0.025743479801109744,-0.3291785830942831,-0.23786790381239145,0.13044293282125188,-0.31341430050562313,0.14378727992743986,-0.005827651862392302,0.13433311575578563,-0.0021448172400635418,0.19388446592450692,-0.0006816451323677363,0.2861672411958622,0.00032266139639815006,0.44016388314903004,-0.0004672043447043409,0.6614289311079893,0.0003548917165123497,1.364505794256775,-0.0009492171407027911,-0.0003093907848661248,0.03964539089208792,0.06693471125689773,0.25
2.25,909849662,0.06806025160383579,0.1,0.06341713683880432,0.04549461410612908,0.06851499850006593,0.06653647177086447,0.0025912987363298483,0.0018358033393851955,0.06717698589790146,0.32612014812863077,0.054310045403458886,0.08231146441963005,0.04290814758741537,2.7764451051977987,0.13749509573371635,-0.11073352036120782,0.6527616507159513,0.06630013056925889,12.706204736432095,0.03368389732978566,0.00515891397109193,0.12521682910794743,0.11081825187639588,0.005364956942491637,0.4633669529105746,-0.0052863824356245434,0.13433311575578563,-0.00217397666268437,0.19388446592450692,0.0008395660867231874,0.2861672411958622,-0.00045986205578881493,0.44016388314903004,-0.00035416250708003783,0.6614289311079893,0.00018979602482793666,1.364505794256775,-0.0014097077112153742,-0.00019175885883695876,0.03115054447827865,0.053637200009274986,0.25
2.25,72394441,-0.05223330145233382,0.1,0.07847458613832162,0.0434526711563041,0.0614321180199505,0.056243437988162455,0.0015827888453539406,0.0015805354713743348,0.05655239226252485,0.19388446592450692,0.05365814564368363,0.08231146441963005,0.0398133582226858,2.7764451051977987,0.13066585236765757,-0.4394338379797766,0.28613929446558556,0.05175851068408546,12.706204736432095,0.03436731265630137,-0.11452091102017674,0.008153919349091904,0.07788728658977762,-0.21935995951135612,0.10823158962865043,-0.006265232929785735,0.13433311575578563,-0.00042485434304784014,0.19388446592450692,0.0003789505407692467,0.2861672411958622,-0.0003991625068512519,0.44016388314903004,-7.643320118669005e-05,0.6614289311079893,-0.00023175915690820353,1.364505794256775,-0.0013980243795140915,-0.0002416492293566556,0.03482212625829368,0.041436172909397155,0.25
2.25,1837102703,0.1451370294603879,0.1,0.06240980073644886,0.061646924110390806,0.05927785969941293,0.047799815610489835,0.0006533409496981644,0.0016314814226986636,0.05180919675615457,0.19388446592450692,0.06004050008021375,0.08231146441963005,0.040449928144882,2.7764451051977987,0.06367225644445731,-0.057070067911000305,0.29649498157322474,0.043741653489733176,12.706204736432095,0.03575101408851678,0.07741421945812325,0.21757565153220387,0.06503727822378787,0.007697142112117676,0.2500049697555082,-0.007978721970402466,0.13433311575578563,-0.00025707600767913214,0.19388446592450692,0.00037242905084172213,0.2861672411958622,0.00044820585401481874,0.44016388314903004,-2.699447151550109e-06,0.6614289311079893,-0.00046323606300805386,1.364505794256775,-0.0002470649924231065,-0.0004692538207783295,0.04827232221240015,0.07964482613953457,0.25
2.25,2136370359,-0.12324316517317649,0.1,0.07124577308202373,0.049449765113461566,0.056552324944279656,0.04439688997008319,0.00032490265370539425,0.0016461811853102793,0.04577193988990287,0.13433311575578563,0.0574245227065664,0.08231146441963005,0.04063174786297988,2.7764451051977987,0.09730932172929575,-0.5048724715002215,0.03547550851062048,0.046947980640763845,12.706204736432095,0.039915667814265025,-0.18741497007508284,-0.06088021196695181,0.10395054663188254,-0.4227967975761814,-0.06467955019266401,-0.007770327582844267,0.13433311575578563,-0.0028437118172431274,0.19388446592450692,0.0007735774884280159,0.2861672411958622,0.0001047151065472906,0.44016388314903004,-0.00024471022094392844,0.6614289311079893,3.79213716998382e-05,1.364505794256775,-0.0020227719238150414,-0.00011449591502109184,0.02386188565937944,0.04050278735195095,0.25
2.25,500349110,0.34120467865938897,0.1,0.06347559627185304,0.06709400314614,0.06608566665266913,0.07090512898028982,-0.00017370105517405636,0.005201238370885592,0.07507924631034342,0.13433311575578563,0.07220454928096388,0.08231146441963005,0.07222375545294152,2.7764451051977987,0.0876129957335835,0.2267764786060448,0.7132818249184919,0.06334348931049692,12.706204736432095,0.06464219499079307,0.24182887348082152,0.4521962476659455,0.13785962080382808,0.2729379531241928,0.735164586526355,-0.006311636796204891,0.13433311575578563,-0.0015175274389789277,0.19388446592450692,-0.0003583371700818478,0.2861672411958622,0.000525416883987014,0.44016388314903004,-0.00024044012779734012,0.6614289311079893,-3.10142721161867e-05,1.364505794256775,-0.0016556975824134931,-9.430841562144945e-05,0.02181056183783769,0.03181238756454875,0.25
2.25,804554796,0.36610067826111276,0.1,0.06467025770210807,0.042299310150383594,0.04665609551730614,0.04034998744281815,0.0004941211282543879,0.0011340003583811943,0.040394976510699836,0.2431366342882323,0.04095605233708947,0.08231146441963005,0.033723549873410086,2.7764451051977987,0.10430324450140832,-0.0675495402013902,0.5116349251029786,0.037755833681099873,12.706204736432095,0.031172119102156767,0.30241528116260263,0.4297860753596229,0.12311703189762678,-0.051716176867428014,0.42039631298152424,-0.0054973246490507485,0.13433311575578563,-0.0014111241350533428,0.19388446592450692,-0.0013207148447697058,0.2861672411958622,0.00075637980589388,0.44016388314903004,-0.00013817361284050272,0.6614289311079893,-0.00026698519274309884,1.364505794256775,0.001185269452395548,-0.0008526874159255369,0.06508744294496448,0.10528466682008662,0.25
2.25,648522904,-0.0854415974739354,0.1,0.07381643546379595,0.05053064177444812,0.04229110848753236,0.04979711763200606,-0.000795596173197645,0.003275349097653494,0.05996030332630871,0.13433311575578563,0.058552628076828026,0.08231146441963005,0.057313309314026915,2.7764451051977987,0.0496814493664293,-0.28731667217155904,-0.011441038346449217,0.04713861784450119,12.706204736432095,0.0454214816533899,-0.17303277609364476,-0.007227806578297618,0.0672090435882457,-0.2369639095883429,0.02437810529075133,-0.007805917356606469,0.13433311575578563,-0.0015638597693595213,0.19388446592450692,6.220604742439791e-05,0.2861672411958622,-0.00016994383094841452,0.44016388314903004,1.2184756375177696e-05,0.6614289311079893,-7.557762416441319e-05,1.364505794256775,-0.002273146432893078,-7.784619382324967e-05,0.019793867523422597,0.029870295379151052,0.25
2.25,586006601,-0.001505090400798069,0.1,0.08029097987356973,0.12409570858425165,0.16160320699436084,0.16016581906894814,0.013579707142303048,0.012073382455723978,0.1726395304204057,0.32612014812863077,0.1275386987957388,0.08231146441963005,0.11003761459006257,2.7764451051977987,0.08647118751813114,-0.2466454968295066,0.23351951382120578,0.17907311758475192,12.706204736432095,0.09898979428305237,-0.17513418661953425,0.1721240058179381,0.11428234159636154,-0.22615090022795986,0.19605613885832418,-0.005746673146779541,0.13433311575578563,-0.0031963883953230955,0.19388446592450692,0.000533068648591683,0.2861672411958622,0.00028882826713922066,0.44016388314903004,-0.0004567688923128236,0.6614289311079893,-4.768466294005762e-07,1.364505794256775,0.00019489474818294695,-0.000640772026320701,0.056511634733207486,0.060305151463366194,0.25
2.25,1657835558,0.07028408091281337,0.1,0.06949866662003581,0.043135712471978026,0.05322580944530095,0.04750636444168917,0.0010057990183843602,0.0012510556440822288,0.047900759165208515,0.32612014812863077,0.04653562045257441,0.08231146441963005,0.03542134119199458,2.7764451051977987,0.12873040576936362,-0.0916959987484589,0.6231298112284933,0.04961861833313686,12.706204736432095,0.03067091164261269,0.013368010329436776,0.12664192055185303,0.12923757389045362,-0.02797351946661965,0.5177921037977459,-0.006533022577794534,0.13433311575578563,-0.0002405878117992585,0.19388446592450692,-0.0016929802336274047,0.2861672411958622,0.0008396057269927926,0.44016388314903004,-9.084229022888106e-05,0.6614289311079893,-0.0005157079930906735,1.364505794256775,-0.0014041111391602426,-0.0003041209943958086,0.039112088902612474,0.05171580324530363,0.25
2.25,88312952,-0.12492275483781745,0.1,0.07485818534721038,0.062057639716457606,0.07616805247128705,0.06739142400926275,0.0025827677093780395,0.0019588363206181963,0.06741080964723255,0.2431366342882323,0.06784302609796913,0.08231146441963005,0.04432265444744235,2.7764451051977987,0.04423030474678087,-0.29935390696662617,-0.053747880735412756,0.06544875205903206,12.706204736432095,0.039389906147800524,-0.1878266441498618,-0.05930803869627296,0.10578632523257499,-0.40606488560337867,-0.013436532345105516,-0.004939526370764934,0.13433311575578563,-0.00036955258092367244,0.19388446592450692,-0.0010355603797250529,0.2861672411958622,-0.00023238335970198325,0.44016388314903004,7.577745394002376e-05,0.6614289311079893,-0.0005324853972384962,1.364505794256775,0.00024600306192917545,-0.0007550129524262121,0.06150678871240983,0.08871361089632587,0.25
2.25,819908644,-0.1835631868339794,0.1,0.05924750763852612,0.038510349661124675,0.035453800439031125,0.03728883120769051,-0.0003211154258461644,0.0017115723586817984,0.0438145771998738,0.13433311575578563,0.043139542901340894,0.08231146441963005,0.04143089547189202,2.7764451051977987,0.05926086803978691,-0.24514212979727834,0.08392696420039975,0.03131651983686641,12.706204736432095,0.03673607459724975,-0.24007543611430215,-0.1226363892688844,0.08164632062859124,-0.23741135105285527,0.016126168374363144,-0.006468810004647093,0.13433311575578563,0.0001411181965001472,0.19388446592450692,-0.0003824702481430706,0.2861672411958622,-4.981251193198842e-05,0.44016388314903004,-0.00019907079858573506,0.6614289311079893,0.00010192961911303552,1.364505794256775,-0.00026312514667450063,-0.000425097731284336,0.04636603627300878,0.06038554481656134,0.25
2.25,1195526001,0.2035482184192824,0.1,0.071092906859618,0.08316708476673744,0.10526748321782811,0.09656445901860969,0.003954995695641139,0.00536969904991561,0.09793997699654458,0.32612014812863077,0.09697336891790431,0.08231146441963005,0.07338404738995764,2.7764451051977987,0.08070845198508947,0.014456563685115331,0.4626217366093018,0.1018657925421731,12.706204736432095,0.0718145249304916,0.08975929839617905,0.31733713844238576,0.09779095314619567,0.068295875910426,0.412717217423505,-0.004882831113784863,0.13433311575578563,-0.0008412249568937219,0.19388446592450692,-0.0006508165658122483,0.2861672411958622,0.0006646415477646059,0.44016388314903004,0.0004928511605956543,0.6614289311079893,-0.0012204761702471754,1.364505794256775,0.000566641311053457,-0.000673612295784151,0.05815049814987656,0.08540872853071767,0.25
2.25,547663077,0.021677700953689472,0.1,0.04811865969268891,0.08347096816336773,0.05008519700335602,0.054175406601638575,-0.004203309277980146,0.0071382839584330105,0.06386590167184358,0.13433311575578563,0.07450952032687765,0.08231146441963005,0.08461037074097705,2.7764451051977987,0.20209922459920382,-0.8354917943320992,0.2867430114733609,0.04439887661139722,12.706204736432095,0.07573781285442041,-0.10314298146747564,0.14825686224321707,0.11057332745443245,-0.18504982316353405,0.16263916878819956,-0.006621337058241327,0.13433311575578563,-0.0008656104826330114,0.19388446592450692,0.0009390007039408315,0.2861672411958622,6.095034140594818e-05,0.44016388314903004,-0.000943481787357343,0.6614289311079893,0.0002606020301755677,1.364505794256775,0.0002444442122052136,-0.0006482483597858305,0.056770237590478945,0.09568446115396269,0.25
2.25,932045019,-0.13144242011160617,0.1,0.06544968870004571,0.022488175843395446,0.019901467553602246,0.011188457666278063,-1.334627906924733e-05,0.0001385278640193437,0.012594217635175861,0.19388446592450692,0.01998608291318499,0.08231146441963005,0.01178678215496208,2.7764451051977987,0.10701976482862996,-0.37131999011966677,0.22294901431607164,1e-150,12.706204736432095,0.00986436994673943,-0.14800865383716483,-0.11535836427241039,0.07442978078161035,-0.31204158391612574,-0.08956901519130772,-0.004840188355024563,0.13433311575578563,-0.002463075031751896,0.19388446592450692,-0.0009262428323545938,0.2861672411958622,0.0003001856757118671,0.44016388314903004,-0.0004938737903503001,0.6614289311079893,0.00017853117103655713,1.364505794256775,-0.000907352965082658,-0.0003894965134994963,0.0442917716299679,0.05615673143218169,0.25
2.25,354842427,-0.18427860166678928,0.1,0.07119870617008635,0.08466130724190432,0.11584322770466987,0.13690788939291418,0.005881509241120509,0.012862260936901914,0.14142422401382507,0.32612014812863077,0.09280040460616408,0.08231146441963005,0.11357568006161982,2.7764451051977987,0.23857575911086965,-0.5860313456610146,0.7387536515434318,0.14663594605434815,12.706204736432095,0.10164328900670455,-0.34776026931214266,-0.01695687801660878,0.12296321032076363,-0.2773266353920675,0.15417931277198296,-0.005008672455984339,0.13433311575578563,-0.001556859231010939,0.19388446592450692,0.0005052132007438456,0.2861672411958622,-0.0005120574902895184,0.44016388314903004,0.000497310989611099,0.6614289311079893,-0.0007905003827640504,1.364505794256775,-0.0018785753885711249,-0.00012225730574746063,0.02463224536649066,0.03890008843855683,0.25
2.25,1971984169,0.15977137115729229,0.1,0.06402040647821215,0.04883636705766673,0.04868374105650254,0.06217041193989152,-0.00013600138825117878,0.004001161509026985,0.06479899653774894,0.13433311575578563,0.05320427351699022,0.08231146441963005,0.06334607769729006,2.7764451051977987,0.09035624341007698,0.05249369406030846,0.5542319935402467,0.0628005033931411,12.706204736432095,0.056843430767216145,0.06907159424442201,0.2504711480701626,0.11797187949436323,0.09694641502562597,0.5248824185580782,-0.0056622777462905505,0.13433311575578563,-0.002143838530356335,0.19388446592450692,-0.00012267828337588822,0.2861672411958622,-0.0004279192740048674,0.44016388314903004,0.00042518325559446425,0.6614289311079893,-0.00016879040395825486,1.364505794256775,-0.0011640311726002657,-0.0002295055241102011,0.03407422271270146,0.043841366824655933,0.25
2.25,1636252017,-0.045743802190937766,0.1,0.06178426941809415,0.037861939818186856,0.04180234255529491,0.045410589801449505,0.00031873596025253146,0.0017433857058629786,0.047711602626873253,0.32612014812863077,0.04023740307701307,0.08231146441963005,0.041814164978798064,2.7764451051977987,0.11932609541963371,-0.3598643591487892,0.30274034795162574,0.04757581808910801,12.706204736432095,0.0364287213424953,-0.1164955970231506,0.023440883219649142,0.07551869061796791,-0.2617658115339644,0.0762442935105736,-0.007042203396558028,0.13433311575578563,0.0009737451991578625,0.19388446592450692,0.0001249293367967965,0.2861672411958622,-0.00036130541544228916,0.44016388314903004,0.0002334860914038004,0.6614289311079893,-0.00034030768945567314,1.364505794256775,-0.00034579362546247093,-0.0004064466799441561,0.04525537386628711,0.07420777017480373,0.25
2.25,1092196633,0.15297506805734082,0.1,0.06183568383983229,0.03975126602443224,0.051979469452056004,0.06358140925144748,0.000924816173105339,0.0031177794292947115,0.06681151565477264,0.13433311575578563,0.0474550571694804,0.08231146441963005,0.0559177105441627,2.7764451051977987,0.046795395488754166,0.09669933574596509,0.35654902924705845,0.056530506059148236,12.706204736432095,0.048967025199774174,0.06653896797210229,0.23399780241252865,0.08237885542318711,-0.042071961292390325,0.3194137742594476,-0.00662018967681807,0.13433311575578563,0.00033111320252376454,0.19388446592450692,0.0007030897812290821,0.2861672411958622,-0.0006362042661574645,0.44016388314903004,9.05436136969487e-05,0.6614289311079893,-0.0002264555495073474,1.364505794256775,0.0019100055501844258,-0.0009853761388118347,0.07015970956692791,0.0935930008589081,0.25
2.25,1789285919,-0.13258286774162498,0.1,0.07623482886947164,0.14837679049492272,0.16998007380937658,0.15978858317571204,0.006805464631439179,0.018726926681862266,0.1672355616967186,0.32612014812863077,0.1482387885906306,0.08231146441963005,0.13704397377271565,2.7764451051977987,0.10504194146092319,-0.3524864573562862,0.2307999110630216,0.17269118319344778,12.706204736432095,0.1241299174265678,-0.3396767964576288,0.07368392148106254,0.1573005413785786,-0.358797226765936,0.253727824528649,-0.006758384514164476,0.13433311575578563,0.0008939343542245682,0.19388446592450692,0.0010847592075328126,0.2861672411958622,-0.000519468986556354,0.44016388314903004,-0.0005966899736990649,0.6614289311079893,-9.943588614620638e-05,1.364505794256775,-0.0008032003185697996,-0.0003865853459820906,0.044254618921818416,0.07298730012277763,0.25
2.25,955895939,-0.32792427980335237,0.1,0.07373069399111745,0.09416289140076742,0.09468573142392192,0.09316233402245765,-0.0005607659041884719,0.00923998638470044,0.09809429841549533,0.13433311575578563,0.09854411211075202,0.08231146441963005,0.09626365642163195,2.7764451051977987,0.09905725642621342,-0.566206318340346,-0.016152248862579044,0.081645563739972,12.706204736432095,0.08688895319259975,-0.4846895736577542,-0.18502682073105106,0.10245023078326639,-0.5123175706939206,-0.14231668045246715,-0.004484983160873164,0.13433311575578563,-0.001886232106997672,0.19388446592450692,0.0007256631745693889,0.2861672411958622,-0.0003849497850914723,0.44016388314903004,-0.00020196422232741947,0.6614289311079893,-0.0002051468501158996,1.364505794256775,-0.0020300909760113824,-5.153439809955297e-05,0.01597828414411721,0.025736444350297642,0.25
2.25,297132410,0.012803955042238602,0.1,0.05609477841259651,0.05034368061144366,0.05988452745115852,0.0678122556385395,0.0011806026522883754,0.003417899362498258,0.06875069064918635,0.32612014812863077,0.04569323923786534,0.08231146441963005,0.05854722610299476,2.7764451051977987,0.15457859127247453,-0.3264691181419039,0.5318888280717622,0.06544179642487144,12.706204736432095,0.05713859136656329,-0.09118047593231014,0.09517238085748332,0.05573961769109972,-0.06579514279711579,0.13301310975709757,-0.005476793727381825,0.13433311575578563,0.001195287253243855,0.19388446592450692,-0.0012469092655959827,0.2861672411958622,-4.539655174018311e-05,0.44016388314903004,-0.00039158478801937463,0.6614289311079893,0.00019658567497893672,1.364505794256775,0.0019518375805192927,-0.0009894218701334602,0.07031047327884106,0.08306559599094777,0.25
2.25,2008078979,-0.08555635455189822,0.1,0.07694240614734968,0.08698491267545663,0.09182145867568531,0.09827712861563406,0.0011710530069831658,0.008487341001950713,0.09832530091052165,0.2431366342882323,0.09311029362249852,0.08231146441963005,0.09225980104704103,2.7764451051977987,0.1011788228373283,-0.48564611526854684,0.076188779564204,0.09792667080528594,12.706204736432095,0.08025062675668759,-0.2199813614972481,0.048868652393451645,0.13019462064143184,-0.47000683253661557,-0.0048288883422020435,-0.005370391185502268,0.13433311575578563,-0.002770384939989252,0.19388446592450692,0.0013273720634988347,0.2861672411958622,-0.0013329612271027573,0.44016388314903004,0.00013739563273912006,0.6614289311079893,0.00015191119823907526,1.364505794256775,-0.0005085070878970356,-0.00043649146292220735,0.04669765933389159,0.05834319332094172,0.25
2.25,1236846770,-0.11200425780600871,0.1,0.0713383348495654,0.08796388347290325,0.07336900915356623,0.09562086344417474,-0.002308798231803408,0.011452147757612921,0.1085023992721798,0.13433311575578563,0.09247183413325806,0.08231146441963005,0.10716924209190808,2.7764451051977987,0.15438756866206474,-0.5981226077335928,0.2591746108967646,0.08082526284132296,12.706204736432095,0.09826994018152699,-0.28481790427518877,0.07229828251047067,0.12435968942367664,-0.4339500519746644,0.011735793048620827,-0.00767070444840786,0.13433311575578563,-0.0011239092249744093,0.19388446592450692,0.0004456822626123773,0.2861672411958622,-0.00026707377815314744,0.44016388314903004,-0.0003203787411670922,0.6614289311079893,0.0002886003583533934,1.364505794256775,0.0015338565004032582,-0.0009441619465994656,0.06891174260452426,0.0778773200139784,0.25
2.25,1150557542,0.10225183045748681,0.1,0.07128075922383866,0.06880492453586654,0.09569583869004769,0.10002928557481039,0.004366911975504902,0.005638945997102067,0.10798021571197321,0.32612014812863077,0.07112357427475482,0.08231146441963005,0.07520135323839325,2.7764451051977987,0.0832563585012695,-0.1074250314385463,0.35488838663633937,0.11560769826563692,12.706204736432095,0.07518027175001692,-0.01551793272814006,0.2200215936431137,0.07758308442881905,-0.02874932608920466,0.26477208822616005,-0.005042675206095788,0.13433311575578563,-0.0008024102161321832,0.19388446592450692,0.00022824289884102562,0.2861672411958622,-0.0005710794042565003,0.44016388314903004,-0.0006465965896523911,0.6614289311079893,0.0004812061457593742,1.364505794256775,-0.0012642517069536498,-0.00022659467265687315,0.033528713632754184,0.05310686475225058,0.25
2.25,1026355232,-0.05095555449438588,0.1,0.06851032382659558,0.153781863940693,0.181404406200911,0.19053867141856307,0.009726757568566672,0.026578227737384472,0.20600689727774574,0.13433311575578563,0.18290214574394317,0.08231146441963005,0.1632637235410449,2.7764451051977987,0.2214836036537632,-0.7011098315085187,0.5287643029836016,0.17448645536663762,12.706204736432095,0.14303825940560586,-0.33507410809577837,0.2331629991070066,0.174207652173926,-0.37747650786179954,0.27645193529617085,-0.006025569362548142,0.13433311575578563,0.0014241228607869394,0.19388446592450692,-0.0010315218868560876,0.2861672411958622,0.00037206235224632774,0.44016388314903004,-0.0002013991724203731,0.6614289311079893,-0.000406139937777431,1.364505794256775,-0.001401853831716852,-0.00020327211950795125,0.032119775006338336,0.04528278200605555,0.25
2.25,909246002,0.07945368169081558,0.1,0.06402378760726245,0.07594833907453949,0.10438300488418775,0.12772663304594697,0.004788313567682923,0.011525779221571067,0.1278451468584075,0.2431366342882323,0.0812154322795087,0.08231146441963005,0.10751321184957432,2.7764451051977987,0.08314813632981569,-0.23124814175963335,0.2304643304788387,0.1142456198023574,12.706204736432095,0.09997886442615121,-0.09023003594205607,0.24386686627191406,0.0654134712538073,-0.05760638655092325,0.1883587089271249,-0.006663684273281873,0.13433311575578563,0.00020153777222181018,0.19388446592450692,0.0003302917903036182,0.2861672411958622,-0.0003237961358213443,0.44016388314903004,-0.0001585891498752147,0.6614289311079893,-4.8612847209777845e-05,1.364505794256775,-0.0016518565520143478,-0.0001154356625026549,0.02397437461709245,0.0400042558013325,0.25
2.25,2135372899,-0.1325063636418433,0.1,0.06774939377030634,0.036965394007448554,0.04581260252877808,0.0372513290997615,0.0004870554909498599,0.000900606028748878,0.04208257143246801,0.19388446592450692,0.04645919370945159,0.08231146441963005,0.030053434684681517,2.7764451051977987,0.10917264818148291,-0.4559033860140102,0.150320343315909,0.029949167352102558,12.706204736432095,0.027524920776723034,-0.17636146930534563,-0.08865125797834096,0.07916607125735158,-0.3647601111503382,-0.019658543913023917,-0.007140879058887142,0.13433311575578563,-0.0011980375184810486,0.19388446592450692,0.0026347946730690863,0.2861672411958622,-0.0013656018854654789,0.44016388314903004,-0.00016578740842616068,0.6614289311079893,-2.5889996434591975e-06,1.364505794256775,0.0003456693158494529,-0.0006794834502333235,0.05811371810566285,0.07774083335248665,0.25
2.25,894934623,-0.24159643866775307,0.1,0.07153955604559284,0.06320853419993151,0.06708960169383565,0.053095737298746164,5.3179949342524284e-05,0.00276597736995494,0.05304643922405236,0.2431366342882323,0.07326971028837673,0.08231146441963005,0.05266850599934807,2.7764451051977987,0.0596832641231513,-0.32441788134370514,0.006996731730196493,0.04916542461156518,12.706204736432095,0.04546328869697962,-0.3146478422129592,-0.1613777151675213,0.09787229023182471,-0.30360573957461684,0.009355564414885473,-0.008052072570785652,0.13433311575578563,0.002190992485858987,0.19388446592450692,-4.005188749897735e-05,0.2861672411958622,-0.00029828485025659235,0.44016388314903004,-0.000672685540279631,0.6614289311079893,0.00017950128093099428,1.364505794256775,0.0012699041680037373,-0.0009420189129962983,0.06871886128382856,0.07800980994800794,0.25
2.25,2063855486,0.11458627203453552,0.1,0.07034752312339913,0.07282546065194688,0.08428982803606788,0.08424997993445929,0.0017465599949975296,0.005351499123959264,0.08414328311600518,0.2431366342882323,0.08353923754253696,0.08231146441963005,0.07325957878962407,2.7764451051977987,0.11386278477591072,-0.26161111462533515,0.3706564282852004,0.07211751134468798,12.706204736432095,0.06847517809693025,0.0008807502706395937,0.2206530397842142,0.08726131881711782,-0.07694851715700728,0.2723220771844299,-0.006561137214737837,0.13433311575578563,0.0008718987560278571,0.19388446592450692,-0.0007909963235389004,0.2861672411958622,0.00012168807733359484,0.44016388314903004,0.0006134782588807402,0.6614289311079893,-0.0007778245982477933,1.364505794256775,-0.0005394329684639081,-0.0003642552315644654,0.04256267763161219,0.06761550061083131,0.25
2.25,1479293383,0.3063622717028643,0.1,0.056242522196519415,0.056045455132988586,0.043750118172356404,0.02908758991466652,-0.0012824210396615088,0.0021285089267053183,0.0313657203708152,0.13433311575578563,0.045220986649378264,0.08231146441963005,0.04620238832148278,2.7764451051977987,0.09416871561889399,-0.03435232166225527,0.4885562174234282,0.011307301506486999,12.706204736432095,0.044688883316020236,0.2335354698450972,0.37918907356063136,0.07375467375368461,0.19249212271538477,0.47144761108419947,-0.004595576006682591,0.13433311575578563,0.0013648438373352577,0.19388446592450692,0.00040017191542320783,0.2861672411958622,-0.00015561471409151884,0.44016388314903004,-0.0003434244879167341,0.6614289311079893,-0.00035738338695873146,1.364505794256775,-0.0006122453198056988,-0.00031187727563473266,0.03944136658928105,0.05433693199880504,0.25
2.25,1046430772,-0.24418709841358227,0.1,0.06978011749787029,0.04030045681127828,0.026461109567165266,0.02093333894876085,-0.0007921729100861744,0.0012303775896298824,0.028438926560519658,0.13433311575578563,0.03557225130044561,0.08231146441963005,0.0351273909396099,2.7764451051977987,0.17742072790371965,-0.8024530952700933,0.18274472782773254,0.013599618899096508,12.706204736432095,0.03389459317368726,-0.29839788737259526,-0.18997630945456928,0.11066233445712251,-0.5067858769171563,-0.026835468806268442,-0.006963600509342607,0.13433311575578563,-0.0005903063972302491,0.19388446592450692,-0.000603567366385089,0.2861672411958622,5.716965903363097e-05,0.44016388314903004,0.00019325695976334152,0.6614289311079893,-0.000477509861638632,1.364505794256775,0.0009040850768857519,-0.0008599314528973424,0.06544642916157895,0.07843592787383792,0.25
2.25,546684334,0.35032888705623055,0.1,0.0432986282087815,0.028688219748040825,0.016755725471832097,1e-150,-0.0005766477486001708,0.00010609490145889846,1e-150,0.13433311575578563,0.02609247466673173,0.08231146441963005,0.010315111929692011,2.7764451051977987,0.04533764437283037,0.23647023568689166,0.4882251972871785,1e-150,12.706204736432095,0.00814253179756366,0.3335896109278857,0.3631089001536846,0.05089914753548397,0.2662404555871618,0.4591870876193752,-0.004768935759883364,0.13433311575578563,-0.002470645298161667,0.19388446592450692,-4.7714195775727726e-05,0.2861672411958622,-1.1625279745614336e-05,0.44016388314903004,-0.0003400339066497437,0.6614289311079893,2.8673549657900694e-06,1.364505794256775,-0.0017131825699184299,-0.0001694053240708367,0.02894230966907677,0.044413721315363884,0.25
2.25,1768174772,0.13512877093682082,0.1,0.0697667268624488,0.037828552363968544,0.046525895340904205,0.03771771879552087,0.0006868626568654218,0.0007357636542725661,0.03830246172468224,0.2861672411958622,0.04057599194398746,0.08231146441963005,0.02716413331624051,2.7764451051977987,0.17493230928565015,-0.3050751858579312,0.6663047218562503,0.03252633369663563,12.706204736432095,0.025167946549039172,0.08681095365748885,0.18344658821615278,0.0513505136651301,0.03738896651611037,0.22996482110097147,-0.006514017153863734,0.13433311575578563,-0.0004698640624923894,0.19388446592450692,0.0003404955318232589,0.2861672411958622,-0.001321307516774775,0.44016388314903004,0.00039330748726074946,0.6614289311079893,-0.00011535191659883585,1.364505794256775,-0.002213758572431643,-7.059028314254435e-05,0.018690412423963344,0.02491760740829149,0.25
2.25,700652274,-0.03466664547081593,0.1,0.06053367759644014,0.02398510120425419,0.020508012976840694,0.015141474521564313,-7.1299046391332e-05,0.0003005632970785132,0.0189393315684594,0.13433311575578563,0.023738376723661556,0.08231146441963005,0.01736179648330993,2.7764451051977987,0.021421321690482557,-0.10097304328486743,0.017977204223948023,0.016958983273217095,12.706204736432095,0.01613836378914741,-0.06267528281194229,-0.006658008129689587,0.057273760068544004,-0.12381489309673675,0.06054526516995426,-0.006282474233988628,0.13433311575578563,-0.0002319785924141233,0.19388446592450692,-0.00032309477404243,0.2861672411958622,0.0004406391280283038,0.44016388314903004,-0.0008124311498435946,0.6614289311079893,3.987148329336257e-05,1.364505794256775,0.002235992288328995,-0.001176812922935926,0.07690585240926796,0.11464199809257285,0.25
3.125,1958402471,0.08977168839861895,0.1,0.05924974687949997,0.09510263848420743,0.11218101778287956,0.110700229345077,0.00510190965826616,0.00715263111878649,0.1114796406789835,0.32612014812863077,0.10190831887036984,0.08231146441963005,0.08469535679752724,2.7764451051977987,0.07171820689421131,-0.18105399295263122,0.21718933601736082,0.09678795429462711,12.706204736432095,0.07602680873346512,-0.03852226383686292,0.22227308742403112,0.09796645873501447,-0.13740051014394228,0.22896463733624245,-0.005101618800483447,0.13433311575578563,-0.001084809620520729,0.19388446592450692,-0.0001162826875432849,0.2861672411958622,-0.0003756096093106424,0.44016388314903004,-0.0003117507803106899,0.6614289311079893,0.00032828249679322635,1.364505794256775,-0.0005202017322705551,-0.00035518337499202573,0.04223929324090761,0.0632151513460876,0.25
3.125,1004127797,-0.04127009466108333,0.1,0.06678339224458446,0.046237317433886926,0.04960402859399765,0.01992581694445296,0.00022514088117685325,0.00017189729972699535,0.022446377952383405,0.13433311575578563,0.05159016404447981,0.08231146441963005,0.01312989385836712,2.7764451051977987,0.010886061978525447,-0.06956171271243537,-0.009112605722121681,1e-150,12.706204736432095,0.012098844942496101,-0.05946962265653592,-0.022963458540914958,0.0566418067159461,-0.16500217297250064,0.04018174442776841,-0.004600662036860502,0.13433311575578563,0.0002647927001577536,0.19388446592450692,0.00016197744686770167,0.2861672411958622,-2.5993518064150074e-05,0.44016388314903004,-0.0007144243902638155,0.6614289311079893,0.00020814276299086783,1.364505794256775,0.00043686153545548884,-0.0005534240324285688,0.05289264774407049,0.07613825369826988,0.25
3.125,1560192098,-0.10463073960865717,0.1,0.0677930254845152,0.11346983499168196,0.1151608970119653,0.09468040068729115,0.0003262288096674854,0.008638149464638516,0.11077849026672418,0.13433311575578563,0.12334516466760119,0.08231146441963005,0.0930758573129268,2.7764451051977987,0.12135024634592974,-0.5056268002241567,0.16821779473925058,0.06427397346373472,12.706204736432095,0.07474764384693963,-0.23919968372082356,0.028622140570991092,0.11538331807975856,-0.3418039293566901,0.13997645772869927,-0.008200618343563235,0.13433311575578563,-3.9014488401504436e-05,0.19388446592450692,-3.132896129400618e-05,0.2861672411958622,0.0002787086759665429,0.44016388314903004,0.00028613084251610983,0.6614289311079893,-0.0006693844119238341,1.364505794256775,-0.001378620288559732,-0.00028135860033429134,0.03740754484728916,0.05484960643496195,0.25
3.125,1465487706,0.09464840938145716,0.1,0.0647996419312356,0.04494703312141806,0.051702561787135136,0.039437458862765486,0.0007631492234512175,0.0007921639381011025,0.04082558980349451,0.19388446592450692,0.048416322946831306,0.08231146441963005,0.028186050259865852,2.7764451051977987,0.04251522400912356,-0.01008766529525515,0.22599470589778295,0.03134836886935662,12.706204736432095,0.026102120393075273,0.05489615196859076,0.13540787580824226,0.0747411974832205,-0.07954261322220832,0.2471379016023161,-0.007041741204266325,0.13433311575578563,0.0014570693027816798,0.19388446592450692,-0.001163570165454098,0.2861672411958622,0.00041146871637317574,0.44016388314903004,8.202547039825784e-05,0.6614289311079893,-0.0004436739610533905,1.364505794256775,-0.0014485495867722358,-0.00016885910997435175,0.029013868944064138,0.046232517577037426,0.25
3.125,872516118,0.4708854207729327,0.1,0.042933019864294895,0.05262264112620481,0.03430624292924178,0.0060700325825002715,-0.0013493593447653424,0.0013862046403179573,0.020861620910436394,0.13433311575578563,0.04183804826143518,0.08231146441963005,0.03728553355003498,2.7764451051977987,0.10987345895819366,-0.05163200281923763,0.5584832518120184,1e-150,12.706204736432095,0.03272303839606633,0.4170358199456067,0.5247350216002588,0.0683922887337404,0.355853608041074,0.5613863053981721,-0.007167224522736389,0.13433311575578563,0.0004663838894348273,0.19388446592450692,-0.00015280718161384842,0.2861672411958622,-0.0004512344809105527,0.44016388314903004,-0.00023310862163054957,0.6614289311079893,0.00026716622473039477,1.364505794256775,0.004717114715089973,-0.001692502386607983,0.09197519440094644,0.10271202366598159,0.25
3.125,744620567,0.1815817710094646,0.1,0.050025006892484895,0.03250263534514093,0.037419369718654956,0.02618590836723473,0.0001215511646105818,0.0005641506324066321,0.033889694425596806,0.13433311575578563,0.041230464571440785,0.08231146441963005,0.023786154072566595,2.7764451051977987,0.06754961746149549,0.08055826058359214,0.45565387010149794,0.018166891395789583,12.706204736432095,0.021756781071713905,0.1405830526340358,0.22336378570833512,0.07690449402229231,0.13955853579201757,0.4483930632854743,-0.00606446379729557,0.13433311575578563,0.0015524456791787616,0.19388446592450692,-0.0030746992891820804,0.2861672411958622,-9.793508897369566e-05,0.44016388314903004,0.00016861517646867124,0.6614289311079893,-8.209386558857083e-05,1.364505794256775,-0.0005027296903351785,-0.0005211346034586789,0.050797976572909936,0.07185650400433094,0.25
3.125,94707960,0.08580941992428362,0.1,0.059168589473578656,0.021998662358715105,0.02955242515880086,0.019965982998731053,0.0002815572625261288,0.00011708321457948862,0.02063868566526244,0.32612014812863077,0.02541177710694949,0.08231146441963005,0.010836125016493255,2.7764451051977987,0.042236683645789426,-0.06564910896584142,0.16888655817043852,0.023434772403150922,12.706204736432095,0.009152886610633588,0.0693263113974894,0.10461407991370886,0.03780421449183846,0.01907549210845502,0.17560588301475774,-0.005484089427544077,0.13433311575578563,0.00046807583546188124,0.19388446592450692,-0.00043193315891795466,0.2861672411958622,0.00019482535969893357,0.44016388314903004,-0.00024044196014259576,0.6614289311079893,-0.0001376529622087008,1.364505794256775,-0.0005841999341748208,-0.0003145739333626356,0.039746897429339366,0.05812638524195658,0.25
3.125,1133947380,0.08321481816198804,0.1,0.06904691884820575,0.1268939014247206,0.19443822851144574,0.16558367055701026,0.023028233631224256,0.004389718323908254,0.16578224047176382,0.2431366342882323,0.16043092212366775,0.08231146441963005,0.06635062449658763,2.7764451051977987,0.06901694338045508,-0.1366916360730721,0.24655187317568417,0.15788765318376258,12.706204736432095,0.060944628934512406,-0.01594494782872495,0.1847355404529554,0.14143008681887848,-0.12002460087585773,0.38672649602862397,-0.006230127939197717,0.13433311575578563,-0.0013153060290504645,0.19388446592450692,5.8126974055001275e-05,0.2861672411958622,5.7538617071361914e-05,0.44016388314903004,0.0005973758776300724,0.6614289311079893,-0.0010623307118773726,1.364505794256775,-0.00031187817082237076,-0.0005817706423362791,0.05396466919792492,0.07309962964601747,0.25
3.125,403517150,0.155655359533327,0.1,0.05528304762695731,0.046554214528128655,0.04216896591339307,0.0052652479116623695,-0.00047111168606482796,0.0004988345216360929,0.023741889419180436,0.13433311575578563,0.04623653525118014,0.08231146441963005,0.022366855834173863,2.7764451051977987,0.08930497613940985,-0.05714482547049371,0.4387559022736477,1e-150,12.706204736432095,0.020016869935313774,0.12074413804169234,0.19112291825138722,0.050717963814293894,0.02768182288376108,0.21401875574850898,-0.005441093581943229,0.13433311575578563,-0.001817852790886634,0.19388446592450692,0.0008572974065828474,0.2861672411958622,0.00043663525226659216,0.44016388314903004,-0.0007365813841538835,0.6614289311079893,8.91235590525248e-05,1.364505794256775,0.0009616961039861247,-0.0007247100716782826,0.06019799554491542,0.09130319878494474,0.25
3.125,903572253,-0.1465841008231662,0.1,0.059792388310802795,0.03248119103582678,0.03193442514490918,0.048670669466716124,0.00018711389238045125,0.0021817201739578822,0.04995472936274041,0.32612014812863077,0.03132826036839113,0.08231146441963005,0.04677633721865788,2.7764451051977987,0.04022367088849572,-0.2343039042812855,-0.010946275978383255,0.050574076848266224,12.706204736432095,0.04358415711629255,-0.21594488771124803,-0.07722331393508435,0.04234946370428381,-0.2526578767712753,-0.09081043521491958,-0.006861193089684552,0.13433311575578563,0.000785464067853559,0.19388446592450692,-0.001027329539784237,0.2861672411958622,0.0008266424566271114,0.44016388314903004,9.279024875719903e-05,0.6614289311079893,-0.0008080989759165962,1.364505794256775,0.002649309169047124,-0.0012215607718532883,0.0783598896046745,0.115761932006839,0.25
3.125,1283461701,0.07252325493386295,0.1,0.06968678685573498,0.04294053662869943,0.04240780299512498,0.035124581907688225,-0.00022546420272610596,0.001459200456916005,0.04214140824771595,0.13433311575578563,0.04771485395420692,0.08231146441963005,0.03825464415305721,2.7764451051977987,0.09237834743055968,-0.16345898077032006,0.3495078403293581,0.02957845743452811,12.706204736432095,0.03646914219989093,0.01781297244570928,0.12952415033359516,0.10338755065830821,-0.05377595536393542,0.3772724970622834,-0.006267913443851304,0.13433311575578563,-0.000435683648361455,0.19388446592450692,0.0011959043326995314,0.2861672411958622,-0.00015410121301844424,0.44016388314903004,-0.00031021913444063205,0.6614289311079893,-0.0002814060309610706,1.364505794256775,-0.0003770410113175353,-0.0004381809382970769,0.046883219714452716,0.06599314202247791,0.25
3.125,1426568904,-0.17342703666632703,0.1,0.06904573630560303,0.0668882488301042,0.05946965436834206,0.08591035936018786,-0.0011357178206718786,0.008516307666068496,0.09228693786875022,0.13433311575578563,0.08078642085373625,0.08231146441963005,0.0924171048672257,2.7764451051977987,0.07312516590162257,-0.3089414034590515,0.09711461440962241,0.08467981123299394,12.706204736432095,0.07965571776369629,-0.29960123915717096,-0.046197933953124326,0.10505379158219134,-0.43659484095225454,0.03626371778817795,-0.004365151119558039,0.13433311575578563,-0.005316104567511294,0.19388446592450692,6.008604760395645e-05,0.2861672411958622,0.0002462470766432021,0.44016388314903004,0.00013233947707488479,0.6614289311079893,-0.00022664162254456465,1.364505794256775,-0.0013191997174069445,-0.00024124779253715671,0.034540625755400366,0.05187321398646551,0.25
3.125,34657166,0.14419692368618392,0.1,0.07770541226011232,0.05189917192244,0.06927664317141738,0.06386896130202223,0.0019221404900286129,0.002157103727770601,0.0645104439198324,0.2861672411958622,0.059900385058728536,0.08231146441963005,0.04651169886822118,2.7764451051977987,0.11480700067569359,-0.16020970519576902,0.4773009649411707,0.06242597741212667,12.706204736432095,0.043875601717828415,0.0549187215431569,0.23347512582921093,0.09030265805536672,0.022036674439221547,0.3787436021349658,-0.008658766411076857,0.13433311575578563,-0.0004732042145143171,0.19388446592450692,0.000615545158448926,0.2861672411958622,-0.00023926838445667632,0.44016388314903004,-0.0004305877801778176,0.6614289311079893,8.620659722747394e-05,1.364505794256775,-0.0003673080976905728,-0.0005900921441740603,0.054401089236935686,0.06950272432401641,0.25
3.125,1597043462,-0.24065011502178385,0.1,0.06953260322763621,0.03838411662245227,0.05353442090460904,0.05169893010900592,0.001055303592552043,0.001617475781863836,0.05166546814929669,0.2431366342882323,0.04914873776199089,0.08231146441963005,0.0402759303723769,2.7764451051977987,0.11466143876670122,-0.588871902651448,0.04783047818604147,0.04387340464529397,12.706204736432095,0.037432416785123025,-0.2985155222364216,-0.18355758653189147,0.09705689808664193,-0.5435404318041569,-0.09516781894593827,-0.008128720175992666,0.13433311575578563,0.0002211377950333251,0.19388446592450692,-0.00017826035370920287,0.2861672411958622,-0.0006710296487787212,0.44016388314903004,0.00018821041347828223,0.6614289311079893,-1.7973185095599972e-05,1.364505794256775,-0.0012416339677987203,-0.00031099495771277344,0.03936460176820774,0.053488773696141356,0.25
3.125,1808685676,0.08974863841624398,0.1,0.07122595105646895,0.02585200053619305,0.02451323031399472,0.015071673649032098,0.00017041118170583167,5.6744164877096836e-05,0.01782148093626667,0.19388446592450692,0.026076703815820605,0.08231146441963005,0.007543750085575494,2.7764451051977987,0.07225912816423753,-0.04604114618946517,0.3552058592054502,0.012726596819644552,12.706204736432095,0.00654624888946043,0.07695840151871039,0.10312977233116444,0.05441143635167558,-0.06336382023265455,0.18223678612570446,-0.009469443286043846,0.13433311575578563,-0.0014796249732094574,0.19388446592450692,0.0007542857055444764,0.2861672411958622,0.0003345111358798532,0.44016388314903004,-0.0005797991218148424,0.6614289311079893,0.00011249285256657687,1.364505794256775,0.0022469975463410992,-0.0012334483932109944,0.0789549549046949,0.10728898747012935,0.25
3.125,779204408,-0.09449852063529048,0.1,0.06870751455017737,0.09116011248403189,0.12882946993078598,0.13989312095796666,0.00790543132449464,0.011664653966865647,0.1400367146441203,0.2431366342882323,0.1062342404595034,0.08231146441963005,0.10815898871384777,2.7764451051977987,0.11961226471944578,-0.5727515801713531,0.09144219363250405,0.12274956589026238,12.706204736432095,0.08909928987275378,-0.26014785400043394,0.07115081272985298,0.10300039424663421,-0.35249445642021704,0.04180487811017885,-0.005827428448427991,0.13433311575578563,0.00014946519788201348,0.19388446592450692,0.0016326662642119616,0.2861672411958622,-0.0010215637131666762,0.44016388314903004,0.00032194964830219836,0.6614289311079893,-0.0010002951473458107,1.364505794256775,-0.0009360005041403634,-0.0004262678148545122,0.046282368202656035,0.05225002378922692,0.25
3.125,410072089,-0.2970527163040453,0.1,0.07690843524972099,0.07426163143158199,0.10072021584023927,0.09142182359409501,0.005145221411089796,0.003212728418180031,0.10256122438819058,0.32612014812863077,0.0785443628571002,0.08231146441963005,0.05676278499535681,2.7764451051977987,0.08837055807344285,-0.5061387563929894,-0.015426749579772997,0.11676104223424033,12.706204736432095,0.05223078421373317,-0.37810393719554314,-0.21351632574975,0.06786641648706782,-0.42787245810861085,-0.168962734911628,-0.0065914905157775545,0.13433311575578563,0.0004228892551628007,0.19388446592450692,-0.0003368342563822705,0.2861672411958622,8.93460905091155e-05,0.44016388314903004,-0.0007032883384342348,0.6614289311079893,0.0003958483316638269,1.364505794256775,-0.00010317462385237046,-0.0004938329001008152,0.049431685911655865,0.07418687744584565,0.25
3.125,171719112,-0.06869330568016412,0.1,0.06368444907880987,0.06291728707657727,0.07247191341559672,0.07847210366457358,0.0013135231465018437,0.004844347907041738,0.07867514475208694,0.19388446592450692,0.06528699480622453,0.08231146441963005,0.06970185731064427,2.7764451051977987,0.1707333724013211,-0.8473116704129746,0.10075200178214727,0.07562319575534142,12.706204736432095,0.06203672904150436,-0.1760390166135461,0.03865240525321785,0.1706723740416608,-0.5514119027622063,-0.011239936326536892,-0.006851395949119184,0.13433311575578563,-0.0002506989795757951,0.19388446592450692,0.00042004508994229793,0.2861672411958622,-0.001007863300349503,0.44016388314903004,0.0001334972993413489,0.6614289311079893,0.00015013859880834855,1.364505794256775,-0.0010850703535058212,-0.0002693522087467952,0.03682744382987232,0.05920014334598327,0.25
3.125,1170365371,0.02913781776110678,0.1,0.07931200066350853,0.09353651519644246,0.09948194564152688,0.14050483674399258,0.0016074838118204891,0.018134125336635516,0.14189331423662593,0.32612014812863077,0.09937965075564201,0.08231146441963005,0.13485746587973685,2.7764451051977987,0.15135492957193333,-0.28938845419446335,0.5510688525206404,0.14177907353550398,12.706204736432095,0.11681527063324068,-0.17059757127627834,0.22887320679849188,0.11314832449667968,-0.20584219885169325,0.20884826891992198,-0.007061196069497149,0.13433311575578563,0.0011082637016677696,0.19388446592450692,-0.0003465921958801996,0.2861672411958622,0.0001745327254259777,0.44016388314903004,-0.0005857326602870936,0.6614289311079893,0.00012725366382423413,1.364505794256775,-0.00046286147002161875,-0.00043595307492333223,0.04648904860043915,0.057280370978719554,0.25
3.125,419159951,-0.12580024541889273,0.1,0.06223468556244329,0.024971447760391705,0.02181266980775237,0.015547814369907148,-0.00013365965628560963,0.00037539418796670083,0.01978052319345331,0.13433311575578563,0.02824110657640959,0.08231146441963005,0.019403070434010763,2.7764451051977987,0.09086691544084496,-0.33452985519733913,0.17004415000297346,0.010956978768090883,12.706204736432095,0.015678530560865288,-0.16022822747869483,-0.09187803438173885,0.05481413748654922,-0.2525019288371007,-0.04837293713036073,-0.006065478913603557,0.13433311575578563,-0.0021158130548373224,0.19388446592450692,0.0009719107869145024,0.2861672411958622,-0.0005900501580984376,0.44016388314903004,1.016962237461191e-05,0.6614289311079893,1.2240941666490745e-05,1.364505794256775,-0.0010797200453205324,-0.0002610004035816486,0.035922114735710386,0.060038027678436974,0.25
3.125,308918932,0.23168611788076438,0.1,0.07318731684414422,0.05355929436072382,0.07243068897342567,0.059515771074500595,0.0020987532412302177,0.0014433737653621439,0.0596166339613829,0.19388446592450692,0.06070059045947924,0.08231146441963005,0.03804662095167018,2.7764451051977987,0.09393366242800544,-0.08643733950848462,0.43516597501459153,0.054497754782118435,12.706204736432095,0.03159202580267155,0.1612415638425516,0.29740395174538176,0.059691558175143045,0.10096092422960569,0.3368303151310561,-0.004104143573610158,0.13433311575578563,-0.003034180608233406,0.19388446592450692,0.0010567027549351735,0.2861672411958622,-5.0170745027026375e-05,0.44016388314903004,-0.0014106647715238735,0.6614289311079893,0.000498878792577181,1.364505794256775,-0.0012845703227663905,-0.0003453945824954764,0.041683535540172435,0.06531979398869574,0.25
3.125,1027747587,0.041226719035908674,0.1,0.06929078869124432,0.03438858729453967,0.03958938981263512,0.049301706874525765,0.0005145144155800443,0.0019161438851616167,0.05060135078885724,0.19388446592450692,0.03613579150067555,0.08231146441963005,0.04383699206456827,2.7764451051977987,0.2706573685673191,-0.9330928583140035,0.5698377939748958,0.040194229668239566,12.706204736432095,0.036238733507035444,-0.026340821868810482,0.10879425994062783,0.06977663599234334,-0.17425229447359014,0.08470337966597603,-0.00608642236358396,0.13433311575578563,-0.0024633960447692656,0.19388446592450692,0.0001117333642939431,0.2861672411958622,0.00028352391513518274,0.44016388314903004,-0.0006242458656364487,0.6614289311079893,0.00016752192471475598,1.364505794256775,-0.0013476975929583815,-0.0002878391720752203,0.03785310735132777,0.052648466239512796,0.25
3.125,1543716309,0.27478928286182835,0.1,0.0734827053864029,0.04939783229592846,0.04387952243634398,0.06541439069304213,-0.0005037580529526403,0.004782800562694596,0.06872881046708398,0.13433311575578563,0.05191326378053538,0.08231146441963005,0.06925766156684875,2.7764451051977987,0.13072966020230395,0.007202468245996074,0.7331299185917126,0.06399560709167508,12.706204736432095,0.05952788025516924,0.17842056828842245,0.37115799743523425,0.10192322558865405,0.03606233755740344,0.39825395906384015,-0.004643862950261657,0.13433311575578563,0.0027143470012602777,0.19388446592450692,-0.001992140548536089,0.2861672411958622,-0.0012524470823008604,0.44016388314903004,-0.0006324624938854498,0.6614289311079893,0.0006602164514826889,1.364505794256775,-0.001988086604659825,-0.00018274319003870135,0.030308020966002488,0.04618390406112933,0.25
3.125,2118410899,0.25151593292799795,0.1,0.07838217721224763,0.0960086022935277,0.10593592384996073,0.08038032935302276,0.0033006693129661157,0.0031603280339342964,0.08410291985587223,0.32612014812863077,0.10518578472474305,0.08231146441963005,0.0562979744749856,2.7764451051977987,0.04274301652468031,0.12703331819904612,0.36438059622172064,0.08642868646339538,12.706204736432095,0.052745320571246826,0.17084051557075716,0.3321913502852387,0.09094476937940113,0.0383124966164588,0.3589370221889628,-0.009170647765796987,0.13433311575578563,0.002245367335815727,0.19388446592450692,-0.00028306238511368795,0.2861672411958622,0.0007666645660329024,0.44016388314903004,-0.0011954548475485729,0.6614289311079893,0.0002703590854936618,1.364505794256775,0.0021855104003612375,-0.0011587497330542366,0.07601849808776848,0.1139622192965396,0.25
3.125,1729184009,0.006096043515682749,0.1,0.06638131038005,0.03024562589734984,0.039697471600431904,0.04093767579262018,0.0008436949409357269,0.0008321983583659532,0.0409987934162852,0.2431366342882323,0.035090383764688315,0.08231146441963005,0.028889505982856212,2.7764451051977987,0.1839857768720418,-0.6502784124299422,0.37137440681484735,0.04364762933479514,12.706204736432095,0.02701650331790298,-0.043974240975498034,0.058009582923809484,0.10810498374224474,-0.3039282478517733,0.08490901920872869,-0.008343788232215923,0.13433311575578563,0.0004940345054472354,0.19388446592450692,0.001466495065615711,0.2861672411958622,0.00016076097317027684,0.44016388314903004,-0.0008101713957790871,0.6614289311079893,-6.450345917761341e-05,1.364505794256775,-0.0007961476177211062,-0.0003984842682277788,0.04469049014931964,0.05953808344791681,0.25
3.125,1187426393,-0.44509641277379547,0.1,0.07404362738941078,0.06468556479219842,0.08654803387496049,0.06665819023380135,0.00380753494380691,0.0006357793814387398,0.06950080163738542,0.32612014812863077,0.0657447998047803,0.08231146441963005,0.025251077087955234,2.7764451051977987,0.028482017087847266,-0.49721294321226445,-0.3390554293528372,0.07223280717510189,12.706204736432095,0.023879108232855,-0.486815909320982,-0.40337691622660893,0.08345051314966964,-0.5728814526777956,-0.24994962409441307,-0.004489243837826267,0.13433311575578563,-0.003954225278071413,0.19388446592450692,0.002005315197830817,0.2861672411958622,-0.00045928522244220987,0.44016388314903004,-0.0008885917810132988,0.6614289311079893,0.00020220836078527405,1.364505794256775,-0.0010062246997951617,-0.00039848297494196193,0.04490338932843378,0.06215811766993711,0.25
3.125,650750003,0.08496745614840628,0.1,0.06719697666767634,0.08428634436345454,0.08388619786832394,0.06615076897387837,0.0005187966042297142,0.0038571276316057145,0.07392489167278145,0.13433311575578563,0.08596958437266375,0.08231146441963005,0.062195461243784646,2.7764451051977987,0.09816651362941212,-0.017432262051487568,0.5276756104699409,0.04560589868719455,12.706204736432095,0.05654866040631318,-0.011768025091121972,0.1786740879760439,0.19854411574588582,-0.004232802339777091,0.6438741203822149,-0.004391823042334082,0.13433311575578563,-0.0012790135703936428,0.19388446592450692,0.0013470695527285131,0.2861672411958622,-0.0009315194551149783,0.44016388314903004,0.0005638697142470156,0.6614289311079893,-0.0009050436311017673,1.364505794256775,-0.0007496103544097031,-0.00036227806936580255,0.04265163766721639,0.06312565070691487,0.25
3.125,1553919210,0.01887366628518882,0.1,0.06122819035875322,0.03657635073153713,0.05885130066716159,0.0551545892424318,0.002552553359391724,0.0004894753551096499,0.06120690819928273,0.32612014812863077,0.041875418702034095,0.08231146441963005,0.022156038088206025,2.7764451051977987,0.07315757676603639,-0.27109336243961035,0.13514262940077754,0.06806272496921394,12.706204736432095,0.020395207423123257,-0.01776383999336214,0.054045270746854876,0.10285081248423539,-0.3032430891987603,0.08253308363461481,-0.005806834032126146,0.13433311575578563,0.0014401640265788301,0.19388446592450692,8.227223837033382e-05,0.2861672411958622,-0.0016576881038101736,0.44016388314903004,0.0003195278407409244,0.6614289311079893,-4.461461769186021e-05,1.364505794256775,0.0006249225872682073,-0.0007266885980340795,0.06068833189040934,0.10780405342109188,0.25
3.125,1081859724,0.2704620442660676,0.1,0.0640415503735403,0.04416117950103935,0.046440188258859184,0.05742925780033492,0.00014456183238760142,0.0031535578191097284,0.058837670787470105,0.19388446592450692,0.0469136891480635,0.08231146441963005,0.05623763995818717,2.7764451051977987,0.052668897356890294,0.047763035944739074,0.34022764047014575,0.050620702721710716,12.706204736432095,0.0467413237678505,0.19048224618002874,0.3544570172638127,0.07717120765360823,0.04947937341886802,0.32747081091183217,-0.005950466708465439,0.13433311575578563,0.00045650576744324785,0.19388446592450692,-0.0009486313860965724,0.2861672411958622,-0.00028723602431101404,0.44016388314903004,0.00013909110689079796,0.6614289311079893,-0.0001370460352829052,1.364505794256775,-0.0011184164865558057,-0.00025950620569083834,0.03602179122018717,0.044008386113097674,0.25
3.125,1091499338,-0.463171907630037,0.1,0.059070080815525984,0.07130069813229328,0.07440566468492511,0.08864059334456544,0.0007407575002402363,0.007116397288236382,0.08947128327504827,0.32612014812863077,0.06986495106604641,0.08231146441963005,0.08448055936401414,2.7764451051977987,0.18900957124389237,-0.6947490649502777,0.3548003328810014,0.09009147215220738,12.706204736432095,0.070366534717034,-0.5958205999958711,-0.34092640820504627,0.15764206664884237,-0.5310990453406821,-0.03005543559416614,-0.007910826296128614,0.13433311575578563,0.0006010935706191403,0.19388446592450692,0.0009914601465574014,0.2861672411958622,-0.000891697768300941,0.44016388314903004,-5.4728724843354726e-05,0.6614289311079893,-1.1619913001468836e-05,1.364505794256775,-0.002012960908068924,-6.556337587616272e-05,0.018019190325785972,0.029304479296541886,0.25
3.125,735005084,-0.021624934701645816,0.1,0.07881293988712851,0.0962267326695375,0.16884571463836703,0.16151293700541994,0.021840606262206158,0.0042458225579105925,0.17895463261618774,0.32612014812863077,0.11959298176827945,0.08231146441963005,0.06525407053489277,2.7764451051977987,0.06651735454017237,-0.2247783345985441,0.1445852322489922,0.19663154530841884,12.706204736432095,0.056682366165124703,-0.11075062272550673,0.06750075332221508,0.10780421414138945,-0.30225494243026685,0.09307923600025972,-0.004035252208947857,0.13433311575578563,-0.002404109201692224,0.19388446592450692,0.002044060353023466,0.2861672411958622,-0.0007953217684528903,0.44016388314903004,-0.00032914104627573473,0.6614289311079893,-0.00046941820482801575,1.364505794256775,0.002500865809794032,-0.0012440115889748049,0.0787286415065182,0.10628290947992218,0.25
3.125,481175188,-0.0969544070575595,0.1,0.05614352573801396,0.024677416372952937,0.027022810342561526,0.03623834661929411,9.042665538841206e-05,0.0012227911103116927,0.03628691170615237,0.19388446592450692,0.025762120162852366,0.08231146441963005,0.035018926149515135,2.7764451051977987,0.09101673328497406,-0.4251868889860586,0.080219038254261,0.03604963281778614,12.706204736432095,0.030613162519468273,-0.14868842876605773,-0.04382784630917283,0.04558282050452459,-0.19884625354784397,-0.0228802092165989,-0.006073567982597916,0.13433311575578563,0.0008798426608430636,0.19388446592450692,-0.000771131037631242,0.2861672411958622,-0.00021231610126096537,0.44016388314903004,3.908484478126385e-05,0.6614289311079893,-2.2434796310734507e-05,1.364505794256775,-0.0016662600822573402,-5.7664873251884366e-05,0.016965962019579575,0.019885124196231934,0.25
3.125,1056489175,-0.33104026015864035,0.1,0.06287075557766555,0.042619124603332635,0.041290086595526555,0.035234379411042155,-0.00024158555321463155,0.0014830470456959027,0.04544244272177691,0.13433311575578563,0.052290346517625215,0.08231146441963005,0.038565960494116466,2.7764451051977987,0.07941719021394225,-0.6754744160941237,-0.23447947801799873,0.03125935016194758,12.706204736432095,0.03603856681530695,-0.38928351596643795,-0.27237911688662636,0.06937908149215277,-0.4960951485331645,-0.27101543234686976,-0.006614682581273201,0.13433311575578563,-5.307376549730319e-05,0.19388446592450692,-9.170625570809904e-05,0.2861672411958622,-0.0004603733360805652,0.44016388314903004,0.0001922343806182711,0.6614289311079893,-3.259045312592006e-05,1.364505794256775,-0.0011583143456210306,-0.000197472090785422,0.031614695247614004,0.04838506915967975,0.25
3.125,333716442,-0.09270379589205499,0.1,0.04309975546773833,0.042239382994773755,0.022830407437817096,0.03642651771415882,-0.001318716015217747,0.0026456072079976732,0.03910327196666342,0.13433311575578563,0.035461624733730185,0.08231146441963005,0.051509741521430716,2.7764451051977987,0.05427593735252837,-0.2890794514450367,0.012308869739862838,0.033624666818196626,12.706204736432095,0.045130209099713776,-0.17018965205536257,-0.006932995293162714,0.04301481806540135,-0.15737170473787024,-0.007680448606633208,-0.0086968835751778,0.13433311575578563,-0.0006761738164451112,0.19388446592450692,0.0009936369424291163,0.2861672411958622,-0.00025806170835972214,0.44016388314903004,0.0001549148870538222,0.6614289311079893,-0.0006117103717471878,1.364505794256775,0.0012144314748306685,-0.0009612395477892172,0.06905947453423746,0.11240828840287906,0.25
3.125,1563530807,0.010640916829960023,0.1,0.06966516829501167,0.057413569055404054,0.05727234153530566,0.08105730448389484,-0.0006869978108376578,0.007257284421032496,0.08892284991446772,0.13433311575578563,0.06975651815884586,0.08231146441963005,0.08531271436015798,2.7764451051977987,0.16485776841986044,-0.4946771231202135,0.42075996524609405,0.0797441566392088,12.706204736432095,0.0816284425662893,-0.13706560687753003,0.14815508299074706,0.08934819147981896,-0.1707630532345542,0.12825740525683985,-0.0072191056040631415,0.13433311575578563,-0.0004930207616438583,0.19388446592450692,-0.0007965123950238324,0.2861672411958622,0.0005594635739269141,0.44016388314903004,-0.00012978294054487912,0.6614289311079893,-0.00025247985632015336,1.364505794256775,9.20800196754845e-05,-0.0006101397708469041,0.05526711375113748,0.0794096342005096,0.25
3.125,572927474,-0.2465183406602084,0.1,0.07133171147601927,0.11563898915129316,0.14067538130500157,0.19078080200919387,0.005950431765922696,0.03044688264934854,0.19769660223355592,0.13433311575578563,0.14566453640568358,0.08231146441963005,0.1747423229215275,2.7764451051977987,0.15577496602009816,-0.6265108903271353,0.23849039351057463,0.15832668548006287,12.706204736432095,0.14518834361839658,-0.5353626191899241,0.010208882811904185,0.10789189713731638,-0.4350914663952781,-0.030100026236308964,-0.006646389971433092,0.13433311575578563,-0.0010741420529171884,0.19388446592450692,-0.0005518148057143234,0.2861672411958622,-0.0009069170382644587,0.44016388314903004,0.00033911205094177063,0.6614289311079893,-0.000147844006544319,1.364505794256775,0.0003089782484288764,-0.0007800187074135704,0.06254536647649395,0.0889834699269451,0.25
3.125,21524178,0.09059112414108886,0.1,0.07110256230868095,0.05153500070866917,0.07470792269289006,0.08393621736027597,0.0021424291786283187,0.004902859406123174,0.08627229972319617,0.32612014812863077,0.059748982476384535,0.08231146441963005,0.07012153392513389,2.7764451051977987,0.18892607880870257,-0.708212295188247,0.3408734783170246,0.08885633605728843,12.706204736432095,0.06183060429082369,-0.007623975787015902,0.1887378118096083,0.14051985608269066,-0.3497152783444094,0.1482840967987299,-0.007048122333848737,0.13433311575578563,0.0003587270702041285,0.19388446592450692,-0.0004731755060249468,0.2861672411958622,-1.5062701634674317e-05,0.44016388314903004,-1.2102634623512543e-05,0.6614289311079893,-0.00026217568088455616,1.364505794256775,-0.0013121568157484476,-0.0002596178389520055,0.03609273943684852,0.051043656677270274,0.25
3.125,1672225398,-0.19964074122534256,0.1,0.06664997136574279,0.034825116026374996,0.046958770997914845,0.0466372311852427,0.0011911324080513086,0.0009838989245744656,0.04681000422189276,0.2431366342882323,0.03742545717114317,0.08231146441963005,0.03141245872396485,2.7764451051977987,0.18410588171807818,-0.5225377251954066,0.4997820230731595,0.038553731686929764,12.706204736432095,0.027432441063753372,-0.24950771945865607,-0.1455677123798805,0.09573271463964655,-0.23692238418964576,0.0785982423245634,-0.00537085872421455,0.13433311575578563,-0.0014351210913526443,0.19388446592450692,0.0010388659300986738,0.2861672411958622,-0.0006157445615027955,0.44016388314903004,-0.00014715255906095777,0.6614289311079893,-8.21738805786904e-05,1.364505794256775,-0.0010206021322816273,-0.0002823515032930105,0.037672958474905316,0.04175504178190428,0.25
3.125,1741879334,-0.08309176358607091,0.1,0.05477462265139475,0.04853850510282613,0.03242811641091921,0.045741461172623205,-0.001214857741745138,0.003307139011951734,0.04961570902160501,0.19388446592450692,0.043637819276854777,0.08231146441963005,0.057590773715835666,2.7764451051977987,0.0644029555878873,-0.24773486099887237,0.10988768060564946,0.041555080053303585,12.706204736432095,0.04955476738355538,-0.18015248928804473,0.0051789913836891716,0.06502227435833133,-0.21610679150890713,0.029741506181745953,-0.006250674499045702,0.13433311575578563,-0.0013191196523688687,0.19388446592450692,0.0005769870275665578,0.2861672411958622,-0.0004575620815406157,0.44016388314903004,0.00011306513521242717,0.6614289311079893,5.652186986443721e-05,1.364505794256775,-0.0008958192498048052,-0.00024506706039455043,0.035235129426971684,0.05315056567357441,0.25
3.125,1505353018,0.06825774767102702,0.1,0.0828265799573727,0.07496402557898706,0.08901843719671869,0.05517719414852036,0.002174453808249723,0.0008700689458537869,0.05610146939021044,0.2861672411958622,0.08243269331237979,0.08231146441963005,0.029539525994611213,2.7764451051977987,0.07184678178755653,-0.14845346736437265,0.25050382387217873,0.05772530457994645,12.706204736432095,0.025195319595833012,0.026428434714673415,0.11308426198617737,0.10694487218567417,-0.15724624665333362,0.2613979818733298,-0.0067007865204678045,0.13433311575578563,-0.00043932518894767143,0.19388446592450692,-0.00011067631307017475,0.2861672411958622,0.00014823304765556217,0.44016388314903004,-0.0007532685343204541,0.6614289311079893,0.0001038798459299824,1.364505794256775,0.0016177067546236476,-0.0010651182681947157,0.07304963229964383,0.09334395364595831,0.25
3.125,110095625,-0.16715894127257414,0.1,0.061068578321650906,0.03489328810330823,0.04720056818702086,0.05319826683337992,0.001144088312184739,0.0016859672818907508,0.0541967412581044,0.19388446592450692,0.044618187975540194,0.08231146441963005,0.04111982514189091,2.7764451051977987,0.1719896020616491,-0.507305048275633,0.44773432930233265,0.044174260100020124,12.706204736432095,0.036919595304072135,-0.2361305010929306,-0.09129289379121802,0.08282910417119549,-0.2624200104005829,0.11179400668110755,-0.004698879357947505,0.13433311575578563,-0.004007147040842622,0.19388446592450692,3.9787464647585257e-05,0.2861672411958622,0.000476014301077398,0.44016388314903004,-0.00029117984924668884,0.6614289311079893,4.009918441295873e-05,1.364505794256775,0.0002762055788820824,-0.00058221673051377,0.05407901749087492,0.07731902011811398,0.25
3.125,373334581,0.05885976265292639,0.1,0.06304729268504171,0.09029566836016698,0.12266694070389675,0.13033993395608845,0.006254028824686715,0.010734469558990782,0.13531074286763847,0.13433311575578563,0.12440445815997464,0.08231146441963005,0.10375689874646878,2.7764451051977987,0.07906337020073936,-0.09713181769489442,0.34189839669367417,0.10802049544854969,12.706204736432095,0.09473590459944502,-0.10495338988165523,0.21436489700745673,0.10132856851951974,-0.08855387577350093,0.3106077969429902,-0.002208465617823444,0.13433311575578563,-0.0020574558606124465,0.19388446592450692,0.0006813314128350547,0.2861672411958622,-0.0002872003457847767,0.44016388314903004,-0.001204602397165202,0.6614289311079893,0.00039482605122311644,1.364505794256775,-0.0005781180118105509,-0.00041722252642663966,0.045895504191130365,0.06559308235187473,0.25
3.125,146608347,0.30954456759701415,0.1,0.06833500284896364,0.06206343601659522,0.07825834723207241,0.0889383723746529,0.0021341342084115087,0.005775899872240914,0.0899250159066958,0.32612014812863077,0.06867804347590971,0.08231146441963005,0.07610908766023164,2.7764451051977987,0.126928096043868,-0.24322385330643517,0.4615939286397117,0.08753612553660461,12.706204736432095,0.06554762227753202,0.1985111547970102,0.41381598475571,0.15943645512043877,-0.10460413865781082,0.37194985391926483,-0.005284363023728633,0.13433311575578563,-0.00241454831985961,0.19388446592450692,-0.00029762655217614904,0.2861672411958622,0.00021396076659668155,0.44016388314903004,-0.000581389523896963,0.6614289311079893,0.0002829625728536211,1.364505794256775,-0.0008780764511745748,-0.0003626503893398562,0.042690561931983964,0.06458974067552381,0.25
3.125,525303892,-0.10723884414253868,0.1,0.07674896997171632,0.09476552493592576,0.14486744240527588,0.13495702386884928,0.012217284329893255,0.005996113961643903,0.13510636761262365,0.2431366342882323,0.11270432123247441,0.08231146441963005,0.07754639753580822,2.7764451051977987,0.11540328931588564,-0.45619077622890397,0.18463101926072828,0.12880356393635004,12.706204736432095,0.06728404113606615,-0.21643323499327338,0.001955546708196032,0.1253362367884704,-0.3226133523611364,0.20452657858911708,-0.005297321281819105,0.13433311575578563,-0.003981006252615713,0.19388446592450692,0.0021790699841081934,0.2861672411958622,-0.0010098152058314856,0.44016388314903004,0.00016485639446856354,0.6614289311079893,-0.0002463979813243891,1.364505794256775,-0.00226977272893762,-2.4755174824746947e-05,0.011121024265449204,0.014535060160708865,0.25
3.125,1912383414,-0.06985822789802684,0.1,0.06922087186300531,0.04399065061622475,0.05319107300141858,0.05213548561328714,0.0009589780135727997,0.0017591308465604708,0.05215799660821687,0.2861672411958622,0.049815637738345304,0.08231146441963005,0.04200255991911234,2.7764451051977987,0.1501742243489505,-0.5687769981146387,0.2651239821264007,0.05293735975059279,12.706204736432095,0.03757104622264938,-0.12845811175311997,0.0031200888108466303,0.0908716979652835,-0.27714760730650123,0.06477075767785627,-0.00638970856322301,0.13433311575578563,-0.0022367712183292312,0.19388446592450692,0.0005456182780459183,0.2861672411958622,0.0004980666368951407,0.44016388314903004,-0.0006725214562400112,0.6614289311079893,5.331468686718672e-05,1.364505794256775,-0.001995067633676265,-8.092977032279344e-05,0.02022542043923894,0.027251506659409494,0.25
3.125,1855480146,-0.14407984147366604,0.1,0.08283662184316075,0.14625298137668358,0.2006057561510879,0.25460266238467805,0.01833681173405232,0.046485703959314034,0.25606916165558136,0.32612014812863077,0.15983329755321624,0.08231146441963005,0.21591677958153507,2.7764451051977987,0.21807702841722656,-0.37427903329650486,0.8366787629136749,0.25515711570726246,12.706204736432095,0.19439775394761832,-0.42494377295319846,0.1367840900058664,0.14039429010842988,-0.33922468556569224,0.19523646678260342,-0.005525746666838326,0.13433311575578563,-0.0005247280015984129,0.19388446592450692,0.00031630104419073175,0.2861672411958622,-0.0009588045937783318,0.44016388314903004,0.000410993110530687,0.6614289311079893,-0.0005767748576800566,1.364505794256775,-0.0013797433712328657,-0.00029670790601809177,0.03851457626645589,0.059423044036395534,0.25
3.125,529122460,-0.06443744903979408,0.1,0.07123370131315875,0.0652961400612239,0.08537949793114488,0.07983626029423813,0.0022955966675705253,0.004078231790198817,0.08967351986618566,0.13433311575578563,0.08706057011406416,0.08231146441963005,0.06395325314071455,2.7764451051977987,0.0783803217793145,-0.3191384867407654,0.11609883475524693,0.07485852428532848,12.706204736432095,0.05533135639083413,-0.18073840894305154,0.04573054210605821,0.07550925101480647,-0.2067297539908439,0.068717076578517,-0.006318833682652616,0.13433311575578563,-0.000308908655624243,0.19388446592450692,-0.0003480912488443329,0.2861672411958622,-0.00043114334668635474,0.44016388314903004,0.00024250527993732767,0.6614289311079893,-0.0002507281334960091,1.364505794256775,-0.00013262667966031788,-0.0005331795225857133,0.05165152110338485,0.05606550395466854,0.25
3.125,744765565,0.12073686089023364,0.1,0.0674011263733368,0.0750483885735607,0.07913341664288896,0.07221228233082229,-0.00019513990514645647,0.005409753624572845,0.07412611912298794,0.13433311575578563,0.08576555924965303,0.08231146441963005,0.07365723827741183,2.7764451051977987,0.20416725438602476,-0.11074521620281796,1.0229731319606865,0.07068747448380633,12.706204736432095,0.06444019802026589,0.01767457705222253,0.23006198751959744,0.15390161192874668,0.056471291236551015,0.5833030121941063,-0.005036701176090836,0.13433311575578563,-0.003253853540885858,0.19388446592450692,5.66666395022014e-05,0.2861672411958622,0.00018332627587959555,0.44016388314903004,-0.00015758510658118056,0.6614289311079893,-0.00014486377183509783,1.364505794256775,0.0009713720016550571,-0.0008121338416299694,0.06358477092784247,0.07472204608925874,0.25
3.125,736455344,0.06994940532212078,0.1,0.06999197546210438,0.04272404930980045,0.05604503552044961,0.05495349137367543,0.001445878638836236,0.0015740075753203843,0.05701808840379612,0.32612014812863077,0.04652500387445727,0.08231146441963005,0.03973105498426074,2.7764451051977987,0.11132462646430787,-0.12646772015065733,0.49170570831894445,0.06175407709051062,12.706204736432095,0.033432122388637776,0.0037663974622675683,0.13304205967150767,0.09076997151373141,-0.04471782725171827,0.36391885494979676,-0.007136897506300641,0.13433311575578563,-0.0006778397382304352,0.19388446592450692,0.00020896367357688199,0.2861672411958622,-0.0004940867380211333,0.44016388314903004,3.4786316875894823e-06,0.6614289311079893,-1.926569892779398e-05,1.364505794256775,-0.001168457606503692,-0.00030307184026774457,0.03880095147270006,0.06498752958090163,0.25
3.125,1891264069,-0.13212357883620918,0.1,0.07668481846938452,0.029486961305511886,0.044796749894280015,0.044415895396376304,0.0008877863863196977,0.001084985377542144,0.04441469933803406,0.2431366342882323,0.03760694322803023,0.08231146441963005,0.03298668175841568,2.7764451051977987,0.21569213510216836,-0.818577414037648,0.3791373314305073,0.042020990918646105,12.706204736432095,0.02726123467757771,-0.18847395179555823,-0.08271913267507866,0.10519686531232399,-0.4631004329929363,-0.017292853152908304,-0.009510102995570733,0.13433311575578563,0.004433683509995976,0.19388446592450692,-0.002179048049893349,0.2861672411958622,0.0003984881044827276,0.44016388314903004,-0.0009213740783377405,0.6614289311079893,0.00022202445853893287,1.364505794256775,0.00016849068046395808,-0.000790300570009402,0.0627187392419088,0.06865662601215351,0.25
3.125,1639120805,0.14529914459428006,0.1,0.06317419934614904,0.051297774102262134,0.057169976339762216,0.03239452472585295,-0.0005213006802964122,0.00157070591251031,0.03795528117049432,0.13433311575578563,0.06327683891920273,0.08231146441963005,0.03968936286934085,2.7764451051977987,0.16344270113288326,-0.40224411897188433,0.5053352561095165,0.02453038667481735,12.706204736432095,0.039376496802741086,0.07420296565036939,0.21639532353819074,0.11260235397559498,-0.14823445952114486,0.20654764159125674,-0.006248728976206271,0.13433311575578563,0.0019407930306656667,0.19388446592450692,-0.0009086886186027782,0.2861672411958622,0.0005968882142706671,0.44016388314903004,-0.0004211619121049277,0.6614289311079893,-0.0003450191890139634,1.364505794256775,0.0007773432227865472,-0.0007099150410188195,0.05949360367754371,0.08913937635003372,0.25
3.125,1720518923,-0.1307074989303198,0.1,0.0630973274002433,0.03480643966590298,0.04546647101413869,0.05428244401358078,0.0011355221104430624,0.0018110616176444697,0.0573214352694612,0.32612014812863077,0.03748700419706976,0.08231146441963005,0.04261802318006304,2.7764451051977987,0.1524917357170388,-0.4898536712520485,0.356916195177329,0.06160123493282855,12.706204736432095,0.0394568550827345,-0.19477736027091982,-0.058198650462364956,0.06628889909832912,-0.2909535341678354,0.030242408067547327,-0.006287659690052508,0.13433311575578563,-0.001025128264534657,0.19388446592450692,-0.0006921205554340558,0.2861672411958622,-6.478449381983131e-05,0.44016388314903004,0.0003175677061309339,0.6614289311079893,-0.00028215342892821564,1.364505794256775,-0.001772995923636607,-0.00010803565967057949,0.02332621009566378,0.036633803930752114,0.25
3.125,1137281331,-0.16795515518689158,0.1,0.07259264531997991,0.13234318203414275,0.17101649109716496,0.16420678187667548,0.009974957530698617,0.016988909683595465,0.1644110411926668,0.2431366342882323,0.14790182904790306,0.08231146441963005,0.13052973063112772,2.7764451051977987,0.1916560510711404,-0.497250152171269,0.5669948575847451,0.1515187694202213,12.706204736432095,0.11820118739762976,-0.37031722599737066,0.036876150549539105,0.1342165043307731,-0.3237245585979508,0.15143088386567147,-0.006106920717414005,0.13433311575578563,0.0009096188170528253,0.19388446592450692,-0.00046708890933466654,0.2861672411958622,0.0003884282478259914,0.44016388314903004,-0.0006194255015752623,0.6614289311079893,-4.0190572943420646e-05,1.364505794256775,-0.0007480868625799332,-0.00034737747237333674,0.04150555957701403,0.053916336573564955,0.25
3.125,466389680,-0.12860518307277008,0.1,0.06818695077761988,0.08659307641279637,0.07541829668952701,0.09903582873131167,-0.0018736271499621912,0.01168172252245989,0.1077958792732068,0.13433311575578563,0.09698924793394767,0.08231146441963005,0.10823809276905255,2.7764451051977987,0.18652432302339556,-0.5774658117122954,0.4582832756049841,0.08822249726472625,12.706204736432095,0.09141230843755224,-0.2767575425861434,0.01954717644060322,0.11891678479028574,-0.22188076215166713,0.18851396065428933,-0.005071793791472567,0.13433311575578563,-5.789167806950764e-05,0.19388446592450692,-0.0007921045828419001,0.2861672411958622,0.0001371300868077352,0.44016388314903004,-0.00023570225239080133,0.6614289311079893,-0.00016139801259202667,1.364505794256775,-0.0014845941806968814,-0.00016878028497563553,0.02928683912305339,0.04605201004731063,0.25
3.125,784667901,0.04337370838162241,0.1,0.06720991942646296,0.06331330293409601,0.07788534097944297,0.08126969508038284,0.0019801549736944164,0.004624608364763987,0.08493124736143495,0.32612014812863077,0.06730788900629284,0.08231146441963005,0.06810267457958875,2.7764451051977987,0.13843857577614446,-0.5913460232668712,0.17738818890159047,0.08782318403040988,12.706204736432095,0.058013895848249085,-0.05170907269652769,0.14322232572863458,0.13071752832640743,-0.3505380458435253,0.10796090999416688,-0.006108766540271987,0.13433311575578563,-0.0014642165812928493,0.19388446592450692,6.147374039921276e-06,0.2861672411958622,0.00015246736779040663,0.44016388314903004,-0.00031122259423420844,0.6614289311079893,3.7448135674892875e-05,1.364505794256775,-0.0015742767931289409,-0.0001478849603299802,0.02739474406985348,0.04515740659839271,0.25
3.125,633613159,0.25537391235633866,0.1,0.06275125612529524,0.0770462995850737,0.06799744956017399,0.07021737424182888,-0.0011421613237309856,0.006072640969148039,0.08023130214611922,0.13433311575578563,0.07578710240672588,0.08231146441963005,0.07803968192277569,2.7764451051977987,0.08381227715460673,0.15154032295919614,0.6169406962819745,0.0570793667079294,12.706204736432095,0.06841577187176483,0.13650519655810223,0.36947655205511953,0.14313738505427442,0.16344338132494904,0.6400243386449589,-0.005034891967959336,0.13433311575578563,-0.0026800136296331735,0.19388446592450692,0.0005214299896854552,0.2861672411958622,-0.00044577469584765035,0.44016388314903004,0.0002680311044667586,0.6614289311079893,-0.00015389934872148058,1.364505794256775,0.0012535627015964178,-0.0007993178748333143,0.06328260064667059,0.09031338452169715,0.25
3.125,675812342,-0.06912563077940134,0.1,0.0644231915733757,0.06358515554650601,0.06604286270977501,0.0789393299403697,0.00024179734327522961,0.005989620468159318,0.08250164797884507,0.13433311575578563,0.06991353976468268,0.08231146441963005,0.07750439671383043,2.7764451051977987,0.13364929949652726,-0.23853907912348404,0.5036008076770114,0.07630736110540197,12.706204736432095,0.06932427087636815,-0.19198784843580946,0.05373658687700676,0.14049476461743063,-0.13601905624577404,0.37374921684648105,-0.006336721256125873,0.13433311575578563,-0.0005906822202865326,0.19388446592450692,-0.0005683460425194829,0.2861672411958622,-3.824666380248142e-05,0.44016388314903004,-2.9952183328165203e-05,0.6614289311079893,3.975071292712189e-05,1.364505794256775,-0.0019071434256484462,-3.751777864853437e-05,0.013724386978989808,0.01830437390770708,0.25
3.125,936112360,0.005365341226895054,0.1,0.07289780814984977,0.08687621083075008,0.10331174602323491,0.09017236184340809,0.004011465455704945,0.0041195893847135725,0.09292174057060293,0.32612014812863077,0.09022650523181018,0.08231146441963005,0.06427671205355058,2.7764451051977987,0.09954883129619312,-0.30458214421287333,0.2482015865480803,0.09584316304181885,12.706204736432095,0.05772773874229739,-0.08653212343568079,0.11981036389561218,0.09247577242172647,-0.22702448023821759,0.11598188601200263,-0.004705210327797765,0.13433311575578563,-0.0014544824668244502,0.19388446592450692,-0.00039555319535535167,0.2861672411958622,0.0008408976085866563,0.44016388314903004,-0.00032551143156222677,0.6614289311079893,-0.0005414470785661499,1.364505794256775,-9.99884042501834e-05,-0.0005150028993315402,0.050882953796115606,0.05970489812864515,0.25
3.125,360526410,-0.028085363183633562,0.1,0.0704490441848946,0.1295512791242392,0.15671651092506927,0.18028453236894407,0.009226980315756757,0.023275532295732086,0.1850469067889043,0.32612014812863077,0.13617578243700496,0.08231146441963005,0.15278351553844485,2.7764451051977987,0.14563651631381044,-0.5809090434493853,0.2277945422656914,0.18639751845159486,12.706204736432095,0.14399090870735262,-0.2632240058401647,0.20669129983034992,0.13142311009489438,-0.31056696869809475,0.15347350709388005,-0.00654668741809438,0.13433311575578563,-0.001988397089123324,0.19388446592450692,-0.0005524666666740708,0.2861672411958622,0.000438874917707962,0.44016388314903004,-0.000341384475738471,0.6614289311079893,-0.00011581423779053646,1.364505794256775,-0.0007577244238842746,-0.0004657212591882247,0.0481648729154918,0.07824693275454628,0.25
3.125,664026082,0.18103500692955657,0.1,0.07320327983798884,0.056377000428309634,0.05840390200313341,0.04895029730935091,0.000544115039758878,0.0018520165669149685,0.055649824885878066,0.13433311575578563,0.06332647226772646,0.08231146441963005,0.04309720659105755,2.7764451051977987,0.06920016111358014,-0.049222701880246744,0.33503819532515056,0.035404012108907666,12.706204736432095,0.03881633852760016,0.10905290689680952,0.2429533514464182,0.06572951666475982,0.04921749895765045,0.2965981543049149,-0.00566670126685912,0.13433311575578563,-0.000236314472058928,0.19388446592450692,0.00042711084391436213,0.2861672411958622,-0.000988107710347909,0.44016388314903004,1.3882051012648226e-05,0.6614289311079893,-6.788404464037577e-06,1.364505794256775,-0.0007321360566314908,-0.0003976634682040989,0.044388904626386894,0.07780104602352152,0.25
3.125,1147612966,-0.18453414047882555,0.1,0.07220572624943854,0.06406648709873743,0.061214044243106974,0.06205208266300571,0.000739631686798423,0.0031108292760180707,0.06468227273349064,0.19388446592450692,0.06040119170547439,0.08231146441963005,0.05585534989663861,2.7764451051977987,0.11061321092151334,-0.6349782957495538,-0.020755279683058847,0.05084055667226536,12.706204736432095,0.04923223594499196,-0.2686187854438338,-0.10044949551381734,0.19899151578618135,-0.8019784978952545,-0.12582434452072955,-0.005724741798805065,0.13433311575578563,-0.0028326361130457337,0.19388446592450692,0.0015532940109086687,0.2861672411958622,-0.00010911540296364241,0.44016388314903004,-0.0009884988247764624,0.6614289311079893,0.00022670684626252907,1.364505794256775,0.0015958314522279008,-0.0010472824926750046,0.07261165542468281,0.11612566787960489,0.25
3.125,646488079,-0.1385802528780891,0.1,0.07353269977828931,0.06415944693511992,0.06599140797161492,0.03381824969496275,0.0005803993897847363,0.0005632746226461115,0.03882241481643057,0.19388446592450692,0.06328245321253659,0.08231146441963005,0.023767679398360275,2.7764451051977987,0.126800966663126,-0.5552521778038939,0.148859668648477,0.016482599339285878,12.706204736432095,0.021070022963497467,-0.17825245862007505,-0.10008765283898888,0.14650645961733777,-0.5761317115493269,-0.04160878272070947,-0.006970051905963415,0.13433311575578563,-0.002953665163259916,0.19388446592450692,0.001236482106331446,0.2861672411958622,-0.0001171994767638685,0.44016388314903004,0.0006273698522950961,0.6614289311079893,-0.0010351195642955857,1.364505794256775,-0.0004357002488735573,-0.0005464831330611466,0.05245030465253875,0.06373847769815622,0.25
3.125,340887250,-0.35596757453501454,0.1,0.06903933041698533,0.09565709102430212,0.08614937993422674,0.06515206842826977,-0.001526674674249333,0.005771466694731281,0.07467717509267023,0.13433311575578563,0.09012402703331766,0.08231146441963005,0.07607987404242615,2.7764451051977987,0.13651927909421985,-0.5379383096619277,0.2201382587506301,0.03035166501968417,12.706204736432095,0.0677086547149274,-0.46687290107882673,-0.24506224799120235,0.221712058130886,-0.5667351628510577,0.22345505119843684,-0.006043869224950601,0.13433311575578563,-0.0007900497573735338,0.19388446592450692,-6.387385806662333e-05,0.2861672411958622,-0.0005149958356706208,0.44016388314903004,-0.0002398389484935814,0.6614289311079893,0.00021600686235157736,1.364505794256775,-0.0014831501904987183,-0.0002102656647670275,0.03240911312202151,0.04713505293732906,0.25
3.125,393912183,0.07319490255237607,0.1,0.06802840102937134,0.040492992671612146,0.04283471138944647,0.04192260197610787,0.0002614762324318503,0.0014960283240153132,0.04301088876786083,0.19388446592450692,0.0423914221954087,0.08231146441963005,0.03873437885520554,2.7764451051977987,0.06149249344002821,-0.006214298474712554,0.33524676636123557,0.03900700512750157,12.706204736432095,0.03481440502756091,0.014855979812374485,0.13102784694313327,0.08541929382650516,-0.0019644756197375185,0.2959283480510367,-0.004474637718777801,0.13433311575578563,-0.0009708042265601236,0.19388446592450692,-0.0006355325132322785,0.2861672411958622,0.0002517681258593404,0.44016388314903004,-0.00048257187108753354,0.6614289311079893,-4.488449033153734e-05,1.364505794256775,5.012340793729444e-07,-0.0005520614016748355,0.052890008031413846,0.09238920040984853,0.25
3.125,1921683344,0.028225179156993206,0.1,0.07728500184057163,0.0778625611854787,0.08220621349096778,0.07300350300962503,0.0006177638804592154,0.004711747571217117,0.07403405257108253,0.13433311575578563,0.0804616241054443,0.08231146441963005,0.06874129282144749,2.7764451051977987,0.09249334999304995,-0.28529956546918933,0.2283058522339114,0.06619567561918316,12.706204736432095,0.062473454710730944,-0.0730435106534224,0.12413538819233791,0.10887061955132293,-0.27196215793932405,0.14569213612963308,-0.006252217641840751,0.13433311575578563,-0.0017902636196796234,0.19388446592450692,-0.00024647715779072714,0.2861672411958622,4.2844444451329424e-05,0.44016388314903004,-0.0002168887278752443,0.6614289311079893,-9.444734873583151e-05,1.364505794256775,-0.0015553742376294849,-0.0002554230261805926,0.03570728378463892,0.038688130950142084,0.25
3.125,1908526400,-0.2690333780306188,0.1,0.06154483123621096,0.049110540052215615,0.05885660340019219,0.0692669830374941,0.0006625105795351588,0.004135404359581337,0.0749126852404105,0.13433311575578563,0.06094058710353573,0.08231146441963005,0.06439997201321342,2.7764451051977987,0.08294438357016491,-0.577436078607057,-0.11685502307299087,0.06587595238291431,12.706204736432095,0.05415109531565207,-0.37728387896791976,-0.17416785495497397,0.0625501647580764,-0.3969458396072275,-0.17095998498858617,-0.006443621552649932,0.13433311575578563,-0.0008877613473612884,0.19388446592450692,-0.000980153565421858,0.2861672411958622,0.0006842798925102066,0.44016388314903004,-0.00010378868888007576,0.6614289311079893,-8.104842437351739e-05,1.364505794256775,-0.00028980591183070254,-0.00040295760605310024,0.04475660033189951,0.06413543858875664,0.25
3.125,1192795891,-0.0079588541634368,0.1,0.07086207866794181,0.08607328955932865,0.11323412312470936,0.13884432271718944,0.004303445474866997,0.014974300475928053,0.14020355323058603,0.32612014812863077,0.10226846345325412,0.08231146441963005,0.1225462312802927,2.7764451051977987,0.1277502914839608,-0.5138877380817564,0.19549560487471357,0.136709670448175,12.706204736432095,0.10389862463923195,-0.189852880270163,0.15888996173009948,0.1331081554651509,-0.39455620642881667,0.17007745480410771,-0.004084372710628514,0.13433311575578563,-0.0030406346610448655,0.19388446592450692,-0.001441708702978606,0.2861672411958622,0.00015378443654288584,0.44016388314903004,0.00030148441169359976,0.6614289311079893,-0.0003632946672414873,1.364505794256775,-0.001800252100568694,-0.00017001433232748003,0.029089682451592762,0.03677242258019281,0.25
3.125,248239481,0.0339899559906347,0.1,0.08115441825572135,0.07349749347363865,0.07875667269088008,0.05339020878579639,0.001229527439086102,0.001620986955104828,0.059029212338195684,0.13433311575578563,0.08003246336651632,0.08231146441963005,0.040319621631422636,2.7764451051977987,0.060879360501440265,-0.14486811264866625,0.19318829229492582,0.033363159863057976,12.706204736432095,0.03536745029151293,-0.02591653291100452,0.09619373864728481,0.08968824481362737,-0.07275165624110966,0.26385698487421283,-0.005678046989535619,0.13433311575578563,-0.001579024767615039,0.19388446592450692,0.0004305603372751629,0.2861672411958622,2.2250212352162576e-05,0.44016388314903004,-0.00019099761069470074,0.6614289311079893,-0.0004904435785758056,1.364505794256775,0.00026152518529525096,-0.0007218443583385577,0.06027596790047411,0.09414870304083728,0.25
3.125,2140563639,0.21341315566257946,0.1,0.06054023695214179,0.025895317453249845,0.030017735129524655,0.05319836399779845,0.00017099434352024583,0.002659071588522012,0.053494927498492204,0.2861672411958622,0.02997260230882878,0.08231146441963005,0.05164065033017613,2.7764451051977987,0.2520666816388637,-0.21416784207557965,1.1855307667637702,0.05354223047093688,12.706204736432095,0.04544435647645855,0.11546910369513495,0.2959441264361937,0.05876449665251132,0.10956540040638113,0.37249038604678003,-0.002076873220531624,0.13433311575578563,-0.0032264128876848446,0.19388446592450692,6.0231436602135847e-05,0.2861672411958622,-0.00024072498589026664,0.44016388314903004,-0.00013119691983621496,0.6614289311079893,-7.91713003752104e-05,1.364505794256775,-0.001278285471323303,-0.00014768961323113482,0.027053507626500363,0.04205331686203425,0.25
3.125,2053655949,-0.25889955079102595,0.1,0.05701976251448186,0.08206700979651817,0.09752582744818666,0.09084871951259768,0.0035371750556267463,0.004716314781451901,0.09108320761258314,0.2431366342882323,0.08910861185699885,0.08231146441963005,0.068774601045941,2.7764451051977987,0.15393779054785442,-0.5159321657469298,0.338867484396179,0.0755608412073764,12.706204736432095,0.06267189004309685,-0.37741390277599085,-0.15601000844280888,0.13283860509659715,-0.36768606996129977,0.024310563012081288,-0.007714368465340224,0.13433311575578563,0.00040536195135598143,0.19388446592450692,-4.535471986748505e-05,0.2861672411958622,-0.0003530637863377035,0.44016388314903004,-0.0004663342193935283,0.6614289311079893,0.0004131898129197271,1.364505794256775,-0.0012104220345906152,-0.00027230984803459457,0.03701397738609289,0.053147605648891164,0.25
3.125,1008720842,0.2712805451805794,0.1,0.04043278065729075,0.020094713495779095,0.022595813443540558,0.031963467306385954,0.00027273859179345345,0.0007489246504529503,0.03245035240394743,0.32612014812863077,0.018554458565817587,0.08231146441963005,0.02740600614033511,2.7764451051977987,0.10293253652781033,-0.12805893256006629,0.4435141418563989,0.03267341957251142,12.706204736432095,0.022861847309781594,0.23172493727090468,0.3101889413934612,0.0782207367639747,-0.05268064694537741,0.295265446256136,-0.006514218876752462,0.13433311575578563,-0.0002760779810251188,0.19388446592450692,-9.537386317916262e-05,0.2861672411958622,0.00026794684093911064,0.44016388314903004,-0.00015996479719729298,0.6614289311079893,-1.9036896131298794e-05,1.364505794256775,-0.0009451140441725787,-0.00020221320488426678,0.03167994282073879,0.04260078443547554,0.25
3.125,517395875,-0.00047616518925948283,0.1,0.06298249784750422,0.05125384834598707,0.05705679929874877,0.0319335478232264,0.0004587824791540732,0.0005609689974242147,0.03627325205843037,0.19388446592450692,0.056524468142753685,0.08231146441963005,0.02371898596282377,2.7764451051977987,0.09778011989884829,-0.17804664117480146,0.3649156293828209,1e-150,12.706204736432095,0.021114965848325916,-0.0333496881990563,0.037751017101868435,0.12327426330825679,-0.05828297826711634,0.34277682212468935,-0.008087127235627762,0.13433311575578563,-0.0008872723887291533,0.19388446592450692,0.0009363300801659205,0.2861672411958622,-0.00013108071859829182,0.44016388314903004,-0.0006695059546244392,0.6614289311079893,0.00044735299960084674,1.364505794256775,-0.0016872316513321397,-0.00013832332524973457,0.026309531884198777,0.034559940139736914,0.25
3.125,173042607,0.3256807707994773,0.1,0.06266691111027735,0.02645038940534547,0.037285575541781246,0.022820218723824934,0.00025961831954800165,0.00026114406305520845,0.023609161311627765,0.32612014812863077,0.03807849246876547,0.08231146441963005,0.016183288129503707,2.7764451051977987,0.0960444511801172,0.03466937293103306,0.5679936656519238,0.02153674218420354,12.706204736432095,0.018073033496842722,0.29535893481446535,0.3560026067844893,0.08271022584625085,0.03622251128274268,0.3633872512153399,-0.0059111283569743805,0.13433311575578563,0.0003003096023112244,0.19388446592450692,-0.001116907400974937,0.2861672411958622,-0.0003604088492758975,0.44016388314903004,2.8366843951991848e-05,0.6614289311079893,7.080731022235207e-05,1.364505794256775,0.0028878792242364045,-0.0012535887777040226,0.07923379481029304,0.11263064895970344,0.25
3.125,778206158,-0.06127868638319586,0.1,0.06952479200816629,0.09050336613458415,0.10679087619384652,0.11101480139659382,0.0030396290589829074,0.009284657070142264,0.11502050424010064,0.32612014812863077,0.09279667832887632,0.08231146441963005,0.09649606903460428,2.7764451051977987,0.16181477802344302,-0.8273682725180505,0.07117142426566297,0.11853919001709146,12.706204736432095,0.08561115387099592,-0.21110823932781814,0.08220069954497564,0.1658839661070957,-0.5291233568717287,0.03530627647528142,-0.004362888087132658,0.13433311575578563,-0.00048671846336129044,0.19388446592450692,-0.001108930249916316,0.2861672411958622,0.0002979718917144746,0.44016388314903004,-0.0003682518966955599,0.6614289311079893,-0.0001168346700972038,1.364505794256775,-0.0014003913683543227,-0.00019795272533254527,0.0315356457664398,0.046015332959692526,0.25
3.125,757368346,0.048430048903796284,0.1,0.07462171197747902,0.10851202910110325,0.14157929419604928,0.1614530214908994,0.008688704001502233,0.01737837414703859,0.16175364014913532,0.2431366342882323,0.11777509598431778,0.08231146441963005,0.1320174255994807,2.7764451051977987,0.09689732200764226,-0.35011036930754413,0.18794982148224246,0.14612978548598698,12.706204736432095,0.1195244722010816,-0.14785627280763075,0.2344921266616091,0.13004957595700925,-0.24401605523403475,0.23171149820836062,-0.005475127094797564,0.13433311575578563,-0.0005093861109126201,0.19388446592450692,0.00034395039561215825,0.2861672411958622,-0.0011620730002894041,0.44016388314903004,-4.612462305854466e-05,0.6614289311079893,0.0001562013144270301,1.364505794256775,-0.0003682958036623082,-0.00048143143897637586,0.04891902350774296,0.0835243067990163,0.25
3.125,617828789,-0.16852198116006875,0.1,0.06064203980768125,0.04250614189716156,0.04648488851629068,0.035917995181855795,0.0011203534812163655,0.00016974889666745077,0.03961543402893165,0.32612014812863077,0.0374962879947841,0.08231146441963005,0.013047585999526663,2.7764451051977987,0.09927133370651153,-0.34766377326599524,0.2035790438458071,0.04768671772555085,12.706204736432095,0.012505739045786895,-0.19021910948357013,-0.14503703222433745,0.089909748530317,-0.22321355367208806,0.11410620542540553,-0.006959327173563417,0.13433311575578563,0.0004192431423069895,0.19388446592450692,-0.00014116873627664336,0.2861672411958622,-8.740221335014541e-05,0.44016388314903004,-0.00048118450253119434,0.6614289311079893,0.0001493290255424512,1.364505794256775,-0.0010729513159511977,-0.0003131691310598084,0.039418187217731486,0.06202831749113505,0.25
3.125,2084002234,-0.18476317338424333,0.1,0.07081298341809304,0.05582230349260438,0.07241970854890546,0.08446516017297573,0.002268726714809454,0.004865636568236992,0.08506831052682393,0.19388446592450692,0.06376663988029703,0.08231146441963005,0.06985484307956893,2.7764451051977987,0.08386536885718039,-0.2782735679151058,0.18742161780314695,0.07067813321235518,12.706204736432095,0.06509840375022254,-0.29106597548731433,-0.07846037128117231,0.07050313028971926,-0.27893875611632013,-0.009296482319608017,-0.009040382911046614,0.13433311575578563,0.0003489956362156097,0.19388446592450692,0.0006796298576075081,0.2861672411958622,-0.00033090043955422583,0.44016388314903004,-0.00021413013922862427,0.6614289311079893,-0.00017438878339414384,1.364505794256775,-0.0020294601810887454,-0.0001827789139964273,0.030103083781336793,0.046696765957755355,0.25
3.125,1652913254,-0.25848848317739487,0.1,0.047388702215195304,0.019661400175789975,0.021313412509008138,0.00942762818444392,6.181366906039956e-05,2.706650412372182e-05,0.009800809181429474,0.19388446592450692,0.019488285456827365,0.08231146441963005,0.005210060557637774,2.7764451051977987,0.09365632079319351,-0.48365251988696867,0.03641074698722521,1e-150,12.706204736432095,0.004264975152201142,-0.26721073427303793,-0.25088582782432395,0.0724030892800968,-0.28278047143395113,0.052441910232733216,-0.008361058212025707,0.13433311575578563,0.002954611085684129,0.19388446592450692,-8.488031292428543e-05,0.2861672411958622,-0.00029767237130831376,0.44016388314903004,-0.00038168487200594605,0.6614289311079893,-0.00010933237050227089,1.364505794256775,-0.000835418579036057,-0.0003946861603174513,0.04455137111898728,0.06832230064059806,0.25
3.125,1406074592,-0.04166250443740513,0.1,0.04370376558504231,0.035818175974942926,0.02160732297488243,1e-150,-0.0006691871534751061,0.0003553578783554543,0.011026893332905647,0.13433311575578563,0.03305189945043206,0.08231146441963005,0.018878159980428574,2.7764451051977987,0.05027089236046019,-0.08406062762529855,0.1950881184309517,1e-150,12.706204736432095,0.01797879389604408,-0.0719418858581592,-0.011383123016651064,0.06606998544573746,-0.11806038975060494,0.09444617980829716,-0.008485420641746802,0.13433311575578563,0.0006825658814256799,0.19388446592450692,-0.0005699647562809572,0.2861672411958622,0.00011757227870773872,0.44016388314903004,-7.953792242256365e-05,0.6614289311079893,-0.00023663800594711813,1.364505794256775,-0.00045563427447399335,-0.000527934148751374,0.05126926699222769,0.0847301788713863,0.25
3.125,1789389655,-0.045582592581088356,0.1,0.062128666535607266,0.027410416576925743,0.03623325853058679,0.04505379564020166,0.0006711221831048252,0.0013587223184842291,0.047436427875883244,0.32612014812863077,0.03256997641024351,0.08231146441963005,0.03691407944946258,2.7764451051977987,0.18975781119745994,-0.3846756558915476,0.6690286362529239,0.052655724048662984,12.706204736432095,0.03171386116372066,-0.09386213503450497,0.019236170661700004,0.1061052600335009,-0.33251738610760984,0.18048007231080437,-0.004754612098350935,0.13433311575578563,-0.000983311850239335,0.19388446592450692,0.0001564384483658169,0.2861672411958622,-0.000655612367234982,0.44016388314903004,3.584829647939615e-05,0.6614289311079893,-1.1362162764349301e-05,1.364505794256775,0.0004795739575013253,-0.0006103631425530112,0.055412712491137765,0.0800152838914153,0.25
3.125,842827208,0.05515363252143417,0.1,0.058649710201638526,0.10872530310960575,0.13983919596914757,0.15613736101500666,0.008007427961400512,0.016371447543330014,0.1608912993471998,0.32612014812863077,0.10977365732035943,0.08231146441963005,0.12813572439296375,2.7764451051977987,0.12389462937201755,-0.3487884413330538,0.3391848332274133,0.16136632009696722,12.706204736432095,0.11129090085014061,-0.11355863037906773,0.24120147966779748,0.10391775992399332,-0.12610143848049346,0.2757236981529664,-0.004456168567053756,0.13433311575578563,-0.0034834068030067176,0.19388446592450692,0.0019895398050317607,0.2861672411958622,-0.0006457764120471605,0.44016388314903004,0.00018516992955321918,0.6614289311079893,-0.0003752774559821262,1.364505794256775,0.0009705018911020285,-0.0007140580218359931,0.059506715797427404,0.09715316858625368,0.25
3.125,703826270,-0.3137154524379247,0.1,0.06709372419385225,0.025774254880347444,0.040927546934860316,0.043851857990329146,0.0011355799119758228,0.0007874055372281712,0.044995067349030145,0.32612014812863077,0.03235842287402107,0.08231146441963005,0.028101268223606438,2.7764451051977987,0.09925050398421784,-0.6620982044615464,-0.11097105251075406,0.046706482308199654,12.706204736432095,0.025627503394898096,-0.35962121783272616,-0.2635662528616642,0.07504868312191289,-0.4308391045762404,-0.14984583941907476,-0.00808988897273644,0.13433311575578563,0.00032763756214787895,0.19388446592450692,-0.00035127390545418384,0.2861672411958622,-0.0006236196094152574,0.44016388314903004,0.0008268420915509622,0.6614289311079893,-0.0005505881581208628,1.364505794256775,6.47648844526631e-05,-0.0005956249906487351,0.054645314668557675,0.06425220462223184,0.25
3.125,1554138663,0.44554470599573176,0.1,0.07555589176967129,0.04375112507800238,0.04626232018358409,0.032072026068268165,-0.00012011619085905683,0.0011487310469827294,0.033907205108085016,0.19388446592450692,0.04518193745767849,0.08231146441963005,0.0339418779520289,2.7764451051977987,0.1788473206964874,0.08467355911531138,1.0777930953663182,0.023398085751186334,12.706204736432095,0.032704057539438364,0.39312654858508694,0.4979628634063766,0.10177607331172696,0.19551176284036187,0.5028887358721503,-0.005036644919296912,0.13433311575578563,-0.0028146302582985486,0.19388446592450692,-0.0016006338424737053,0.2861672411958622,0.000423350317515738,0.44016388314903004,0.00015565892890870097,0.6614289311079893,-0.0004996026810170104,1.364505794256775,0.0014309835599128362,-0.0010724020849459223,0.07350712396581086,0.11570398364899093,0.25
3.125,448982507,0.21249031902413304,0.1,0.06202803016586466,0.036363632725313046,0.04996324955251228,0.053252475137788545,0.0011242371063394623,0.001711589001961325,0.054721965107661225,0.19388446592450692,0.04421230127879333,0.08231146441963005,0.0414310969078099,2.7764451051977987,0.12986527812611043,-0.1427209546751396,0.5784066769016406,0.05054920765696544,12.706204736432095,0.03093961505565796,0.15667881380954235,0.26735557514297026,0.09795203536975008,0.1467972725904551,0.5384597208746804,-0.007629454065921926,0.13433311575578563,-0.00010365079860175593,0.19388446592450692,0.0013753797634986713,0.2861672411958622,-0.0008763409284554109,0.44016388314903004,0.0001885787837518141,0.6614289311079893,-0.00015609823061302,1.364505794256775,0.0009650698557614468,-0.0007550889743496896,0.061800234342102425,0.09085802693933562,0.25
3.125,729996823,0.3426873569077652,0.1,0.06536369307621973,0.06584114644558575,0.0589798849370204,0.062265534318576725,-0.0003646735472913878,0.004241670311269243,0.06695396176351345,0.13433311575578563,0.057758183843582556,0.08231146441963005,0.06522215477902102,2.7764451051977987,0.10335465321120722,0.23542504570470468,0.8093420877200492,0.04727468961787848,12.706204736432095,0.05814143078191025,0.23706869445915096,0.43945630672773084,0.12584350594617238,0.27941793420322797,0.7241957150164542,-0.0065955919195706675,0.13433311575578563,9.701753813350554e-05,0.19388446592450692,-0.0005906230204837708,0.2861672411958622,-0.000688165950730174,0.44016388314903004,0.00012520708386506564,0.6614289311079893,9.966719532960643e-05,1.364505794256775,0.0020995987246473554,-0.0010781667124147478,0.07356991175798229,0.10714321166077605,0.25
3.125,1087078685,0.07123438370731247,0.1,0.07102189166002189,0.11017812341968253,0.12982893552830618,0.13173120573892735,0.0037550243323848168,0.01359808623304679,0.1429602114451207,0.13433311575578563,0.12846216781037925,0.08231146441963005,0.1167792235815512,2.7764451051977987,0.10950725731862156,-0.2537457292372405,0.3543360478946048,0.12161448764050803,12.706204736432095,0.1014819914928981,-0.10662447737039721,0.2577544378348001,0.11164814825695754,-0.15759040822022222,0.2531887535783084,-0.006635356140033547,0.13433311575578563,-0.002121585067227502,0.19388446592450692,0.0016034813941276688,0.2861672411958622,-0.0012303261103307774,0.44016388314903004,6.769231962707798e-05,0.6614289311079893,0.0002113369537186267,1.364505794256775,0.0003605758414970395,-0.0006498057814958059,0.057337517740492824,0.08090421843113894,0.25
3.125,228423235,0.1342982347112399,0.1,0.05986094006941322,0.03636175970789679,0.0399089042409734,0.04671699999291042,8.538167463932817e-05,0.0020970964136982646,0.04706382265057197,0.19388446592450692,0.038607471000244864,0.08231146441963005,0.045860193915771764,2.7764451051977987,0.0520727309545765,0.04750553198006269,0.3366596899262943,0.044602928639891605,12.706204736432095,0.04266732681401705,0.06452097058210367,0.1966450821585531,0.05408777309774816,-0.022441493409779974,0.23432272258498907,-0.0058231261230832715,0.13433311575578563,3.302016605511717e-05,0.19388446592450692,-0.000859704612845591,0.2861672411958622,0.00023975275113077176,0.44016388314903004,0.00015773137803546213,0.6614289311079893,-0.0004364825439098594,1.364505794256775,-0.0012120169939219886,-0.00021594351367089368,0.032822532730731484,0.049529671425482515,0.25
3.125,1766706902,0.05198619439454717,0.1,0.06474720668199375,0.028495325276923052,0.031079419233478366,0.024623933257808157,-7.35920960868128e-05,0.0006799301851718034,0.029238386043404545,0.13433311575578563,0.03374546278162959,0.08231146441963005,0.026113125077514523,2.7764451051977987,0.12563548960960064,-0.3570210115896635,0.34061906874174575,0.023656020999544104,12.706204736432095,0.02401511102965689,0.014303433033801653,0.09690706797453968,0.08160462328094906,-0.11626725850031384,0.21144596386419418,-0.008889778181515177,0.13433311575578563,0.0031252136842836323,0.19388446592450692,-0.0016760261145055142,0.2861672411958622,-0.00042393592500298064,0.44016388314903004,0.0001359938716970768,0.6614289311079893,5.710527383942269e-05,1.364505794256775,-0.001207410002454791,-0.0003047127393704479,0.039103440646216826,0.04527652119718838,0.25
3.125,1482018728,0.1931952529811247,0.1,0.06175872556038446,0.03719174959803121,0.03729285308618098,0.06451818779094136,-6.669435009867028e-05,0.004229290905925846,0.06689175992814118,0.13433311575578563,0.04299182458161743,0.08231146441963005,0.06512690910865508,2.7764451051977987,0.19602481115166803,-0.5825221624229832,0.50598209241576,0.06028163809491417,12.706204736432095,0.06366210377303586,0.09938494535638688,0.2870055606058625,0.07544021371392681,-0.039619690428629846,0.2551525738222089,-0.006744578843589929,0.13433311575578563,0.0012765374085427154,0.19388446592450692,-0.0009217211463295974,0.2861672411958622,0.0002022630062568436,0.44016388314903004,0.0003677008423634327,0.6614289311079893,-0.0006366359075094116,1.364505794256775,-0.0011527969299870648,-0.0002196086959527886,0.03320779594191562,0.044277862845895744,0.25
3.125,1129408468,-0.04520651429931279,0.1,0.05916842421335946,0.045767230026703375,0.0725280243110121,0.08361882867098275,0.00321576280343292,0.0037763457048742457,0.0837923048019409,0.2431366342882323,0.055980033166296864,0.08231146441963005,0.0615407182182575,2.7764451051977987,0.07491974301305479,-0.2610324715561614,0.15498863598638454,0.06915737839629527,12.706204736432095,0.053342132845985255,-0.13445879897067745,0.051547534922016594,0.05342619580010259,-0.16770907586393677,0.04368389889499319,-0.007267649456089437,0.13433311575578563,-0.0017584294989034552,0.19388446592450692,0.0010831962027397287,0.2861672411958622,-0.00016793013560850546,0.44016388314903004,6.745488914068902e-05,0.6614289311079893,-0.00017462693106790034,1.364505794256775,0.00037914375134500745,-0.0006049494806666507,0.05507370282524861,0.06654092989287048,0.25
3.125,1022502580,0.2560363514442011,0.1,0.07002723977369125,0.08161318233488034,0.14971320831525806,0.15055562332138755,0.01756473113094318,0.00510226458274836,0.15936351576832636,0.32612014812863077,0.10535254324703397,0.08231146441963005,0.07153328604347958,2.7764451051977987,0.1090782088996691,0.04116463426150485,0.6468639526279634,0.16708709386092924,12.706204736432095,0.06710883097510263,0.14628101681325806,0.3657916860751442,0.11280852370119133,0.11359659699517266,0.5011760099188068,-0.005854089678769486,0.13433311575578563,-0.0019268619012648835,0.19388446592450692,0.0003640760774315654,0.2861672411958622,-0.0005638694509194444,0.44016388314903004,9.668700337525273e-05,0.6614289311079893,-0.00035061974968194774,1.364505794256775,-0.00018929126241303885,-0.0006307698959571234,0.056130379361977935,0.08879381774365665,0.25
3.125,1612604300,-0.31467541396016685,0.1,0.06777847587235142,0.06077587438622988,0.05431931682043771,0.055973449343382976,-0.0002845846757667885,0.0034176117071630487,0.05827901295136803,0.13433311575578563,0.05831111238282037,0.08231146441963005,0.05854476234170037,2.7764451051977987,0.16034015678908634,-0.7614969270051497,0.12885435996226302,0.058125688332844434,12.706204736432095,0.05261621096328447,-0.4056759871446375,-0.22367484077569622,0.11785791543921821,-0.381114589561037,0.00407720108421031,-0.007859676128109148,0.13433311575578563,9.195630419829982e-05,0.19388446592450692,0.00034475213745362003,0.2861672411958622,7.566106110674796e-05,0.44016388314903004,-0.0006630051936808834,0.6614289311079893,0.0002698113348226487,1.364505794256775,-0.0013400100014362407,-0.00023552724119364353,0.03420484879156738,0.0377429489757509,0.25
3.125,1085807684,0.3017969494018652,0.1,0.07545248643453596,0.10158646390144047,0.12848852027265634,0.08553345703493317,0.005725637224611398,0.0015903350477353615,0.0868419294569204,0.2861672411958622,0.10607050866555004,0.08231146441963005,0.03993659214059157,2.7764451051977987,0.041002837464054635,0.1862914695378864,0.4139757242904772,0.06264501881538535,12.706204736432095,0.035693859453587405,0.24539947093817788,0.3649298098770943,0.10265915780584894,0.14084632198941155,0.5033479205701049,-0.0060254740473046,0.13433311575578563,-0.00044577807348739377,0.19388446592450692,-0.0016619350562980819,0.2861672411958622,0.0008428865470859868,0.44016388314903004,-0.00026743139500508663,0.6614289311079893,-2.801258162347164e-05,1.364505794256775,-0.00040416456360679756,-0.00040164068592415643,0.04464831684851955,0.06339562282363391,0.25
3.125,1774291621,-0.04632214457964712,0.1,0.06996931693877151,0.03717403583869229,0.05888842926395462,0.04307949008847537,0.0017361193847926476,0.0001197230814903999,0.04427676113526067,0.32612014812863077,0.04471821762995565,0.08231146441963005,0.01095760475455905,2.7764451051977987,0.03296563310897364,-0.14094607421586103,0.04210846715445167,0.04117478284875759,12.706204736432095,0.009821011116742502,-0.06239991851063962,-0.0270400371779389,0.058592043220322396,-0.18880514485619793,0.035353542865172095,-0.0063854109204272555,0.13433311575578563,-0.0008330553048623947,0.19388446592450692,-0.0011332373476036824,0.2861672411958622,-9.829732589563602e-05,0.44016388314903004,0.00046688464481000334,0.6614289311079893,-0.0003941891083941168,1.364505794256775,0.0012236661733764647,-0.0008885572253007061,0.06667030020977677,0.08617126795871696,0.25
3.125,2002478643,0.1142768289999897,0.1,0.07233364843794088,0.07808018039938662,0.09436147008452572,0.10559169990069318,0.004622333050391593,0.006527274037526457,0.10794451702520917,0.32612014812863077,0.07630519597625095,0.08231146441963005,0.08090821337412005,2.7764451051977987,0.21306505126102623,-0.6946762123999592,0.4884506249248295,0.10950928867511252,12.706204736432095,0.07749708048083577,-0.019975674600933732,0.26129492391448056,0.15781013144308237,-0.3510298544436556,0.2108213186292943,-0.007143843908353883,0.13433311575578563,0.0009705530224299876,0.19388446592450692,0.00033894733125075895,0.2861672411958622,0.0006256431628582316,0.44016388314903004,-4.205923657504845e-05,0.6614289311079893,-0.0011763074338286916,1.364505794256775,0.0021166466264508337,-0.0011558339807761213,0.0755909290246918,0.11512909674452432,0.25
3.125,400836489,-0.045678520839349965,0.1,0.04605394491591226,0.025442262556922578,0.020141329248538238,0.01294527191616775,-0.00018730404571460778,0.00035488411069812924,0.015376385743690497,0.13433311575578563,0.021862381730643327,0.08231146441963005,0.018865571481369022,2.7764451051977987,0.027788471195659924,-0.09838006300231901,0.055926266661921034,0.012773310336767702,12.706204736432095,0.017773594517974875,-0.07424714175655137,-0.017711133511334975,0.025718953556957407,-0.08931477079721162,0.002108123284157177,-0.0060655779076440024,0.13433311575578563,-0.000564073868085676,0.19388446592450692,0.00013852348798208114,0.2861672411958622,-0.0003793735361346162,0.44016388314903004,0.00033312131326156754,0.6614289311079893,-0.00029754451337708976,1.364505794256775,-0.0005561515776357896,-0.0003401198617020623,0.041467873431119844,0.07141519879791992,0.25
3.125,327732520,-0.4385194576019317,0.1,0.06257402058862842,0.053789058061978895,0.07428058547909759,0.050878638408285555,0.002301326128397676,0.00028730971788339436,0.05097531328130767,0.2861672411958622,0.06279619424740648,0.08231146441963005,0.016974689770083335,2.7764451051977987,0.034721795000391846,-0.48204373428017705,-0.28923741873513836,0.04495965778264165,12.706204736432095,0.015918910493740803,-0.46992606893466143,-0.4071128462692019,0.11353596332966917,-0.5102104790528834,-0.08782947100272749,-0.005737247025257703,0.13433311575578563,-7.61292791054559e-05,0.19388446592450692,-0.0002237683792476065,0.2861672411958622,-0.000581084252158377,0.44016388314903004,0.0002012690515805477,0.6614289311079893,-0.0001399787691923348,1.364505794256775,-0.001546903594081136,-0.00013360990585785623,0.025804562127824716,0.03069597616848959,0.25
3.125,1992181774,0.1458220059734806,0.1,0.06365841541980106,0.026299888717017814,0.03719670071940106,0.0390907695688199,0.0004818212803498448,0.001046266985132731,0.03921650109444605,0.2861672411958622,0.03041521312038809,0.08231146441963005,0.03239275965633903,2.7764451051977987,0.11322235953056664,-0.06813591552262077,0.5605754163125534,0.03698496349553068,12.706204736432095,0.030522643359084084,0.0928410176234051,0.1926447295096247,0.05361781123563857,0.020870922154883183,0.2535567116352943,-0.006912981999315357,0.13433311575578563,-0.0004432635998372429,0.19388446592450692,0.0008224717503806082,0.2861672411958622,-2.6429653859635436e-05,0.44016388314903004,-0.00032205784861144576,0.6614289311079893,-0.00011562980037845085,1.364505794256775,-0.0017415645478323952,-9.716596425209459e-05,0.02198329405797491,0.03143721252724934,0.25
3.125,1853625189,-0.14465551676771446,0.1,0.06772005922721047,0.035098324729331914,0.039661872610929814,0.03311859736780258,0.0002003867896436635,0.0008964547019669565,0.033803264080487984,0.32612014812863077,0.04046877426117682,0.08231146441963005,0.029984089306000498,2.7764451051977987,0.1027428002381627,-0.37383870683513615,0.19668078279598794,0.031098555818210916,12.706204736432095,0.027351020874628196,-0.20276516932619326,-0.08654586420923567,0.10663389297135399,-0.19301410375100658,0.16584410927371301,-0.0050563991698735515,0.13433311575578563,-0.003614325401134265,0.19388446592450692,-0.00016110595119507028,0.2861672411958622,-3.170756346646788e-05,0.44016388314903004,-0.00011140905485461119,0.6614289311079893,6.1013657871862624e-05,1.364505794256775,-0.0014495052366872159,-0.00023219918748512846,0.034064784772156326,0.04226884102736504,0.25
3.125,1508685338,0.06961862619567505,0.1,0.06661629814903677,0.06888537280848696,0.07700837448556967,0.0604797853530656,0.0002306768470749284,0.00342712758927796,0.0628318741145183,0.13433311575578563,0.08148029049706666,0.08231146441963005,0.05862621071082929,2.7764451051977987,0.1612150504491608,-0.4022040127547651,0.49300546265281225,0.048132079916030635,12.706204736432095,0.04864876129566338,-0.03054918465646286,0.14225505780752168,0.11778872097578336,-0.004796589155087195,0.3822594548135941,-0.007181361822131355,0.13433311575578563,0.0005473127831076588,0.19388446592450692,0.0003174622564777246,0.2861672411958622,-0.0006057565975761433,0.44016388314903004,-0.00018019341161852604,0.6614289311079893,-8.310456604226195e-05,1.364505794256775,-0.0006832780467484724,-0.0004516881710116541,0.04745188298771079,0.0793192767882911,0.25
3.125,350503347,-0.18883804822371503,0.1,0.06360624261556802,0.03385389513804687,0.04944715933282682,0.06401054707341647,0.0009919886593110373,0.0031053614773270274,0.06422193531109187,0.2861672411958622,0.04040155152219483,0.08231146441963005,0.05580624078450806,2.7764451051977987,0.16292633937383683,-0.4150968272043866,0.48961524772018267,0.06307049758341966,12.706204736432095,0.05174162971128645,-0.2723878157496912,-0.1036063942162217,0.11387059745656095,-0.23456616954719228,0.0792745667046977,-0.006092384297616386,0.13433311575578563,0.0006621370202226395,0.19388446592450692,0.00012976060166881788,0.2861672411958622,-0.00018370618002645317,0.44016388314903004,-0.0005721955722506811,0.6614289311079893,0.00010639187511431189,1.364505794256775,-0.001732114387427229,-0.00011267446591804674,0.02372755971255595,0.032623226943390926,0.25
3.125,1527099687,-0.0313070530827224,0.1,0.06903434362193792,0.08711135348810518,0.09493976926459646,0.0935966634351741,0.001610517253286827,0.00714981815291043,0.09790670536985259,0.13433311575578563,0.09246006508466617,0.08231146441963005,0.08467870078848165,2.7764451051977987,0.08731678985446858,-0.17958746229075997,0.3052730852952883,0.08912849065232656,12.706204736432095,0.07230991886443512,-0.1551562075280512,0.0958577389543545,0.09501036405042283,-0.17891865485391367,0.19802360402107855,-0.006965104586485745,0.13433311575578563,0.0034867840881704385,0.19388446592450692,0.00046819913303219375,0.2861672411958622,-0.00010413803948735677,0.44016388314903004,-0.0004986636961612664,0.6614289311079893,-0.0002261352051356665,1.364505794256775,-0.0008122596619934627,-0.00025280256257815246,0.03568371595291837,0.05770340748341576,0.25
3.125,11959488,-0.11086899164784059,0.1,0.07167064217173198,0.04633426509695762,0.06195064346095472,0.05655480598460391,0.002039574692194909,0.001158871387761281,0.061321885372932455,0.32612014812863077,0.05743704790770561,0.08231146441963005,0.03409135853896508,2.7764451051977987,0.12610127034457552,-0.36525641139128845,0.33497009822355367,0.06556432167030016,12.706204736432095,0.03070383035674755,-0.16586134408258563,-0.055876639213095554,0.07803475927101314,-0.3032494309977054,0.04734171701610126,-0.008163372875103866,0.13433311575578563,0.0009695785347331868,0.19388446592450692,-0.0003337244314303022,0.2861672411958622,-0.00017542100929068176,0.44016388314903004,4.576276865673476e-05,0.6614289311079893,-0.0002936670594260678,1.364505794256775,-0.0017110635387627966,-0.0002045780432662044,0.03182170314880477,0.05556059887373753,0.25
3.125,488678714,0.40750117191119783,0.1,0.06632784634684784,0.0469760139419747,0.04852294760588418,0.06358768917032942,0.0003037200756147822,0.0037396741384076474,0.06444101087907661,0.19388446592450692,0.04572035658907173,0.08231146441963005,0.06124118259117838,2.7764451051977987,0.13357677027032058,-0.20359584492469518,0.5381412950456297,0.06278582382239485,12.706204736432095,0.051199936552482124,0.31609957450817416,0.49355731740672876,0.11354775087351904,0.030970615159345523,0.4683046132717173,-0.005955144152873423,0.13433311575578563,-0.0008960129858460893,0.19388446592450692,-0.0006408608572079238,0.2861672411958622,0.00022034820309645807,0.44016388314903004,3.4528570744750695e-05,0.6614289311079893,-0.0003454480166348534,1.364505794256775,-0.0018017244975442998,-0.00012062287285919655,0.024440864972619304,0.03880875548410466,0.25
3.125,302165927,0.12251978449311215,0.1,0.06636295973822415,0.03943880554261894,0.050071554153640147,0.04887968594242162,0.0007948188204731934,0.0015944048773565767,0.05007499708095505,0.13433311575578563,0.04859295755383227,0.08231146441963005,0.039987660395908786,2.7764451051977987,0.11780317765895904,-0.2516158003615544,0.40253231161437264,0.044882774568811006,12.706204736432095,0.035912088333748045,0.058915707015633964,0.19753894376317935,0.13717792571102672,-0.36882860426670616,0.20715661458034632,-0.005663498790352899,0.13433311575578563,-0.0025409335315839244,0.19388446592450692,-0.001016442539897869,0.2861672411958622,0.0007167524148513102,0.44016388314903004,-0.0004156660908222841,0.6614289311079893,0.00011387799447200123,1.364505794256775,-0.0018024815575259057,-0.0001279066369779377,0.025330493843274335,0.03611340346951111,0.25
3.125,1239293725,-0.17400130592354543,0.1,0.07809460971717538,0.07047048732464276,0.08431261673238283,0.07929155974612208,0.002304865128177176,0.003982286318795672,0.08383375160916615,0.13433311575578563,0.07987246372888585,0.08231146441963005,0.06319648579491485,2.7764451051977987,0.1572281708263554,-0.6434162426484102,0.2296545279316653,0.07604146400368643,12.706204736432095,0.062089018429113206,-0.2826047091013443,-0.0653979027457466,0.08452070593546923,-0.3899179808736952,-0.05755164302369072,-0.007675995237236482,0.13433311575578563,-0.0006751438770843291,0.19388446592450692,0.0006896044615222166,0.2861672411958622,-0.000671239431316774,0.44016388314903004,4.889960586078842e-05,0.6614289311079893,-0.00011810446184897879,1.364505794256775,-0.00010393876425601304,-0.0006044895699811291,0.055301049045517255,0.09128187134425839,0.25
3.125,1971256496,0.33239958046835866,0.1,0.056983027250566344,0.02631642481654024,0.03693954592351537,0.02481129963437173,0.00036479319243478087,0.0002508073971117939,0.025592922581725946,0.19388446592450692,0.03346925990556509,0.08231146441963005,0.01585976903936684,2.7764451051977987,0.022557624108469523,0.28575421744399865,0.4110142275257027,0.023515091974419734,12.706204736432095,0.014340402557517578,0.31001333592088626,0.3547966718065362,0.0409603709301045,0.2855407993747418,0.44624606642230646,-0.006121694468264522,0.13433311575578563,-0.001433350201315452,0.19388446592450692,0.0009457406747256992,0.2861672411958622,-0.0007892314893345666,0.44016388314903004,0.00031968845114486614,0.6614289311079893,-0.0001964111549259396,1.364505794256775,-0.001129715461700966,-0.00022995520954309935,0.03407520825293852,0.05835319250654817,0.25
3.125,1527783405,-0.16510291019785273,0.1,0.06396605788606728,0.04686322944939058,0.05215614085256689,0.049902977204195974,0.00039944415712950916,0.002090862976712994,0.05718531717757066,0.13433311575578563,0.058699757668498866,0.08231146441963005,0.045791985470091695,2.7764451051977987,0.06722351386760489,-0.4416991313325207,-0.0684143392687048,0.04076750070955681,12.706204736432095,0.04007017706701547,-0.22709095903464294,-0.07986202135055367,0.06172455897744982,-0.34670831967146054,-0.10374335686412402,-0.006874445946382226,0.13433311575578563,0.001461760902653408,0.19388446592450692,-0.00012908179819158926,0.2861672411958622,-0.00014480500205194403,0.44016388314903004,-0.0003912339829864379,0.6614289311079893,5.022577650856578e-05,1.364505794256775,-0.0008463607905326697,-0.00030544491697866453,0.039366531843289934,0.06961814554256962,0.25
3.125,230719439,0.10345623140346077,0.1,0.07280920170646486,0.04472897209037317,0.046928453907788006,0.029291445599231,0.00032931119936669816,0.000528677585926011,0.031068646859384395,0.32612014812863077,0.04397007137015158,0.08231146441963005,0.02302619282094918,2.7764451051977987,0.06051059814544329,-0.0446503740078434,0.29135833405917066,0.030387589677259557,12.706204736432095,0.021363992123194113,0.059673561037912,0.13690431205695502,0.0969417589664956,-0.10384096244378754,0.3191918774280816,-0.008078227958028355,0.13433311575578563,0.0019278537386454438,0.19388446592450692,-0.0006880544040243846,0.2861672411958622,0.0005389614842154027,0.44016388314903004,2.1531273625111268e-05,0.6614289311079893,-0.0008692892079464655,1.364505794256775,0.001831977103077325,-0.0011041403480221762,0.07397157249418625,0.12016618007340134,0.25
3.125,1240043894,0.03157554850462887,0.1,0.053965532965632064,0.06385869465013162,0.06491259932590113,0.08159188917044649,0.0001176791318270743,0.006539557246575348,0.08425876847414268,0.19388446592450692,0.06419493950054835,0.08231146441963005,0.08098430527605469,2.7764451051977987,0.11664841682209927,-0.20135601993737612,0.44637983189220404,0.07256627244005884,12.706204736432095,0.07718908369296802,-0.091493336986918,0.15464443399617575,0.07975753985525168,-0.07090280941988669,0.26130764226403047,-0.005580080010039987,0.13433311575578563,-0.0017123662199463006,0.19388446592450692,0.0003146703169146442,0.2861672411958622,-0.000117187168814469,0.44016388314903004,-0.0003925182837295408,0.6614289311079893,0.00023571607726877855,1.364505794256775,0.0002938698302437583,-0.0005991945065473021,0.054997994286785735,0.0806720298727353,0.25
3.125,1638032183,-0.13543711613191506,0.1,0.06469973669154219,0.04831989920636317,0.07469000960435382,0.053199160715655607,0.001904135789917541,0.0009260149109326137,0.058941953532687906,0.32612014812863077,0.057407814654438914,0.08231146441963005,0.030474436083475435,2.7764451051977987,0.19011597727258708,-0.5403504566058374,0.5153426924309034,0.06527734453861497,12.706204736432095,0.026777375051122494,-0.18697651216421823,-0.07956623777623643,0.1280197738689436,-0.1886823932726297,0.339858846842997,-0.006159641441083484,0.13433311575578563,-0.00040807757504370494,0.19388446592450692,-0.000771604885278704,0.2861672411958622,0.0004417988644318848,0.44016388314903004,-0.0006228499883363179,0.6614289311079893,0.0001246700181889246,1.364505794256775,0.0018377319805702073,-0.0010380237233470716,0.0722945906494815,0.1103884364767681,0.25
3.125,1846430023,0.24645443518581134,0.1,0.07143962822339764,0.07907092847304781,0.07644897438895847,0.05460131143440157,0.0007771512937489256,0.0022041519166075864,0.05983388937578736,0.32612014812863077,0.07509379247089762,0.08231146441963005,0.047016191869072674,2.7764451051977987,0.08566406447469042,-0.019388613338101823,0.4562945316661039,0.06215594920252195,12.706204736432095,0.04181387590207162,0.17525583657887517,0.3176530337927475,0.18414728284817986,-0.3353978568129751,0.3510187663221014,-0.007474454188475246,0.13433311575578563,0.0012417800614326748,0.19388446592450692,-0.0011726433083166807,0.2861672411958622,7.270980981830683e-05,0.44016388314903004,0.00011586845851235875,0.6614289311079893,-0.00029123938696396526,1.364505794256775,0.0010466974900256627,-0.0008442532766864938,0.06462762314896885,0.11077893325908264,0.25
3.125,1511058918,-0.017838929272952164,0.1,0.06905689983415499,0.037245261239159444,0.049248632443879184,0.05075070078573074,0.0010093402997415517,0.0015662933305012193,0.051635827334780074,0.32612014812863077,0.041584654537051,0.08231146441963005,0.03963357402301651,2.7764451051977987,0.13837977999454457,-0.46220630106268445,0.30620142458571864,0.051848154305018136,12.706204736432095,0.03613987002844886,-0.08052090384921057,0.04484304530330624,0.09901028475472282,-0.2573179665920474,0.17660425987394415,-0.0069127744482987506,0.13433311575578563,0.001547564579667538,0.19388446592450692,-0.0001361796041904376,0.2861672411958622,-0.0006018588670259331,0.44016388314903004,-6.52693858383483e-06,0.6614289311079893,-0.00010995354870864433,1.364505794256775,3.475267651096792e-05,-0.000553399056914973,0.0530311665147016,0.074657849560189,0.25
3.125,1159515470,0.14763127565961454,0.1,0.06496520528954351,0.039644567299214145,0.06567841298758213,0.07258012861218653,0.0024551303606827808,0.002812744708678756,0.07571648794662332,0.32612014812863077,0.049525345738643374,0.08231146441963005,0.053111901007646456,2.7764451051977987,0.04988827320477965,0.06992253364828369,0.3469466375406456,0.07606916218668411,12.706204736432095,0.04740603065206121,0.07158725252973028,0.22488985797315597,0.07831672958671823,0.049146037811799416,0.3600493684647852,-0.006164059876366581,0.13433311575578563,0.0012248682570033325,0.19388446592450692,-0.0012164814455174382,0.2861672411958622,0.0006186622808786253,0.44016388314903004,1.326829426475189e-05,0.6614289311079893,-0.0006584180394452333,1.364505794256775,-0.0013577589776443259,-0.00021217015980155236,0.032465629569667497,0.05326008121078998,0.25
3.125,1562298823,0.4945291707539518,0.1,0.06519229579683863,0.04918683414805857,0.05102454973364444,0.0557014056112127,-0.00045093147889803593,0.003553578065962873,0.05837888692802178,0.13433311575578563,0.059474639318425185,0.08231146441963005,0.059697977543639744,2.7764451051977987,0.1258328848701067,0.02322329055248612,0.7219594850935378,0.057708816564362865,12.706204736432095,0.05049360303886485,0.4026998336714911,0.5862737971719647,0.07051670206441686,0.2962200421513431,0.5575610256755469,-0.00563106303174137,0.13433311575578563,-2.8611563825860093e-05,0.19388446592450692,-0.0003076045721815358,0.2861672411958622,-0.00035676973137973385,0.44016388314903004,2.797518891821102e-05,0.6614289311079893,-0.00034616601431764203,1.364505794256775,-0.00024711716117630563,-0.0005325667328423207,0.05138253559061004,0.0707813734564428,0.25
3.125,520358809,0.32746216273041345,0.1,0.0698933321691904,0.04736917900803623,0.04576836077088719,0.04464144362754343,-0.00020428149991140584,0.0021971399890625435,0.05160829479131337,0.13433311575578563,0.04886888029339029,0.08231146441963005,0.04694134749490973,2.7764451051977987,0.061747224219526435,0.25100928272173306,0.5938848396094433,0.04017979508319262,12.706204736432095,0.044691582935616855,0.255477173730722,0.3979476247144102,0.09655641595324267,0.24775879433830142,0.623335586949084,-0.007935471769467734,0.13433311575578563,0.0005541942300176353,0.19388446592450692,-0.001678378506871465,0.2861672411958622,0.0004415410085380555,0.44016388314903004,-4.5131504856206643e-05,0.6614289311079893,-0.00020336558081770272,1.364505794256775,-0.0006857537013559929,-0.0004835025006092773,0.04932090381270498,0.05864368891944788,0.25
3.125,510789080,-0.3603344535574452,0.1,0.07693900195619927,0.07776283889720166,0.1069896698563508,0.1090745442920456,0.004898370518887872,0.006998885693629546,0.10992565586892947,0.32612014812863077,0.08996561404186913,0.08231146441963005,0.08378015091275341,2.7764451051977987,0.18689885638948558,-0.8103488943952128,0.22747993558409446,0.10841913010540971,12.706204736432095,0.07142969447436932,-0.4621694507356912,-0.22511779371118495,0.09571977335813092,-0.5397275154446097,-0.19026764151395686,-0.005864437218615799,0.13433311575578563,0.00105832486806793,0.19388446592450692,-0.0008329294882359956,0.2861672411958622,0.00023966619675984055,0.44016388314903004,-0.0004360125178433526,0.6614289311079893,-0.00014281698759977416,1.364505794256775,-0.0007647524912084344,-0.0003745815757578211,0.04305329779967836,0.06872768527847453,0.25
3.125,2033164648,0.17423857298027065,0.1,0.06937379800922434,0.06527719151468697,0.08473660110566712,0.08089620059640615,0.001871027305213266,0.004673167965720716,0.09135767516308671,0.13433311575578563,0.08493094549675452,0.08231146441963005,0.068459288862196,2.7764451051977987,0.2018153855727001,-0.3637865317607729,0.7568721470930864,0.06010390941129459,12.706204736432095,0.059223354693132266,0.06262910448886844,0.28584804147167286,0.13941735576767836,-0.1403814311874253,0.45044840213835263,-0.006236846071279916,0.13433311575578563,-0.003233351768365944,0.19388446592450692,0.0006086871865588295,0.2861672411958622,-0.0007486402192000717,0.44016388314903004,-0.00048578877773546074,0.6614289311079893,0.0003990052229178315,1.364505794256775,0.006324272607419549,-0.002291672414017779,0.1071502143422584,0.14713482364865982,0.25
3.125,597457331,-0.2911427974061512,0.1,0.05917332275896847,0.029242962618791092,0.045566555988234905,0.05067038417509407,0.0010023109349702052,0.0015651768974814185,0.05100275405404815,0.32612014812863077,0.03655136851375702,0.08231146441963005,0.03961944636328351,2.7764451051977987,0.11132814372963577,-0.7082844876970387,-0.09009152823923017,0.0497514328652033,12.706204736432095,0.031040470492574045,-0.34463445978967877,-0.23060893377887393,0.07258944246882693,-0.5573008134465455,-0.2266880560147519,-0.0036056928172388154,0.13433311575578563,-0.0034736734995774285,0.19388446592450692,-0.00032916280801532216,0.2861672411958622,0.0006549925940739345,0.44016388314903004,-0.0001801818175156516,0.6614289311079893,-0.0003222878034525658,1.364505794256775,-0.0008762374513673648,-0.0002922335470699252,0.03825075574727891,0.051149865596816516,0.25
3.125,1107569203,0.142315236609223,0.1,0.06120388302525501,0.06292846317077473,0.08458173326882665,0.09967902976078467,0.0027921225823031052,0.007143786391748291,0.10143775172749975,0.32612014812863077,0.07023818676887769,0.08231146441963005,0.08464297474231003,2.7764451051977987,0.12249103956861519,-0.1251323768497784,0.5550469176319647,0.10428258328364008,12.706204736432095,0.0743659348153048,0.0004500026218818287,0.28418047059656415,0.08842275799635897,0.06154358542500341,0.3822801833624387,-0.006297148828782659,0.13433311575578563,-0.00013138541036380926,0.19388446592450692,-0.0007396107375551543,0.2861672411958622,0.0005869717315291012,0.44016388314903004,-0.0003582959013088248,0.6614289311079893,-0.0001445587086452215,1.364505794256775,-0.0008124831791478086,-0.00032790241612225577,0.040327644878755974,0.05722612520294309,0.25
3.125,876685764,-0.07033849485809379,0.1,0.03921798340078818,0.025330104255876777,0.030090979075792192,0.028253156089858976,0.00017637788869982588,0.0006218629403381094,0.02823817786184052,0.2431366342882323,0.02463363476999994,0.08231146441963005,0.024973190266227314,2.7764451051977987,0.19307315085310953,-0.34712248004582436,0.72499152921664,0.026753625069550344,12.706204736432095,0.023026902991939182,-0.1060923415710896,-0.03172682506207518,0.06511764963516084,-0.10714866900567498,0.1653632936217599,-0.006646216079972587,0.13433311575578563,-8.40996787410609e-05,0.19388446592450692,-0.0005472965399160979,0.2861672411958622,7.50068230557465e-05,0.44016388314903004,-0.0002146219803519573,0.6614289311079893,0.00018567220084089573,1.364505794256775,-0.0003974688893504418,-0.0003816440879244953,0.04349434578351127,0.061871614879556475,0.25
3.125,1824445488,-0.4351063163363825,0.1,0.07243761312977333,0.09664648247554154,0.10936442717073203,0.13302519410755292,0.003207049881555726,0.01448865238579641,0.1353190152012011,0.19388446592450692,0.10299146218644416,0.08231146441963005,0.12054263604084012,2.7764451051977987,0.16295047690461864,-1.0546141122444443,-0.14976800426149367,0.12013563001809151,12.706204736432095,0.10608354844503762,-0.591831796053785,-0.25389169059407196,0.13051338931758766,-0.6965883876094859,-0.18722348106919812,-0.005377835051073476,0.13433311575578563,-0.004343215469496942,0.19388446592450692,0.0009368125013761331,0.2861672411958622,-7.170709736819183e-05,0.44016388314903004,-6.823005798532936e-05,0.6614289311079893,-0.00018032343600701717,1.364505794256775,-0.001627432032029668,-0.00019443373154087162,0.03131574990587698,0.043177495588889905,0.25
3.125,836881735,-0.1619062348675978,0.1,0.06424103305828108,0.04400951568393579,0.05718060719436528,0.05529294282062479,0.0017326090190458237,0.0013247005067190585,0.05732589493261419,0.32612014812863077,0.04737438083315215,0.08231146441963005,0.036448993414089324,2.7764451051977987,0.2359287062451841,-0.6354497835757468,0.6746364196844347,0.05671790305020952,12.706204736432095,0.03244129658326606,-0.21829113097387973,-0.10494086966309345,0.12577512961987208,-0.3641125457782819,0.06645296453376769,-0.0052151110411586795,0.13433311575578563,-0.001526961512786944,0.19388446592450692,0.000512234703553216,0.2861672411958622,-0.000879019205067657,0.44016388314903004,1.2095399042392767e-05,0.6614289311079893,0.0001880991261847267,1.364505794256775,0.000430446909700271,-0.0006079351962669302,0.05497616675990906,0.07926934951035014,0.25
3.125,1727659740,-0.13541312039927317,0.1,0.05402945989383464,0.03982081241077365,0.037107437898338896,0.042960937051152635,-0.0001596105925137255,0.002005252704826825,0.04728171837293849,0.13433311575578563,0.048519650821011076,0.08231146441963005,0.0448447124293986,2.7764451051977987,0.10279678443469899,-0.39324215739237184,0.17757710055521475,0.03586983884665864,12.706204736432095,0.04379628305209541,-0.21449626088242346,-0.051990144983276046,0.07750112600917042,-0.3773180472353002,-0.07245311861963354,-0.006607233974014251,0.13433311575578563,0.0009792933225335591,0.19388446592450692,0.0005891978360454812,0.2861672411958622,-0.00021919719165905315,0.44016388314903004,-0.0003362694084504229,0.6614289311079893,-4.005225292130221e-05,1.364505794256775,-0.001473125714320107,-0.00010956212461740615,0.023549599364778073,0.03606234761526568,0.25
3.125,405329716,0.052212822364594826,0.1,0.06839393426357103,0.024893014868706712,0.03727905380127941,0.03095043180876515,0.0005810743000782272,0.0003768549290707944,0.031011411148970682,0.2431366342882323,0.03153375941352444,0.08231146441963005,0.01944078458206805,2.7764451051977987,0.14008140424758075,-0.3158236663740296,0.4620329919308298,0.02744405085905902,12.706204736432095,0.018832916380294107,0.020431127198563735,0.08870633559379436,0.09140706971047936,-0.1847712893749096,0.21758587364332732,-0.006890276458981827,0.13433311575578563,-0.0011364371159593278,0.19388446592450692,-0.0005478272856155964,0.2861672411958622,-0.000440409454413098,0.44016388314903004,6.799866145381641e-05,0.6614289311079893,5.367715447656177e-05,1.364505794256775,0.002446271632845945,-0.0012355472581375686,0.07905371072949767,0.1403070039029288,0.25
3.125,16425377,0.0333597673486431,0.1,0.0716362339704569,0.05997305098159027,0.08492772311811285,0.09323066217208553,0.0032931100511486393,0.005398846317896901,0.09404560303238779,0.19388446592450692,0.07754346089120212,0.08231146441963005,0.07358294585005241,2.7764451051977987,0.15424511517043996,-0.3517982556493712,0.5047079343819063,0.09000158665504272,12.706204736432095,0.06622332156012918,-0.10060657813550283,0.13705100890109118,0.06050691401447755,-0.10082026530139397,0.13988989734847593,-0.006107859118939086,0.13433311575578563,-0.001734515040911935,0.19388446592450692,0.0006232951645655471,0.2861672411958622,-0.0005925606494957801,0.44016388314903004,0.0002738325906490191,0.6614289311079893,-0.00028476254349805633,1.364505794256775,0.0014457321726809931,-0.0009177927059605312,0.06759023221697305,0.10423305013085866,0.25
3.125,178504369,0.17795456365201065,0.1,0.0795642160954284,0.06529797808188695,0.08653800214300791,0.08697025787084695,0.0031089210433985354,0.004454904710723079,0.09019050709764023,0.32612014812863077,0.07710352834724733,0.08231146441963005,0.06684145538409451,2.7764451051977987,0.07399464427411365,-0.059182325707177325,0.35170181010425294,0.09547858734241255,12.706204736432095,0.05988036860430195,0.05986622728729954,0.29680847289919327,0.07629090186262241,0.01815879295339438,0.3056146307810715,-0.007251466250480949,0.13433311575578563,0.0006941372577101446,0.19388446592450692,3.64368274721553e-05,0.2861672411958622,-0.00019463673299345793,0.44016388314903004,0.00023220083345955382,0.6614289311079893,-0.0005794790177453528,1.364505794256775,-0.0010599516003016714,-0.0003213613851034334,0.039981389278140815,0.06127742614712794,0.25
3.125,959324018,0.27378776538071975,0.1,0.06981159560411968,0.04459971636074087,0.06517004825874674,0.06714443974828445,0.001492483182932248,0.003015892606178753,0.06760520949261552,0.19388446592450692,0.05681131326427648,0.08231146441963005,0.05499644587423595,2.7764451051977987,0.2212034897683988,-0.40793513128701697,0.8203835615532673,0.06411070707940707,12.706204736432095,0.0495385823362119,0.18410654946439023,0.3694555060718713,0.12579424134563136,-0.17581430366018022,0.3490080109742019,-0.007250490359294711,0.13433311575578563,-0.0031266862619561543,0.19388446592450692,0.0005425817441186651,0.2861672411958622,-0.0006435571135822779,0.44016388314903004,0.00018316592432192285,0.6614289311079893,0.00013611687401480157,1.364505794256775,-0.00010074976139907607,-0.0005974391988740193,0.054368000814586995,0.07762433263046964,0.25
3.125,1783621058,-0.06338638041679849,0.1,0.0667674002971892,0.08218772696375358,0.1050503240673848,0.09551846784878797,0.003560766972963916,0.0055630107272160246,0.09734500018643898,0.32612014812863077,0.08608960870992009,0.08231146441963005,0.07469329817929864,2.7764451051977987,0.16541694935776463,-0.7567449488713702,0.16179720985086526,0.09770613335983562,12.706204736432095,0.06436162973302516,-0.1702800054116613,0.04350724457806432,0.1709598567151449,-0.5385475592806561,0.01989601053721253,-0.0069371783819092495,0.13433311575578563,2.251161619531569e-06,0.19388446592450692,0.00016444860395005073,0.2861672411958622,-0.0012111691270031287,0.44016388314903004,3.196206542935782e-05,0.6614289311079893,0.0003862113961755017,1.364505794256775,-0.0010165725562136174,-0.0003076652488506729,0.0394828787106817,0.05737464331584445,0.25
3.125,1861044489,0.2649680422517168,0.1,0.05726272234812013,0.04232484497567447,0.05168848123988978,0.03492885515852258,0.0005203751672901704,0.0006996497553948789,0.03638472780354947,0.32612014812863077,0.04577026374010794,0.08231146441963005,0.026489089537289064,2.7764451051977987,0.09339759811804561,0.010923691154909543,0.5295502994190673,0.03720827777619737,12.706204736432095,0.022431638899375116,0.22725265175684567,0.3020259282704011,0.06619175012023613,0.06114105973597473,0.3838860457476571,-0.005162814770762717,0.13433311575578563,-0.0007047711429482058,0.19388446592450692,-0.0010787457197348979,0.2861672411958622,0.000589986928153679,0.44016388314903004,4.956047880750312e-05,0.6614289311079893,-0.0002798219507326773,1.364505794256775,-0.0007684656106922009,-0.0002531560804136062,0.035641818504637594,0.04835923074100461,0.25
3.125,1486077081,-0.08183478648530255,0.1,0.08045372613240573,0.10826034586542761,0.11223733766133652,0.06205777699823822,0.0013787991834664608,0.0024723685024966046,0.06511999022989796,0.13433311575578563,0.1092079337480375,0.08231146441963005,0.049794719360623386,2.7764451051977987,0.05833444384056049,-0.26425209195828747,0.05967267017283259,0.05355814613268009,12.706204736432095,0.04059327773306733,-0.1439216862602436,0.0013560865645303177,0.11166538523773561,-0.22777422533345218,0.22077719754781855,-0.006743834948143999,0.13433311575578563,0.0008830949620217555,0.19388446592450692,-0.0015363548132318074,0.2861672411958622,0.00013035256486646022,0.44016388314903004,-4.688047246711677e-05,0.6614289311079893,-0.00012298812924903203,1.364505794256775,0.00015042394802585292,-0.0006460616355335752,0.056576330667078525,0.09745253133490232,0.25
3.125,1690563017,0.18141908434689283,0.1,0.06846497260025428,0.10729553162621394,0.1278911180647051,0.14418466749751274,0.004248687341429811,0.016540530999938494,0.14754837757645337,0.32612014812863077,0.1127180222663408,0.08231146441963005,0.12879571422539063,2.7764451051977987,0.13632989161039294,-0.4460744214419982,0.3109504990656456,0.14979651918968434,12.706204736432095,0.11581319386301628,-0.009377204181120743,0.36593779451303593,0.18931500401147447,-0.36560010536802506,0.2858402631241574,-0.0059342425398481065,0.13433311575578563,0.0008603346069604935,0.19388446592450692,-0.00040876697546056917,0.2861672411958622,0.00045982921917330925,0.44016388314903004,-0.0002625732402320047,0.6614289311079893,-0.0005078305923136989,1.364505794256775,-0.0016118777276572305,-0.00015896903466463614,0.02816655215251421,0.03662999369056942,0.25
3.125,1018379370,0.3107848841050892,0.1,0.060457850544379736,0.03192019100240173,0.039438400173911405,0.031423925960012346,0.00035888705237833974,0.0006285760703619982,0.03175890547193942,0.32612014812863077,0.03833645833139465,0.08231146441963005,0.025107623627236706,2.7764451051977987,0.09806633237697808,0.056369887838325916,0.6009214648638483,0.031495407358341936,12.706204736432095,0.0235159084847333,0.26589525515313533,0.34717072663933624,0.06488724140837927,0.14353781340747174,0.4082744909482765,-0.005233037478608236,0.13433311575578563,0.0009070816894527803,0.19388446592450692,0.0004298778104343654,0.2861672411958622,-0.0004316892063525507,0.44016388314903004,-4.624419843574204e-06,0.6614289311079893,-0.0006366285491080847,1.364505794256775,-0.00040448041893590835,-0.0004609735019654003,0.04781412827730289,0.061629863872824486,0.25
3.125,1238862870,-0.23867050733877912,0.1,0.0657388233883493,0.04064781422639386,0.04023373772282188,0.0361610170314379,0.0003694258723390409,0.0009381932804089009,0.03906464430230796,0.32612014812863077,0.037617109991968184,0.08231146441963005,0.030674171898875432,2.7764451051977987,0.1047503483581886,-0.37905711042284973,0.20261007351086424,0.041211010221924305,12.706204736432095,0.026801135253700512,-0.28034058175227217,-0.19294068577874054,0.13682183216730903,-0.32694973820088014,0.19388003477922405,-0.00669213089303768,0.13433311575578563,-0.00032224206996933527,0.19388446592450692,-0.00021803665587814345,0.2861672411958622,-0.0004748029564633272,0.44016388314903004,0.0003897091299819592,0.6614289311079893,-0.00016623630948258864,1.364505794256775,-0.0012386803799659992,-0.0001938638341410368,0.03114481805659199,0.03733219932203999,0.25
3.125,1280384647,0.2845972675119071,0.1,0.07235252661912744,0.05548499007203479,0.06734940552493375,0.06113957486619591,0.0010774974414925515,0.002660550173326623,0.06373504535917543,0.19388446592450692,0.061781916677506786,0.08231146441963005,0.05165500580480676,2.7764451051977987,0.20908708185618952,-0.06971778362960313,1.0913198263298147,0.05746861430611433,12.706204736432095,0.047132324069638167,0.19911033543710632,0.3700841995867079,0.13025327274200807,0.19894183270414245,0.7802323997483319,-0.007352067656356761,0.13433311575578563,-0.00218739123487281,0.19388446592450692,-0.00027702749445064796,0.2861672411958622,-7.637753640846137e-05,0.44016388314903004,-0.0001302377718456886,0.6614289311079893,2.0365670184107075e-05,1.364505794256775,-0.0018583615608026905,-0.00024031105904327027,0.034591338587660565,0.051328115758668344,0.25
3.125,1259080393,0.24039039991417516,0.1,0.07766355195551986,0.1367678065844704,0.17898313118028597,0.16292304139891167,0.012281586101043587,0.0142623313176279,0.16706549497043632,0.32612014812863077,0.15030541701597228,0.08231146441963005,0.11959745786751694,2.7764451051977987,0.1429951894870788,-0.21248556902246468,0.5815510188139985,0.15524652914890133,12.706204736432095,0.10574679041034793,0.07375849463570092,0.40798881969186707,0.13129398500082415,-0.037867749793698766,0.44404563357931826,-0.0029428872092745343,0.13433311575578563,0.0004076561917948298,0.19388446592450692,-0.00010107003864897681,0.2861672411958622,0.0006096118769788507,0.44016388314903004,-0.0005322180337562904,0.6614289311079893,-0.0010226886505265685,1.364505794256775,0.0003210605762817368,-0.0006742889055305513,0.05854681031037609,0.09208239565615363,0.25
3.125,1041602295,-0.27325916398601613,0.1,0.0713020753456139,0.0903525750185763,0.09218019002192125,0.07499491176629358,0.0006377935163500697,0.004986443274484089,0.08793844062493605,0.13433311575578563,0.09678291190200711,0.08231146441963005,0.07071672334213806,2.7764451051977987,0.11482954633352105,-0.4357694826154673,0.20186638108410943,0.06058146603638626,12.706204736432095,0.06623856362335168,-0.3871922473560519,-0.17346455534098468,0.09685830346771984,-0.39385686749095994,-0.04967573578663035,-0.006439087722341117,0.13433311575578563,-0.0017838955214394827,0.19388446592450692,0.0003218965293425866,0.2861672411958622,0.0003406900513808257,0.44016388314903004,-0.00027230114960300394,0.6614289311079893,-0.0001204347334538707,1.364505794256775,-0.0008581130365666483,-0.0003251296130194403,0.04036748904605449,0.052995561572691745,0.25
3.125,773466876,0.08047906480299016,0.1,0.06527266518404712,0.029218575595370715,0.03416249387535082,0.01941327355232423,0.0003198380373057782,5.703715271159322e-05,0.020708179226070354,0.32612014812863077,0.03233904511692848,0.08231146441963005,0.007563200379056831,2.7764451051977987,0.029553093609013852,-0.02587981534892042,0.1382252688394773,0.01986789056488846,12.706204736432095,0.007087846211342311,0.06847110869591813,0.09230105867675698,0.07489885727279884,-0.16293242418658807,0.11757665023486182,-0.007199589596780748,0.13433311575578563,0.00021236183742828725,0.19388446592450692,0.00013714015295918517,0.2861672411958622,-0.0002025576250148963,0.44016388314903004,0.00011860170822362334,0.6614289311079893,-0.0003098308627979672,1.364505794256775,0.00027784230963009504,-0.0006062928855782181,0.05475846692243867,0.0822086330322363,0.25
3.125,147680791,0.15594200330171826,0.1,0.05769986512980426,0.02661724873660482,0.028338777844341793,0.015897401785028718,9.315678059830426e-05,0.00015957060291632994,0.017447061443439382,0.32612014812863077,0.026284267243816703,0.08231146441963005,0.012650367173721125,2.7764451051977987,0.04391045448899852,0.013613327517550108,0.2574432603835314,0.019450862511336913,12.706204736432095,0.00920834474957131,0.13903910972602423,0.17407037104105208,0.09741149567053596,-0.1049283632270112,0.21322172026596162,-0.0055087713777280285,0.13433311575578563,-0.00044558035456780464,0.19388446592450692,-0.0003324676384598414,0.2861672411958622,0.00016942186090215436,0.44016388314903004,-0.00010952301774510004,0.6614289311079893,-9.095761544506323e-05,1.364505794256775,-0.0005217285993788922,-0.00031591583509802074,0.04001770387226253,0.0707773229758474,0.25
3.125,2087282552,0.27168342234090864,0.1,0.06743979200175729,0.05041594509002094,0.05923756443369092,0.07621552238251356,0.0007598025823009457,0.00504900326973848,0.07671775085660945,0.32612014812863077,0.0605542673915214,0.08231146441963005,0.07115894718682761,2.7764451051977987,0.09694583960434033,-0.09876028613213908,0.4395693175453842,0.07880007381948509,12.706204736432095,0.06133105681272486,0.15171750480697427,0.38891457801117724,0.07518507654384625,0.06293653819916116,0.341408034225382,-0.003487879063272153,0.13433311575578563,-0.00024525351347600896,0.19388446592450692,0.0015662956454500006,0.2861672411958622,-0.0018639794888551892,0.44016388314903004,3.844493218937735e-05,0.6614289311079893,-0.0002530507697900205,1.364505794256775,-0.0018739128359564876,-0.00011704938710605928,0.024116189083622088,0.030843101207055724,0.25
3.125,1227468925,-0.0025399770261556303,0.1,0.0662494802074838,0.04833749461843919,0.07141902056100152,0.06922927599030605,0.0011870729597592417,0.003605619694382725,0.07109402662434783,0.19388446592450692,0.06124524153624735,0.08231146441963005,0.06013352276851457,2.7764451051977987,0.21935980149267822,-0.8083473444964948,0.4097335497665198,0.06302336907555384,12.706204736432095,0.05483784676045989,-0.08516346270591466,0.08994686569796537,0.1158494888420877,-0.2436822533996659,0.06490962371529169,-0.008022035684885227,0.13433311575578563,-0.0006941685543579665,0.19388446592450692,0.00031716013389736057,0.2861672411958622,0.000475693452979691,0.44016388314903004,5.8735348291171585e-05,0.6614289311079893,-0.0004948214031018153,1.364505794256775,0.0004358045809665177,-0.0006543367951704791,0.057152447100415366,0.06909452819600585,0.25
3.125,1512202715,0.3230372385537958,0.1,0.06528233978160553,0.11582043876015549,0.1092111229089506,0.05907993188790656,-0.0014029043335607068,0.004893342685440385,0.08208609480085655,0.13433311575578563,0.1184455755330608,0.08231146441963005,0.07005344598488965,2.7764451051977987,0.10757324961338395,0.2527808107102818,0.8501232553888836,1e-150,12.706204736432095,0.058852756465914126,0.21430119213497187,0.41650634834038003,0.13841573802639123,0.1639891976959467,0.658293876303844,-0.006207439899539027,0.13433311575578563,-0.0019511861492729852,0.19388446592450692,0.00010433414360445424,0.2861672411958622,-0.0005529114106094533,0.44016388314903004,0.0006201259554006756,0.6614289311079893,-0.00041837810946154596,1.364505794256775,-0.0021167923642299016,-4.2872147741640216e-05,0.014692681632424504,0.023211688999037056,0.25
3.125,502495180,0.14703140055144506,0.1,0.07374100126625924,0.15302412746100502,0.16636429907311986,0.14596045810245303,0.008167752553967414,0.013136702775510534,0.15279102312615694,0.32612014812863077,0.14910857318947524,0.08231146441963005,0.11478096586356427,2.7764451051977987,0.11404788612715776,-0.45998207997946966,0.1733133104123365,0.15935085193940354,12.706204736432095,0.10377559620772245,-0.03385586577923161,0.3131557137959767,0.2705448022271128,-0.5581694547336024,0.27452019069559186,-0.006899090342429805,0.13433311575578563,-0.0009793267128691086,0.19388446592450692,0.000988969409792084,0.2861672411958622,8.52038755870052e-05,0.44016388314903004,-0.0011076787953675027,0.6614289311079893,0.00034542539696412906,1.364505794256775,0.0006085754444720966,-0.0007754731619012568,0.06235953540078098,0.0729220724865175,0.25
3.125,1786998076,-0.1192345948723946,0.1,0.08063962891589459,0.08696503240763825,0.1157896886337809,0.14308920858838117,0.005602523461351392,0.014871998153097867,0.14597910045042595,0.32612014812863077,0.09819740034933745,0.08231146441963005,0.122126904516243,2.7764451051977987,0.10656903047940629,-0.3958464354326618,0.19591969064778342,0.1428696536086566,12.706204736432095,0.11610820730168725,-0.28434478783268247,0.04745737811917053,0.07970389203035301,-0.283927158532284,0.014674813881282125,-0.005690961023384216,0.13433311575578563,-0.003291934759529159,0.19388446592450692,0.0010475159017744636,0.2861672411958622,-0.0009768484106951183,0.44016388314903004,0.00015407670079276822,0.6614289311079893,6.599103704678393e-05,1.364505794256775,-0.00035669626719467284,-0.0005031142092127867,0.049923909388827604,0.08786403978140822,0.25
3.125,793131442,-0.09591413737845972,0.1,0.07683555922057199,0.07810438750754055,0.0865524040623832,0.1299090414449129,0.0016448655894661405,0.015231493459669952,0.13098337760587114,0.13433311575578563,0.08260520292040822,0.08231146441963005,0.12359415486610947,2.7764451051977987,0.16056539323034755,-0.5522218829466196,0.3393801172504969,0.1254702209290437,12.706204736432095,0.12134755064955484,-0.28816108307775606,0.09614800076056502,0.10426532624884279,-0.241841259219954,0.18740601891734146,-0.007116802403065016,0.13433311575578563,-0.0022178239676747583,0.19388446592450692,0.0010623237897832085,0.2861672411958622,-0.0007024502614785702,0.44016388314903004,0.0005013382499721707,0.6614289311079893,-0.00044330876087874825,1.364505794256775,0.00033189425355334635,-0.0006850814938531974,0.05819879578291424,0.09111144974913186,0.25
3.125,365823442,-0.022016291410319275,0.1,0.07197096395574368,0.08563027251899921,0.10055284387682939,0.12805787603680663,0.004335812258455007,0.012063007356603126,0.12794973595641426,0.2431366342882323,0.0889164151332381,0.08231146441963005,0.10999032475501967,2.7764451051977987,0.10939165820254372,-0.2591025737592479,0.34833729417259846,0.1177656310886011,12.706204736432095,0.09748670289770092,-0.19651191248234612,0.14042065370669288,0.09420793365626277,-0.18716843095954253,0.18829719984201496,-0.005977276456475248,0.13433311575578563,-0.0017373265942870382,0.19388446592450692,0.0003184930320070703,0.2861672411958622,-0.0005000755406134866,0.44016388314903004,-0.0002390092791938672,0.6614289311079893,0.00020210993585322338,1.364505794256775,-0.00041342962256966383,-0.00047397869083384446,0.04850912067680517,0.07640676551474758,0.25
3.125,842352018,0.012011410072949723,0.1,0.06083921111489282,0.05165614909865583,0.029882733053186263,1e-150,-0.0015869483409311283,0.0002638320566300476,1e-150,0.13433311575578563,0.03506152441620066,0.08231146441963005,0.016266363362009723,2.7764451051977987,0.14142656464499528,-0.38995581590407513,0.39537037040299927,1e-150,12.706204736432095,0.012808005569656321,-0.013902122759985189,0.035561898386689134,0.05650383532253327,-0.1212392961741236,0.09548683962559301,-0.0073863261977241985,0.13433311575578563,-0.0007282853536844798,0.19388446592450692,-0.0012328539304556046,0.2861672411958622,0.00040752381118864893,0.44016388314903004,-0.00020819013536464852,0.6614289311079893,0.00014175417149657498,1.364505794256775,-0.001243516766762713,-0.00026978583131412467,0.03694398516917948,0.055348162288131525,0.25
3.125,2126104577,0.088640796279408,0.1,0.07055617179901011,0.048871808165194264,0.056952334074928196,0.04857827530681591,0.0010701322346611387,0.001289716597123662,0.0504508404871546,0.32612014812863077,0.05085111835928951,0.08231146441963005,0.03596448389369193,2.7764451051977987,0.2224147953880336,-0.7513025602375751,0.4837423797197766,0.046460485428811475,12.706204736432095,0.03178047954897502,0.03930572025556489,0.13797587230325112,0.1556392426364001,-0.3370559868603711,0.14666755739874043,-0.008296481808131724,0.13433311575578563,0.0003604316910560346,0.19388446592450692,0.0008965628486717887,0.2861672411958622,-0.0004857452859067572,0.44016388314903004,-0.00028133316764473955,0.6614289311079893,4.026537644006662e-05,1.364505794256775,-0.0005127641540964901,-0.00046749688960148056,0.048378386216578285,0.07109080311094809,0.25
3.125,332988153,0.38627042220149777,0.1,0.07266902240655364,0.10426436602848421,0.12566082349042731,0.1479928009456779,0.005194934971458167,0.016706934160288872,0.15194971017607145,0.32612014812863077,0.10855818019664973,0.08231146441963005,0.12944195647922013,2.7764451051977987,0.12016449263200694,0.0835452187631251,0.7508054535365503,0.15858310764759168,12.706204736432095,0.12073213978058915,0.18102254664769293,0.5915182977553026,0.12412170740801715,0.22792094045369993,0.685983796230345,-0.005952170806712346,0.13433311575578563,-0.0013319283609697899,0.19388446592450692,0.0006795328983824924,0.2861672411958622,0.0008425205509847542,0.44016388314903004,-0.00029945452074815716,0.6614289311079893,-0.0008763536498915573,1.364505794256775,-0.001555938942063064,-0.00020924125627469202,0.0324380706891454,0.04713166067743559,0.25
3.125,1964366931,0.12083397916077768,0.1,0.0630352644872171,0.034027603369153676,0.044290897668600865,0.048403715854151035,0.0016773281727664256,0.0006655915357229663,0.0532007202068012,0.32612014812863077,0.03444908529929743,0.08231146441963005,0.025836315733511677,2.7764451051977987,0.11483209344126344,-0.33533974804066785,0.30231025946855644,0.05854860985770357,12.706204736432095,0.022487132842739847,0.08482920767681709,0.15976457718135473,0.06379287780138491,-0.05298802033418216,0.19258458077984433,-0.005159809250890346,0.13433311575578563,-0.0006266357768999655,0.19388446592450692,0.00035010397589673874,0.2861672411958622,0.0008269910105852892,0.44016388314903004,-0.00023437762519264914,0.6614289311079893,-0.0010264446999585068,1.364505794256775,0.004439373087880923,-0.0016755921542571566,0.09192183166033258,0.15281660640209588,0.25
3.125,135534136,0.1811527875125655,0.1,0.07291850326894432,0.0498935907416287,0.05171123837460123,0.053559102948573634,3.478708004674971e-05,0.0028337904286091595,0.053650273982359824,0.2431366342882323,0.0543216853471193,0.08231146441963005,0.05331022954702581,2.7764451051977987,0.20903053990465126,-0.4487808030042786,0.7119428357059656,0.051951203240764264,12.706204736432095,0.04435339575413284,0.08138918257045313,0.2521517828350627,0.11857489782817607,-0.1486665390979059,0.25073439390963775,-0.004862055357149175,0.13433311575578563,-0.0005539849822025098,0.19388446592450692,-0.0020099354695054575,0.2861672411958622,0.00042561025738484416,0.44016388314903004,-0.00028236732233263877,0.6614289311079893,-2.3224340237186823e-05,1.364505794256775,0.00012633970911669993,-0.000626855701588302,0.05605034883279127,0.07061988000445915,0.25
3.125,1159761530,0.054522616452489084,0.1,0.06028407230433211,0.04782587169042464,0.04752324411452008,0.037395470761486485,0.00044441821639016905,0.0009540030170830213,0.04026217832355805,0.19388446592450692,0.04869873126493283,0.08231146441963005,0.030931541365351346,2.7764451051977987,0.0798301579753713,-0.15060125517514034,0.29268684754063296,0.027875570164303448,12.706204736432095,0.028869392761148617,0.008950640396598574,0.10288834856420843,0.0629868120817703,-0.06724447660279326,0.18680422965757346,-0.004390302110935516,0.13433311575578563,-0.0006777848547150174,0.19388446592450692,5.0520140303062073e-05,0.2861672411958622,0.0003902453361570583,0.44016388314903004,-0.0008446880511240619,0.6614289311079893,-2.779137708721338e-06,1.364505794256775,0.000380257483993748,-0.000623660586587818,0.055705528290248676,0.09513583790280257,0.25
3.125,411191511,-0.11370995509474133,0.1,0.06502104571558033,0.0364660896178663,0.040419005954681016,0.04617120692210349,0.00022654180012811461,0.0019052385485155822,0.05372744433073866,0.13433311575578563,0.04531893223635939,0.08231146441963005,0.04371206948096807,2.7764451051977987,0.0528864973610643,-0.21083290871022006,0.08284000474814648,0.039489112301983445,12.706204736432095,0.03883599658534546,-0.1822991295118359,-0.04237908202208386,0.0611518589514077,-0.22717196802598183,-0.04454739330600322,-0.004930520985654964,0.13433311575578563,0.00012941641856777585,0.19388446592450692,0.0012501141316451098,0.2861672411958622,-0.0012062036118235613,0.44016388314903004,0.0005151379957178992,0.6614289311079893,-0.0006387979012190595,1.364505794256775,-7.262125094083721e-05,-0.000470496621656803,0.04861007963352798,0.05973295503395393,0.25
3.125,2075922512,0.33924332618727704,0.1,0.058956218847308534,0.07721977750084089,0.08069611840241307,0.04287468110591585,0.0007826166826510042,0.0010556215972829736,0.04950290092581889,0.13433311575578563,0.0818896260222518,0.08231146441963005,0.03253724829721914,2.7764451051977987,0.06994465970252413,0.07310109268375903,0.4614961088153567,1e-150,12.706204736432095,0.029715123133831983,0.29342470640835566,0.39976239305901917,0.08527258222094615,0.15991540136654123,0.4461730978205174,-0.005311863964256105,0.13433311575578563,0.0006838424877474521,0.19388446592450692,-0.0014487701480997886,0.2861672411958622,-4.858924515457057e-05,0.44016388314903004,-5.037443492632584e-05,0.6614289311079893,2.1301202409522304e-05,1.364505794256775,0.0004784843985118133,-0.0006105456173681562,0.05523835324016232,0.0780024538461715,0.25
3.125,1804810117,0.017663580737049663,0.1,0.0802649440890887,0.08257371840186359,0.12536289232149994,0.1441156873401254,0.00796264806217292,0.012806683275343856,0.14434288849439827,0.19388446592450692,0.10478196686793062,0.08231146441963005,0.11333003490170525,2.7764451051977987,0.18353696513276235,-0.4753787798792516,0.5437818370521826,0.1401298823587308,12.706204736432095,0.10402039098809047,-0.14915688275157107,0.20836739264643578,0.1224494475815525,-0.36512389292586706,0.12655191314760147,-0.004699464102125694,0.13433311575578563,-0.001236321083226991,0.19388446592450692,-0.0007223031759897495,0.2861672411958622,-0.00019277520016266382,0.44016388314903004,-0.0007603154638785636,0.6614289311079893,0.00045789917067904214,1.364505794256775,-0.0018025062903411506,-0.0001749202457011573,0.02966933975779827,0.04237404084950842,0.25
3.125,259027751,-0.11854059744393987,0.1,0.06753048447691652,0.04430704807284221,0.05155611687287407,0.04997202243584836,0.0010874396625313852,0.001409763363797547,0.05717873628006614,0.13433311575578563,0.04999630665785764,0.08231146441963005,0.0376010348845156,2.7764451051977987,0.13418156864594524,-0.6340123738302573,0.11108314511933681,0.038005644822769614,12.706204736432095,0.03733803232257062,-0.19124481447648894,-0.045836380411390806,0.05236155111298591,-0.2447174139267196,-0.03551213072797847,-0.005996648123332135,0.13433311575578563,-0.0015771104830261688,0.19388446592450692,-0.00047708941214082455,0.2861672411958622,0.00024453222025885607,0.44016388314903004,1.4388064670886495e-05,0.6614289311079893,-0.00023550751488176245,1.364505794256775,-0.0005769660967722142,-0.0004078962008418588,0.04520197476464418,0.055145449214850574,0.25
3.125,83289367,0.40474216069504604,0.1,0.07296294234340044,0.08749525041578005,0.09146730552324185,0.06794870715068818,0.002322106131406293,0.0022949206720436896,0.07052348300469745,0.32612014812863077,0.08397969043551012,0.08231146441963005,0.04797450771763081,2.7764451051977987,0.23345017346638924,-0.3876532631200296,0.9086699197366372,0.07114608448961664,12.706204736432095,0.04129107962210946,0.3345921346071921,0.47489218678289996,0.2095422843580126,-0.25748147214695916,0.48764594877521206,-0.0072708134080337545,0.13433311575578563,-0.00025408455791203603,0.19388446592450692,-0.0005905153687976519,0.2861672411958622,0.0002506980582709247,0.44016388314903004,-4.617241669669827e-05,0.6614289311079893,-0.00021304101700096148,1.364505794256775,-0.001090392125414238,-0.00030904411653231225,0.03921442964540681,0.05840203956415245,0.25
3.125,2045635079,-0.3905665637594334,0.1,0.054157623528751433,0.02041046963912226,0.02097372533245764,0.024060187669340333,3.0866276840522565e-05,0.000548026353843354,0.026414450237670774,0.13433311575578563,0.024150167798409464,0.08231146441963005,0.023443767722775132,2.7764451051977987,0.022854944958174785,-0.4562546024511015,-0.3293436023337225,0.02187220458248658,12.706204736432095,0.0207320448014332,-0.42635188403891744,-0.35043598338249166,0.026459781477487013,-0.43966589538780243,-0.3378099713119489,-0.006480884557337175,0.13433311575578563,-0.00019295317639343005,0.19388446592450692,-0.00030184841561894883,0.2861672411958622,0.0001186222862560843,0.44016388314903004,-0.0002685231245375403,0.6614289311079893,-4.1483629116225365e-05,1.364505794256775,0.0004708126774540524,-0.0006600307241554753,0.05730828522268954,0.08552548253470521,0.25
3.125,546672130,0.10487435479579033,0.1,0.0715014816136244,0.0771664162922781,0.12671823963797121,0.12843101837438484,0.010230337235791233,0.006264189244890345,0.13592456169836292,0.32612014812863077,0.08728647137468667,0.08231146441963005,0.07926092251597673,2.7764451051977987,0.10978190459254261,-0.07276302980342961,0.5368438334870838,0.14015753665217098,12.706204736432095,0.0700138724585933,-0.011530651439066664,0.24149609421971588,0.09791657213549182,0.010943502689549772,0.3622414475571327,-0.006418395135073581,0.13433311575578563,2.9428481758731337e-05,0.19388446592450692,0.00019626634842605562,0.2861672411958622,-0.00010852961959862592,0.44016388314903004,-0.00021574697604103074,0.6614289311079893,-0.0002414774687832771,1.364505794256775,0.000677594066894597,-0.0007379438875241993,0.061237839427270055,0.0865266608330048,0.25
3.125,1025635249,0.27625353508749906,0.1,0.06361394172982462,0.12045131681864026,0.11631537837131192,0.11761515772246242,-0.0022718355934306204,0.016105160919510333,0.12807344858543926,0.13433311575578563,0.12233801244878889,0.08231146441963005,0.12708936866382722,2.7764451051977987,0.22764078606190366,-0.6481707991301435,0.61589349327976,0.10806904891518157,12.706204736432095,0.0960421954140552,0.09777230700406059,0.4420410802597729,0.24661234023076237,-0.4303592572042211,0.38583201851620563,-0.007527102945550685,0.13433311575578563,0.0014157722730170966,0.19388446592450692,-0.000778240820445165,0.2861672411958622,0.0007566310580218111,0.44016388314903004,-0.0006712801919761253,0.6614289311079893,-1.603701585438841e-05,1.364505794256775,0.002745585603669239,-0.0012227064038530147,0.07883256792547863,0.12113019741257963,0.25
3.125,1689947755,-0.0038093286531649083,0.1,0.06337672945035774,0.061665718331822585,0.05409515999079224,0.04262695773891254,-0.00017350329379051252,0.0019905608198655484,0.05348549456536849,0.13433311575578563,0.05818781092975806,0.08231146441963005,0.04468012853404651,2.7764451051977987,0.08397185220537987,-0.1731011566021981,0.2931853194578417,0.025516680395207336,12.706204736432095,0.037905092143340056,-0.07414423108215107,0.06652557377582123,0.14045609421007801,-0.07894611766538923,0.4058653087864452,-0.005608346435049833,0.13433311575578563,-0.0003992103748545036,0.19388446592450692,-0.0007880070302136361,0.2861672411958622,-0.00020621091158788349,0.44016388314903004,0.0005950615715932405,0.6614289311079893,-0.0005207661680223597,1.364505794256775,-0.00048761961879000254,-0.00038024750783558116,0.04349424848245421,0.07003476570600824,0.25
3.125,398602496,-0.3869326299772725,0.1,0.07179545673845747,0.061316742046378006,0.06982903686717222,0.05049434799530035,0.0012152674777027124,0.0013344117017677804,0.052481686906061246,0.32612014812863077,0.06856421252132304,0.08231146441963005,0.03658235070340289,2.7764451051977987,0.05389590652179844,-0.5096750332875848,-0.21039698158229408,0.050634079246462675,12.706204736432095,0.03403551560896921,-0.44472363634890294,-0.3253670168552295,0.05860796111061752,-0.4865509501778891,-0.2648146266550056,-0.006114145002733504,0.13433311575578563,0.0013192010479320798,0.19388446592450692,-0.0014777047976462481,0.2861672411958622,-0.0005051341685194258,0.44016388314903004,0.00021248546481801329,0.6614289311079893,9.844031303369769e-05,1.364505794256775,-0.0016022034425717633,-9.585516115066583e-05,0.021900490149704036,0.02470496907398302,0.25
3.125,2012404369,0.07125531429184134,0.1,0.06026056810226888,0.030490492005542956,0.036358409409667086,0.03556685244683917,0.00040819132883234777,0.0008568096641428818,0.03631817352264619,0.32612014812863077,0.03248716069087974,0.08231146441963005,0.029313580345156836,2.7764451051977987,0.07870563250146836,-0.15296578040593833,0.2840779558144589,0.03723071993394972,12.706204736432095,0.026538306692952533,0.031024560229720707,0.11148606835396198,0.06210286351823424,-0.1115957822295706,0.19113150893693598,-0.0066829836684041775,0.13433311575578563,0.0005872052150991388,0.19388446592450692,-0.001868064720009525,0.2861672411958622,0.0005589108027189338,0.44016388314903004,-7.550260041541885e-07,0.6614289311079893,-3.9160697241005605e-05,1.364505794256775,-0.0018547134124700941,-3.103757259794866e-05,0.012496607260532505,0.01951321409719517,0.25
3.125,1877004221,-0.09812982808058886,0.1,0.05254305013617305,0.0483352991686419,0.04334879206551927,1e-150,-0.0002896324761377943,0.00020010911725076914,1e-150,0.13433311575578563,0.04859858016643441,0.08231146441963005,0.014166420412391648,2.7764451051977987,0.04052726204112425,-0.22016134633631326,0.004882090305982689,0.009509532287311762,12.706204736432095,0.012841411106574547,-0.11663868115502105,-0.07355070096124044,0.0557459131996177,-0.1679079667280802,0.02640079872013731,-0.00532018414555942,0.13433311575578563,-0.0010917449752835971,0.19388446592450692,-2.4966610155992484e-05,0.2861672411958622,-0.0005484000671352473,0.44016388314903004,0.00024082456903610401,0.6614289311079893,-6.049321818182883e-05,1.364505794256775,0.0015818853634145707,-0.0008594006953144341,0.06548342254556606,0.10442248501634831,0.25
3.125,2098104473,0.23972980453354378,0.1,0.06385543385114177,0.036075676404100435,0.040500412950363864,0.0407574400925531,0.0003959863182728576,0.0012651826046251977,0.04070987199047324,0.2431366342882323,0.036239440245343944,0.08231146441963005,0.03562076924700521,2.7764451051977987,0.10072732183543708,0.07302450952549772,0.6323522688648631,0.03883832387470804,12.706204736432095,0.03264771924991282,0.1764043146421359,0.30305529442495166,0.10793120920634675,0.0805347104461138,0.585161439070913,-0.005238942519323919,0.13433311575578563,-0.0027288526293757207,0.19388446592450692,-0.0006290172238492753,0.2861672411958622,0.0001905906468222806,0.44016388314903004,-0.00035493875196188865,0.6614289311079893,0.000244656090238798,1.364505794256775,-0.00018635694723265079,-0.0005233693216121771,0.051456459755113024,0.0911190399777335,0.25
3.125,1787226978,0.27295463268705367,0.1,0.06130261319105149,0.04505529668861175,0.07141105268652453,0.06376406220192775,0.002330224996470184,0.0017356306320211266,0.06738202420912036,0.32612014812863077,0.05460739069384762,0.08231146441963005,0.04172106069509833,2.7764451051977987,0.12929586568342322,-0.17875016005199074,0.5392155867461141,0.07077211350668018,12.706204736432095,0.03646990245680481,0.19650882579868206,0.3389784857523502,0.12362123915799084,-0.06933869962888226,0.38302596883648904,-0.006920742375717732,0.13433311575578563,0.00015147972981824817,0.19388446592450692,-1.2768224634740124e-05,0.2861672411958622,-0.00041718111071633777,0.44016388314903004,-4.1135595849072514e-05,0.6614289311079893,0.0001392421834827554,1.364505794256775,-0.0003551385349976171,-0.00040354593236110764,0.044865199643691886,0.061723127325565105,0.25
3.125,1980500543,0.16576898087438205,0.1,0.06033411816288043,0.037294099689284446,0.03862129330386892,0.03608001848933108,0.00041711624679499084,0.0008846514873954818,0.03671804532810986,0.32612014812863077,0.03295613633299485,0.08231146441963005,0.029786041757874224,2.7764451051977987,0.05790254890477601,0.06917711426924578,0.3907036112395288,0.03655597466370054,12.706204736432095,0.025518350211196528,0.12194163972900951,0.21283465193154188,0.06984924624583048,0.11708758180610432,0.3788235794918655,-0.005448458562196357,0.13433311575578563,-0.0004643318276729079,0.19388446592450692,0.0002921262497753877,0.2861672411958622,6.829636189393853e-05,0.44016388314903004,-8.28346669670484e-05,0.6614289311079893,-0.0002655616875440939,1.364505794256775,0.0007196237762474492,-0.0006208516224392812,0.05590721816835509,0.0883980308749611,0.25
3.125,1977925942,-0.07807628688048117,0.1,0.06373450467178951,0.04651569208612192,0.058483763245517156,0.04601629777891952,0.0013443521217526419,0.0007731475395255515,0.04688718627037488,0.19388446592450692,0.052634175183009974,0.08231146441963005,0.027845683148139996,2.7764451051977987,0.0850832300113905,-0.2887293849019037,0.18372845009718347,0.04494029438490833,12.706204736432095,0.024067926257315426,-0.12203052348449724,-0.03966530428900108,0.12017236848555163,-0.2741755806165863,0.23395827011150544,-0.006425584808420328,0.13433311575578563,-0.0020699073030663756,0.19388446592450692,-0.00036444824722608045,0.2861672411958622,-0.00022433334842223153,0.44016388314903004,0.0006017171473356619,0.6614289311079893,-0.0003947901212455863,1.364505794256775,-0.0015203754047917156,-0.00017942980024165817,0.03018335800917164,0.045396425560196,0.25
3.125,673943374,0.07615457220681127,0.1,0.06411288094945432,0.030263788491902976,0.030853061125238727,0.03692486653332782,-8.790774156219817e-05,0.0014513535100662712,0.038298437031644414,0.13433311575578563,0.03371496212600937,0.08231146441963005,0.03815164705999155,2.7764451051977987,0.137833572581695,-0.277039324476174,0.4883353713765713,0.036492384183685334,12.706204736432095,0.030976503897232933,0.020042771907927553,0.13226637250569498,0.07005120510330498,0.02413817679609085,0.27330342575070676,-0.0063919473742002075,0.13433311575578563,-0.0011865732332369625,0.19388446592450692,0.00045185536455481063,0.2861672411958622,-0.00021961670400850327,0.44016388314903004,-0.0003405661648917948,0.6614289311079893,0.0001611033348507308,1.364505794256775,-0.0015817744656557288,-0.00014809417368943153,0.02726501143037486,0.03518776236832425,0.25
3.125,189675162,-0.3240313025919811,0.1,0.03723491951821039,0.028082297995894324,0.022639532739888966,0.03206140488258442,-0.00029112915041257736,0.001319062833457585,0.0364466558966849,0.13433311575578563,0.02886027627820249,0.08231146441963005,0.036371350728086754,2.7764451051977987,0.08078305934128972,-0.4644598777804304,-0.01588041839837606,0.029387263821610752,12.706204736432095,0.029979747635597555,-0.37801134952809085,-0.27005125565587135,0.04804940139394296,-0.35811393871836034,-0.16199415925271657,-0.005202174527467984,0.13433311575578563,-5.116515584511017e-05,0.19388446592450692,0.00017909213934912726,0.2861672411958622,-7.991755052191889e-05,0.44016388314903004,-0.0003091180671371568,0.6614289311079893,-0.0001885167153336955,1.364505794256775,-0.0018538470967346848,-4.893497907570354e-05,0.015646003700255588,0.02046640653950989,0.25
3.125,1496755422,0.1524702969760004,0.1,0.06294512234519013,0.04042181349308945,0.050798482159537174,0.0425990732589387,0.0015003200739586572,0.00031436096856176873,0.04358477111561104,0.19388446592450692,0.044375933854555384,0.08231146441963005,0.017755830768352545,2.7764451051977987,0.10833979388618313,-0.2731670427175286,0.3284319381493345,0.028560796801351204,12.706204736432095,0.016349682188005147,0.11962857800050891,0.18531201595149188,0.1261355573461395,-0.2972862533633325,0.22821936742691987,-0.0055446758863367885,0.13433311575578563,-0.0008501176240943084,0.19388446592450692,0.0005067744902870202,0.2861672411958622,5.0669219619625016e-05,0.44016388314903004,-5.892448116953632e-05,0.6614289311079893,-0.0005206264500736307,1.364505794256775,-0.0007063313512179266,-0.0003638643532218163,0.04291086056318803,0.0610307431532769,0.25
3.125,1999247453,0.30255292105036274,0.1,0.06418409587829124,0.04389397880253134,0.057868808443704844,0.06749653370823061,0.0018698224884099788,0.0026859595742163324,0.0681228671145217,0.19388446592450692,0.06130626525731147,0.08231146441963005,0.05190108344879858,2.7764451051977987,0.35276643612835484,-1.1128756691040822,0.8459976206292033,0.06189573203677565,12.706204736432095,0.047988027883168166,0.21020617274210035,0.3902838877296399,0.08817409755733271,0.16906081576847787,0.441908497815656,-0.0046660605813509,0.13433311575578563,-0.0020348705553728435,0.19388446592450692,-0.00010719481024283915,0.2861672411958622,-0.0005921746309603246,0.44016388314903004,0.0003938038699307616,0.6614289311079893,-0.0004225327723666252,1.364505794256775,0.0003793386020461258,-0.0006829498367551748,0.05813989693731089,0.07938235422968677,0.25
3.125,79335138,-0.1457405038530809,0.1,0.06358087133553697,0.041323820930700916,0.035160235105398646,0.03781779449761083,-0.000358254168280689,0.0017884397489442128,0.043015007490065496,0.13433311575578563,0.03936796358761241,0.08231146441963005,0.04235101710647245,2.7764451051977987,0.14256282545138788,-0.5138628888554688,0.27777282895987915,0.033173483203628826,12.706204736432095,0.038940515439381464,-0.21153415693782546,-0.07994685076833635,0.10246780276349034,-0.24212024257948309,0.1357188326999477,-0.0054229392303511426,0.13433311575578563,1.9940220732698936e-05,0.19388446592450692,-0.0009610862320079768,0.2861672411958622,0.0007483171295292484,0.44016388314903004,-0.0005596443408026678,0.6614289311079893,1.4712446745225878e-06,1.364505794256775,-0.0009064661582114915,-0.000252109083596048,0.03533808938555284,0.05002315761685334,0.25
3.125,2094247634,-0.06320802836779074,0.1,0.07744905343118998,0.0618483093783829,0.09115532423216602,0.08163907674642706,0.004450088587832864,0.0022148502641761458,0.0859686697891335,0.32612014812863077,0.07448875478352815,0.08231146441963005,0.04713015558554519,2.7764451051977987,0.06394705300200962,-0.2274605547415241,0.12763040985698354,0.08028590566238886,12.706204736432095,0.04113569164147092,-0.14700494084250743,0.02112315290784729,0.0851220065138583,-0.24388909195787528,0.11670377970839432,-0.006188026741649245,0.13433311575578563,0.00041274873815715736,0.19388446592450692,-0.0009922512632902234,0.2861672411958622,-0.0002316595006904143,0.44016388314903004,0.00012302878630535537,0.6614289311079893,-0.00023078834545564366,1.364505794256775,-0.0012449179767762637,-0.00027492073107193276,0.037112279200662575,0.04524875407325643,0.25
3.125,1950372138,-0.16091788406456434,0.1,0.070420076620103,0.039347510599681945,0.04768474984650735,0.04356308859281086,-0.00010555709416011313,0.002003299781905201,0.04867770741682221,0.13433311575578563,0.04891628645621195,0.08231146441963005,0.044822869895488976,2.7764451051977987,0.065756309092431,-0.2061770391370188,0.15896052589408838,0.04164543837882662,12.706204736432095,0.041209081131472425,-0.2314899484196264,-0.09034581970950227,0.11324210657825509,-0.3439810501029656,0.12439003255928506,-0.006071301997782095,0.13433311575578563,-0.0007706470705684759,0.19388446592450692,-0.0001721745812143291,0.2861672411958622,0.0003783690204272228,0.44016388314903004,-0.00012059751055874898,0.6614289311079893,-0.0003793397154196467,1.364505794256775,0.0006511568943169852,-0.0007026227792154176,0.05922152370598621,0.07303003535905546,0.25
3.125,312526217,-0.05097644497654279,0.1,0.06678021695319118,0.049965987110575684,0.07877813356424894,0.07047640459993305,0.0037746744370701223,0.0011922491682633423,0.0772171434351662,0.32612014812863077,0.05951840604692185,0.08231146441963005,0.03457882263912457,2.7764451051977987,0.06552200481425807,-0.27892875685955737,0.08490774223902947,0.08480017390687059,12.706204736432095,0.03148122765882588,-0.10333235368986156,-0.0015952970859756319,0.09446548204314971,-0.32531558873828265,0.05941395692721295,-0.007624246925268004,0.13433311575578563,-0.0001959494623354927,0.19388446592450692,-0.00027990777676646265,0.2861672411958622,-0.0002491489559094837,0.44016388314903004,-0.0008006987806926854,0.6614289311079893,0.0007115115736337908,1.364505794256775,-0.002058204174932655,-0.00011175028092606855,0.023598466086831124,0.029870600327709423,0.25
3.125,888494036,0.10715858582953937,0.1,0.06563781524923937,0.05704398673639272,0.07582668529253657,0.06221354507532018,0.0034583999014704543,0.0004121252893684418,0.06468208668732198,0.32612014812863077,0.05971938022015231,0.08231146441963005,0.020330184527483506,2.7764451051977987,0.107124111565283,-0.14311202363170342,0.4517364067764824,0.0681164969119269,12.706204736432095,0.01820248213572176,0.06840557823251164,0.1459115934265671,0.1229431230585686,-0.0055357182509463854,0.46250607564154256,-0.006468143697164265,0.13433311575578563,0.0031909631611805487,0.19388446592450692,-0.0020319086051066365,0.2861672411958622,0.00045425194831193,0.44016388314903004,-0.00033307089236340076,0.6614289311079893,-0.00027666791620076583,1.364505794256775,0.00380730460013161,-0.0015129490955640165,0.08746554618131004,0.1405569735263312,0.25
3.125,129437503,-0.004893622555023992,0.1,0.06546653781904971,0.04356251309083662,0.045732800124342325,0.042729145947466476,0.00019981939388566492,0.001625960519514226,0.04313737497838425,0.32612014812863077,0.04220016914253319,0.08231146441963005,0.04038142923887284,2.7764451051977987,0.10864696299523542,-0.40923410087263823,0.19407055633281736,0.04951779873968601,12.706204736432095,0.03466851076226224,-0.06243819385419021,0.05265094874414222,0.06970338686439657,-0.18571641053632842,0.10513179795612689,-0.004158410010655034,0.13433311575578563,-0.0011844868373600869,0.19388446592450692,0.00025382352328535697,0.2861672411958622,-0.00013026218024141144,0.44016388314903004,-0.0001961879101272699,0.6614289311079893,-0.00016191295670644104,1.364505794256775,-0.0010999822938604843,-0.00019772511410900474,0.031345666566597125,0.05111368658206572,0.25
3.125,2105507260,-0.380255736336655,0.1,0.05887612895364082,0.04268387555319008,0.035091386980341865,0.043363925198779,-0.00032605649468618906,0.0022064865033314895,0.048323602365154456,0.13433311575578563,0.03944087406806663,0.08231146441963005,0.04704108451081707,2.7764451051977987,0.08945474495130203,-0.4807010847906089,0.016031292722911122,0.03721321325441133,12.706204736432095,0.04033581212326683,-0.44500106052668836,-0.30298795616330665,0.07846298567808295,-0.43151335153186243,-0.1579553826905617,-0.004131253440908061,0.13433311575578563,-0.003675808792062231,0.19388446592450692,0.0009757934482450711,0.2861672411958622,0.0005770528242106054,0.44016388314903004,-0.0002472832689697502,0.6614289311079893,-0.0004624573544520801,1.364505794256775,0.00026631570801013076,-0.0005530503511320463,0.05262446223250992,0.05972226301980622,0.25
3.125,569861483,-0.12613135278621265,0.1,0.06761902222813938,0.041784890460561254,0.04680529312850552,0.03413532201402663,0.0004342068667090714,0.0007310133422922194,0.034451274913986585,0.19388446592450692,0.04389179702520091,0.08231146441963005,0.02707630140208893,2.7764451051977987,0.08981934527879515,-0.40001477696745025,0.09874218613531338,0.02399997360474456,12.706204736432095,0.024246475889540427,-0.17837724419356915,-0.08302762266025993,0.1021490542507473,-0.3234332653300464,0.12974596091823873,-0.004549405546248119,0.13433311575578563,-0.0019547394037475927,0.19388446592450692,0.001342484396341717,0.2861672411958622,-0.0009074871298572867,0.44016388314903004,-0.000489003143738463,0.6614289311079893,0.00011046406807134011,1.364505794256775,-0.0020045289815450525,-0.00011189541282909776,0.023565901756233156,0.03947908101721855,0.25
3.125,656770470,-0.20708382951790075,0.1,0.06212775378944123,0.028914177851793826,0.030542731354425832,0.03742807865324,0.00017969628731967654,0.0012211647843534431,0.0374347374169352,0.2431366342882323,0.03230496759434503,0.08231146441963005,0.0349956306178772,2.7764451051977987,0.1923701940883655,-0.626020095768528,0.4421904717566578,0.03583893863795023,12.706204736432095,0.034728965925914006,-0.26714305752540835,-0.1472891283780952,0.07734363934044428,-0.33246088889624154,0.018259769466236843,-0.0060956696586362685,0.13433311575578563,0.0006522394500994798,0.19388446592450692,-0.00016134636826983933,0.2861672411958622,0.0007393213638710418,0.44016388314903004,-0.0002921888417758968,0.6614289311079893,-0.0006732471717693291,1.364505794256775,0.0003681276050302577,-0.0006264277048384914,0.05626613467294893,0.08823920157021413,0.25
3.125,1078872907,0.09533321949979598,0.1,0.06762318954428158,0.05761244330198034,0.06578928072126715,0.04492339209653834,0.0014203330057341516,0.0005977781517251717,0.04963912712691166,0.19388446592450692,0.0592451990625174,0.08231146441963005,0.024484808233772387,2.7764451051977987,0.05627198073743634,-0.07793591848935172,0.2345362124671282,0.030676763499164313,12.706204736432095,0.020813145865419984,0.060401254212341354,0.13513512508992606,0.18705961057946638,-0.5052425372520428,0.15915777115071117,-0.005573636814034532,0.13433311575578563,-0.0025653256060492284,0.19388446592450692,0.0003207371136765856,0.2861672411958622,-0.0007236672405483644,0.44016388314903004,0.0009627949188754268,0.6614289311079893,-0.0007381549556409847,1.364505794256775,-0.001511440378030958,-0.0001949264883589993,0.031311104345308254,0.04646080414865581,0.25
3.125,424063615,0.03945496820486083,0.1,0.06565177991523141,0.0365656622974323,0.03905772459168689,0.04985425160083428,0.00016124872206663404,0.0023241976806126535,0.05401477375551626,0.13433311575578563,0.040611128117902684,0.08231146441963005,0.048279550691257306,2.7764451051977987,0.13081270059354447,-0.29464681869337905,0.43174174582792435,0.045665589649230474,12.706204736432095,0.043288973379574956,-0.0317171098196217,0.11673944855686004,0.07255907323597345,-0.1693402716729118,0.0948740032334426,-0.005729290231333702,0.13433311575578563,0.0023709222523951613,0.19388446592450692,-0.0005341392157873855,0.2861672411958622,-7.694837411300657e-06,0.44016388314903004,-0.000486535188831987,0.6614289311079893,-0.000249261868043548,1.364505794256775,-0.0013222141864619387,-0.00022712866562217015,0.03371190450094045,0.04156040495421449,0.25
3.125,263711996,0.3044526283150093,0.1,0.055901517244858624,0.06689785121418136,0.0678253359101019,0.07177526353955212,1.4775823987803194e-05,0.005136912632184356,0.07831400947738051,0.13433311575578563,0.06968594913317752,0.08231146441963005,0.07177575635606678,2.7764451051977987,0.19430649214682638,-0.47146879056964547,0.6074938274887759,0.05903173654092538,12.706204736432095,0.0602079612696955,0.19896162608528242,0.40848378833458443,0.17852043554184846,-0.26165013805174864,0.36910481101804105,-0.006426397300351842,0.13433311575578563,-0.0017452617830409293,0.19388446592450692,-0.0003757647445561617,0.2861672411958622,0.0004210715236115266,0.44016388314903004,0.00018927887926414944,0.6614289311079893,-0.0003734215204431348,1.364505794256775,0.0013184514258343517,-0.0008376354964811825,0.06447938243787178,0.0880315502867706,0.25
3.125,1241044515,-0.13015487602378623,0.1,0.0760127276142457,0.07227586879096716,0.08939922093926794,0.07770896137984369,0.002501663664707417,0.0035370190140266203,0.08878893506238576,0.13433311575578563,0.09128884799574867,0.08231146441963005,0.05955872406569047,2.7764451051977987,0.08966720517555372,-0.42823676919066456,0.06967537662220122,0.06424817766753167,12.706204736432095,0.049696983728908836,-0.22121533875943022,-0.017767161217507696,0.09700550498673044,-0.3456635847656573,-0.010769989404437455,-0.006447344295349351,0.13433311575578563,0.0010438695938300507,0.19388446592450692,0.0012500078642728746,0.2861672411958622,-0.0004231117782378084,0.44016388314903004,-0.001309651784052701,0.6614289311079893,0.0002204839287589437,1.364505794256775,-0.0009735522477460948,-0.0004518212469640462,0.047459429666864165,0.05397900612269156,0.25
3.125,90891595,-0.05186019493148511,0.1,0.06381387136472379,0.08153541845875723,0.07210020273305828,0.08425450003509745,-0.0013406252445857915,0.008439446020750026,0.0947856767105246,0.13433311575578563,0.08301514238057145,0.08231146441963005,0.09199911675248706,2.7764451051977987,0.15531658656092043,-0.6658342592084,0.1966216938177955,0.07065537650430367,12.706204736432095,0.08596065093641121,-0.18984354313248666,0.08515281188469506,0.18935409040311435,-0.5852573954995267,0.01340568353385087,-0.005042068190595911,0.13433311575578563,-0.0017052032102066903,0.19388446592450692,-5.753159454344982e-05,0.2861672411958622,0.00042765259325436354,0.44016388314903004,-0.0007469356408330222,0.6614289311079893,0.00019672403447138943,1.364505794256775,-0.0005448481099943546,-0.0003890033573311408,0.044235541012440545,0.06716224205669218,0.25
3.125,618586078,0.015454944721877823,0.1,0.06414662716949618,0.09248568939681995,0.07562005094693042,0.08672646836793176,-0.001898079088099829,0.009419559403673696,0.09985689795217682,0.13433311575578563,0.08829656601773432,0.08231146441963005,0.09719456550548448,2.7764451051977987,0.20004510480277193,-0.7610132158672505,0.3498152882296231,0.07366344540617366,12.706204736432095,0.08116898204206707,-0.13625584476384547,0.16716573420760114,0.22997871050952381,-0.687966053403147,0.10025648096794604,-0.005107097668202614,0.13433311575578563,-0.0018626101593067815,0.19388446592450692,-0.0013757255994406247,0.2861672411958622,0.0005585905864722994,0.44016388314903004,0.00013758793460094543,0.6614289311079893,-0.00038770979765856753,1.364505794256775,-0.0007323277387959077,-0.0003854542465617586,0.043820151742224096,0.05833959880652584,0.25
3.125,434905343,-0.07357284093518451,0.1,0.06328631207461612,0.09723214943334908,0.10184329690375901,0.10180432491567869,0.0013835513001350212,0.008980569271402054,0.10244480081051129,0.19388446592450692,0.09595273194840005,0.08231146441963005,0.0949027116257515,2.7764451051977987,0.11870912639143254,-0.6433493268103982,0.015829419013201063,0.09722142689418223,12.706204736432095,0.08058542419891292,-0.19812302274699406,0.06637271948356341,0.16854032983354766,-0.6256544020841586,0.020631927922318948,-0.005270912030920712,0.13433311575578563,-0.0010960570135189654,0.19388446592450692,0.0008456290976589177,0.2861672411958622,-0.0008805438840399287,0.44016388314903004,-0.0004303571047545854,0.6614289311079893,0.00032851087645581354,1.364505794256775,-0.0013753042248883813,-0.0002004917199550832,0.03175838097801492,0.043265396510360925,0.25
3.125,1166760216,-0.07652600761350373,0.1,0.06537969155166828,0.044779639170207115,0.050982089012835186,0.07008284151584424,0.000477416095535375,0.004434188579399564,0.07009337542736016,0.2431366342882323,0.050646209942468885,0.08231146441963005,0.06668586171992126,2.7764451051977987,0.07726662843908591,-0.15569766226555004,0.2733554423841242,0.06955140530165403,12.706204736432095,0.058277142105864835,-0.17459302512547517,0.017525010053988876,0.09160528958408624,-0.12075615823342827,0.1813686570832638,-0.00425580635959096,0.13433311575578563,-0.0010197356109661448,0.19388446592450692,-0.0006838660834023052,0.2861672411958622,-0.0002127806303892929,0.44016388314903004,-0.0001254063006280889,0.6614289311079893,-3.1909591172030026e-05,1.364505794256775,-0.000795317049015741,-0.00032978308283593873,0.040849374611938084,0.05941112022206591,0.25
3.125,103577901,0.3372730729886036,0.1,0.07297101270870114,0.062316287582475684,0.06954588242825224,0.07275461944276572,0.0007668154594123685,0.004526419190849295,0.0734245222622227,0.32612014812863077,0.06338143034433855,0.08231146441963005,0.06737582153294334,2.7764451051977987,0.21241413011497837,-0.4969037944410929,0.6826085492240671,0.07150470688549967,12.706204736432095,0.05517607771125832,0.2564517592341956,0.44848490381820505,0.18057884142693909,-0.19515977791360484,0.4020607378838163,-0.006362959963848779,0.13433311575578563,-0.0013227763753011748,0.19388446592450692,-0.0013506097766089213,0.2861672411958622,0.0002596382486424771,0.44016388314903004,-0.000298410158372527,0.6614289311079893,0.00020316619391480504,1.364505794256775,-0.0018239690245661216,-0.00016903240844049025,0.029202890836885865,0.049165231170578264,0.25
3.125,1520352846,0.205632452750815,0.1,0.06213028882960194,0.07727289611132754,0.06751910487192599,0.05265457467323657,-0.0006649378495882825,0.003437442083607729,0.055554996615700764,0.13433311575578563,0.07532107327803896,0.08231146441963005,0.058714366958331245,2.7764451051977987,0.0963203026121393,-0.22034317733006228,0.3145128881072275,0.0542511031210722,12.706204736432095,0.05443772337981512,0.11653557270108875,0.2945053320163615,0.12742173739991633,-0.11036569414663225,0.27838944397970794,-0.00415454851700097,0.13433311575578563,-0.0020006130901911562,0.19388446592450692,1.4764169185346498e-05,0.2861672411958622,-0.00010100366134144833,0.44016388314903004,-7.044168078325582e-05,0.6614289311079893,-9.297873932499274e-05,1.364505794256775,-0.001166072021285044,-0.00017924184858797966,0.030065591749465513,0.050049867965525574,0.25
3.125,648192650,-0.024080414718772928,0.1,0.05161322751111,0.057931137100532236,0.03491696767694579,0.04861778529841141,-0.002199827808281995,0.004563516855604423,0.054077866537456075,0.13433311575578563,0.05041364467600018,0.08231146441963005,0.06765135778887532,2.7764451051977987,0.13574840370410035,-0.22142091294235494,0.5323750690629734,0.0444093693758831,12.706204736432095,0.06337544936165715,-0.12475193964878034,0.07797666828973356,0.0932208252901965,-0.168041377265976,0.15610685584759088,-0.005429286454379657,0.13433311575578563,-0.0010957894976385617,0.19388446592450692,-0.0001914393576720546,0.2861672411958622,6.699038663802137e-05,0.44016388314903004,-0.0009169888548973033,0.6614289311079893,0.00030343533357920333,1.364505794256775,-0.0009384590025188522,-0.0004085836129710093,0.04512282846509188,0.07204513576439635,0.25
3.125,310555994,0.27963023471707715,0.1,0.08005221002972455,0.06697238044614895,0.07701797108033753,0.10305482482560299,0.001420054422899308,0.009200242496936411,0.10300432933327797,0.2431366342882323,0.0705272372663754,0.08231146441963005,0.09605640422777821,2.7764451051977987,0.10742533447374661,-0.05197492201928758,0.5445461661284526,0.09833086492512122,12.706204736432095,0.09161814052861379,0.11924990025025739,0.4225319626526785,0.08403901647974456,0.11088088863608027,0.4248361167299928,-0.005390103892718126,0.13433311575578563,-0.0016073443556115488,0.19388446592450692,0.00016881391146262065,0.2861672411958622,-0.0001473724074092454,0.44016388314903004,-0.00023868532165673056,0.6614289311079893,-0.00021585876956461665,1.364505794256775,0.00043631935340054863,-0.0007293275323877172,0.06035085691774812,0.08673561290206648,0.25
3.125,662827439,0.1317539228016348,0.1,0.07087145238366964,0.04360883142324356,0.048878429085076225,0.04188646625668859,0.0008566856867697817,0.0008977903687029301,0.04239873688463245,0.32612014812863077,0.043972798704526,0.08231146441963005,0.030006418289337235,2.7764451051977987,0.17771458242914148,-0.48066043434106726,0.506169130674254,0.043011623928419604,12.706204736432095,0.026635342125340602,0.08761625032512403,0.173646375443676,0.11397921733088791,-0.21077148034524662,0.19375925723936463,-0.00794526271999463,0.13433311575578563,0.0012023305783812079,0.19388446592450692,-0.0007465051157329169,0.2861672411958622,-0.000787595504525085,0.44016388314903004,-0.0001121983010730209,0.6614289311079893,0.0003253719549397724,1.364505794256775,-0.0019064919996047165,-0.0001578857247539555,0.027965538933879805,0.04408622468531447,0.25
3.125,338851300,-0.3792415699810661,0.1,0.05798706169082724,0.057022333244670306,0.05524083985236939,0.07672050919618612,0.00011050873263527107,0.005775527798686808,0.07767667598378133,0.13433311575578563,0.06213494215999039,0.08231146441963005,0.07610663621236728,2.7764451051977987,0.15957820954454263,-0.5808897990983122,0.30523047847403595,0.07282990567748868,12.706204736432095,0.07219312623688989,-0.4969758525313539,-0.26233106321650357,0.07046830328000821,-0.4475634165133752,-0.1893899335931598,-0.004408432939672864,0.13433311575578563,-0.0017519038131811548,0.19388446592450692,-0.0011692307042534694,0.2861672411958622,-1.1859741767147948e-05,0.44016388314903004,0.00012248072490309616,0.6614289311079893,2.5174939833935374e-05,1.364505794256775,-0.0003984365085994896,-0.00038648461212681834,0.04390166041627018,0.04881086987898997,0.25
3.125,726576074,0.12797496716212697,0.1,0.08073549800872051,0.08481363302957928,0.07043201419686763,0.08421141682266624,-0.0022032806686901477,0.009294843391970982,0.0914021888742379,0.13433311575578563,0.0752431525159664,0.08231146441963005,0.09654898808996566,2.7764451051977987,0.34868560183278663,-0.841504510494093,1.094708354429085,0.07595002570255412,12.706204736432095,0.09160175869589694,-0.02129784784958208,0.27724778217383605,0.14263761544291353,-0.15484350852072165,0.48115862669935644,-0.006560041993501618,0.13433311575578563,-0.001563016578462845,0.19388446592450692,0.0007841654075384398,0.2861672411958622,-0.0011814958086278293,0.44016388314903004,-0.00012067167811571217,0.6614289311079893,0.00020040334973495477,1.364505794256775,0.0015062033786785933,-0.001044683237976902,0.0721779912794796,0.11911622634016657,0.25
3.125,234962399,0.07750369810063404,0.1,0.06654784234735907,0.06991871168070905,0.06421783627889024,0.05912715665628185,-0.0007770232078313372,0.004273043862087832,0.07078131622468224,0.13433311575578563,0.0720506585862004,0.08231146441963005,0.06546291850994368,2.7764451051977987,0.18486217812440933,-0.352150594350629,0.6743687848288108,0.04808068288826519,12.706204736432095,0.05990529041770972,-0.023846143316058235,0.1788535395173263,0.13664564500571266,-0.0007019681157802832,0.4846151442317215,-0.008133534038681611,0.13433311575578563,0.0016444258615691209,0.19388446592450692,0.0003215875001466626,0.2861672411958622,0.00012184159822347392,0.44016388314903004,-0.0002603554128629294,0.6614289311079893,-0.0002402461376647329,1.364505794256775,-0.0009123244642997148,-0.00029426127177622103,0.038441332682195,0.04857872450982841,0.25
3.125,1583797687,0.20435178339711427,0.1,0.0716011626426243,0.031217822085415917,0.047534726610201236,0.04060998829570471,0.001385516554561182,0.0002636545948160918,0.045080635878889205,0.32612014812863077,0.035544742501346975,0.08231146441963005,0.016260891805665527,2.7764451051977987,0.08473075289947371,-0.04828044663642375,0.4222201216585122,0.0513367440822545,12.706204736432095,0.013256739525589744,0.17712067164079795,0.23158289515343058,0.07404523817919796,0.04162141275336838,0.3464495318281319,-0.006050558560026226,0.13433311575578563,0.00028394101909985246,0.19388446592450692,-0.0007215601750175802,0.2861672411958622,-0.000713797467922052,0.44016388314903004,1.2326333264856915e-06,0.6614289311079893,-0.00011098222213624802,1.364505794256775,-0.00038879201466806716,-0.0005719785312108797,0.053656158927192714,0.0854128675094704,0.25
3.125,808183163,0.07755512206608113,0.1,0.06324210309086742,0.06844100257509263,0.060093376940647036,0.06995176265768699,-0.00023103265075491864,0.005124281749672291,0.0708937000857514,0.13433311575578563,0.06330470261842411,0.08231146441963005,0.07168745924171545,2.7764451051977987,0.058511510862229325,-0.202879634309859,0.12202836155246988,0.06819627109151688,12.706204736432095,0.059874505983204936,-0.0333250533145977,0.18555594263402467,0.13565689650946283,-0.28598002192020394,0.15021875568298962,-0.007733064175255599,0.13433311575578563,-0.0008502726493103132,0.19388446592450692,0.0011111293835671966,0.2861672411958622,-0.00046394896987989894,0.44016388314903004,-0.00021195814513511144,0.6614289311079893,0.00011750045687765234,1.364505794256775,-0.0010039925691198613,-0.0003127608529193432,0.03950232213093531,0.05971496381619709,0.25
3.125,1227645363,-0.08531921012965224,0.1,0.044640928794503286,0.021091674634599294,0.01209148766446945,0.01818839224531171,-0.00025507589409083084,0.0005858935065601459,0.021121184865271692,0.13433311575578563,0.017492753398624602,0.08231146441963005,0.02424019060143989,2.7764451051977987,0.07383017103438348,-0.2863474733334608,0.12362336063519984,0.016650217100453554,12.706204736432095,0.019795378490537502,-0.11931387673110179,-0.047531875836587655,0.04411760710050542,-0.1740510209243318,-0.01982683619411462,-0.005929678198162096,0.13433311575578563,-0.0015668784160586902,0.19388446592450692,0.0013959614965547078,0.2861672411958622,-0.00031334232364440103,0.44016388314903004,-0.0007545973135465926,0.6614289311079893,0.0002911987024353885,1.364505794256775,-0.0003114395683626515,-0.00046460807424100536,0.04808231931703839,0.07299403010709767,0.25
4.0,30610854,-0.042576833556707425,0.1,0.06740052949852457,0.08797265260323121,0.09084448966568007,0.06592401840869917,0.0002332246259234604,0.004112751577227046,0.06959417715733676,0.13433311575578563,0.09323027020286906,0.08231146441963005,0.06422334577456351,2.7764451051977987,0.0984978059798722,-0.36927322693205,0.1776742756390273,0.0693658761262709,12.706204736432095,0.05608793856655317,-0.14882468355833386,0.06367101644491902,0.09963353650629023,-0.2608709647702047,0.09034043654896515,-0.0036282145083386145,0.13433311575578563,-0.000794114079785673,0.19388446592450692,-0.00019294328766947524,0.2861672411958622,-9.115753288389976e-05,0.44016388314903004,-1.345526526756035e-05,0.6614289311079893,-0.00020094361997494603,1.364505794256775,-0.00011563548654554161,-0.0003769715139230461,0.043450652533376315,0.051221646935879904,0.25
4.0,378261438,0.19534901694316864,0.1,0.07244193108901616,0.1424210245175811,0.14262179056662905,0.14545648243485992,-8.918938515345767e-05,0.021246777667476173,0.15343839817494337,0.13433311575578563,0.14891088255202453,0.08231146441963005,0.1459732322699867,2.7764451051977987,0.1036416525361715,-0.013428915779840234,0.5620818019774885,0.13444871756821672,12.706204736432095,0.11828784475261211,-0.0056635617182950225,0.40361027450756654,0.15395597051667925,0.030260389014775905,0.5404255855279291,-0.0033216896051954108,0.13433311575578563,-0.004840964363557299,0.19388446592450692,0.0006038000712662727,0.2861672411958622,-0.00037548599710060304,0.44016388314903004,-0.0005136944066081121,0.6614289311079893,6.943704782968886e-05,1.364505794256775,-0.002077416779989459,-0.00017935169609564595,0.030064799495361425,0.04916696135741599,0.25
4.0,6261802,0.0701383480603,0.1,0.060928014719458135,0.045300720902656175,0.05906898856246389,0.06545085355976003,0.0011394797893400721,0.0031443344423610813,0.06553995097073545,0.32612014812863077,0.05136541819351436,0.08231146441963005,0.05615533914206031,2.7764451051977987,0.15557033021709987,-0.2533851152384511,0.6104798484520932,0.07220157301252805,12.706204736432095,0.05432653805888376,-0.023200212886618443,0.16347690900721845,0.0528191792774812,-0.036762869550969884,0.16038080634078858,-0.006442468333191442,0.13433311575578563,0.0010208313256646069,0.19388446592450692,-0.0003543168422918229,0.2861672411958622,-0.00015161340177436423,0.44016388314903004,2.053849814502599e-05,0.6614289311079893,-0.00018548177707567665,1.364505794256775,4.371955848564705e-05,-0.0004908939696141858,0.04927218383643711,0.08495108265876934,0.25
4.0,407389098,0.12910674877072134,0.1,0.04275420766596097,0.03974648374059295,0.03519556325032184,0.02218081688683182,-8.867867479210112e-05,0.0005806673125592647,0.024163348813066626,0.13433311575578563,0.03388783959988617,0.08231146441963005,0.024131836684892334,2.7764451051977987,0.018643379357676987,0.07809472085640845,0.18161935958034436,1e-150,12.706204736432095,0.023258931951024915,0.09237258772893593,0.16584090981250676,0.05629086120813327,0.0625099309928812,0.2545730177441078,-0.004269473455169923,0.13433311575578563,-0.0013225166796013118,0.19388446592450692,-0.000294762260448034,0.2861672411958622,1.8092895615289128e-05,0.44016388314903004,-0.0005327347165970904,0.6614289311079893,0.0003208115941655377,1.364505794256775,0.002080178630948305,-0.0009682939425550576,0.06939844248151397,0.10078751191575884,0.25
4.0,1283091082,0.11138821804398703,0.1,0.06131695088944303,0.04290385225097738,0.04319224320024461,0.04660013390173425,1.5615007475675317e-05,0.0021559574721838866,0.05187968071733915,0.13433311575578563,0.04643302764405441,0.08231146441963005,0.04649933938395206,2.7764451051977987,0.06221879844100505,0.029950229323194272,0.37544438608882813,0.03672485158836079,12.706204736432095,0.04374896924722922,0.03707606232731081,0.18062745883789633,0.08459146558965122,-0.05084715426686979,0.29545793834119644,-0.0054167256285390765,0.13433311575578563,0.0012664177149332555,0.19388446592450692,-0.000759274761490782,0.2861672411958622,0.0001573044007930461,0.44016388314903004,-0.0004107582132570475,0.6614289311079893,-0.00010748594147039953,1.364505794256775,-0.0016803321266071819,-8.972147547890215e-05,0.02113513426724844,0.0323500732637135,0.25
4.0,649275225,-0.16693751304448057,0.1,0.05262454739027631,0.041639447691190094,0.03479781489905053,0.03834281500007962,-0.0006395375863923695,0.0021097090485227,0.04638095579279554,0.13433311575578563,0.043673188531290805,0.08231146441963005,0.04599789640318817,2.7764451051977987,0.13041408581546438,-0.44500196312322016,0.2791731372991634,0.03571292700231089,12.706204736432095,0.042840996259649905,-0.24381967663842638,-0.08441966623483549,0.059192423104070836,-0.24193560983151943,-0.019379985435582253,-0.0060416350872536375,0.13433311575578563,-0.0022363717012831128,0.19388446592450692,0.00124404574619089,0.2861672411958622,-0.0011553841348819515,0.44016388314903004,0.00025764937824155986,0.6614289311079893,1.2157324554404984e-05,1.364505794256775,0.0004873624997442111,-0.0006737003602178194,0.05827337099115346,0.08051518645949773,0.25
4.0,1973427015,0.22850840726737265,0.1,0.07745767388301678,0.07157852810724168,0.10295710198198965,0.11039177165857104,0.0057157988363195225,0.006470544413598565,0.11385129727034297,0.32612014812863077,0.08611716130812293,0.08231146441963005,0.08055585272972778,2.7764451051977987,0.16105389970479525,-0.13928697495644926,0.7550276480603427,0.11491836950151264,12.706204736432095,0.07452403906399173,0.08480388014395648,0.33923000739009124,0.11428834337083221,0.034060484383679375,0.5318098251117513,-0.005413777891993922,0.13433311575578563,0.0003328895368775668,0.19388446592450692,-0.0004723472166821602,0.2861672411958622,0.0002591825809285385,0.44016388314903004,-0.0003939739447773011,0.6614289311079893,-0.0002472783663976457,1.364505794256775,-0.0018233003816448214,-9.800331578676962e-05,0.022184409451792782,0.029454937522315823,0.25
4.0,1723889995,-0.04117550587131265,0.1,0.052073117877882186,0.023270118334192333,0.027803750794630648,0.03559927351808411,3.479271624902641e-05,0.001232515558766338,0.03597194662168314,0.19388446592450692,0.026574351872359313,0.08231146441963005,0.03515789729864678,2.7764451051977987,0.23908036902883628,-0.9444908034757924,0.3830962372021993,0.03509845474199489,12.706204736432095,0.033238346437936744,-0.10359666734200051,0.016217846799960134,0.055704920873581164,-0.16112017829471026,0.003253281771091285,-0.007261969456442254,0.13433311575578563,0.0025125702838492284,0.19388446592450692,-0.0003374954191403174,0.2861672411958622,-0.0006577314119945089,0.44016388314903004,-9.038757727112e-05,0.6614289311079893,-0.00016559379887155768,1.364505794256775,0.0002588466997775129,-0.0006625956208640197,0.057732656695280146,0.08517408474180434,0.25
4.0,41203569,0.02449048752369454,0.1,0.0709442886686441,0.0828259058547825,0.10702403943251972,0.08610708456426411,0.005316240928406568,0.0020981890837507636,0.0914718634181199,0.32612014812863077,0.08562863138071646,0.08231146441963005,0.04587213984599609,2.7764451051977987,0.06405215969298904,-0.17441290527409933,0.18126170523979498,0.09399292012034498,12.706204736432095,0.037465508360890014,-0.04072220822771845,0.08426836110208169,0.11948419260472111,-0.3112004481370486,0.12430691066040953,-0.00558505163722425,0.13433311575578563,-0.0007468893238712974,0.19388446592450692,-0.000441184219496741,0.2861672411958622,-9.43268594153353e-05,0.44016388314903004,0.00019523402809680526,0.6614289311079893,-0.00047704352993281233,1.364505794256775,-0.0005683896149186879,-0.00040473879543798894,0.04521232178431366,0.07318868605268411,0.25
4.0,641093931,-0.326692768470174,0.1,0.05899090992681873,0.040163495035821076,0.034439175290377995,0.0444078120311183,-0.00021506782254734902,0.002187121591938484,0.04679588031133932,0.13433311575578563,0.03461941934461704,0.08231146441963005,0.04683420494263596,2.7764451051977987,0.07417684427851072,-0.5918465796840655,-0.17995070725188467,0.044048197080820986,12.706204736432095,0.04389739755995068,-0.39236355973739556,-0.26276872827858383,0.06968942685800551,-0.5013605306919054,-0.261217020061734,-0.0055405125582068376,0.13433311575578563,-3.229670191906329e-05,0.19388446592450692,-0.0006584461525299401,0.2861672411958622,0.0006272445415257824,0.44016388314903004,-0.0006237904775937199,0.6614289311079893,4.8523129075684436e-05,1.364505794256775,0.0006649057367192604,-0.0006492950249197033,0.056868576233220246,0.08828680368210177,0.25
4.0,10038778,-0.24192852165041953,0.1,0.04218369706976871,0.031855065898099395,0.014713062382052576,1e-150,-0.0008044186249031153,0.0005027780141822525,1e-150,0.13433311575578563,0.02139203607615418,0.08231146441963005,0.022455091401064883,2.7764451051977987,0.14339767156298,-0.5666518740595043,0.22961965255609046,1e-150,12.706204736432095,0.021661864331375562,-0.28111638316931986,-0.2027406601315192,0.0654852213092289,-0.3555013520735419,-0.18941962796317735,-0.00557894917961786,0.13433311575578563,-0.001162882293411851,0.19388446592450692,-2.400321913506775e-05,0.2861672411958622,-0.0004266704329980925,0.44016388314903004,6.460636694397054e-05,0.6614289311079893,-8.731437362589507e-05,1.364505794256775,-0.0005159483858810292,-0.00040764936966595285,0.04542693064616659,0.07209594925967085,0.25
4.0,1405175683,0.24326295422223265,0.1,0.07019804729132373,0.07347047282010377,0.06566346497935449,0.04671117300551028,-0.0007880541707305259,0.002969987854281238,0.0513623754942287,0.19388446592450692,0.07059068982182036,0.08231146441963005,0.05457629186933559,2.7764451051977987,0.06781187960994176,0.041285370268657695,0.4178372927032281,0.0450822654271004,12.706204736432095,0.047564782577368604,0.15038970013276898,0.3356581648488165,0.08499669720782647,0.10445949861387889,0.42249255350861553,-0.007095556580266816,0.13433311575578563,-0.0017807807418246608,0.19388446592450692,0.0012744373514234192,0.2861672411958622,-0.00018829033978886404,0.44016388314903004,-0.000155574962322667,0.6614289311079893,-9.636179623202933e-05,1.364505794256775,-0.0006624563527783106,-0.0003634122120067979,0.042547411656986445,0.05985790093334235,0.25
4.0,973763880,0.2751185834438042,0.1,0.0768162828267774,0.09885054252218284,0.12028550962697405,0.11734071579495478,0.005749438463793999,0.008019405119478353,0.12686324866402163,0.13433311575578563,0.12910067338144918,0.08231146441963005,0.08968044709367774,2.7764451051977987,0.17416462146329276,-0.13196672728370595,0.8351502942370673,0.1071346792830455,12.706204736432095,0.06846026335353478,0.14635743632977158,0.40387973055783677,0.09654084074693846,0.10793424306156768,0.4845679517995034,-0.005308367470933267,0.13433311575578563,-0.0015828719664637888,0.19388446592450692,-3.5810684051462485e-05,0.2861672411958622,-0.0005180741157871582,0.44016388314903004,-1.7185841842460046e-06,0.6614289311079893,-7.34174856676919e-05,1.364505794256775,0.00032175122994114897,-0.0006781754613231211,0.058267892491763146,0.08267534627098769,0.25
4.0,1758552695,0.003566135598257347,0.1,0.04992087374535202,0.025907782612817676,0.01989773135841774,1e-150,-0.00018564086740645655,0.00011495645882526981,1e-150,0.13433311575578563,0.0218531373908302,0.08231146441963005,0.010737257700452238,2.7764451051977987,0.11469952548863485,-0.34679383597247476,0.290120036250386,1e-150,12.706204736432095,0.008714839552291862,-0.012421751865693699,0.019384396448329063,0.0403761538178969,-0.048503419422743874,0.09482442214932046,-0.0068579986010172435,0.13433311575578563,-0.0007334934626750306,0.19388446592450692,-0.0006142313035854966,0.2861672411958622,-0.00020702987240249395,0.44016388314903004,0.0002515245201626343,0.6614289311079893,-0.0004630473532420914,1.364505794256775,0.0025763582694088346,-0.001308071769348418,0.08052398904474879,0.11954968732065954,0.25
4.0,441970500,-0.13082702207209107,0.1,0.06402478065656061,0.035161444194770464,0.03730262869196378,0.04983351638642139,8.163669147177909e-05,0.0024017426639639503,0.050294347389386526,0.19388446592450692,0.03603418107241391,0.08231146441963005,0.04907834671981089,2.7764451051977987,0.12085132595742851,-0.2539756760124283,0.41709846880990376,0.047598173003127374,12.706204736432095,0.039846087752002934,-0.19636424825265336,-0.05866657515749044,0.09756054147699376,-0.36300380555728107,0.04460843679473717,-0.00499179852779115,0.13433311575578563,-0.0006547559676053295,0.19388446592450692,0.0007398170497166122,0.2861672411958622,-0.0004397479804029655,0.44016388314903004,-0.0005691316510668381,0.6614289311079893,0.00023750469109903334,1.364505794256775,-4.6927277548401145e-05,-0.00048198043671298843,0.048865837880548865,0.07869047641536946,0.25
4.0,680914746,-0.1378767165804311,0.1,0.06766902691629911,0.03638015634308465,0.04884132517131397,0.0514906370505139,0.0010026767223617692,0.0016486089815059854,0.05203464260076119,0.2861672411958622,0.04097331167577135,0.08231146441963005,0.040661698775979443,2.7764451051977987,0.09067117258579672,-0.37180298463625944,0.1316840819805009,0.045215398077296194,12.706204736432095,0.03631072315218738,-0.20881510686243054,-0.06693832629843166,0.049056920452541744,-0.2236611231583111,-0.040450862997876764,-0.004248909772160181,0.13433311575578563,-0.0011173860610517567,0.19388446592450692,1.6539759597430378e-05,0.2861672411958622,-0.000356563901915008,0.44016388314903004,-0.0003254077431705678,0.6614289311079893,0.00010985034269575002,1.364505794256775,-0.0002928378195380346,-0.00042972213136396273,0.04646547171855734,0.0501187947338284,0.25
4.0,709053142,-0.2571645208137195,0.1,0.07276319960772437,0.10439350258068102,0.12155919942895199,0.12222387298629432,0.0038284205599159234,0.011110254567853882,0.12410886996964614,0.19388446592450692,0.11091418026085441,0.08231146441963005,0.10555740206252104,2.7764451051977987,0.25142609845405683,-0.7517942024247911,0.6443473183187008,0.11418454851831322,12.706204736432095,0.10248588373335253,-0.43421428580893784,-0.08011475581850117,0.11577570392200742,-0.4105102712226013,0.026537674831256627,-0.005807032179486342,0.13433311575578563,-0.0014517011780233778,0.19388446592450692,-0.0005237825562838266,0.2861672411958622,7.565594820445855e-06,0.44016388314903004,-2.8105093335750078e-06,0.6614289311079893,-0.00011382395363657876,1.364505794256775,-0.0014961046369393084,-0.000199478846046616,0.031603034022431635,0.045877998588813106,0.25
4.0,199085620,-0.15527115433607572,0.1,0.0589258400602142,0.04626332350301985,0.05856424210366384,0.05522284848887813,0.0012338956107932706,0.0018156673844323193,0.05894516978356814,0.32612014812863077,0.046073831175883616,0.08231146441963005,0.042672180375848405,2.7764451051977987,0.05945569777624264,-0.3405640051265151,-0.010413042992578031,0.06263116827196465,12.706204736432095,0.04022508241045699,-0.22926439039422364,-0.08127791827792778,0.09150434408327388,-0.42173893292695075,-0.09790903255886675,-0.0058562244904314855,0.13433311575578563,-0.0008908898249512616,0.19388446592450692,-0.0007956396815056427,0.2861672411958622,0.0004683511125839728,0.44016388314903004,-0.0007182342915977929,0.6614289311079893,0.00016127873589189616,1.364505794256775,-0.0020421839172103163,-0.00012487277915641912,0.024888330045896325,0.03888017257593121,0.25
4.0,1692502914,-0.11833163267212998,0.1,0.0617167141302133,0.06901570556179297,0.0730877846449253,0.06750670064685527,0.0006766673021483659,0.003880487330075763,0.06974425257480267,0.32612014812863077,0.06374121338046755,0.08231146441963005,0.062383512336005566,2.7764451051977987,0.17248088545858345,-0.47785820964028974,0.47990921070304265,0.06934871331286864,12.706204736432095,0.059796901536136315,-0.21378249436721972,-0.02288077097704025,0.08532279798622726,-0.245407669474571,0.062374908759311926,-0.005458014402062863,0.13433311575578563,-0.00047345930137327965,0.19388446592450692,-0.00023879027420065693,0.2861672411958622,1.9671845070980063e-05,0.44016388314903004,0.00020071481219102302,0.6614289311079893,-0.0003575167720479405,1.364505794256775,-0.0003753148576682921,-0.0003431812107260682,0.04172406094244876,0.06222430776629084,0.25
4.0,2035146291,0.0017586021515778316,0.1,0.07867177534813419,0.07623776577918077,0.11455246692218839,0.11380911555607406,0.007382694876010757,0.0055698199076450634,0.11968573363917222,0.32612014812863077,0.09221540754584533,0.08231146441963005,0.07473899686939128,2.7764451051977987,0.09706354516617775,-0.24000416234789954,0.2989790473916598,0.12638971819482303,12.706204736432095,0.06547604134250966,-0.10955882177138652,0.13032043196007795,0.08596553796486368,-0.1865465456535404,0.13732575580328826,-0.007230938082398791,0.13433311575578563,-0.0006252313224283365,0.19388446592450692,-0.0010676446157874776,0.2861672411958622,0.00017738771332386502,0.44016388314903004,-3.538073972971885e-05,0.6614289311079893,-8.356915416617069e-05,1.364505794256775,-0.0017176027144156637,-0.00020070192420998558,0.03174523720170838,0.04682445693991604,0.25
4.0,1627508391,-0.048323739265126425,0.1,0.07596167781921936,0.09880044018414857,0.08717716330332463,0.09960987854502688,-0.0017208895294689094,0.011643017433223917,0.12165687302836162,0.13433311575578563,0.1067837968156522,0.08231146441963005,0.10805863118060627,2.7764451051977987,0.13456698673753592,-0.45196303133038496,0.2952726719669124,0.08766085648853762,12.706204736432095,0.10125907601236551,-0.25459513804519984,0.13341059185212897,0.10167478404261103,-0.21273278593769923,0.1833875476243475,-0.007585683886831434,0.13433311575578563,-0.0018909626313891505,0.19388446592450692,0.0004191413144242715,0.2861672411958622,-0.00015912456479966438,0.44016388314903004,0.0001948234226674561,0.6614289311079893,-0.00017216105473750662,1.364505794256775,0.0008639313507266759,-0.0007915169929778015,0.06277337770778736,0.09393667139489646,0.25
4.0,1133748631,-0.21976864834557655,0.1,0.061612897820982344,0.04986628746690198,0.04375617839352777,0.05045533275574452,-9.289198374054465e-05,0.0026386325872334504,0.05302724740242189,0.13433311575578563,0.04423017919684537,0.08231146441963005,0.051441799083788826,2.7764451051977987,0.16009305350278152,-0.4639458513738276,0.4250332981741065,0.04656545054204712,12.706204736432095,0.04606539891120041,-0.2975008679343296,-0.13885602851894405,0.18149187030625455,-0.2629969246197271,0.37170785659670413,-0.004809928414102483,0.13433311575578563,-0.0010963714151951047,0.19388446592450692,0.0002587516872154099,0.2861672411958622,-0.0006869181376549931,0.44016388314903004,-0.00011458424465029429,0.6614289311079893,0.00018020043037720646,1.364505794256775,0.0007396685085343172,-0.0006631568849977338,0.057477891391302584,0.07891477634411409,0.25
4.0,124110389,0.02022154725223611,0.1,0.06389500542197699,0.0358280470367208,0.04006334691436384,0.042972145773493696,0.00013798810404283242,0.0017086172083355595,0.043977233547903276,0.19388446592450692,0.0437610278159108,0.08231146441963005,0.041395113339132796,2.7764451051977987,0.1666198856497815,-0.5314136191048955,0.39380831277701006,0.04179018595202018,12.706204736432095,0.04127710900682131,-0.05452192597581991,0.09496502048029214,0.0834533337301242,-0.2089577616850757,0.17840965373644802,-0.006634612117711396,0.13433311575578563,-0.0014919194717036854,0.19388446592450692,0.00016835535896851965,0.2861672411958622,0.00028386253179425806,0.44016388314903004,-0.0002810151994347448,0.6614289311079893,5.001661536663942e-05,1.364505794256775,-0.0005053272657459338,-0.0003780379261885646,0.04359176007125329,0.052375947803279345,0.25
4.0,1764643916,0.2933780853246204,0.1,0.07044628103879634,0.07950113550020049,0.08359006852564321,0.1040996719364244,0.0012819137491563307,0.009554827948114856,0.10435431755873757,0.19388446592450692,0.07682995417996842,0.08231146441963005,0.09788995381443126,2.7764451051977987,0.08262946603040398,0.046782690810436206,0.5056150438208821,0.10447601679395796,12.706204736432095,0.08826709889985732,0.14429826846127072,0.4641194743575315,0.07130826446077469,0.15537118694541158,0.43997182832474,-0.005946938365368901,0.13433311575578563,0.0011887497181564343,0.19388446592450692,-0.0005900390019165537,0.2861672411958622,-0.00034918650015148064,0.44016388314903004,-0.00018215278458559925,0.6614289311079893,0.00011396382302325402,1.364505794256775,-0.0016407820604822194,-7.342533210804293e-05,0.01919030426732009,0.024100924539013975,0.25
4.0,743733340,-0.2745741923302814,0.1,0.07551594422800575,0.06968356755850294,0.09105518972635679,0.10193270516389952,0.003988483349054914,0.006401793032975552,0.10201070558628153,0.2431366342882323,0.07947389636761082,0.08231146441963005,0.08012674537867101,2.7764451051977987,0.1439161853111648,-0.6236067805229624,0.1755439960088833,0.09292821217153863,12.706204736432095,0.07106622170572843,-0.3914164471401427,-0.1376662896424799,0.0929044551890317,-0.49007974851258285,-0.11063049633079591,-0.005273649477717313,0.13433311575578563,0.0004288897835432952,0.19388446592450692,-0.0002402171869702845,0.2861672411958622,5.6964184942364136e-05,0.44016388314903004,-0.0008645354210359625,0.6614289311079893,6.826455316855738e-05,1.364505794256775,-0.0006643471885517404,-0.000455245642632185,0.04752737463118831,0.07915026706345335,0.25
4.0,62701156,0.15136123526130163,0.1,0.05275285755008203,0.07164093320327033,0.0460038147769208,1e-150,-0.0035852207100817825,0.0007742187192391251,1e-150,0.13433311575578563,0.06351167561214408,0.08231146441963005,0.02786496627658658,2.7764451051977987,0.09262075419946951,-0.20231809563601552,0.31199478363767563,1e-150,12.706204736432095,0.02382502081091946,0.1042774433912276,0.182099473860374,0.0981958852819235,0.01679415655209698,0.3168682936248311,-0.008497899552039119,0.13433311575578563,0.0014773789663363832,0.19388446592450692,0.000785431307063887,0.2861672411958622,-0.0004983549881086049,0.44016388314903004,1.9946536774482896e-05,0.6614289311079893,-0.00046279962595000365,1.364505794256775,0.0032270454995602877,-0.001424919164254514,0.08466678094433018,0.12632026837279878,0.25
4.0,507382662,0.299669318859504,0.1,0.06793515235242466,0.05877317560885353,0.06141878530753818,0.08805118956076084,0.0007592603795952913,0.0069937516034697484,0.08890086020809244,0.32612014812863077,0.057819737792126735,0.08231146441963005,0.08374941646598542,2.7764451051977987,0.0967515709519775,-0.1342730813756067,0.40297776980402433,0.0894152870037341,12.706204736432095,0.07543155142566119,0.1807831286434895,0.4309562605709082,0.09503136522889696,0.050448250524783564,0.3772954921763794,-0.005138032985228452,0.13433311575578563,0.0012614261206289825,0.19388446592450692,-0.00017817140952466082,0.2861672411958622,-0.0016519830250536591,0.44016388314903004,0.0009769836330017548,0.6614289311079893,-0.0007331047572294931,1.364505794256775,-0.0012094409588866003,-0.00028883607015994746,0.03806170238358429,0.051509190774300155,0.25
4.0,646709742,-0.17114997795159137,0.1,0.06224935023256789,0.03189005441292041,0.023030505221301727,0.024646610185018583,-0.0004059203962623727,0.0010133757898746344,0.02908401282651774,0.13433311575578563,0.030024675249496893,0.08231146441963005,0.03187953295826773,2.7764451051977987,0.1389658318789404,-0.6033731108469443,0.16828889657310434,0.02022455567195296,12.706204736432095,0.02764339867080582,-0.22233828374496656,-0.118212829783738,0.0632137774293572,-0.24279000900533074,-0.01363710600756359,-0.006170843439787567,0.13433311575578563,5.5019862989801395e-05,0.19388446592450692,0.0008165452014532354,0.2861672411958622,-0.0004572066344154015,0.44016388314903004,-0.00033295611957781133,0.6614289311079893,-0.00015088290215262124,1.364505794256775,-0.0017557824051459567,-0.00014463148443419522,0.026757926775352093,0.03494428145681124,0.25
4.0,659336905,-0.20547326226661394,0.1,0.06304078011379964,0.08105973582618153,0.09256799362838702,0.09769970334189923,0.00220760306627874,0.007337628966816376,0.09771911658914463,0.2431366342882323,0.08066539671126688,0.08231146441963005,0.08578365804132912,2.7764451051977987,0.15805003240802362,-0.3714240716049017,0.5062104061063195,0.09553209478806851,12.706204736432095,0.08094708430991993,-0.33649391094180664,-0.07619762988198231,0.18359459500902095,-0.2857806515476443,0.3103359122952339,-0.004642179882668547,0.13433311575578563,8.973319038262148e-05,0.19388446592450692,0.00034491027365768546,0.2861672411958622,-1.589234756348866e-05,0.44016388314903004,-0.0006416149837012436,0.6614289311079893,8.031294507333478e-05,1.364505794256775,-0.0015576216684866316,-7.502665081473431e-05,0.019373865240091357,0.02261392235138639,0.25
4.0,923401960,-0.03527102904301052,0.1,0.06300965864232444,0.03419979664831333,0.04517725858125548,0.04300824229911419,0.0004004425420138036,0.0014492663636455109,0.043792398167533886,0.19388446592450692,0.04091525758926187,0.08231146441963005,0.03812420484094471,2.7764451051977987,0.1500987410116151,-0.3024375773895942,0.5310442521665075,0.04242441748409693,12.706204736432095,0.03160362231947791,-0.09100401966252046,0.02548096925757134,0.04385614431759594,-0.0919549800568651,0.08836690522638925,-0.006787372112685943,0.13433311575578563,-0.0021707705344349085,0.19388446592450692,0.0002546614080793438,0.2861672411958622,6.16327876350839e-05,0.44016388314903004,0.00036433267008123495,0.6614289311079893,-0.00043522895572827274,1.364505794256775,-0.0011225797006018635,-0.0002594794888098121,0.03603421801181032,0.046102971056654965,0.25
4.0,2048422301,0.030435693919170732,0.1,0.06348881119978196,0.06623077157492817,0.05453255647358797,0.08469658685020784,-0.0014026330338044696,0.00857614485787927,0.09145935552697458,0.13433311575578563,0.06568231997972188,0.08231146441963005,0.09274120661125396,2.7764451051977987,0.07848746324838458,-0.2247920900577158,0.2110401762530232,0.07998753278824391,12.706204736432095,0.08312798269992558,-0.1128228669465208,0.16081674938729784,0.05982836898811488,-0.08285420541543172,0.1253711194424348,-0.007273985001892732,0.13433311575578563,0.0012436364589631648,0.19388446592450692,-0.001019085983039504,0.2861672411958622,8.641028735521807e-05,0.44016388314903004,-0.0001630560719692121,0.6614289311079893,0.00010964762382315964,1.364505794256775,-0.0012408367203578662,-0.00019459905822282857,0.031102334218009085,0.0433571316140239,0.25
4.0,966046597,-0.09137364975698332,0.1,0.06857277805030126,0.06851028350204708,0.07139105655939684,0.0681123333040708,0.0002479929790293522,0.004391296969095479,0.07022288123950311,0.13433311575578563,0.07071368376612522,0.08231146441963005,0.06636255404091036,2.7764451051977987,0.07687185835619192,-0.3904025314850941,0.036458458235921115,0.06164405911094087,12.706204736432095,0.052652015522010126,-0.19519788908304164,-0.003547981390826016,0.08721700210185705,-0.29511237175146315,0.03440208199933461,-0.004184283514900232,0.13433311575578563,-0.0012247002020232942,0.19388446592450692,-0.00019141219840094974,0.2861672411958622,-0.0005347332575035038,0.44016388314903004,-0.0004379553331228707,0.6614289311079893,0.00041369706608043353,1.364505794256775,0.00048325943981939655,-0.0006209659569317039,0.05567227846748088,0.06872262474843255,0.25
4.0,816703631,0.23573425025114753,0.1,0.06725977402637118,0.0781386049501679,0.09203730737381291,0.10341008876577303,0.0014989084213207536,0.009194738037224304,0.1037878987599677,0.32612014812863077,0.0846569510917136,0.08231146441963005,0.09602766489202537,2.7764451051977987,0.2054531172902029,-0.6564002631103723,0.484458340585654,0.105559342724964,12.706204736432095,0.08907377296594611,0.07413276426504292,0.36639679646684026,0.21541877079778482,-0.3917459092109009,0.3008242790201143,-0.005044497302566075,0.13433311575578563,-0.002779644626644559,0.19388446592450692,-1.8120552351466448e-05,0.2861672411958622,3.4779076424891176e-05,0.44016388314903004,-0.00045497084604710175,0.6614289311079893,0.0002951569423753904,1.364505794256775,0.00036307306066143334,-0.0006350423265543931,0.056392609974922715,0.07619354624292121,0.25
4.0,1531517994,0.20343819142169375,0.1,0.07420462260567343,0.08884878933228499,0.10349479277422724,0.09228596899405857,0.003962862999538934,0.004553837073633405,0.09266833254932397,0.2431366342882323,0.0942460898849813,0.08231146441963005,0.06757957126572298,2.7764451051977987,0.08001350358815401,0.03242409187036133,0.47673029264447475,0.06704186422672719,12.706204736432095,0.06000119668357065,0.09705358432206111,0.31311566326921164,0.09157432144720586,0.010939477814432703,0.30660914430100145,-0.004738446375778196,0.13433311575578563,-0.002904797575245512,0.19388446592450692,0.0010970565810272791,0.2861672411958622,8.483229988089055e-05,0.44016388314903004,-0.0005416460003868481,0.6614289311079893,-4.94759179306148e-05,1.364505794256775,-0.00011102115378762728,-0.0005128191184438822,0.050577980613546486,0.07405026405655712,0.25
4.0,1545665632,-0.007299291456889165,0.1,0.06544705678017046,0.03877235125709471,0.04446521555851071,0.027380406552583888,0.0005778724346535763,0.0001718142283312025,0.02758901795489587,0.2861672411958622,0.04221196738901366,0.08231146441963005,0.013126720887009611,2.7764451051977987,0.0578317968086566,-0.16501663780212578,0.15611698054625078,0.02702849714317616,12.706204736432095,0.011062979081836618,-0.030260177176582116,0.011663162591537019,0.09098962646246354,-0.21878408191137233,0.18922211214979093,-0.003994948071782899,0.13433311575578563,-0.0023019690706485934,0.19388446592450692,0.00010400901090768806,0.2861672411958622,-0.0012638802563429508,0.44016388314903004,0.0005009650652907508,0.6614289311079893,-3.211124554335176e-05,1.364505794256775,-0.0005604030189929358,-0.0003807927194220447,0.04348484665486693,0.07106187387720303,0.25
4.0,1826252623,-0.019486844433646747,0.1,0.07284558202491595,0.12432457918230208,0.13055988421815687,0.12532387115368532,0.0015506087025503514,0.014155463978395167,0.12545508893931526,0.2431366342882323,0.12536466180714678,0.08231146441963005,0.11914854478338148,2.7764451051977987,0.11222013183094963,-0.44154196683722924,0.18160410461615425,0.1126705180133767,12.706204736432095,0.11117228452634241,-0.19662471392393782,0.1576510250566443,0.13679657853317098,-0.3443148782413799,0.128259528598208,-0.006335448217536063,0.13433311575578563,-0.0007936984541606402,0.19388446592450692,0.0005236401907861639,0.2861672411958622,-0.0008563367147391337,0.44016388314903004,0.0001922728217682083,0.6614289311079893,-0.00019674425745466186,1.364505794256775,0.00019790100688476397,-0.0006422747971364666,0.05679835128462306,0.08230067479265865,0.25
4.0,1689382078,0.2614527062377608,0.1,0.052461747850818266,0.04927720634191753,0.047866239968052234,0.0567382339593585,0.00015780315184013918,0.003061424040986763,0.0580743778471361,0.19388446592450692,0.04611573484868851,0.08231146441963005,0.05541003598038896,2.7764451051977987,0.1014198480545014,-0.05298331306103468,0.5101899683406151,0.05168680040406372,12.706204736432095,0.05087904073273698,0.158682541263104,0.3642228712124176,0.0676180767985506,0.1415301356338704,0.3795400334791267,-0.006569057630956336,0.13433311575578563,-0.00017743762362311912,0.19388446592450692,-0.00023133535176486173,0.2861672411958622,-0.00031439908645046726,0.44016388314903004,9.510355276433406e-05,0.6614289311079893,-0.00013095930258726402,1.364505794256775,-0.0004965765818161779,-0.0004187973470339056,0.045846327567259794,0.049122414321583,0.25
4.0,2052786072,-0.10255931510220895,0.1,0.06244054819160275,0.07795458515857977,0.09856181725344086,0.12326426167754008,0.0032142937695451047,0.011979784437363972,0.1263135135686476,0.32612014812863077,0.0804611250867598,0.08231146441963005,0.10961025541347498,2.7764451051977987,0.13211123163711444,-0.5875427565520284,0.14605640828900954,0.12955586098812527,12.706204736432095,0.09697353652943423,-0.2743175188043254,0.06950529128499114,0.10183254327485239,-0.36769938031263394,-0.019037933917525007,-0.006969533803400989,0.13433311575578563,-0.0003607849385972012,0.19388446592450692,-0.00035222232995468767,0.2861672411958622,-0.0004012009350193463,0.44016388314903004,0.00041065170578816044,0.6614289311079893,-0.00021975262588144284,1.364505794256775,-0.00203142023642711,-3.28203821656963e-05,0.012873638202139402,0.020930420645793736,0.25
4.0,1680053748,-0.0143797597654138,0.1,0.05127169970266057,0.04399013159638627,0.05330147047201635,0.05945084179438584,0.0007620032692551106,0.0027723993208059834,0.06137396798280841,0.32612014812863077,0.048497671072477884,0.08231146441963005,0.05272961251143422,2.7764451051977987,0.09109443163630176,-0.23214755289906658,0.2736898247557045,0.06268670746259526,12.706204736432095,0.04748049766846647,-0.11505731988470322,0.07317733713879784,0.07457153191570157,-0.09603545751591908,0.16719741183711959,-0.007238461236002739,0.13433311575578563,0.00032915292572670133,0.19388446592450692,-0.0002578017410058516,0.2861672411958622,-0.00018759743443426082,0.44016388314903004,0.00021154559909723959,0.6614289311079893,-0.00025892455792292943,1.364505794256775,-0.00040497835538587054,-0.00042593416777175525,0.04591865920663216,0.06861006798405558,0.25
4.0,163904824,0.1946220921524007,0.1,0.0644164521855054,0.037222166629443464,0.03610581745521348,0.03201639834944576,-0.00012703821277707645,0.0011520879760474694,0.037299168525776465,0.13433311575578563,0.03961971969163102,0.08231146441963005,0.03399143583437286,2.7764451051977987,0.11525372318274119,0.02534416469598516,0.6653354358690728,0.023731252422549726,12.706204736432095,0.030722076824898824,0.13804195458465826,0.24783178135184117,0.08556233208921049,0.1070766633113254,0.45696443285988564,-0.005481464658281426,0.13433311575578563,-0.0013524190482484017,0.19388446592450692,-0.0006436797939804084,0.2861672411958622,0.0007813129536112274,0.44016388314903004,-0.0005276619668896875,0.6614289311079893,-0.0002597281660835966,1.364505794256775,-0.002360819623982874,-2.946158977018856e-05,0.012130984102375134,0.01569718451912686,0.25
4.0,839987886,-0.07820455779958022,0.1,0.06952504240063007,0.062018835357093294,0.051100076751623674,0.06988974712431942,-0.0010480059476589958,0.0059325827007603105,0.0758402289593977,0.13433311575578563,0.06317564156570275,0.08231146441963005,0.0771344857605019,2.7764451051977987,0.15405438001703778,-0.7851164930663797,0.07033056559879253,0.07102464677764639,12.706204736432095,0.07054783800760775,-0.1924861526796095,0.0397919726784379,0.12394106677226895,-0.4536156809840181,-0.004511435965330349,-0.0068835206275565846,0.13433311575578563,0.0009423867928679281,0.19388446592450692,-0.00013799464939686284,0.2861672411958622,0.00023560871521214027,0.44016388314903004,-0.000685256315755925,0.6614289311079893,-1.5844453141714255e-05,1.364505794256775,-0.0020122914017386044,-9.175439436123258e-05,0.02154463981306913,0.032094649570885016,0.25
4.0,1417768473,-0.1814361812098578,0.1,0.0631520747064843,0.029839406400996676,0.031612916846802286,0.023890077691077646,0.00013951053875132298,0.0004312252733344028,0.02439245904365923,0.19388446592450692,0.02993898939825689,0.08231146441963005,0.020795951268294706,2.7764451051977987,0.0746609812165075,-0.3017663774468897,0.11281785424878435,0.022063234119509095,12.706204736432095,0.018680820715020904,-0.2215837972588594,-0.15103180241072933,0.07740730499472454,-0.3285805445884177,-0.02220537345468654,-0.004498892715535932,0.13433311575578563,-0.0021716200641023497,0.19388446592450692,0.00048295962345074235,0.2861672411958622,-4.052553538276286e-05,0.44016388314903004,-0.0005956908823598457,0.6614289311079893,-3.770233942914578e-05,1.364505794256775,-0.0022606519765153766,-4.497652819674571e-05,0.014929115918790101,0.018916220583327384,0.25
4.0,1861889161,-0.057356988335155915,0.1,0.06349964325758045,0.10501652463288069,0.12596181038828602,0.10609646385723083,0.0045074107376723155,0.006749048905336372,0.11302353999591451,0.32612014812863077,0.11172185233884198,0.08231146441963005,0.08227122721236202,2.7764451051977987,0.06400498831340039,-0.13894083564440962,0.21647183737755604,0.12411315967700252,12.706204736432095,0.07174554301133935,-0.18344763727577773,0.06630112144483873,0.14219729261660777,-0.15402482379894397,0.31508987115151893,-0.007860755844899555,0.13433311575578563,0.0014656557708799896,0.19388446592450692,-0.00023063064472908816,0.2861672411958622,0.00018075651335748664,0.44016388314903004,-0.00048058017309737734,0.6614289311079893,3.845876332042852e-05,1.364505794256775,-0.0013138121663888438,-0.00022227727508163783,0.0334113301310088,0.040022031364132404,0.25
4.0,1623857003,0.13829092324953704,0.1,0.059206283420736985,0.07833975612921075,0.10297798558273792,0.08382571889974928,0.004788557085043861,0.0022381940640159234,0.08552292224525018,0.19388446592450692,0.09247470543851309,0.08231146441963005,0.047377872820411275,2.7764451051977987,0.055552743179944575,0.021038255485286178,0.32951653924982116,0.04649803107143914,12.706204736432095,0.043825750135456885,0.06767958488482577,0.2177258671741561,0.09063676547296347,-0.0206453288835842,0.3497970437764466,-0.005711219348389788,0.13433311575578563,0.002121298870585624,0.19388446592450692,-0.0010858552957001423,0.2861672411958622,-0.0007293827452594789,0.44016388314903004,0.00016102298217158227,0.6614289311079893,4.341713152725768e-05,1.364505794256775,-0.001646868518650993,-6.0240608649956105e-05,0.017282565644957563,0.029755862588051425,0.25
4.0,385332131,0.013353595545942783,0.1,0.06315879756598755,0.02713612624640342,0.03330557203779302,0.026212418224339885,0.0002051163883610538,0.0004819744808066519,0.029151168349332394,0.13433311575578563,0.036728666941528876,0.08231146441963005,0.021985619632741146,2.7764451051977987,0.07786352626940064,-0.19563621769652223,0.23673139507171304,0.019971078012320544,12.706204736432095,0.021567018339989124,-0.027420707230274132,0.050995781864483766,0.061102776351828245,-0.0755010071938378,0.1905422986810034,-0.00619198083359392,0.13433311575578563,-7.065703326603866e-05,0.19388446592450692,-0.0003528952038350781,0.2861672411958622,0.0005956450527532939,0.44016388314903004,-0.0005661248606117129,0.6614289311079893,-0.00020093925745608135,1.364505794256775,0.0007638309733001689,-0.000761105275246672,0.06139169790171215,0.092887963992551,0.25
4.0,814720191,0.24332472022378046,0.1,0.07374009789775528,0.07852392001463934,0.06779429071695531,0.07862968912662732,-0.0003203629316831033,0.006502990943833159,0.08221595809316054,0.13433311575578563,0.07501241412141638,0.08231146441963005,0.08075757373365751,2.7764451051977987,0.14811508913095586,-0.2180208094110935,0.6044460190360627,0.08752565199000487,12.706204736432095,0.06941213682813958,0.11450910091856523,0.3721403395289956,0.1405371404934659,-0.1421260844678909,0.327087196327731,-0.006524369786168565,0.13433311575578563,-0.00265841359868412,0.19388446592450692,0.00022531869744356434,0.2861672411958622,-0.0011959545398870408,0.44016388314903004,0.0005716884642049569,0.6614289311079893,-2.7342922398168842e-05,1.364505794256775,-0.0001234351829143393,-0.0006223374094085444,0.05567641801396659,0.06983168687859169,0.25
4.0,1325589858,0.1069955170513383,0.1,0.07249624992170599,0.06203540113577674,0.052074143582763535,0.06778881281364328,-0.0011777165968091092,0.005773039739492276,0.07521895382357931,0.13433311575578563,0.06790141106500557,0.08231146441963005,0.07609024132859984,2.7764451051977987,0.23581684348771095,-0.7043098364996018,0.6051552051496992,0.060701234591747796,12.706204736432095,0.0628333296809349,0.005488976784146193,0.2085020573185304,0.11894666963105643,-0.21151913755989174,0.17780753233883326,-0.006991185946036755,0.13433311575578563,-0.0020618216947337503,0.19388446592450692,0.0005807950242505932,0.2861672411958622,-0.0011867321732532674,0.44016388314903004,0.0009435267093641141,0.6614289311079893,-0.0005459982456057819,1.364505794256775,-0.0015874096545947598,-0.0002477697814644533,0.03500434004494891,0.050514639791993825,0.25
4.0,2075280059,0.031149854460003835,0.1,0.04994298071806252,0.03543740401294778,0.023022443284721042,0.016725443016512326,-0.000858346157114906,0.0011380866012135069,0.017849597855588588,0.13433311575578563,0.027269371423396138,0.08231146441963005,0.03378425474754582,2.7764451051977987,0.03558490191137685,-0.07852639331459169,0.11907266014698042,0.014858007762329298,12.706204736432095,0.02897783421538757,-0.023908247042836464,0.08119672676317012,0.041476318290877584,-0.03771412174659484,0.1388160367886577,-0.00853560872550764,0.13433311575578563,0.002311153901445304,0.19388446592450692,-0.0007692658629373878,0.2861672411958622,0.0002516544227230271,0.44016388314903004,-0.0008133504671336369,0.6614289311079893,0.00028684819180361566,1.364505794256775,-0.0011215730644535188,-0.0003421569657933963,0.04113084262158632,0.0699138393218221,0.25
4.0,254241546,-0.160243688314134,0.1,0.07066078053852166,0.1129860557613787,0.11826284983366836,0.10344803554468389,0.0011207005959937288,0.009580795462060454,0.10705767430170414,0.19388446592450692,0.11382155326949357,0.08231146441963005,0.09802288315671717,2.7764451051977987,0.10069985909684613,-0.5890128348143373,-0.02983757304724438,0.06456176397626236,12.706204736432095,0.09290534302824485,-0.31065515119732884,-0.00600928586942151,0.11612776072002673,-0.41963443139280576,0.011623495803128988,-0.006132336279285723,0.13433311575578563,-0.0018010823688677901,0.19388446592450692,-0.0002931466517755912,0.2861672411958622,0.0007376005905039412,0.44016388314903004,-0.0006427384070990973,0.6614289311079893,-6.859195256998218e-05,1.364505794256775,-0.0003688280978482523,-0.0005196010357873941,0.05076341806014769,0.07679663953259987,0.25
4.0,1964269578,0.2095579896542048,0.1,0.06016429270842055,0.030172142523697633,0.04752284230639216,0.05604730398117552,0.0011709286362227935,0.0019703716473354997,0.05731298361158818,0.32612014812863077,0.03570966789489656,0.08231146441963005,0.04445296798954197,2.7764451051977987,0.20869784884393275,-0.557115455788032,0.6017607859880623,0.057370799770276995,12.706204736432095,0.04111019033693498,0.14357404634121798,0.276616899428681,0.05483253869316792,0.09957122343443078,0.336640884028223,-0.0052073109436271536,0.13433311575578563,-0.0003183202674600542,0.19388446592450692,-0.00012636297817170358,0.2861672411958622,0.00031379010047082436,0.44016388314903004,-0.00022317360007545605,0.6614289311079893,-0.00023377252254305457,1.364505794256775,-0.0013511813394110482,-0.00011917455711192928,0.024426395053438278,0.032187244313397444,0.25
4.0,1841235926,0.16709469638487262,0.1,0.061457286461633315,0.11211067408808954,0.11681354334911093,0.11912627422164129,0.0013465958039375493,0.01284447340599213,0.1194680738203953,0.2861672411958622,0.11232066980433639,0.08231146441963005,0.11349711961763946,2.7764451051977987,0.0810240759077167,0.02031181511254221,0.470229613026852,0.11726337550219967,12.706204736432095,0.10235209166815051,-0.005729240479365849,0.32142786459322725,0.12192562899652425,0.006458255213461121,0.4186939280759932,-0.005243934998625908,0.13433311575578563,0.0017581101992413428,0.19388446592450692,-0.0012089455452136719,0.2861672411958622,-5.7904528992065816e-05,0.44016388314903004,-2.8095399035692148e-05,0.6614289311079893,-0.00011529440404950998,1.364505794256775,-0.00031725156413112756,-0.00037097514024607154,0.0431451888409904,0.059896444702713665,0.25
4.0,629416067,0.03365766381823819,0.1,0.07290866195649189,0.06600926816624911,0.0587539494412275,0.03820934006914907,-0.00112635280925946,0.0025863064777793404,0.03815379321476962,0.2431366342882323,0.059551124200668236,0.08231146441963005,0.05092917976948553,2.7764451051977987,0.24547005238856517,-0.8569525176971802,0.5061157331565778,0.03340261059970182,12.706204736432095,0.04473525304109648,-0.06521878662993959,0.10057472640190662,0.0757477659963921,-0.16814008249904708,0.13959165600041515,-0.008145436850111942,0.13433311575578563,-0.0014468269291079716,0.19388446592450692,0.0010722116486820386,0.2861672411958622,-0.0006043566461168218,0.44016388314903004,0.0007020516050159943,0.6614289311079893,-0.0008310680925527719,1.364505794256775,-0.0006686977089584392,-0.0005198606867137271,0.05077857598243732,0.06534241057235925,0.25
4.0,934453668,0.3836284456751455,0.1,0.0602506283938292,0.03058140610761986,0.033902583604541375,0.03233895446965127,0.00032608629413288727,0.0007197216820572906,0.03542061598488688,0.13433311575578563,0.03774565584216589,0.08231146441963005,0.02686636935884088,2.7764451051977987,0.13848450980678842,-0.16706251992484789,0.6019267588727006,0.027317208585627927,12.706204736432095,0.024490948517124213,0.34392079207844617,0.4344713496261964,0.06811772850668446,0.21353395399230643,0.5165211238111423,-0.006093322671818615,0.13433311575578563,-0.0003172718588681103,0.19388446592450692,-0.0006848236764032433,0.2861672411958622,0.0008104353374091881,0.44016388314903004,-0.0005471323831416916,0.6614289311079893,-0.00010309002563966756,1.364505794256775,-0.0006961264699679729,-0.00035471927137666,0.042024734495013975,0.06631642891295325,0.25
4.0,379717321,-0.29382854447221735,0.1,0.07815442806028362,0.052871524190605194,0.061596224646988065,0.09000600931095148,0.0010188624445567358,0.007082219267526351,0.09036390664508875,0.19388446592450692,0.05883889672106823,0.08231146441963005,0.08427744721655978,2.7764451051977987,0.10012017812473929,-0.3516721849639267,0.2042841720080015,0.08483077633137519,12.706204736432095,0.06793699007290734,-0.4058832129408332,-0.19029836141870227,0.08447969260159784,-0.4349353469923926,-0.11479559109825739,-0.008999515788112502,0.13433311575578563,-7.197734474624648e-05,0.19388446592450692,0.001208578043717354,0.2861672411958622,-0.0002163318903636025,0.44016388314903004,-0.00040994911948394325,0.6614289311079893,-0.00023356915780978001,1.364505794256775,-0.0012843750759368349,-0.0003884636934790535,0.04433687171264766,0.06940134825362754,0.25
4.0,51074049,-0.06422038150308948,0.1,0.07853040460617987,0.05647341616969509,0.05948510656895289,0.07110421443815958,0.00027951866615559496,0.004776290644712186,0.07708051660064351,0.13433311575578563,0.06471474099802792,0.08231146441963005,0.06921051186730161,2.7764451051977987,0.09590286045386792,-0.2669419953609744,0.26559605960224386,0.07100476452384188,12.706204736432095,0.05984742835008793,-0.1711997402556239,0.04275897724944494,0.06949691406283615,-0.19960308989019246,0.08188424921067607,-0.005820093215825823,0.13433311575578563,-0.002896659476861316,0.19388446592450692,-0.000908394914930684,0.2861672411958622,0.00024675508246572146,0.44016388314903004,7.57554060119177e-06,0.6614289311079893,-7.341300462551046e-05,1.364505794256775,0.0018442236754447493,-0.0010736179862381415,0.07288973930520948,0.10459883688159273,0.25
4.0,1614331729,0.2846143769108785,0.1,0.056108344339085015,0.04532809997328955,0.04531838319135608,0.06664620251299319,-0.00017093884199679632,0.004612655151399696,0.06854200275565187,0.13433311575578563,0.047868615225633786,0.08231146441963005,0.06801460523056527,2.7764451051977987,0.06787423984970428,-0.025593797060354806,0.35130440493911086,0.06451491854553221,12.706204736432095,0.06300964859273898,0.18335951302781925,0.3895732395411331,0.0743078544780152,0.04745176142157558,0.345205083047354,-0.007760776658644618,0.13433311575578563,0.0003171559303117128,0.19388446592450692,0.0011275333213134875,0.2861672411958622,-0.0006306135562944114,0.44016388314903004,-8.107712289694648e-05,0.6614289311079893,-5.849227670178827e-05,1.364505794256775,-0.001234960042815374,-0.00022366267998177465,0.033500212088410336,0.0485411628347482,0.25
4.0,2083472476,0.09059284162637958,0.1,0.05645776193119651,0.026351687623846338,0.032426839578323326,0.030492366569135804,0.0004965443455407165,0.00043324007344583426,0.03135206576822441,0.32612014812863077,0.03004104610385642,0.08231146441963005,0.020844476783705296,2.7764451051977987,0.08639109811792442,-0.20643794306995966,0.2732823399343884,0.030826780487654668,12.706204736432095,0.01875442594832539,0.059632844207276936,0.1223683307839871,0.05068438811235574,-0.027514588003088973,0.20607182762164097,-0.005203869610393131,0.13433311575578563,-0.0013189107426395666,0.19388446592450692,0.0006193203406274989,0.2861672411958622,2.904572495168148e-05,0.44016388314903004,-1.1106111421913817e-05,0.6614289311079893,-0.00025349764070306866,1.364505794256775,0.00023866665484076636,-0.0004801714259358753,0.04923535272862012,0.07026054972693081,0.25
4.0,569420019,0.3040820244699688,0.1,0.06650511979160169,0.035839159663851025,0.04131413174138254,0.0379829527462582,0.0004828330998480797,0.0009598715994764038,0.038613695754401114,0.19388446592450692,0.03777321470281995,0.08231146441963005,0.031026533722776906,2.7764451051977987,0.1297637730212233,-0.02464166192942502,0.6959223229441223,0.04239604818063347,12.706204736432095,0.026043435935855865,0.262607595202618,0.3433112739832206,0.08112124560458028,0.1232251277837175,0.43334376798438473,-0.0048813276681880435,0.13433311575578563,1.0853321275806873e-05,0.19388446592450692,0.0009063592383171412,0.2861672411958622,-0.0005115474806668567,0.44016388314903004,-0.0005999159462704726,0.6614289311079893,0.00011147015542668322,1.364505794256775,-0.000654284407427775,-0.0003388017317291272,0.041384905266293424,0.06619648831587598,0.25
4.0,256167588,-0.09278435796883513,0.1,0.06628562957366996,0.07240086338102929,0.1020607087436861,0.07719306556259409,0.005569622539155221,0.0003891468317957286,0.0817150980809426,0.32612014812863077,0.07837991476316826,0.08231146441963005,0.01975529128162194,2.7764451051977987,0.10756973932467821,-0.2817162713925348,0.3156066810382772,0.08692381245542273,12.706204736432095,0.0177014399671119,-0.12109339955754075,-0.05485725301742851,0.13236846481553535,-0.19958119287938567,0.34496542756537324,-0.0040628252917782985,0.13433311575578563,-0.0017778988292685323,0.19388446592450692,0.00014668827914423812,0.2861672411958622,-0.0006711534113009846,0.44016388314903004,0.000616810878666255,0.6614289311079893,-0.0008580794302375937,1.364505794256775,-0.0010977615790525581,-0.0003270174171992712,0.04068930962865487,0.07245383700203904,0.25
4.0,1788277171,0.03231040400893261,0.1,0.05989903331178274,0.03982798993966723,0.050677502718627525,0.028448454373227246,0.0005612735761381326,0.00024804098008745996,0.029825498844089603,0.32612014812863077,0.03988001768011383,0.08231146441963005,0.015772059520962993,2.7764451051977987,0.06979175195405511,-0.07315703646634973,0.3143888997256807,0.028699472109765835,12.706204736432095,0.014899038095092694,0.006607005095739343,0.06049820009940636,0.04367310715501913,-0.024351616820749437,0.1702998938004675,-0.004849432565127083,0.13433311575578563,-0.0002616487969071641,0.19388446592450692,0.0006190027231268945,0.2861672411958622,-0.000877164710442932,0.44016388314903004,0.0001098090575107298,0.6614289311079893,-0.0003945332901759408,1.364505794256775,0.0006437328047182327,-0.0007255872358626586,0.06013172023148115,0.0936021814184311,0.25
4.0,1836838914,0.25709022162783723,0.1,0.07006619809641307,0.06478859153020808,0.062232256944413096,0.05748933043181125,1.195308480631506e-06,0.0033038278050173476,0.060148186157893815,0.13433311575578563,0.06538721926918664,0.08231146441963005,0.057561935689237946,2.7764451051977987,0.20247305662660756,-0.37404172643615985,0.7502689275746027,0.04964573372309143,12.706204736432095,0.054022924651202724,0.1701016940989953,0.3551412222834322,0.16128244868099356,-0.1644003188432949,0.3166874564505043,-0.005722454993359968,0.13433311575578563,-7.325650597498312e-05,0.19388446592450692,-0.00016193940011132317,0.2861672411958622,-7.590935129051445e-05,0.44016388314903004,0.0005882183329675484,0.6614289311079893,-0.0010829405621400065,1.364505794256775,0.0018444603939771942,-0.0010317226292996258,0.0717005463043091,0.11863032309752702,0.25
4.0,1689445613,0.11916238521466421,0.1,0.05828932749624709,0.04999980505839355,0.05814417789182728,0.04754824219192264,0.0004522320461226269,0.0018086032894191056,0.04874855260412369,0.19388446592450692,0.05309714308487349,0.08231146441963005,0.042589088585647805,2.7764451051977987,0.1638296993275324,-0.5498999169502389,0.35982841661767007,0.04306739927577887,12.706204736432095,0.03738426360764612,0.057157619583282845,0.1815011479881581,0.12768705152119225,-0.24009274541296574,0.1644784120334618,-0.0054172740931441145,0.13433311575578563,-0.0004857366798910955,0.19388446592450692,5.470647829509105e-05,0.2861672411958622,-0.0007732205389907308,0.44016388314903004,1.2451480974174627e-05,0.6614289311079893,0.00020112130785053452,1.364505794256775,-0.00023236798608465935,-0.0004171682010286279,0.046002559348728274,0.07551423472832954,0.25
4.0,654489127,0.10310691811861575,0.1,0.05087370742439356,0.067470097039919,0.044557633325772006,0.05544955476337675,-0.002680936327842808,0.005755589451299525,0.059941852835720316,0.13433311575578563,0.058837036378268495,0.08231146441963005,0.07597515451049029,2.7764451051977987,0.0899773015109129,-0.1741162679475453,0.32551780877021597,0.04909346610448383,12.706204736432095,0.06689414279199085,-0.016041916556862226,0.22835983687787198,0.07748917838250255,-0.01246093302817997,0.26432785132148345,-0.006487822514287889,0.13433311575578563,0.00037380687895734643,0.19388446592450692,-0.0009562583490660643,0.2861672411958622,0.0006025812780007487,0.44016388314903004,0.00019526516040895513,0.6614289311079893,-0.0007324944219953297,1.364505794256775,0.0006641098316250689,-0.0007024714145057327,0.059187484928279396,0.08295658596224506,0.25
4.0,1193722941,-0.07623331927798487,0.1,0.06394910634035621,0.035363766645694954,0.033121359466452005,0.04817245409657726,0.0005728384852271456,0.0017477468484596971,0.04876687610362169,0.19388446592450692,0.02928435915360439,0.08231146441963005,0.04186643213756379,2.7764451051977987,0.1420600053532765,-0.27534601424209526,0.51349759877286,0.045585347727647,12.706204736432095,0.0362996741557706,-0.14831405809943232,-0.01510471077403968,0.09667931877844498,-0.11500931460518306,0.26223255902994463,-0.006598696385381797,0.13433311575578563,-0.00031395691065625966,0.19388446592450692,0.00020446448237681328,0.2861672411958622,5.4874456708356236e-05,0.44016388314903004,-0.00016524157802071468,0.6614289311079893,-0.00013071815230927277,1.364505794256775,0.0007546476676884281,-0.0006918353518056927,0.058693186637330204,0.09035415673973257,0.25
4.0,487214208,-0.05488926266215879,0.1,0.07181079232962051,0.062976511727766,0.07942771955527231,0.05147342197261902,0.0022333778639402353,0.00041613530563106336,0.05454912074100779,0.32612014812863077,0.06793336989048301,0.08231146441963005,0.020428852361954374,2.7764451051977987,0.022606760520247633,-0.12494768514453042,0.0005851740371103295,0.06058365900342689,12.706204736432095,0.017984763050742297,-0.08291120282690494,-0.01876086434525178,0.07532860044352509,-0.1772906760392848,0.10756059965538757,-0.0068125407189186015,0.13433311575578563,0.000607234889988182,0.19388446592450692,-0.0014189297654563777,0.2861672411958622,-8.356126765275697e-05,0.44016388314903004,0.0005184449266912192,0.6614289311079893,-0.0003395984385935035,1.364505794256775,-0.0010793146842861699,-0.00025186606419860146,0.03539179192850703,0.04666975198337872,0.25
4.0,1141613769,-0.14637242840053694,0.1,0.06312470526026218,0.09688482749816531,0.08316785166737246,0.05664889641837547,-0.002386607280294142,0.005595704745713975,0.07520084728028381,0.13433311575578563,0.10725611697358285,0.08231146441963005,0.07491246426852154,2.7764451051977987,0.13089968067437627,-0.3555032942795607,0.37136826108109305,0.047668610090272595,12.706204736432095,0.06414344091038421,-0.25516668654524444,-0.04928427973635212,0.11607919375089679,-0.25928938710000776,0.15488309460554628,-0.006935271262203373,0.13433311575578563,-0.0011855756336986865,0.19388446592450692,0.0004851850403514869,0.2861672411958622,-0.0007971821079645821,0.44016388314903004,-3.817757663104595e-06,0.6614289311079893,0.0001453227066154997,1.364505794256775,-0.0012282628696905617,-0.00029868544721938276,0.03860724154434858,0.04544866318298865,0.25
4.0,1846521085,-0.06245306358848175,0.1,0.06841981687702588,0.09962467363298003,0.08971916234217311,0.09416448371608564,-0.0004743270198741493,0.009341277013391106,0.09777600997096346,0.13433311575578563,0.09419625981336373,0.08231146441963005,0.09678984928097799,2.7764451051977987,0.2505153993907441,-1.1482239874281879,0.24286052140201797,0.0854638048747578,12.706204736432095,0.07754538534422122,-0.21208552227848365,0.05695511519266648,0.23041947841174515,-0.7582709025886784,0.03626526372085182,-0.004534893941363855,0.13433311575578563,-0.002729679473933699,0.19388446592450692,8.22802818315693e-06,0.2861672411958622,0.0002131412704194495,0.44016388314903004,-0.00010576387241042356,0.6614289311079893,-0.00042298061887175494,1.364505794256775,-0.00035978543389032075,-0.0005172112002673379,0.0505927402800314,0.0846645552132571,0.25
4.0,1077159725,-0.11563840631037911,0.1,0.07274012238567472,0.10122399000036307,0.1315046724624111,0.15680008897796624,0.008168273914840792,0.016417993988657342,0.15764213782527517,0.32612014812863077,0.10721321803883979,0.08231146441963005,0.1283177495061986,2.7764451051977987,0.15119421828373752,-0.4494810134915819,0.3900838810845992,0.15402221682584719,12.706204736432095,0.11171331663847268,-0.3059983868474446,0.07472157422668643,0.1138769094341385,-0.38175860077152146,0.03719756432198237,-0.006174159590281883,0.13433311575578563,0.00021611450080925946,0.19388446592450692,-0.0002621020392232384,0.2861672411958622,-0.0006829085886059379,0.44016388314903004,0.0005328198198233764,0.6614289311079893,-0.0005330921635008116,1.364505794256775,-0.0009778625496404416,-0.0003386260304014973,0.04109951923458471,0.054630714666870646,0.25
4.0,995220076,0.1991323368007663,0.1,0.07125070733285085,0.05380892003633823,0.0639395987438063,0.05786003568510784,0.0007990707296520005,0.002548712999829952,0.06000871973394938,0.19388446592450692,0.05847943261542715,0.08231146441963005,0.050557682130145304,2.7764451051977987,0.15257505609758226,-0.4215655586916165,0.4256669766632072,0.05266818393676712,12.706204736432095,0.04868169329328488,0.10314626364566223,0.29511840995587035,0.15430633243120292,-0.35304766250437375,0.2589497618012522,-0.006103739649362016,0.13433311575578563,-0.0015470971611084067,0.19388446592450692,-0.0013554793667859145,0.2861672411958622,0.0002909137476639732,0.44016388314903004,-0.000271697447672352,0.6614289311079893,4.5495559992160055e-05,1.364505794256775,-0.001812605280803299,-0.0002089215080299414,0.03222441462292389,0.04060533356140469,0.25
4.0,1826142817,0.290174686323708,0.1,0.04837671732751843,0.031607311630436875,0.0272938912875501,0.03447756260344228,-0.00021129166726043338,0.0013999939903347148,0.03491282314220705,0.32612014812863077,0.027176597407709766,0.08231146441963005,0.03747052462590172,2.7764451051977987,0.045196773206942494,0.19195213151754856,0.4429248509998496,0.034390299084491226,12.706204736432095,0.03624764195141128,0.23042248965735962,0.3499268829900564,0.043005061442411195,0.2182470772396847,0.378724647552804,-0.004031448988440076,0.13433311575578563,-0.0004384442503611687,0.19388446592450692,-0.00017328670561667523,0.2861672411958622,-0.00019282381723088846,0.44016388314903004,8.780247967258886e-05,0.6614289311079893,-0.0004316166052857111,1.364505794256775,-0.001825348130546491,-5.0122690432114786e-05,0.01578713050709277,0.025141167280871783,0.25
4.0,1733952586,-0.058428658201077864,0.1,0.07446983607196074,0.14786286358091474,0.20666165815458745,0.1892544567606806,0.024070749797572004,0.011746499606208324,0.1941092310957065,0.19388446592450692,0.18170883963746343,0.08231146441963005,0.10853777695823474,2.7764451051977987,0.19836795509600222,-0.770961927548495,0.33055354836028916,0.10949737900969203,12.706204736432095,0.09445844521740364,-0.21624783069106168,0.09995931061055521,0.1588756148960432,-0.3244221666463209,0.2490134975464787,-0.0056501764982092905,0.13433311575578563,0.0002126635194858843,0.19388446592450692,-0.0006758154496884634,0.2861672411958622,0.0007136941398094897,0.44016388314903004,-0.0007741091298565641,0.6614289311079893,-0.00010347359475792462,1.364505794256775,0.0011541801825639601,-0.0008549764848041611,0.06544441653199727,0.08915462310909342,0.25
4.0,1247360860,0.006227599721952949,0.1,0.06804048486486863,0.05840859274218308,0.0627168226665397,0.06625589859268272,0.0004816916238397444,0.003908152474484111,0.07223159888503947,0.32612014812863077,0.0651056121991654,0.08231146441963005,0.06260549267316462,2.7764451051977987,0.1637227949848638,-0.5742170095071351,0.33491769598292065,0.07311592017654422,12.706204736432095,0.05522971372481652,-0.09756203019086329,0.0983036657772957,0.07171443783035181,-0.18325131381120172,0.09928502046479122,-0.005253132123676348,0.13433311575578563,-0.0011173176946608762,0.19388446592450692,0.00021265052014976226,0.2861672411958622,-3.63399026938365e-05,0.44016388314903004,-0.00016798874195633214,0.6614289311079893,-7.604468911133812e-05,1.364505794256775,-0.0012682078551091952,-0.0001546823195502977,0.027922878619559503,0.04617471243708859,0.25
4.0,1085347545,-0.10768781681261598,0.1,0.07740863715121679,0.06485091917314091,0.07807928928565058,0.07372530861996386,0.0018422418749446598,0.0035931792561642584,0.0753060043899061,0.32612014812863077,0.07303848382353623,0.08231146441963005,0.06002969404644036,2.7764451051977987,0.08656480754941437,-0.3278188669345979,0.15286600547132406,0.07371849075035503,12.706204736432095,0.05415643549985954,-0.19447165768763164,-0.020903975937600336,0.08559757513237896,-0.250752504936898,0.03763003274600218,-0.005371269835678728,0.13433311575578563,-0.0014243731588010776,0.19388446592450692,0.0004531553120311314,0.2861672411958622,-0.0013291153196854856,0.44016388314903004,0.0004942975382977496,0.6614289311079893,-0.0003037970902495151,1.364505794256775,-0.0011934893877967715,-0.00033275017235178083,0.04096930402756258,0.05227970191838377,0.25
4.0,1647057561,-0.2760202499566823,0.1,0.07035225239925876,0.03324555057121173,0.06689804568146378,0.060152231159988724,0.00249194153713786,0.0011263493763868588,0.06508791908024823,0.32612014812863077,0.044385286717727276,0.08231146441963005,0.03360959269918808,2.7764451051977987,0.13374158899805053,-0.5809638240708854,0.16168853619914092,0.06395010435731978,12.706204736432095,0.0293689658157192,-0.3290067858387217,-0.22648148173762012,0.06937677190676128,-0.37725615317446537,-0.10278390484544132,-0.006469379473434861,0.13433311575578563,-4.550868812644407e-08,0.19388446592450692,-0.0009941461138442255,0.2861672411958622,0.00042016286908196803,0.44016388314903004,-0.0005784482703816105,0.6614289311079893,0.0001846240835083508,1.364505794256775,0.0004102103305896766,-0.0006710874186480487,0.05799254717891157,0.0730124539834004,0.25
4.0,252315236,0.3961441312926836,0.1,0.06163472159939162,0.02686740321620329,0.025395703367088854,0.019861799823678694,-9.800028409418752e-05,0.0004924913763300705,0.02233314179339008,0.13433311575578563,0.027735296885054935,0.08231146441963005,0.022224193164450158,2.7764451051977987,0.06518200804831384,0.1697683637022931,0.5317168980877021,0.011829601368098078,12.706204736432095,0.019231286940427802,0.3596322094411536,0.42672630699950576,0.056716252042795026,0.2646699968531268,0.46446416388322787,-0.00466980848494957,0.13433311575578563,-0.0025779896439900585,0.19388446592450692,0.00015308546188319943,0.2861672411958622,-0.00043058417594498435,0.44016388314903004,0.0004770459461675675,0.6614289311079893,-0.00029981135682388764,1.364505794256775,0.0009198855789986749,-0.0007005128730408146,0.059267719676252155,0.06631628405887266,0.25
4.0,322161801,-0.23810232661324487,0.1,0.06878629069597313,0.06994877913911136,0.09690815729117172,0.08142886989319324,0.0048674911974043,0.0017631696546782918,0.09017429831386731,0.32612014812863077,0.07751412238736292,0.08231146441963005,0.042050749348047,2.7764451051977987,0.14393010953445803,-0.7622754224977923,0.036952673717265794,0.10064711456465784,12.706204736432095,0.036518951203167296,-0.2948456930112668,-0.18278034960992778,0.1318554644831935,-0.7051110724714855,-0.1307438593482209,-0.006735452998233617,0.13433311575578563,0.00029644806023017305,0.19388446592450692,-0.0009075165398949881,0.2861672411958622,0.0011734213754150222,0.44016388314903004,-0.0003534568144558359,0.6614289311079893,-0.0007197234197774068,1.364505794256775,0.0012786645005074928,-0.000938513826033568,0.06826375573860949,0.1091237688466129,0.25
4.0,1232238162,-0.11077554354291644,0.1,0.06286027574678109,0.04375986871390431,0.042881819709831424,0.06636605617063727,-0.0001273235508698538,0.004531776962514035,0.06824887529013293,0.13433311575578563,0.044139592358938336,0.08231146441963005,0.06741568499832197,2.7764451051977987,0.2038831246533572,-1.0335368145721242,0.09860379238036832,0.06297838369665551,12.706204736432095,0.05966262923662593,-0.21690461985633935,-0.021868104536322396,0.10890229496081993,-0.4854601797638604,-0.06729622002423025,-0.006339336760256126,0.13433311575578563,-0.0016391335039731923,0.19388446592450692,0.0005900443706894188,0.2861672411958622,-0.00010988136889562503,0.44016388314903004,-5.537777059157087e-05,0.6614289311079893,-0.00016835259857997552,1.364505794256775,-0.0014034780150805031,-0.00018849482485317585,0.030838288314875794,0.05187642035932109,0.25
4.0,1487040275,-0.0769841592945945,0.1,0.06825939460696508,0.07848708154478527,0.06922456308749685,0.08467677259378767,-0.0013342408203574777,0.008504396637257508,0.095279497155395,0.13433311575578563,0.08834508367319624,0.08231146441963005,0.09235245431654779,2.7764451051977987,0.23262781472707286,-0.5477642596178521,0.7439924554458316,0.08082473873958129,12.706204736432095,0.08592947732143545,-0.20676739433001234,0.07197063899579607,0.11002235325493971,-0.3960304796344135,0.07693711055812989,-0.003705592277501553,0.13433311575578563,-0.004929473476318739,0.19388446592450692,0.0014963214637730383,0.2861672411958622,-0.0003133769524310431,0.44016388314903004,9.864411866722766e-05,0.6614289311079893,-0.0008245153324980818,1.364505794256775,-0.001414671474707856,-0.000336104463867546,0.041011212283820334,0.057763973336060585,0.25
4.0,1040235582,0.13036721872909768,0.1,0.06502516592612188,0.031757023383540625,0.04032498809268282,0.03300440799113944,0.000617344109543535,0.0004719468373020541,0.03429247395591714,0.32612014812863077,0.03591697621807765,0.08231146441963005,0.02175570834292345,2.7764451051977987,0.09311716188662472,-0.10763008441509386,0.4094392922449666,0.03517421731364468,12.706204736432095,0.019372880577781547,0.09193574919573703,0.16918187497426004,0.058519915864731806,0.028537012960652586,0.26654718256805165,-0.008014592816452944,0.13433311575578563,0.00013932525091400126,0.19388446592450692,0.0003396014215764039,0.2861672411958622,8.20095967201798e-05,0.44016388314903004,-0.00022117862225700015,0.6614289311079893,-8.076793488884351e-05,1.364505794256775,-0.0007931923857712508,-0.0003476228490545745,0.041841397646027734,0.06484911080704678,0.25
4.0,2140699141,-0.024153001973381296,0.1,0.05332595644473319,0.03825896455622634,0.041309611243541884,0.02189162389021084,0.00017666554332301711,0.0003025776532274329,0.029087172662299092,0.13433311575578563,0.04458759320723479,0.08231146441963005,0.017419878160175904,2.7764451051977987,0.03261328623858394,-0.13308977582929826,0.048008222053763996,0.018792711186168536,12.706204736432095,0.016258068748403073,-0.05117749364319257,0.0023534605147100505,0.04131798169381169,-0.1205058840107971,0.03650483380767252,-0.005727095046628923,0.13433311575578563,-8.257382973182045e-05,0.19388446592450692,0.0006928920858851615,0.2861672411958622,-2.486430196603275e-05,0.44016388314903004,-0.0007040222761314717,0.6614289311079893,8.368842133603467e-05,1.364505794256775,-0.0004982271586273562,-0.00039130576749818317,0.044264257887919066,0.056197170766414756,0.25
4.0,293203827,0.18611815593538975,0.1,0.06363756882044472,0.038540805593541436,0.057377436442928996,0.05382442104915306,0.0009901905731703293,0.0019068777281061814,0.055391454964034643,0.32612014812863077,0.046424662451668916,0.08231146441963005,0.04373086936493312,2.7764451051977987,0.2697960925483468,-0.710379414187768,0.7877686669269317,0.05799985717249138,12.706204736432095,0.03843551617674548,0.11345709418401485,0.25744883499570337,0.1101290529551941,-0.0920724738211217,0.2263307135507683,-0.004547116322067021,0.13433311575578563,-0.0014440573690144703,0.19388446592450692,0.0005462966732002543,0.2861672411958622,-0.0007392620109624389,0.44016388314903004,0.00027358224463323416,0.6614289311079893,-0.0003664687301072253,1.364505794256775,-0.001054959902850548,-0.00026129569023421715,0.03618519098135923,0.05198103846319909,0.25
4.0,1321964954,-0.10564414005475542,0.1,0.06815240949631816,0.04215475281524079,0.045403032987777,0.03823005260660938,0.0004961373542530707,0.0009653995680510498,0.03846975750725511,0.19388446592450692,0.04366406581355954,0.08231146441963005,0.0311157474635119,2.7764451051977987,0.05879801340640479,-0.34644121637756886,-0.01994230334243463,0.03739435941794746,12.706204736432095,0.030688074228295576,-0.15618447518526457,-0.05510380492424626,0.0678296065516043,-0.24295218212122419,-0.02018616521639106,-0.007454131746023277,0.13433311575578563,0.0016962430075095525,0.19388446592450692,0.00012669635278685318,0.2861672411958622,-0.0008410299755995971,0.44016388314903004,0.00022803192521023282,0.6614289311079893,-0.00020556042130679894,1.364505794256775,-0.0019057160330881923,-7.44389220031085e-05,0.019410310618451714,0.03368770492103476,0.25
4.0,298236659,0.1642643182865441,0.1,0.04929929185413733,0.037325211196970826,0.02199961593706354,0.039361284802362236,-0.0008744569074089321,0.0024237676487016044,0.042667351830917244,0.13433311575578563,0.0347367696436713,0.08231146441963005,0.049302867639853164,2.7764451051977987,0.0697182322986315,0.03617371034684236,0.42331139996399936,0.038034185548722316,12.706204736432095,0.04620260762164476,0.09345754598746331,0.23201065884365696,0.07067335176873676,0.0551324562388297,0.21745408761960375,-0.0070503944214555005,0.13433311575578563,-0.0007104056508433364,0.19388446592450692,-0.001181478595005097,0.2861672411958622,0.00027608245945594814,0.44016388314903004,0.00041106374701284164,0.6614289311079893,-0.00046426121972597363,1.364505794256775,-0.0009996689664596124,-0.0003311156824719983,0.040671034897314245,0.061813136826797774,0.25
4.0,229555764,0.07841356924540939,0.1,0.05887927528012011,0.046772968280008216,0.03296911995815966,0.030348609734494963,-0.0009042678429032141,0.0018253059557198966,0.038221517789194435,0.13433311575578563,0.044735594955969744,0.08231146441963005,0.0427852942780457,2.7764451051977987,0.06604837167757628,-0.05777460730022069,0.30898474920076247,0.02222609783232858,12.706204736432095,0.03663056343268238,0.014102096552088009,0.14272504193873076,0.049700287089545436,-0.0003949828736434704,0.2120280877265638,-0.00823650971965862,0.13433311575578563,0.0016636468504972047,0.19388446592450692,-0.0006639646315809287,0.2861672411958622,-0.000567400888891647,0.44016388314903004,4.680783338476651e-05,0.6614289311079893,3.738805033452988e-05,1.364505794256775,-9.289030616376805e-06,-0.0006113578162074956,0.055537482239508267,0.09392096083496058,0.25
4.0,1024425306,0.12851067587314458,0.1,0.06411849877195895,0.0982394312095763,0.11421003807829987,0.11222502154298236,0.003920444443679302,0.008674011016643552,0.11801617126030772,0.32612014812863077,0.09686413225058671,0.08231146441963005,0.09326886089497077,2.7764451051977987,0.16364486984089713,-0.4378154171259354,0.470886578595044,0.12401005621792781,12.706204736432095,0.08757868900120185,-0.02849729939165746,0.27966132687597645,0.198187937454606,-0.5109100278374807,0.2178926422431857,-0.006841075850379277,0.13433311575578563,5.082778315918283e-05,0.19388446592450692,-0.0006134272689314625,0.2861672411958622,-0.00018297687543840344,0.44016388314903004,-0.0001261208900170297,0.6614289311079893,0.00016891624303222116,1.364505794256775,-0.0016726232573721878,-0.00012601331756294595,0.02505711952182053,0.03564760667886044,0.25
4.0,1265946291,-0.2481788197753989,0.1,0.06074776043351482,0.07580794999332692,0.07705494277042774,0.05203121688208913,0.0008915948624926588,0.0018156526677383378,0.05453231688732411,0.32612014812863077,0.07447566908759805,0.08231146441963005,0.04267200743814576,2.7764451051977987,0.07337269697136296,-0.5602148910174938,-0.1527843602948897,0.05753185933762727,12.706204736432095,0.04083819559988521,-0.3103310519574888,-0.19045302364560515,0.09180327023925655,-0.43644155071524904,-0.14141406038298343,-0.006218080947922721,0.13433311575578563,0.001023452215025099,0.19388446592450692,-0.0007499404418997842,0.2861672411958622,-0.0005008343757015846,0.44016388314903004,-0.00025734718352970695,0.6614289311079893,0.00028913391918792197,1.364505794256775,0.0016945214096230597,-0.0009559539866496386,0.06943102182891168,0.11481598881303488,0.25
4.0,715567207,0.23941791722502848,0.1,0.06434944823365436,0.043176939851757405,0.04345167441813646,0.047677025597450885,1.8158756944377293e-05,0.00225494001287561,0.05045420110688015,0.13433311575578563,0.04398341476869228,0.08231146441963005,0.04755478083792291,2.7764451051977987,0.14706858697290465,-0.12510144304487014,0.6915542738136856,0.04909422282693746,12.706204736432095,0.04578493212145096,0.16242666218893614,0.3196549714944328,0.10925230789351152,-0.07476526592704094,0.30196164851501184,-0.007136566387992408,0.13433311575578563,0.000998348687072056,0.19388446592450692,0.000423391536970245,0.2861672411958622,-0.0005814496565110305,0.44016388314903004,-0.00018966990453861987,0.6614289311079893,1.3613028888145087e-05,1.364505794256775,-0.0006998896446343741,-0.0003677753105120184,0.04312735383118575,0.06179514154465958,0.25
4.0,1954926137,0.0986411343078219,0.1,0.06430941162995954,0.061047916274817315,0.06840600250911574,0.057907361057706906,0.0022222233933447346,0.0011310390713228956,0.06297397640606689,0.13433311575578563,0.07218571941039405,0.08231146441963005,0.033679488867454054,2.7764451051977987,0.10236873715391345,-0.3468408400205594,0.22160151837196668,0.04773913377134595,12.706204736432095,0.02933466560546132,0.038634797127058425,0.1608335663227371,0.07278055676345506,-0.09310950323826071,0.2031487066556356,-0.003941702870990972,0.13433311575578563,-0.00039433057510511124,0.19388446592450692,0.0018527094209705253,0.2861672411958622,-0.0004662087209960848,0.44016388314903004,-0.00046729561616553787,0.6614289311079893,-0.0006514912029092876,1.364505794256775,-0.00028730803290994973,-0.0005054849553594601,0.05032363987951999,0.058331605952275024,0.25
4.0,1982520962,0.3247864161722061,0.1,0.07207252480310443,0.07236677277076858,0.06290884898498926,0.07524031530119665,0.0002919265591708577,0.00536917848745263,0.0772776313436406,0.13433311575578563,0.06500361117534727,0.08231146441963005,0.07338049021608388,2.7764451051977987,0.19518283900692798,-0.3293279695989584,0.754500906359832,0.060012003579436424,12.706204736432095,0.06347466436405115,0.18195021599338793,0.42485057209622434,0.10482948674492287,0.009955218915412296,0.4395866440208055,-0.004264378247583542,0.13433311575578563,-0.0017007358607980228,0.19388446592450692,7.9127907066754e-05,0.2861672411958622,-0.00043856890130430074,0.44016388314903004,-0.0004641775786852374,0.6614289311079893,0.00022839294699595795,1.364505794256775,0.0020784613184218976,-0.0010618278988824797,0.07245099289760694,0.11323038717684472,0.25
4.0,497706057,0.3837664038447275,0.1,0.06417540149957646,0.039468281711865366,0.05553522412838653,0.047533676527531606,0.0011735340382860741,0.0010859163659379346,0.048180401188436056,0.32612014812863077,0.04467702133498104,0.08231146441963005,0.033000831088696704,2.7764451051977987,0.04574280111498263,0.16706991623732084,0.4210746687447807,0.04538505210948175,12.706204736432095,0.030948110269071308,0.3354688751589505,0.4359840593123953,0.09752373026132014,0.04141306908717027,0.43440717160464865,-0.006886277434797706,0.13433311575578563,0.0016187021958762842,0.19388446592450692,8.84491720161238e-05,0.2861672411958622,-0.0002986336259342631,0.44016388314903004,-0.0004896644929692778,0.6614289311079893,7.777029735105756e-06,1.364505794256775,-0.0007479905268683547,-0.000389208599776463,0.044143647722974605,0.05969629086189626,0.25
4.0,1116151363,-0.06162203061539978,0.1,0.05725519401712132,0.037813859579772326,0.04325304187307229,0.03382621415834901,0.0004938770334473048,0.0006503357308391862,0.034560008044043355,0.19388446592450692,0.04195236655489013,0.08231146441963005,0.02553850649267285,2.7764451051977987,0.1917730431497884,-0.7329559167774959,0.33193873714673655,0.019767246051732242,12.706204736432095,0.02445828415037358,-0.11053935963992159,-0.02356855326196572,0.08246290128629458,-0.3190644690827721,-0.0167811443702876,-0.003665600418678973,0.13433311575578563,-0.0029275419453493124,0.19388446592450692,0.00043861267817108034,0.2861672411958622,-0.0005974646237202907,0.44016388314903004,0.0002805327199489911,0.6614289311079893,-0.0002863077170902898,1.364505794256775,-0.0012214827765646813,-0.000205714880023455,0.03209461085164443,0.0454399983866548,0.25
4.0,53940186,-0.03970209728359517,0.1,0.07535951112757833,0.07436716698524358,0.08686692398098406,0.04327334244436298,0.0015722630577898146,0.00030031910851729233,0.055023791652521296,0.13433311575578563,0.08693089302911537,0.08231146441963005,0.017354742372601373,2.7764451051977987,0.06574169611146857,-0.27505433419408,0.09000208655809613,1e-150,12.706204736432095,0.01531116927032485,-0.06859915599479269,-0.014763567941768346,0.08771799677801702,-0.1676089601600909,0.17628178804861722,-0.007704686495009097,0.13433311575578563,1.6567515453555567e-05,0.19388446592450692,-0.0007692574316163136,0.2861672411958622,0.0002344114697127428,0.44016388314903004,-0.000315631852302766,0.6614289311079893,0.0001632594010932511,1.364505794256775,-0.0019467239583618298,-7.646234700310632e-05,0.01954810949050364,0.025010849540162156,0.25
4.0,452026743,-0.2746550457467969,0.1,0.0577567475859345,0.028834175550529015,0.039669828467929664,0.040819623059705004,0.00047401516159315243,0.001192226465143248,0.042645890579415,0.32612014812863077,0.03418500119964513,0.08231146441963005,0.03457849340807065,2.7764451051977987,0.08890443003396631,-0.5699263452413712,-0.0762498060449594,0.04623234254433156,12.706204736432095,0.031569282196713046,-0.3213015915578526,-0.21544648322466753,0.058919063237962005,-0.39410846787844706,-0.11614001763567115,-0.006515142778144761,0.13433311575578563,0.00041538026564515623,0.19388446592450692,0.00035513044284919427,0.2861672411958622,-0.00024034775631077144,0.44016388314903004,0.00011171843133146389,0.6614289311079893,-0.0003746770340740112,1.364505794256775,0.0007956284852599204,-0.0006903133847836466,0.05897910614606765,0.09352018022223342,0.25
4.0,515434860,-0.20357311202734882,0.1,0.07188672417555085,0.08760911587261647,0.09457213082945551,0.14033327749921937,0.0019779990647369565,0.017715429708935953,0.14142112642370042,0.19388446592450692,0.08894188738811869,0.08231146441963005,0.13329152400972316,2.7764451051977987,0.17524244148647952,-0.6131846062455205,0.359917431530575,0.1399473231190162,12.706204736432095,0.11918983374931054,-0.4190989538466217,0.011378141811939607,0.10483209227616574,-0.34317109255835176,0.04587243520520564,-0.004662608259747533,0.13433311575578563,-0.0006056976103120338,0.19388446592450692,-0.00011756578910934063,0.2861672411958622,1.4935298157652298e-05,0.44016388314903004,0.0007828933942909522,0.6614289311079893,-0.001156727856428959,1.364505794256775,0.0023956383361932064,-0.0011092829140150382,0.07467239499377559,0.10721535525527344,0.25
4.0,1804934130,0.07578578803146213,0.1,0.07554056044753046,0.09771800615309298,0.09101175489750202,0.0829693260076274,0.0003794001372257449,0.00650450892093421,0.0903892294983172,0.13433311575578563,0.09446578247676914,0.08231146441963005,0.08076699870408231,2.7764451051977987,0.3610544950839412,-1.3386751028948152,0.6662208682761275,0.07215355871520672,12.706204736432095,0.07006330968707646,-0.037742463132361695,0.18931403919528594,0.15340835870868738,-0.3505795717851412,0.17941517668148046,-0.005887696662701346,0.13433311575578563,-0.0006388207476078306,0.19388446592450692,-6.087749324617981e-05,0.2861672411958622,-0.00017137908497452437,0.44016388314903004,0.0005940600820479535,0.6614289311079893,-0.0012137802126783,1.364505794256775,-0.0011488220041861,-0.00041618472437308967,0.045731438887271145,0.062274744577098064,0.25
4.0,712000931,0.08441997523421249,0.1,0.07377791853906665,0.09337230993574047,0.07384090448455252,0.02556362588280802,-0.002525695114297513,0.003179194082573685,0.05876975692820693,0.13433311575578563,0.09364616159542574,0.08231146441963005,0.056465764005967825,2.7764451051977987,0.06475676246613159,-0.013870481177360588,0.3457167111777346,1e-150,12.706204736432095,0.04675975951088239,-0.004538440962632335,0.1587442104539232,0.10497587878365654,-0.12113378099068071,0.26413822157950856,-0.007252159137925307,0.13433311575578563,-0.0005867975947562565,0.19388446592450692,-0.0008434889229373017,0.2861672411958622,0.00048749114397395943,0.44016388314903004,-0.00020488991868228135,0.6614289311079893,-0.00015260742439896757,1.364505794256775,-0.0006518993782566213,-0.000450465684539252,0.0476810090722626,0.08040504763139616,0.25
4.0,861433396,-0.17825841284227378,0.1,0.0781143776500415,0.06338149105856174,0.08782317886346962,0.10258259730817192,0.003412319724914374,0.007110869545576187,0.10321828764154667,0.32612014812863077,0.07185862770366355,0.08231146441963005,0.08444774237160911,2.7764451051977987,0.17171270312009224,-0.727131142741013,0.22637064541511281,0.10042146195237177,12.706204736432095,0.08278505997586566,-0.30688946324355904,-0.05650377394603988,0.11905676052950578,-0.46689542489452573,-0.07078814170736343,-0.0023658183570451617,0.13433311575578563,0.0026261010557826034,0.19388446592450692,0.0014198218941171789,0.2861672411958622,-0.0008340917782643945,0.44016388314903004,-0.00151786893479381,0.6614289311079893,-0.00038120715192803455,1.364505794256775,-0.00047875151844489836,-0.000603303053943262,0.05491932351831994,0.0816971454759545,0.25
4.0,2132412704,0.0970887596559326,0.1,0.06592017452967977,0.04231405174710863,0.05437917043372397,0.05813817568658986,0.0017806635278263812,0.0015993839443384072,0.06097974478920363,0.32612014812863077,0.042920948473130355,0.08231146441963005,0.040050049204556064,2.7764451051977987,0.10943780423821163,-0.1793889051367393,0.4283072066648158,0.06441224676715462,12.706204736432095,0.03509903465657428,0.026028141535521604,0.1591972347587374,0.08612483390462831,-0.03830560796210559,0.2958068780112978,-0.004710197965103946,0.13433311575578563,-0.0012162039180088871,0.19388446592450692,-0.0005276260562524133,0.2861672411958622,0.000331143464331521,0.44016388314903004,-0.0006483923734969633,0.6614289311079893,0.0001786852475645695,1.364505794256775,-0.00032215361943322725,-0.00045111813096621994,0.04772278599486048,0.06768899496149255,0.25
4.0,2094293366,-0.06176054521065005,0.1,0.05758321913686819,0.05416158254640384,0.04960122803398464,0.060187776078290324,-0.0010064964017483576,0.004629064790998775,0.06904357040458078,0.13433311575578563,0.0657162278128569,0.08231146441963005,0.06813547967815854,2.7764451051977987,0.06409173981166405,-0.3204536569793586,0.03544073758805244,0.05569827098406107,12.706204736432095,0.05799938885156766,-0.16690091007842384,0.03832675790782224,0.12585780838660585,-0.35422578586454584,0.039057058989288226,-0.005479008078139277,0.13433311575578563,-0.0008779828612476433,0.19388446592450692,-0.0001940864277025892,0.2861672411958622,-0.0001964329948856966,0.44016388314903004,0.00012978521507679572,0.6614289311079893,-0.00014530246255312957,1.364505794256775,0.00286392903878421,-0.0011795685408555147,0.07709193435715427,0.12391153187146314,0.25
4.0,92806549,-0.045347951598751754,0.1,0.060070686553924016,0.06251047177813342,0.05917248072208267,0.06623720615181035,-0.0002258681922741707,0.004613235671071594,0.07316603068813908,0.13433311575578563,0.06820878865645025,0.08231146441963005,0.06801888504043603,2.7764451051977987,0.14232337634412742,-0.5490219965985078,0.24128408661324574,0.0650047363532449,12.706204736432095,0.05821764856127743,-0.1441607571882826,0.053464853990779104,0.12059155804958888,-0.3830866454381856,0.04490934287638961,-0.005064795386940016,0.13433311575578563,-0.0014920810793188637,0.19388446592450692,-0.0010411382374559857,0.2861672411958622,0.0002626268044827713,0.44016388314903004,-0.00012699771326010653,0.6614289311079893,0.00011438569327942781,1.364505794256775,-0.0012485558935286971,-0.0001719280874501597,0.029170454341144316,0.04470902312824522,0.25
4.0,74285017,-0.055711285024471986,0.1,0.059101030409100856,0.0398691251487094,0.033558616731009995,0.0320788479360683,-0.00045391937974685517,0.0014829718646522487,0.035424697931017136,0.13433311575578563,0.035724357714176126,0.08231146441963005,0.038564982957390824,2.7764451051977987,0.054542444942377,-0.16149526696708896,0.14137294160447714,0.03068288300318133,12.706204736432095,0.037596481266294064,-0.12652070354386033,0.009231864352040028,0.04792442881124044,-0.12053772161892067,0.056566999866495465,-0.005832773068530134,0.13433311575578563,-0.0003814180611917569,0.19388446592450692,0.0003753171493218154,0.2861672411958622,-0.00036330165647618625,0.44016388314903004,9.843655129536814e-06,0.6614289311079893,-0.00015974480490008597,1.364505794256775,-0.0007593572967052685,-0.00029135144832388737,0.03796104983731103,0.061276450468312836,0.25
4.0,1065304657,-0.03511467476699612,0.1,0.06836407619485858,0.08707025011163327,0.10145370287670598,0.10174588176982774,0.0029398142508951586,0.007412410206224606,0.10317887130257401,0.32612014812863077,0.0848321042006684,0.08231146441963005,0.08621968079916353,2.7764451051977987,0.07196946467665914,-0.16309899753367008,0.23653953831676222,0.10403767965834873,12.706204736432095,0.07529003889803597,-0.16503493865737934,0.0948055891233871,0.10933386393109151,-0.13115795413760478,0.2634644076831863,-0.006940821992893669,0.13433311575578563,3.892068563568168e-05,0.19388446592450692,-0.00040203652189406424,0.2861672411958622,-0.00034498472413846767,0.44016388314903004,0.00030660658325664243,0.6614289311079893,-0.00047113168915982677,1.364505794256775,-0.0012803077188523208,-0.00031276180946488406,0.03978851436331629,0.07074057453599716,0.25
4.0,1601327343,0.38377509301289203,0.1,0.08088232654154871,0.08479544249585971,0.10243448798973416,0.0760762365033403,0.0029840731281933416,0.0028035206323188265,0.10129945804860091,0.13433311575578563,0.11295378438972911,0.08231146441963005,0.05302474227288499,2.7764451051977987,0.04703889659286866,0.2350642737956675,0.4962661021940187,0.05063625586675893,12.706204736432095,0.04939316816261707,0.3030909727563494,0.47150614544566455,0.0792397724003797,0.24314175725622492,0.5245120847939163,-0.006163081444688613,0.13433311575578563,0.0025199257528459433,0.19388446592450692,0.0002703288527560454,0.2861672411958622,-0.0003174777017452451,0.44016388314903004,-2.655024460836044e-06,0.6614289311079893,-0.0012005829712969974,1.364505794256775,-0.002040283428160964,-0.0001963381121177795,0.031364405635776575,0.03971405862625234,0.25
4.0,206766157,-0.32727947520467154,0.1,0.07858899200783805,0.04905630720105319,0.06473071244464214,0.05921260713566801,0.0016880383605150542,0.001818094483287908,0.0637629341857734,0.32612014812863077,0.05413950483828347,0.08231146441963005,0.04270069193375103,2.7764451051977987,0.07160696684314123,-0.5458817850749238,-0.14825615989552274,0.07010109235968029,12.706204736432095,0.03993003277817288,-0.3843783473301711,-0.27018060307917197,0.05932316335570829,-0.47212419491509816,-0.2574823845930328,-0.007583903962015092,0.13433311575578563,-0.0020165896964324842,0.19388446592450692,1.58436691185609e-05,0.2861672411958622,-0.0002017209775595249,0.44016388314903004,1.4088794668369208e-05,0.6614289311079893,0.00018694064693600625,1.364505794256775,-0.0013792086018695514,-0.00023200758134968394,0.0340200385836549,0.04714920033422287,0.25
4.0,1270298473,0.1417524356507074,0.1,0.07264064219133423,0.10398009715088415,0.12310409970265393,0.12391275050471849,0.004120504075073561,0.011233865662571051,0.12646937198050237,0.32612014812863077,0.11322121630360578,0.08231146441963005,0.10614298602547918,2.7764451051977987,0.12829886078955663,-0.048310651043441954,0.6641188370397946,0.1317129600408165,12.706204736432095,0.09807793796159776,-0.05527957121588628,0.33878444251730105,0.1256628871318033,-0.04279275444201106,0.39699430157196486,-0.004271296438932561,0.13433311575578563,-0.0025800019396537564,0.19388446592450692,0.000567964278034423,0.2861672411958622,-0.0005700389283155148,0.44016388314903004,-5.680084049902956e-06,0.6614289311079893,-0.00018081144151557173,1.364505794256775,0.000772664526072975,-0.0007541825719586002,0.06145201238566788,0.08144998067631146,0.25
4.0,1624326495,-0.01875835671355345,0.1,0.05802567712945923,0.03549155715076752,0.04656294641754512,0.04847810234480718,0.0011132013667397758,0.0012369250402138236,0.04848087657030582,0.2431366342882323,0.03748280921346018,0.08231146441963005,0.03522073207750959,2.7764451051977987,0.1915993832887621,-0.8117092749208332,0.25222106486116785,0.04519289757608114,12.706204736432095,0.033122202447141376,-0.07352712689295877,0.03601041346585186,0.08788466714143699,-0.3108505615064094,0.05528061564362284,-0.004378899405296417,0.13433311575578563,-0.0018426549883429255,0.19388446592450692,0.000245350176472389,0.2861672411958622,-0.00029987856193712997,0.44016388314903004,0.0001741203096506358,0.6614289311079893,-0.0002557423937784445,1.364505794256775,0.0004598293708767292,-0.0005746421927750362,0.053426729821156836,0.07109781014788497,0.25
4.0,1113573895,0.2964105699491652,0.1,0.06775095000409757,0.05275037084209469,0.04843354198432478,0.0648517943302807,-0.00025665854216439703,0.0044624137700214235,0.07252688523274148,0.13433311575578563,0.0598535422319284,0.08231146441963005,0.06689776468347627,2.7764451051977987,0.24827517901751814,-0.2794716749132604,1.0991731361373305,0.057753748536526275,12.706204736432095,0.0652549670928763,0.16860402864512825,0.42421711125320216,0.13129812022588605,0.1402971429365919,0.769968759311492,-0.008072709592291802,0.13433311575578563,0.0008491542962720222,0.19388446592450692,-0.0024898946096028845,0.2861672411958622,0.00044075243211939315,0.44016388314903004,0.0005380839740499972,0.6614289311079893,-0.0004270574842247501,1.364505794256775,-8.846753385900041e-05,-0.0005873876588561584,0.05406434398912045,0.08978688679043706,0.25
4.0,950473537,-0.14494080239351495,0.1,0.06395779324656116,0.024586175376278104,0.030895154497986063,0.03447277520651989,0.000396988101951715,0.0007913841284875375,0.03600052715178259,0.32612014812863077,0.025831704914768914,0.08231146441963005,0.028172173608955135,2.7764451051977987,0.12322825441380297,-0.36589272639024073,0.3183802411883039,0.03592953007495588,12.706204736432095,0.02570635844260309,-0.19763865619891216,-0.0974443511003665,0.05721745988160419,-0.3329640258064628,-0.0935495117761268,-0.007389194866294145,0.13433311575578563,0.0009389997654970578,0.19388446592450692,-0.001389465980418388,0.2861672411958622,0.00014608524587141766,0.44016388314903004,-0.0001423251779556946,0.6614289311079893,5.877412463841973e-05,1.364505794256775,-0.0009291915383096865,-0.00034050960975221645,0.04116124198301733,0.06090342465431689,0.25
4.0,1652016067,-0.4596082457763819,0.1,0.06466526329428546,0.04618777940694581,0.060282245429357124,0.04004331050829987,0.0012780819999270634,0.00032538471653705556,0.04456921939438249,0.32612014812863077,0.05018140522290153,0.08231146441963005,0.018064471616765963,2.7764451051977987,0.1094774238651913,-0.8224200397914869,-0.21450392455113682,0.048724156096210475,12.706204736432095,0.015894956884507885,-0.4868885121226203,-0.43232797943014345,0.1077269799111166,-0.7676381607572987,-0.39485791787446034,-0.004982087035760455,0.13433311575578563,0.00024612860845403723,0.19388446592450692,-0.0006333552664432115,0.2861672411958622,0.0003444078876327024,0.44016388314903004,5.2568164861234394e-05,0.6614289311079893,-0.000663746026499917,1.364505794256775,-0.0008826494189677775,-0.00029701478194843755,0.03857024655934619,0.042533016167283215,0.25
4.0,368005042,-0.24861296155998103,0.1,0.08143064528305183,0.061614877979460525,0.07780973856575181,0.09155323456761222,0.0028464523058122746,0.005535542453979952,0.09158370566462842,0.2431366342882323,0.06926596840977171,0.08231146441963005,0.07450866480881677,2.7764451051977987,0.1259324370752519,-0.526364416536384,0.17292458047004192,0.08677095667736308,12.706204736432095,0.06791437758103534,-0.37152160154515845,-0.13102562016917374,0.07125096775591684,-0.35960608324468224,-0.10124587904395818,-0.006261047223000841,0.13433311575578563,-0.0012899611646511873,0.19388446592450692,-0.0016344380619251254,0.2861672411958622,0.000903942680193779,0.44016388314903004,-2.978823558209373e-05,0.6614289311079893,-0.00036473415170359627,1.364505794256775,-0.0017744474490755566,-0.00015850966821991195,0.028124850725597634,0.04379832214371963,0.25
4.0,60739202,-0.29405070368229197,0.1,0.05839064299246878,0.040297674428421276,0.03773661172184734,0.04710322157241237,-0.00011144791591479646,0.0023301613984145703,0.051331077898368285,0.13433311575578563,0.03674335198113218,0.08231146441963005,0.04834145187031746,2.7764451051977987,0.06045836650743782,-0.5531116552858446,-0.21739298377018404,0.041241245060820615,12.706204736432095,0.04202054162958916,-0.3648575955614007,-0.22354981301976157,0.08596434619818336,-0.5168867085634397,-0.2201471411180267,-0.004585165052831407,0.13433311575578563,-0.0030214494882015355,0.19388446592450692,-0.0016796291521921612,0.2861672411958622,0.000777926022497217,0.44016388314903004,-0.0002672953962300029,0.6614289311079893,0.00013360014436158532,1.364505794256775,0.0018260363169831028,-0.0009869557916338475,0.07037209595112928,0.10118290801151862,0.25
4.0,1149834848,-0.2570438853374688,0.1,0.07147550493503374,0.040281967072776724,0.04508593183353228,0.04807987933298103,0.0004832200777011822,0.0018284547189728341,0.0482800474866023,0.19388446592450692,0.04480390107920405,0.08231146441963005,0.04282218198765375,2.7764451051977987,0.08634070117376264,-0.49040183391839437,-0.010961399611916167,0.046123627051041574,12.706204736432095,0.03993296033893886,-0.3344934121908868,-0.17959435848405084,0.06224791356371099,-0.3350687548731599,-0.0962145467566234,-0.009367573329752436,0.13433311575578563,0.0024035260956982362,0.19388446592450692,0.0009748720680336591,0.2861672411958622,-0.0007347492557334663,0.44016388314903004,0.0007371144833155337,0.6614289311079893,-0.0010671815627964767,1.364505794256775,-0.0004650161501621296,-0.0005032040364583805,0.05047872164887945,0.07108832182794851,0.25
4.0,316737469,-0.014319136095719555,0.1,0.07706084063673979,0.05763520947188556,0.07801589753775758,0.06304526575503096,0.002627639239505908,0.0013470662946165723,0.06522928937700129,0.32612014812863077,0.06594535753207811,0.08231146441963005,0.036755401641164615,2.7764451051977987,0.05264015200730293,-0.1511082534235128,0.1411967313315758,0.06847126101245118,12.706204736432095,0.03320681254307387,-0.06972397940460545,0.04585825166108282,0.06768095241312469,-0.14644418480710758,0.09426731611550732,-0.0063318862186515145,0.13433311575578563,-0.0008900653841947238,0.19388446592450692,0.00039601836619047366,0.2861672411958622,0.0004868208824546742,0.44016388314903004,-0.000851192485607298,0.6614289311079893,5.5847670477243565e-05,1.364505794256775,-0.00030894231199336255,-0.0005015143951470724,0.05036224641640404,0.07403233006941781,0.25
4.0,1247698434,0.3983780135585923,0.1,0.07181615179060764,0.06322373166708929,0.0664357266512479,0.08364155317059586,-0.001037235839685873,0.008033145256475489,0.09012304713049875,0.13433311575578563,0.08158548240771603,0.08231146441963005,0.08975724170950032,2.7764451051977987,0.1646473299757183,-0.21070603707064323,0.7035625097192966,0.07528573105070129,12.706204736432095,0.08395684495711486,0.26192464200561766,0.5387203890000155,0.14494812440765026,-0.009409602230964775,0.4535948744743375,-0.009530173377539588,0.13433311575578563,0.0011024027555085148,0.19388446592450692,-0.0011154802534691036,0.2861672411958622,0.00029687610474850404,0.44016388314903004,0.00011650282004720792,0.6614289311079893,-0.00027922921072024326,1.364505794256775,0.0026170736672357317,-0.0012961688125243444,0.08019409959515851,0.1305778267976774,0.25
4.0,187263145,-0.11569977772231817,0.1,0.068024609832489,0.03814099166696762,0.04900803358225627,0.049071958025138133,0.0009389107662752859,0.0014691462981456333,0.05302102613152333,0.32612014812863077,0.039983755920154705,0.08231146441963005,0.03838479367812895,2.7764451051977987,0.17677250987208587,-0.48568734889542625,0.49591099064033844,0.05788763564595877,12.706204736432095,0.031185386654010033,-0.17241652553070505,-0.06358799792396634,0.09360846112940246,-0.18294398080816388,0.1989734602943305,-0.004596651354450045,0.13433311575578563,0.0004613685702396119,0.19388446592450692,-0.0014684743475246928,0.2861672411958622,0.00016576126899146056,0.44016388314903004,-0.0004926534722314113,0.6614289311079893,-7.192126264049712e-05,1.364505794256775,-0.0017569365318859536,-0.00017441035473623,0.029753637291822416,0.04200991202553042,0.25
4.0,2069338842,0.15961941930531565,0.1,0.06288837507287011,0.029352579946435847,0.02849960503098174,0.030383070937981354,0.0001890134901832019,0.0007341175094392053,0.030728747844917952,0.13433311575578563,0.027595245839717595,0.08231146441963005,0.027133728758596716,2.7764451051977987,0.04599562613523136,-0.04086760406872671,0.2145410580186154,0.02929672594910871,12.706204736432095,0.024715655381295092,0.11257687924972738,0.20666195936090392,0.05613910425693574,0.005292232309806966,0.21183674006511288,-0.005611526761526462,0.13433311575578563,0.0008100395736455839,0.19388446592450692,-0.0007765285593947552,0.2861672411958622,-0.0008370515331725858,0.44016388314903004,0.0003507666580760781,0.6614289311079893,-0.00014864410002188012,1.364505794256775,0.0018510207856003607,-0.0009816858522739742,0.06980897912399685,0.11760648883130208,0.25
4.0,986224613,0.007085788979210594,0.1,0.06945984019911304,0.07897021860054566,0.12473146215972913,0.09778504183749173,0.007824069943133994,0.0017378444640260152,0.10598719594540812,0.32612014812863077,0.09027138071945609,0.08231146441963005,0.041747660244465946,2.7764451051977987,0.05384276868098909,-0.1434248416585423,0.15555814145071672,0.11318950731593473,12.706204736432095,0.038405841168183054,-0.061572455079740185,0.07574403303816131,0.0942747832853443,-0.20014028744192602,0.13238197811751956,-0.005258637480877502,0.13433311575578563,-0.0008289174388768317,0.19388446592450692,-0.00034486400999155837,0.2861672411958622,0.00014185292246876713,0.44016388314903004,-0.0002556849786573555,0.6614289311079893,2.095100780982517e-05,1.364505794256775,-0.0004817388971084162,-0.0003563964456355912,0.04254763576188605,0.06186949748658597,0.25
4.0,1038093632,-0.2998126004623908,0.1,0.07096179889978008,0.09993300058319106,0.10924765417172908,0.10700554445052379,0.003504829829425498,0.007945356713727526,0.11131748670169747,0.32612014812863077,0.10209033690558003,0.08231146441963005,0.08926544780841977,2.7764451051977987,0.1596680438649498,-0.7977773557931235,0.08884176189757109,0.11539584448804371,12.706204736432095,0.08169811291762231,-0.4403002316281191,-0.15227182320017796,0.1215094024292996,-0.549488533934203,-0.17316959619548034,-0.0061116572262032345,0.13433311575578563,8.128216336782424e-05,0.19388446592450692,0.0007199552267495958,0.2861672411958622,0.00018540168564334014,0.44016388314903004,-0.00017611303196760422,0.6614289311079893,-0.0006260655152843259,1.364505794256775,0.0009042199380388433,-0.0007466739705722018,0.0608985374970282,0.08884850606333794,0.25
4.0,640312140,-0.2075891620222623,0.1,0.06657378796847557,0.08927000453471992,0.08889554311938135,0.07798985424343649,0.000525809920704454,0.005556607444208015,0.08133402039054527,0.19388446592450692,0.08786465381031723,0.08231146441963005,0.07465029807907886,2.7764451051977987,0.13892889711721237,-0.32457102669026805,0.44688588605295765,0.07323568513161129,12.706204736432095,0.06554630262229384,-0.31718295316499295,-0.09799537087953167,0.2596045943550684,-0.2954192645753842,0.6183113319943585,-0.0066728591933622175,0.13433311575578563,0.0005170256487322844,0.19388446592450692,-0.0016684743372639614,0.2861672411958622,-0.00024425590966127537,0.44016388314903004,0.0006331992608868267,0.6614289311079893,-0.0005473365879489544,1.364505794256775,-0.0011458005814183221,-0.00033845445635878726,0.041032297438421725,0.06013572621656813,0.25
4.0,1209711487,0.1471081837837746,0.1,0.06728712980508143,0.050810940941055344,0.06185785740006317,0.053384168379422677,0.0013940686878377404,0.0014558007457248115,0.05341551491186784,0.2431366342882323,0.060042731754110214,0.08231146441963005,0.03821005446647453,2.7764451051977987,0.06574845357082777,-0.06714130164371965,0.2979526425383794,0.0471579185189769,12.706204736432095,0.035510150758856336,0.08259854472939678,0.2177462620617991,0.057954606130427015,0.037158244785894905,0.24561737091592475,-0.0063980088353469845,0.13433311575578563,-0.00012182225681571854,0.19388446592450692,0.0006320093044338291,0.2861672411958622,-0.0006444609241593512,0.44016388314903004,6.383550449629279e-05,0.6614289311079893,-1.933083232373648e-05,1.364505794256775,-0.0012130242080490782,-0.00017285053128401434,0.02928000829034938,0.03807065126262201,0.25
4.0,1229738588,-0.08322985482948801,0.1,0.050029030350479294,0.03316628250937992,0.019994659583774492,0.044978311174306534,-0.0006382962881644968,0.002661344764257245,0.04768064452744652,0.13433311575578563,0.0333661474559618,0.08231146441963005,0.051662718783769206,2.7764451051977987,0.04918734006261934,-0.2846869387556916,-0.011555039646573478,0.04310284601486052,12.706204736432095,0.04373560108012699,-0.1615787213889353,-0.0057744591608001935,0.06357050035422007,-0.17268903516578832,0.02652999509758633,-0.007497693943900997,0.13433311575578563,-0.0017916627533349062,0.19388446592450692,-0.000145259345062917,0.2861672411958622,0.00033296556894120427,0.44016388314903004,-0.0003465434369405152,0.6614289311079893,0.0002292886863340261,1.364505794256775,-0.0014364027641828056,-0.00022494815864687346,0.033518841773690584,0.04578127349662153,0.25
4.0,1032030633,0.11362652974905504,0.1,0.059598819293007886,0.03381155766972882,0.030566148200275613,0.023188730250513736,-8.048827673412095e-06,0.0005457660383045028,0.031625801840577936,0.13433311575578563,0.03571359699934579,0.08231146441963005,0.02339537126862304,2.7764451051977987,0.09563418837363678,-0.18149485690291306,0.3495512914961831,0.011256599276242401,12.706204736432095,0.01927302625173827,0.07760279287943443,0.14669731628306507,0.07408571051478997,-0.005230505666843894,0.2802690963861529,-0.007043682234046984,0.13433311575578563,-0.0015697003534395476,0.19388446592450692,0.0011407668661942614,0.2861672411958622,-0.00026457152869562294,0.44016388314903004,-0.00021371208251977364,0.6614289311079893,6.670545659310472e-05,1.364505794256775,0.002220945301517572,-0.0010628047180905433,0.0728096958697681,0.11180964563741197,0.25
4.0,86983935,-0.27508144988535216,0.1,0.07165637779421924,0.06374303102552585,0.04783961645851997,0.06352420546205113,-0.001674109312290038,0.005709433991874924,0.07476226707771012,0.13433311575578563,0.0691965272961984,0.08231146441963005,0.07566990978048474,2.7764451051977987,0.08407111479764402,-0.49393187708900477,-0.027094206752122818,0.05599953194067773,12.706204736432095,0.06789802976413789,-0.39671885585735084,-0.17978359478749695,0.07885610916622753,-0.4280331934049125,-0.12217338640972007,-0.005593092854219909,0.13433311575578563,-0.002812641893577599,0.19388446592450692,-0.00045971136963429465,0.2861672411958622,0.0006931212367082476,0.44016388314903004,0.0002820617460586946,0.6614289311079893,-0.0008436195746485706,1.364505794256775,0.0009571789000748209,-0.0008580085649921178,0.06520835519872764,0.09742908795828605,0.25
4.0,1928352084,-0.17310296252428192,0.1,0.055221858065326035,0.05284366660806426,0.0672579645655477,0.06053146313408226,0.0014423989226042626,0.0022216591065484974,0.06476279702621078,0.13433311575578563,0.0654967096245834,0.08231146441963005,0.04720254322200475,2.7764451051977987,0.11020672167819959,-0.405610511941504,0.2063553139851627,0.04837820785097182,12.706204736432095,0.03841520802208054,-0.2421336153722018,-0.09133538706271063,0.10766942328502736,-0.24669577230647852,0.16019283640771056,-0.004596155719795989,0.13433311575578563,0.000791739579096432,0.19388446592450692,-0.0004932143896093283,0.2861672411958622,0.00017613005199534323,0.44016388314903004,-0.00023975649052625022,0.6614289311079893,-0.0003684514814544682,1.364505794256775,-0.00017031823213505625,-0.0004407625298934727,0.04688022245364166,0.054783226138598415,0.25
4.0,1148957391,-0.10473059631017233,0.1,0.05980361990383267,0.07927560280988133,0.0765224949374262,0.07734166785181874,-0.0004236721787821982,0.006405405764883251,0.07875342873814999,0.19388446592450692,0.0779161624662,0.08231146441963005,0.0801493512032865,2.7764451051977987,0.13167554712976315,-0.324247685689245,0.4069321709161009,0.0638068641118194,12.706204736432095,0.0712774395865824,-0.2125485641875593,0.016549109163504674,0.11660534823484069,-0.24689499737484036,0.1877225987890229,-0.006025816221393874,0.13433311575578563,-0.0002755727210883772,0.19388446592450692,0.000642254573812083,0.2861672411958622,-0.00022620777432361575,0.44016388314903004,-0.000820255420898706,0.6614289311079893,3.465653961405192e-05,1.364505794256775,-0.0011311715756632775,-0.00035584527461076564,0.04206575748991557,0.046994981521478366,0.25
4.0,1652465170,0.06879860992077816,0.1,0.07697176074566822,0.0888136000081893,0.08876608246836801,0.08203453505387132,0.00048591710139219476,0.006243747840112647,0.09214744310071775,0.13433311575578563,0.09382140015591622,0.08231146441963005,0.07913149407221763,2.7764451051977987,0.07555768275335019,-0.09813881255577085,0.3214247043254837,0.06785664658424731,12.706204736432095,0.07369119587210486,-0.05102573211543255,0.1906996744093089,0.09945307887616481,-0.07332100979282974,0.31169858150324503,-0.005619623868255933,0.13433311575578563,-0.0022529376309373588,0.19388446592450692,-0.0007147390931663258,0.2861672411958622,0.00031329919002234135,0.44016388314903004,1.2374102750510682e-06,0.6614289311079893,-0.00030016800323368905,1.364505794256775,-0.00046614767321509736,-0.00048672185705524884,0.04911438594987143,0.08087414862959999,0.25
4.0,2069285587,-0.17548547026425565,0.1,0.06372958479477568,0.06812931085742426,0.06322426683582516,0.07418561378925931,-0.0007836891242055232,0.006287194417494663,0.08100778677679835,0.13433311575578563,0.07149686639484093,0.08231146441963005,0.07940633160917428,2.7764451051977987,0.10734249231298425,-0.2162860122506315,0.3797750624736034,0.0664138984001639,12.706204736432095,0.07573755833075059,-0.2814145640033671,-0.04960446949535066,0.1365524153421691,-0.24678460961303897,0.1937679385147109,-0.005732112731410828,0.13433311575578563,-0.0010524595281943877,0.19388446592450692,0.0005182405260551059,0.2861672411958622,0.00018482677913479474,0.44016388314903004,-0.00023890040195877449,0.6614289311079893,-0.00040278582150892633,1.364505794256775,-0.0019184248226646592,-7.414877902887115e-05,0.019339780566401208,0.02665634105307028,0.25
4.0,392098450,-0.10297578167052916,0.1,0.05772527487862871,0.03778307730181024,0.03918590105682016,0.03851899377039966,0.00010010385123155447,0.0013836090298525337,0.04217685669063159,0.13433311575578563,0.040921527351043985,0.08231146441963005,0.03725060938939132,2.7764451051977987,0.15760637330994878,-0.44329864575684036,0.4318722416919282,0.033090236809261556,12.706204736432095,0.03582627895364124,-0.17361290168443905,-0.032338661656619264,0.08396095014147642,-0.2739265128108453,-0.026992454839001832,-0.008796009057224583,0.13433311575578563,0.0026137070724856957,0.19388446592450692,-0.0007939466156065012,0.2861672411958622,8.169605088374193e-05,0.44016388314903004,-0.0008054269976230018,0.6614289311079893,0.0003289860728578235,1.364505794256775,-0.0024041846172280328,-5.128993630238401e-05,0.015931378392471465,0.023074243677204606,0.25
4.0,514323828,0.09117498224449576,0.1,0.07071990221825133,0.05129045901919413,0.06022077799566684,0.06446759469862302,0.0012946434471146897,0.0028614273191112385,0.0654260329812947,0.19388446592450692,0.052533849582140954,0.08231146441963005,0.05356955609546095,2.7764451051977987,0.11104055680116454,-0.12129479643319033,0.49530122438487256,0.06410248474687782,12.706204736432095,0.05318557509103604,0.00818622175670182,0.17416374273228968,0.09655281126314658,-0.0011077428782132435,0.34744700654911037,-0.008335391896300249,0.13433311575578563,0.0015224155810363723,0.19388446592450692,-0.0016974825310207622,0.2861672411958622,0.00020068876625573315,0.44016388314903004,-0.0002378252241295046,0.6614289311079893,8.284716147369444e-05,1.364505794256775,-0.001964860364012705,-0.0001620077798035808,0.02849237112984524,0.04002406948208778,0.25
4.0,1454922737,0.06855074384883844,0.1,0.07262350980718095,0.05106629517946151,0.06130471161251279,0.06748752862816444,0.001219314554472856,0.0033352519658644583,0.06978247907694297,0.32612014812863077,0.06008603555798133,0.08231146441963005,0.05783503628781778,2.7764451051977987,0.10466477636247905,-0.29030852918722855,0.2908834828492259,0.06955812907746746,12.706204736432095,0.05156315818953508,-0.024758095951252838,0.16802103033148635,0.059610879134412834,-0.04900059312621643,0.17564027799991433,-0.006832007018681483,0.13433311575578563,-0.0005905363637064793,0.19388446592450692,0.00045111160677836337,0.2861672411958622,-0.00022334186371693077,0.44016388314903004,-0.0002796552271782399,0.6614289311079893,2.800476129080916e-05,1.364505794256775,-0.0005382372023673665,-0.00041945683377795685,0.045977546987139774,0.07485733767000029,0.25
4.0,380589198,0.2875451350288573,0.1,0.0654715178357116,0.039196039490797197,0.0508001199560529,0.045844647534826914,0.0007668223736683843,0.0013349093339241273,0.045872044123527224,0.2861672411958622,0.048841509537692965,0.08231146441963005,0.03658917125853405,2.7764451051977987,0.1098982911359132,-0.0815690092407097,0.5286841357471079,0.04689924217904247,12.706204736432095,0.03209292105360569,0.22197449780413203,0.3531157722535826,0.055150255990051966,0.187211264291798,0.41604317309315325,-0.005461356444149238,0.13433311575578563,-0.0014745237808021802,0.19388446592450692,-0.0002169638229769246,0.2861672411958622,-0.0002555240988864439,0.44016388314903004,3.588438604361641e-05,0.6614289311079893,-8.894651637086405e-05,1.364505794256775,-0.001017559276006646,-0.0002914596856165069,0.03830563457338948,0.05848726789983179,0.25
4.0,504265793,-0.027788136553292164,0.1,0.049867202134491556,0.049592464321743794,0.02929837674521851,0.025342709835875294,-0.0014917870739349674,0.0021340400157603377,0.02986667553052334,0.13433311575578563,0.03854716321199516,0.08231146441963005,0.046262379548296345,2.7764451051977987,0.07166161578334941,-0.22293850893385286,0.1749905758106387,0.02137639657549305,12.706204736432095,0.03965437084120588,-0.09245980961863852,0.03462129863930163,0.06823877111216277,-0.15975454409582882,0.07097894966261473,-0.002285927559543078,0.13433311575578563,-0.0028921617056348065,0.19388446592450692,0.0007109888642200244,0.2861672411958622,-0.0017376428907732722,0.44016388314903004,0.0011519838223843376,0.6614289311079893,-0.0010321199219348897,1.364505794256775,-0.00034064666865963494,-0.0005293726786865344,0.05146186924227251,0.07414613794035964,0.25
4.0,197707379,-0.045338211341683705,0.1,0.06811322958919087,0.03845532335022417,0.05440254151968771,0.049175408881949066,0.0014457639092768564,0.0009724569294300185,0.049283644627689104,0.2861672411958622,0.04826149617076378,0.08231146441963005,0.0312292731037759,2.7764451051977987,0.06553170171516576,-0.15538921455736304,0.2085011303673453,0.048263823236036875,12.706204736432095,0.02603700549639925,-0.10492781697580991,0.014251394292442494,0.04339266920132132,-0.11068783938758088,0.05797297548456031,-0.004597366428340425,0.13433311575578563,-0.001273632083959026,0.19388446592450692,7.071407769033251e-05,0.2861672411958622,-0.0004380570141484033,0.44016388314903004,-0.0007625654732945732,0.6614289311079893,0.00044266159102474836,1.364505794256775,-0.001640814533428496,-0.0001809651236356293,0.02995150583426958,0.04945424782622635,0.25
4.0,1860297763,-0.20287420361773872,0.1,0.0690814894338764,0.0387770377164145,0.043620290687719665,0.04648436744091785,0.00020405801852629748,0.0019567383978559656,0.04704929107186028,0.32612014812863077,0.04200878164829232,0.08231146441963005,0.04429891320500501,2.7764451051977987,0.15875539393120422,-0.6274098060798253,0.2541414667282552,0.046574779292461864,12.706204736432095,0.04133782365446542,-0.28482201725539885,-0.12774715567457867,0.11727510030595917,-0.3254169586185882,0.10240556714252855,-0.00844788428574017,0.13433311575578563,-1.9466663176474412e-05,0.19388446592450692,-0.0001218135218559857,0.2861672411958622,-1.5197287809920045e-05,0.44016388314903004,8.32728049549732e-05,0.6614289311079893,-0.0001277770624943004,1.364505794256775,-0.0022051043841916224,-2.0353467902122934e-05,0.010076403813681328,0.013412423105176876,0.25
4.0,1683656202,-0.02487359211485139,0.1,0.055084481217689794,0.07424406244073657,0.09446463582718445,0.0827137749506241,0.005453570563827058,0.0013879980027554307,0.08302091492087293,0.2431366342882323,0.07925340005355262,0.08231146441963005,0.03730964429844767,2.7764451051977987,0.09874276638950855,-0.2488317661985531,0.29947597463312836,0.07256732356708324,12.706204736432095,0.0315018975008948,-0.09578502723594032,0.022822604201000848,0.10590309989833631,-0.11390425885254042,0.2836169487607135,-0.005854562730135135,0.13433311575578563,0.00030324968002111663,0.19388446592450692,-0.002157492223576318,0.2861672411958622,0.00016066785929293544,0.44016388314903004,-0.00010662514207067554,0.6614289311079893,-7.4734470633399385e-06,1.364505794256775,0.0021589508975623146,-0.0011468524748365645,0.07565784881601637,0.12270275579479273,0.25
4.0,1181993349,0.21957892206509738,0.1,0.08369591454550958,0.11619721676931194,0.13711972682844542,0.15655488354157882,0.005082880632445979,0.01942655092827133,0.15664865615608678,0.2431366342882323,0.1226393635555486,0.08231146441963005,0.13958043211431925,2.7764451051977987,0.19843763512780818,-0.1695891842994074,0.9323132171758522,0.14758968652811197,12.706204736432095,0.11945256758489207,-0.027528480484583395,0.4646795376111158,0.15387971869625797,-0.017922841503760976,0.5177360803215799,-0.007365600740365492,0.13433311575578563,-0.0007431943578013351,0.19388446592450692,7.553717655963369e-05,0.2861672411958622,-0.0005549828703269611,0.44016388314903004,-0.000439876331399355,0.6614289311079893,0.00018939700095124795,1.364505794256775,-0.0023696668419366375,-9.611210146886667e-05,0.021818522719549097,0.031099959951945692,0.25
4.0,1010300324,-0.19128169859925775,0.1,0.05621155487416484,0.06185056110515028,0.08188308388984494,0.06230118393936921,0.0021833556153159524,0.0016980819049311636,0.06282693914747577,0.2431366342882323,0.07361754554430083,0.08231146441963005,0.041267295236076286,2.7764451051977987,0.061348236453876485,-0.3911637259759157,-0.050503704346150646,0.043599092851431494,12.706204736432095,0.032794912140379065,-0.25423141545221406,-0.1332351273054811,0.11727773820681683,-0.4714208334322915,-0.09244292729088224,-0.006170234854039988,0.13433311575578563,-0.0006824779197980963,0.19388446592450692,-0.0007501734404592886,0.2861672411958622,0.000500186622170986,0.44016388314903004,-5.438091877070143e-05,0.6614289311079893,-0.0005511563718284666,1.364505794256775,0.002267253216238775,-0.0011746820857426517,0.07715404821229102,0.1304818717440169,0.25
4.0,1217232480,-0.31736844979326884,0.1,0.046792664689211026,0.028227086947231,0.02169253745008828,0.0031277723409204356,-0.00024582773879248184,0.00025561069860910874,0.009632102747340394,0.13433311575578563,0.022994538788184936,0.08231146441963005,0.016010916833637104,2.7764451051977987,0.09625183157108075,-0.529466213885826,0.005009639377874131,1e-150,12.706204736432095,0.015338720693003781,-0.3473662318773202,-0.29292023159483693,0.09284083493842224,-0.3459760884374855,0.014555894763135404,-0.007321365405430292,0.13433311575578563,0.0021707564556461153,0.19388446592450692,6.8070099296307364e-06,0.2861672411958622,0.00011838256745656623,0.44016388314903004,-0.0004601313102087507,0.6614289311079893,-0.0002071425840686021,1.364505794256775,0.0025005917547823216,-0.0011602849971607792,0.07595306417332635,0.08983240822631247,0.25
4.0,1957547614,0.2200510554105684,0.1,0.0815815773815026,0.08435112523136576,0.12794990771004983,0.12093351811416736,0.009514908328267967,0.005110007475201676,0.12784629195484926,0.32612014812863077,0.09361965903643163,0.08231146441963005,0.07158754279156027,2.7764451051977987,0.11591806829794693,-0.041235841474910995,0.6024444651847267,0.13530614251759085,12.706204736432095,0.06798250087636863,0.09293390214441773,0.35145137449296415,0.12507232759339162,-0.12953645920746412,0.4052895926414314,-0.007531229348133612,0.13433311575578563,-0.0007146779660153991,0.19388446592450692,0.000424848894391939,0.2861672411958622,-0.0006635611985183979,0.44016388314903004,6.115657660750601e-05,0.6614289311079893,-0.00025427088892065444,1.364505794256775,-0.002391155810861932,-0.00011196008051158586,0.023687260589894482,0.03259484586558285,0.25
4.0,1615498279,-0.039015921331474884,0.1,0.06458445671296878,0.08635728133071321,0.10215167788621525,0.15112399316002825,0.00338394849586561,0.019454512812766656,0.15465968155994111,0.32612014812863077,0.08539033743799732,0.08231146441963005,0.13968084954069576,2.7764451051977987,0.14817171531894915,-0.7274865936714586,0.09529467378065748,0.1544999426744954,12.706204736432095,0.13235876140155511,-0.25973264330210244,0.18170080063915264,0.12706143689056582,-0.37971220192965344,0.058069514437619776,-0.006898624105103776,0.13433311575578563,0.0005076662063847288,0.19388446592450692,-0.0008956908640595626,0.2861672411958622,0.00025083501659236966,0.44016388314903004,-8.58996074487652e-05,0.6614289311079893,-2.7629288557543615e-05,1.364505794256775,-0.0007192238957506961,-0.0003166270816506247,0.03990678637551809,0.05580730086041065,0.25
4.0,284535886,-0.0034212710748435307,0.1,0.0759683593290018,0.04900305889039768,0.04197328275775679,0.05089095882144551,-0.0004653321083976378,0.0030552217981637004,0.051582634769113934,0.19388446592450692,0.051002750325177926,0.08231146441963005,0.05535387898754379,2.7764451051977987,0.283019796260746,-0.9032851475131929,0.6682927084912602,0.04488158746176231,12.706204736432095,0.0483680087330098,-0.09479015130307512,0.09346754685315425,0.07154385254483592,-0.1254042135111115,0.13716775754875193,-0.007009826962321363,0.13433311575578563,0.0008535942902536342,0.19388446592450692,-0.0022134621967107152,0.2861672411958622,-0.00010090390114617857,0.44016388314903004,0.000586307049696709,0.6614289311079893,-0.0002971148040188251,1.364505794256775,0.0006424811000805821,-0.0007486123479853584,0.060831998810033656,0.09626272739946012,0.25
4.0,214141572,-0.294584385946322,0.1,0.06208387947094682,0.03904256229901614,0.047052341343950095,0.04451100132875636,0.0005710945416533817,0.0014101346976351686,0.044609128169813175,0.19388446592450692,0.0431271816424411,0.08231146441963005,0.03760598664366304,2.7764451051977987,0.049100984678379,-0.5401470842312109,-0.267494707089856,0.037593110946619344,12.706204736432095,0.033790271610279476,-0.3526435581252534,-0.2425276615736115,0.08108101858261604,-0.5043765827904155,-0.16333570882411275,-0.006158110443009501,0.13433311575578563,0.0009570536813980864,0.19388446592450692,-0.000317873157553669,0.2861672411958622,0.00017106016724767318,0.44016388314903004,-0.0003810117522448525,0.6614289311079893,-0.00011109647467401568,1.364505794256775,-0.0008845801373140469,-0.00028779006751523224,0.037852805177845006,0.05777417143445022,0.25
4.0,2028712802,-0.15862320426390794,0.1,0.07408261702118196,0.09520891258286779,0.11590145753056022,0.10506767924506312,0.004693823029353183,0.006345394192590286,0.10980028644887814,0.13433311575578563,0.12095884467305049,0.08231146441963005,0.0797730122420123,2.7764451051977987,0.17849576158475183,-0.7176255138963987,0.2735418532046763,0.09515197932221874,12.706204736432095,0.0714970068526618,-0.28063174166931626,-0.032327507946628836,0.1085827395019517,-0.352302018225352,0.05773672464398691,-0.006929273333130996,0.13433311575578563,0.0008744831858786396,0.19388446592450692,-7.531530850511844e-05,0.2861672411958622,0.00023495523580525232,0.44016388314903004,-0.0007785765900574688,0.6614289311079893,-2.059624639387073e-05,1.364505794256775,0.0002587971251209091,-0.0006863840829428521,0.058848399228311546,0.09373176334035073,0.25
4.0,283352705,0.15912637914846262,0.1,0.05182093269335514,0.023451402880279,0.022999565350372262,0.02214492309547179,2.216478396446515e-05,0.0004682328349398947,0.022962501180321154,0.19388446592450692,0.024126088314370388,0.08231146441963005,0.021669935602795787,2.7764451051977987,0.05964825307963077,-0.05626300669222563,0.27495719390085516,0.017802853226617038,12.706204736432095,0.018963717597775667,0.12251652059228951,0.19573623770463572,0.04341390856133967,0.03695276034038477,0.19272650965768412,-0.005914175833900698,0.13433311575578563,-0.00012775660169920676,0.19388446592450692,0.0006237488886607648,0.2861672411958622,-0.0005211515188201172,0.44016388314903004,8.93297612456723e-05,0.6614289311079893,-0.00019802687741928265,1.364505794256775,-0.0007623034191412556,-0.0002808628452213859,0.03763163720181294,0.055230660664515874,0.25
4.0,1353286536,-0.007961967591422075,0.1,0.06558654264300084,0.08290227110750276,0.09491704687485292,0.09560022620820062,0.0019577671508620572,0.007181636100197071,0.09622489126434203,0.32612014812863077,0.08704867478472941,0.08231146441963005,0.08486690918077001,2.7764451051977987,0.0863670002714246,-0.2076060986651843,0.2719803716432433,0.0966497211258989,12.706204736432095,0.06785668477709293,-0.1222804964119008,0.11816147394977168,0.09343751524510105,-0.21313913823446531,0.1239624367118534,-0.00486244038307704,0.13433311575578563,-8.43256949590827e-05,0.19388446592450692,-0.0002894510379116477,0.2861672411958622,-2.0831992115585263e-05,0.44016388314903004,9.892752454675554e-05,0.6614289311079893,-0.0007155037875689761,1.364505794256775,-0.0001810679667909032,-0.0005338212562949709,0.05167633144939964,0.06607452195092366,0.25
4.0,1775798549,-0.15000411865346625,0.1,0.0699935339092951,0.031618417884782556,0.03938481621842291,0.037136797334566825,0.0004490968464345179,0.0009300448698341718,0.037241059874474645,0.2431366342882323,0.033584555049779224,0.08231146441963005,0.030540675512952385,2.7764451051977987,0.11107798053438556,-0.5791342955281302,0.03766953517177207,0.03043909488056453,12.706204736432095,0.025950791493229042,-0.20213728288145036,-0.10633638701495773,0.07415747865626153,-0.36576271735016214,-0.0061999924837606996,-0.007649697098307599,0.13433311575578563,0.00028885248259935764,0.19388446592450692,-0.0005615787538926261,0.2861672411958622,-0.0004389673507636204,0.44016388314903004,0.0002692812176102032,0.6614289311079893,-0.00010319567704720396,1.364505794256775,-0.0009499652709478241,-0.0003420474729472813,0.04144782290062059,0.046784892864230154,0.25
4.0,544418074,0.19594040322144735,0.1,0.054200335842615216,0.062383270557508655,0.09202552839049763,0.09334309855658511,0.004027429814318232,0.00468550423382613,0.09695054348815675,0.32612014812863077,0.07101276707496165,0.08231146441963005,0.06854958901100044,2.7764451051977987,0.121286755755281,-0.12375072107994806,0.5497413176041936,0.08916169473086562,12.706204736432095,0.05684766790306434,0.08299250273735297,0.31260559486065953,0.07722742941244765,0.09847648324207986,0.36684693746103636,-0.005731178712788615,0.13433311575578563,0.00069619849210107,0.19388446592450692,-0.0010695672228935547,0.2861672411958622,0.0006865278151470104,0.44016388314903004,-0.0001972189780806474,0.6614289311079893,-0.0006854317533953582,1.364505794256775,-0.00197782006223203,-0.0001233739958371014,0.02469742758517322,0.03647018646815504,0.25
4.0,242165681,0.1937142393965243,0.1,0.059576992262651056,0.043246946255519524,0.0273055393600953,0.012521197377249322,-0.0009865945801142792,0.0011433749638743145,0.022192709378521785,0.13433311575578563,0.0346232907177955,0.08231146441963005,0.03386265665586541,2.7764451051977987,0.06621013064174452,-0.04929516562727304,0.3183624206422837,1e-150,12.706204736432095,0.03094286773568294,0.1378643378352253,0.2505435377045586,0.04219752989152218,0.14026950611516592,0.2835645888457479,-0.005382884959695565,0.13433311575578563,-0.00038293860767042975,0.19388446592450692,-0.0010520040547457043,0.2861672411958622,-0.001615364888693761,0.44016388314903004,0.000301095734472575,0.6614289311079893,0.00040869940653699363,1.364505794256775,-0.0017231576538285912,-0.00018605153135468257,0.030331778239412525,0.05069215143452524,0.25
4.0,791709451,-0.18456716870590423,0.1,0.06794353562278034,0.046599396469081844,0.05656037393792633,0.06897669856336698,0.0011222541225868314,0.0036355308221147613,0.07066713246793037,0.19388446592450692,0.05235844642925948,0.08231146441963005,0.060382432351053464,2.7764451051977987,0.14858155522110858,-0.4656923581588185,0.35936470527382824,0.0628942308178323,12.706204736432095,0.04906250425028997,-0.2704723187423852,-0.09354695311830101,0.0954310740613078,-0.23739986300448065,0.09015311411401035,-0.006159229517648714,0.13433311575578563,-0.0009794517992946633,0.19388446592450692,0.0002526832067782992,0.2861672411958622,-0.00038590675602797963,0.44016388314903004,4.186895457422947e-05,0.6614289311079893,-0.00010145837587964355,1.364505794256775,-0.0019371178525013205,-5.85435263871433e-05,0.017027018955514863,0.022255997906667574,0.25
4.0,31506005,-0.07311632571305388,0.1,0.054201466843298615,0.06509346436255403,0.051967682076868894,0.07043220816005435,-0.0015191860930926322,0.006479882039393859,0.0723748354146773,0.13433311575578563,0.05891976873561974,0.08231146441963005,0.08061395674550824,2.7764451051977987,0.11904598478855523,-0.48379238447674955,0.17725689904252193,0.07241227718816454,12.706204736432095,0.07328370199557664,-0.20792040291167974,0.04125246756860518,0.07038693334829443,-0.2259357118281757,0.029682225159676653,-0.005747774045494825,0.13433311575578563,-0.0011073752793669108,0.19388446592450692,2.521063712989955e-05,0.2861672411958622,-0.0001652653545198796,0.44016388314903004,-9.278711398013474e-06,0.6614289311079893,-7.723084563290568e-05,1.364505794256775,-0.0014778491497156457,-0.00013352510790563035,0.02594472504933861,0.04297953883779391,0.25
4.0,1360328796,-0.4059729098281964,0.1,0.062148866452324154,0.04964686285300992,0.05386171045987362,0.061224808031562765,0.0018866050122664326,0.0018618721062352798,0.062177342557247044,0.19388446592450692,0.056987112926632555,0.08231146441963005,0.043211725717567616,2.7764451051977987,0.12471675114517375,-0.6695392614103932,0.022999165095985985,0.059314730464389114,12.706204736432095,0.03414709492940757,-0.48145884883481127,-0.3563758588891973,0.046166113896384385,-0.4715969474818366,-0.31075696137663883,-0.005221382397525821,0.13433311575578563,-0.00181173465299425,0.19388446592450692,-7.403873146973199e-05,0.2861672411958622,0.00014967793146816117,0.44016388314903004,0.00016144458366508461,0.6614289311079893,-0.0003875022100634148,1.364505794256775,0.0013704241967820946,-0.000836559029144757,0.064568831907165,0.08189119125230225,0.25
4.0,16218646,0.14884510384885802,0.1,0.06785623470061407,0.033420972515115666,0.03788050013983494,0.027394270568860297,0.0003326185439863976,0.0004178275160135279,0.02768209960065041,0.19388446592450692,0.03531202759565489,0.08231146441963005,0.020470347090131274,2.7764451051977987,0.0619074348684998,0.05096830636488059,0.3947334953968762,0.02430830542671309,12.706204736432095,0.019937712440641974,0.11952697516206948,0.17816323253564656,0.07537933596178192,0.09876935204189644,0.31880843628141603,-0.007258909763295253,0.13433311575578563,-0.0024534438766448037,0.19388446592450692,-0.00012243845353060087,0.2861672411958622,0.000739432822145115,0.44016388314903004,-0.0007136218958976348,0.6614289311079893,0.0003566001773999651,1.364505794256775,-0.0008290233767741017,-0.00036741091690976885,0.04284746699845902,0.06670816293141513,0.25
4.0,1593575388,-0.09999342767980648,0.1,0.04801394816649216,0.025974026216714872,0.02239590863667598,0.022026413706654986,-0.00010180980430143807,0.0005869727050781567,0.024647464934718116,0.13433311575578563,0.026401045763194478,0.08231146441963005,0.02426250518769665,2.7764451051977987,0.060586400680421995,-0.27361728138767993,0.0628123498337405,0.01803580431004323,12.706204736432095,0.020578735834655294,-0.13921352921564858,-0.06447628532119726,0.04150406755875761,-0.15894262540084803,-0.03179579909139956,-0.007414097139599186,0.13433311575578563,0.0008206736168573955,0.19388446592450692,0.0003793453703674424,0.2861672411958622,0.000828710008252976,0.44016388314903004,-0.0010619296642778086,0.6614289311079893,-0.00013044617322824768,1.364505794256775,-0.0009473943830893599,-0.00036990093650327596,0.04307466393591479,0.06112102342063322,0.25
4.0,70106630,-0.1672977429051321,0.1,0.06710602417959405,0.061147064218308664,0.08986681396975649,0.09036517958317382,0.003838793789447548,0.004327071891651706,0.09089022966829677,0.19388446592450692,0.07423851021133641,0.08231146441963005,0.06587547252033846,2.7764451051977987,0.24501213745921757,-0.6085953186690761,0.7519301808563136,0.08410952701222138,12.706204736432095,0.05915637838894562,-0.27738339922618105,-0.06163387624416394,0.13742518201869508,-0.2403505469728249,0.27108850169350956,-0.005422163678170205,0.13433311575578563,-0.001594147164233993,0.19388446592450692,-0.0006547291952771895,0.2861672411958622,-0.0003018277398019989,0.44016388314903004,-0.0002638947085625843,0.6614289311079893,-0.00027686182251454626,1.364505794256775,-0.0007228786080220755,-0.000649640330085316,0.057100738801251515,0.0634413919607918,0.25
4.0,737151210,-0.1415766946565462,0.1,0.0685641218364667,0.06968906038001005,0.0663596276155259,0.08947599753132361,-0.0007582137483154111,0.00876416788254084,0.09539358951442281,0.13433311575578563,0.07835387303920976,0.08231146441963005,0.09375232182468486,2.7764451051977987,0.11293954262324726,-0.42639903844712307,0.20074184215206298,0.0945552737728487,12.706204736432095,0.0817010887292726,-0.30241710183369236,0.007301566380309876,0.0906258457155003,-0.22678861960285177,0.0802461129701436,-0.007113691002298674,0.13433311575578563,0.0009022996607932962,0.19388446592450692,-0.0012760502460556556,0.2861672411958622,0.0003747015256902653,0.44016388314903004,-0.0006894790662865683,0.6614289311079893,0.00020067527840545213,1.364505794256775,-0.0018391684884442733,-0.00017306749501132124,0.02930021662345681,0.046625155907698515,0.25
4.0,244176604,-0.3500590001908032,0.1,0.086220290158797,0.17587517085960855,0.2587307411933803,0.2409603804905277,0.038859519307691805,0.019202385658448083,0.24172161580315893,0.2431366342882323,0.20314545465314132,0.08231146441963005,0.1387727778885126,2.7764451051977987,0.13409322866257323,-0.7317129839511963,0.012891992769544891,0.17528000235488855,12.706204736432095,0.12165271007430083,-0.5724663229054647,-0.14524230716758496,0.19772613066408984,-0.7899170736914196,-0.055417475226074944,-0.0066682016959876056,0.13433311575578563,-0.00044314793838839343,0.19388446592450692,-0.0008109318813677116,0.2861672411958622,0.0006119646503049367,0.44016388314903004,2.557714261440604e-05,0.6614289311079893,-0.0006357676819537929,1.364505794256775,-0.0012759008512136267,-0.00030582913759038443,0.03902876516215465,0.060274216634024026,0.25
4.0,1242695024,0.1210619721853006,0.1,0.06049981226407512,0.11192199948724095,0.10123142197516011,0.0640771641670835,-0.002610566981270008,0.006716449948965379,0.0821577542975831,0.13433311575578563,0.11825115039131533,0.08231146441963005,0.0820722952890937,2.7764451051977987,0.0879776204846083,-0.22985208050600964,0.258677987016871,0.052921122278274085,12.706204736432095,0.0760111750757371,0.001172557936758148,0.24095138643384306,0.15979383725750837,-0.3162478919663864,0.26763158642069157,-0.005751376807657432,0.13433311575578563,-0.0003167227777217611,0.19388446592450692,-0.0006567005786801414,0.2861672411958622,0.00011098395362857262,0.44016388314903004,-0.0003562679381020703,0.6614289311079893,0.0002683918026981723,1.364505794256775,-0.0013217948051981539,-0.00013453410972296166,0.026079476981965014,0.03720993594975101,0.25
4.0,1525448342,0.3283964367045918,0.1,0.05801587610737466,0.05971647986673674,0.046446981620461784,0.04416499371276355,-0.0014034478443183686,0.0033539945139668126,0.059241123542489026,0.13433311575578563,0.06348571901232374,0.08231146441963005,0.05799731148708291,2.7764451051977987,0.1212709745032248,0.15469640059993617,0.8281008077240273,0.03470865765599325,12.706204736432095,0.05327259632513707,0.2385414172536493,0.41655996189343036,0.07292494656225268,0.2513749036876613,0.5190084122327312,-0.0027818438398254084,0.13433311575578563,4.609792676382866e-06,0.19388446592450692,0.0005845243525111864,0.2861672411958622,-0.00012212583950083408,0.44016388314903004,-0.00010102568577881406,0.6614289311079893,-0.0009005603858617167,1.364505794256775,-0.0011501490666662021,-0.0002147122934382092,0.03267849700269435,0.03833268550878173,0.25
4.0,675574152,-0.13785868078872318,0.1,0.06748800764914548,0.060852907898233055,0.07911966264731578,0.08723965206485358,0.0027182908960500718,0.00489246599634664,0.08753571442614702,0.19388446592450692,0.0665504630555314,0.08231146441963005,0.0700471703317171,2.7764451051977987,0.13715351092237255,-0.5086844832473212,0.25291390487490695,0.08161961576695714,12.706204736432095,0.06531564238796399,-0.2529489371355773,-0.017706831623573005,0.0711151540636875,-0.25569862341882404,0.0386075617673339,-0.004547394339520251,0.13433311575578563,-0.0011374704522694322,0.19388446592450692,0.0005882323005001534,0.2861672411958622,0.00037805036407441504,0.44016388314903004,-0.00037290410269897716,0.6614289311079893,-0.00036675044861247486,1.364505794256775,0.0020246838991774493,-0.0009626531650051685,0.06930226053687363,0.08374332826675512,0.25
4.0,160949112,0.05579216492159501,0.1,0.059264923850051915,0.02584582493759885,0.03665849538616911,0.03548981945137879,0.0004869357574614505,0.0007725915272300135,0.0358187509676506,0.19388446592450692,0.0328073716489956,0.08231146441963005,0.027835668677420298,2.7764451051977987,0.10006078140354835,-0.20767920117570632,0.34794733232459113,0.035402820717478245,12.706204736432095,0.02459763555254244,0.020286268916193104,0.09129806092699691,0.05756423059055023,-0.09201241460629765,0.15939018008164627,-0.006130437369592361,0.13433311575578563,-0.0002109577249546424,0.19388446592450692,0.00025404428844555627,0.2861672411958622,-0.00017125200277005732,0.44016388314903004,-0.00023309688775474688,0.6614289311079893,2.5874400126041997e-05,1.364505794256775,-0.0015771592932025552,-9.555445858330535e-05,0.02174273211021467,0.029647131842302794,0.25
4.0,398337732,0.06640197916336066,0.1,0.057241096803245156,0.058602315038032926,0.04657275151451515,1e-150,-0.0015345298418417011,0.000804184874294443,1e-150,0.13433311575578563,0.04781711138218798,0.08231146441963005,0.02839910400056979,2.7764451051977987,0.039437345731969886,-0.04875596489141013,0.17023528614763206,1e-150,12.706204736432095,0.02491225797541814,0.0238844706936579,0.10891948763306342,0.07409085157427794,-0.08786687831234585,0.18636304033545806,-0.005830493727400238,0.13433311575578563,0.0009275352199887282,0.19388446592450692,-0.0028738203611323675,0.2861672411958622,-0.0003059243573049593,0.44016388314903004,0.0009452395842600701,0.6614289311079893,-0.0006586331452631873,1.364505794256775,0.0010369588442169992,-0.0008885943301183941,0.06675241162445235,0.0940612495057958,0.25
4.0,1243865193,0.17695194644108678,0.1,0.059215329431537435,0.06215607348667802,0.049701936961313815,0.05860153879038462,-0.001335446875510756,0.00476958722411171,0.06525154877587996,0.13433311575578563,0.06075191263087108,0.08231146441963005,0.06916192708626216,2.7764451051977987,0.13821080929576213,-0.18587341308058006,0.5815960368287103,0.05264784745276443,12.706204736432095,0.06125536319849775,0.05332446679842413,0.2915277515648575,0.10064600010819454,-0.03021157738737967,0.25448327457350517,-0.006482488717297347,0.13433311575578563,-0.0012519751572867596,0.19388446592450692,0.0012405674237812065,0.2861672411958622,-0.0009434205352132691,0.44016388314903004,-0.0003563401512589697,0.6614289311079893,0.00010049645262742838,1.364505794256775,-3.657970948879639e-06,-0.0006649638923746984,0.05767685000449841,0.07894549593370315,0.25
4.0,1052929186,0.0072864633730681735,0.1,0.06948310662721871,0.07860988248256418,0.0671387662532247,0.05820885992733356,-0.001797141514659227,0.005185412888699166,0.07067736561483555,0.13433311575578563,0.08986069085889449,0.08231146441963005,0.07211379639952438,2.7764451051977987,0.07373206191362182,-0.14101619786245734,0.2684098469299753,0.04297695478620968,12.706204736432095,0.06640029333139275,-0.11261501325100501,0.11375232189836557,0.09677872658577803,-0.0889640791256221,0.2739736157635352,-0.006900300311112806,0.13433311575578563,-0.0009281204842624916,0.19388446592450692,-0.00022626347920216434,0.2861672411958622,1.9230398962768124e-06,0.44016388314903004,0.0001352260551659723,0.6614289311079893,-7.253699654272472e-05,1.364505794256775,-0.0005773591222225123,-0.00034829221516175364,0.04184160608069493,0.05544679968429171,0.25
4.0,1842319073,-0.02833626994948136,0.1,0.07776980967583041,0.06079339317033843,0.06523423632148334,0.054959336896217834,0.000645921540601281,0.00237460717147069,0.055068050691991166,0.2431366342882323,0.06518662368973709,0.08231146441963005,0.04880030940452971,2.7764451051977987,0.06603606339101302,-0.28213723969255516,0.08455377024446413,0.044752304145318264,12.706204736432095,0.04127458380562262,-0.0966047517957001,0.05417731743571482,0.09411358992980205,-0.2118223018386664,0.2118590580432234,-0.006906870558819752,0.13433311575578563,0.0019126147050743338,0.19388446592450692,-0.0012362082162122527,0.2861672411958622,-0.0001657135712209741,0.44016388314903004,-0.0004384400383311462,0.6614289311079893,0.0002588525504696512,1.364505794256775,-0.001748715684940311,-0.00014274382870309928,0.026720305928785357,0.04005183371556564,0.25
4.0,2133373803,-0.0012251091625018126,0.1,0.06160084113588918,0.029204358463582842,0.03474631748768838,0.024933247605486063,0.00040039745947144465,0.00022126937668503184,0.026405867435810176,0.32612014812863077,0.031476854549811084,0.08231146441963005,0.014896606444222913,2.7764451051977987,0.10282313424357889,-0.3366370470312974,0.2343285285120642,0.028723597233050686,12.706204736432095,0.014963763122723924,-0.02841410606940089,0.025963887744397264,0.10527667019551298,-0.22693343820226827,0.2543696535673259,-0.00449313986976299,0.13433311575578563,-0.0017488645843010615,0.19388446592450692,-0.00027824650961766036,0.2861672411958622,-7.226656575934802e-05,0.44016388314903004,-0.00022977147683913258,0.6614289311079893,0.0001572058527927344,1.364505794256775,0.00043079767142117876,-0.0005748047546924375,0.05345181528513974,0.06920880789447253,0.25
4.0,1931263254,0.08125879164182757,0.1,0.06385920623470714,0.03120729739908452,0.03655821091060161,0.02251752621765918,0.0002743278076407016,0.00023271117932226686,0.023338024698981302,0.19388446592450692,0.0396958708873232,0.08231146441963005,0.015276902663336178,2.7764451051977987,0.09616546398252805,-0.06184268331182785,0.4721535802149026,0.02029930836122347,12.706204736432095,0.013719765116153837,0.05497209581446937,0.10882512618881693,0.06407481604473068,0.023154269221254166,0.236915331518013,-0.00507812159640986,0.13433311575578563,-0.0016961342179977607,0.19388446592450692,0.0002907150303149087,0.2861672411958622,0.00036976876373577154,0.44016388314903004,-0.0006617116156863859,0.6614289311079893,-0.00017798498992674405,1.364505794256775,-0.00027027879851396035,-0.0005392912802036071,0.05183903090084606,0.07089491794630763,0.25
4.0,492842505,0.0414929531092973,0.1,0.06587717350040037,0.08666678411845316,0.076399756381081,0.08200419810267612,-0.002103983210320578,0.008828671716783528,0.09032725492284555,0.13433311575578563,0.09210481590689824,0.08231146441963005,0.09409669552661543,2.7764451051977987,0.17992157582346346,-0.3275864662118804,0.6714982908171792,0.07223166033032004,12.706204736432095,0.08554776992731895,-0.10657847811318501,0.17555956867494063,0.16993878378463587,-0.05247946578052671,0.46688588880676846,-0.0071716630055807555,0.13433311575578563,0.0010766327474938306,0.19388446592450692,1.3938781191753078e-05,0.2861672411958622,5.97266635881677e-05,0.44016388314903004,-4.467766968283588e-05,0.6614289311079893,-0.00042599457403587945,1.364505794256775,-0.0019397921900034887,-6.961470046232101e-05,0.018746736735699633,0.028116570184760926,0.25
4.0,1236377798,-0.06574669560564583,0.1,0.0658049847940548,0.06237470858612128,0.08074399019943901,0.094684625961244,0.0027318347314697097,0.00623334366195097,0.09473888489520743,0.2431366342882323,0.0726284466465365,0.08231146441963005,0.07906553677842616,2.7764451051977987,0.1343257559945924,-0.5103383031682858,0.23555787229807407,0.09238656973751735,12.706204736432095,0.07244861571057735,-0.1796846175344329,0.06002780673549446,0.07691293152389264,-0.22452302124921542,0.0626532042798052,-0.006847488857605554,0.13433311575578563,0.0007688791187055354,0.19388446592450692,-0.000537854528658179,0.2861672411958622,0.0005075806805551303,0.44016388314903004,9.024659489711734e-06,0.6614289311079893,-0.00039952494193879184,1.364505794256775,-0.0005464965711653977,-0.0003399140052062865,0.04148253531967223,0.06536763910626127,0.25
4.0,1686431892,0.04837946692590128,0.1,0.0749928796694165,0.22814206083993996,0.2658924341777343,0.23424280544358977,0.02181075783302608,0.033058934069057376,0.24788729599091552,0.32612014812863077,0.22486138305143408,0.08231146441963005,0.1820837173425457,2.7764451051977987,0.20325284035565888,-0.9470093833889317,0.1816313240571057,0.26773090053257304,12.706204736432095,0.1687223583938957,-0.2181620688004779,0.3347889235197017,0.35158141239507906,-0.8670892909751301,0.24860896664100554,-0.0075975629602377465,0.13433311575578563,-0.0005082167375342406,0.19388446592450692,-0.0006083874786639873,0.2861672411958622,-3.5613308427834704e-05,0.44016388314903004,-0.0007107103196105213,0.6614289311079893,0.00040647699229000376,1.364505794256775,0.0015706223608933582,-0.0011181874016461845,0.07473165883771421,0.09120489365922876,0.25
4.0,576876176,0.09466840385474257,0.1,0.0614392145551068,0.13537409411869625,0.1768671598360489,0.16717778130605787,0.01216324551421796,0.015785165048198158,0.17338883153460402,0.32612014812863077,0.145980164630776,0.08231146441963005,0.12582045506394937,2.7764451051977987,0.1618075062752191,-0.3750948987379224,0.5234044188262659,0.180817448757687,12.706204736432095,0.11408113881995803,-0.07965847838167783,0.26899528609116297,0.13349688901748352,-0.17499139528754698,0.2891069946414186,-0.004154416471935312,0.13433311575578563,-0.0013046470961228256,0.19388446592450692,-0.00046516728785972114,0.2861672411958622,0.000362153942978571,0.44016388314903004,0.00021644785688914827,0.6614289311079893,-0.0007890166022605575,1.364505794256775,-0.0016236464902692432,-0.00010553664928792982,0.022996377734026074,0.03153169438152377,0.25
4.0,1732088515,0.23922752187559185,0.1,0.06890300361429962,0.0468587826347526,0.06178781024753217,0.054623132521253226,0.001639352110393001,0.001344334496041391,0.05815931305290335,0.32612014812863077,0.04999044477090327,0.08231146441963005,0.036718113457209905,2.7764451051977987,0.17202159513262005,-0.29977433300796374,0.6554426985805971,0.05940060257116088,12.706204736432095,0.03156529987179123,0.18946277859596408,0.2889922651552196,0.10832285339938022,-0.03505430002747995,0.4448783517391741,-0.006761063138872076,0.13433311575578563,-0.00025517028958607624,0.19388446592450692,0.0008149855822762475,0.2861672411958622,-0.00023863049509525566,0.44016388314903004,-6.880657790671424e-05,0.6614289311079893,-0.00035349369535127176,1.364505794256775,-0.0007114774976233778,-0.00037739237667900135,0.04373393371839208,0.07476463870564748,0.25
4.0,734271645,0.13312652770942784,0.1,0.06534591491379033,0.02441511012145075,0.026556694368930604,0.03064552901420026,0.00013740147133560574,0.0008017469772245843,0.03291460525122058,0.13433311575578563,0.027993044066734904,0.08231146441963005,0.028356025197831085,2.7764451051977987,0.07903078225492689,-0.0827251363907007,0.3561241207125889,0.03211547473901441,12.706204736432095,0.024334403779707848,0.08959836239237251,0.17530900462908056,0.06399468325670934,0.00599414371646032,0.28934204624725834,-0.004578461579212982,0.13433311575578563,-0.0008142456390572974,0.19388446592450692,-0.0003172730682984555,0.2861672411958622,-0.00032391837972929426,0.44016388314903004,0.00036935880907318336,0.6614289311079893,-0.0006699577206775089,1.364505794256775,4.783202049411014e-05,-0.0005799444486674914,0.0540615644788993,0.0882132556414222,0.25
4.0,412119749,-0.222321557154219,0.1,0.07249639953472711,0.07705330059948001,0.07222232325867063,0.05587159575686677,0.0001017278091933688,0.0030199074032253637,0.05935656876366681,0.13433311575578563,0.07511353294612812,0.08231146441963005,0.055033039706198786,2.7764451051977987,0.05163623147211149,-0.23304269650977766,0.05368762773343133,0.04862887949387851,12.706204736432095,0.048562304479946895,-0.293931938946948,-0.13508295754783387,0.1334332769386382,-0.30654844607958487,0.16526785301220512,-0.006235684556849981,0.13433311575578563,-0.003043011711255503,0.19388446592450692,-0.0002685146054288975,0.2861672411958622,-0.0002966735477174821,0.44016388314903004,0.0005113511174964397,0.6614289311079893,-0.00046181501962069723,1.364505794256775,-0.0018545821375889537,-0.00021061367319073995,0.0323780102357352,0.04303217843171362,0.25
4.0,103431851,0.1685599093698686,0.1,0.06871211348636558,0.11675588763040208,0.11749697226448938,0.11828932808151248,0.00010403817692672922,0.013888326961048966,0.14591924157909947,0.13433311575578563,0.14284820566607073,0.08231146441963005,0.1180189248991313,2.7764451051977987,0.08142097646379441,0.04136521251463987,0.4934869556412942,0.10085371988598796,12.706204736432095,0.09568150953583632,0.02700117381636763,0.33559034966621587,0.1441804954544052,-0.045999924709456214,0.4565132101514153,-0.006479907120630056,0.13433311575578563,0.000328698882232553,0.19388446592450692,-0.001045789296888583,0.2861672411958622,-0.00011395710939035265,0.44016388314903004,-0.00042327832821817407,0.6614289311079893,0.0003777879850393784,1.364505794256775,-0.0021081631149041857,-3.072044828008965e-05,0.012339692870512115,0.018876621573018913,0.25
4.0,751097304,-0.11375296345629915,0.1,0.06449677809022714,0.05079072187664528,0.05330013490331086,0.05054422769926235,0.0003926137636707039,0.0021621051900441754,0.055446455075576564,0.13433311575578563,0.053677641955576706,0.08231146441963005,0.046565588678496694,2.7764451051977987,0.07578117972402064,-0.24218842817195918,0.1786161428497844,0.04372215140573388,12.706204736432095,0.03845444079649772,-0.18157179165330187,-0.05057882310249071,0.08166093497539573,-0.19862227550784897,0.08114129875333738,-0.0056484582935581035,0.13433311575578563,-0.0003428682776787864,0.19388446592450692,-0.0007643699037014042,0.2861672411958622,0.000908066580208276,0.44016388314903004,-0.0005701314712402154,0.6614289311079893,-0.00014966371097865742,1.364505794256775,-0.0005240680956072203,-0.0003835463046279681,0.04399907413846436,0.07186749873796754,0.25
4.0,695659477,0.04134622848383576,0.1,0.0695273494894416,0.033737765661563245,0.0335433537284922,0.033611283153070694,-5.2450880891625595e-05,0.0011821692360875194,0.037502867727806664,0.13433311575578563,0.042158135694551103,0.08231146441963005,0.03443233814570625,2.7764451051977987,0.051911478594504595,-0.21290950067895942,0.07534924061562574,0.0319495962217339,12.706204736432095,0.031186437451475205,-0.009561451781178789,0.08888613103034536,0.07991257162992176,-0.11379168401903507,0.1503684189655223,-0.0088140130512167,0.13433311575578563,-0.0002205348403888461,0.19388446592450692,0.00011370129294417897,0.2861672411958622,-0.00012471589986182312,0.44016388314903004,-1.2702083662471604e-05,0.6614289311079893,-6.61872420365849e-05,1.364505794256775,-0.0004897614317743848,-0.0004901442075725556,0.04923820720643552,0.07337730458747542,0.25
4.0,714353525,0.4034824853589674,0.1,0.07664165238838598,0.09267552272109376,0.14669789483430784,0.13145602504065926,0.012505711452149283,0.004774975067341154,0.13164230733490814,0.2861672411958622,0.11469822662081881,0.08231146441963005,0.06920097956905036,2.7764451051977987,0.09447207207500065,0.1068714000330846,0.631464444214143,0.12566758022680458,12.706204736432095,0.05515203248899198,0.3069341720673858,0.5353314551365898,0.10833758460150697,0.12290181528497078,0.5641358893618389,-0.007399966119191807,0.13433311575578563,0.00019285923058424777,0.19388446592450692,-0.0003049202871945522,0.2861672411958622,-0.0001886762023883305,0.44016388314903004,-7.953711293567873e-05,0.6614289311079893,-0.00027368721299882913,1.364505794256775,-0.002240454565803322,-0.00010595542706137847,0.023197019069840372,0.03617162786795424,0.25
4.0,963837516,-0.3029214687490597,0.1,0.06973721545170276,0.046726494007907626,0.03147571582078498,0.039463285244106285,-0.0011343389361004757,0.0026916898183581726,0.04469587063871594,0.13433311575578563,0.04261386531929782,0.08231146441963005,0.05195641701176332,2.7764451051977987,0.07265625274733643,-0.41750361640054157,-0.014051421795828856,0.03687149788774431,12.706204736432095,0.047402288057697584,-0.3775666282083444,-0.23317431170025132,0.08483917260162534,-0.4358197032763087,-0.08048406882504829,-0.0075519462250647085,0.13433311575578563,-0.0014344737629123933,0.19388446592450692,0.0002444933631746619,0.2861672411958622,-0.0003431171614008457,0.44016388314903004,0.00023878555170821707,0.6614289311079893,-0.00022351913089417035,1.364505794256775,0.0003609746049898089,-0.0006979594490284285,0.0590749590640185,0.07535669898352831,0.25
4.0,561036366,-0.032801627936596855,0.1,0.05743827496940491,0.05564004414612825,0.04665255194138799,0.059406544719337845,-0.00033160759397286724,0.0038607451494635544,0.06538650418812114,0.13433311575578563,0.050431984618954935,0.08231146441963005,0.06222462030771168,2.7764451051977987,0.131440373560054,-0.17838989603012131,0.5514840675622429,0.05665039112790839,12.706204736432095,0.05865820382447657,-0.12038541034219873,0.05468675273621804,0.1059163874555646,-0.10184920784531813,0.27549709706090414,-0.006518184161261272,0.13433311575578563,-0.0027389113843612443,0.19388446592450692,0.00055944991312132,0.2861672411958622,-0.000752283195335772,0.44016388314903004,0.0007534054655797746,0.6614289311079893,-0.000400431907233053,1.364505794256775,-0.0015718425175189898,-0.00017772892146880788,0.02979446695682434,0.0460649472894543,0.25
4.0,1730106707,0.06044099384788709,0.1,0.07985502193775047,0.07924402296970748,0.07648490723727187,0.0963744052943115,-2.280157229490095e-05,0.009310827568127119,0.10373244454551893,0.13433311575578563,0.08542421632744575,0.08231146441963005,0.09663196921512766,2.7764451051977987,0.12640654152091926,-0.26763676804211994,0.43428487889935724,0.09900751696898234,12.706204736432095,0.087122037870044,-0.07998166022150138,0.20086364791727557,0.083751988016395,-0.13317121529731712,0.1845693652913069,-0.006761659627839647,0.13433311575578563,-0.0014807408665033221,0.19388446592450692,-0.0005217333604754745,0.2861672411958622,-0.00012868116133631422,0.44016388314903004,-0.00014281654549528749,0.6614289311079893,0.0002745385799103497,1.364505794256775,-0.0014060673427795098,-0.00022466348032900379,0.03343714348308869,0.05432723772343093,0.25
4.0,1803632936,0.3196391558026743,0.1,0.06741821671464053,0.05560197480611757,0.05523165591236666,0.06641311751827997,0.0005178724267936074,0.003892829751703259,0.06656209330978008,0.2861672411958622,0.0518344930720817,0.08231146441963005,0.062482643227882585,2.7764451051977987,0.1907112930263995,-0.34664173255073805,0.712357139507442,0.06684124860805624,12.706204736432095,0.05612200601226491,0.21541398986879864,0.4173980599332545,0.16365244908910634,-0.21459315557082434,0.37740258459065457,-0.005291034629828086,0.13433311575578563,-0.002031003020130098,0.19388446592450692,-0.0007381581553714379,0.2861672411958622,0.0006779500221652522,0.44016388314903004,-0.00029160730094277096,0.6614289311079893,-0.0001309234467367235,1.364505794256775,-0.001096944595064831,-0.000267389331597004,0.0365896810837244,0.0423236898278957,0.25
4.0,17454683,-0.144985996460778,0.1,0.06428525174373964,0.03588614309685203,0.037062298753038826,0.03773930707646396,0.0003134739846613337,0.001110781313950309,0.03821193318995246,0.32612014812863077,0.03440960043402532,0.08231146441963005,0.03337651366707827,2.7764451051977987,0.17134672751537483,-0.4201935684616891,0.5312759973417578,0.03851943985767051,12.706204736432095,0.03046760418514537,-0.1974669059115759,-0.09250508700998011,0.09076994794179674,-0.3082488611225055,0.0880840099387093,-0.005649616766870961,0.13433311575578563,-0.0004709542921976291,0.19388446592450692,0.0002621575849810102,0.2861672411958622,-0.00021681222604752001,0.44016388314903004,-0.00011691039438480815,0.6614289311079893,-0.0001912740621311909,1.364505794256775,0.002330865366515711,-0.0010907307441779604,0.07390229221758553,0.09278513557731981,0.25
4.0,831949936,-0.026454156072018467,0.1,0.06133228953224421,0.060030757658141566,0.06576590373968226,0.05451241320923773,0.00011285732340004465,0.0028587458704946314,0.0573336610707935,0.13433311575578563,0.06674516112253052,0.08231146441963005,0.05354445014935385,2.7764451051977987,0.15101637442930863,-0.3955142015404248,0.44306314563751903,0.03927044974982143,12.706204736432095,0.05371654004105861,-0.11595178469874197,0.05742469330635733,0.0834485786952349,-0.22660731462378614,0.0996651513817086,-0.005344446262356716,0.13433311575578563,-0.002145530501802495,0.19388446592450692,-0.0010010740594632432,0.2861672411958622,0.0005919325453227806,0.44016388314903004,-0.000534306600262428,0.6614289311079893,0.00017044469463410432,1.364505794256775,-0.0010933515165469604,-0.00030968717542120795,0.03928329868607114,0.0637886944132885,0.25
4.0,1621039492,0.2951144890880402,0.1,0.07150993160326162,0.14083805576914935,0.16762542195832228,0.13754931242423013,0.009130828582872043,0.009788984765506423,0.13776129214628793,0.2431366342882323,0.14616227004084453,0.08231146441963005,0.09908217109546266,2.7764451051977987,0.16748774340800157,-0.06954551159313765,0.8604955391384039,0.1112049153600192,12.706204736432095,0.0746547602161852,0.1153363904330679,0.39891445922661717,0.14569463341947425,0.07702941904605266,0.5987137798583497,-0.008373940958756388,0.13433311575578563,0.0008508846897858306,0.19388446592450692,-0.0004360806142154074,0.2861672411958622,0.0004721152445065178,0.44016388314903004,0.00011527546822887712,0.6614289311079893,-0.0005117873387888138,1.364505794256775,0.0008608525364576287,-0.000761803198733412,0.06211234930580804,0.09038716212619868,0.25
4.0,86773674,0.10105746922124356,0.1,0.06283933373801841,0.06914621572794892,0.07008983752337634,0.043907270415697836,0.0009240033480670887,0.001003845047290126,0.04593303698165855,0.19388446592450692,0.06726226610146022,0.08231146441963005,0.03172926619942495,2.7764451051977987,0.06888281258821366,0.007997020289088996,0.39049571597469523,0.03913862346833408,12.706204736432095,0.02926418329200818,0.05761467462246303,0.15004551366495367,0.13110641790597963,0.003989910792701175,0.5081522033237929,-0.00652853301349816,0.13433311575578563,0.0004731498452267268,0.19388446592450692,-0.0006193086863952923,0.2861672411958622,-0.00014682559884870758,0.44016388314903004,9.145133297845213e-05,0.6614289311079893,-9.24212840087326e-05,1.364505794256775,0.0006947999611631607,-0.0006567312945264549,0.05698690544196145,0.08751421211534845,0.25
4.0,1224875639,-0.172199063558183,0.1,0.05672758716350081,0.04038069959302281,0.044315648335267126,0.037965470830517385,0.0006739323958628056,0.0007674445795200607,0.04050308096823778,0.19388446592450692,0.04181080199965016,0.08231146441963005,0.027742794153396814,2.7764451051977987,0.0413908783880204,-0.3395052844645563,-0.10966628106404312,0.024771706370931693,12.706204736432095,0.024412773086961218,-0.21433317138638158,-0.13006495572998444,0.05494585988802793,-0.32281304172168745,-0.12156461481833625,-0.004531840163026928,0.13433311575578563,-0.002366645274844462,0.19388446592450692,-0.0006108827216301469,0.2861672411958622,-0.00037314778102474265,0.44016388314903004,-0.0001152852453485231,0.6614289311079893,0.000339931553864935,1.364505794256775,0.00012524002543198018,-0.0005467243648708503,0.052271072231201365,0.07505913141714388,0.25
4.0,1947832986,-0.045025389079597994,0.1,0.07606425439889646,0.08393702642961384,0.09796623235509379,0.10577717606706098,0.0019830513176477904,0.009205759659074228,0.11103531377964926,0.13433311575578563,0.10186167806665222,0.08231146441963005,0.09608520125838035,2.7764451051977987,0.14175655655660846,-0.31743335840796344,0.46972523675461747,0.0979896109548325,12.706204736432095,0.08156759033204339,-0.1642272702149462,0.11905119141640297,0.08833081081367038,-0.16112008252194132,0.17857563737810161,-0.008370215108694144,0.13433311575578563,-0.0002142305457101708,0.19388446592450692,-0.00044927839765511864,0.2861672411958622,0.0005176163535426588,0.44016388314903004,-0.00035267995624296535,0.6614289311079893,0.00010547882155231134,1.364505794256775,0.0015339090803231756,-0.0009310643284396907,0.06858047900750047,0.10008186979594644,0.25
4.0,1641690064,-0.06785598050480982,0.1,0.06721174407541698,0.03974496239236857,0.04464165063118487,0.04971890881366836,0.00030227151101591167,0.0021696983826059576,0.05001134351061338,0.19388446592450692,0.0464722173133006,0.08231146441963005,0.04664728488540317,2.7764451051977987,0.2032065551337414,-0.6655844550494848,0.4627992356408809,0.044326157278840955,12.706204736432095,0.04389042126537174,-0.1421399540325537,0.019285319430062786,0.10086132944839944,-0.3156478809247203,0.043108880939644614,-0.008325660334960995,0.13433311575578563,0.0019802870324786385,0.19388446592450692,-0.0011530237949789644,0.2861672411958622,8.230469526684735e-05,0.44016388314903004,-0.00016217362362381792,0.6614289311079893,-0.00012360232324522106,1.364505794256775,-0.0003167502311197638,-0.0005483480423577085,0.0524383373035868,0.07451100478891463,0.25
4.0,1701960498,-0.2793640133525602,0.1,0.059988641470491606,0.05080005150641415,0.05593908811174108,0.04686010888434972,0.00032277083990045084,0.001873098964752661,0.04813118607202259,0.32612014812863077,0.054927460885278445,0.08231146441963005,0.043341810594109326,2.7764451051977987,0.07635060020253831,-0.40588482577546736,0.018081674647035723,0.05121084391350515,12.706204736432095,0.038018326784856296,-0.33864553394650604,-0.2152152683303648,0.14020160695709147,-0.32796280257297933,0.20264241604756084,-0.0055314006717395335,0.13433311575578563,-0.00022463031203592636,0.19388446592450692,0.0006573825101711439,0.2861672411958622,-0.00019046850722260572,0.44016388314903004,0.00012333062491041725,0.6614289311079893,-0.0005573519685336651,1.364505794256775,-0.0001019819521381305,-0.0004515348394412437,0.047724974190551175,0.0801622105038188,0.25
4.0,1706754447,0.07512499468546634,0.1,0.06204927443709422,0.04454626618523865,0.047707714113116535,0.06157938008715954,0.00017284202245134448,0.0036191780294675163,0.06460039632923531,0.13433311575578563,0.05096837887975531,0.08231146441963005,0.06024647775244461,2.7764451051977987,0.08107272335191885,-0.2178806179103085,0.23230731392067228,0.053443783840485135,12.706204736432095,0.05401580157981239,-0.015768928130053705,0.17421144981698483,0.09208110986539461,-0.10848775225419437,0.23545966363017065,-0.006493631321970775,0.13433311575578563,-0.0003800789429474541,0.19388446592450692,-0.000403518315197287,0.2861672411958622,-0.00012275980729056134,0.44016388314903004,0.00020832059687601656,0.6614289311079893,-0.0002268506495388501,1.364505794256775,0.0011529574673947748,-0.0007979710447008957,0.06335048161381436,0.07913073204005565,0.25
4.0,1683890030,-0.18291645543427226,0.1,0.06714674003789753,0.05683108709603762,0.05714703607378144,0.08712693316183331,0.0006444113186110097,0.006946691163575562,0.09036587341847221,0.19388446592450692,0.05961604566334007,0.08231146441963005,0.08346716902870745,2.7764451051977987,0.1423695689336363,-0.563643965629558,0.22691861996027235,0.08105358866250714,12.706204736432095,0.07606902409464561,-0.3179489829682408,-0.04788392790030371,0.07586744579059448,-0.28334387005870143,0.01962955330895992,-0.005164033485354494,0.13433311575578563,-0.0010760103490714207,0.19388446592450692,-1.662003303362383e-05,0.2861672411958622,-0.0003575630459937529,0.44016388314903004,0.0003952120325640033,0.6614289311079893,-0.0003621965493975141,1.364505794256775,0.0024916334184532877,-0.001097475612755682,0.07448022088814298,0.12190990345288805,0.25
4.0,1220863932,0.04115407061533564,0.1,0.07562597816537922,0.09847250506603406,0.13035271858279854,0.11339669760223611,0.007436377822621937,0.005422433204471043,0.11653975993769299,0.19388446592450692,0.11318563012410113,0.08231146441963005,0.07374350803113656,2.7764451051977987,0.07319748177650512,-0.05743287961215249,0.34902470037021294,0.09149631024991274,12.706204736432095,0.06145008510292563,-0.07291792648831323,0.15522606771898448,0.14406901435312763,-0.10140429764758058,0.40271926000415126,-0.006648754096827502,0.13433311575578563,-0.0010994597445453365,0.19388446592450692,5.19842454520661e-05,0.2861672411958622,-0.000511838067745899,0.44016388314903004,0.00020487463784602629,0.6614289311079893,-0.00019670887907017828,1.364505794256775,-0.00028815129239716225,-0.0005267190553651192,0.05104642792904409,0.07113006882888533,0.25
4.0,1226195639,0.21268576683941334,0.1,0.050571553765902506,0.045237630454195016,0.037062990851398386,0.01905755100973074,-0.0007279121661936401,0.0010911024166821292,0.028926551285779426,0.13433311575578563,0.04294131303407551,0.08231146441963005,0.0330795388703478,2.7764451051977987,0.16333791563669128,-0.26289491459916015,0.6441025981262448,1e-150,12.706204736432095,0.028263147729175934,0.1594250352857499,0.2580505743090219,0.09500845012232531,-0.1064238966336489,0.33686448013101505,-0.004987812097772654,0.13433311575578563,0.001310833457996413,0.19388446592450692,-0.0021045113248297736,0.2861672411958622,0.0005821978183602263,0.44016388314903004,-0.0005674531447687955,0.6614289311079893,-0.0004747739869826431,1.364505794256775,0.0012690618837633916,-0.0010276644364964481,0.07170431404488622,0.08856449447295718,0.25
4.0,1516449146,0.13388689884640986,0.1,0.07695894277371368,0.07401162474815413,0.09037520225756904,0.07797711624125434,0.0028368742690571443,0.003243556388244947,0.08157899743513886,0.32612014812863077,0.07389554036360628,0.08231146441963005,0.057034470530315254,2.7764451051977987,0.07886909959764675,-0.219434425933453,0.21851702512503499,0.08485652811647959,12.706204736432095,0.050575486048283595,0.047443028996016906,0.21371007584314897,0.1374941523489879,-0.21851626287920456,0.20502978241091271,-0.006433497671154686,0.13433311575578563,-0.0006077162064785318,0.19388446592450692,3.1795180387105463e-05,0.2861672411958622,-0.0008156607496336908,0.44016388314903004,0.0004487054849750106,0.6614289311079893,-0.0005942335876455992,1.364505794256775,-0.00019384324549473497,-0.0006513935811970099,0.05734078288265698,0.08915944738263047,0.25
4.0,321554148,0.16983891663984096,0.1,0.043426184206043564,0.03752660569100429,0.04685978766274976,0.05057511780196036,0.0007318357874548861,0.0018260067532272818,0.051735816414317876,0.32612014812863077,0.0440217634025931,0.08231146441963005,0.04279350686018473,2.7764451051977987,0.13940763327363842,-0.4635546360906567,0.3105606459689496,0.05296268682689247,12.706204736432095,0.03713674326541454,0.09162571231033327,0.2192255789534734,0.13455346141299232,-0.2650152285675304,0.21579561739916797,-0.007471452991203087,0.13433311575578563,-0.0013936184720250192,0.19388446592450692,0.0011476607177242884,0.2861672411958622,-0.0002726157847763192,0.44016388314903004,-0.00032994641116179023,0.6614289311079893,3.251488518533146e-05,1.364505794256775,-0.001028892062850504,-0.0003242098649520352,0.04027944467828393,0.059189854639451714,0.25
4.0,987920899,-0.17864536187255725,0.1,0.0588082011647119,0.053169934049379405,0.05306784472967602,0.021504128267393112,-5.1949045744079016e-05,0.0005143765782845745,0.02913055618980034,0.13433311575578563,0.0570510025902104,0.08231146441963005,0.022712622389192933,2.7764451051977987,0.035097907883317854,-0.3294659373001909,-0.1345711082095487,0.02438421310988592,12.706204736432095,0.02008515164454436,-0.2206242833706864,-0.14894072230861563,0.062047719031318754,-0.33247151009308756,-0.10612063723165302,-0.004024612216130502,0.13433311575578563,-0.0014273077129633553,0.19388446592450692,0.0002375428548801492,0.2861672411958622,-4.082147748160964e-05,0.44016388314903004,-0.00011926630856298829,0.6614289311079893,-0.00013843050397873463,1.364505794256775,-0.001464101260057784,-6.173155376535064e-05,0.017535881074757093,0.023624320930304896,0.25
4.0,477232403,-0.0016186115395621392,0.1,0.06458983492999461,0.03642372407896038,0.03495064790114892,0.028367466754343675,7.660697023490403e-05,0.0007281061998238897,0.03150935543396794,0.13433311575578563,0.03467663646543734,0.08231146441963005,0.027022408349415706,2.7764451051977987,0.03945295606533926,-0.16230598268567753,0.05677195082071247,0.021075870369470444,12.706204736432095,0.023378282035017423,-0.04071284391649894,0.03747562083737466,0.08128106662902225,-0.2560165448527659,0.04019624696678997,-0.007626438026519839,0.13433311575578563,0.0005490198324148871,0.19388446592450692,-0.0001306156754786501,0.2861672411958622,0.00033211920896746814,0.44016388314903004,-0.0004973612028009085,0.6614289311079893,3.5857050424275316e-05,1.364505794256775,-4.703123549365209e-05,-0.0005368160328096765,0.05182652406448478,0.05823467241375253,0.25
4.0,716201104,0.22060667860699731,0.1,0.06971105301960871,0.04287225452293433,0.04942833449927941,0.06743741691464987,0.000527893550508455,0.00401991164961185,0.06790341534871185,0.19388446592450692,0.04579207430320238,0.08231146441963005,0.06349432960015983,2.7764451051977987,0.1901329744007334,-0.18312666825699891,0.8726608639662303,0.06447781297260832,12.706204736432095,0.061972231811462726,0.1278323560124482,0.32862053250106404,0.07167569333484235,0.09855138158382436,0.3607492986528094,-0.0068392146193353475,0.13433311575578563,-0.0002897986972818447,0.19388446592450692,0.000593217076203364,0.2861672411958622,-0.00021581958308613514,0.44016388314903004,-0.00037110177468419763,0.6614289311079893,2.307789268533628e-05,1.364505794256775,-0.0018342606108236843,-9.544363513683767e-05,0.021970727215247787,0.037540563464779984,0.25
4.0,642213149,0.01078866637779495,0.1,0.08877343207039436,0.1441916159525474,0.1662104261384685,0.2121427190541661,0.007949669988881271,0.03705486325881358,0.2137884041140496,0.19388446592450692,0.15113747919717502,0.08231146441963005,0.19277437132391426,2.7764451051977987,0.21213132967927315,-0.6233960725259865,0.5545459113682504,0.19776713080191866,12.706204736432095,0.16309923892143882,-0.3146404778624244,0.2916360957949095,0.14290061158915174,-0.22305056243713411,0.2637008426914216,-0.009025865494254617,0.13433311575578563,-0.0010048695925567444,0.19388446592450692,0.0009108502358144158,0.2861672411958622,-0.0002740067320269315,0.44016388314903004,-1.1159814685677612e-06,0.6614289311079893,-0.0002790012132412864,1.364505794256775,-0.0010999704891407399,-0.00043205452254091914,0.046325393334425105,0.06647908493363348,0.25
4.0,1786194549,0.2670494316939459,0.1,0.07162572008891767,0.06222359175736225,0.08298464405001924,0.07710891102400247,0.002009647131624345,0.003936137027683185,0.07880887419713524,0.32612014812863077,0.07319641169610688,0.08231146441963005,0.06282923798885598,2.7764451051977987,0.09580830299190903,0.14659259796609747,0.6786055857244844,0.07798803183610235,12.706204736432095,0.0543700692003178,0.16967687425590938,0.3644219891319824,0.1351658495234581,0.12624650247565813,0.6365047732805289,-0.007720279728905781,0.13433311575578563,0.0023293762423728824,0.19388446592450692,-0.001106472281042375,0.2861672411958622,0.00030488436647126604,0.44016388314903004,-0.0005156058393709992,0.6614289311079893,4.006975915920695e-05,1.364505794256775,-7.67154630484574e-05,-0.0005591622257492354,0.0530461115520485,0.08381366665213161,0.25
