n,theta_true,rep,estimator,theta_hat,se,ci_low,ci_high,covers
500,0.0,0,naive_ml,-0.01447067102972023,0.017427610106408618,-0.04862878683828112,0.019687444778840657,True
500,0.0,0,dml_if,-0.03421484819112803,0.04377513851867568,-0.12001411968773235,0.051584423305476294,True
500,0.0,0,dml_mult_boot,-0.03421484819112803,0.045117023314119806,-0.11678731316921494,0.053850797503508366,True
500,0.0,0,dml_fixed_nuis_boot,-0.03421484819112803,0.04357971116203506,-0.11757281029155185,0.043038836938262076,True
500,0.0,0,dml_pairs_boot,-0.03421484819112803,0.04850582475855366,-0.1267692217524724,0.06254687402718558,True
500,0.0,1,naive_ml,-0.01636627599306112,0.014881024128922825,-0.045533083285749856,0.012800531299627618,True
500,0.0,1,dml_if,-0.10159706642408392,0.03907002713077046,-0.178174319600394,-0.02501981324777383,False
500,0.0,1,dml_mult_boot,-0.10159706642408392,0.04049436558923934,-0.1736886786277633,-0.02041778184747216,False
500,0.0,1,dml_fixed_nuis_boot,-0.10159706642408392,0.037961203193610946,-0.17696753739815077,-0.03070557898307404,False
500,0.0,1,dml_pairs_boot,-0.10159706642408392,0.03974949139944203,-0.20115455060340964,-0.0546885060478238,False
500,0.0,2,naive_ml,0.01125475641469039,0.017048922463411578,-0.0221611316135963,0.04467064444297708,True
500,0.0,2,dml_if,0.007011345433046883,0.044761711523328994,-0.08072160915267795,0.09474430001877171,True
500,0.0,2,dml_mult_boot,0.007011345433046883,0.045113058145591425,-0.08797185361678952,0.10141985092385165,True
500,0.0,2,dml_fixed_nuis_boot,0.007011345433046883,0.04545142856601721,-0.08980963341612623,0.0933390388434247,True
500,0.0,2,dml_pairs_boot,0.007011345433046883,0.044376510909419076,-0.06183016481329276,0.09912476806526986,True
500,0.0,3,naive_ml,0.015833614457127235,0.015583988778262508,-0.014711003548267283,0.04637823246252175,True
500,0.0,3,dml_if,0.04997505585170848,0.04343278101234244,-0.03515319493248271,0.13510330663589967,True
500,0.0,3,dml_mult_boot,0.04997505585170848,0.04416878791723908,-0.03376563485010517,0.1349477595016885,True
500,0.0,3,dml_fixed_nuis_boot,0.04997505585170848,0.04188829177188967,-0.030692341196089663,0.13137959585483128,True
500,0.0,3,dml_pairs_boot,0.04997505585170848,0.04573392497354474,-0.03765756219803184,0.12928688267765143,True
500,0.0,4,naive_ml,0.0028276544796237723,0.015827620952258394,-0.02819448258680268,0.03384979154605022,True
500,0.0,4,dml_if,-0.008958210659117916,0.04561327726953534,-0.09836023410740719,0.08044381278917134,True
500,0.0,4,dml_mult_boot,-0.008958210659117916,0.0448588296358192,-0.0954986639788915,0.0762899210407692,True
500,0.0,4,dml_fixed_nuis_boot,-0.008958210659117916,0.04344493742266369,-0.09000151048240176,0.07928588080456801,True
500,0.0,4,dml_pairs_boot,-0.008958210659117916,0.04972097430114767,-0.08736458107425907,0.10664533495214897,True
500,0.0,5,naive_ml,0.022194909940987478,0.01725601277473327,-0.011626875097489737,0.056016694979464696,True
500,0.0,5,dml_if,0.05992744908394724,0.04166160061340476,-0.02172928811832609,0.14158418628622058,True
500,0.0,5,dml_mult_boot,0.05992744908394724,0.04120662659677277,-0.01894146084171315,0.1417828387635028,True
500,0.0,5,dml_fixed_nuis_boot,0.05992744908394724,0.04325188039588288,-0.02109613075986555,0.15168486292368244,True
500,0.0,5,dml_pairs_boot,0.05992744908394724,0.03965644930969267,-0.021388659366368416,0.12512386613640247,True
500,0.0,6,naive_ml,0.004983371621350807,0.014936995901981548,-0.024293140346533026,0.03425988358923464,True
500,0.0,6,dml_if,0.003225382321159074,0.040491165101476115,-0.07613730127773412,0.08258806592005226,True
500,0.0,6,dml_mult_boot,0.003225382321159074,0.041853665835547074,-0.07341963020016574,0.08518080046965226,True
500,0.0,6,dml_fixed_nuis_boot,0.003225382321159074,0.042982648789310025,-0.08165393336977865,0.0857919844817719,True
500,0.0,6,dml_pairs_boot,0.003225382321159074,0.036538423344594985,-0.06374095190899724,0.07055616032337189,True
500,0.0,7,naive_ml,-0.0033472538530847874,0.01888720193092491,-0.0403661696376976,0.033671661931528034,True
500,0.0,7,dml_if,-0.016774946490226785,0.043207989087213794,-0.10146260510116582,0.06791271212071225,True
500,0.0,7,dml_mult_boot,-0.016774946490226785,0.042748280224647765,-0.1043072877236637,0.0668955964447114,True
500,0.0,7,dml_fixed_nuis_boot,-0.016774946490226785,0.04308303219194564,-0.0921324807002667,0.06866645969899299,True
500,0.0,7,dml_pairs_boot,-0.016774946490226785,0.04905838192922425,-0.11500288406479564,0.07893094551935911,True
500,0.0,8,naive_ml,0.013486862513556387,0.016916422953371504,-0.019669326475051763,0.04664305150216454,True
500,0.0,8,dml_if,0.006276909207847225,0.04341861680097492,-0.07882357972206362,0.09137739813775807,True
500,0.0,8,dml_mult_boot,0.006276909207847225,0.044740084155826046,-0.07758874716417781,0.0893439490791969,True
500,0.0,8,dml_fixed_nuis_boot,0.006276909207847225,0.040794482784343084,-0.06972987491687076,0.0923329120440611,True
500,0.0,8,dml_pairs_boot,0.006276909207847225,0.0453580712442255,-0.07845369741283635,0.0807117058741891,True
500,0.0,9,naive_ml,0.015909029223533124,0.018598790808633463,-0.02054460076138846,0.052362659208454704,True
500,0.0,9,dml_if,0.03074275458410915,0.04253295219830733,-0.052621831724573215,0.11410734089279151,True
500,0.0,9,dml_mult_boot,0.03074275458410915,0.04176364120862168,-0.05099037515506653,0.11313517675630602,True
500,0.0,9,dml_fixed_nuis_boot,0.03074275458410915,0.04249329623246469,-0.05403674715579782,0.1110043471079659,True
500,0.0,9,dml_pairs_boot,0.03074275458410915,0.042619357268071444,-0.03456705426616519,0.1282266496723577,True
500,0.0,10,naive_ml,0.005160622838249761,0.015859556392076073,-0.025924107690219342,0.036245353366718865,True
500,0.0,10,dml_if,-0.028206469129059858,0.039937971882212216,-0.1064848940181958,0.05007195576007609,True
500,0.0,10,dml_mult_boot,-0.028206469129059858,0.039808562448560195,-0.10273337988637972,0.04930709327875711,True
500,0.0,10,dml_fixed_nuis_boot,-0.028206469129059858,0.03861939645023554,-0.10770359200144233,0.0544503669246946,True
500,0.0,10,dml_pairs_boot,-0.028206469129059858,0.04030017596097046,-0.09556559725360653,0.04488030328856046,True
500,0.0,11,naive_ml,0.008219522875756386,0.016380975824302996,-0.02388718973987749,0.04032623549139026,True
500,0.0,11,dml_if,-0.026022734032726317,0.04389241496220705,-0.11205186735865212,0.060006399293199494,True
500,0.0,11,dml_mult_boot,-0.026022734032726317,0.04309061545920028,-0.10661133171252045,0.06204912333782668,True
500,0.0,11,dml_fixed_nuis_boot,-0.026022734032726317,0.04573394178540079,-0.10812964642970926,0.0667892248494477,True
500,0.0,11,dml_pairs_boot,-0.026022734032726317,0.04235282868079258,-0.10387159863222535,0.06983203502914927,True
500,0.0,12,naive_ml,0.002997139100177039,0.01882459112052658,-0.03389905949605506,0.03989333769640913,True
500,0.0,12,dml_if,0.017497829641319882,0.04786495009495664,-0.07631747254479514,0.1113131318274349,True
500,0.0,12,dml_mult_boot,0.017497829641319882,0.04937855993414306,-0.07684634824504585,0.12013594444897918,True
500,0.0,12,dml_fixed_nuis_boot,0.017497829641319882,0.049026495691300125,-0.07395234067349316,0.11244044646982738,True
500,0.0,12,dml_pairs_boot,0.017497829641319882,0.051303972885866585,-0.06776342638455697,0.12261206195473613,True
500,0.0,13,naive_ml,0.007941957272305861,0.015742464045463797,-0.02291327225680318,0.038797186801414904,True
500,0.0,13,dml_if,0.02550321794869844,0.0463624021109991,-0.0653670901888598,0.11637352608625667,True
500,0.0,13,dml_mult_boot,0.02550321794869844,0.04766766402680317,-0.06900350988501028,0.11153917139792531,True
500,0.0,13,dml_fixed_nuis_boot,0.02550321794869844,0.0469333231044988,-0.0672029981922816,0.11219329506378566,True
500,0.0,13,dml_pairs_boot,0.02550321794869844,0.048030953239877223,-0.08094323853189654,0.10015996850760354,True
500,0.0,14,naive_ml,-0.0033374592790204136,0.017104847478142015,-0.03686296033617876,0.030188041778137935,True
500,0.0,14,dml_if,0.03740000982978192,0.04277715686624173,-0.04644321762805187,0.12124323728761571,True
500,0.0,14,dml_mult_boot,0.03740000982978192,0.044444085295445857,-0.043920577193284106,0.12745974408872365,True
500,0.0,14,dml_fixed_nuis_boot,0.03740000982978192,0.04342413114255666,-0.04028543470633769,0.1224125954618035,True
500,0.0,14,dml_pairs_boot,0.03740000982978192,0.048054696842898446,-0.060487472236115704,0.113387028486339,True
500,0.0,15,naive_ml,-0.009186579753051703,0.016245410360450987,-0.04102758405953564,0.02265442455343223,True
500,0.0,15,dml_if,-0.03869010306433061,0.0407447198425883,-0.11854975395580367,0.04116954782714246,True
500,0.0,15,dml_mult_boot,-0.03869010306433061,0.03975172272758135,-0.11685636383900908,0.04092601291271048,True
500,0.0,15,dml_fixed_nuis_boot,-0.03869010306433061,0.04102481015714346,-0.12036881737371818,0.046072454353295815,True
500,0.0,15,dml_pairs_boot,-0.03869010306433061,0.04162184414262704,-0.1196395391822836,0.052986186763713236,True
500,0.0,16,naive_ml,-0.010684507541463523,0.01827028314139486,-0.04649426249859745,0.025125247415670404,True
500,0.0,16,dml_if,-0.06960383388158727,0.04502280057963903,-0.15784852301767976,0.018640855254505234,True
500,0.0,16,dml_mult_boot,-0.06960383388158727,0.043747054294734085,-0.15601101619015265,0.01016887027430401,True
500,0.0,16,dml_fixed_nuis_boot,-0.06960383388158727,0.046450758460253226,-0.16816472357472298,0.02764903733610008,True
500,0.0,16,dml_pairs_boot,-0.06960383388158727,0.05008072966833984,-0.16916640205338415,0.021297297739457634,True
500,0.0,17,naive_ml,0.001495047645588481,0.01797601879208121,-0.033737949186890694,0.03672804447806765,True
500,0.0,17,dml_if,-0.02430430657729756,0.046193297199448854,-0.11484316908821732,0.06623455593362218,True
500,0.0,17,dml_mult_boot,-0.02430430657729756,0.04788162191149229,-0.11289016857097661,0.0651590936163733,True
500,0.0,17,dml_fixed_nuis_boot,-0.02430430657729756,0.04456107570004414,-0.10446292316887974,0.06409506622991999,True
500,0.0,17,dml_pairs_boot,-0.02430430657729756,0.04642081744799964,-0.11770152653825075,0.06462041691469946,True
500,0.0,18,naive_ml,0.01389703139441817,0.017892925959859966,-0.021173103486907367,0.048967166275743705,True
500,0.0,18,dml_if,0.00013671809668303452,0.045746073642412954,-0.08952558624244636,0.08979902243581242,True
500,0.0,18,dml_mult_boot,0.00013671809668303452,0.045398974170642224,-0.085336160416422,0.08378633887245765,True
500,0.0,18,dml_fixed_nuis_boot,0.00013671809668303452,0.04626459938500426,-0.09169015421272185,0.08446188068815284,True
500,0.0,18,dml_pairs_boot,0.00013671809668303452,0.05290103717350946,-0.07722978410068618,0.10581571122168566,True
500,0.0,19,naive_ml,0.015030337119147457,0.017012148020112743,-0.018313473000273518,0.048374147238568435,True
500,0.0,19,dml_if,0.03815181037541913,0.04324490517525583,-0.0466082037680823,0.12291182451892055,True
500,0.0,19,dml_mult_boot,0.03815181037541913,0.04433249386728152,-0.055085204912914756,0.11952283662284871,True
500,0.0,19,dml_fixed_nuis_boot,0.03815181037541913,0.043510761094445655,-0.04940627127546388,0.11401316018050225,True
500,0.0,19,dml_pairs_boot,0.03815181037541913,0.04366689093271083,-0.05029712708171797,0.11424215994123826,True
500,0.0,20,naive_ml,0.00447198028873264,0.016924823238114298,-0.028700673257971387,0.03764463383543667,True
500,0.0,20,dml_if,-0.010406781961373877,0.0436750542957831,-0.09600988838110874,0.075196324458361,True
500,0.0,20,dml_mult_boot,-0.010406781961373877,0.04395327005095767,-0.0982788691429292,0.0725789415544809,True
500,0.0,20,dml_fixed_nuis_boot,-0.010406781961373877,0.04252480693205446,-0.0953264454818692,0.07384933129087339,True
500,0.0,20,dml_pairs_boot,-0.010406781961373877,0.0437272084261627,-0.08967438861716903,0.06665982372069489,True
500,0.0,21,naive_ml,0.00236945629713441,0.01907116293943363,-0.0350100230641555,0.03974893565842433,True
500,0.0,21,dml_if,-0.010314364877018516,0.05398825827901719,-0.11613135110389221,0.09550262134985517,True
500,0.0,21,dml_mult_boot,-0.010314364877018516,0.055433208553138706,-0.11637020286816051,0.09102406458460421,True
500,0.0,21,dml_fixed_nuis_boot,-0.010314364877018516,0.05332445660072233,-0.1079378507600988,0.09433892893088931,True
500,0.0,21,dml_pairs_boot,-0.010314364877018516,0.05578308370154816,-0.11743033953325836,0.09194934101376427,True
500,0.0,22,naive_ml,0.026127402742336513,0.01574140552937475,-0.004725752095237994,0.05698055757991102,True
500,0.0,22,dml_if,0.10987826210055192,0.04018692641150455,0.031111886334002997,0.18864463786710084,False
500,0.0,22,dml_mult_boot,0.10987826210055192,0.037782050140479424,0.038141328834625884,0.187396958654685,False
500,0.0,22,dml_fixed_nuis_boot,0.10987826210055192,0.038226506498127165,0.04075131237583842,0.18342280543447648,False
500,0.0,22,dml_pairs_boot,0.10987826210055192,0.03941828063802093,0.035176657131948466,0.1694002692499463,False
500,0.0,23,naive_ml,0.013114956885387592,0.017754837649483657,-0.021684524907600373,0.04791443867837556,True
500,0.0,23,dml_if,-0.03846890784409912,0.045899832173274493,-0.12843257890371712,0.05149476321551888,True
500,0.0,23,dml_mult_boot,-0.03846890784409912,0.04659429510015063,-0.12528523270482148,0.05073517336768856,True
500,0.0,23,dml_fixed_nuis_boot,-0.03846890784409912,0.04625601703166434,-0.13701338801661905,0.042507625934177555,True
500,0.0,23,dml_pairs_boot,-0.03846890784409912,0.04861781899474809,-0.12950903899582836,0.054155159562203105,True
500,0.0,24,naive_ml,0.035141183599221776,0.01612506282498312,0.00353606046225486,0.0667463067361887,False
500,0.0,24,dml_if,0.12008452663826348,0.04376142448283152,0.03431213465191371,0.20585691862461325,False
500,0.0,24,dml_mult_boot,0.12008452663826348,0.04447091181428284,0.03584234713424266,0.20649426237184237,False
500,0.0,24,dml_fixed_nuis_boot,0.12008452663826348,0.04427403242299527,0.03713444671971098,0.21406377941945934,False
500,0.0,24,dml_pairs_boot,0.12008452663826348,0.04366327770498642,0.04748676133635228,0.20948291718653525,False
500,0.0,25,naive_ml,0.029604198658634017,0.01936458291502132,-0.008350383854807773,0.06755878117207581,True
500,0.0,25,dml_if,0.07400710111805388,0.045141324197619265,-0.014469894309279877,0.16248409654538765,True
500,0.0,25,dml_mult_boot,0.07400710111805388,0.04348231753508587,-0.011924474627540987,0.157893598613591,True
500,0.0,25,dml_fixed_nuis_boot,0.07400710111805388,0.045595811771204905,-0.016871443050314013,0.16364149248983628,True
500,0.0,25,dml_pairs_boot,0.07400710111805388,0.046195767608566,-0.0018804952631065928,0.15746604963105232,True
500,0.0,26,naive_ml,0.01210051698646922,0.01824235705848314,-0.023654502848157732,0.04785553682109617,True
500,0.0,26,dml_if,-0.005309364880991373,0.04520695554013545,-0.09391499773965685,0.0832962679776741,True
500,0.0,26,dml_mult_boot,-0.005309364880991373,0.04602426071536853,-0.08649774363152415,0.08352122025511083,True
500,0.0,26,dml_fixed_nuis_boot,-0.005309364880991373,0.044350218977139026,-0.09179701294119193,0.08080360145967641,True
500,0.0,26,dml_pairs_boot,-0.005309364880991373,0.04900851325171056,-0.09114664863843783,0.07751563185309905,True
500,0.0,27,naive_ml,0.0018682869319471577,0.014032326995767851,-0.025635073979757828,0.029371647843652145,True
500,0.0,27,dml_if,-0.021316896792382023,0.04221611049947698,-0.1040604733713569,0.06142667978659286,True
500,0.0,27,dml_mult_boot,-0.021316896792382023,0.03969291553786965,-0.10126412998861668,0.05231190298960413,True
500,0.0,27,dml_fixed_nuis_boot,-0.021316896792382023,0.043040873695449657,-0.10773271785739798,0.060654779643415896,True
500,0.0,27,dml_pairs_boot,-0.021316896792382023,0.04576492829428608,-0.10308174558785742,0.057213627475686195,True
500,0.0,28,naive_ml,-0.0066907141284631745,0.016141699309777886,-0.03832844477562783,0.024947016518701483,True
500,0.0,28,dml_if,0.018676009953566504,0.046291805312132055,-0.07205592845821232,0.10940794836534534,True
500,0.0,28,dml_mult_boot,0.018676009953566504,0.04544803456127724,-0.07217020851839348,0.10287546971775224,True
500,0.0,28,dml_fixed_nuis_boot,0.018676009953566504,0.04801191920520161,-0.07821341749576531,0.11203614748838031,True
500,0.0,28,dml_pairs_boot,0.018676009953566504,0.044007473850827844,-0.0781833913356984,0.10093638230858376,True
500,0.0,29,naive_ml,0.020565207227667248,0.017489887589060806,-0.013714972446891932,0.05484538690222643,True
500,0.0,29,dml_if,0.044587779538961904,0.0489988030123547,-0.05144987436525331,0.14062543344317713,True
500,0.0,29,dml_mult_boot,0.044587779538961904,0.05122940382409564,-0.05552737972134253,0.14698171599402482,True
500,0.0,29,dml_fixed_nuis_boot,0.044587779538961904,0.04942742464046709,-0.05397764677891463,0.1310660914083274,True
500,0.0,29,dml_pairs_boot,0.044587779538961904,0.05275190004839779,-0.05297849263640558,0.14256789164348865,True
500,0.0,30,naive_ml,-0.007074756694338018,0.015274359181809775,-0.03701250069068518,0.02286298730200914,True
500,0.0,30,dml_if,-0.06942537333099107,0.04154977335297765,-0.15086292910282728,0.012012182440845134,True
500,0.0,30,dml_mult_boot,-0.06942537333099107,0.042754975542706554,-0.1590825990497197,0.011073356541016058,True
500,0.0,30,dml_fixed_nuis_boot,-0.06942537333099107,0.041878126904103335,-0.14489131435240907,0.01016176014220851,True
500,0.0,30,dml_pairs_boot,-0.06942537333099107,0.0433680771285524,-0.14948938111139767,0.009064118054266294,True
500,0.0,31,naive_ml,0.01605882896054009,0.016070360567028524,-0.01543907775083582,0.047556735671916,True
500,0.0,31,dml_if,0.057192884121932235,0.043130904970144386,-0.027343689619550755,0.14172945786341523,True
500,0.0,31,dml_mult_boot,0.057192884121932235,0.041254046779435116,-0.029316983078308573,0.1377221754951172,True
500,0.0,31,dml_fixed_nuis_boot,0.057192884121932235,0.042067873298952486,-0.015564844013325713,0.14118251654703098,True
500,0.0,31,dml_pairs_boot,0.057192884121932235,0.04052976307120404,-0.025088376545099884,0.11118195413257558,True
500,0.0,32,naive_ml,-5.600742985586204e-05,0.016696930914165055,-0.03278199202161937,0.03266997716190764,True
500,0.0,32,dml_if,0.025911255037259908,0.04608619067430638,-0.0644176786843806,0.11624018875890042,True
500,0.0,32,dml_mult_boot,0.025911255037259908,0.04395688742635714,-0.05528845251740216,0.11224618296168987,True
500,0.0,32,dml_fixed_nuis_boot,0.025911255037259908,0.045200007392554246,-0.06021334935859194,0.11635385890866085,True
500,0.0,32,dml_pairs_boot,0.025911255037259908,0.04537042890186446,-0.06266514418805008,0.09708270598177507,True
500,0.0,33,naive_ml,0.0063876581047078535,0.017423015493553327,-0.027761452262656663,0.04053676847207237,True
500,0.0,33,dml_if,-0.006990745811773033,0.04264968222021168,-0.09058412296338791,0.07660263133984185,True
500,0.0,33,dml_mult_boot,-0.006990745811773033,0.04287826294090614,-0.08346747642535873,0.08759561113182501,True
500,0.0,33,dml_fixed_nuis_boot,-0.006990745811773033,0.04028656261685542,-0.08127913246561286,0.06920111472621804,True
500,0.0,33,dml_pairs_boot,-0.006990745811773033,0.04236678634864438,-0.0788856805235949,0.07686802365465796,True
500,0.0,34,naive_ml,0.025639264062193436,0.01578842464542005,-0.005306048242829861,0.056584576367216734,True
500,0.0,34,dml_if,0.08033002886824576,0.04348889272122886,-0.004908200865362811,0.16556825860185434,True
500,0.0,34,dml_mult_boot,0.08033002886824576,0.04289265423048914,0.0002483971695011228,0.16169058786255772,False
500,0.0,34,dml_fixed_nuis_boot,0.08033002886824576,0.042687476460368565,-0.0042174322650938715,0.161812097715681,True
500,0.0,34,dml_pairs_boot,0.08033002886824576,0.0378549319236543,0.013368536165870824,0.1640670335270955,False
500,0.0,35,naive_ml,-0.0032480789862055115,0.017181359489167578,-0.03692354358497397,0.030427385612562943,True
500,0.0,35,dml_if,-0.013783138619340074,0.039092207337406044,-0.09040386500065592,0.06283758776197576,True
500,0.0,35,dml_mult_boot,-0.013783138619340074,0.03879941141388461,-0.08348491473875788,0.06081574481598516,True
500,0.0,35,dml_fixed_nuis_boot,-0.013783138619340074,0.04072520035943866,-0.09500009389186617,0.06639317851034199,True
500,0.0,35,dml_pairs_boot,-0.013783138619340074,0.03429279391155069,-0.06978232815487359,0.06754971850550273,True
500,0.0,36,naive_ml,0.002742452677678426,0.017463375398118475,-0.03148576310263378,0.03697066845799064,True
500,0.0,36,dml_if,-0.00937917967225638,0.047725887783109794,-0.10292191972715158,0.08416356038263882,True
500,0.0,36,dml_mult_boot,-0.00937917967225638,0.049181853374291186,-0.10411663512595007,0.08260898626569634,True
500,0.0,36,dml_fixed_nuis_boot,-0.00937917967225638,0.05047996951622421,-0.10402259507048174,0.08887211899925535,True
500,0.0,36,dml_pairs_boot,-0.00937917967225638,0.04996717517294198,-0.11961954840671422,0.06345995277984043,True
500,0.0,37,naive_ml,0.00022354221742681982,0.016240399659477614,-0.031607641115149306,0.032054725550002945,True
500,0.0,37,dml_if,-0.04637984305405755,0.04115584585704438,-0.12704530093386454,0.03428561482574944,True
500,0.0,37,dml_mult_boot,-0.04637984305405755,0.04066516733778281,-0.12589902940654574,0.029860903522547524,True
500,0.0,37,dml_fixed_nuis_boot,-0.04637984305405755,0.041336890079852105,-0.1205280650300125,0.031751837148013426,True
500,0.0,37,dml_pairs_boot,-0.04637984305405755,0.04422207139504332,-0.11159966098059186,0.04959962274271044,True
500,0.0,38,naive_ml,0.007455708993976708,0.015587805530454643,-0.023096389845714393,0.038007807833667806,True
500,0.0,38,dml_if,-0.006779707615407366,0.03930806972203144,-0.08382352427058899,0.07026410903977427,True
500,0.0,38,dml_mult_boot,-0.006779707615407366,0.038372065708826064,-0.08330437401146704,0.07034803721188158,True
500,0.0,38,dml_fixed_nuis_boot,-0.006779707615407366,0.04118058913217632,-0.09529401028095809,0.07126141808853034,True
500,0.0,38,dml_pairs_boot,-0.006779707615407366,0.04357000131621685,-0.09882107272014969,0.07464636733217184,True
500,0.0,39,naive_ml,0.01151064548848382,0.013675653458356578,-0.015293635289895073,0.03831492626686271,True
500,0.0,39,dml_if,0.040141558106466475,0.03844563493852959,-0.03521188637305151,0.11549500258598447,True
500,0.0,39,dml_mult_boot,0.040141558106466475,0.03972414741737319,-0.03899459866608944,0.11573106360833482,True
500,0.0,39,dml_fixed_nuis_boot,0.040141558106466475,0.03775392811374259,-0.03416002308622071,0.11121179817117759,True
500,0.0,39,dml_pairs_boot,0.040141558106466475,0.03772258437629465,-0.036951954591945974,0.10107913040809131,True
500,0.0,40,naive_ml,0.032076745804876614,0.016165381190829994,0.000392598670849828,0.0637608929389034,False
500,0.0,40,dml_if,0.08020217999708219,0.04082138597764987,0.00019226348088843825,0.16021209651327595,False
500,0.0,40,dml_mult_boot,0.08020217999708219,0.03642775877288564,0.008734941741183269,0.14943769367862014,False
500,0.0,40,dml_fixed_nuis_boot,0.08020217999708219,0.040572052016130275,-0.001098462204782154,0.15765028028455252,True
500,0.0,40,dml_pairs_boot,0.08020217999708219,0.04118496431441793,0.003963196186103705,0.15134016947083256,False
500,0.0,41,naive_ml,0.011056576393895713,0.017371295322745308,-0.02299116243868509,0.04510431522647652,True
500,0.0,41,dml_if,-0.001443255145050391,0.047273719945758345,-0.09409974623873675,0.09121323594863597,True
500,0.0,41,dml_mult_boot,-0.001443255145050391,0.0469621758590688,-0.08734184903467096,0.0990093515029396,True
500,0.0,41,dml_fixed_nuis_boot,-0.001443255145050391,0.047396189637326405,-0.09407515979835834,0.08936414080071634,True
500,0.0,41,dml_pairs_boot,-0.001443255145050391,0.04107069155143782,-0.06575873020447605,0.08659092576595466,True
500,0.0,42,naive_ml,0.014995650475597852,0.016220368108361072,-0.01679627101678985,0.04678757196798555,True
500,0.0,42,dml_if,-0.026232563627081394,0.04723316912346708,-0.11880957510907689,0.06634444785491408,True
500,0.0,42,dml_mult_boot,-0.026232563627081394,0.045978211852679966,-0.11362400960591351,0.06510045167440096,True
500,0.0,42,dml_fixed_nuis_boot,-0.026232563627081394,0.047149084221715355,-0.11579234731360168,0.06490444685668917,True
500,0.0,42,dml_pairs_boot,-0.026232563627081394,0.0471577231920054,-0.10968908654980285,0.08162522311105837,True
500,0.0,43,naive_ml,0.0002496822261240745,0.015751160078508446,-0.030622591527752478,0.03112195598000063,True
500,0.0,43,dml_if,-0.014606604768225994,0.038929398974153956,-0.09090822675756774,0.061695017221115755,True
500,0.0,43,dml_mult_boot,-0.014606604768225994,0.04168575660446709,-0.10211299817983141,0.06418231330197102,True
500,0.0,43,dml_fixed_nuis_boot,-0.014606604768225994,0.03705544897217522,-0.09184814299270351,0.055060697035878715,True
500,0.0,43,dml_pairs_boot,-0.014606604768225994,0.04421208529590016,-0.086392987579271,0.07661045069403882,True
500,0.0,44,naive_ml,0.01762877857274796,0.018712656662845294,-0.019048028486428812,0.05430558563192474,True
500,0.0,44,dml_if,0.04048217428351621,0.04754801527210602,-0.052711935649811574,0.133676284216844,True
500,0.0,44,dml_mult_boot,0.04048217428351621,0.047213231381415637,-0.05132541002976826,0.12974910824023866,True
500,0.0,44,dml_fixed_nuis_boot,0.04048217428351621,0.04829971921101085,-0.05624347826863293,0.12641519411759458,True
500,0.0,44,dml_pairs_boot,0.04048217428351621,0.04692429191266988,-0.0646284026772848,0.12074857264500526,True
500,0.0,45,naive_ml,-0.00893008741760466,0.017726480390247244,-0.04367398898248926,0.025813814147279936,True
500,0.0,45,dml_if,-0.10111195637779255,0.049350207022590895,-0.1978383621420707,-0.004385550613514394,False
500,0.0,45,dml_mult_boot,-0.10111195637779255,0.0480349138585955,-0.2004077619310559,-0.011243071213800521,False
500,0.0,45,dml_fixed_nuis_boot,-0.10111195637779255,0.04680412375384036,-0.18981568565158777,-0.007004236881507798,False
500,0.0,45,dml_pairs_boot,-0.10111195637779255,0.05390395950124238,-0.1696321708079849,0.030250083163510827,True
500,0.0,46,naive_ml,0.0011195424819333921,0.014763222204730048,-0.0278163730393375,0.030055458003204288,True
500,0.0,46,dml_if,-0.0431715714251135,0.046531703856581626,-0.1343737109840135,0.048030568133786485,True
500,0.0,46,dml_mult_boot,-0.0431715714251135,0.04574232465242719,-0.13486725047238682,0.0495258579599714,True
500,0.0,46,dml_fixed_nuis_boot,-0.0431715714251135,0.04800082149446136,-0.1381212578857292,0.05044696828749358,True
500,0.0,46,dml_pairs_boot,-0.0431715714251135,0.039927266408585446,-0.10229025193021636,0.05628062206901137,True
500,0.0,47,naive_ml,0.012269661667433387,0.017765863423476875,-0.022551430642581284,0.04709075397744806,True
500,0.0,47,dml_if,0.03984847115715533,0.044303793528755034,-0.046986964159204544,0.12668390647351518,True
500,0.0,47,dml_mult_boot,0.03984847115715533,0.047130513637711195,-0.05789211728103863,0.12645221793188172,True
500,0.0,47,dml_fixed_nuis_boot,0.03984847115715533,0.04548643088892222,-0.04454186233092527,0.12496552427913991,True
500,0.0,47,dml_pairs_boot,0.03984847115715533,0.045223506157715074,-0.03337029082506798,0.1284046732364005,True
500,0.0,48,naive_ml,0.011382138782373463,0.015567712463158176,-0.019130577645416563,0.041894855210163486,True
500,0.0,48,dml_if,0.03239052831783182,0.046495773563401774,-0.05874118786643566,0.1235222445020993,True
500,0.0,48,dml_mult_boot,0.03239052831783182,0.04642197207838335,-0.06413151143410695,0.11598505295880775,True
500,0.0,48,dml_fixed_nuis_boot,0.03239052831783182,0.04771688607570086,-0.06067694603919163,0.1262289527603991,True
500,0.0,48,dml_pairs_boot,0.03239052831783182,0.05183569607007933,-0.04656771887496382,0.14211542087633594,True
500,0.0,49,naive_ml,-0.0197575729829861,0.016458583801657746,-0.052016397234235276,0.01250125126826308,True
500,0.0,49,dml_if,-0.07703784223899764,0.04364968738414953,-0.16259122951193072,0.008515545033935437,True
500,0.0,49,dml_mult_boot,-0.07703784223899764,0.04164296813725654,-0.15680821175522,0.000702401688032466,True
500,0.0,49,dml_fixed_nuis_boot,-0.07703784223899764,0.04483412222873045,-0.1628964165956163,0.010912139781554796,True
500,0.0,49,dml_pairs_boot,-0.07703784223899764,0.044610617242254,-0.17233253574945376,0.013910112594022573,True
500,0.0,50,naive_ml,-0.005011868091717529,0.014841822650208189,-0.03410184048612558,0.02407810430269052,True
500,0.0,50,dml_if,-0.017022628465455894,0.04184824127091634,-0.09904518135645192,0.06499992442554013,True
500,0.0,50,dml_mult_boot,-0.017022628465455894,0.04432919467703248,-0.09630863626654575,0.08033930424920668,True
500,0.0,50,dml_fixed_nuis_boot,-0.017022628465455894,0.04261843273076671,-0.0956757333872267,0.06653631338363938,True
500,0.0,50,dml_pairs_boot,-0.017022628465455894,0.044029760675236125,-0.10293985810735595,0.0752173579274067,True
500,0.0,51,naive_ml,-0.002044295916778915,0.016863374990065662,-0.035096510897307615,0.03100791906374978,True
500,0.0,51,dml_if,-0.030339546811301063,0.03912684747327426,-0.10702816785891861,0.046349074236316484,True
500,0.0,51,dml_mult_boot,-0.030339546811301063,0.040712005167694486,-0.10833601802500711,0.051589893284061744,True
500,0.0,51,dml_fixed_nuis_boot,-0.030339546811301063,0.03865037823858953,-0.10667370536746831,0.05094552711606968,True
500,0.0,51,dml_pairs_boot,-0.030339546811301063,0.037219523608119164,-0.10646083454341142,0.04124010554301932,True
500,0.0,52,naive_ml,0.0015103626136955444,0.01657423333030834,-0.030975134713708805,0.033995859941099896,True
500,0.0,52,dml_if,-0.0008638641610634486,0.04530376018800283,-0.08965923412954899,0.0879315058074221,True
500,0.0,52,dml_mult_boot,-0.0008638641610634486,0.04322413086789545,-0.08949562439564397,0.07606209018733726,True
500,0.0,52,dml_fixed_nuis_boot,-0.0008638641610634486,0.04668076623883814,-0.08341544929916556,0.08985713731613366,True
500,0.0,52,dml_pairs_boot,-0.0008638641610634486,0.04647866033967105,-0.08515480980256622,0.09290858860311814,True
500,0.0,53,naive_ml,0.009075164197999343,0.014619973508563196,-0.019579983878784523,0.03773031227478321,True
500,0.0,53,dml_if,0.03561526909560166,0.043754284090791865,-0.0501431277223504,0.12137366591355371,True
500,0.0,53,dml_mult_boot,0.03561526909560166,0.041200216744652976,-0.04253068096413955,0.11042949465188469,True
500,0.0,53,dml_fixed_nuis_boot,0.03561526909560166,0.04460800135629812,-0.052343668579015616,0.11834536271030055,True
500,0.0,53,dml_pairs_boot,0.03561526909560166,0.048304477963383975,-0.05228114321390499,0.1309103187678437,True
500,0.0,54,naive_ml,0.026498285308929687,0.01670348563802337,-0.006240546541596118,0.059237117159455496,True
500,0.0,54,dml_if,0.08202802009944901,0.04135805646313706,0.0009662294317003689,0.16308981076719764,False
500,0.0,54,dml_mult_boot,0.08202802009944901,0.041256192240089834,0.002769607361305018,0.1689123410321546,False
500,0.0,54,dml_fixed_nuis_boot,0.08202802009944901,0.04446766263407395,-0.014580069326816101,0.16301898398552211,True
500,0.0,54,dml_pairs_boot,0.08202802009944901,0.04187629033388537,-0.007693237888664258,0.1702345477626672,True
500,0.0,55,naive_ml,-0.006257070521450014,0.01680561285565008,-0.03919607171852417,0.026681930675624143,True
500,0.0,55,dml_if,-0.03388416666184091,0.04417525203146355,-0.12046766064350947,0.052699327319827655,True
500,0.0,55,dml_mult_boot,-0.03388416666184091,0.044623730673631984,-0.11639210787254901,0.05330788587878325,True
500,0.0,55,dml_fixed_nuis_boot,-0.03388416666184091,0.043550592860009105,-0.10996307163364563,0.05281163186803628,True
500,0.0,55,dml_pairs_boot,-0.03388416666184091,0.046596465995922313,-0.11466145318602439,0.05497283340054427,True
500,0.0,56,naive_ml,0.007426672589025061,0.016779147520942273,-0.025460456552021796,0.040313801730071916,True
500,0.0,56,dml_if,0.013781725774666178,0.039477700240806525,-0.06359456669731461,0.09115801824664696,True
500,0.0,56,dml_mult_boot,0.013781725774666178,0.03964607184944416,-0.06948825448503526,0.08831331472059087,True
500,0.0,56,dml_fixed_nuis_boot,0.013781725774666178,0.04035334571061739,-0.06314886968992885,0.09521241594146734,True
500,0.0,56,dml_pairs_boot,0.013781725774666178,0.04097881482419162,-0.055183568396109446,0.10115900581018553,True
500,0.0,57,naive_ml,0.02859235142499152,0.01807629079794899,-0.0068371785389885024,0.06402188138897154,True
500,0.0,57,dml_if,0.04691274579936335,0.04102437314742762,-0.03349502556959478,0.1273205171683215,True
500,0.0,57,dml_mult_boot,0.04691274579936335,0.040188670119356514,-0.030425523596394003,0.1254690040482848,True
500,0.0,57,dml_fixed_nuis_boot,0.04691274579936335,0.039958519354601145,-0.028396976367624335,0.12969991328109262,True
500,0.0,57,dml_pairs_boot,0.04691274579936335,0.04285164783033682,-0.028505104027201716,0.128995911716391,True
500,0.0,58,naive_ml,-0.01061464695603828,0.01759226148199703,-0.04509547946075246,0.023866185548675894,True
500,0.0,58,dml_if,-0.03916980350423598,0.04408386148440857,-0.12557417201367677,0.04723456500520481,True
500,0.0,58,dml_mult_boot,-0.03916980350423598,0.045038950188875986,-0.12822936742354982,0.04638681702846899,True
500,0.0,58,dml_fixed_nuis_boot,-0.03916980350423598,0.04251604911629529,-0.12277374151053237,0.04061770381376814,True
500,0.0,58,dml_pairs_boot,-0.03916980350423598,0.047908593541459495,-0.13289483377802172,0.06385786719589741,True
500,0.0,59,naive_ml,-0.0141432151700518,0.019728307589641638,-0.05281069804574941,0.024524267705645808,True
500,0.0,59,dml_if,-0.03194933320732213,0.04901078220622238,-0.128010466331518,0.06411179991687374,True
500,0.0,59,dml_mult_boot,-0.03194933320732213,0.05157226801827566,-0.13133391087439847,0.07518644276550866,True
500,0.0,59,dml_fixed_nuis_boot,-0.03194933320732213,0.04588265127683284,-0.12728768069941826,0.049142160241273276,True
500,0.0,59,dml_pairs_boot,-0.03194933320732213,0.046571991559731574,-0.11699814378863263,0.043034028594669094,True
500,0.0,60,naive_ml,0.01150564495537395,0.01721100060221356,-0.02222791622496463,0.04523920613571253,True
500,0.0,60,dml_if,0.005988925254723622,0.04296151185628298,-0.07821563798359102,0.09019348849303827,True
500,0.0,60,dml_mult_boot,0.005988925254723622,0.04343530272703207,-0.07489432139147954,0.08878522098463365,True
500,0.0,60,dml_fixed_nuis_boot,0.005988925254723622,0.04549450213018687,-0.07885544413975386,0.0958632057319628,True
500,0.0,60,dml_pairs_boot,0.005988925254723622,0.0399838398147235,-0.06724109295873706,0.09340187374694395,True
500,0.0,61,naive_ml,0.007843900572021278,0.01732913475922709,-0.026121203556063816,0.04180900470010637,True
500,0.0,61,dml_if,-0.04231769964960414,0.043887651569905414,-0.12833749672661876,0.04370209742741047,True
500,0.0,61,dml_mult_boot,-0.04231769964960414,0.04318077554237017,-0.13287718213594943,0.044475237909775076,True
500,0.0,61,dml_fixed_nuis_boot,-0.04231769964960414,0.04143641237099176,-0.12149569700347343,0.03885381590741252,True
500,0.0,61,dml_pairs_boot,-0.04231769964960414,0.046453437063573605,-0.1254568583244135,0.04807991428262617,True
500,0.0,62,naive_ml,0.009599507216041173,0.015658360058978485,-0.02109087849955666,0.040289892931639,True
500,0.0,62,dml_if,0.03695558507538382,0.04107235485345483,-0.043546230437387645,0.11745740058815529,True
500,0.0,62,dml_mult_boot,0.03695558507538382,0.04199146570606477,-0.04285942434005478,0.11936244721560532,True
500,0.0,62,dml_fixed_nuis_boot,0.03695558507538382,0.038198920936103095,-0.04468189176901347,0.11252573415480711,True
500,0.0,62,dml_pairs_boot,0.03695558507538382,0.04821011130815022,-0.06373772318184666,0.1063194628640071,True
500,0.0,63,naive_ml,0.020160028924159152,0.018264894528634796,-0.015639164351965048,0.05595922220028335,True
500,0.0,63,dml_if,0.06699782601051368,0.04476770720885131,-0.02074688011883488,0.15474253213986225,True
500,0.0,63,dml_mult_boot,0.06699782601051368,0.04292720057876915,-0.017163776247747765,0.14788589193158644,True
500,0.0,63,dml_fixed_nuis_boot,0.06699782601051368,0.0451458070866566,-0.014639765863699607,0.15222669136220848,True
500,0.0,63,dml_pairs_boot,0.06699782601051368,0.0473754502611074,-0.02515954106823663,0.14298142329701624,True
500,0.0,64,naive_ml,0.007541176512384472,0.01729011694289115,-0.02634745269568218,0.04142980572045112,True
500,0.0,64,dml_if,0.05887768603523426,0.042970380209455615,-0.02534425917529874,0.14309963124576724,True
500,0.0,64,dml_mult_boot,0.05887768603523426,0.04293412478630561,-0.020409017236121804,0.14471923253111915,True
500,0.0,64,dml_fixed_nuis_boot,0.05887768603523426,0.042674896405565536,-0.03645030574366469,0.14586261457306726,True
500,0.0,64,dml_pairs_boot,0.05887768603523426,0.04635817709132878,-0.04239423767811514,0.1455610648202316,True
500,0.0,65,naive_ml,-0.018106231581346912,0.016780406005208102,-0.05099582735155479,0.014783364188860965,True
500,0.0,65,dml_if,-0.08618660022670274,0.04283124742322837,-0.17013584517623034,-0.0022373552771751404,False
500,0.0,65,dml_mult_boot,-0.08618660022670274,0.042715380509482134,-0.17338889192483628,-0.007066331126318814,False
500,0.0,65,dml_fixed_nuis_boot,-0.08618660022670274,0.04139633178279187,-0.1697014730591284,-0.01032857872120213,False
500,0.0,65,dml_pairs_boot,-0.08618660022670274,0.04446905173251673,-0.1731563868901616,-0.005640724732948932,False
500,0.0,66,naive_ml,-0.005607759650743732,0.019793816244036797,-0.04440363948905585,0.033188120187568386,True
500,0.0,66,dml_if,-0.03646562019818251,0.04772972655726466,-0.13001588425042124,0.05708464385405621,True
500,0.0,66,dml_mult_boot,-0.03646562019818251,0.04700363197746356,-0.12792860232164863,0.05100756909041124,True
500,0.0,66,dml_fixed_nuis_boot,-0.03646562019818251,0.04755782968821671,-0.12321238221051789,0.06304664898360234,True
500,0.0,66,dml_pairs_boot,-0.03646562019818251,0.05222953919703356,-0.14221733166505415,0.06793925142811448,True
500,0.0,67,naive_ml,-7.911799081699211e-05,0.014200393945645704,-0.027911890124282572,0.02775365414264859,True
500,0.0,67,dml_if,-0.03603191649128307,0.03602325265132272,-0.10663749168787559,0.03457365870530946,True
500,0.0,67,dml_mult_boot,-0.03603191649128307,0.03624158435428716,-0.1078438749281808,0.04044666348467644,True
500,0.0,67,dml_fixed_nuis_boot,-0.03603191649128307,0.03573566474449903,-0.10750403328017699,0.02573783999166582,True
500,0.0,67,dml_pairs_boot,-0.03603191649128307,0.03731529647209708,-0.10240378715968786,0.03135231778638419,True
500,0.0,68,naive_ml,-0.00021897536906959742,0.01829243353281406,-0.036072145093385154,0.03563419435524596,True
500,0.0,68,dml_if,-0.03347199492462507,0.04688336660680927,-0.12536339347397124,0.058419403624721096,True
500,0.0,68,dml_mult_boot,-0.03347199492462507,0.046084034227266216,-0.11673287306590294,0.060815748880304846,True
500,0.0,68,dml_fixed_nuis_boot,-0.03347199492462507,0.048856175034285965,-0.13340453384653114,0.057747099225966325,True
500,0.0,68,dml_pairs_boot,-0.03347199492462507,0.04529234618869252,-0.10488441685802935,0.06701268544345818,True
500,0.0,69,naive_ml,-0.0018823402444489337,0.018363807584702935,-0.037875403110466686,0.03411072262156881,True
500,0.0,69,dml_if,-0.027019520954930706,0.04425328281239619,-0.11375595526722725,0.05971691335736583,True
500,0.0,69,dml_mult_boot,-0.027019520954930706,0.04708193302768785,-0.12274070330608025,0.05172842540336032,True
500,0.0,69,dml_fixed_nuis_boot,-0.027019520954930706,0.0425063182362752,-0.10721575160835096,0.05506135097902088,True
500,0.0,69,dml_pairs_boot,-0.027019520954930706,0.04865064697480441,-0.12197558648055846,0.07008493633214452,True
500,0.0,70,naive_ml,-0.0052225559881858685,0.01656582236539469,-0.037691567824359465,0.027246455847987724,True
500,0.0,70,dml_if,-0.025062471588835542,0.044244065428452585,-0.11178083982860261,0.06165589665093153,True
500,0.0,70,dml_mult_boot,-0.025062471588835542,0.04175855136598224,-0.10532457959255831,0.056006812251054645,True
500,0.0,70,dml_fixed_nuis_boot,-0.025062471588835542,0.04154951064168111,-0.10175857674238448,0.051989195072435636,True
500,0.0,70,dml_pairs_boot,-0.025062471588835542,0.04364244450161795,-0.09626192251357334,0.054374006619540595,True
500,0.0,71,naive_ml,-0.001532429901441913,0.01743369438483186,-0.03570247089571236,0.032637611092828527,True
500,0.0,71,dml_if,-0.04023785359774239,0.04138033423231578,-0.12134330869308133,0.04086760149759655,True
500,0.0,71,dml_mult_boot,-0.04023785359774239,0.039282030276955385,-0.11948296000379813,0.03900344326157017,True
500,0.0,71,dml_fixed_nuis_boot,-0.04023785359774239,0.044276805802322565,-0.1400045970049697,0.03800180934200739,True
500,0.0,71,dml_pairs_boot,-0.04023785359774239,0.04079467041817698,-0.09742233211976077,0.05474099875105709,True
500,0.0,72,naive_ml,0.014161365374279622,0.016414005522921136,-0.0180100854506458,0.04633281619920505,True
500,0.0,72,dml_if,0.03365970276602583,0.04705441561866069,-0.05856695184654911,0.12588635737860077,True
500,0.0,72,dml_mult_boot,0.03365970276602583,0.04831945280799135,-0.06072496415082093,0.12610972161219436,True
500,0.0,72,dml_fixed_nuis_boot,0.03365970276602583,0.04789096094997801,-0.062228662055934844,0.12000476162985953,True
500,0.0,72,dml_pairs_boot,0.03365970276602583,0.052193935361324224,-0.07546612828236324,0.1269316620779794,True
500,0.0,73,naive_ml,0.024060514453626322,0.018156813460569014,-0.011526839929088949,0.05964786883634159,True
500,0.0,73,dml_if,0.04317425939850844,0.04316654080334644,-0.04143216057605058,0.12778067937306747,True
500,0.0,73,dml_mult_boot,0.04317425939850844,0.04124093802003816,-0.03966635205186315,0.12769870006718426,True
500,0.0,73,dml_fixed_nuis_boot,0.04317425939850844,0.043018700805739454,-0.041460492633076836,0.12307206876506345,True
500,0.0,73,dml_pairs_boot,0.04317425939850844,0.0476114573597069,-0.04433350950758663,0.11256831192004531,True
500,0.0,74,naive_ml,0.019993844105797014,0.015247687498597484,-0.009891623391454055,0.04987931160304808,True
500,0.0,74,dml_if,0.05358061551255497,0.04128670441169684,-0.027341325134370834,0.13450255615948076,True
500,0.0,74,dml_mult_boot,0.05358061551255497,0.04319386342279217,-0.03125592663741176,0.12762904945954284,True
500,0.0,74,dml_fixed_nuis_boot,0.05358061551255497,0.039351277085750466,-0.026402431833820114,0.12817951779561237,True
500,0.0,74,dml_pairs_boot,0.05358061551255497,0.046780104889933644,-0.032878224730428326,0.13965481341173827,True
500,0.0,75,naive_ml,-0.008433123499817858,0.01933037528087451,-0.046320659050331905,0.029454412050696186,True
500,0.0,75,dml_if,-0.013575492193272094,0.046079768509803394,-0.10389183847248676,0.07674085408594256,True
500,0.0,75,dml_mult_boot,-0.013575492193272094,0.046333412299431304,-0.11569930887567159,0.07010084774726603,True
500,0.0,75,dml_fixed_nuis_boot,-0.013575492193272094,0.046486063829265976,-0.10126803266780153,0.08165871224416382,True
500,0.0,75,dml_pairs_boot,-0.013575492193272094,0.047485624155752526,-0.10329357879290686,0.07011165409408829,True
500,0.0,76,naive_ml,0.0037926544406382758,0.01791431115520505,-0.03131939542356362,0.03890470430484017,True
500,0.0,76,dml_if,0.005263594008023942,0.04819893647604043,-0.0892063214850153,0.09973350950106318,True
500,0.0,76,dml_mult_boot,0.005263594008023942,0.04707298975041572,-0.0719642792356075,0.10183350974553969,True
500,0.0,76,dml_fixed_nuis_boot,0.005263594008023942,0.048395631462175806,-0.08809580718661537,0.10201624377667244,True
500,0.0,76,dml_pairs_boot,0.005263594008023942,0.049278402382629934,-0.104307381077025,0.09269141795399181,True
500,0.0,77,naive_ml,0.003281499409480213,0.017323485062946647,-0.03067253131389521,0.03723553013285564,True
500,0.0,77,dml_if,0.013627515460323215,0.042168715810493446,-0.06902316752824393,0.09627819844889036,True
500,0.0,77,dml_mult_boot,0.013627515460323215,0.04248041983423758,-0.06288864168981152,0.09917358726229271,True
500,0.0,77,dml_fixed_nuis_boot,0.013627515460323215,0.04164774266988341,-0.0717706731539545,0.0907407830958346,True
500,0.0,77,dml_pairs_boot,0.013627515460323215,0.04387118345620167,-0.0689106377406782,0.08135667137572192,True
500,0.0,78,naive_ml,0.01852764438688496,0.0176073773181062,-0.015982815156603197,0.053038103930373115,True
500,0.0,78,dml_if,0.07097963789252626,0.04273288528238473,-0.012776817260947815,0.15473609304600033,True
500,0.0,78,dml_mult_boot,0.07097963789252626,0.042983554918726824,-0.01866462859675627,0.14969401465519674,True
500,0.0,78,dml_fixed_nuis_boot,0.07097963789252626,0.04280287118807393,-0.008613510212444685,0.15490606621236547,True
500,0.0,78,dml_pairs_boot,0.07097963789252626,0.04440216401983102,-0.00475678579883466,0.15576814414295556,True
500,0.0,79,naive_ml,0.013970468194482388,0.01593697410053362,-0.017266001042563504,0.04520693743152828,True
500,0.0,79,dml_if,0.015570294569586765,0.03922859375514368,-0.06131774919049485,0.09245833832966838,True
500,0.0,79,dml_mult_boot,0.015570294569586765,0.03811987465461576,-0.057194883403401266,0.09581069924343268,True
500,0.0,79,dml_fixed_nuis_boot,0.015570294569586765,0.03772145079390412,-0.05862399155900852,0.08674684555520715,True
500,0.0,79,dml_pairs_boot,0.015570294569586765,0.04106372420278419,-0.060904081809288295,0.08743299654498156,True
500,0.0,80,naive_ml,0.006847575772731693,0.01658846372420428,-0.025665813126708695,0.03936096467217208,True
500,0.0,80,dml_if,0.0017695543106578929,0.038857669348857864,-0.07439147761310351,0.0779305862344193,True
500,0.0,80,dml_mult_boot,0.0017695543106578929,0.03786232152828624,-0.07154535402374611,0.07674677501217161,True
500,0.0,80,dml_fixed_nuis_boot,0.0017695543106578929,0.03518327856865758,-0.06522037714149505,0.06910910402043202,True
500,0.0,80,dml_pairs_boot,0.0017695543106578929,0.04197294492760259,-0.07427231016192486,0.07765951863470047,True
500,0.0,81,naive_ml,-0.005656272399260929,0.016676121783978537,-0.03834147109585886,0.027028926297337,True
500,0.0,81,dml_if,-0.0267677043531958,0.045071218086778254,-0.11510729180328118,0.06157188309688959,True
500,0.0,81,dml_mult_boot,-0.0267677043531958,0.04414512880312937,-0.11304944529069812,0.055368021168691606,True
500,0.0,81,dml_fixed_nuis_boot,-0.0267677043531958,0.04236533996666627,-0.1124577531998654,0.055267906753480936,True
500,0.0,81,dml_pairs_boot,-0.0267677043531958,0.043991185438495416,-0.11457973642414111,0.061454852086382336,True
500,0.0,82,naive_ml,0.014176072515920212,0.01841892797906381,-0.021925026323044855,0.05027717135488528,True
500,0.0,82,dml_if,-0.010599835951925719,0.04671877809946273,-0.10216864102687268,0.08096896912302123,True
500,0.0,82,dml_mult_boot,-0.010599835951925719,0.049446577907488555,-0.10956225707518984,0.08264002206721677,True
500,0.0,82,dml_fixed_nuis_boot,-0.010599835951925719,0.046892273020823994,-0.10776108880796642,0.07949257954534214,True
500,0.0,82,dml_pairs_boot,-0.010599835951925719,0.052557516234697496,-0.12457891028230744,0.0781847576796543,True
500,0.0,83,naive_ml,0.012113915397191628,0.01602569508893527,-0.019296446977121497,0.043524277771504756,True
500,0.0,83,dml_if,0.01490207391626044,0.04418852488706593,-0.07170743486238877,0.10151158269490966,True
500,0.0,83,dml_mult_boot,0.01490207391626044,0.042465650468658765,-0.0656962984055127,0.10366633142412829,True
500,0.0,83,dml_fixed_nuis_boot,0.01490207391626044,0.045656755836476735,-0.07888024633821698,0.10745203584318504,True
500,0.0,83,dml_pairs_boot,0.01490207391626044,0.04437058919790064,-0.06656136054411105,0.09716029223576399,True
500,0.0,84,naive_ml,0.0028200113001708355,0.016979882029627868,-0.03046055747789978,0.036100580078241455,True
500,0.0,84,dml_if,-0.009699403389217291,0.042450474901774324,-0.09290233419669497,0.07350352741826038,True
500,0.0,84,dml_mult_boot,-0.009699403389217291,0.041783201935591464,-0.09360450861449293,0.07215819084188316,True
500,0.0,84,dml_fixed_nuis_boot,-0.009699403389217291,0.04394857387656367,-0.0934819360145804,0.07106214980676114,True
500,0.0,84,dml_pairs_boot,-0.009699403389217291,0.03938241756285661,-0.08220362189329536,0.07287553578988513,True
500,0.0,85,naive_ml,0.0008457780918850072,0.016880624074502578,-0.03224024509414005,0.03393180127791006,True
500,0.0,85,dml_if,0.004025386831436811,0.04649736940517794,-0.08710945720271195,0.09516023086558557,True
500,0.0,85,dml_mult_boot,0.004025386831436811,0.04424258570107374,-0.08279803315172361,0.0932580607427436,True
500,0.0,85,dml_fixed_nuis_boot,0.004025386831436811,0.048503914441592785,-0.09163753484635435,0.09263222391416444,True
500,0.0,85,dml_pairs_boot,0.004025386831436811,0.04968978889273781,-0.10630334643754594,0.07584367135528433,True
500,0.0,86,naive_ml,0.016583187905131656,0.017049493823753266,-0.016833819989424743,0.050000195799688056,True
500,0.0,86,dml_if,0.04157597733097209,0.0421089932692413,-0.04095764947674086,0.12410960413868505,True
500,0.0,86,dml_mult_boot,0.04157597733097209,0.039830382420207935,-0.03412559629206651,0.11775266912027767,True
500,0.0,86,dml_fixed_nuis_boot,0.04157597733097209,0.04367925183852355,-0.046061273600056636,0.13209249512949364,True
500,0.0,86,dml_pairs_boot,0.04157597733097209,0.04706506070714658,-0.044141311625419025,0.13234342961628517,True
500,0.0,87,naive_ml,-0.010033550420648409,0.016825537795160717,-0.043011604499163414,0.0229445036578666,True
500,0.0,87,dml_if,-0.020534139344969265,0.04200793359727278,-0.1028696891956239,0.06180141050568537,True
500,0.0,87,dml_mult_boot,-0.020534139344969265,0.0422492259600537,-0.09427531641436793,0.06521439247393437,True
500,0.0,87,dml_fixed_nuis_boot,-0.020534139344969265,0.04074754515276831,-0.09888883994702204,0.05447516795856275,True
500,0.0,87,dml_pairs_boot,-0.020534139344969265,0.04254208075244364,-0.12106938713432973,0.04892228385078107,True
500,0.0,88,naive_ml,0.041911427248250685,0.017597692435459958,0.007419950074749167,0.07640290442175221,False
500,0.0,88,dml_if,0.13703681893607988,0.04724983814733543,0.04442713616730244,0.22964650170485734,False
500,0.0,88,dml_mult_boot,0.13703681893607988,0.04520882107982134,0.047773677625545345,0.22254664012428374,False
500,0.0,88,dml_fixed_nuis_boot,0.13703681893607988,0.04642162029680381,0.05458268411588617,0.22678811124746032,False
500,0.0,88,dml_pairs_boot,0.13703681893607988,0.04964250614215519,0.04097098491745031,0.21266761550500185,False
500,0.0,89,naive_ml,0.007073388758243775,0.01658158964343424,-0.025426526942887336,0.03957330445937488,True
500,0.0,89,dml_if,-0.03764116680533882,0.04696495358789993,-0.12969247583762267,0.054410142226945034,True
500,0.0,89,dml_mult_boot,-0.03764116680533882,0.046866940578902914,-0.13853721310368128,0.048403904675310847,True
500,0.0,89,dml_fixed_nuis_boot,-0.03764116680533882,0.045643806331426326,-0.12648493063799227,0.05091702117165153,True
500,0.0,89,dml_pairs_boot,-0.03764116680533882,0.04998755302072114,-0.1332497300823099,0.05947888600370326,True
500,0.0,90,naive_ml,0.0070262692388301864,0.01806057759486619,-0.028372462847107545,0.04242500132476792,True
500,0.0,90,dml_if,0.02015558084161158,0.04379609900390159,-0.06568477320603554,0.1059959348892587,True
500,0.0,90,dml_mult_boot,0.02015558084161158,0.0433206122470738,-0.06376945510360589,0.10588392854878122,True
500,0.0,90,dml_fixed_nuis_boot,0.02015558084161158,0.04536673562907214,-0.0859968822115911,0.10020263023706573,True
500,0.0,90,dml_pairs_boot,0.02015558084161158,0.049623054108219274,-0.08478571161856702,0.11386236698705471,True
500,0.0,91,naive_ml,0.025962006456207148,0.01704302529478257,-0.007442323121566691,0.05936633603398099,True
500,0.0,91,dml_if,0.09927700535968907,0.04963796951001591,0.0019865851200578932,0.19656742559932025,False
500,0.0,91,dml_mult_boot,0.09927700535968907,0.04886651603979613,0.0014062900061391694,0.18493908417444743,False
500,0.0,91,dml_fixed_nuis_boot,0.09927700535968907,0.04930599278816591,0.0014151433982995266,0.1942260067426555,False
500,0.0,91,dml_pairs_boot,0.09927700535968907,0.04731646303257429,0.014318744965576377,0.18493155009021453,False
500,0.0,92,naive_ml,-0.010605560761094373,0.01759931388837783,-0.04510021598231492,0.023889094460126173,True
500,0.0,92,dml_if,-0.02969358597825328,0.043185407008315274,-0.11433698371455121,0.054949811758044656,True
500,0.0,92,dml_mult_boot,-0.02969358597825328,0.04144608408627405,-0.1060018566074152,0.05331602486500279,True
500,0.0,92,dml_fixed_nuis_boot,-0.02969358597825328,0.04365375636206618,-0.11996754761466655,0.05065276457908498,True
500,0.0,92,dml_pairs_boot,-0.02969358597825328,0.04379306848115232,-0.10739832445782899,0.06278940272837269,True
500,0.0,93,naive_ml,0.03455672230060161,0.019719690721443844,-0.00409387151342832,0.07320731611463155,True
500,0.0,93,dml_if,0.1195246194857195,0.04709682660006491,0.02721483934959229,0.21183439962184672,False
500,0.0,93,dml_mult_boot,0.1195246194857195,0.045411419473216585,0.03266487006198921,0.21142522429077537,False
500,0.0,93,dml_fixed_nuis_boot,0.1195246194857195,0.047221687348029714,0.027599553040788417,0.21114731665902275,False
500,0.0,93,dml_pairs_boot,0.1195246194857195,0.04976664770136316,0.014077209375735648,0.20723686420979523,False
500,0.0,94,naive_ml,0.019133663064031473,0.015364794404442156,-0.010981333968675153,0.0492486600967381,True
500,0.0,94,dml_if,0.07235089088841608,0.039343497224683735,-0.0047623636719640455,0.14946414544879622,True
500,0.0,94,dml_mult_boot,0.07235089088841608,0.03859148833386312,0.00012748937005018082,0.15399800639363892,False
500,0.0,94,dml_fixed_nuis_boot,0.07235089088841608,0.037643742509537004,0.003957815724727159,0.1519611877723962,False
500,0.0,94,dml_pairs_boot,0.07235089088841608,0.04592701019227548,-0.0340977875688115,0.14340780890230873,True
500,0.0,95,naive_ml,-0.0037596541592580593,0.0181722962350076,-0.039377354779872954,0.031858046461356836,True
500,0.0,95,dml_if,-0.04006704036932424,0.043163655214747965,-0.12466780459023025,0.04453372385158177,True
500,0.0,95,dml_mult_boot,-0.04006704036932424,0.04073502525595198,-0.12210577979192118,0.03451498582581846,True
500,0.0,95,dml_fixed_nuis_boot,-0.04006704036932424,0.04120677348248378,-0.1264764165466644,0.03814582272907626,True
500,0.0,95,dml_pairs_boot,-0.04006704036932424,0.047262340756078755,-0.15246072170001837,0.02723673605515803,True
500,0.0,96,naive_ml,-0.006043655991478313,0.016156856206525395,-0.03771109415626808,0.02562378217331146,True
500,0.0,96,dml_if,-0.039075188498424555,0.040820844187281644,-0.11908404310549658,0.040933666108647467,True
500,0.0,96,dml_mult_boot,-0.039075188498424555,0.03975077807437957,-0.11609376488228035,0.03882868302688467,True
500,0.0,96,dml_fixed_nuis_boot,-0.039075188498424555,0.03995339694709406,-0.11755680590427746,0.036244956957245375,True
500,0.0,96,dml_pairs_boot,-0.039075188498424555,0.04216312588906703,-0.1336422796749299,0.025231500811711324,True
500,0.0,97,naive_ml,-0.015227029120305236,0.016714507579436523,-0.047987463976000816,0.017533405735390348,True
500,0.0,97,dml_if,-0.08970750061690587,0.04557673043471815,-0.17903789226895345,-0.0003771089648582915,False
500,0.0,97,dml_mult_boot,-0.08970750061690587,0.04405588712395776,-0.17962875193630562,-0.0036571697855183375,False
500,0.0,97,dml_fixed_nuis_boot,-0.08970750061690587,0.043750903579639344,-0.1747540583404332,-0.006074416709817282,False
500,0.0,97,dml_pairs_boot,-0.08970750061690587,0.04528704595972643,-0.1896812673915932,-0.022392679042875,False
500,0.0,98,naive_ml,0.012946640541436405,0.01748434033515488,-0.02132266651546716,0.04721594759833997,True
500,0.0,98,dml_if,0.048952516663962185,0.04920681027883391,-0.04749283148255228,0.14539786481047665,True
500,0.0,98,dml_mult_boot,0.048952516663962185,0.0476463224421426,-0.044875667128031996,0.14162412622460446,True
500,0.0,98,dml_fixed_nuis_boot,0.048952516663962185,0.04734589374817385,-0.048794691065694194,0.14767366573605142,True
500,0.0,98,dml_pairs_boot,0.048952516663962185,0.048254929513900646,-0.03949227737208216,0.1362327128946756,True
500,0.0,99,naive_ml,0.014806106092503426,0.01769886326363434,-0.019883665904219874,0.04949587808922673,True
500,0.0,99,dml_if,-0.018962849724442878,0.047691708669269126,-0.11243859871621037,0.0745128992673246,True
500,0.0,99,dml_mult_boot,-0.018962849724442878,0.045860156327874775,-0.11030399619417458,0.06867232064919751,True
500,0.0,99,dml_fixed_nuis_boot,-0.018962849724442878,0.045577861186529886,-0.10924526734895314,0.06947571911214134,True
500,0.0,99,dml_pairs_boot,-0.018962849724442878,0.04994883188344363,-0.13707301075221803,0.06063570854964429,True
500,0.0,100,naive_ml,-0.011502715561833405,0.019943140942900207,-0.05059127180991781,0.027585840686251,True
500,0.0,100,dml_if,-0.07666635727408283,0.04606625063022227,-0.16695620850931847,0.013623493961152824,True
500,0.0,100,dml_mult_boot,-0.07666635727408283,0.04771347131700251,-0.16893713131043092,0.01751128751881204,True
500,0.0,100,dml_fixed_nuis_boot,-0.07666635727408283,0.04549117684767045,-0.15696545381007238,0.014364239603437665,True
500,0.0,100,dml_pairs_boot,-0.07666635727408283,0.04977064356125012,-0.172099379305225,0.020482821858214352,True
500,0.0,101,naive_ml,0.024049097289791512,0.017730192563559923,-0.010702080134785939,0.058800274714368966,True
500,0.0,101,dml_if,0.05928869029622419,0.04133408271953083,-0.021726111834056233,0.1403034924265046,True
500,0.0,101,dml_mult_boot,0.05928869029622419,0.042310570746522315,-0.0239003930716654,0.13723363547691217,True
500,0.0,101,dml_fixed_nuis_boot,0.05928869029622419,0.03995060536827257,-0.026731332041329867,0.14304169162837105,True
500,0.0,101,dml_pairs_boot,0.05928869029622419,0.042861871998438786,-0.02483344199851366,0.1306292377032249,True
500,0.0,102,naive_ml,-0.01055180173591364,0.015974410844156156,-0.04186164699045971,0.020758043518632426,True
500,0.0,102,dml_if,-0.054056979478154014,0.04639724956059446,-0.14499558861691916,0.03688162966061113,True
500,0.0,102,dml_mult_boot,-0.054056979478154014,0.04330935742789541,-0.1430209992181993,0.028252256401383135,True
500,0.0,102,dml_fixed_nuis_boot,-0.054056979478154014,0.047006897582602715,-0.14996197720042082,0.03578014130225295,True
500,0.0,102,dml_pairs_boot,-0.054056979478154014,0.048896923336792825,-0.16581242211670663,0.021673560449820793,True
500,0.0,103,naive_ml,0.008609403745489708,0.018018058057798624,-0.026705990047795593,0.043924797538775005,True
500,0.0,103,dml_if,0.0004184848501324577,0.04621181978395249,-0.0901566819264144,0.09099365162667933,True
500,0.0,103,dml_mult_boot,0.0004184848501324577,0.04502093242488722,-0.0852033094552143,0.088362196456587,True
500,0.0,103,dml_fixed_nuis_boot,0.0004184848501324577,0.04950495593325961,-0.09219014352411192,0.09998578718565411,True
500,0.0,103,dml_pairs_boot,0.0004184848501324577,0.053250637522921536,-0.10131360521528698,0.09827177773861198,True
500,0.0,104,naive_ml,-0.0047199671425754335,0.017599961829182276,-0.03921589232777269,0.029775958042621824,True
500,0.0,104,dml_if,-0.03429459132260832,0.049028528493149516,-0.13039050716918138,0.06180132452396473,True
500,0.0,104,dml_mult_boot,-0.03429459132260832,0.04772662243672881,-0.12836970571151327,0.05830408838155772,True
500,0.0,104,dml_fixed_nuis_boot,-0.03429459132260832,0.04883920228918723,-0.1300931639912766,0.059727794016795045,True
500,0.0,104,dml_pairs_boot,-0.03429459132260832,0.056223660901407846,-0.1686525323225629,0.049678354033033334,True
500,0.0,105,naive_ml,0.0010833576478029654,0.01699565112469278,-0.03222811855659489,0.034394833852200817,True
500,0.0,105,dml_if,-0.02824837698841533,0.04121715372815725,-0.10903399829560353,0.05253724431877288,True
500,0.0,105,dml_mult_boot,-0.02824837698841533,0.040818034559467774,-0.1133302906837276,0.05147970160898057,True
500,0.0,105,dml_fixed_nuis_boot,-0.02824837698841533,0.04090952310968978,-0.10640843818053948,0.05566668536492777,True
500,0.0,105,dml_pairs_boot,-0.02824837698841533,0.04435873045136692,-0.11926754994485926,0.06405386410538257,True
500,0.0,106,naive_ml,0.003577935417735226,0.015953617379240524,-0.0276911546455762,0.03484702548104665,True
500,0.0,106,dml_if,0.0280047543983928,0.04271442945728215,-0.05571552733788021,0.1117250361346658,True
500,0.0,106,dml_mult_boot,0.0280047543983928,0.044499998773903246,-0.05820902048273199,0.11332276719056802,True
500,0.0,106,dml_fixed_nuis_boot,0.0280047543983928,0.04384584020577635,-0.05427693216997107,0.11499937582164431,True
500,0.0,106,dml_pairs_boot,0.0280047543983928,0.04220874186812368,-0.045213520956185554,0.12257412943812016,True
500,0.0,107,naive_ml,0.006562570329663336,0.016521657999843484,-0.02581987935002989,0.03894502000935656,True
500,0.0,107,dml_if,-0.03499590131226643,0.043362890512453504,-0.1199871667166753,0.04999536409214243,True
500,0.0,107,dml_mult_boot,-0.03499590131226643,0.04512680351020839,-0.1221032749932305,0.05107752405685475,True
500,0.0,107,dml_fixed_nuis_boot,-0.03499590131226643,0.04185396708159702,-0.11486312923814207,0.04930138821079192,True
500,0.0,107,dml_pairs_boot,-0.03499590131226643,0.03941093178718684,-0.10292723578728319,0.03329748871400749,True
500,0.0,108,naive_ml,0.023640983672123392,0.01537044373429177,-0.0064850860470884765,0.053767053391335265,True
500,0.0,108,dml_if,0.06190140876616959,0.03790133238622928,-0.012385202710839802,0.136188020243179,True
500,0.0,108,dml_mult_boot,0.06190140876616959,0.03723419653533137,-0.00894355892431764,0.12986114863883644,True
500,0.0,108,dml_fixed_nuis_boot,0.06190140876616959,0.03694782388276319,-0.01118154249594637,0.13091918344167422,True
500,0.0,108,dml_pairs_boot,0.06190140876616959,0.0362751403832694,-0.007425905295979118,0.12617415078187685,True
500,0.0,109,naive_ml,-0.007084037185718023,0.01631524706233506,-0.03906192142789474,0.024893847056458692,True
500,0.0,109,dml_if,-0.02188866308804853,0.05066795247236915,-0.12119784993389207,0.07742052375779501,True
500,0.0,109,dml_mult_boot,-0.02188866308804853,0.05176564834482731,-0.12077879264478698,0.07927546597609925,True
500,0.0,109,dml_fixed_nuis_boot,-0.02188866308804853,0.05104538036932607,-0.1252729884806042,0.08841996633472332,True
500,0.0,109,dml_pairs_boot,-0.02188866308804853,0.04825515547266313,-0.11166384223365465,0.07999728295004851,True
500,0.0,110,naive_ml,-0.0013573469147992205,0.015534426489425294,-0.03180482283407279,0.029090129004474354,True
500,0.0,110,dml_if,-0.04113054578790683,0.04467262049754109,-0.12868888196308736,0.04642779038727371,True
500,0.0,110,dml_mult_boot,-0.04113054578790683,0.04752728112080215,-0.12916730447230632,0.04856226063757049,True
500,0.0,110,dml_fixed_nuis_boot,-0.04113054578790683,0.04442028545561777,-0.12885675030023352,0.04986569481648093,True
500,0.0,110,dml_pairs_boot,-0.04113054578790683,0.04416133141242539,-0.1117482039830445,0.044157349179157035,True
500,0.0,111,naive_ml,0.006531231543199639,0.017916269942641908,-0.028584657544378497,0.04164712063077777,True
500,0.0,111,dml_if,0.013859675541242834,0.043814522076642236,-0.07201678772897595,0.09973613881146161,True
500,0.0,111,dml_mult_boot,0.013859675541242834,0.04371224209958303,-0.0695406391942003,0.09711977483179576,True
500,0.0,111,dml_fixed_nuis_boot,0.013859675541242834,0.04443354487417278,-0.08345159445043641,0.09370087751859289,True
500,0.0,111,dml_pairs_boot,0.013859675541242834,0.053169965562709795,-0.08063014039522222,0.12003933619578962,True
500,0.0,112,naive_ml,0.012060680196621886,0.018160696997391534,-0.023534285918265518,0.04765564631150929,True
500,0.0,112,dml_if,0.01622619564771333,0.04534571191424282,-0.07265139970420259,0.10510379099962924,True
500,0.0,112,dml_mult_boot,0.01622619564771333,0.044278947063547375,-0.07366309173631226,0.09898627742260296,True
500,0.0,112,dml_fixed_nuis_boot,0.01622619564771333,0.0438164318331468,-0.06801106489721773,0.10649085528400447,True
500,0.0,112,dml_pairs_boot,0.01622619564771333,0.04722743552962463,-0.06461199442317571,0.10878407862364817,True
500,0.0,113,naive_ml,-0.011381231478392444,0.016352219778201855,-0.043431582243668075,0.02066911928688319,True
500,0.0,113,dml_if,-0.06722206568970604,0.048458985201669524,-0.1622016766849783,0.02775754530556622,True
500,0.0,113,dml_mult_boot,-0.06722206568970604,0.04831882061092206,-0.16921000551543963,0.026081033617554095,True
500,0.0,113,dml_fixed_nuis_boot,-0.06722206568970604,0.04861154828594054,-0.15529909522173801,0.029995331652100537,True
500,0.0,113,dml_pairs_boot,-0.06722206568970604,0.04754223060404565,-0.16309832764452423,0.023724588320812253,True
500,0.0,114,naive_ml,0.019686866056364508,0.016573420206485123,-0.01279703754834633,0.052170769661075346,True
500,0.0,114,dml_if,0.00909119065969712,0.04714818631484408,-0.08331925451739729,0.10150163583679152,True
500,0.0,114,dml_mult_boot,0.00909119065969712,0.04845463544106658,-0.0809203019771824,0.09704063584990959,True
500,0.0,114,dml_fixed_nuis_boot,0.00909119065969712,0.04446057853995128,-0.0814102628654138,0.09997012072716353,True
500,0.0,114,dml_pairs_boot,0.00909119065969712,0.04598645677005558,-0.06560607078777947,0.1000929267005507,True
500,0.0,115,naive_ml,0.01873417986823547,0.017000651496003175,-0.014587097063930753,0.05205545680040169,True
500,0.0,115,dml_if,0.022129288637584215,0.042560538484281034,-0.06128936679160661,0.10554794406677505,True
500,0.0,115,dml_mult_boot,0.022129288637584215,0.04407644606478901,-0.06264746334293339,0.1060840840558244,True
500,0.0,115,dml_fixed_nuis_boot,0.022129288637584215,0.039774977577818185,-0.058319203249676606,0.09328960617433307,True
500,0.0,115,dml_pairs_boot,0.022129288637584215,0.037426027713473815,-0.03676591958049166,0.10013258638684085,True
500,0.0,116,naive_ml,-0.008581366245292358,0.017608141761255004,-0.04309332409735216,0.02593059160676745,True
500,0.0,116,dml_if,-0.03224310553804095,0.042178324237147416,-0.11491262104284988,0.05042640996676798,True
500,0.0,116,dml_mult_boot,-0.03224310553804095,0.04235072940558833,-0.10652929314673765,0.050553073818182734,True
500,0.0,116,dml_fixed_nuis_boot,-0.03224310553804095,0.04339952930301219,-0.12153651177627647,0.047356701707849065,True
500,0.0,116,dml_pairs_boot,-0.03224310553804095,0.040802692141945984,-0.10208815264352517,0.044064565238296514,True
500,0.0,117,naive_ml,0.007526902111890658,0.015576524749687397,-0.02300308639749664,0.038056890621277956,True
500,0.0,117,dml_if,-0.04399334107018356,0.04852249266090518,-0.1390974266855577,0.05111074454519059,True
500,0.0,117,dml_mult_boot,-0.04399334107018356,0.0475621015752804,-0.13850833937084767,0.05626077389249542,True
500,0.0,117,dml_fixed_nuis_boot,-0.04399334107018356,0.05128225885950062,-0.14899947737864727,0.05152027469046138,True
500,0.0,117,dml_pairs_boot,-0.04399334107018356,0.04933588166843075,-0.1320340504293945,0.04573480115090362,True
500,0.0,118,naive_ml,0.00785509908672627,0.015477674178340766,-0.02248114230282163,0.03819134047627417,True
500,0.0,118,dml_if,0.010398262731116608,0.03830500229338696,-0.06467954176392184,0.08547606722615504,True
500,0.0,118,dml_mult_boot,0.010398262731116608,0.03746195290268396,-0.060729250139919116,0.08040633852297369,True
500,0.0,118,dml_fixed_nuis_boot,0.010398262731116608,0.040187057431249576,-0.07051318527590747,0.08706411119078786,True
500,0.0,118,dml_pairs_boot,0.010398262731116608,0.03764685397934104,-0.07770004678922411,0.07154645922031187,True
500,0.0,119,naive_ml,-0.0037258327368639853,0.017803032962836803,-0.038619777344024116,0.031168111870296146,True
500,0.0,119,dml_if,-0.02105786981435956,0.04497976520339998,-0.10921820961302352,0.0671024699843044,True
500,0.0,119,dml_mult_boot,-0.02105786981435956,0.043566872235377814,-0.10616407444653439,0.0640341453920979,True
500,0.0,119,dml_fixed_nuis_boot,-0.02105786981435956,0.047405404312469146,-0.11830204317125922,0.07979868357592144,True
500,0.0,119,dml_pairs_boot,-0.02105786981435956,0.0390753235806046,-0.09219125484033718,0.047787552310350985,True
500,0.0,120,naive_ml,-0.003988554852191403,0.01886339408692535,-0.040960807262565097,0.032983697558182284,True
500,0.0,120,dml_if,-0.040275039305197276,0.04653402439977746,-0.1314817271287611,0.05093164851836655,True
500,0.0,120,dml_mult_boot,-0.040275039305197276,0.04721716006775399,-0.13068985473403064,0.048815008181331596,True
500,0.0,120,dml_fixed_nuis_boot,-0.040275039305197276,0.04505200448444776,-0.1282281984777463,0.05408216045527225,True
500,0.0,120,dml_pairs_boot,-0.040275039305197276,0.04953332800693162,-0.11422074150542273,0.05608980064560941,True
500,0.0,121,naive_ml,-0.010952594877707847,0.015833549607898924,-0.04198635210918974,0.020081162353774044,True
500,0.0,121,dml_if,-0.060335230299837936,0.04335218873754715,-0.14530552022543036,0.024635059625754477,True
500,0.0,121,dml_mult_boot,-0.060335230299837936,0.0460516702532983,-0.1470859286020532,0.030469084281610936,True
500,0.0,121,dml_fixed_nuis_boot,-0.060335230299837936,0.0425005165691047,-0.13641219306833657,0.024315374044174953,True
500,0.0,121,dml_pairs_boot,-0.060335230299837936,0.04892075403380624,-0.14423492847407762,0.06368477422991498,True
500,0.0,122,naive_ml,0.014776215050534018,0.018299388559653747,-0.021090586526387324,0.05064301662745536,True
500,0.0,122,dml_if,0.038865994721700915,0.047341404781491056,-0.053923158650021556,0.13165514809342338,True
500,0.0,122,dml_mult_boot,0.038865994721700915,0.04754137421263592,-0.05405390561514581,0.14192335013526164,True
500,0.0,122,dml_fixed_nuis_boot,0.038865994721700915,0.048332303992435294,-0.04902305773106935,0.1334998237660588,True
500,0.0,122,dml_pairs_boot,0.038865994721700915,0.049049504586781825,-0.04820568844246236,0.1265438696196151,True
500,0.0,123,naive_ml,0.0017205033509884392,0.01733256868876889,-0.03225133127899858,0.03569233798097546,True
500,0.0,123,dml_if,-0.021995454457361313,0.04503842462028579,-0.11027076671312146,0.06627985779839883,True
500,0.0,123,dml_mult_boot,-0.021995454457361313,0.047533774080913575,-0.11442952722937985,0.06826390810350573,True
500,0.0,123,dml_fixed_nuis_boot,-0.021995454457361313,0.04453044603893893,-0.11010213749619499,0.06780563155171745,True
500,0.0,123,dml_pairs_boot,-0.021995454457361313,0.0489668966447719,-0.11736456449669659,0.06932233204948315,True
500,0.0,124,naive_ml,-0.0035452361939756873,0.01701593081388016,-0.0368964605891808,0.029805988201229424,True
500,0.0,124,dml_if,-0.003026670315689266,0.043691700641043475,-0.08866240357213447,0.08260906294075594,True
500,0.0,124,dml_mult_boot,-0.003026670315689266,0.042003248025598044,-0.0852521013835194,0.07758083500532391,True
500,0.0,124,dml_fixed_nuis_boot,-0.003026670315689266,0.042964680827614087,-0.08606220445662807,0.07994099563389535,True
500,0.0,124,dml_pairs_boot,-0.003026670315689266,0.04590572062325669,-0.08994166186163306,0.06977440591170468,True
500,0.0,125,naive_ml,0.010957468363610504,0.017134622494061624,-0.02262639172475028,0.044541328451971285,True
500,0.0,125,dml_if,-0.009905393525929956,0.04393738224432234,-0.09602266272480173,0.07621187567294183,True
500,0.0,125,dml_mult_boot,-0.009905393525929956,0.04619522926021423,-0.10658981592694082,0.07174634337990331,True
500,0.0,125,dml_fixed_nuis_boot,-0.009905393525929956,0.04559262912982429,-0.09901787496928555,0.07861389477222296,True
500,0.0,125,dml_pairs_boot,-0.009905393525929956,0.041932758494861645,-0.08783207210425974,0.06565790269416386,True
500,0.0,126,naive_ml,0.001961718446812354,0.01819362125444451,-0.03369777921189889,0.037621216105523596,True
500,0.0,126,dml_if,-0.013520266656963218,0.0456489387797065,-0.10299218666518796,0.07595165335126151,True
500,0.0,126,dml_mult_boot,-0.013520266656963218,0.042292419017614796,-0.0943588521710442,0.0708045291648386,True
500,0.0,126,dml_fixed_nuis_boot,-0.013520266656963218,0.04290615455283261,-0.09496492091197294,0.0790574142084967,True
500,0.0,126,dml_pairs_boot,-0.013520266656963218,0.04401124608589357,-0.09799845580138188,0.06927572592637914,True
500,0.0,127,naive_ml,0.005493827433907928,0.016296967734252925,-0.0264482293252278,0.03743588419304366,True
500,0.0,127,dml_if,0.028957107391328483,0.047727316971706006,-0.06458843387321529,0.12250264865587225,True
500,0.0,127,dml_mult_boot,0.028957107391328483,0.05011995516270325,-0.0640428436715582,0.12376177694276817,True
500,0.0,127,dml_fixed_nuis_boot,0.028957107391328483,0.046935168852139504,-0.06346449715222933,0.12131634974010129,True
500,0.0,127,dml_pairs_boot,0.028957107391328483,0.05291954931929089,-0.07430751687033581,0.12036427235960233,True
500,0.0,128,naive_ml,-0.019566929546144685,0.01609172666753629,-0.051106713814515814,0.011972854722226447,True
500,0.0,128,dml_if,-0.056312840791872654,0.04384638344176047,-0.1422517523377232,0.02962607075397787,True
500,0.0,128,dml_mult_boot,-0.056312840791872654,0.04305759122045029,-0.14023087851470367,0.0275433740231949,True
500,0.0,128,dml_fixed_nuis_boot,-0.056312840791872654,0.043780406473326296,-0.14137100042294698,0.0267791081651944,True
500,0.0,128,dml_pairs_boot,-0.056312840791872654,0.04291550381638586,-0.1564585121006733,0.024812646099802015,True
500,0.0,129,naive_ml,0.02102596054363528,0.016979524765936754,-0.01225390799760076,0.05430582908487132,True
500,0.0,129,dml_if,0.03685919334291338,0.04594988575406835,-0.053202582735060594,0.12692096942088735,True
500,0.0,129,dml_mult_boot,0.03685919334291338,0.043417381121824736,-0.055562002946569676,0.1158987113601198,True
500,0.0,129,dml_fixed_nuis_boot,0.03685919334291338,0.044867686283479084,-0.04626015678731639,0.11953250110827485,True
500,0.0,129,dml_pairs_boot,0.03685919334291338,0.049943371750313825,-0.04915936931317611,0.1371382400397234,True
500,0.0,130,naive_ml,0.011889714809902533,0.019230832003446597,-0.025802715916852795,0.049582145536657865,True
500,0.0,130,dml_if,0.022942299264936426,0.05021225731972782,-0.07547372508173009,0.12135832361160295,True
500,0.0,130,dml_mult_boot,0.022942299264936426,0.05202521240746453,-0.07759512055835587,0.12753848861849199,True
500,0.0,130,dml_fixed_nuis_boot,0.022942299264936426,0.04898499446755411,-0.06989561406123669,0.11441317386464472,True
500,0.0,130,dml_pairs_boot,0.022942299264936426,0.04864145037689129,-0.09206346169415809,0.10509738415349751,True
500,0.0,131,naive_ml,0.0017438889346784957,0.016476766848046807,-0.030550574087493242,0.03403835195685023,True
500,0.0,131,dml_if,0.014526685369457617,0.040834239917145874,-0.0655084248681483,0.09456179560706353,True
500,0.0,131,dml_mult_boot,0.014526685369457617,0.0392565582045821,-0.06477197797859169,0.0934487493162827,True
500,0.0,131,dml_fixed_nuis_boot,0.014526685369457617,0.04002912981391005,-0.06542548233089028,0.09079353906793997,True
500,0.0,131,dml_pairs_boot,0.014526685369457617,0.041869494502703025,-0.06035290722927954,0.10313266028235812,True
500,0.0,132,naive_ml,-0.004952718352581193,0.01767346928431727,-0.03959271814984304,0.029687281444680653,True
500,0.0,132,dml_if,-0.027384573670773356,0.04663199027994492,-0.11878327461946539,0.06401412727791869,True
500,0.0,132,dml_mult_boot,-0.027384573670773356,0.04602090509332564,-0.11341083133152507,0.0622276333749609,True
500,0.0,132,dml_fixed_nuis_boot,-0.027384573670773356,0.04542950668477376,-0.11548738323089668,0.0607849978901704,True
500,0.0,132,dml_pairs_boot,-0.027384573670773356,0.04674606084871825,-0.10019397954695192,0.06141581709510787,True
500,0.0,133,naive_ml,0.006503661666626608,0.0165208912672553,-0.025877285217193777,0.038884608550446995,True
500,0.0,133,dml_if,-0.027897781895076305,0.04298900079434918,-0.1121562234520007,0.0563606596618481,True
500,0.0,133,dml_mult_boot,-0.027897781895076305,0.042350944987365746,-0.10807027047782543,0.055351437971320576,True
500,0.0,133,dml_fixed_nuis_boot,-0.027897781895076305,0.04192701163526689,-0.10527079828914138,0.06209572211105219,True
500,0.0,133,dml_pairs_boot,-0.027897781895076305,0.047628724181014236,-0.12785038656316797,0.06083816091086555,True
500,0.0,134,naive_ml,0.02745691030269869,0.018167135913934252,-0.008150676088612443,0.06306449669400982,True
500,0.0,134,dml_if,0.08028742888282143,0.042364642844561436,-0.002747271092518974,0.16332212885816183,True
500,0.0,134,dml_mult_boot,0.08028742888282143,0.041757060503178366,-0.0035170175969245912,0.1677319894134324,True
500,0.0,134,dml_fixed_nuis_boot,0.08028742888282143,0.042665550085478704,-0.01213972221616732,0.15393343762733053,True
500,0.0,134,dml_pairs_boot,0.08028742888282143,0.037946684902944366,0.0029284262809768837,0.15104374514609484,False
500,0.0,135,naive_ml,0.0224968756956791,0.017816867596452828,-0.012424184793368442,0.05741793618472664,True
500,0.0,135,dml_if,0.09077176288176904,0.04435415362086508,0.003837621784873485,0.1777059039786646,False
500,0.0,135,dml_mult_boot,0.09077176288176904,0.04327881886065301,0.009797191139363575,0.16944658196841808,False
500,0.0,135,dml_fixed_nuis_boot,0.09077176288176904,0.04507755567295817,0.006398923241069366,0.18004687341946474,False
500,0.0,135,dml_pairs_boot,0.09077176288176904,0.04364282199965245,-0.008364047724689938,0.159699410413119,True
500,0.0,136,naive_ml,0.008966654919496334,0.016664331242114135,-0.023695434315047368,0.04162874415404004,True
500,0.0,136,dml_if,-0.008616023679219757,0.04651300881174242,-0.0997815209502349,0.08254947359179537,True
500,0.0,136,dml_mult_boot,-0.008616023679219757,0.04543831000919431,-0.10416113346921914,0.06967106609316599,True
500,0.0,136,dml_fixed_nuis_boot,-0.008616023679219757,0.0449698979723487,-0.09918000517262666,0.07360588358636826,True
500,0.0,136,dml_pairs_boot,-0.008616023679219757,0.05058973955781252,-0.09416116853878528,0.09523787691232587,True
500,0.0,137,naive_ml,0.00838757875306669,0.017050969807249138,-0.02503232206914162,0.041807479575275,True
500,0.0,137,dml_if,0.028458611720060506,0.04772781314744412,-0.06508790204892997,0.12200512548905099,True
500,0.0,137,dml_mult_boot,0.028458611720060506,0.04719278841248209,-0.06681156406566253,0.11818724950229452,True
500,0.0,137,dml_fixed_nuis_boot,0.028458611720060506,0.04603103756880352,-0.061887184681757426,0.11473037488790663,True
500,0.0,137,dml_pairs_boot,0.028458611720060506,0.052504162069670166,-0.08247495777312103,0.12190394749934055,True
500,0.0,138,naive_ml,-0.006362352430992654,0.01817408863683203,-0.04198356615918343,0.029258861297198124,True
500,0.0,138,dml_if,-0.004522293631672062,0.04329092871996308,-0.0893725139227997,0.08032792665945558,True
500,0.0,138,dml_mult_boot,-0.004522293631672062,0.04173694238098229,-0.07745107327789824,0.08203261486312871,True
500,0.0,138,dml_fixed_nuis_boot,-0.004522293631672062,0.04229892014098818,-0.08347540812350981,0.07305613813793306,True
500,0.0,138,dml_pairs_boot,-0.004522293631672062,0.04071392278415267,-0.0871354016038997,0.07391435786156574,True
500,0.0,139,naive_ml,0.025070150145159426,0.01563409392591773,-0.005572673949639322,0.05571297423995818,True
500,0.0,139,dml_if,0.04408644390392245,0.044785557306953716,-0.04369324841770684,0.13186613622555174,True
500,0.0,139,dml_mult_boot,0.04408644390392245,0.043742457139038,-0.03847750841987379,0.12827570515765033,True
500,0.0,139,dml_fixed_nuis_boot,0.04408644390392245,0.04448631344449889,-0.03791222656582094,0.1355389707836103,True
500,0.0,139,dml_pairs_boot,0.04408644390392245,0.04875078954201857,-0.03774953717671247,0.14167298146746327,True
500,0.0,140,naive_ml,0.015085607576348152,0.019399510801584537,-0.022937433594757542,0.05310864874745384,True
500,0.0,140,dml_if,-0.0024673249137588623,0.047573121065569005,-0.09571064220227411,0.09077599237475638,True
500,0.0,140,dml_mult_boot,-0.0024673249137588623,0.04616136854535746,-0.09516160715421147,0.08583255471040678,True
500,0.0,140,dml_fixed_nuis_boot,-0.0024673249137588623,0.04877823134736584,-0.10703212703737194,0.08315335085994073,True
500,0.0,140,dml_pairs_boot,-0.0024673249137588623,0.04513561729660292,-0.09791169353610357,0.07669461373287453,True
500,0.0,141,naive_ml,0.015334319023475715,0.01598820052079608,-0.016002553997284605,0.04667119204423603,True
500,0.0,141,dml_if,0.035901391474491215,0.041776068312217675,-0.04597970241745543,0.11778248536643786,True
500,0.0,141,dml_mult_boot,0.035901391474491215,0.04044978801380543,-0.0427545153916285,0.11090256854475891,True
500,0.0,141,dml_fixed_nuis_boot,0.035901391474491215,0.04285156869406149,-0.05252368212054261,0.11758697552216794,True
500,0.0,141,dml_pairs_boot,0.035901391474491215,0.043265009611175534,-0.04145550622476891,0.11870808179542415,True
500,0.0,142,naive_ml,0.01975116782233649,0.016546700836102865,-0.012680365816425121,0.0521827014610981,True
500,0.0,142,dml_if,0.022392183473784015,0.045051843092143655,-0.06590942898681754,0.11069379593438558,True
500,0.0,142,dml_mult_boot,0.022392183473784015,0.044633424677739966,-0.06242768625739503,0.11412931055291542,True
500,0.0,142,dml_fixed_nuis_boot,0.022392183473784015,0.04604743162827606,-0.06605312927229864,0.11301796166552397,True
500,0.0,142,dml_pairs_boot,0.022392183473784015,0.0443605679399892,-0.07742569885979284,0.11315075566084085,True
500,0.0,143,naive_ml,0.00020183107007560667,0.01751738089686481,-0.034132235487779425,0.034535897627930634,True
500,0.0,143,dml_if,-0.009264360957685904,0.04454315311296078,-0.09656894105908903,0.07804021914371723,True
500,0.0,143,dml_mult_boot,-0.009264360957685904,0.04543933598891601,-0.09029370608982294,0.07620633216149106,True
500,0.0,143,dml_fixed_nuis_boot,-0.009264360957685904,0.04396133226901088,-0.09580797024790415,0.07547124145235634,True
500,0.0,143,dml_pairs_boot,-0.009264360957685904,0.04277305103353583,-0.09261009361931061,0.07146325993389789,True
500,0.0,144,naive_ml,0.0003867017075726071,0.016747965810385908,-0.03243931128078377,0.033212714695928985,True
500,0.0,144,dml_if,-0.01263881092150044,0.04423482272537149,-0.09933906346322857,0.07406144162022768,True
500,0.0,144,dml_mult_boot,-0.01263881092150044,0.04226042993246433,-0.09545963529710493,0.0667749521218175,True
500,0.0,144,dml_fixed_nuis_boot,-0.01263881092150044,0.04393498630823054,-0.10508315853065771,0.06716642677823086,True
500,0.0,144,dml_pairs_boot,-0.01263881092150044,0.042915301623078446,-0.10228660286578187,0.08070650418196472,True
500,0.0,145,naive_ml,0.011399141796325313,0.017977559269841015,-0.02383687437256308,0.046635157965213704,True
500,0.0,145,dml_if,-0.02574220957215598,0.042672931783838575,-0.10938115586847959,0.05789673672416763,True
500,0.0,145,dml_mult_boot,-0.02574220957215598,0.043184070397224876,-0.11540684902771607,0.0586967738712347,True
500,0.0,145,dml_fixed_nuis_boot,-0.02574220957215598,0.04291572505631669,-0.10531171698295909,0.06312766273055244,True
500,0.0,145,dml_pairs_boot,-0.02574220957215598,0.04371102775506944,-0.10523383782574008,0.04686706348634152,True
500,0.0,146,naive_ml,0.01956730177552655,0.01789102222264157,-0.01549910178085093,0.05463370533190404,True
500,0.0,146,dml_if,0.05213465101592865,0.046886701947397774,-0.03976328480097098,0.14403258683282827,True
500,0.0,146,dml_mult_boot,0.05213465101592865,0.04555572996388278,-0.03849430544680372,0.13446867167337698,True
500,0.0,146,dml_fixed_nuis_boot,0.05213465101592865,0.04554936169599175,-0.03563335340494504,0.1446871437436476,True
500,0.0,146,dml_pairs_boot,0.05213465101592865,0.05045095386639541,-0.03422712718888988,0.14670502222363238,True
500,0.0,147,naive_ml,0.015706419405127972,0.017836887295929547,-0.019253879694893943,0.05066671850514989,True
500,0.0,147,dml_if,0.014343331869176721,0.0476703963912584,-0.07909064505768974,0.10777730879604318,True
500,0.0,147,dml_mult_boot,0.014343331869176721,0.04632910784296786,-0.08092540083087266,0.1023216750518706,True
500,0.0,147,dml_fixed_nuis_boot,0.014343331869176721,0.04823399073784913,-0.07308024484819271,0.1167968086719557,True
500,0.0,147,dml_pairs_boot,0.014343331869176721,0.049307220826074236,-0.1135692671377233,0.08635894238420859,True
500,0.0,148,naive_ml,-0.009172364048281733,0.01692077150787846,-0.04233707620372351,0.02399234810716004,True
500,0.0,148,dml_if,-0.03467277108467769,0.04317865856377159,-0.11930294186967,0.049957399700314625,True
500,0.0,148,dml_mult_boot,-0.03467277108467769,0.04372993725954961,-0.11877968830023451,0.050968500677348115,True
500,0.0,148,dml_fixed_nuis_boot,-0.03467277108467769,0.04242821448839505,-0.10756462961059542,0.04841170434890792,True
500,0.0,148,dml_pairs_boot,-0.03467277108467769,0.044719704394410115,-0.1345934300169663,0.04448437524944697,True
500,0.0,149,naive_ml,0.010237814587197825,0.01760572955961498,-0.024269415349647536,0.04474504452404318,True
500,0.0,149,dml_if,-0.0025817206481027416,0.04184478741384864,-0.08459750397924608,0.07943406268304058,True
500,0.0,149,dml_mult_boot,-0.0025817206481027416,0.04065564784090285,-0.07853731846878564,0.07612520730039939,True
500,0.0,149,dml_fixed_nuis_boot,-0.0025817206481027416,0.04076955723250065,-0.07965360258840745,0.07936820487149931,True
500,0.0,149,dml_pairs_boot,-0.0025817206481027416,0.0426009652449224,-0.09564404461542905,0.077663779044258,True
500,0.0,150,naive_ml,-0.003327483316990008,0.017559743151379825,-0.037744579893694466,0.031089613259714446,True
500,0.0,150,dml_if,-0.07531986517893507,0.04645009733641576,-0.16636205595830997,0.015722325600439818,True
500,0.0,150,dml_mult_boot,-0.07531986517893507,0.04545695617070371,-0.15969979227764755,0.012085630636687978,True
500,0.0,150,dml_fixed_nuis_boot,-0.07531986517893507,0.045796953789500834,-0.16805179254435332,0.012248502146831599,True
500,0.0,150,dml_pairs_boot,-0.07531986517893507,0.04661030822496539,-0.16046112219157183,0.010105977907347704,True
500,0.0,151,naive_ml,0.01631477458336188,0.017188334118104918,-0.017374360288123756,0.05000390945484752,True
500,0.0,151,dml_if,0.0417142023761841,0.04298708380181763,-0.04254048187537845,0.12596888662774663,True
500,0.0,151,dml_mult_boot,0.0417142023761841,0.04356526123318614,-0.05566751467252834,0.12251261582688246,True
500,0.0,151,dml_fixed_nuis_boot,0.0417142023761841,0.04410827085918718,-0.04311878971081634,0.12971270630874937,True
500,0.0,151,dml_pairs_boot,0.0417142023761841,0.04145856045516968,-0.055112468454010806,0.1102675744529122,True
500,0.0,152,naive_ml,-0.004135965287599821,0.01639712989491901,-0.03627433988164108,0.028002409306441437,True
500,0.0,152,dml_if,-0.03865558300972505,0.04195544000953904,-0.12088824542842157,0.04357707940897147,True
500,0.0,152,dml_mult_boot,-0.03865558300972505,0.04143642189128143,-0.12528952352469055,0.03362528446989132,True
500,0.0,152,dml_fixed_nuis_boot,-0.03865558300972505,0.03751550424853423,-0.11228970417677023,0.03081177830265229,True
500,0.0,152,dml_pairs_boot,-0.03865558300972505,0.040968002649666886,-0.1104439969616226,0.03370697413937256,True
500,0.0,153,naive_ml,0.007934376422078669,0.01761260683197225,-0.026586332968586944,0.042455085812744285,True
500,0.0,153,dml_if,-0.016223915386324686,0.04584352497435229,-0.10607722433605517,0.0736293935634058,True
500,0.0,153,dml_mult_boot,-0.016223915386324686,0.04689856584978388,-0.10740968586529835,0.07525929633690412,True
500,0.0,153,dml_fixed_nuis_boot,-0.016223915386324686,0.04718636314804156,-0.11281014106727599,0.07282791236728113,True
500,0.0,153,dml_pairs_boot,-0.016223915386324686,0.04634249029475284,-0.09944402795802525,0.06762121405069821,True
500,0.0,154,naive_ml,0.0014678722402467726,0.017101216119744383,-0.032050511354452214,0.034986255834945766,True
500,0.0,154,dml_if,-0.023927596699819184,0.04117549288866042,-0.1046315627615936,0.05677636936195524,True
500,0.0,154,dml_mult_boot,-0.023927596699819184,0.04165867349637224,-0.11252427547596551,0.05035674844863119,True
500,0.0,154,dml_fixed_nuis_boot,-0.023927596699819184,0.04242111573974241,-0.10628762320358275,0.05658609120047348,True
500,0.0,154,dml_pairs_boot,-0.023927596699819184,0.03983662584838615,-0.11180413616097379,0.05128691414014037,True
500,0.0,155,naive_ml,-0.008700355277321586,0.017213008188563927,-0.042437851326906875,0.025037140772263707,True
500,0.0,155,dml_if,-0.06127055699300033,0.044398395648328884,-0.14829141246372493,0.025750298477724275,True
500,0.0,155,dml_mult_boot,-0.06127055699300033,0.045206634004860524,-0.1494400740655205,0.023717052210901503,True
500,0.0,155,dml_fixed_nuis_boot,-0.06127055699300033,0.044290765448474365,-0.1478083063644749,0.020163623210199735,True
500,0.0,155,dml_pairs_boot,-0.06127055699300033,0.04171412954034108,-0.13130476120918044,0.027798964764225102,True
500,0.0,156,naive_ml,0.009376899869674294,0.015424484380223044,-0.02085508951556287,0.03960888925491146,True
500,0.0,156,dml_if,0.003280895814646102,0.04287794219638206,-0.08075987089026272,0.08732166251955494,True
500,0.0,156,dml_mult_boot,0.003280895814646102,0.04104865613407275,-0.07557884346895061,0.08653971174073873,True
500,0.0,156,dml_fixed_nuis_boot,0.003280895814646102,0.0424985521620699,-0.08931433717224681,0.08103622020993564,True
500,0.0,156,dml_pairs_boot,0.003280895814646102,0.03866122524858278,-0.0647771018436062,0.07330206988943824,True
500,0.0,157,naive_ml,0.02709727149644449,0.017332248554285314,-0.006873935669954728,0.061068478662843706,True
500,0.0,157,dml_if,0.09309401940728686,0.04821077353104652,-0.0013990967135643212,0.18758713552813805,True
500,0.0,157,dml_mult_boot,0.09309401940728686,0.0512485461234286,-0.003373206567315386,0.19884836701976905,True
500,0.0,157,dml_fixed_nuis_boot,0.09309401940728686,0.04710174247027111,-0.004265324879982906,0.17592798055467224,True
500,0.0,157,dml_pairs_boot,0.09309401940728686,0.047342594053583084,-0.006505220755140467,0.1894066341431521,True
500,0.0,158,naive_ml,0.011658986377101044,0.0167609128219262,-0.021192402753874306,0.04451037550807639,True
500,0.0,158,dml_if,0.010956387327871527,0.046694751250933544,-0.08056532512395823,0.10247809977970126,True
500,0.0,158,dml_mult_boot,0.010956387327871527,0.04846587606802697,-0.07353883179899233,0.11067982903694441,True
500,0.0,158,dml_fixed_nuis_boot,0.010956387327871527,0.04558449028200669,-0.08082327714372306,0.09732433293469896,True
500,0.0,158,dml_pairs_boot,0.010956387327871527,0.051264902408982925,-0.08165950861482575,0.10738908882917592,True
500,0.0,159,naive_ml,0.01102663392725252,0.01684255167491327,-0.021984767355577486,0.044038035210082524,True
500,0.0,159,dml_if,0.04434805192910969,0.04697885981017492,-0.04773051329883314,0.1364266171570525,True
500,0.0,159,dml_mult_boot,0.04434805192910969,0.04725914040592923,-0.040538857919802176,0.14096872270530703,True
500,0.0,159,dml_fixed_nuis_boot,0.04434805192910969,0.04907937919577697,-0.05922938489503153,0.13701815431503994,True
500,0.0,159,dml_pairs_boot,0.04434805192910969,0.048773359225711896,-0.04027595194309571,0.13797598040953493,True
500,0.0,160,naive_ml,-0.007882715637196298,0.014993849720953707,-0.03727066109026556,0.021505229815872967,True
500,0.0,160,dml_if,-0.044952207307819486,0.04466054326442364,-0.13248687210608984,0.04258245749045085,True
500,0.0,160,dml_mult_boot,-0.044952207307819486,0.04543228827140229,-0.127406720091598,0.04562501951093721,True
500,0.0,160,dml_fixed_nuis_boot,-0.044952207307819486,0.044205788851763864,-0.12655276497998227,0.04726527781261979,True
500,0.0,160,dml_pairs_boot,-0.044952207307819486,0.046214177482912594,-0.14014332406086374,0.028698976132080164,True
500,0.0,161,naive_ml,-0.011239924312807117,0.015384756741562837,-0.041394047526270274,0.018914198900656043,True
500,0.0,161,dml_if,-0.039752558717425945,0.04351249482340441,-0.1250370485712986,0.0455319311364467,True
500,0.0,161,dml_mult_boot,-0.039752558717425945,0.044579651762366515,-0.12585905502178577,0.05440719397290168,True
500,0.0,161,dml_fixed_nuis_boot,-0.039752558717425945,0.04409364956236025,-0.1247549477175024,0.04185734500664498,True
500,0.0,161,dml_pairs_boot,-0.039752558717425945,0.04351560913680463,-0.1467308744102056,0.028396792585419876,True
500,0.0,162,naive_ml,-0.003314981253386801,0.01696620637007709,-0.0365687457387379,0.0299387832319643,True
500,0.0,162,dml_if,0.00970246391523468,0.041648593059525944,-0.07192877848143618,0.09133370631190553,True
500,0.0,162,dml_mult_boot,0.00970246391523468,0.04057815330332533,-0.06803686162193204,0.0884856179238191,True
500,0.0,162,dml_fixed_nuis_boot,0.00970246391523468,0.041954207132518594,-0.07187385343137123,0.09473701578574047,True
500,0.0,162,dml_pairs_boot,0.00970246391523468,0.041165965395325195,-0.06068955977675004,0.09038930816594579,True
500,0.0,163,naive_ml,0.004412608699868881,0.015082146191304878,-0.025148397835088678,0.03397361523482644,True
500,0.0,163,dml_if,-0.013230948985604802,0.03656984867410612,-0.08490785238685279,0.058445954415643195,True
500,0.0,163,dml_mult_boot,-0.013230948985604802,0.03869089291830802,-0.0902042826561739,0.0587067314602277,True
500,0.0,163,dml_fixed_nuis_boot,-0.013230948985604802,0.038453456220423815,-0.0890221626357207,0.05917463848346007,True
500,0.0,163,dml_pairs_boot,-0.013230948985604802,0.03903450905826535,-0.08549175075458212,0.062000312886248916,True
500,0.0,164,naive_ml,0.0007130340679709224,0.015479271384992412,-0.029626337846614205,0.03105240598255605,True
500,0.0,164,dml_if,-0.019634855637271104,0.0439895745387671,-0.10585442173325461,0.0665847104587124,True
500,0.0,164,dml_mult_boot,-0.019634855637271104,0.04425865574697352,-0.10540450215963432,0.0715502313685756,True
500,0.0,164,dml_fixed_nuis_boot,-0.019634855637271104,0.0414518364886248,-0.09846612178905473,0.05725990312616658,True
500,0.0,164,dml_pairs_boot,-0.019634855637271104,0.04754321075791258,-0.1189553135990228,0.057004731792350466,True
500,0.0,165,naive_ml,0.005641000516340224,0.018923985289234637,-0.03145001065055966,0.04273201168324012,True
500,0.0,165,dml_if,-0.0030275545231321773,0.04378668567742126,-0.08884945845087784,0.08279434940461348,True
500,0.0,165,dml_mult_boot,-0.0030275545231321773,0.046519531157727424,-0.09121978761494816,0.08613882448445054,True
500,0.0,165,dml_fixed_nuis_boot,-0.0030275545231321773,0.042458188837838536,-0.085132862320272,0.0790449066766495,True
500,0.0,165,dml_pairs_boot,-0.0030275545231321773,0.045991057561016555,-0.08469097568880503,0.0835921357055346,True
500,0.0,166,naive_ml,-0.005175141315289129,0.015330522742130488,-0.035222965889864885,0.024872683259286626,True
500,0.0,166,dml_if,-0.049031713842655346,0.041241755503226056,-0.12986555462897842,0.03180212694366772,True
500,0.0,166,dml_mult_boot,-0.049031713842655346,0.03914014117639282,-0.1281431119624268,0.02511719223146092,True
500,0.0,166,dml_fixed_nuis_boot,-0.049031713842655346,0.04036628020734393,-0.12384726848076463,0.03178772997003553,True
500,0.0,166,dml_pairs_boot,-0.049031713842655346,0.04619487261799003,-0.1284527529632281,0.03388230029979847,True
500,0.0,167,naive_ml,0.0282726918034867,0.01570916558642521,-0.0025172727459067124,0.05906265635288011,True
500,0.0,167,dml_if,0.08162137979888939,0.04049787139857064,0.0022455518576909445,0.16099720774008786,False
500,0.0,167,dml_mult_boot,0.08162137979888939,0.03890112416721801,0.004610382711902571,0.15447630247110702,False
500,0.0,167,dml_fixed_nuis_boot,0.08162137979888939,0.04211041440805491,0.005813377330975387,0.16296101789039813,False
500,0.0,167,dml_pairs_boot,0.08162137979888939,0.046633214501786195,-0.012734331132316219,0.16153735325144924,True
500,0.0,168,naive_ml,0.009758276241741434,0.015815726252492862,-0.021240547213144577,0.04075709969662744,True
500,0.0,168,dml_if,-0.0030734888762919484,0.044243448245393155,-0.08979064743726253,0.08364366968467862,True
500,0.0,168,dml_mult_boot,-0.0030734888762919484,0.046572956116507996,-0.09560693409361498,0.07887975537296261,True
500,0.0,168,dml_fixed_nuis_boot,-0.0030734888762919484,0.04348093891202407,-0.08580110043612751,0.07918582323505809,True
500,0.0,168,dml_pairs_boot,-0.0030734888762919484,0.04974776848792037,-0.07194333450528002,0.1078913136914386,True
500,0.0,169,naive_ml,0.021953776922911738,0.01779219717633268,-0.012918929542700314,0.056826483388523794,True
500,0.0,169,dml_if,0.05192619558101223,0.051123521136316324,-0.048275905846167755,0.15212829700819222,True
500,0.0,169,dml_mult_boot,0.05192619558101223,0.04918526700494565,-0.04331509175769385,0.148951093822753,True
500,0.0,169,dml_fixed_nuis_boot,0.05192619558101223,0.05302791466568293,-0.04689673930330827,0.1581977848674416,True
500,0.0,169,dml_pairs_boot,0.05192619558101223,0.05930944023971729,-0.07739396946646081,0.14792137128098437,True
500,0.0,170,naive_ml,0.009818799387271041,0.017374157855950034,-0.024234550010391025,0.043872148784933104,True
500,0.0,170,dml_if,0.0037870540065655595,0.046330850673684004,-0.08702141331385509,0.09459552132698622,True
500,0.0,170,dml_mult_boot,0.0037870540065655595,0.046858910590164116,-0.08762153567116793,0.08750736660344335,True
500,0.0,170,dml_fixed_nuis_boot,0.0037870540065655595,0.04722538648151793,-0.09033540358468367,0.10107895277259768,True
500,0.0,170,dml_pairs_boot,0.0037870540065655595,0.053966355388996294,-0.11366266783641131,0.10510008247962402,True
500,0.0,171,naive_ml,0.009999325167946336,0.01718280628273278,-0.023678975146209917,0.043677625482102585,True
500,0.0,171,dml_if,0.06369199277563559,0.0452842710462384,-0.02506517847499168,0.15244916402626285,True
500,0.0,171,dml_mult_boot,0.06369199277563559,0.044457534171573644,-0.02494573789603908,0.1549338923448244,True
500,0.0,171,dml_fixed_nuis_boot,0.06369199277563559,0.04449797000916448,-0.02935307128508492,0.14980852330580569,True
500,0.0,171,dml_pairs_boot,0.06369199277563559,0.03783672872807309,-0.018806237241863026,0.12710572597014705,True
500,0.0,172,naive_ml,0.03335797726559299,0.018697510922027993,-0.003289144141581879,0.07000509867276786,True
500,0.0,172,dml_if,0.050719043105462984,0.04176091547368185,-0.031132351222953443,0.13257043743387942,True
500,0.0,172,dml_mult_boot,0.050719043105462984,0.043584040373820465,-0.04602664300095596,0.12512741774670913,True
500,0.0,172,dml_fixed_nuis_boot,0.050719043105462984,0.04211541696468576,-0.039536639993211914,0.12915793644537762,True
500,0.0,172,dml_pairs_boot,0.050719043105462984,0.03825248295645511,-0.03334423075110325,0.10821976136218799,True
500,0.0,173,naive_ml,0.016447658261708874,0.01671896227826293,-0.01632150780368647,0.04921682432710422,True
500,0.0,173,dml_if,0.02691369108688535,0.045507285793898636,-0.06228058906915597,0.11610797124292667,True
500,0.0,173,dml_mult_boot,0.02691369108688535,0.04376694317073299,-0.05243749896594103,0.11344187044399796,True
500,0.0,173,dml_fixed_nuis_boot,0.02691369108688535,0.04598745974055439,-0.07205929879740397,0.10962128545313339,True
500,0.0,173,dml_pairs_boot,0.02691369108688535,0.048011878168735506,-0.08054997798258154,0.10788488021218143,True
500,0.0,174,naive_ml,0.004475202748484014,0.01606570297574341,-0.02701357508397307,0.0359639805809411,True
500,0.0,174,dml_if,-0.0019324894727648868,0.04022423533871989,-0.08077199073665588,0.07690701179112609,True
500,0.0,174,dml_mult_boot,-0.0019324894727648868,0.0370561230902642,-0.07217669482254785,0.06464729641761592,True
500,0.0,174,dml_fixed_nuis_boot,-0.0019324894727648868,0.04164206062522121,-0.08408469895895293,0.07545902801622327,True
500,0.0,174,dml_pairs_boot,-0.0019324894727648868,0.04079072631074754,-0.0752747608322222,0.07955611433391772,True
500,0.0,175,naive_ml,0.02989306954680189,0.01579570456387566,-0.0010665113983944,0.06085265049199818,True
500,0.0,175,dml_if,0.08821248709107112,0.04148333061168285,0.006905159092172736,0.1695198150899695,False
500,0.0,175,dml_mult_boot,0.08821248709107112,0.04345835766936446,0.0029703951841395307,0.17093013031893403,False
500,0.0,175,dml_fixed_nuis_boot,0.08821248709107112,0.04258078334300958,0.005844919849431017,0.1669754408495508,False
500,0.0,175,dml_pairs_boot,0.08821248709107112,0.04229538005515833,0.013121373387772414,0.17063169446287804,False
500,0.0,176,naive_ml,0.02084053244281842,0.016653389991136892,-0.011800111939809888,0.05348117682544673,True
500,0.0,176,dml_if,0.01774733182688034,0.03968000834289718,-0.06002548452519813,0.09552014817895882,True
500,0.0,176,dml_mult_boot,0.01774733182688034,0.03914102868583689,-0.06005008490541744,0.0928996107065602,True
500,0.0,176,dml_fixed_nuis_boot,0.01774733182688034,0.03790190183386537,-0.054709727736708236,0.09230781385093419,True
500,0.0,176,dml_pairs_boot,0.01774733182688034,0.04028973760424993,-0.059913064731586904,0.08587775896568176,True
500,0.0,177,naive_ml,0.026601273890094878,0.01954392876648297,-0.011704826492211742,0.0649073742724015,True
500,0.0,177,dml_if,0.07929242827310995,0.04363270268575557,-0.006227668990970978,0.1648125255371909,True
500,0.0,177,dml_mult_boot,0.07929242827310995,0.04479585323001101,-0.01966598740445395,0.16643827234957367,True
500,0.0,177,dml_fixed_nuis_boot,0.07929242827310995,0.04380684161826775,8.826528405265756e-05,0.16864700540378472,False
500,0.0,177,dml_pairs_boot,0.07929242827310995,0.046179886918970084,-0.03542870084772806,0.1478866602556727,True
500,0.0,178,naive_ml,0.013422475305919192,0.01643242560723199,-0.01878507888425551,0.04563002949609389,True
500,0.0,178,dml_if,0.03937619404639451,0.04227922559788983,-0.043491088125469556,0.12224347621825857,True
500,0.0,178,dml_mult_boot,0.03937619404639451,0.04347561493683441,-0.04242775926700358,0.11380772094496171,True
500,0.0,178,dml_fixed_nuis_boot,0.03937619404639451,0.041526004583248496,-0.049357324430538634,0.12101950672840336,True
500,0.0,178,dml_pairs_boot,0.03937619404639451,0.04162264633429825,-0.06057521057059706,0.10038730941793708,True
500,0.0,179,naive_ml,0.0016564932490331138,0.014670103417201744,-0.027096909448682302,0.030409895946748533,True
500,0.0,179,dml_if,-0.03551263670010553,0.03831541610809801,-0.11061085227197762,0.03958557887176656,True
500,0.0,179,dml_mult_boot,-0.03551263670010553,0.037641647518942216,-0.11643501915777105,0.03620420394375217,True
500,0.0,179,dml_fixed_nuis_boot,-0.03551263670010553,0.037141978613118486,-0.10188596930363981,0.040308130163742364,True
500,0.0,179,dml_pairs_boot,-0.03551263670010553,0.037496601870677805,-0.10805187285524562,0.03633550767280084,True
500,0.0,180,naive_ml,0.01267443564469755,0.01617075318001942,-0.01902024058814051,0.04436911187753561,True
500,0.0,180,dml_if,0.02677404717575404,0.04258099412074917,-0.05668470130091433,0.11023279565242242,True
500,0.0,180,dml_mult_boot,0.02677404717575404,0.041002082892408316,-0.057768189867522884,0.10277739849893337,True
500,0.0,180,dml_fixed_nuis_boot,0.02677404717575404,0.04008051395711126,-0.05191102198245632,0.10520072992804172,True
500,0.0,180,dml_pairs_boot,0.02677404717575404,0.04658429796541933,-0.047374869544985175,0.12648748357629566,True
500,0.0,181,naive_ml,0.003827244094841814,0.017182790362971677,-0.02985102501658267,0.0375055132062663,True
500,0.0,181,dml_if,0.0244580622841536,0.047712263683496146,-0.06905797453549883,0.11797409910380605,True
500,0.0,181,dml_mult_boot,0.0244580622841536,0.045707826790302025,-0.060071174192136,0.11207117933913825,True
500,0.0,181,dml_fixed_nuis_boot,0.0244580622841536,0.04599463961078447,-0.06319623332544134,0.11635139856887093,True
500,0.0,181,dml_pairs_boot,0.0244580622841536,0.045305000093435,-0.05445126081346239,0.11190602657415864,True
500,0.0,182,naive_ml,-0.004859526045081976,0.016674778769537164,-0.037542092433374814,0.027823040343210863,True
500,0.0,182,dml_if,-0.055106913745522894,0.04305767629692773,-0.13949995928750125,0.029286131796455457,True
500,0.0,182,dml_mult_boot,-0.055106913745522894,0.04396537964808317,-0.14188779807892762,0.03352555403271381,True
500,0.0,182,dml_fixed_nuis_boot,-0.055106913745522894,0.045110454319658676,-0.14569331528715448,0.03285287119303473,True
500,0.0,182,dml_pairs_boot,-0.055106913745522894,0.0466542152201442,-0.14357891910699438,0.024952699978040723,True
500,0.0,183,naive_ml,0.013767469060109176,0.017120233209742597,-0.019788188030986312,0.04732312615120467,True
500,0.0,183,dml_if,0.03594128752590483,0.041491548952589184,-0.045382148421169964,0.11726472347297962,True
500,0.0,183,dml_mult_boot,0.03594128752590483,0.041288590157464354,-0.045809262800324005,0.10973436915238527,True
500,0.0,183,dml_fixed_nuis_boot,0.03594128752590483,0.0414984243593804,-0.04363755478920251,0.1214382959221308,True
500,0.0,183,dml_pairs_boot,0.03594128752590483,0.04229228146915813,-0.05833879022750395,0.10587851638853292,True
500,0.0,184,naive_ml,0.01469579211163615,0.01681635439839249,-0.018264262509213133,0.047655846732485435,True
500,0.0,184,dml_if,-0.0036874219558059957,0.043747423507786036,-0.08943237203106663,0.08205752811945463,True
500,0.0,184,dml_mult_boot,-0.0036874219558059957,0.04240436386481987,-0.08278976132800597,0.07139985049202754,True
500,0.0,184,dml_fixed_nuis_boot,-0.0036874219558059957,0.0445103219548778,-0.09693693521285765,0.0801710980370376,True
500,0.0,184,dml_pairs_boot,-0.0036874219558059957,0.04672253955922012,-0.07173145427510402,0.09971647382568627,True
500,0.0,185,naive_ml,0.010773059588903738,0.017427347780633713,-0.02338454206113834,0.04493066123894582,True
500,0.0,185,dml_if,0.02774723085122804,0.04931795464996127,-0.06891596026269604,0.12441042196515213,True
500,0.0,185,dml_mult_boot,0.02774723085122804,0.050526643804321716,-0.07008739386651196,0.12128895527121933,True
500,0.0,185,dml_fixed_nuis_boot,0.02774723085122804,0.050533662993904944,-0.06630790940828969,0.13062282189985575,True
500,0.0,185,dml_pairs_boot,0.02774723085122804,0.047653938019027536,-0.06525440020781763,0.11408894851260609,True
500,0.0,186,naive_ml,0.007092730816497483,0.016951258264526647,-0.026131735381974743,0.040317197014969705,True
500,0.0,186,dml_if,-0.0020460116682789087,0.040438464291912224,-0.08130540168042687,0.07721337834386906,True
500,0.0,186,dml_mult_boot,-0.0020460116682789087,0.03978093974321691,-0.07599164538729455,0.07600296192824336,True
500,0.0,186,dml_fixed_nuis_boot,-0.0020460116682789087,0.040268968091753995,-0.0774428714888037,0.07544289564060788,True
500,0.0,186,dml_pairs_boot,-0.0020460116682789087,0.046030649107335335,-0.08014094539618995,0.07681943690553991,True
500,0.0,187,naive_ml,-0.0029930288490124537,0.016565148967670414,-0.03546072082564646,0.029474663127621557,True
500,0.0,187,dml_if,0.011617609187560244,0.046204917377030155,-0.07894402887141885,0.10217924724653935,True
500,0.0,187,dml_mult_boot,0.011617609187560244,0.046394957631226585,-0.08108535482125002,0.10192971741447827,True
500,0.0,187,dml_fixed_nuis_boot,0.011617609187560244,0.04810185921295012,-0.08220645581710148,0.1017533952116821,True
500,0.0,187,dml_pairs_boot,0.011617609187560244,0.04823484479564993,-0.07694075617404686,0.09590345302997405,True
500,0.0,188,naive_ml,0.011913230280236295,0.016279356607839905,-0.019994308671129918,0.04382076923160251,True
500,0.0,188,dml_if,0.05345604248115407,0.04530187107875619,-0.035335624833208054,0.1422477097955162,True
500,0.0,188,dml_mult_boot,0.05345604248115407,0.04702297385503635,-0.04001088966906147,0.14921207247987928,True
500,0.0,188,dml_fixed_nuis_boot,0.05345604248115407,0.04591041126353691,-0.0297590735014833,0.13949711055695613,True
500,0.0,188,dml_pairs_boot,0.05345604248115407,0.04690884656625075,-0.03247388589195091,0.1396287506902444,True
500,0.0,189,naive_ml,0.003757874573434578,0.018073395671076836,-0.03166598094187602,0.039181730088745176,True
500,0.0,189,dml_if,2.0926112507099133e-05,0.04337442449756682,-0.08499294590272387,0.08503479812773808,True
500,0.0,189,dml_mult_boot,2.0926112507099133e-05,0.04258652221462794,-0.0818933198189548,0.08716879807180165,True
500,0.0,189,dml_fixed_nuis_boot,2.0926112507099133e-05,0.04499984191759023,-0.08977733759009497,0.08936869596678498,True
500,0.0,189,dml_pairs_boot,2.0926112507099133e-05,0.04223341749577772,-0.08115594967645583,0.07457189446236975,True
500,0.0,190,naive_ml,0.003265081999338131,0.015510106174407144,-0.027134726102499875,0.03366489010117613,True
500,0.0,190,dml_if,0.02174399061552639,0.04424399857391273,-0.06497424658934256,0.10846222782039533,True
500,0.0,190,dml_mult_boot,0.02174399061552639,0.04592611274208348,-0.06039492057277614,0.11304384796451632,True
500,0.0,190,dml_fixed_nuis_boot,0.02174399061552639,0.04607162458671367,-0.0736203575900033,0.1147048855139944,True
500,0.0,190,dml_pairs_boot,0.02174399061552639,0.04508141161806117,-0.06831939891721232,0.0983480618293854,True
500,0.0,191,naive_ml,0.002531566455223512,0.01596336935137528,-0.02875663747347204,0.03381977038391906,True
500,0.0,191,dml_if,-0.030800920640633462,0.04504633813589857,-0.11909174338699464,0.05748990210572773,True
500,0.0,191,dml_mult_boot,-0.030800920640633462,0.04658535302109632,-0.12071576156955738,0.06165710467146895,True
500,0.0,191,dml_fixed_nuis_boot,-0.030800920640633462,0.04586931561732401,-0.11816033170022656,0.06308346338437248,True
500,0.0,191,dml_pairs_boot,-0.030800920640633462,0.04670833232180476,-0.11640266812615915,0.05627111934232497,True
500,0.0,192,naive_ml,0.008653100082114028,0.0162899836106205,-0.023275267794702154,0.04058146795893021,True
500,0.0,192,dml_if,0.025886124171604543,0.042489532485270716,-0.05739335949952605,0.10916560784273514,True
500,0.0,192,dml_mult_boot,0.025886124171604543,0.043155991093513306,-0.055615925762104015,0.11237534273808353,True
500,0.0,192,dml_fixed_nuis_boot,0.025886124171604543,0.04176878357879801,-0.05782758599841216,0.11003318233753856,True
500,0.0,192,dml_pairs_boot,0.025886124171604543,0.04864746567705829,-0.06523155258992981,0.12675472305790775,True
500,0.0,193,naive_ml,0.014934851452548857,0.014362339788279737,-0.013215334532479426,0.04308503743757714,True
500,0.0,193,dml_if,0.08496472093289598,0.037880837373823806,0.010718279680201323,0.15921116218559062,False
500,0.0,193,dml_mult_boot,0.08496472093289598,0.03651266945431708,0.015030650919500153,0.16566032592314095,False
500,0.0,193,dml_fixed_nuis_boot,0.08496472093289598,0.039523111655760626,0.01446005008870393,0.16027514934205414,False
500,0.0,193,dml_pairs_boot,0.08496472093289598,0.03926172279418332,-0.003671630898599813,0.1383539876633884,True
500,0.0,194,naive_ml,0.025406517505431023,0.017628607156326075,-0.009145552520968079,0.05995858753183013,True
500,0.0,194,dml_if,0.06504888552560556,0.04428629036261759,-0.02175224358512491,0.15185001463633602,True
500,0.0,194,dml_mult_boot,0.06504888552560556,0.047658729405439824,-0.032752541770631416,0.15009009239796062,True
500,0.0,194,dml_fixed_nuis_boot,0.06504888552560556,0.045118516957543986,-0.013789783106867706,0.1549308099603294,True
500,0.0,194,dml_pairs_boot,0.06504888552560556,0.043027959936750335,0.0008339315255455039,0.1686771860710443,False
500,0.0,195,naive_ml,0.0028202002325500766,0.015523895966732143,-0.027606635862244926,0.033247036327345075,True
500,0.0,195,dml_if,-0.023196530532849126,0.04101521223102239,-0.10358634650565302,0.05719328543995476,True
500,0.0,195,dml_mult_boot,-0.023196530532849126,0.041273406152777144,-0.11345456516538331,0.05298074132143445,True
500,0.0,195,dml_fixed_nuis_boot,-0.023196530532849126,0.039875500806662335,-0.09436618657227433,0.053614258251127575,True
500,0.0,195,dml_pairs_boot,-0.023196530532849126,0.0402186303957442,-0.083375848523908,0.06826562280650911,True
500,0.0,196,naive_ml,-0.0005598701427345118,0.01782517290931972,-0.03549720904500116,0.03437746875953214,True
500,0.0,196,dml_if,0.0020113979387017264,0.04561609986333864,-0.087396157793442,0.09141895367084545,True
500,0.0,196,dml_mult_boot,0.0020113979387017264,0.046748580074269096,-0.09166496651681093,0.0940437418234963,True
500,0.0,196,dml_fixed_nuis_boot,0.0020113979387017264,0.04324499214455766,-0.09208101911208888,0.07906183796257998,True
500,0.0,196,dml_pairs_boot,0.0020113979387017264,0.04533299010442409,-0.0756233497810647,0.07115072372524592,True
500,0.0,197,naive_ml,-0.009269556115610898,0.015938559790232083,-0.040509133304465775,0.021970021073243983,True
500,0.0,197,dml_if,-0.05200115708343487,0.03878736037380021,-0.1280243834160833,0.024022069249213553,True
500,0.0,197,dml_mult_boot,-0.05200115708343487,0.037580585208720575,-0.13354560746047944,0.014850929050402148,True
500,0.0,197,dml_fixed_nuis_boot,-0.05200115708343487,0.037912439474955754,-0.13164905526422063,0.01934533326332017,True
500,0.0,197,dml_pairs_boot,-0.05200115708343487,0.03515307502516864,-0.11412069442284321,0.015180423583458566,True
500,0.0,198,naive_ml,0.0016096470190801082,0.01673228704616454,-0.031185635591402392,0.03440492962956261,True
500,0.0,198,dml_if,-0.04231180888070087,0.043763214416260146,-0.12808770913657075,0.04346409137516901,True
500,0.0,198,dml_mult_boot,-0.04231180888070087,0.04363460634653778,-0.12652939553365167,0.047728740960065935,True
500,0.0,198,dml_fixed_nuis_boot,-0.04231180888070087,0.045395440792458386,-0.13205013048042347,0.04100297215051347,True
500,0.0,198,dml_pairs_boot,-0.04231180888070087,0.043604504384057996,-0.13082935106416496,0.03642648946947015,True
500,0.0,199,naive_ml,-0.015230517098964226,0.019551339271937807,-0.05355114207196233,0.02309010787403388,True
500,0.0,199,dml_if,-0.09960218620611558,0.045097922320627246,-0.18799411395454496,-0.011210258457686181,False
500,0.0,199,dml_mult_boot,-0.09960218620611558,0.0440088801223227,-0.18555994628402822,-0.018093130405164307,False
500,0.0,199,dml_fixed_nuis_boot,-0.09960218620611558,0.04600971653921863,-0.19087924640593665,-0.01154512836833154,False
500,0.0,199,dml_pairs_boot,-0.09960218620611558,0.05319788400472615,-0.2276947141764148,-0.014935106937697578,False
500,0.5,0,naive_ml,0.1533659913092847,0.017562040216593973,0.11894439248476049,0.18778759013380888,False
500,0.5,0,dml_if,0.5236480047415358,0.042743716732544554,0.4398703199457485,0.6074256895373231,True
500,0.5,0,dml_mult_boot,0.5236480047415358,0.04206684239754234,0.44122966864870283,0.6067970386842105,True
500,0.5,0,dml_fixed_nuis_boot,0.5236480047415358,0.04347361720833797,0.44193485498885937,0.6079449206794832,True
500,0.5,0,dml_pairs_boot,0.5236480047415358,0.04533551988674322,0.43872739651513387,0.6080717153690796,True
500,0.5,1,naive_ml,0.15016143593704198,0.018228079274873285,0.11443440055829035,0.1858884713157936,False
500,0.5,1,dml_if,0.5606484777079939,0.04671307971228473,0.4690908414719158,0.6522061139440719,True
500,0.5,1,dml_mult_boot,0.5606484777079939,0.04743853931359856,0.4701209663304958,0.6527343047649055,True
500,0.5,1,dml_fixed_nuis_boot,0.5606484777079939,0.047037836615070945,0.4773296671510854,0.6667885872619644,True
500,0.5,1,dml_pairs_boot,0.5606484777079939,0.05045419175101647,0.41986593789686427,0.6207411765355033,True
500,0.5,2,naive_ml,0.1611589020848567,0.01863362276560311,0.1246370014642746,0.1976808027054388,False
500,0.5,2,dml_if,0.5442340821742905,0.045266103425251836,0.45551251946079685,0.6329556448877841,True
500,0.5,2,dml_mult_boot,0.5442340821742905,0.046590259586826124,0.459189481533018,0.6335360376251142,True
500,0.5,2,dml_fixed_nuis_boot,0.5442340821742905,0.04438531105089845,0.45153834363719775,0.6294523177068285,True
500,0.5,2,dml_pairs_boot,0.5442340821742905,0.0470824815742559,0.45112193557490116,0.6195234960501129,True
500,0.5,3,naive_ml,0.11289890460718918,0.015891835362043367,0.08175090729758419,0.14404690191679417,False
500,0.5,3,dml_if,0.436895829135936,0.04087469865334848,0.356781419775373,0.517010238496499,True
500,0.5,3,dml_mult_boot,0.436895829135936,0.039017143230027376,0.3589278387037336,0.5116135267758907,True
500,0.5,3,dml_fixed_nuis_boot,0.436895829135936,0.04270280053111106,0.35350230110072317,0.522778660838652,True
500,0.5,3,dml_pairs_boot,0.436895829135936,0.04727461987467873,0.35780152805146376,0.5248676693495862,True
500,0.5,4,naive_ml,0.1299900394003292,0.017248138277414716,0.09618368837659635,0.16379639042406202,False
500,0.5,4,dml_if,0.4854317798098799,0.04470827936916973,0.3978035522463072,0.5730600073734525,True
500,0.5,4,dml_mult_boot,0.4854317798098799,0.04335534652873295,0.40025355629243425,0.5758670454709575,True
500,0.5,4,dml_fixed_nuis_boot,0.4854317798098799,0.044342136752051134,0.3910248671278894,0.5784204270467433,True
500,0.5,4,dml_pairs_boot,0.4854317798098799,0.04848299206183188,0.40428992446457335,0.5908712285185088,True
500,0.5,5,naive_ml,0.1179041034069725,0.016763472850442964,0.08504769662010428,0.1507605101938407,False
500,0.5,5,dml_if,0.47135340171750517,0.047220369616337465,0.37880147726948377,0.5639053261655266,True
500,0.5,5,dml_mult_boot,0.47135340171750517,0.04423963383348595,0.3842445686837301,0.562333850205886,True
500,0.5,5,dml_fixed_nuis_boot,0.47135340171750517,0.04898707533437176,0.3785290590905683,0.5599378317064471,True
500,0.5,5,dml_pairs_boot,0.47135340171750517,0.05123525795709305,0.37887847302964167,0.5682806607847322,True
500,0.5,6,naive_ml,0.13857460949080005,0.01692301305089529,0.10540550391104529,0.1717437150705548,False
500,0.5,6,dml_if,0.4971080911796416,0.04276580587816205,0.413287111658444,0.5809290707008392,True
500,0.5,6,dml_mult_boot,0.4971080911796416,0.04213488520447612,0.4107442672564098,0.5778989620336384,True
500,0.5,6,dml_fixed_nuis_boot,0.4971080911796416,0.043187015917634186,0.4107011206190979,0.577016872642471,True
500,0.5,6,dml_pairs_boot,0.4971080911796416,0.050027621366729016,0.39957263318111674,0.583617659949937,True
500,0.5,7,naive_ml,0.12692100149683674,0.01754093594845955,0.09254076703785602,0.16130123595581747,False
500,0.5,7,dml_if,0.500145117109649,0.04701468063792541,0.40799634305931526,0.5922938911599829,True
500,0.5,7,dml_mult_boot,0.500145117109649,0.04619125972933696,0.41657762220212374,0.5891506257888786,True
500,0.5,7,dml_fixed_nuis_boot,0.500145117109649,0.04434627934492479,0.4149232952567854,0.5800771877940257,True
500,0.5,7,dml_pairs_boot,0.500145117109649,0.04612665243254998,0.413874683135028,0.5765411554715355,True
500,0.5,8,naive_ml,0.1193552649306762,0.01636803969443625,0.08727390712958116,0.15143662273177125,False
500,0.5,8,dml_if,0.4498116752623906,0.04334872630195524,0.3648481717105583,0.5347751788142229,True
500,0.5,8,dml_mult_boot,0.4498116752623906,0.04156359699140169,0.3703704721228548,0.5289496518361272,True
500,0.5,8,dml_fixed_nuis_boot,0.4498116752623906,0.043640842204552825,0.36510526102964125,0.5405282240529853,True
500,0.5,8,dml_pairs_boot,0.4498116752623906,0.046958485925743976,0.3616759870117836,0.5512695219570064,True
500,0.5,9,naive_ml,0.148787876211273,0.017413276130104585,0.11465785499626802,0.182917897426278,False
500,0.5,9,dml_if,0.5602572772013124,0.04324095858355326,0.475504998377548,0.6450095560250767,True
500,0.5,9,dml_mult_boot,0.5602572772013124,0.044324529953058814,0.476478985025988,0.6538417241046829,True
500,0.5,9,dml_fixed_nuis_boot,0.5602572772013124,0.04439463458986622,0.4742615626727129,0.6545297032635056,True
500,0.5,9,dml_pairs_boot,0.5602572772013124,0.04156593463662303,0.49262336323488637,0.6497775297657806,True
500,0.5,10,naive_ml,0.1534614609064789,0.01691443796521699,0.12030916249465362,0.1866137593183042,False
500,0.5,10,dml_if,0.531754187834725,0.04190938591569903,0.44961179143995483,0.613896584229495,True
500,0.5,10,dml_mult_boot,0.531754187834725,0.042777131429315676,0.45384833895580934,0.6133577783756833,True
500,0.5,10,dml_fixed_nuis_boot,0.531754187834725,0.04269860859049031,0.4491175317050148,0.6127887532049905,True
500,0.5,10,dml_pairs_boot,0.531754187834725,0.040479439636610486,0.45656128411059,0.6113745247674885,True
500,0.5,11,naive_ml,0.13551868510792386,0.016692742714915935,0.10280090938668862,0.1682364608291591,False
500,0.5,11,dml_if,0.49587387285707396,0.04060646428418118,0.41628520286007886,0.5754625428540691,True
500,0.5,11,dml_mult_boot,0.49587387285707396,0.04101951905673015,0.41165421362994303,0.569618344985094,True
500,0.5,11,dml_fixed_nuis_boot,0.49587387285707396,0.04084703596847351,0.42018944278553616,0.5742462226063344,True
500,0.5,11,dml_pairs_boot,0.49587387285707396,0.04333791544108314,0.41976965975661107,0.5921728513495718,True
500,0.5,12,naive_ml,0.1288807763312807,0.018288536452225963,0.09303524488491782,0.16472630777764358,False
500,0.5,12,dml_if,0.5054309992613123,0.04650593906522975,0.414279358693462,0.5965826398291626,True
500,0.5,12,dml_mult_boot,0.5054309992613123,0.046425984352738786,0.41182678342961787,0.58817811014216,True
500,0.5,12,dml_fixed_nuis_boot,0.5054309992613123,0.04580736319085397,0.4139659203246417,0.5966086591480767,True
500,0.5,12,dml_pairs_boot,0.5054309992613123,0.04463658284437213,0.4085288568127667,0.5813878910786823,True
500,0.5,13,naive_ml,0.13174923796279644,0.017774217858118228,0.09691177096088471,0.16658670496470818,False
500,0.5,13,dml_if,0.5286695383635515,0.045172796267870415,0.44013085767852544,0.6172082190485775,True
500,0.5,13,dml_mult_boot,0.5286695383635515,0.044907469965859696,0.4386742541465387,0.6152261788954805,True
500,0.5,13,dml_fixed_nuis_boot,0.5286695383635515,0.047691044066231716,0.4302577849566892,0.6114542189780238,True
500,0.5,13,dml_pairs_boot,0.5286695383635515,0.04636875517149831,0.44213284762505783,0.6041382695092545,True
500,0.5,14,naive_ml,0.1155324209046842,0.01669658740174359,0.08280710959726677,0.14825773221210164,False
500,0.5,14,dml_if,0.4817902488984455,0.045603890280355906,0.39240662394894793,0.571173873847943,True
500,0.5,14,dml_mult_boot,0.4817902488984455,0.04747899700968503,0.3860436641383536,0.571874265843739,True
500,0.5,14,dml_fixed_nuis_boot,0.4817902488984455,0.04624797302335696,0.3860812714648777,0.564821196528142,True
500,0.5,14,dml_pairs_boot,0.4817902488984455,0.0499572555123761,0.36341071883442344,0.5634882769379992,True
500,0.5,15,naive_ml,0.12738942815981727,0.01683011721496883,0.09440239841847836,0.16037645790115618,False
500,0.5,15,dml_if,0.4363801609683364,0.038999607266479004,0.3599409307260375,0.5128193912106352,True
500,0.5,15,dml_mult_boot,0.4363801609683364,0.039331903847912304,0.36093161771282994,0.5086062936498521,True
500,0.5,15,dml_fixed_nuis_boot,0.4363801609683364,0.0406578659118372,0.3594245598013569,0.5138542208261399,True
500,0.5,15,dml_pairs_boot,0.4363801609683364,0.0381394814210337,0.35985938699700454,0.50618916162279,True
500,0.5,16,naive_ml,0.13818554679067438,0.016607946183668672,0.10563397227068377,0.17073712131066499,False
500,0.5,16,dml_if,0.558888190412302,0.04754600497887813,0.46569802065370086,0.6520783601709031,True
500,0.5,16,dml_mult_boot,0.558888190412302,0.04745186579120473,0.4709653065694746,0.6501899146166421,True
500,0.5,16,dml_fixed_nuis_boot,0.558888190412302,0.04854715413875035,0.45984764275594603,0.6558575529102025,True
500,0.5,16,dml_pairs_boot,0.558888190412302,0.05120919332045286,0.45844152977484587,0.6452428844034404,True
500,0.5,17,naive_ml,0.14682444212995896,0.019074266472205132,0.1094388798444369,0.18421000441548102,False
500,0.5,17,dml_if,0.5537348848098526,0.04707113772152861,0.4614754548756565,0.6459943147440487,True
500,0.5,17,dml_mult_boot,0.5537348848098526,0.04607957139552253,0.4603167325287257,0.6432629109720179,True
500,0.5,17,dml_fixed_nuis_boot,0.5537348848098526,0.05053253345621183,0.460125558847426,0.6461692787707674,True
500,0.5,17,dml_pairs_boot,0.5537348848098526,0.046498913691776056,0.4472937554184297,0.6361484072682492,True
500,0.5,18,naive_ml,0.1464556593200141,0.01828229464985447,0.11062236180629934,0.18228895683372884,False
500,0.5,18,dml_if,0.48478495569192337,0.048045394774681546,0.3906159819335475,0.5789539294502992,True
500,0.5,18,dml_mult_boot,0.48478495569192337,0.045848538474305985,0.3899163104602208,0.5728545193552296,True
500,0.5,18,dml_fixed_nuis_boot,0.48478495569192337,0.04528428558213419,0.39764380969225255,0.5712476022441263,True
500,0.5,18,dml_pairs_boot,0.48478495569192337,0.053398915361255156,0.37258659700887714,0.5823833675793357,True
500,0.5,19,naive_ml,0.15165843903153836,0.017834042884800803,0.11670371497732879,0.18661316308574794,False
500,0.5,19,dml_if,0.5125195833448626,0.04027648492019079,0.4335776729012886,0.5914614937884366,True
500,0.5,19,dml_mult_boot,0.5125195833448626,0.03958389805291055,0.44273159829479497,0.5960916910767136,True
500,0.5,19,dml_fixed_nuis_boot,0.5125195833448626,0.03886277267117761,0.43910810929054966,0.5873399184427592,True
500,0.5,19,dml_pairs_boot,0.5125195833448626,0.046825558742889725,0.4265716375269094,0.6116672262751028,True
500,0.5,20,naive_ml,0.14456312308498942,0.017416764277706626,0.11042626510068443,0.1786999810692944,False
500,0.5,20,dml_if,0.492070733304391,0.04294238317759543,0.4079036622763039,0.5762378043324781,True
500,0.5,20,dml_mult_boot,0.492070733304391,0.043394522647522214,0.41524926829993775,0.5776340028664303,True
500,0.5,20,dml_fixed_nuis_boot,0.492070733304391,0.04093275815191508,0.41143693465115283,0.5655010403777291,True
500,0.5,20,dml_pairs_boot,0.492070733304391,0.04689310507838111,0.40678292833090773,0.5622885490975409,True
500,0.5,21,naive_ml,0.14595991122607982,0.017500631571834006,0.11165867334528518,0.18026114910687446,False
500,0.5,21,dml_if,0.5107463126951572,0.04208001433669305,0.4282694845952389,0.5932231407950757,True
500,0.5,21,dml_mult_boot,0.5107463126951572,0.04290536442399707,0.43301246054728854,0.5978418882810937,True
500,0.5,21,dml_fixed_nuis_boot,0.5107463126951572,0.042320707634366274,0.4259188147624168,0.5917428280084587,True
500,0.5,21,dml_pairs_boot,0.5107463126951572,0.04018437342148504,0.4480892567985696,0.6053503697552615,True
500,0.5,22,naive_ml,0.11699023474296276,0.016418555525931567,0.08480986591213689,0.14917060357378864,False
500,0.5,22,dml_if,0.45273370206825,0.042891144337559965,0.36866705916663245,0.5368003449698675,True
500,0.5,22,dml_mult_boot,0.45273370206825,0.041256238862827276,0.3697609763083201,0.5320935895623368,True
500,0.5,22,dml_fixed_nuis_boot,0.45273370206825,0.042890673562281136,0.3670910887731987,0.5295193663525393,True
500,0.5,22,dml_pairs_boot,0.45273370206825,0.044932293801712486,0.37646795410864187,0.5352077489982188,True
500,0.5,23,naive_ml,0.15007959042030403,0.01755163806198651,0.11567837981881046,0.1844808010217976,False
500,0.5,23,dml_if,0.5800541927854097,0.046345346675060364,0.4892173133022914,0.6708910722685281,True
500,0.5,23,dml_mult_boot,0.5800541927854097,0.04397176757234093,0.48639323878491286,0.6601053653234015,True
500,0.5,23,dml_fixed_nuis_boot,0.5800541927854097,0.046246617621376676,0.48654880949867974,0.6714829707515334,True
500,0.5,23,dml_pairs_boot,0.5800541927854097,0.04800804406086359,0.5088939274863313,0.6907663226568848,False
500,0.5,24,naive_ml,0.14629749742313,0.018705980604447156,0.10963377543841357,0.18296121940784643,False
500,0.5,24,dml_if,0.4701928410577286,0.04294500144937219,0.38602063821695914,0.5543650438984982,True
500,0.5,24,dml_mult_boot,0.4701928410577286,0.04373471905360882,0.39468315830850476,0.5600149803086489,True
500,0.5,24,dml_fixed_nuis_boot,0.4701928410577286,0.04411509969505288,0.387982952988329,0.5528871907945269,True
500,0.5,24,dml_pairs_boot,0.4701928410577286,0.05255798207065193,0.3648469096788086,0.577227464203175,True
500,0.5,25,naive_ml,0.16031109053265305,0.016406280771326744,0.12815478022085264,0.19246740084445346,False
500,0.5,25,dml_if,0.5196033989093624,0.03957925905524611,0.44202805116107996,0.5971787466576447,True
500,0.5,25,dml_mult_boot,0.5196033989093624,0.04043160475423269,0.4327895648962328,0.5931015964454812,True
500,0.5,25,dml_fixed_nuis_boot,0.5196033989093624,0.040137740530072984,0.44894523415281157,0.5964175481943895,True
500,0.5,25,dml_pairs_boot,0.5196033989093624,0.04442463066926559,0.4465137643124605,0.6168535676948402,True
500,0.5,26,naive_ml,0.13234918878887963,0.01736725799786627,0.09830936311306174,0.16638901446469753,False
500,0.5,26,dml_if,0.46569077238641576,0.046652837122168694,0.3742512116269651,0.5571303331458664,True
500,0.5,26,dml_mult_boot,0.46569077238641576,0.049207392496299504,0.3656340010561396,0.5596082887034133,True
500,0.5,26,dml_fixed_nuis_boot,0.46569077238641576,0.04806402891330834,0.38012936041649253,0.5640961840767642,True
500,0.5,26,dml_pairs_boot,0.46569077238641576,0.050543631796264546,0.3778435245107883,0.5558203896709177,True
500,0.5,27,naive_ml,0.13719316084447036,0.016523857802575686,0.10480639955142201,0.1695799221375187,False
500,0.5,27,dml_if,0.5346147095286832,0.04266182284639591,0.4509975367497472,0.6182318823076192,True
500,0.5,27,dml_mult_boot,0.5346147095286832,0.04488233491684134,0.448708015926644,0.6179446352494014,True
500,0.5,27,dml_fixed_nuis_boot,0.5346147095286832,0.04144793111451695,0.45619516655744863,0.613484098976621,True
500,0.5,27,dml_pairs_boot,0.5346147095286832,0.045655982498886104,0.44218028771560325,0.6073711197735078,True
500,0.5,28,naive_ml,0.1526388463012889,0.01783266612775621,0.11768682069088673,0.18759087191169108,False
500,0.5,28,dml_if,0.5310198446349009,0.040779767894184187,0.45109149956229994,0.610948189707502,True
500,0.5,28,dml_mult_boot,0.5310198446349009,0.03806285519040972,0.4486013851017447,0.6051000029255652,True
500,0.5,28,dml_fixed_nuis_boot,0.5310198446349009,0.03986056390440179,0.4546971698336158,0.6065930149016845,True
500,0.5,28,dml_pairs_boot,0.5310198446349009,0.042700659280824414,0.4159458973338928,0.5957956945759066,True
500,0.5,29,naive_ml,0.10921001865133227,0.01570300048832183,0.07843213769422148,0.13998789960844304,False
500,0.5,29,dml_if,0.42178470120194517,0.04683118061120862,0.32999558720397626,0.5135738151999141,True
500,0.5,29,dml_mult_boot,0.42178470120194517,0.04964897985825769,0.33000900413166057,0.5195423260014396,True
500,0.5,29,dml_fixed_nuis_boot,0.42178470120194517,0.046119674040562934,0.3347070895523317,0.5191551868157596,True
500,0.5,29,dml_pairs_boot,0.42178470120194517,0.04333998699376145,0.32322410914561506,0.4781886519441605,False
500,0.5,30,naive_ml,0.15791402553320974,0.018495363894119824,0.12166311230073489,0.19416493876568458,False
500,0.5,30,dml_if,0.5242477327090397,0.04162269837433948,0.4426672438953343,0.6058282215227451,True
500,0.5,30,dml_mult_boot,0.5242477327090397,0.04169815728469687,0.4410500671439216,0.5985861544242134,True
500,0.5,30,dml_fixed_nuis_boot,0.5242477327090397,0.040615803313529875,0.44681733001487245,0.6002934230538988,True
500,0.5,30,dml_pairs_boot,0.5242477327090397,0.04670980301029361,0.42373136023131086,0.6050382684672535,True
500,0.5,31,naive_ml,0.16183930773559177,0.017819293785227498,0.12691349191654588,0.19676512355463766,False
500,0.5,31,dml_if,0.5885949575383919,0.043325252042915006,0.5036774635342784,0.6735124515425053,False
500,0.5,31,dml_mult_boot,0.5885949575383919,0.04284047565938783,0.5110118658946414,0.678378792983208,False
500,0.5,31,dml_fixed_nuis_boot,0.5885949575383919,0.04226814183804062,0.5153658528668917,0.6795239519820996,False
500,0.5,31,dml_pairs_boot,0.5885949575383919,0.04116542051461627,0.5141506351470472,0.6579768960514544,False
500,0.5,32,naive_ml,0.14178776652275882,0.015379125388828433,0.11164468076065509,0.17193085228486255,False
500,0.5,32,dml_if,0.5564712658687427,0.04082660608168808,0.4764511179486341,0.6364914137888513,True
500,0.5,32,dml_mult_boot,0.5564712658687427,0.040327282893613474,0.4792529904034929,0.6335679094087798,True
500,0.5,32,dml_fixed_nuis_boot,0.5564712658687427,0.04188760691000121,0.47393213789351807,0.6406586152184123,True
500,0.5,32,dml_pairs_boot,0.5564712658687427,0.04421163880086723,0.47505742809356555,0.6436880116576346,True
500,0.5,33,naive_ml,0.13303429370717512,0.0178452288936425,0.09805764507563583,0.16801094233871441,False
500,0.5,33,dml_if,0.519155165738398,0.04475568638010683,0.43143402043338863,0.6068763110434074,True
500,0.5,33,dml_mult_boot,0.519155165738398,0.04609662646090701,0.42547898651221544,0.6076293110171261,True
500,0.5,33,dml_fixed_nuis_boot,0.519155165738398,0.04457762977352835,0.42752817245170954,0.6042967539802444,True
500,0.5,33,dml_pairs_boot,0.519155165738398,0.04712210570528736,0.4165161810724044,0.5982179297436985,True
500,0.5,34,naive_ml,0.10878249113525323,0.018038754094848737,0.07342653310934971,0.14413844916115676,False
500,0.5,34,dml_if,0.42713001249045796,0.048015381989482735,0.3330198637910718,0.5212401611898441,True
500,0.5,34,dml_mult_boot,0.42713001249045796,0.04808164463984399,0.34153813746987244,0.5261990955690364,True
500,0.5,34,dml_fixed_nuis_boot,0.42713001249045796,0.04944230627334049,0.33198405161926636,0.531656473487441,True
500,0.5,34,dml_pairs_boot,0.42713001249045796,0.0469151075307112,0.3319067664795803,0.5127331828056452,True
500,0.5,35,naive_ml,0.1311009095119399,0.01636397641640739,0.09902751573578142,0.16317430328809837,False
500,0.5,35,dml_if,0.5172037118242861,0.04640757081152126,0.4262448730337045,0.6081625506148678,True
500,0.5,35,dml_mult_boot,0.5172037118242861,0.04810815076833459,0.4252113310636682,0.6080863820137491,True
500,0.5,35,dml_fixed_nuis_boot,0.5172037118242861,0.04752173368977304,0.4289143518709678,0.6165492992422535,True
500,0.5,35,dml_pairs_boot,0.5172037118242861,0.049540013508864215,0.4040391839926694,0.6131434557507391,True
500,0.5,36,naive_ml,0.1263105100102065,0.019355882412789804,0.08837298048113848,0.1642480395392745,False
500,0.5,36,dml_if,0.44802052404699433,0.04768265400525195,0.3545625221967005,0.5414785258972882,True
500,0.5,36,dml_mult_boot,0.44802052404699433,0.04634363181657774,0.3530660973485926,0.5364311168558905,True
500,0.5,36,dml_fixed_nuis_boot,0.44802052404699433,0.0491155679154732,0.36086018782007456,0.5423899308260516,True
500,0.5,36,dml_pairs_boot,0.44802052404699433,0.04665103150649921,0.3359843312846434,0.5173544155699928,True
500,0.5,37,naive_ml,0.10454100491947639,0.015533660050977139,0.0740950312195612,0.13498697861939157,False
500,0.5,37,dml_if,0.45130031617084126,0.04482912569247275,0.36343522981359466,0.5391654025280879,True
500,0.5,37,dml_mult_boot,0.45130031617084126,0.0428789173756324,0.36435459184594926,0.5296293739622678,True
500,0.5,37,dml_fixed_nuis_boot,0.45130031617084126,0.04397529966884817,0.36625464187472556,0.5363754963777331,True
500,0.5,37,dml_pairs_boot,0.45130031617084126,0.04679506259644858,0.3602777841106515,0.5491303088931644,True
500,0.5,38,naive_ml,0.13471311400236202,0.01686982854830918,0.10164825004767603,0.16777797795704802,False
500,0.5,38,dml_if,0.4585730981523694,0.046935887362328496,0.36657875892220554,0.5505674373825332,True
500,0.5,38,dml_mult_boot,0.4585730981523694,0.04799663720826993,0.36588568057951854,0.5565783550729628,True
500,0.5,38,dml_fixed_nuis_boot,0.4585730981523694,0.04807583046990685,0.36456891111407785,0.5487286097382568,True
500,0.5,38,dml_pairs_boot,0.4585730981523694,0.04011064505158434,0.40060042864276585,0.5443620324901568,True
500,0.5,39,naive_ml,0.12333085740671565,0.017095238574277093,0.08982418980113255,0.15683752501229875,False
500,0.5,39,dml_if,0.4778013349710957,0.04781462180371576,0.3840846762358128,0.5715179937063786,True
500,0.5,39,dml_mult_boot,0.4778013349710957,0.04986225446460082,0.3731130296686094,0.5688586130090855,True
500,0.5,39,dml_fixed_nuis_boot,0.4778013349710957,0.04940472590368361,0.3835062563494018,0.5715773825428105,True
500,0.5,39,dml_pairs_boot,0.4778013349710957,0.05503197667718263,0.34437406826932354,0.5508154073225395,True
500,0.5,40,naive_ml,0.1220342727618283,0.01905673325824185,0.08468307557567427,0.1593854699479823,False
500,0.5,40,dml_if,0.480478712820287,0.048817138751519995,0.3847971208673078,0.5761603047732662,True
500,0.5,40,dml_mult_boot,0.480478712820287,0.04858004023219102,0.39072827730441295,0.5793956279425542,True
500,0.5,40,dml_fixed_nuis_boot,0.480478712820287,0.0494934559913388,0.38248840209090407,0.5735534755492138,True
500,0.5,40,dml_pairs_boot,0.480478712820287,0.04888401580156121,0.3768403301409944,0.5723666224872864,True
500,0.5,41,naive_ml,0.12118589195646454,0.019044614636885282,0.08385844726816938,0.1585133366447597,False
500,0.5,41,dml_if,0.455898856348235,0.047661518210892775,0.3624822806548852,0.5493154320415848,True
500,0.5,41,dml_mult_boot,0.455898856348235,0.04832507559371657,0.35026333106669544,0.5369998159979624,True
500,0.5,41,dml_fixed_nuis_boot,0.455898856348235,0.04647295174913913,0.3644605698064395,0.5440529317060168,True
500,0.5,41,dml_pairs_boot,0.455898856348235,0.047555857079917566,0.34953914835921934,0.5272127938102715,True
500,0.5,42,naive_ml,0.14689666088182676,0.017444568080433143,0.11270530744417781,0.18108801431947572,False
500,0.5,42,dml_if,0.5130581342895476,0.04449522720321985,0.4258474889712367,0.6002687796078585,True
500,0.5,42,dml_mult_boot,0.5130581342895476,0.0470258894999162,0.42084708096915957,0.601395426035103,True
500,0.5,42,dml_fixed_nuis_boot,0.5130581342895476,0.04485473782783193,0.43299428433853177,0.606567509251049,True
500,0.5,42,dml_pairs_boot,0.5130581342895476,0.05491963803107746,0.40812112816718865,0.6291688715987553,True
500,0.5,43,naive_ml,0.12434080260859924,0.018130743358579327,0.08880454562578376,0.15987705959141474,False
500,0.5,43,dml_if,0.4217688749342659,0.04080241505699699,0.34179614142255177,0.50174160844598,True
500,0.5,43,dml_mult_boot,0.4217688749342659,0.04126509631194527,0.33713252722789694,0.49965351604269126,False
500,0.5,43,dml_fixed_nuis_boot,0.4217688749342659,0.04040976685459204,0.33920817369676043,0.5033567012546186,True
500,0.5,43,dml_pairs_boot,0.4217688749342659,0.045121137874477565,0.329062292752254,0.5064649230108607,True
500,0.5,44,naive_ml,0.13663215040327734,0.015326929156686228,0.10659136925617232,0.16667293155038235,False
500,0.5,44,dml_if,0.5264848628763338,0.041929681276579006,0.44430268757423896,0.6086670381784286,True
500,0.5,44,dml_mult_boot,0.5264848628763338,0.04241364375676569,0.4437918690262008,0.6105004316320821,True
500,0.5,44,dml_fixed_nuis_boot,0.5264848628763338,0.04018216298373829,0.4544555250541715,0.6030589088524685,True
500,0.5,44,dml_pairs_boot,0.5264848628763338,0.04513825558408583,0.4337766910555356,0.5995795433563395,True
500,0.5,45,naive_ml,0.12576397527856975,0.017487572792311765,0.09148833260563868,0.16003961795150082,False
500,0.5,45,dml_if,0.43403390478448345,0.04161393888037727,0.352470584578944,0.5155972249900229,True
500,0.5,45,dml_mult_boot,0.43403390478448345,0.039238598987655256,0.3589903475104938,0.5113472094124516,True
500,0.5,45,dml_fixed_nuis_boot,0.43403390478448345,0.03918528914131065,0.3598051593232857,0.514127447317234,True
500,0.5,45,dml_pairs_boot,0.43403390478448345,0.04279376414740321,0.37498402795011126,0.5402221055215017,True
500,0.5,46,naive_ml,0.15768754953145686,0.016585581211849405,0.12517981035623202,0.1901952887066817,False
500,0.5,46,dml_if,0.5041642831436934,0.03908848953857033,0.4275508436480956,0.5807777226392913,True
500,0.5,46,dml_mult_boot,0.5041642831436934,0.03802542656784817,0.4262351379290151,0.570157404062676,True
500,0.5,46,dml_fixed_nuis_boot,0.5041642831436934,0.04016233443054551,0.4303691831273672,0.5862925575823348,True
500,0.5,46,dml_pairs_boot,0.5041642831436934,0.04173210974579386,0.4324257507130247,0.5814741797179206,True
500,0.5,47,naive_ml,0.15998454893635145,0.018207008333596477,0.12429881260250235,0.19567028527020053,False
500,0.5,47,dml_if,0.6162370959635476,0.0423496229294933,0.5332318350217408,0.6992423569053544,False
500,0.5,47,dml_mult_boot,0.6162370959635476,0.04343153964918501,0.5378678362711345,0.6969850579243544,False
500,0.5,47,dml_fixed_nuis_boot,0.6162370959635476,0.04047460621285747,0.5323567826256489,0.6945986457033522,False
500,0.5,47,dml_pairs_boot,0.6162370959635476,0.04168507579742353,0.5482592500680318,0.7103591121540103,False
500,0.5,48,naive_ml,0.13629868806794584,0.018387178242789716,0.10025981871207801,0.17233755742381368,False
500,0.5,48,dml_if,0.5055152695924047,0.047089365803682184,0.4132201126171876,0.5978104265676217,True
500,0.5,48,dml_mult_boot,0.5055152695924047,0.04639786977985723,0.4171071187536035,0.587500164990113,True
500,0.5,48,dml_fixed_nuis_boot,0.5055152695924047,0.04788803019363651,0.40434780052492686,0.5984235625348062,True
500,0.5,48,dml_pairs_boot,0.5055152695924047,0.041185835190573616,0.4248999848323302,0.5936999651134028,True
500,0.5,49,naive_ml,0.13390656539379386,0.016947535777807637,0.1006893952692909,0.16712373551829685,False
500,0.5,49,dml_if,0.5313002805442426,0.04792654382552593,0.43736425464621176,0.6252363064422735,True
500,0.5,49,dml_mult_boot,0.5313002805442426,0.04627360988901564,0.4434846162483949,0.6221610727597953,True
500,0.5,49,dml_fixed_nuis_boot,0.5313002805442426,0.048437130038523346,0.44228932301161716,0.6278065789841601,True
500,0.5,49,dml_pairs_boot,0.5313002805442426,0.045602055394583396,0.4442667099608627,0.6249989115418247,True
500,0.5,50,naive_ml,0.13733806283341224,0.01695975669597907,0.10409693970929326,0.17057918595753122,False
500,0.5,50,dml_if,0.48992101167252944,0.046921807836043335,0.3979542683138845,0.5818877550311744,True
500,0.5,50,dml_mult_boot,0.48992101167252944,0.04554141686270991,0.40417844280669596,0.5659457908202555,True
500,0.5,50,dml_fixed_nuis_boot,0.48992101167252944,0.045134982118346496,0.39826698002138444,0.5710451530321939,True
500,0.5,50,dml_pairs_boot,0.48992101167252944,0.04612570945361096,0.3699412517618184,0.5660327396913357,True
500,0.5,51,naive_ml,0.16249169383921558,0.01888754198030691,0.12547211155781404,0.19951127612061711,False
500,0.5,51,dml_if,0.5173503412401107,0.045859283366282026,0.42746614584219794,0.6072345366380235,True
500,0.5,51,dml_mult_boot,0.5173503412401107,0.04715272181958818,0.42275650542153237,0.6039291177144097,True
500,0.5,51,dml_fixed_nuis_boot,0.5173503412401107,0.044944549194759084,0.4311111788918975,0.6049477544744211,True
500,0.5,51,dml_pairs_boot,0.5173503412401107,0.04772824314578151,0.43634391172139303,0.6014412843825826,True
500,0.5,52,naive_ml,0.13045653570421098,0.017436697403387668,0.09628060879357114,0.16463246261485082,False
500,0.5,52,dml_if,0.4680275154709629,0.03757839384491682,0.39437386353492593,0.5416811674069999,True
500,0.5,52,dml_mult_boot,0.4680275154709629,0.03802506280430438,0.39071394580669677,0.5402030777456593,True
500,0.5,52,dml_fixed_nuis_boot,0.4680275154709629,0.03637682836655903,0.3878471714153611,0.5315460891343404,True
500,0.5,52,dml_pairs_boot,0.4680275154709629,0.04092730836463092,0.38187912389346657,0.5391129240363197,True
500,0.5,53,naive_ml,0.1535652801628984,0.017028896449289038,0.12018864312229188,0.1869419172035049,False
500,0.5,53,dml_if,0.5590595686325683,0.03984035258605534,0.4809724775638999,0.6371466597012367,True
500,0.5,53,dml_mult_boot,0.5590595686325683,0.040946354876057044,0.47780458294215833,0.6384393333809525,True
500,0.5,53,dml_fixed_nuis_boot,0.5590595686325683,0.040985077245644264,0.47309944567512385,0.6419864608667696,True
500,0.5,53,dml_pairs_boot,0.5590595686325683,0.03796805509026689,0.4839199331492253,0.6324985944145689,True
500,0.5,54,naive_ml,0.1549784203164811,0.02042716374149046,0.11494117938315979,0.1950156612498024,False
500,0.5,54,dml_if,0.5507591713307419,0.046119903600712914,0.4603641602733446,0.6411541823881393,True
500,0.5,54,dml_mult_boot,0.5507591713307419,0.04337035416920874,0.4673983913985782,0.6307172789108001,True
500,0.5,54,dml_fixed_nuis_boot,0.5507591713307419,0.04779165780277112,0.4578356593193832,0.6433795555401326,True
500,0.5,54,dml_pairs_boot,0.5507591713307419,0.058646635979646616,0.44657275147036396,0.6584763939292105,True
500,0.5,55,naive_ml,0.11105725054994812,0.01825856895784665,0.07527045539256869,0.14684404570732756,False
500,0.5,55,dml_if,0.45422020349968745,0.051061110604777186,0.35414042671432416,0.5542999802850508,True
500,0.5,55,dml_mult_boot,0.45422020349968745,0.04700229724492981,0.36049336450085434,0.5447804403843023,True
500,0.5,55,dml_fixed_nuis_boot,0.45422020349968745,0.04892041710240393,0.3588973239634766,0.5448691472961584,True
500,0.5,55,dml_pairs_boot,0.45422020349968745,0.05174910615005941,0.3304761397734431,0.5222451343878312,True
500,0.5,56,naive_ml,0.1196890431051928,0.018208092746768344,0.08400118132152684,0.15537690488885875,False
500,0.5,56,dml_if,0.3887410044816363,0.0443066233597568,0.30190002269651295,0.4755819862667596,False
500,0.5,56,dml_mult_boot,0.3887410044816363,0.04404204061971352,0.3020685356500664,0.46827575030517954,False
500,0.5,56,dml_fixed_nuis_boot,0.3887410044816363,0.0425712085975922,0.29848327802958313,0.4732831774000714,False
500,0.5,56,dml_pairs_boot,0.3887410044816363,0.04575117924603546,0.3135360350931366,0.4737908913936092,False
500,0.5,57,naive_ml,0.12725349492530624,0.017956103468533532,0.09205953212698052,0.16244745772363195,False
500,0.5,57,dml_if,0.4723128545034344,0.044481058891256066,0.38512997907657254,0.5594957299302963,True
500,0.5,57,dml_mult_boot,0.4723128545034344,0.043734643334587285,0.39390723124952964,0.5632366055908873,True
500,0.5,57,dml_fixed_nuis_boot,0.4723128545034344,0.04434855682484419,0.3791063609005409,0.5500502706648825,True
500,0.5,57,dml_pairs_boot,0.4723128545034344,0.0402028732719077,0.40893749060785667,0.5563712872602573,True
500,0.5,58,naive_ml,0.1388417125167781,0.015691329030247683,0.10808670761749264,0.16959671741606355,False
500,0.5,58,dml_if,0.48997336911950407,0.04091598795225627,0.4097780327330818,0.5701687055059264,True
500,0.5,58,dml_mult_boot,0.48997336911950407,0.04058913952757812,0.40858811386877175,0.5744033349271981,True
500,0.5,58,dml_fixed_nuis_boot,0.48997336911950407,0.0399543247737489,0.4098086824641562,0.5705171246198589,True
500,0.5,58,dml_pairs_boot,0.48997336911950407,0.04605622558668341,0.42042608238320656,0.593107008868802,True
500,0.5,59,naive_ml,0.1508703863783577,0.016286010509569276,0.11894980577960193,0.18279096697711347,False
500,0.5,59,dml_if,0.47688518933799595,0.04119512585640334,0.3961427426594454,0.5576276360165465,True
500,0.5,59,dml_mult_boot,0.47688518933799595,0.04076555968241656,0.39940118212683223,0.5568067116882784,True
500,0.5,59,dml_fixed_nuis_boot,0.47688518933799595,0.03988667458969426,0.4002071827763083,0.5542114387778259,True
500,0.5,59,dml_pairs_boot,0.47688518933799595,0.04556043816560286,0.3887811591299847,0.5670752773603772,True
500,0.5,60,naive_ml,0.14813382103374498,0.017466745195318486,0.11389900045092075,0.1823686416165692,False
500,0.5,60,dml_if,0.5369851973290416,0.042613361727872424,0.45346300834241166,0.6205073863156716,True
500,0.5,60,dml_mult_boot,0.5369851973290416,0.042681123857195497,0.4529670542591557,0.6177432731715734,True
500,0.5,60,dml_fixed_nuis_boot,0.5369851973290416,0.0415461541420811,0.4591179413930535,0.6110478514666048,True
500,0.5,60,dml_pairs_boot,0.5369851973290416,0.04937881123908147,0.4386414400943251,0.6208657006121823,True
500,0.5,61,naive_ml,0.15251375314372945,0.01837538388963916,0.11649800072003669,0.1885295055674222,False
500,0.5,61,dml_if,0.528992777051792,0.04525355270117381,0.4402958137574914,0.6176897403460927,True
500,0.5,61,dml_mult_boot,0.528992777051792,0.04647549672677022,0.4415858608261465,0.6193809322588961,True
500,0.5,61,dml_fixed_nuis_boot,0.528992777051792,0.044405174726771975,0.4469064999597441,0.6229447743835618,True
500,0.5,61,dml_pairs_boot,0.528992777051792,0.042546024857554196,0.45741604924492557,0.6046548970540387,True
500,0.5,62,naive_ml,0.12726207536531237,0.01824761143581642,0.09149675695111217,0.16302739377951256,False
500,0.5,62,dml_if,0.4989995333575107,0.047937840217191816,0.4050413665318147,0.5929577001832066,True
500,0.5,62,dml_mult_boot,0.4989995333575107,0.047383590659644016,0.40438599006733383,0.5895004850335285,True
500,0.5,62,dml_fixed_nuis_boot,0.4989995333575107,0.048371553838338355,0.40698929627350994,0.5942556259331584,True
500,0.5,62,dml_pairs_boot,0.4989995333575107,0.05203582500473598,0.4000839342482431,0.6076469842416297,True
500,0.5,63,naive_ml,0.10870203073331124,0.016159959256118343,0.0770285105913193,0.14037555087530318,False
500,0.5,63,dml_if,0.506018047066357,0.04735336671742984,0.4132054483001945,0.5988306458325194,True
500,0.5,63,dml_mult_boot,0.506018047066357,0.04603504103826301,0.41221924302421425,0.5934610500225963,True
500,0.5,63,dml_fixed_nuis_boot,0.506018047066357,0.05037896213801968,0.4088091515069108,0.610096257369075,True
500,0.5,63,dml_pairs_boot,0.506018047066357,0.04644073900427703,0.3981424833022592,0.5837094750974114,True
500,0.5,64,naive_ml,0.16227975231183875,0.0211171876467135,0.12089006452428028,0.20366944009939722,False
500,0.5,64,dml_if,0.5311111883653873,0.044178472007877244,0.4445213832299479,0.6177009935008266,True
500,0.5,64,dml_mult_boot,0.5311111883653873,0.04301953870078354,0.43964214392257095,0.6143147216294559,True
500,0.5,64,dml_fixed_nuis_boot,0.5311111883653873,0.04413620925275702,0.4506570411166659,0.6155704083431264,True
500,0.5,64,dml_pairs_boot,0.5311111883653873,0.04060263187397764,0.4555774361805615,0.610654022320037,True
500,0.5,65,naive_ml,0.11131493014561818,0.017362805800567135,0.07728383077650659,0.14534602951472975,False
500,0.5,65,dml_if,0.4355660535637578,0.04404134112382076,0.34924502496106913,0.5218870821664465,True
500,0.5,65,dml_mult_boot,0.4355660535637578,0.04590198808137779,0.34564315904868076,0.5279364762098274,True
500,0.5,65,dml_fixed_nuis_boot,0.4355660535637578,0.04354855890744009,0.34574059298484905,0.5184067749241082,True
500,0.5,65,dml_pairs_boot,0.4355660535637578,0.04399852467182179,0.3459805442911736,0.5188299380448306,True
500,0.5,66,naive_ml,0.15993501582733535,0.018293526962531045,0.1240797029807745,0.1957903286738962,False
500,0.5,66,dml_if,0.5889344842334416,0.04933477022135893,0.4922383345995781,0.6856306338673052,True
500,0.5,66,dml_mult_boot,0.5889344842334416,0.04897223821616152,0.4914683039315549,0.6744995728186965,True
500,0.5,66,dml_fixed_nuis_boot,0.5889344842334416,0.04878938740908397,0.4979545173355571,0.678538271431026,True
500,0.5,66,dml_pairs_boot,0.5889344842334416,0.05625259990983671,0.47275356067450613,0.6714990143032898,True
500,0.5,67,naive_ml,0.16487776074742863,0.01809989919108533,0.12940195833290138,0.20035356316195588,False
500,0.5,67,dml_if,0.5371988529077915,0.04222535764872962,0.4544371519162814,0.6199605538993015,True
500,0.5,67,dml_mult_boot,0.5371988529077915,0.04413265977049721,0.4514117633863282,0.6251123341754252,True
500,0.5,67,dml_fixed_nuis_boot,0.5371988529077915,0.04565213449377168,0.44311431641978327,0.6220056473552701,True
500,0.5,67,dml_pairs_boot,0.5371988529077915,0.041352577790412834,0.45553865045541025,0.598703709200889,True
500,0.5,68,naive_ml,0.15144801195802382,0.01839580061035942,0.11539224276171936,0.18750378115432828,False
500,0.5,68,dml_if,0.6097347016189403,0.053336131542478606,0.5051958837956823,0.7142735194421983,False
500,0.5,68,dml_mult_boot,0.6097347016189403,0.05052595424627514,0.5073534031375976,0.7093125817395269,False
500,0.5,68,dml_fixed_nuis_boot,0.6097347016189403,0.0546825143039713,0.5053504652643236,0.7208047836685385,False
500,0.5,68,dml_pairs_boot,0.6097347016189403,0.05792835592456754,0.5020161013679681,0.7210534490670799,False
500,0.5,69,naive_ml,0.13294215182364064,0.01865716397745646,0.09637411042782598,0.1695101932194553,False
500,0.5,69,dml_if,0.5280435927123183,0.045825139061730434,0.4382263201513266,0.61786086527331,True
500,0.5,69,dml_mult_boot,0.5280435927123183,0.047102282427494965,0.4350214129910663,0.6221269385152367,True
500,0.5,69,dml_fixed_nuis_boot,0.5280435927123183,0.04410599989624464,0.4388919994051916,0.6121805373049731,True
500,0.5,69,dml_pairs_boot,0.5280435927123183,0.04871812823495933,0.441066363275179,0.626832334986739,True
500,0.5,70,naive_ml,0.15210494627786603,0.017898045373977343,0.11702477734487043,0.18718511521086162,False
500,0.5,70,dml_if,0.47571842345182747,0.043013143604443256,0.39141266198711866,0.5600241849165363,True
500,0.5,70,dml_mult_boot,0.47571842345182747,0.043629935873514394,0.3893542303703131,0.559186421923624,True
500,0.5,70,dml_fixed_nuis_boot,0.47571842345182747,0.04401603061518372,0.39078012417778635,0.5634465600833488,True
500,0.5,70,dml_pairs_boot,0.47571842345182747,0.04480930303604663,0.4039305734138354,0.565461431219613,True
500,0.5,71,naive_ml,0.18352198663267275,0.018649485920424695,0.14696899422864035,0.22007497903670514,False
500,0.5,71,dml_if,0.6473712907898351,0.04208914430529335,0.5648765679514601,0.7298660136282101,False
500,0.5,71,dml_mult_boot,0.6473712907898351,0.041918159479057304,0.5668255943956882,0.7253900978788254,False
500,0.5,71,dml_fixed_nuis_boot,0.6473712907898351,0.04157846796892759,0.5716608819455146,0.7303251969181327,False
500,0.5,71,dml_pairs_boot,0.6473712907898351,0.0470268990828118,0.5694979081123748,0.7466504302714504,False
500,0.5,72,naive_ml,0.135023419114739,0.019031053856997774,0.09772255355502336,0.17232428467445465,False
500,0.5,72,dml_if,0.4931373213354473,0.04399699912150519,0.4069032030572971,0.5793714396135975,True
500,0.5,72,dml_mult_boot,0.4931373213354473,0.0428469284411046,0.4073870954422443,0.5780391675076847,True
500,0.5,72,dml_fixed_nuis_boot,0.4931373213354473,0.04282140130597582,0.41553294242164146,0.5735591453454116,True
500,0.5,72,dml_pairs_boot,0.4931373213354473,0.049286975756419354,0.4102741541712516,0.5940167955927889,True
500,0.5,73,naive_ml,0.12958286235455918,0.01951458256198491,0.09133428053306876,0.16783144417604962,False
500,0.5,73,dml_if,0.45393095215908996,0.04782735302808612,0.36018934022404114,0.5476725640941388,True
500,0.5,73,dml_mult_boot,0.45393095215908996,0.04485123721986478,0.35920052070428904,0.5405447995936442,True
500,0.5,73,dml_fixed_nuis_boot,0.45393095215908996,0.0488551023438107,0.36173228191037504,0.551716334111041,True
500,0.5,73,dml_pairs_boot,0.45393095215908996,0.04997349363201148,0.3526394619804115,0.5432416409608967,True
500,0.5,74,naive_ml,0.1239951607374878,0.016533414056908214,0.0915896691859477,0.15640065228902789,False
500,0.5,74,dml_if,0.4674334484603764,0.04675924849543743,0.37578532140931903,0.5590815755114338,True
500,0.5,74,dml_mult_boot,0.4674334484603764,0.046269915571963596,0.3826287236878059,0.5566077473756564,True
500,0.5,74,dml_fixed_nuis_boot,0.4674334484603764,0.04594061666138073,0.37379861931823655,0.5580219129593609,True
500,0.5,74,dml_pairs_boot,0.4674334484603764,0.05373256143682328,0.36836159960674597,0.5701218471880496,True
500,0.5,75,naive_ml,0.1526517308698617,0.017157346715305503,0.11902333130786291,0.18628013043186048,False
500,0.5,75,dml_if,0.5579010879449484,0.04041343406379914,0.4786907571799021,0.6371114187099948,True
500,0.5,75,dml_mult_boot,0.5579010879449484,0.039794023013710406,0.4802324904848051,0.6338730327386108,True
500,0.5,75,dml_fixed_nuis_boot,0.5579010879449484,0.04064991483633978,0.483619797083405,0.6333887683523907,True
500,0.5,75,dml_pairs_boot,0.5579010879449484,0.048583811578159636,0.4806027123859307,0.6666999841447103,True
500,0.5,76,naive_ml,0.14434516985455056,0.018656153562472164,0.10777910887210512,0.180911230836996,False
500,0.5,76,dml_if,0.5079735483955959,0.045833318690294125,0.4181402437626195,0.5978068530285724,True
500,0.5,76,dml_mult_boot,0.5079735483955959,0.04392549598020966,0.42153067626402724,0.5828992664998904,True
500,0.5,76,dml_fixed_nuis_boot,0.5079735483955959,0.0438355131284074,0.4231381624815079,0.5916763297325275,True
500,0.5,76,dml_pairs_boot,0.5079735483955959,0.046487706717048966,0.4280609225631051,0.6037224496913606,True
500,0.5,77,naive_ml,0.14155513780603274,0.019789633250578045,0.10276745663489978,0.1803428189771657,False
500,0.5,77,dml_if,0.4988239895809209,0.05202544734574921,0.39685411278325244,0.6007938663785893,True
500,0.5,77,dml_mult_boot,0.4988239895809209,0.05313397547963193,0.3892671303618746,0.6056458885511837,True
500,0.5,77,dml_fixed_nuis_boot,0.4988239895809209,0.04833336412780932,0.4113606526224482,0.6000976634783594,True
500,0.5,77,dml_pairs_boot,0.4988239895809209,0.050491191224720976,0.4018476269972779,0.5767635678261798,True
500,0.5,78,naive_ml,0.14815858975203774,0.01686475961318713,0.11510366091019097,0.18121351859388451,False
500,0.5,78,dml_if,0.5805929301318048,0.04060180253355696,0.5010133971660331,0.6601724630975765,False
500,0.5,78,dml_mult_boot,0.5805929301318048,0.040155114608413756,0.5099009173821243,0.6654013991537436,False
500,0.5,78,dml_fixed_nuis_boot,0.5805929301318048,0.04032813203665596,0.5074803280522225,0.6635867308379048,False
500,0.5,78,dml_pairs_boot,0.5805929301318048,0.03828924634675347,0.5051996322758365,0.6550033417740269,False
500,0.5,79,naive_ml,0.1622328882541619,0.01835464442365054,0.12625778518380684,0.19820799132451697,False
500,0.5,79,dml_if,0.5584609669902393,0.0424120678214126,0.4753333140602706,0.641588619920208,True
500,0.5,79,dml_mult_boot,0.5584609669902393,0.042793743517050314,0.47595749222533185,0.6369930912903412,True
500,0.5,79,dml_fixed_nuis_boot,0.5584609669902393,0.04133747673078577,0.476323503512464,0.6343003464254575,True
500,0.5,79,dml_pairs_boot,0.5584609669902393,0.03851784535012205,0.48254774374798276,0.6357444455792847,True
500,0.5,80,naive_ml,0.12322408475015177,0.016484582251255313,0.09091430353769137,0.15553386596261218,False
500,0.5,80,dml_if,0.4933695779221535,0.047470146403042125,0.40032809097219096,0.5864110648721161,True
500,0.5,80,dml_mult_boot,0.4933695779221535,0.04659269480157546,0.3924437358348087,0.5868396567028389,True
500,0.5,80,dml_fixed_nuis_boot,0.4933695779221535,0.0490913222246861,0.4050292153998266,0.597997470076462,True
500,0.5,80,dml_pairs_boot,0.4933695779221535,0.05517109271143338,0.37775949202670567,0.582892740256821,True
500,0.5,81,naive_ml,0.13273358082386288,0.017452978136157937,0.09852574367699332,0.16694141797073245,False
500,0.5,81,dml_if,0.5258637423464104,0.04549158308734922,0.436700239495206,0.6150272451976149,True
500,0.5,81,dml_mult_boot,0.5258637423464104,0.044303338345908126,0.44127400420792806,0.6149687162381936,True
500,0.5,81,dml_fixed_nuis_boot,0.5258637423464104,0.04586399194675415,0.4445524455185654,0.6195989627262888,True
500,0.5,81,dml_pairs_boot,0.5258637423464104,0.04831381256170504,0.45144963113171444,0.6329884519149107,True
500,0.5,82,naive_ml,0.1285223408851756,0.017614269406162886,0.09399837284909635,0.16304630892125488,False
500,0.5,82,dml_if,0.5399096652885533,0.048801903489240205,0.44425793444964257,0.6355613961274641,True
500,0.5,82,dml_mult_boot,0.5399096652885533,0.05205389747010199,0.45216474525087663,0.6405175606055468,True
500,0.5,82,dml_fixed_nuis_boot,0.5399096652885533,0.04703221779619438,0.44957201890870313,0.6342589308449457,True
500,0.5,82,dml_pairs_boot,0.5399096652885533,0.04657681569123611,0.4581562208388905,0.6267802083978862,True
500,0.5,83,naive_ml,0.11535964983557183,0.019517854519555667,0.07710465497724273,0.15361464469390093,False
500,0.5,83,dml_if,0.4031698522350017,0.04494116632993419,0.31508516622833066,0.4912545382416727,False
500,0.5,83,dml_mult_boot,0.4031698522350017,0.04467839519347186,0.318911217677177,0.49392324827082756,False
500,0.5,83,dml_fixed_nuis_boot,0.4031698522350017,0.04283188645298989,0.31697735781296205,0.4894896683659286,False
500,0.5,83,dml_pairs_boot,0.4031698522350017,0.05118883017908025,0.29956758180615944,0.49516566978805115,False
500,0.5,84,naive_ml,0.14219161852821333,0.017212140066505306,0.10845582399786294,0.17592741305856371,False
500,0.5,84,dml_if,0.5037879546907825,0.04455268036601551,0.4164647011733921,0.5911112082081729,True
500,0.5,84,dml_mult_boot,0.5037879546907825,0.04429376292564635,0.4126100358042287,0.5919642772632626,True
500,0.5,84,dml_fixed_nuis_boot,0.5037879546907825,0.04259583101212935,0.4168430486608847,0.5848149186339533,True
500,0.5,84,dml_pairs_boot,0.5037879546907825,0.04851078460983469,0.41200749669940845,0.5865500435965526,True
500,0.5,85,naive_ml,0.13160338358852966,0.016483433914568663,0.09929585311597508,0.16391091406108424,False
500,0.5,85,dml_if,0.4353090109948759,0.03989207482313674,0.3571205443415279,0.513497477648224,True
500,0.5,85,dml_mult_boot,0.4353090109948759,0.03937712201363968,0.3584444377414973,0.5128940133645854,True
500,0.5,85,dml_fixed_nuis_boot,0.4353090109948759,0.040562434183934314,0.3544070765717401,0.514632203909447,True
500,0.5,85,dml_pairs_boot,0.4353090109948759,0.040771083138966,0.3637286220643154,0.5165543281193381,True
500,0.5,86,naive_ml,0.14500280363426107,0.020332425116293677,0.10515125040632547,0.18485435686219667,False
500,0.5,86,dml_if,0.4532711642826732,0.05060859881535073,0.3540783106045858,0.5524640179607606,True
500,0.5,86,dml_mult_boot,0.4532711642826732,0.04986494347220709,0.3602636527631913,0.5598165429907694,True
500,0.5,86,dml_fixed_nuis_boot,0.4532711642826732,0.049312616596460086,0.3483587491303695,0.543806100058661,True
500,0.5,86,dml_pairs_boot,0.4532711642826732,0.045013896057608485,0.36960270597148415,0.5615018109478473,True
500,0.5,87,naive_ml,0.12759131033938126,0.018306367824092746,0.09171082940415948,0.16347179127460304,False
500,0.5,87,dml_if,0.4420206961351511,0.043856554439003284,0.35606184943470465,0.5279795428355976,True
500,0.5,87,dml_mult_boot,0.4420206961351511,0.04339990210118862,0.36329243423061497,0.531387584462634,True
500,0.5,87,dml_fixed_nuis_boot,0.4420206961351511,0.04425810672188055,0.3603004628316394,0.5298647291179971,True
500,0.5,87,dml_pairs_boot,0.4420206961351511,0.045856149135514654,0.37274790789322376,0.5298768542148686,True
500,0.5,88,naive_ml,0.13612176763805525,0.016925306214772038,0.10294816745710206,0.16929536781900845,False
500,0.5,88,dml_if,0.48669657304186736,0.04465098648872513,0.3991806395239661,0.5742125065597686,True
500,0.5,88,dml_mult_boot,0.48669657304186736,0.04800957895792799,0.3985861435331275,0.5807936667536029,True
500,0.5,88,dml_fixed_nuis_boot,0.48669657304186736,0.0452614606692781,0.3900659802273092,0.5689264336420624,True
500,0.5,88,dml_pairs_boot,0.48669657304186736,0.044963036171571324,0.4207638781624595,0.5989898344157082,True
500,0.5,89,naive_ml,0.15687385383537678,0.019855326968944195,0.11795741297624615,0.1957902946945074,False
500,0.5,89,dml_if,0.4849368774076801,0.044741199130435116,0.3972441271120273,0.5726296277033329,True
500,0.5,89,dml_mult_boot,0.4849368774076801,0.04291752152392122,0.39723960742095443,0.5669587204857179,True
500,0.5,89,dml_fixed_nuis_boot,0.4849368774076801,0.04554005616374561,0.3975354117911429,0.5708591386906822,True
500,0.5,89,dml_pairs_boot,0.4849368774076801,0.04214665510093236,0.4010352262364858,0.5648959252709963,True
500,0.5,90,naive_ml,0.15715628328921935,0.01737722554508743,0.12309692122084799,0.19121564535759072,False
500,0.5,90,dml_if,0.5274007409421956,0.04321798172119117,0.4426934967686609,0.6121079851157303,True
500,0.5,90,dml_mult_boot,0.5274007409421956,0.04529834358061407,0.4413834002302377,0.6132884633547174,True
500,0.5,90,dml_fixed_nuis_boot,0.5274007409421956,0.04283346499625791,0.4403054806890892,0.6095719889551676,True
500,0.5,90,dml_pairs_boot,0.5274007409421956,0.04421098021997387,0.4531083094474504,0.6335508797758465,True
500,0.5,91,naive_ml,0.12870479219671951,0.01720892825508663,0.09497529281674971,0.16243429157668932,False
500,0.5,91,dml_if,0.5402622268547009,0.0443247214168056,0.45338577287776194,0.6271386808316399,True
500,0.5,91,dml_mult_boot,0.5402622268547009,0.04473408609954402,0.4572714026175469,0.6314098878696549,True
500,0.5,91,dml_fixed_nuis_boot,0.5402622268547009,0.04557614181297923,0.4489095304677895,0.6287223502576283,True
500,0.5,91,dml_pairs_boot,0.5402622268547009,0.04804216089563262,0.4341159478202708,0.6210684148366877,True
500,0.5,92,naive_ml,0.14286920702119055,0.01845723565152396,0.10669302514420359,0.1790453888981775,False
500,0.5,92,dml_if,0.47793780757820714,0.04603719217811005,0.3877049109091114,0.5681707042473029,True
500,0.5,92,dml_mult_boot,0.47793780757820714,0.04258129728880915,0.38574730556472503,0.5579985600718936,True
500,0.5,92,dml_fixed_nuis_boot,0.47793780757820714,0.043945689256295196,0.3953097615748222,0.5641963663815854,True
500,0.5,92,dml_pairs_boot,0.47793780757820714,0.05107781071947581,0.3952304845360279,0.5952564666017724,True
500,0.5,93,naive_ml,0.13082920951851357,0.018193845690092896,0.0951692719659315,0.16648914707109563,False
500,0.5,93,dml_if,0.48772499902880334,0.045275679906277656,0.39898466641249913,0.5764653316451076,True
500,0.5,93,dml_mult_boot,0.48772499902880334,0.04708664961328992,0.3893909142022649,0.575757218150117,True
500,0.5,93,dml_fixed_nuis_boot,0.48772499902880334,0.047415976040487834,0.40332470716509594,0.576461872278248,True
500,0.5,93,dml_pairs_boot,0.48772499902880334,0.049471852288557244,0.4078366803261368,0.6046441554099157,True
500,0.5,94,naive_ml,0.13068070887108202,0.018463708419025206,0.0944918403697926,0.16686957737237143,False
500,0.5,94,dml_if,0.4981707232955429,0.05370132976917082,0.3929161169479681,0.6034253296431177,True
500,0.5,94,dml_mult_boot,0.4981707232955429,0.05581547711024388,0.38991734980346876,0.5989466177018651,True
500,0.5,94,dml_fixed_nuis_boot,0.4981707232955429,0.0531640958992879,0.39355619319762414,0.600604855786344,True
500,0.5,94,dml_pairs_boot,0.4981707232955429,0.053738269257288585,0.40240381944818876,0.6141962273915352,True
500,0.5,95,naive_ml,0.15704219970162822,0.019712021967065767,0.11840663664617931,0.19567776275707713,False
500,0.5,95,dml_if,0.5408128000377231,0.044598020274548414,0.4534006802996082,0.628224919775838,True
500,0.5,95,dml_mult_boot,0.5408128000377231,0.046695437417363664,0.4438727490896627,0.6242763495252129,True
500,0.5,95,dml_fixed_nuis_boot,0.5408128000377231,0.04612187390496623,0.44854718933401244,0.6311358840605674,True
500,0.5,95,dml_pairs_boot,0.5408128000377231,0.045973299222222506,0.46124394656374784,0.6443391984287197,True
500,0.5,96,naive_ml,0.12192973862595968,0.017684378121225794,0.08726835750835713,0.15659111974356224,False
500,0.5,96,dml_if,0.40547313513162014,0.04025861024678287,0.3265662590479257,0.4843800112153146,False
500,0.5,96,dml_mult_boot,0.40547313513162014,0.04314859508110069,0.3219761632212616,0.49285549752778796,False
500,0.5,96,dml_fixed_nuis_boot,0.40547313513162014,0.04158249011789018,0.3243002708726738,0.4844056865744571,False
500,0.5,96,dml_pairs_boot,0.40547313513162014,0.04169677621873075,0.32104402512658814,0.4812816074250957,False
500,0.5,97,naive_ml,0.10069448304010195,0.013892871655806558,0.07346445459472109,0.1279245114854828,False
500,0.5,97,dml_if,0.43859184090746606,0.04294266996337655,0.354424207779248,0.5227594740356841,True
500,0.5,97,dml_mult_boot,0.43859184090746606,0.04043203871788282,0.3636006992274571,0.5214752908785447,True
500,0.5,97,dml_fixed_nuis_boot,0.43859184090746606,0.043893695001276,0.35212319371554235,0.5226531139890449,True
500,0.5,97,dml_pairs_boot,0.43859184090746606,0.044763290917974666,0.3615632849480953,0.5215802675675312,True
500,0.5,98,naive_ml,0.12553908697608765,0.01710363221022425,0.09201596784404811,0.15906220610812719,False
500,0.5,98,dml_if,0.4749168318757972,0.04657799254852472,0.38362396648068875,0.5662096972709056,True
500,0.5,98,dml_mult_boot,0.4749168318757972,0.04795770089782069,0.38071238259550944,0.5694907255947426,True
500,0.5,98,dml_fixed_nuis_boot,0.4749168318757972,0.045702019138706494,0.38919552405413765,0.5673964698456583,True
500,0.5,98,dml_pairs_boot,0.4749168318757972,0.041060226924461464,0.42573951479993427,0.5767805847763942,True
500,0.5,99,naive_ml,0.10601199129729738,0.017272805362787726,0.07215729278623344,0.1398666898083613,False
500,0.5,99,dml_if,0.4144379395890244,0.04550044335460204,0.32525707061400444,0.5036188085640444,True
500,0.5,99,dml_mult_boot,0.4144379395890244,0.043481719942932144,0.33353854997187277,0.5029590106199029,True
500,0.5,99,dml_fixed_nuis_boot,0.4144379395890244,0.04668525605925454,0.3178382158561684,0.5033255921500953,True
500,0.5,99,dml_pairs_boot,0.4144379395890244,0.049637858037300815,0.3320516912968484,0.5285856036183779,True
500,0.5,100,naive_ml,0.13204522938071533,0.01536894214332185,0.10192210277980451,0.16216835598162616,False
500,0.5,100,dml_if,0.5384660358124667,0.04070771401270797,0.45867891634755903,0.6182531552773742,True
500,0.5,100,dml_mult_boot,0.5384660358124667,0.04140160690531197,0.45111396760822137,0.6238150433033333,True
500,0.5,100,dml_fixed_nuis_boot,0.5384660358124667,0.041071061754026396,0.4581159395613916,0.6130631991438886,True
500,0.5,100,dml_pairs_boot,0.5384660358124667,0.04597843641282066,0.4321860652628996,0.6069725958989137,True
500,0.5,101,naive_ml,0.16259906233246724,0.017236142364757227,0.12881622329754308,0.1963819013673914,False
500,0.5,101,dml_if,0.5585912689857775,0.041968026255488684,0.4763339375250197,0.6408486004465354,True
500,0.5,101,dml_mult_boot,0.5585912689857775,0.0434633078473264,0.47733353517993277,0.6342485954857158,True
500,0.5,101,dml_fixed_nuis_boot,0.5585912689857775,0.04152978490564996,0.47790612904027846,0.6406287963870316,True
500,0.5,101,dml_pairs_boot,0.5585912689857775,0.03936963602749142,0.49390166354120635,0.6549602790534996,True
500,0.5,102,naive_ml,0.13255254853235648,0.01668551627254102,0.0998489366381761,0.16525616042653687,False
500,0.5,102,dml_if,0.5524433048919328,0.04827306600105064,0.4578280955298736,0.6470585142539921,True
500,0.5,102,dml_mult_boot,0.5524433048919328,0.05176948224441319,0.45994426582116626,0.6525502652593577,True
500,0.5,102,dml_fixed_nuis_boot,0.5524433048919328,0.04775783390312594,0.4617650651687954,0.6439799351164167,True
500,0.5,102,dml_pairs_boot,0.5524433048919328,0.0460149396675182,0.47336698919298187,0.6558419380424634,True
500,0.5,103,naive_ml,0.15922129154867112,0.01745353494249564,0.12501236306137967,0.19343022003596258,False
500,0.5,103,dml_if,0.5494175481857969,0.04119270023268621,0.4686798557297319,0.6301552406418619,True
500,0.5,103,dml_mult_boot,0.5494175481857969,0.039257623683863194,0.4716946622496756,0.6285306712966678,True
500,0.5,103,dml_fixed_nuis_boot,0.5494175481857969,0.041769025197278875,0.46965284017961784,0.6318981917211697,True
500,0.5,103,dml_pairs_boot,0.5494175481857969,0.0423538256305063,0.44678355684369686,0.6067362106002092,True
500,0.5,104,naive_ml,0.1347241277691193,0.016767363921839144,0.10186009448231458,0.167588161055924,False
500,0.5,104,dml_if,0.5025289067509944,0.04457169436858804,0.41516838578856186,0.5898894277134269,True
500,0.5,104,dml_mult_boot,0.5025289067509944,0.043322113076762016,0.41304674619884096,0.5805263583620209,True
500,0.5,104,dml_fixed_nuis_boot,0.5025289067509944,0.043063562957644935,0.4166580402694076,0.586890734920742,True
500,0.5,104,dml_pairs_boot,0.5025289067509944,0.04827346316126442,0.4103793465537304,0.6119783678421467,True
500,0.5,105,naive_ml,0.12261419021047851,0.019258127062985655,0.08486826116702662,0.1603601192539304,False
500,0.5,105,dml_if,0.4403604324678825,0.04814694200984168,0.34599242612859277,0.5347284388071721,True
500,0.5,105,dml_mult_boot,0.4403604324678825,0.04732915338054498,0.34836632178999916,0.5295322901057041,True
500,0.5,105,dml_fixed_nuis_boot,0.4403604324678825,0.049179760302322094,0.3413993842184836,0.5354205785868822,True
500,0.5,105,dml_pairs_boot,0.4403604324678825,0.04985267982415764,0.3511078493560909,0.5374267168300189,True
500,0.5,106,naive_ml,0.15172089817846365,0.017845256797109098,0.11674419485612983,0.18669760150079748,False
500,0.5,106,dml_if,0.5353975338508375,0.04278960043577383,0.45152991699672085,0.6192651507049542,True
500,0.5,106,dml_mult_boot,0.5353975338508375,0.041381763945468046,0.4541456264554927,0.6149304025955072,True
500,0.5,106,dml_fixed_nuis_boot,0.5353975338508375,0.04335591556325299,0.456097833081356,0.6292546715248166,True
500,0.5,106,dml_pairs_boot,0.5353975338508375,0.04286034647942684,0.46484111407421447,0.6221253556273977,True
500,0.5,107,naive_ml,0.1212142754747067,0.017887357841427066,0.08615505410550965,0.15627349684390374,False
500,0.5,107,dml_if,0.5027983252508752,0.04828808384251958,0.40815368091953685,0.5974429695822135,True
500,0.5,107,dml_mult_boot,0.5027983252508752,0.04665709399767072,0.4134645500725491,0.5914427391876389,True
500,0.5,107,dml_fixed_nuis_boot,0.5027983252508752,0.0473547804312764,0.4108989697334903,0.5925501750540425,True
500,0.5,107,dml_pairs_boot,0.5027983252508752,0.0455168051904473,0.4231110597113318,0.585839050505281,True
500,0.5,108,naive_ml,0.1439519648625198,0.018749019896054778,0.10720388586625243,0.18070004385878716,False
500,0.5,108,dml_if,0.4812476066931874,0.04604316903680735,0.391002995381045,0.5714922180053298,True
500,0.5,108,dml_mult_boot,0.4812476066931874,0.04756634917665942,0.3946503948712324,0.5777788525086305,True
500,0.5,108,dml_fixed_nuis_boot,0.4812476066931874,0.04588604810817645,0.3913658339767131,0.5633819982055239,True
500,0.5,108,dml_pairs_boot,0.4812476066931874,0.04822608862551945,0.38790442782908974,0.5641552416772899,True
500,0.5,109,naive_ml,0.13990452514996488,0.018427022345886782,0.10378756135202678,0.17602148894790298,False
500,0.5,109,dml_if,0.5137605487129169,0.04594891417195681,0.42370067693588154,0.6038204204899522,True
500,0.5,109,dml_mult_boot,0.5137605487129169,0.04626854553607689,0.4199724485171598,0.6004088911117561,True
500,0.5,109,dml_fixed_nuis_boot,0.5137605487129169,0.044924660517679,0.42483348000099735,0.5990551191002575,True
500,0.5,109,dml_pairs_boot,0.5137605487129169,0.04979816163752593,0.43163272245093337,0.6206828010057576,True
500,0.5,110,naive_ml,0.14351831271414003,0.016422130701169164,0.11133093653984846,0.1757056888884316,False
500,0.5,110,dml_if,0.5276149446126904,0.042814586484192174,0.4436983551036738,0.6115315341217071,True
500,0.5,110,dml_mult_boot,0.5276149446126904,0.043531738391201655,0.4446556673852137,0.6089953453425929,True
500,0.5,110,dml_fixed_nuis_boot,0.5276149446126904,0.044070333095726937,0.44588766676291425,0.6177692988383705,True
500,0.5,110,dml_pairs_boot,0.5276149446126904,0.04106540068755951,0.4622005203591531,0.6136487658326997,True
500,0.5,111,naive_ml,0.15321628992609715,0.017438110601125902,0.11903759314789039,0.1873949867043039,False
500,0.5,111,dml_if,0.4605574717670699,0.040706083592093836,0.380773547926566,0.5403413956075738,True
500,0.5,111,dml_mult_boot,0.4605574717670699,0.042152113740581844,0.372500805170437,0.5389659841131371,True
500,0.5,111,dml_fixed_nuis_boot,0.4605574717670699,0.038624190498814055,0.3916131533262114,0.5313330239902266,True
500,0.5,111,dml_pairs_boot,0.4605574717670699,0.046499360083102965,0.3759420815423021,0.5601573776382274,True
500,0.5,112,naive_ml,0.12912824433069198,0.017641305423286232,0.09455128570105097,0.16370520296033297,False
500,0.5,112,dml_if,0.4766898012631551,0.04666335136284387,0.38522963259198106,0.5681499699343291,True
500,0.5,112,dml_mult_boot,0.4766898012631551,0.048699058853742955,0.37978377266364355,0.5762101206870205,True
500,0.5,112,dml_fixed_nuis_boot,0.4766898012631551,0.04641233785330979,0.3804638293117565,0.5627649497447904,True
500,0.5,112,dml_pairs_boot,0.4766898012631551,0.04984592570341399,0.39122614476653883,0.5987084751551605,True
500,0.5,113,naive_ml,0.1626675662998538,0.021208987503775985,0.12109795079245286,0.20423718180725473,False
500,0.5,113,dml_if,0.4679934546534389,0.04338747103032652,0.3829540114339989,0.5530328978728789,True
500,0.5,113,dml_mult_boot,0.4679934546534389,0.04346273460175477,0.38743243174625464,0.5641309049463193,True
500,0.5,113,dml_fixed_nuis_boot,0.4679934546534389,0.041946915134260764,0.3855595738650371,0.5480197140426687,True
500,0.5,113,dml_pairs_boot,0.4679934546534389,0.038767767020328255,0.3978815063448263,0.5490375465090708,True
500,0.5,114,naive_ml,0.15793615408363187,0.017167981803316617,0.12428690974913131,0.19158539841813244,False
500,0.5,114,dml_if,0.5023886900110083,0.03896149620985123,0.42602415743969985,0.5787532225823167,True
500,0.5,114,dml_mult_boot,0.5023886900110083,0.03690402729101728,0.4284179574985394,0.5766019513882342,True
500,0.5,114,dml_fixed_nuis_boot,0.5023886900110083,0.03963876584458498,0.42414640141979454,0.5805001778749649,True
500,0.5,114,dml_pairs_boot,0.5023886900110083,0.03960793157718573,0.43850038542246594,0.5861772246363997,True
500,0.5,115,naive_ml,0.13732486911104622,0.018591062863240616,0.1008863858990946,0.17376335232299783,False
500,0.5,115,dml_if,0.5248241592298043,0.04540357517180937,0.43583315189305794,0.6138151665665507,True
500,0.5,115,dml_mult_boot,0.5248241592298043,0.04353930331958936,0.45098616464090463,0.6115127665927945,True
500,0.5,115,dml_fixed_nuis_boot,0.5248241592298043,0.04301176002832627,0.42846463719949224,0.6068818877858712,True
500,0.5,115,dml_pairs_boot,0.5248241592298043,0.047853646978800256,0.42799445730294,0.6073218881256987,True
500,0.5,116,naive_ml,0.12453960003195556,0.01730562706240094,0.09062057098964972,0.1584586290742614,False
500,0.5,116,dml_if,0.4771349489073111,0.04109030830833662,0.3965979446229714,0.5576719531916509,True
500,0.5,116,dml_mult_boot,0.4771349489073111,0.04183030696645127,0.398696764093779,0.554562960975023,True
500,0.5,116,dml_fixed_nuis_boot,0.4771349489073111,0.04038296882805945,0.39455809682510484,0.5551677769437787,True
500,0.5,116,dml_pairs_boot,0.4771349489073111,0.04053553590653108,0.39264517878921684,0.5389953574102081,True
500,0.5,117,naive_ml,0.15891372746421725,0.01815611197964893,0.12332774798410534,0.19449970694432916,False
500,0.5,117,dml_if,0.5712702828814162,0.044497383843516564,0.4840554105481238,0.6584851552147087,True
500,0.5,117,dml_mult_boot,0.5712702828814162,0.041161075614142485,0.48544838122371115,0.6497825133960645,True
500,0.5,117,dml_fixed_nuis_boot,0.5712702828814162,0.04747452884067849,0.4790453555039879,0.6621103211622421,True
500,0.5,117,dml_pairs_boot,0.5712702828814162,0.04322157870625348,0.4883322004769234,0.6474745549809697,True
500,0.5,118,naive_ml,0.14465638118355284,0.01897550501176716,0.10746439136048921,0.18184837100661647,False
500,0.5,118,dml_if,0.4580480690071687,0.046956357731536606,0.36601360785335696,0.5500825301609804,True
500,0.5,118,dml_mult_boot,0.4580480690071687,0.04680801548538704,0.37104194911803207,0.5465334019863345,True
500,0.5,118,dml_fixed_nuis_boot,0.4580480690071687,0.04600973230777664,0.3716743115531713,0.546999396352764,True
500,0.5,118,dml_pairs_boot,0.4580480690071687,0.047513663144293485,0.3724344986652528,0.5468737717454706,True
500,0.5,119,naive_ml,0.1211078630517714,0.01585278089279245,0.0900364125018982,0.1521793136016446,False
500,0.5,119,dml_if,0.48310396373537695,0.039995951151651166,0.4047118994781407,0.5614960279926132,True
500,0.5,119,dml_mult_boot,0.48310396373537695,0.037899703578778365,0.4054281990454683,0.5519009932222037,True
500,0.5,119,dml_fixed_nuis_boot,0.48310396373537695,0.040998010027519245,0.4054938114689797,0.5619059056223724,True
500,0.5,119,dml_pairs_boot,0.48310396373537695,0.040591897179175045,0.4086917673937671,0.5591618390299626,True
500,0.5,120,naive_ml,0.13790672734636641,0.020803570107263213,0.09713172993613052,0.17868172475660232,False
500,0.5,120,dml_if,0.4979007256930403,0.05117552766062691,0.39759669147821153,0.598204759907869,True
500,0.5,120,dml_mult_boot,0.4979007256930403,0.05196314393340065,0.3969649399760947,0.59160172828331,True
500,0.5,120,dml_fixed_nuis_boot,0.4979007256930403,0.05179258396807911,0.39508492181851196,0.5980561799252029,True
500,0.5,120,dml_pairs_boot,0.4979007256930403,0.05322745681234701,0.39533166201954834,0.5916406050319167,True
500,0.5,121,naive_ml,0.13782582473374463,0.016810593681340483,0.1048770611183173,0.17077458834917197,False
500,0.5,121,dml_if,0.5058853252271116,0.04352702440168394,0.4205723573998111,0.5911982930544122,True
500,0.5,121,dml_mult_boot,0.5058853252271116,0.043549405511541975,0.42318798681847364,0.5869883353113525,True
500,0.5,121,dml_fixed_nuis_boot,0.5058853252271116,0.04278554436226771,0.41807524637937415,0.5826512302907629,True
500,0.5,121,dml_pairs_boot,0.5058853252271116,0.043397604881457,0.4259210845730888,0.583061269602799,True
500,0.5,122,naive_ml,0.10971011705671573,0.017423786700833954,0.07555949512308117,0.1438607389903503,False
500,0.5,122,dml_if,0.4838851459772436,0.04735132992801156,0.3910765393183409,0.5766937526361462,True
500,0.5,122,dml_mult_boot,0.4838851459772436,0.04746731039778811,0.394998543039774,0.5778061280998761,True
500,0.5,122,dml_fixed_nuis_boot,0.4838851459772436,0.04827327364183264,0.39178790854708473,0.5778282578956784,True
500,0.5,122,dml_pairs_boot,0.4838851459772436,0.04509881995906654,0.40572525083498884,0.5803967398675928,True
500,0.5,123,naive_ml,0.134099668519827,0.017642770079454435,0.09951983916409629,0.1686794978755577,False
500,0.5,123,dml_if,0.500502228279057,0.044800838988194217,0.4126925838621963,0.5883118726959177,True
500,0.5,123,dml_mult_boot,0.500502228279057,0.04392738100347405,0.41197764378739876,0.584172906173272,True
500,0.5,123,dml_fixed_nuis_boot,0.500502228279057,0.04470973224788324,0.4118230823113139,0.5827165670120908,True
500,0.5,123,dml_pairs_boot,0.500502228279057,0.049415692142707426,0.3939264188742224,0.590152220377576,True
500,0.5,124,naive_ml,0.12566950620777698,0.016614970060067468,0.09310416489004475,0.1582348475255092,False
500,0.5,124,dml_if,0.4481798958103157,0.0443775596827974,0.3611998788320328,0.5351599127885986,True
500,0.5,124,dml_mult_boot,0.4481798958103157,0.04327303705303986,0.36563278209463795,0.528225513462143,True
500,0.5,124,dml_fixed_nuis_boot,0.4481798958103157,0.04527972250531829,0.36597887243192456,0.5383390323120764,True
500,0.5,124,dml_pairs_boot,0.4481798958103157,0.04423107396892048,0.35371820109470287,0.531521410149487,True
500,0.5,125,naive_ml,0.12142202620505309,0.01677220084777921,0.08854851254340584,0.15429553986670033,False
500,0.5,125,dml_if,0.4460768373624194,0.0438869466043027,0.3600584220179861,0.5320952527068527,True
500,0.5,125,dml_mult_boot,0.4460768373624194,0.043892428212890786,0.3547389176565198,0.5262523766887299,True
500,0.5,125,dml_fixed_nuis_boot,0.4460768373624194,0.04372877327956491,0.3534032876368066,0.5241696848922467,True
500,0.5,125,dml_pairs_boot,0.4460768373624194,0.042959228641464814,0.35975625876108863,0.5182487595671769,True
500,0.5,126,naive_ml,0.14201483606590815,0.018560841236165394,0.10563558724302397,0.17839408488879233,False
500,0.5,126,dml_if,0.5340431598116507,0.04375703726908885,0.44827936676423663,0.6198069528590648,True
500,0.5,126,dml_mult_boot,0.5340431598116507,0.045511438402843635,0.43710441566708835,0.6137705943303796,True
500,0.5,126,dml_fixed_nuis_boot,0.5340431598116507,0.045376230034743614,0.4517382896728043,0.6214309682595499,True
500,0.5,126,dml_pairs_boot,0.5340431598116507,0.04594739947862788,0.46274404392970114,0.6336002021204071,True
500,0.5,127,naive_ml,0.13942828245314276,0.01638710840160474,0.10730954998599747,0.17154701492028807,False
500,0.5,127,dml_if,0.521438970630307,0.04408275350959813,0.43503677375149463,0.6078411675091193,True
500,0.5,127,dml_mult_boot,0.521438970630307,0.046170075485112774,0.42770096824346815,0.6043390627621613,True
500,0.5,127,dml_fixed_nuis_boot,0.521438970630307,0.04620438970367041,0.43470527293063016,0.6154293659311364,True
500,0.5,127,dml_pairs_boot,0.521438970630307,0.03660850790724072,0.44525699534992724,0.5928607556614767,True
500,0.5,128,naive_ml,0.14551825117077796,0.01705449031238101,0.11209145015851119,0.17894505218304474,False
500,0.5,128,dml_if,0.5484137239538174,0.04170046942296452,0.4666808038848069,0.6301466440228278,True
500,0.5,128,dml_mult_boot,0.5484137239538174,0.03975788039981714,0.47151286839227796,0.622193052715059,True
500,0.5,128,dml_fixed_nuis_boot,0.5484137239538174,0.04147585286943844,0.4704010532231479,0.6303339977104356,True
500,0.5,128,dml_pairs_boot,0.5484137239538174,0.043471762335192385,0.4670604055294853,0.6388600492915144,True
500,0.5,129,naive_ml,0.12323520476293798,0.01821515718486717,0.08753349668059832,0.15893691284527764,False
500,0.5,129,dml_if,0.4653329601165149,0.04598016224424048,0.37521184211780356,0.5554540781152263,True
500,0.5,129,dml_mult_boot,0.4653329601165149,0.04506857589532062,0.3761076573669863,0.5661443940009352,True
500,0.5,129,dml_fixed_nuis_boot,0.4653329601165149,0.04507174959413012,0.37006431348414837,0.5483276358901134,True
500,0.5,129,dml_pairs_boot,0.4653329601165149,0.052650012500894516,0.34823802872817183,0.5571848801319657,True
500,0.5,130,naive_ml,0.15043091982981047,0.018721434420149553,0.11373690836631734,0.1871249312933036,False
500,0.5,130,dml_if,0.5591777849390449,0.05011265558770247,0.4609569799871481,0.6573985898909418,True
500,0.5,130,dml_mult_boot,0.5591777849390449,0.050193465468074114,0.45850708782176214,0.6584661723052877,True
500,0.5,130,dml_fixed_nuis_boot,0.5591777849390449,0.05040761830494931,0.45707742458732925,0.6524455137439864,True
500,0.5,130,dml_pairs_boot,0.5591777849390449,0.05226658768010873,0.4576724150813768,0.6511541596713736,True
500,0.5,131,naive_ml,0.1517405215789373,0.018253650142970132,0.11596336729871584,0.18751767585915877,False
500,0.5,131,dml_if,0.5426089249386619,0.043778220800552964,0.45680361216957804,0.6284142377077456,True
500,0.5,131,dml_mult_boot,0.5426089249386619,0.04362000668452118,0.4601890656546061,0.6269442846727498,True
500,0.5,131,dml_fixed_nuis_boot,0.5426089249386619,0.04192295164626771,0.4569862112437529,0.623541723323533,True
500,0.5,131,dml_pairs_boot,0.5426089249386619,0.04155646596666549,0.479248556944955,0.6326964621629445,True
500,0.5,132,naive_ml,0.17118590700908787,0.018061133403404123,0.13578608553841578,0.20658572847975995,False
500,0.5,132,dml_if,0.6493809537287871,0.04546572557837609,0.56026813159517,0.7384937758624043,False
500,0.5,132,dml_mult_boot,0.6493809537287871,0.04586522594368946,0.5627356348303021,0.7338313474537754,False
500,0.5,132,dml_fixed_nuis_boot,0.6493809537287871,0.04650333096897782,0.5631171259040251,0.7412559725841505,False
500,0.5,132,dml_pairs_boot,0.6493809537287871,0.050434031159403675,0.5518582468262954,0.7415318096251529,False
500,0.5,133,naive_ml,0.14907100527670678,0.0166039759874248,0.11652721234135416,0.1816147982120594,False
500,0.5,133,dml_if,0.5301000080855893,0.04173564059372742,0.4482981525218836,0.6119018636492951,True
500,0.5,133,dml_mult_boot,0.5301000080855893,0.042929584226561485,0.4443146041849409,0.6101399144322422,True
500,0.5,133,dml_fixed_nuis_boot,0.5301000080855893,0.041620664412483785,0.4460478607823599,0.6065034962634963,True
500,0.5,133,dml_pairs_boot,0.5301000080855893,0.043710896156832796,0.43635786800519566,0.6158204592849168,True
500,0.5,134,naive_ml,0.12234712011507116,0.015177017433334702,0.09260016594573514,0.1520940742844072,False
500,0.5,134,dml_if,0.4324652548556817,0.04371954585830385,0.34677494497340616,0.5181555647379572,True
500,0.5,134,dml_mult_boot,0.4324652548556817,0.044250298226108875,0.34858490113038937,0.5226612356366976,True
500,0.5,134,dml_fixed_nuis_boot,0.4324652548556817,0.04343830593452685,0.3484061511544959,0.5144367273964433,True
500,0.5,134,dml_pairs_boot,0.4324652548556817,0.05294620502192299,0.3396309587075389,0.5282938918906945,True
500,0.5,135,naive_ml,0.13449946608989857,0.016664214886616333,0.10183760491213056,0.16716132726766658,False
500,0.5,135,dml_if,0.5172147241876681,0.04658447871540957,0.42590914590546536,0.6085203024698709,True
500,0.5,135,dml_mult_boot,0.5172147241876681,0.04797346744196597,0.4256227156784186,0.6093896982017861,True
500,0.5,135,dml_fixed_nuis_boot,0.5172147241876681,0.046425172045856056,0.4295498338349956,0.6083727465197108,True
500,0.5,135,dml_pairs_boot,0.5172147241876681,0.045158091065073055,0.44842689817373066,0.6067071143307823,True
500,0.5,136,naive_ml,0.1425574937028998,0.018400514605791573,0.10649248507554832,0.1786225023302513,False
500,0.5,136,dml_if,0.49315601912800405,0.0490631105653942,0.3969923224198314,0.5893197158361767,True
500,0.5,136,dml_mult_boot,0.49315601912800405,0.051968650133354354,0.4007814634515107,0.6055869042030751,True
500,0.5,136,dml_fixed_nuis_boot,0.49315601912800405,0.051600552113692445,0.3872660045360254,0.5868850853037757,True
500,0.5,136,dml_pairs_boot,0.49315601912800405,0.055226334906738804,0.3971618809367832,0.6166950044647549,True
500,0.5,137,naive_ml,0.15478055916741654,0.019984760785423196,0.11561042802798707,0.193950690306846,False
500,0.5,137,dml_if,0.5422061188315933,0.047268920660446544,0.4495590343371181,0.6348532033260685,True
500,0.5,137,dml_mult_boot,0.5422061188315933,0.046209014783769056,0.45453483594277316,0.6368816155579354,True
500,0.5,137,dml_fixed_nuis_boot,0.5422061188315933,0.04595228730316588,0.4469272712892089,0.6405331231776564,True
500,0.5,137,dml_pairs_boot,0.5422061188315933,0.04375671330533825,0.4832604338579857,0.6334330459789899,True
500,0.5,138,naive_ml,0.11535574055493603,0.01925115048157632,0.07762348561104644,0.15308799549882562,False
500,0.5,138,dml_if,0.4525571618059717,0.046464363252125836,0.3614870098318051,0.5436273137801384,True
500,0.5,138,dml_mult_boot,0.4525571618059717,0.0446250727198076,0.3716346614424576,0.5423709217344546,True
500,0.5,138,dml_fixed_nuis_boot,0.4525571618059717,0.04588620451199971,0.3576037910949636,0.5428192534801913,True
500,0.5,138,dml_pairs_boot,0.4525571618059717,0.050463211834044085,0.35188704072391563,0.5527570541258964,True
500,0.5,139,naive_ml,0.12811863158357614,0.01873936480884815,0.09138947655823376,0.16484778660891852,False
500,0.5,139,dml_if,0.5208922886161779,0.050317358229133274,0.42227026648707666,0.6195143107452791,True
500,0.5,139,dml_mult_boot,0.5208922886161779,0.052065376488016464,0.4185274058983506,0.6211633536888557,True
500,0.5,139,dml_fixed_nuis_boot,0.5208922886161779,0.047595155419907116,0.4215158035929804,0.6034865411045698,True
500,0.5,139,dml_pairs_boot,0.5208922886161779,0.05121837224356547,0.425614017204873,0.6152951486226932,True
500,0.5,140,naive_ml,0.1293151966183363,0.01640963295935921,0.09715231601799224,0.16147807721868035,False
500,0.5,140,dml_if,0.4544280294167828,0.043198511858756145,0.36975894617362076,0.5390971126599449,True
500,0.5,140,dml_mult_boot,0.4544280294167828,0.044745916353188885,0.37160368722246445,0.5419827250426078,True
500,0.5,140,dml_fixed_nuis_boot,0.4544280294167828,0.0425252745184948,0.3752505818420943,0.5387689379995292,True
500,0.5,140,dml_pairs_boot,0.4544280294167828,0.04566896852671984,0.3936850030401479,0.5601957896049286,True
500,0.5,141,naive_ml,0.14665945581225787,0.019359949429597813,0.10871395493024616,0.18460495669426957,False
500,0.5,141,dml_if,0.5162950293843136,0.04942387004089443,0.4194242441041605,0.6131658146644667,True
500,0.5,141,dml_mult_boot,0.5162950293843136,0.048855628881470985,0.4284774879312492,0.608760604721767,True
500,0.5,141,dml_fixed_nuis_boot,0.5162950293843136,0.05101567626631976,0.41548048800985504,0.6130671502211075,True
500,0.5,141,dml_pairs_boot,0.5162950293843136,0.05188285010019965,0.4019952996699131,0.6230626444628203,True
500,0.5,142,naive_ml,0.11727040031338562,0.019913721817549863,0.07823950555098788,0.15630129507578336,False
500,0.5,142,dml_if,0.4507585707536113,0.0481946933389581,0.35629697180925346,0.5452201696979692,True
500,0.5,142,dml_mult_boot,0.4507585707536113,0.04933027712663372,0.35177374201906336,0.5487911090076031,True
500,0.5,142,dml_fixed_nuis_boot,0.4507585707536113,0.048700901307788216,0.3504505660072435,0.5441650961823477,True
500,0.5,142,dml_pairs_boot,0.4507585707536113,0.04612001386501688,0.3645731979512514,0.5346423861099809,True
500,0.5,143,naive_ml,0.15794899110166408,0.017383664202643777,0.12387700926448228,0.19202097293884587,False
500,0.5,143,dml_if,0.5297971434044063,0.03710513944148283,0.4570710700991,0.6025232167097127,True
500,0.5,143,dml_mult_boot,0.5297971434044063,0.03819497230200747,0.4567574878948656,0.601957358271366,True
500,0.5,143,dml_fixed_nuis_boot,0.5297971434044063,0.03781819861162257,0.46309730145343914,0.6089405812489589,True
500,0.5,143,dml_pairs_boot,0.5297971434044063,0.03980963680015224,0.4571228198292744,0.607933611136276,True
500,0.5,144,naive_ml,0.13619869339177992,0.018721354658590064,0.09950483826094339,0.17289254852261646,False
500,0.5,144,dml_if,0.4866594695758133,0.04473367201801635,0.39898147242050125,0.5743374667311253,True
500,0.5,144,dml_mult_boot,0.4866594695758133,0.044433910526443236,0.40119821123487853,0.5740971069780435,True
500,0.5,144,dml_fixed_nuis_boot,0.4866594695758133,0.043758167546157786,0.3976937498391348,0.5656297668720579,True
500,0.5,144,dml_pairs_boot,0.4866594695758133,0.049611457666787366,0.4088336933807176,0.6144733800305469,True
500,0.5,145,naive_ml,0.12660760333562632,0.01702719946327958,0.09323429238759834,0.1599809142836543,False
500,0.5,145,dml_if,0.47900193633378035,0.04613476799223697,0.38857779106899587,0.5694260815985648,True
500,0.5,145,dml_mult_boot,0.47900193633378035,0.047016827636704936,0.38299751064265647,0.5757715568159397,True
500,0.5,145,dml_fixed_nuis_boot,0.47900193633378035,0.047016658582455205,0.3917919785628614,0.5691701686948132,True
500,0.5,145,dml_pairs_boot,0.47900193633378035,0.049639828122667845,0.37024620280475706,0.5717673623975164,True
500,0.5,146,naive_ml,0.13394588240425218,0.016921000328749686,0.1007807217599028,0.16711104304860155,False
500,0.5,146,dml_if,0.5418011477485241,0.04880762490544739,0.4461382029338472,0.6374640925632009,True
500,0.5,146,dml_mult_boot,0.5418011477485241,0.04772744780890989,0.4485981712259833,0.631613394017738,True
500,0.5,146,dml_fixed_nuis_boot,0.5418011477485241,0.049548538341175154,0.4393635993156021,0.6414866978726749,True
500,0.5,146,dml_pairs_boot,0.5418011477485241,0.05234856467044816,0.43434515181359523,0.642985251699538,True
500,0.5,147,naive_ml,0.12798204792445944,0.016598559751970228,0.0954488708105978,0.16051522503832108,False
500,0.5,147,dml_if,0.48509627155630447,0.043682520586153635,0.39947853120744337,0.5707140119051656,True
500,0.5,147,dml_mult_boot,0.48509627155630447,0.04291333541640656,0.4003102764302401,0.5622601232759327,True
500,0.5,147,dml_fixed_nuis_boot,0.48509627155630447,0.044034486152770454,0.3994543931252877,0.5703087916181329,True
500,0.5,147,dml_pairs_boot,0.48509627155630447,0.0485467588722213,0.38900717505398896,0.5816041796248123,True
500,0.5,148,naive_ml,0.10240982681017428,0.01694984466759615,0.06918813126168583,0.13563152235866274,False
500,0.5,148,dml_if,0.44616331225114914,0.04955374432114573,0.3490379733817035,0.5432886511205948,True
500,0.5,148,dml_mult_boot,0.44616331225114914,0.052641969465391604,0.3447374870029843,0.5504182872728488,True
500,0.5,148,dml_fixed_nuis_boot,0.44616331225114914,0.04575362327928977,0.3648268947519916,0.5402785938656828,True
500,0.5,148,dml_pairs_boot,0.44616331225114914,0.05611570161429769,0.34106368509515766,0.5417419390835513,True
500,0.5,149,naive_ml,0.15801531470415067,0.018848120850991634,0.12107299783620706,0.19495763157209428,False
500,0.5,149,dml_if,0.5605174377051371,0.04656622128906194,0.46924764397857566,0.6517872314316985,True
500,0.5,149,dml_mult_boot,0.5605174377051371,0.04738881067835094,0.4674875805840697,0.6516734045586415,True
500,0.5,149,dml_fixed_nuis_boot,0.5605174377051371,0.04631607470721938,0.47520689243845154,0.648422650156605,True
500,0.5,149,dml_pairs_boot,0.5605174377051371,0.04808758619160878,0.4783651937846492,0.6441714353232615,True
500,0.5,150,naive_ml,0.14909652617994784,0.018166049927389506,0.11349106832226441,0.18470198403763127,False
500,0.5,150,dml_if,0.5737475589821796,0.04487051994354811,0.48580133989282526,0.6616937780715338,True
500,0.5,150,dml_mult_boot,0.5737475589821796,0.0440568633219916,0.4906821423306435,0.658538272004956,True
500,0.5,150,dml_fixed_nuis_boot,0.5737475589821796,0.04303540453726585,0.4913747129513925,0.6580581825270195,True
500,0.5,150,dml_pairs_boot,0.5737475589821796,0.047923174795805205,0.46298193463375276,0.6539800772604188,True
500,0.5,151,naive_ml,0.11905167311687503,0.015490741875614947,0.08868981904066973,0.14941352719308032,False
500,0.5,151,dml_if,0.47004876648827193,0.04570729732885471,0.3804624637237167,0.5596350692528271,True
500,0.5,151,dml_mult_boot,0.47004876648827193,0.04284864000481635,0.38846699366641635,0.5567683743694678,True
500,0.5,151,dml_fixed_nuis_boot,0.47004876648827193,0.0477726573186941,0.3788938721937306,0.5665684172228102,True
500,0.5,151,dml_pairs_boot,0.47004876648827193,0.05018091196274403,0.3723452053027372,0.555957515443091,True
500,0.5,152,naive_ml,0.12075917012975064,0.01769082933698954,0.08608514462925115,0.15543319563025013,False
500,0.5,152,dml_if,0.5103680469474265,0.048379889144575784,0.415543464224058,0.6051926296707951,True
500,0.5,152,dml_mult_boot,0.5103680469474265,0.04784767908486203,0.42518562219295486,0.6076882520560297,True
500,0.5,152,dml_fixed_nuis_boot,0.5103680469474265,0.04627483329331605,0.41943136352437865,0.6065800457274366,True
500,0.5,152,dml_pairs_boot,0.5103680469474265,0.05321831073447462,0.42768895294132264,0.623646785613601,True
500,0.5,153,naive_ml,0.1260350407426754,0.01873086925847647,0.08932253699606152,0.1627475444892893,False
500,0.5,153,dml_if,0.44336354633304836,0.04272098325570565,0.3596304191518653,0.5270966735142314,True
500,0.5,153,dml_mult_boot,0.44336354633304836,0.04311910551026799,0.355780008563167,0.5289637733717133,True
500,0.5,153,dml_fixed_nuis_boot,0.44336354633304836,0.04273539654778223,0.35709461502654427,0.5226137914576724,True
500,0.5,153,dml_pairs_boot,0.44336354633304836,0.0512033868621731,0.36513692514527113,0.5423980659962375,True
500,0.5,154,naive_ml,0.14608987427242878,0.016694906242909084,0.11336785803632698,0.17881189050853058,False
500,0.5,154,dml_if,0.5138896625661019,0.04025449856457042,0.4349908453795439,0.5927884797526599,True
500,0.5,154,dml_mult_boot,0.5138896625661019,0.040452033571334735,0.43703107540816083,0.5941658670590503,True
500,0.5,154,dml_fixed_nuis_boot,0.5138896625661019,0.039267820022589446,0.4414754384398045,0.5969816939961762,True
500,0.5,154,dml_pairs_boot,0.5138896625661019,0.04212861682665846,0.4294228737669036,0.583698920301866,True
500,0.5,155,naive_ml,0.14727376250818586,0.018950015139809883,0.11013173283415849,0.1844157921822132,False
500,0.5,155,dml_if,0.5067345420349821,0.04833261952999299,0.4120026077561959,0.6014664763137684,True
500,0.5,155,dml_mult_boot,0.5067345420349821,0.046437400473312705,0.4124352746071214,0.5984784859347586,True
500,0.5,155,dml_fixed_nuis_boot,0.5067345420349821,0.0503062430269206,0.42146494913550975,0.6118951893359139,True
500,0.5,155,dml_pairs_boot,0.5067345420349821,0.04635065358900676,0.4255478834807404,0.6095380162072317,True
500,0.5,156,naive_ml,0.12072351025491865,0.01595369265565179,0.08945427264984114,0.15199274785999617,False
500,0.5,156,dml_if,0.5647711686147132,0.04463628840474396,0.47728404334141505,0.6522582938880114,True
500,0.5,156,dml_mult_boot,0.5647711686147132,0.04453014870191245,0.4814674348999522,0.6510483464795278,True
500,0.5,156,dml_fixed_nuis_boot,0.5647711686147132,0.04591337146859475,0.4769110923428279,0.659566093399555,True
500,0.5,156,dml_pairs_boot,0.5647711686147132,0.045665592888349406,0.471282586439568,0.6535861313797625,True
500,0.5,157,naive_ml,0.12674339564838938,0.01676676666408411,0.09388053298678453,0.15960625830999423,False
500,0.5,157,dml_if,0.4846924604722484,0.043787373954715755,0.3988692075210055,0.5705157134234913,True
500,0.5,157,dml_mult_boot,0.4846924604722484,0.044123761114593436,0.3955478338870352,0.5698770300284668,True
500,0.5,157,dml_fixed_nuis_boot,0.4846924604722484,0.04350106552535161,0.40095569922933855,0.565203778675567,True
500,0.5,157,dml_pairs_boot,0.4846924604722484,0.04668030380760427,0.4106915581769124,0.5754232675227766,True
500,0.5,158,naive_ml,0.14023126386584586,0.01717521720937888,0.10656783813546326,0.17389468959622845,False
500,0.5,158,dml_if,0.5074320688797486,0.042280385625180175,0.4245625130543954,0.5903016247051017,True
500,0.5,158,dml_mult_boot,0.5074320688797486,0.042218669639015036,0.4248526437964992,0.5887531800644356,True
500,0.5,158,dml_fixed_nuis_boot,0.5074320688797486,0.042212524424976944,0.426917775931375,0.590286318538513,True
500,0.5,158,dml_pairs_boot,0.5074320688797486,0.046965333474152805,0.40069448359015264,0.5669946549588545,True
500,0.5,159,naive_ml,0.1515547528026933,0.016653369840904767,0.11891414791451994,0.18419535769086665,False
500,0.5,159,dml_if,0.5373700797217383,0.04292511733388965,0.4532368497473146,0.6215033096961621,True
500,0.5,159,dml_mult_boot,0.5373700797217383,0.0415793006227811,0.45779600102044843,0.6170352507961735,True
500,0.5,159,dml_fixed_nuis_boot,0.5373700797217383,0.043932127215070345,0.4460198670692719,0.6204400444465453,True
500,0.5,159,dml_pairs_boot,0.5373700797217383,0.04433330779458898,0.45580227877000135,0.6238284441916278,True
500,0.5,160,naive_ml,0.14737996662858677,0.02016715024380442,0.10785235215073011,0.18690758110644343,False
500,0.5,160,dml_if,0.5167124108745218,0.05054035676665641,0.41765331161187524,0.6157715101371684,True
500,0.5,160,dml_mult_boot,0.5167124108745218,0.052198794986296836,0.4169676372247066,0.618710292484228,True
500,0.5,160,dml_fixed_nuis_boot,0.5167124108745218,0.052265356036045416,0.4142802613031817,0.6181711570647201,True
500,0.5,160,dml_pairs_boot,0.5167124108745218,0.05672165788035273,0.3975611055556645,0.6138960051267262,True
500,0.5,161,naive_ml,0.14269690264587398,0.01817706716194741,0.10706985100845706,0.1783239542832909,False
500,0.5,161,dml_if,0.5885148642388961,0.045496882614066536,0.4993409743153257,0.6776887541624665,True
500,0.5,161,dml_mult_boot,0.5885148642388961,0.044784378193966815,0.5015718066640409,0.680595210273189,False
500,0.5,161,dml_fixed_nuis_boot,0.5885148642388961,0.044121999420677877,0.496832326941746,0.6700248881790067,True
500,0.5,161,dml_pairs_boot,0.5885148642388961,0.04655775002551682,0.497048452643069,0.6686635460206031,True
500,0.5,162,naive_ml,0.14949572896198104,0.016202841045920714,0.11773816051197644,0.18125329741198565,False
500,0.5,162,dml_if,0.46703453290944286,0.04162660844940792,0.38544638034860335,0.5486226854702824,True
500,0.5,162,dml_mult_boot,0.46703453290944286,0.0410950583233682,0.38601333208981553,0.5456698739920418,True
500,0.5,162,dml_fixed_nuis_boot,0.46703453290944286,0.04168440157180912,0.38698783333492043,0.5458422862887304,True
500,0.5,162,dml_pairs_boot,0.46703453290944286,0.04072049342236103,0.3977164712359319,0.5484456049113139,True
500,0.5,163,naive_ml,0.11597109954972905,0.017251355349269828,0.08215844306516018,0.14978375603429792,False
500,0.5,163,dml_if,0.419581652016693,0.0448939744515883,0.3315894620915799,0.5075738419418061,True
500,0.5,163,dml_mult_boot,0.419581652016693,0.043288268215330425,0.3338089835970202,0.5114909672699831,True
500,0.5,163,dml_fixed_nuis_boot,0.419581652016693,0.04269266073215053,0.3340650909025293,0.5006179122690404,True
500,0.5,163,dml_pairs_boot,0.419581652016693,0.04654601222539938,0.313428667083193,0.48102657653192143,False
500,0.5,164,naive_ml,0.13575604085427007,0.01719522494883438,0.10205339995455467,0.16945868175398546,False
500,0.5,164,dml_if,0.463484884655096,0.043325662904698,0.3785665853618879,0.5484031839483041,True
500,0.5,164,dml_mult_boot,0.463484884655096,0.04303185320944825,0.37400102319936235,0.5445267654879727,True
500,0.5,164,dml_fixed_nuis_boot,0.463484884655096,0.04593438132806722,0.37905258298900696,0.5671326563345715,True
500,0.5,164,dml_pairs_boot,0.463484884655096,0.047198872973413686,0.3813056096153091,0.5535961235178049,True
500,0.5,165,naive_ml,0.13585977206951838,0.01783167683474973,0.10090968547340892,0.17080985866562784,False
500,0.5,165,dml_if,0.5137508173918143,0.045462247198126526,0.42464481288348627,0.6028568219001422,True
500,0.5,165,dml_mult_boot,0.5137508173918143,0.04552271611274945,0.4263803639687666,0.6044164613618519,True
500,0.5,165,dml_fixed_nuis_boot,0.5137508173918143,0.04204284407834865,0.4335360496939534,0.5945298214235699,True
500,0.5,165,dml_pairs_boot,0.5137508173918143,0.04827893154431734,0.4292398176948916,0.6173887505773659,True
500,0.5,166,naive_ml,0.11258508597519933,0.017435115039281326,0.07841226049820793,0.14675791145219072,False
500,0.5,166,dml_if,0.4225087745936572,0.0469609922078514,0.3304652298662685,0.514552319321046,True
500,0.5,166,dml_mult_boot,0.4225087745936572,0.04751458653884233,0.3218820865950352,0.5069025810853078,True
500,0.5,166,dml_fixed_nuis_boot,0.4225087745936572,0.04783348706313855,0.3301258896143099,0.5159018338610069,True
500,0.5,166,dml_pairs_boot,0.4225087745936572,0.04799027743737507,0.3261436871191395,0.5260686671523477,True
500,0.5,167,naive_ml,0.13166782391674345,0.016753179085662616,0.09883159290884472,0.16450405492464218,False
500,0.5,167,dml_if,0.4315717315986988,0.04534590842316042,0.3426937510893044,0.5204497121080932,True
500,0.5,167,dml_mult_boot,0.4315717315986988,0.0430252812488604,0.3505201299674508,0.5112595099328882,True
500,0.5,167,dml_fixed_nuis_boot,0.4315717315986988,0.04572918599121367,0.34070297720450926,0.5234925616602684,True
500,0.5,167,dml_pairs_boot,0.4315717315986988,0.05171690376574059,0.3308687047085538,0.5249194025718159,True
500,0.5,168,naive_ml,0.13214864208792454,0.017026967201243266,0.09877578637348775,0.16552149780236133,False
500,0.5,168,dml_if,0.45852731684247344,0.047093178417976576,0.36622468714323936,0.5508299465417075,True
500,0.5,168,dml_mult_boot,0.45852731684247344,0.046541331596339955,0.37161203398317605,0.5493472489299276,True
500,0.5,168,dml_fixed_nuis_boot,0.45852731684247344,0.04795315963136419,0.36258831559953103,0.5560069881844787,True
500,0.5,168,dml_pairs_boot,0.45852731684247344,0.054826079318639885,0.3852671438899975,0.6087227018602381,True
500,0.5,169,naive_ml,0.14651765713188733,0.018970528833462796,0.10933542061830026,0.1836998936454744,False
500,0.5,169,dml_if,0.5317622743364836,0.04416613545448296,0.445196648845697,0.6183278998272702,True
500,0.5,169,dml_mult_boot,0.5317622743364836,0.04275218071941682,0.4516066573754726,0.6121177135148702,True
500,0.5,169,dml_fixed_nuis_boot,0.5317622743364836,0.042275146433223915,0.44462373357462387,0.6032431188742844,True
500,0.5,169,dml_pairs_boot,0.5317622743364836,0.047395559880660486,0.4313973312191041,0.6196755062653599,True
500,0.5,170,naive_ml,0.15935033106748941,0.018076878600592004,0.12391964901032909,0.19478101312464974,False
500,0.5,170,dml_if,0.5301753396147723,0.04484074386950036,0.44228748163055154,0.618063197598993,True
500,0.5,170,dml_mult_boot,0.5301753396147723,0.044554852584628324,0.44753563812558445,0.6152000521667857,True
500,0.5,170,dml_fixed_nuis_boot,0.5301753396147723,0.044111692435049206,0.44596432060909413,0.6151651264986957,True
500,0.5,170,dml_pairs_boot,0.5301753396147723,0.0482073535980369,0.49555959970059377,0.6808076759392646,True
500,0.5,171,naive_ml,0.1246601580770493,0.016066214703416196,0.09317037725835356,0.15614993889574505,False
500,0.5,171,dml_if,0.5037987772197946,0.04577813181950991,0.4140736388535552,0.593523915586034,True
500,0.5,171,dml_mult_boot,0.5037987772197946,0.04902417887892278,0.40613608104057347,0.5947550884771254,True
500,0.5,171,dml_fixed_nuis_boot,0.5037987772197946,0.04618722162963142,0.40779097056967833,0.5979669823367805,True
500,0.5,171,dml_pairs_boot,0.5037987772197946,0.04723286450252884,0.42082588092592677,0.595744087193538,True
500,0.5,172,naive_ml,0.17036187138817904,0.018014548878501145,0.13505335558631681,0.20567038719004127,False
500,0.5,172,dml_if,0.5178987665843016,0.03966360751997297,0.44015809584515453,0.5956394373234486,True
500,0.5,172,dml_mult_boot,0.5178987665843016,0.03970261523845979,0.4449953526596825,0.5994172731666868,True
500,0.5,172,dml_fixed_nuis_boot,0.5178987665843016,0.039033358603852736,0.4435369818373114,0.6004936171030755,True
500,0.5,172,dml_pairs_boot,0.5178987665843016,0.039875692097355496,0.4561796786156683,0.6154608531607257,True
500,0.5,173,naive_ml,0.1360860422492792,0.019717448526159673,0.09743984313800624,0.17473224136055215,False
500,0.5,173,dml_if,0.45948958285818964,0.04890628941142126,0.363633255611804,0.5553459101045753,True
500,0.5,173,dml_mult_boot,0.45948958285818964,0.050080351249674276,0.36230835265962613,0.5566621951054382,True
500,0.5,173,dml_fixed_nuis_boot,0.45948958285818964,0.04915034170624472,0.360638264691566,0.549421989527177,True
500,0.5,173,dml_pairs_boot,0.45948958285818964,0.049684362229930994,0.37612015236337465,0.5580570487946556,True
500,0.5,174,naive_ml,0.13942007976547188,0.01584636208522552,0.10836121007842986,0.1704789494525139,False
500,0.5,174,dml_if,0.4813819217898499,0.04137903922632772,0.40027900490624757,0.5624848386734522,True
500,0.5,174,dml_mult_boot,0.4813819217898499,0.04247773803076633,0.3952893471503262,0.5629967577274306,True
500,0.5,174,dml_fixed_nuis_boot,0.4813819217898499,0.040236997493259145,0.4054036786726393,0.5653260625346592,True
500,0.5,174,dml_pairs_boot,0.4813819217898499,0.04340896201682412,0.4006314643943047,0.5648850053788369,True
500,0.5,175,naive_ml,0.1455173811512348,0.017645799244282126,0.11093161463244183,0.18010314767002777,False
500,0.5,175,dml_if,0.5213147516381494,0.04420264558395196,0.4346775662936036,0.6079519369826953,True
500,0.5,175,dml_mult_boot,0.5213147516381494,0.043831447886993,0.4346070559465639,0.6001404791169003,True
500,0.5,175,dml_fixed_nuis_boot,0.5213147516381494,0.043553143386883146,0.4266403723810408,0.6034095971320931,True
500,0.5,175,dml_pairs_boot,0.5213147516381494,0.04202848224663027,0.4361867069407986,0.590731091267935,True
500,0.5,176,naive_ml,0.16145999043815953,0.017468639941864244,0.12722145615210562,0.19569852472421345,False
500,0.5,176,dml_if,0.5726469538959963,0.04230488529441334,0.4897293787189462,0.6555645290730464,True
500,0.5,176,dml_mult_boot,0.5726469538959963,0.042646673195847355,0.4854454790901305,0.6534621115676641,True
500,0.5,176,dml_fixed_nuis_boot,0.5726469538959963,0.043282408936873774,0.49465343807817397,0.655870840093266,True
500,0.5,176,dml_pairs_boot,0.5726469538959963,0.04233288654048415,0.49593245457553725,0.6553578697185378,True
500,0.5,177,naive_ml,0.14009076619409,0.01787643064275962,0.10505296213428114,0.17512857025389886,False
500,0.5,177,dml_if,0.5079546711146707,0.0469222213684848,0.41598711723244053,0.599922224996901,True
500,0.5,177,dml_mult_boot,0.5079546711146707,0.04641214716777243,0.41837906441679823,0.5965343496071231,True
500,0.5,177,dml_fixed_nuis_boot,0.5079546711146707,0.04683791996828876,0.42259363538732686,0.5961304550052772,True
500,0.5,177,dml_pairs_boot,0.5079546711146707,0.04360932461316948,0.4116133263321264,0.5782572250153729,True
500,0.5,178,naive_ml,0.12151803640310328,0.017328224123697413,0.08755471712065635,0.15548135568555022,False
500,0.5,178,dml_if,0.4726609757966688,0.045217013649076154,0.3840356290444796,0.5612863225488581,True
500,0.5,178,dml_mult_boot,0.4726609757966688,0.044597385831335316,0.3853305825292283,0.5560530455694399,True
500,0.5,178,dml_fixed_nuis_boot,0.4726609757966688,0.04707527443744956,0.3812753110220998,0.562175463730396,True
500,0.5,178,dml_pairs_boot,0.4726609757966688,0.0482460066604333,0.38851439881680644,0.5798057830570518,True
500,0.5,179,naive_ml,0.14033521572614688,0.01884291514953738,0.10340310203305361,0.17726732941924014,False
500,0.5,179,dml_if,0.49424966811152693,0.04520062799695646,0.4056564372374923,0.5828428989855616,True
500,0.5,179,dml_mult_boot,0.49424966811152693,0.04694336657135799,0.41320213100089365,0.5791643923470803,True
500,0.5,179,dml_fixed_nuis_boot,0.49424966811152693,0.043365151353309386,0.4081444345698291,0.5702465575465057,True
500,0.5,179,dml_pairs_boot,0.49424966811152693,0.044357392043282186,0.4149805815504539,0.5791309763970377,True
500,0.5,180,naive_ml,0.154741497115451,0.01855567663787343,0.11837237090521907,0.1911106233256829,False
500,0.5,180,dml_if,0.5401072977923814,0.04565163725661531,0.4506300887694154,0.6295845068153474,True
500,0.5,180,dml_mult_boot,0.5401072977923814,0.04627253359556844,0.4489701383260497,0.6357793482186025,True
500,0.5,180,dml_fixed_nuis_boot,0.5401072977923814,0.047880174956696976,0.4488799825693871,0.6316942273331106,True
500,0.5,180,dml_pairs_boot,0.5401072977923814,0.052708458819120695,0.45372664211834995,0.6602757828703062,True
500,0.5,181,naive_ml,0.1270092949435229,0.016875030665452068,0.09393423483923684,0.16008435504780893,False
500,0.5,181,dml_if,0.4574275411700442,0.039896879495682595,0.37922965735850633,0.535625424981582,True
500,0.5,181,dml_mult_boot,0.4574275411700442,0.04044621642166622,0.37938442266894756,0.5306709036596038,True
500,0.5,181,dml_fixed_nuis_boot,0.4574275411700442,0.04075031279954857,0.3781013392999832,0.535710489781121,True
500,0.5,181,dml_pairs_boot,0.4574275411700442,0.04566126652935461,0.35523931514218965,0.5317116277507917,True
500,0.5,182,naive_ml,0.10031171634914336,0.01567746105200378,0.06958389268721596,0.13103954001107077,False
500,0.5,182,dml_if,0.4165720925658918,0.044786919941407995,0.3287897294807321,0.5043544556510514,True
500,0.5,182,dml_mult_boot,0.4165720925658918,0.04140903122976869,0.3297215597594541,0.4951805390262741,False
500,0.5,182,dml_fixed_nuis_boot,0.4165720925658918,0.045096345638702906,0.32961739347503705,0.5064789989523011,True
500,0.5,182,dml_pairs_boot,0.4165720925658918,0.050832312313803404,0.3303906548654457,0.5051152998517883,True
500,0.5,183,naive_ml,0.13178701286475059,0.01820708074279453,0.0961011346088733,0.16747289112062785,False
500,0.5,183,dml_if,0.4571110889508099,0.04764070775905556,0.363735301743061,0.5504868761585587,True
500,0.5,183,dml_mult_boot,0.4571110889508099,0.047691886893920475,0.35673449956289677,0.548426660985682,True
500,0.5,183,dml_fixed_nuis_boot,0.4571110889508099,0.047841807008121934,0.3675093276492984,0.5600911290266912,True
500,0.5,183,dml_pairs_boot,0.4571110889508099,0.04570641694988801,0.37708787521708387,0.5424629372674478,True
500,0.5,184,naive_ml,0.1266931073123492,0.016948893741823273,0.09347327557837559,0.1599129390463228,False
500,0.5,184,dml_if,0.5009231385970297,0.04532147691449467,0.4120930438446202,0.5897532333494393,True
500,0.5,184,dml_mult_boot,0.5009231385970297,0.04297516886116474,0.4158870421818969,0.5831570867773546,True
500,0.5,184,dml_fixed_nuis_boot,0.5009231385970297,0.047322131700020344,0.40892937058719675,0.5891421016125067,True
500,0.5,184,dml_pairs_boot,0.5009231385970297,0.047779521611895165,0.380826735319517,0.5732001531179173,True
500,0.5,185,naive_ml,0.1373940412019048,0.01708103788146729,0.1039152069542289,0.17087287544958069,False
500,0.5,185,dml_if,0.4715730944755102,0.04831776513304953,0.3768702748147331,0.5662759141362873,True
500,0.5,185,dml_mult_boot,0.4715730944755102,0.04992433612320244,0.37160133340865165,0.564332136090977,True
500,0.5,185,dml_fixed_nuis_boot,0.4715730944755102,0.04882089467965307,0.3815959351354555,0.5713384862014786,True
500,0.5,185,dml_pairs_boot,0.4715730944755102,0.05233527956064072,0.4132111099539341,0.5980229516280364,True
500,0.5,186,naive_ml,0.120195635447724,0.01729854197755211,0.08629049317172187,0.15410077772372616,False
500,0.5,186,dml_if,0.5213876185288759,0.0437890048576621,0.43556116900785824,0.6072140680498936,True
500,0.5,186,dml_mult_boot,0.5213876185288759,0.04395366612876941,0.44194916786850214,0.6107722249197529,True
500,0.5,186,dml_fixed_nuis_boot,0.5213876185288759,0.04561099099839,0.42891628504363927,0.609791781299436,True
500,0.5,186,dml_pairs_boot,0.5213876185288759,0.04625325140385778,0.44626854234093083,0.6244246975804529,True
500,0.5,187,naive_ml,0.17128286271832346,0.018512111872556695,0.13499912344811235,0.20756660198853458,False
500,0.5,187,dml_if,0.5461703606178222,0.04174114277827192,0.4643577207724092,0.6279830004632352,True
500,0.5,187,dml_mult_boot,0.5461703606178222,0.04208269194594323,0.4680751996275136,0.6297441566489559,True
500,0.5,187,dml_fixed_nuis_boot,0.5461703606178222,0.04241289804373255,0.4698116017326908,0.6266278453442157,True
500,0.5,187,dml_pairs_boot,0.5461703606178222,0.042317526024054815,0.4555879252263143,0.616345569409876,True
500,0.5,188,naive_ml,0.13422621929073464,0.017932314164312048,0.09907888352868302,0.16937355505278626,False
500,0.5,188,dml_if,0.47172640498686913,0.04465479602031041,0.3842030047870607,0.5592498051866776,True
500,0.5,188,dml_mult_boot,0.47172640498686913,0.044019042369015306,0.3828160355328393,0.5580180013733704,True
500,0.5,188,dml_fixed_nuis_boot,0.47172640498686913,0.045257530468284166,0.37874280473279553,0.5619631268798593,True
500,0.5,188,dml_pairs_boot,0.47172640498686913,0.043634539199746414,0.4003136519494694,0.5628399829532198,True
500,0.5,189,naive_ml,0.123170922181906,0.016732136374698205,0.09037593488749752,0.1559659094763145,False
500,0.5,189,dml_if,0.4741695001995285,0.04507474514750282,0.385822999710423,0.562516000688634,True
500,0.5,189,dml_mult_boot,0.4741695001995285,0.0449852289574102,0.3896027017303,0.5608259268427063,True
500,0.5,189,dml_fixed_nuis_boot,0.4741695001995285,0.04584425417877067,0.3710280157395547,0.5589745445910268,True
500,0.5,189,dml_pairs_boot,0.4741695001995285,0.050932469197334365,0.3773501434634239,0.562091293726689,True
500,0.5,190,naive_ml,0.13989672049569452,0.015984997965850872,0.10856612448262681,0.17122731650876222,False
500,0.5,190,dml_if,0.47262341163499316,0.0430501172475112,0.3882451818298712,0.5570016414401151,True
500,0.5,190,dml_mult_boot,0.47262341163499316,0.042411131435130645,0.3962199064480207,0.5545571656374562,True
500,0.5,190,dml_fixed_nuis_boot,0.47262341163499316,0.042320728573547045,0.3934283081815242,0.5588531616116473,True
500,0.5,190,dml_pairs_boot,0.47262341163499316,0.044699907592789245,0.40382991201209406,0.5505921214074817,True
500,0.5,191,naive_ml,0.1466191589490307,0.017684310548409764,0.11195791027414756,0.18128040762391381,False
500,0.5,191,dml_if,0.5024262395295852,0.041453877412743576,0.4211766398006078,0.5836758392585626,True
500,0.5,191,dml_mult_boot,0.5024262395295852,0.04027240432660712,0.4236479016198672,0.5796408972502962,True
500,0.5,191,dml_fixed_nuis_boot,0.5024262395295852,0.03974323551687583,0.42115315000542347,0.5832011926123295,True
500,0.5,191,dml_pairs_boot,0.5024262395295852,0.03976519981880989,0.44217169519447824,0.5928925118414657,True
500,0.5,192,naive_ml,0.15677295614183273,0.019421341961940466,0.11870712589642943,0.19483878638723603,False
500,0.5,192,dml_if,0.5459809018410445,0.0502856464431139,0.44742103481254125,0.6445407688695478,True
500,0.5,192,dml_mult_boot,0.5459809018410445,0.04983584331099395,0.4479344647193762,0.6515348685319726,True
500,0.5,192,dml_fixed_nuis_boot,0.5459809018410445,0.052034068771230804,0.44345601230313,0.652239634540513,True
500,0.5,192,dml_pairs_boot,0.5459809018410445,0.0539432915545299,0.4228042949902002,0.6292806346073312,True
500,0.5,193,naive_ml,0.175963748255254,0.01928959656306521,0.13815613899164617,0.2137713575188618,False
500,0.5,193,dml_if,0.520591641393572,0.04215778697719228,0.43796237891827505,0.6032209038688688,True
500,0.5,193,dml_mult_boot,0.520591641393572,0.04377801064436876,0.439222584449941,0.6118154981308446,True
500,0.5,193,dml_fixed_nuis_boot,0.520591641393572,0.042767139459906095,0.4410394730942428,0.6036299706789199,True
500,0.5,193,dml_pairs_boot,0.520591641393572,0.037960299145900225,0.4277261692006819,0.5721793574083012,True
500,0.5,194,naive_ml,0.1228239677239343,0.01650188965748811,0.0904802639952576,0.15516767145261098,False
500,0.5,194,dml_if,0.42211939705526225,0.04089948541909482,0.3419564056338364,0.502282388476688,True
500,0.5,194,dml_mult_boot,0.42211939705526225,0.0417811210148264,0.34531923270595466,0.5008447424308122,True
500,0.5,194,dml_fixed_nuis_boot,0.42211939705526225,0.04121255149230547,0.33811981871789204,0.5072732958121237,True
500,0.5,194,dml_pairs_boot,0.42211939705526225,0.040873361733703505,0.34745704427357793,0.5029568954011305,True
500,0.5,195,naive_ml,0.15288132936346702,0.01775479686400411,0.11808192751001896,0.1876807312169151,False
500,0.5,195,dml_if,0.5144464864273376,0.044439242681170894,0.42734557077224267,0.6015474020824325,True
500,0.5,195,dml_mult_boot,0.5144464864273376,0.042581750357729146,0.425521864890335,0.5889703110046381,True
500,0.5,195,dml_fixed_nuis_boot,0.5144464864273376,0.046234700847825654,0.4312480817978781,0.6097317656723931,True
500,0.5,195,dml_pairs_boot,0.5144464864273376,0.04783489419195416,0.43643943415427106,0.6123950002023952,True
500,0.5,196,naive_ml,0.16583180656515928,0.016570764297083894,0.13335310854287485,0.1983105045874437,False
500,0.5,196,dml_if,0.5841639364531453,0.03897741881673407,0.5077681955723465,0.6605596773339442,False
500,0.5,196,dml_mult_boot,0.5841639364531453,0.03784336849702135,0.5098895252023768,0.6617381913965927,False
500,0.5,196,dml_fixed_nuis_boot,0.5841639364531453,0.04021140244105786,0.5145815062637885,0.6645696965083424,False
500,0.5,196,dml_pairs_boot,0.5841639364531453,0.041562705516546325,0.5037075140090718,0.659583657934751,False
500,0.5,197,naive_ml,0.12247033510486188,0.016319332908435444,0.09048444260432842,0.15445622760539535,False
500,0.5,197,dml_if,0.5004523736363017,0.04498737327454678,0.41227712201819,0.5886276252544134,True
500,0.5,197,dml_mult_boot,0.5004523736363017,0.04443767268284573,0.4147055510253507,0.5911537052680219,True
500,0.5,197,dml_fixed_nuis_boot,0.5004523736363017,0.04390301699158626,0.41865915336119264,0.5848995870561762,True
500,0.5,197,dml_pairs_boot,0.5004523736363017,0.048136407570944395,0.4162514791553448,0.6142113687829023,True
500,0.5,198,naive_ml,0.16798879847464307,0.018720555536555133,0.131296509622995,0.20468108732629114,False
500,0.5,198,dml_if,0.5553189674732089,0.043858827511644015,0.4693556655503866,0.6412822693960312,True
500,0.5,198,dml_mult_boot,0.5553189674732089,0.04435151646319164,0.46700888697513937,0.6423845870253873,True
500,0.5,198,dml_fixed_nuis_boot,0.5553189674732089,0.043552149241450504,0.4672030338224352,0.6404451238340493,True
500,0.5,198,dml_pairs_boot,0.5553189674732089,0.04483449797483304,0.4739840930564449,0.6405477905801622,True
500,0.5,199,naive_ml,0.11177324578925266,0.0169847815535403,0.07848307394431367,0.14506341763419164,False
500,0.5,199,dml_if,0.46018570426703576,0.049412751354696124,0.36333671161183134,0.5570346969222402,True
500,0.5,199,dml_mult_boot,0.46018570426703576,0.050719797826510836,0.36357603068620725,0.556644003877259,True
500,0.5,199,dml_fixed_nuis_boot,0.46018570426703576,0.047903371762515225,0.3737631736068123,0.5622241180638695,True
500,0.5,199,dml_pairs_boot,0.46018570426703576,0.04968991902722588,0.38934820640318296,0.5680323636559428,True
1000,0.0,0,naive_ml,0.010178351782333322,0.017133525740643533,-0.023403358669328,0.043760062233994645,True
1000,0.0,0,dml_if,0.02573828018801441,0.033273115175748415,-0.03947702555645248,0.0909535859324813,True
1000,0.0,0,dml_mult_boot,0.02573828018801441,0.0333212768875122,-0.03704809514360623,0.09250522738863275,True
1000,0.0,0,dml_fixed_nuis_boot,0.02573828018801441,0.034785881343249815,-0.046084929000023096,0.09178580461700059,True
1000,0.0,0,dml_pairs_boot,0.02573828018801441,0.034207636322634655,-0.05016507297589159,0.08049724282864444,True
1000,0.0,1,naive_ml,-0.019396464595706736,0.016719612651104984,-0.052166905391872506,0.013373976200459034,True
1000,0.0,1,dml_if,-0.06116815306230574,0.03278988403881189,-0.12543632577837704,0.003100019653765558,True
1000,0.0,1,dml_mult_boot,-0.06116815306230574,0.03339100121107387,-0.1214902785794978,0.0064885446646598755,True
1000,0.0,1,dml_fixed_nuis_boot,-0.06116815306230574,0.03243765447894845,-0.12316189158969594,0.0048856270795909805,True
1000,0.0,1,dml_pairs_boot,-0.06116815306230574,0.03100011327300261,-0.12002040994393996,0.0005646725486871556,True
1000,0.0,2,naive_ml,-0.0034512607559449115,0.015821310261981195,-0.034461028869428055,0.02755850735753823,True
1000,0.0,2,dml_if,-0.04422634621797364,0.030316553515050748,-0.1036467911074731,0.015194098671525824,True
1000,0.0,2,dml_mult_boot,-0.04422634621797364,0.030232225814727672,-0.10497158486439913,0.0186372376218745,True
1000,0.0,2,dml_fixed_nuis_boot,-0.04422634621797364,0.030794200118503166,-0.10614154660906164,0.014773302984662675,True
1000,0.0,2,dml_pairs_boot,-0.04422634621797364,0.028415466521619873,-0.09909983735883124,0.010615340056877925,True
1000,0.0,3,naive_ml,0.013615371592630399,0.01611568747556906,-0.01797137585948496,0.045202119044745755,True
1000,0.0,3,dml_if,-0.006475130016289986,0.032778236629633924,-0.07072047381037247,0.057770213777792505,True
1000,0.0,3,dml_mult_boot,-0.006475130016289986,0.033465301724126754,-0.06882788696824621,0.058588212171467396,True
1000,0.0,3,dml_fixed_nuis_boot,-0.006475130016289986,0.031867237454097606,-0.06859890898225561,0.053013248718273114,True
1000,0.0,3,dml_pairs_boot,-0.006475130016289986,0.033964893704048156,-0.058414639218870586,0.06348518797260796,True
1000,0.0,4,naive_ml,0.015281305128980268,0.01524994111362251,-0.014608579453719852,0.04517118971168039,True
1000,0.0,4,dml_if,0.03181028609554998,0.032118117431523076,-0.031141224070235243,0.0947617962613352,True
1000,0.0,4,dml_mult_boot,0.03181028609554998,0.03240008124583265,-0.024961656111408798,0.09753284380929717,True
1000,0.0,4,dml_fixed_nuis_boot,0.03181028609554998,0.032474917450958755,-0.031464228414640784,0.0947798511867789,True
1000,0.0,4,dml_pairs_boot,0.03181028609554998,0.032257410321900416,-0.037197720476180855,0.08036972349518673,True
1000,0.0,5,naive_ml,0.002937464059337718,0.016284668297830658,-0.02898048580441037,0.034855413923085804,True
1000,0.0,5,dml_if,-0.01449341186842079,0.033689382932774035,-0.0805246024166579,0.05153777867981632,True
1000,0.0,5,dml_mult_boot,-0.01449341186842079,0.033589889800089284,-0.07898893120922747,0.04774911105333216,True
1000,0.0,5,dml_fixed_nuis_boot,-0.01449341186842079,0.0334807084159927,-0.07507413113709216,0.05697803402319142,True
1000,0.0,5,dml_pairs_boot,-0.01449341186842079,0.03305772524523194,-0.07840562316546294,0.04731685994634617,True
1000,0.0,6,naive_ml,0.012574784220161206,0.014920700324023485,-0.01666978841492483,0.041819356855247236,True
1000,0.0,6,dml_if,-0.002754135574941559,0.028977676435486155,-0.05955038138849442,0.0540421102386113,True
1000,0.0,6,dml_mult_boot,-0.002754135574941559,0.029262526123399,-0.05700795461809091,0.054155660076044075,True
1000,0.0,6,dml_fixed_nuis_boot,-0.002754135574941559,0.029649707376359937,-0.06380021430536838,0.05355165381218807,True
1000,0.0,6,dml_pairs_boot,-0.002754135574941559,0.029115612863451264,-0.0638087916313262,0.04966497346193796,True
1000,0.0,7,naive_ml,0.025337825726634296,0.015549520233656215,-0.005139233931331887,0.05581488538460048,True
1000,0.0,7,dml_if,0.03947735340823626,0.031019394599244535,-0.021320660006283028,0.10027536682275554,True
1000,0.0,7,dml_mult_boot,0.03947735340823626,0.03052022045302947,-0.020063528653103818,0.09701315803944598,True
1000,0.0,7,dml_fixed_nuis_boot,0.03947735340823626,0.03134805115076642,-0.02297371583382315,0.10083028142262622,True
1000,0.0,7,dml_pairs_boot,0.03947735340823626,0.02804401321943414,-0.019072606543152106,0.09121164068295597,True
1000,0.0,8,naive_ml,0.005145773595797523,0.015725082191414774,-0.025675387499375434,0.03596693469097048,True
1000,0.0,8,dml_if,0.0019879839390794184,0.03193959247581225,-0.06061361731351259,0.06458958519167143,True
1000,0.0,8,dml_mult_boot,0.0019879839390794184,0.03126527369257804,-0.06100874688169998,0.05580544723591839,True
1000,0.0,8,dml_fixed_nuis_boot,0.0019879839390794184,0.030856545230838636,-0.05612488505659069,0.06141968180574753,True
1000,0.0,8,dml_pairs_boot,0.0019879839390794184,0.03181056454058327,-0.07005058114386571,0.05789657439393953,True
1000,0.0,9,naive_ml,0.006738767623881644,0.01442155832998396,-0.021527486702886917,0.03500502195065021,True
1000,0.0,9,dml_if,-0.020206303442885272,0.03041622185807214,-0.07982209828470667,0.039409491398936125,True
1000,0.0,9,dml_mult_boot,-0.020206303442885272,0.029526680124732887,-0.07459826045069659,0.038635932778529544,True
1000,0.0,9,dml_fixed_nuis_boot,-0.020206303442885272,0.031299100383834995,-0.07878630606667954,0.04299055729723564,True
1000,0.0,9,dml_pairs_boot,-0.020206303442885272,0.0303452789929038,-0.08488911599028169,0.034316696825567726,True
1000,0.0,10,naive_ml,0.028178250609561663,0.015157866491143287,-0.001531167713079179,0.057887668932202506,True
1000,0.0,10,dml_if,0.05001076493357523,0.03098363734775859,-0.010717164268031605,0.11073869413518206,True
1000,0.0,10,dml_mult_boot,0.05001076493357523,0.03209399176242544,-0.012523813387055535,0.11430955692606554,True
1000,0.0,10,dml_fixed_nuis_boot,0.05001076493357523,0.03324428199956576,-0.013906883795887552,0.11643646013266767,True
1000,0.0,10,dml_pairs_boot,0.05001076493357523,0.02900081305406899,0.004789072026562625,0.10526623721511365,False
1000,0.0,11,naive_ml,0.0016736499122755304,0.015472455892947939,-0.028652363637902432,0.03199966346245349,True
1000,0.0,11,dml_if,-0.018226204636640327,0.032031953171414745,-0.08100883285261323,0.04455642357933257,True
1000,0.0,11,dml_mult_boot,-0.018226204636640327,0.03048374363755567,-0.08182153965317626,0.0400533763813346,True
1000,0.0,11,dml_fixed_nuis_boot,-0.018226204636640327,0.032774900903405846,-0.07777604603461669,0.04896007919179518,True
1000,0.0,11,dml_pairs_boot,-0.018226204636640327,0.032260169983244484,-0.06970516080131912,0.05288777332939975,True
1000,0.0,12,naive_ml,-0.001808676311423505,0.016930053349907666,-0.03499158087724253,0.031374228254395516,True
1000,0.0,12,dml_if,-0.007729766288077522,0.032206212308371326,-0.07085394241248531,0.055394409836330274,True
1000,0.0,12,dml_mult_boot,-0.007729766288077522,0.03324833485166601,-0.07262240778927626,0.055589650743063275,True
1000,0.0,12,dml_fixed_nuis_boot,-0.007729766288077522,0.03219678818179387,-0.06622333276492855,0.049040004069740094,True
1000,0.0,12,dml_pairs_boot,-0.007729766288077522,0.03415987058225675,-0.07386426857050334,0.060315822167125215,True
1000,0.0,13,naive_ml,0.026115004056717822,0.015788965398629298,-0.0048313681245956,0.057061376238031244,True
1000,0.0,13,dml_if,0.05523652755234267,0.03270813046750343,-0.008871408163964041,0.11934446326864939,True
1000,0.0,13,dml_mult_boot,0.05523652755234267,0.033035812070171824,-0.009636382482649126,0.12012100073543201,True
1000,0.0,13,dml_fixed_nuis_boot,0.05523652755234267,0.034671382272575026,-0.011240222997728299,0.12851220142131245,True
1000,0.0,13,dml_pairs_boot,0.05523652755234267,0.03499126435004508,-0.013239936113607248,0.11116907557795247,True
1000,0.0,14,naive_ml,0.02970750069505162,0.01543023609508214,-0.0005357620513093721,0.05995076344141262,True
1000,0.0,14,dml_if,0.0612331921402754,0.0325101399167025,-0.0024866820964615025,0.12495306637701231,True
1000,0.0,14,dml_mult_boot,0.0612331921402754,0.032342626386299596,0.00010212405735123274,0.12676905239985292,False
1000,0.0,14,dml_fixed_nuis_boot,0.0612331921402754,0.032237078276798274,-0.006985853602980597,0.12085736579856113,True
1000,0.0,14,dml_pairs_boot,0.0612331921402754,0.0349638109435008,-0.018331293634216213,0.11799701613071627,True
1000,0.0,15,naive_ml,-0.000917553272688485,0.015763605211449348,-0.03181421948712921,0.029979112941752237,True
1000,0.0,15,dml_if,-0.030445392036235475,0.030340202652938835,-0.08991218923599559,0.02902140516352464,True
1000,0.0,15,dml_mult_boot,-0.030445392036235475,0.030729278901269537,-0.08806069558785994,0.031236716312070253,True
1000,0.0,15,dml_fixed_nuis_boot,-0.030445392036235475,0.030755969744426435,-0.0891538959681488,0.027956787277516267,True
1000,0.0,15,dml_pairs_boot,-0.030445392036235475,0.03002385554006051,-0.10022585012153697,0.0068231138824587844,True
1000,0.0,16,naive_ml,0.013523472976554348,0.015302727478338607,-0.01646987288098932,0.04351681883409802,True
1000,0.0,16,dml_if,-0.009198250883380159,0.030057513428611494,-0.06811097720345868,0.049714475436698366,True
1000,0.0,16,dml_mult_boot,-0.009198250883380159,0.02905139758104881,-0.07089096254515356,0.0498564090919598,True
1000,0.0,16,dml_fixed_nuis_boot,-0.009198250883380159,0.030674362254909698,-0.07051097779993859,0.052066141311400256,True
1000,0.0,16,dml_pairs_boot,-0.009198250883380159,0.02783918095425795,-0.06461801878409873,0.03878744499865649,True
1000,0.0,17,naive_ml,-0.01493393461583971,0.015932911326570844,-0.04616244081591857,0.016294571584239144,True
1000,0.0,17,dml_if,-0.050790488885455176,0.03292494346989514,-0.11532337808644966,0.013742400315539305,True
1000,0.0,17,dml_mult_boot,-0.050790488885455176,0.03382728768743494,-0.11671685048181961,0.010897933054557926,True
1000,0.0,17,dml_fixed_nuis_boot,-0.050790488885455176,0.0322540240902694,-0.11845311084331857,0.008178977943067541,True
1000,0.0,17,dml_pairs_boot,-0.050790488885455176,0.03689012255880995,-0.12096798174578781,0.02233469201349481,True
1000,0.0,18,naive_ml,0.01701095699962835,0.016120354401872244,-0.014584937628041247,0.04860685162729794,True
1000,0.0,18,dml_if,0.012636951748137806,0.03239424767974367,-0.05085577370415979,0.07612967720043541,True
1000,0.0,18,dml_mult_boot,0.012636951748137806,0.03010862759100878,-0.04627595163228687,0.0704347144989785,True
1000,0.0,18,dml_fixed_nuis_boot,0.012636951748137806,0.03256328604757766,-0.04573911972345335,0.07888191625093964,True
1000,0.0,18,dml_pairs_boot,0.012636951748137806,0.032754973905722476,-0.06786840503854571,0.05998614963551042,True
1000,0.0,19,naive_ml,0.011549142283703972,0.016038422328320968,-0.019886165479805127,0.042984450047213074,True
1000,0.0,19,dml_if,0.00913048508383078,0.03227783249471501,-0.05413406660581063,0.0723950367734722,True
1000,0.0,19,dml_mult_boot,0.00913048508383078,0.03352354184337379,-0.054066043687068084,0.07891316381784641,True
1000,0.0,19,dml_fixed_nuis_boot,0.00913048508383078,0.03201406425132934,-0.055240078654886164,0.07229501699468244,True
1000,0.0,19,dml_pairs_boot,0.00913048508383078,0.03380183217435153,-0.05266116751121125,0.06586909599073702,True
1000,0.0,20,naive_ml,-0.006777814900387892,0.015996728804810952,-0.03813140335781735,0.02457577355704157,True
1000,0.0,20,dml_if,-0.03413467886952319,0.030616149752012746,-0.09414233238346817,0.025872974644421787,True
1000,0.0,20,dml_mult_boot,-0.03413467886952319,0.03165453856774361,-0.09433232225592529,0.028296599615706634,True
1000,0.0,20,dml_fixed_nuis_boot,-0.03413467886952319,0.03097164789292987,-0.09633467143643008,0.023984845044213523,True
1000,0.0,20,dml_pairs_boot,-0.03413467886952319,0.02860619156060969,-0.09209097517300918,0.02390694756729542,True
1000,0.0,21,naive_ml,-0.0010043243716382712,0.015166555025116919,-0.030730772220867432,0.028722123477590893,True
1000,0.0,21,dml_if,-0.029542697656622624,0.02924058753959334,-0.08685424923422558,0.027768853920980323,True
1000,0.0,21,dml_mult_boot,-0.029542697656622624,0.029721001888507,-0.08701616333513382,0.03302069675554985,True
1000,0.0,21,dml_fixed_nuis_boot,-0.029542697656622624,0.029415578449973254,-0.08676743153642871,0.029305062192254587,True
1000,0.0,21,dml_pairs_boot,-0.029542697656622624,0.03216580565467678,-0.10740397763960703,0.03687743875716808,True
1000,0.0,22,naive_ml,0.0030212826084744762,0.016466691532145177,-0.029253432794530073,0.03529599801147903,True
1000,0.0,22,dml_if,-0.00808866233563388,0.03216339993125723,-0.07112892620089806,0.0549516015296303,True
1000,0.0,22,dml_mult_boot,-0.00808866233563388,0.03320742724955315,-0.06565576526886904,0.06008659073699933,True
1000,0.0,22,dml_fixed_nuis_boot,-0.00808866233563388,0.032615597139884475,-0.08132373846965424,0.05382811952340717,True
1000,0.0,22,dml_pairs_boot,-0.00808866233563388,0.031361221978273665,-0.07523010821848754,0.040107488358457836,True
1000,0.0,23,naive_ml,0.0026444954692270246,0.015249039778087052,-0.027243622495823596,0.032532613434277644,True
1000,0.0,23,dml_if,-0.020180162079622428,0.029123855453453716,-0.07726291876839171,0.036902594609146855,True
1000,0.0,23,dml_mult_boot,-0.020180162079622428,0.029854572056173766,-0.07917307556266012,0.03806172889244177,True
1000,0.0,23,dml_fixed_nuis_boot,-0.020180162079622428,0.02865190882410064,-0.07770888110342258,0.033546239275875564,True
1000,0.0,23,dml_pairs_boot,-0.020180162079622428,0.02702737474302951,-0.07983533966803567,0.018827877487108784,True
1000,0.0,24,naive_ml,-0.009708570405620781,0.015861282244188535,-0.04079668360423031,0.021379542792988745,True
1000,0.0,24,dml_if,-0.029303799375704976,0.03364435829162121,-0.09524674162728254,0.036639142875872596,True
1000,0.0,24,dml_mult_boot,-0.029303799375704976,0.03380753032485238,-0.09885955651628588,0.03445450701921053,True
1000,0.0,24,dml_fixed_nuis_boot,-0.029303799375704976,0.033560160646213796,-0.09241694025477169,0.03598278193417709,True
1000,0.0,24,dml_pairs_boot,-0.029303799375704976,0.036281143400434146,-0.10964444951327923,0.03454970108937577,True
1000,0.0,25,naive_ml,0.007839149790107995,0.016036717465363347,-0.023592816442004165,0.03927111602222016,True
1000,0.0,25,dml_if,-0.007296500209916632,0.030841612349037713,-0.06774606041403054,0.05315305999419728,True
1000,0.0,25,dml_mult_boot,-0.007296500209916632,0.03060164095328073,-0.05893551943942192,0.05570586945414522,True
1000,0.0,25,dml_fixed_nuis_boot,-0.007296500209916632,0.031000188824148043,-0.06551707320448476,0.052430313096459305,True
1000,0.0,25,dml_pairs_boot,-0.007296500209916632,0.030948477265997518,-0.0576209818830937,0.05238500463431392,True
1000,0.0,26,naive_ml,0.022601817488712653,0.015047434173588928,-0.006891153491521647,0.052094788468946954,True
1000,0.0,26,dml_if,0.04077665838787235,0.03118566484110739,-0.020347244700698132,0.10190056147644283,True
1000,0.0,26,dml_mult_boot,0.04077665838787235,0.031446702395688045,-0.024751893671150462,0.0985966751598433,True
1000,0.0,26,dml_fixed_nuis_boot,0.04077665838787235,0.030347405150498753,-0.01771785456612818,0.1031505950219471,True
1000,0.0,26,dml_pairs_boot,0.04077665838787235,0.0334874206586746,-0.01823680593384512,0.0969822007669979,True
1000,0.0,27,naive_ml,-0.0011796192401644131,0.01550774948567956,-0.03157480823209635,0.029215569751767523,True
1000,0.0,27,dml_if,-0.02542953520336672,0.030245677004194334,-0.08471106213158762,0.033851991724854175,True
1000,0.0,27,dml_mult_boot,-0.02542953520336672,0.030479774461271723,-0.08880774983084595,0.03415993700812305,True
1000,0.0,27,dml_fixed_nuis_boot,-0.02542953520336672,0.030377466355519744,-0.0820526197732484,0.03510101090344125,True
1000,0.0,27,dml_pairs_boot,-0.02542953520336672,0.03172767111546252,-0.09864878337124956,0.022140288292103818,True
1000,0.0,28,naive_ml,0.022007705256320852,0.015972263430854235,-0.009297931068153447,0.05331334158079515,True
1000,0.0,28,dml_if,0.02881219326890665,0.0326855869996355,-0.03525155725037894,0.09287594378819224,True
1000,0.0,28,dml_mult_boot,0.02881219326890665,0.032076724022540484,-0.03154290912074547,0.09278160065232022,True
1000,0.0,28,dml_fixed_nuis_boot,0.02881219326890665,0.03138870820571178,-0.030988537342042835,0.09447905850913875,True
1000,0.0,28,dml_pairs_boot,0.02881219326890665,0.03165232859876009,-0.04211302635271573,0.07416143668855107,True
1000,0.0,29,naive_ml,0.022647576649578997,0.015254683525266,-0.007251603059942362,0.05254675635910036,True
1000,0.0,29,dml_if,0.030772113430376502,0.03339753072385011,-0.034687046788369716,0.09623127364912272,True
1000,0.0,29,dml_mult_boot,0.030772113430376502,0.03368202490812826,-0.03408098935233306,0.08885904150415018,True
1000,0.0,29,dml_fixed_nuis_boot,0.030772113430376502,0.03364123648207876,-0.032998424989398485,0.09896507115633815,True
1000,0.0,29,dml_pairs_boot,0.030772113430376502,0.033016102889634816,-0.024686245656976614,0.10300472759925525,True
1000,0.0,30,naive_ml,-0.0035396914085310377,0.015153829152941532,-0.03324119654829644,0.026161813731234364,True
1000,0.0,30,dml_if,-0.01560220722059625,0.029908942684206075,-0.07422373488164016,0.04301932044044766,True
1000,0.0,30,dml_mult_boot,-0.01560220722059625,0.030891363237515932,-0.07302440611191556,0.04418353546203548,True
1000,0.0,30,dml_fixed_nuis_boot,-0.01560220722059625,0.029610052120354356,-0.07061672037692823,0.0427052529074142,True
1000,0.0,30,dml_pairs_boot,-0.01560220722059625,0.034764650239670424,-0.09593789365696334,0.040203325209285413,True
1000,0.0,31,naive_ml,0.017766397151675613,0.01545510097745787,-0.01252560076414181,0.048058395067493036,True
1000,0.0,31,dml_if,0.033768743561469645,0.02989661854128801,-0.024828628779454853,0.09236611590239414,True
1000,0.0,31,dml_mult_boot,0.033768743561469645,0.0286543104463052,-0.026726677391682857,0.088053963348017,True
1000,0.0,31,dml_fixed_nuis_boot,0.033768743561469645,0.030860833566944905,-0.02823146186965015,0.09041273884586179,True
1000,0.0,31,dml_pairs_boot,0.033768743561469645,0.027875542682537197,-0.01865731048747495,0.08251212120547902,True
1000,0.0,32,naive_ml,-0.013993470053877811,0.015529066911858706,-0.04443044120112087,0.016443501093365252,True
1000,0.0,32,dml_if,-0.04744202661030089,0.032236404681376035,-0.11062537978579792,0.01574132656519614,True
1000,0.0,32,dml_mult_boot,-0.04744202661030089,0.030316802824308414,-0.10315006268946272,0.022033656871029303,True
1000,0.0,32,dml_fixed_nuis_boot,-0.04744202661030089,0.03143766116738432,-0.11212781711726895,0.011423846338465006,True
1000,0.0,32,dml_pairs_boot,-0.04744202661030089,0.031455087950074095,-0.1157610823435039,0.0013162693242096991,True
1000,0.0,33,naive_ml,0.010784085739184974,0.0160337593668138,-0.020642082619770068,0.04221025409814002,True
1000,0.0,33,dml_if,0.012857195589434637,0.03147801353028902,-0.04883971092993184,0.07455410210880112,True
1000,0.0,33,dml_mult_boot,0.012857195589434637,0.03141314329953847,-0.050232762596142365,0.07208701913440965,True
1000,0.0,33,dml_fixed_nuis_boot,0.012857195589434637,0.030963668851386794,-0.050551387573630445,0.07280886789368565,True
1000,0.0,33,dml_pairs_boot,0.012857195589434637,0.035562082104681134,-0.06178829341392404,0.06727025672572215,True
1000,0.0,34,naive_ml,0.01540094423542457,0.015366920291082746,-0.014718219535097611,0.045520108005946754,True
1000,0.0,34,dml_if,0.012292664762036377,0.029407040389566538,-0.04534513440151404,0.06993046392558679,True
1000,0.0,34,dml_mult_boot,0.012292664762036377,0.02970666899046494,-0.03905781840813982,0.06919944324981435,True
1000,0.0,34,dml_fixed_nuis_boot,0.012292664762036377,0.028319704534459107,-0.04436776170961741,0.0640333894987598,True
1000,0.0,34,dml_pairs_boot,0.012292664762036377,0.03298103360352678,-0.043357148649484326,0.08069149850404338,True
1000,0.0,35,naive_ml,0.010437082750206965,0.01667219723281155,-0.022240423826103674,0.043114589326517606,True
1000,0.0,35,dml_if,0.011647383566692595,0.03090923718005189,-0.04893472130620911,0.0722294884395943,True
1000,0.0,35,dml_mult_boot,0.011647383566692595,0.031222972961750684,-0.046150631462621314,0.07570502756001664,True
1000,0.0,35,dml_fixed_nuis_boot,0.011647383566692595,0.030413947786171052,-0.049550140495691015,0.06949300069291411,True
1000,0.0,35,dml_pairs_boot,0.011647383566692595,0.03957827762451615,-0.06607925352600431,0.08395918469712749,True
1000,0.0,36,naive_ml,-0.011522173954678753,0.015011820811933304,-0.04094534274606803,0.017900994836710524,True
1000,0.0,36,dml_if,-0.04259874083649752,0.032945112603749216,-0.10717116153984599,0.021973679866850948,True
1000,0.0,36,dml_mult_boot,-0.04259874083649752,0.03352786083618589,-0.11016462103201069,0.027398932583203667,True
1000,0.0,36,dml_fixed_nuis_boot,-0.04259874083649752,0.032395764204414826,-0.10806517550464499,0.01868251487332069,True
1000,0.0,36,dml_pairs_boot,-0.04259874083649752,0.029471754089231618,-0.0900721168961398,0.023580656703473705,True
1000,0.0,37,naive_ml,0.011135150996619903,0.015561555431180927,-0.01936549764849471,0.04163579964173452,True
1000,0.0,37,dml_if,0.002723080627768491,0.029551726010429873,-0.055198302352674054,0.06064446360821104,True
1000,0.0,37,dml_mult_boot,0.002723080627768491,0.03251168851880427,-0.05928224026668141,0.06235046533168239,True
1000,0.0,37,dml_fixed_nuis_boot,0.002723080627768491,0.029794786160393667,-0.05233505920333156,0.06296807570424619,True
1000,0.0,37,dml_pairs_boot,0.002723080627768491,0.03081534109273755,-0.05967075474459932,0.05612605853022047,True
1000,0.0,38,naive_ml,-0.0009354449624834119,0.015552451761767535,-0.03141825041554778,0.029547360490580956,True
1000,0.0,38,dml_if,-0.02266380964357651,0.030719861391462235,-0.0828747379708425,0.03754711868368947,True
1000,0.0,38,dml_mult_boot,-0.02266380964357651,0.031265173181074496,-0.08359589875930568,0.03716929096449534,True
1000,0.0,38,dml_fixed_nuis_boot,-0.02266380964357651,0.030993624625536953,-0.08444859261881743,0.03611568770614072,True
1000,0.0,38,dml_pairs_boot,-0.02266380964357651,0.033813987984861786,-0.0899983424263928,0.0423153098953233,True
1000,0.0,39,naive_ml,0.022525018928705707,0.015405794808260155,-0.007670338895484196,0.052720376752895606,True
1000,0.0,39,dml_if,0.05226423601978925,0.030908314309929553,-0.00831606002767267,0.11284453206725117,True
1000,0.0,39,dml_mult_boot,0.05226423601978925,0.0313712113524274,-0.007788942715259216,0.11157157263099389,True
1000,0.0,39,dml_fixed_nuis_boot,0.05226423601978925,0.032346521960494784,-0.012038131060948476,0.1130780651662047,True
1000,0.0,39,dml_pairs_boot,0.05226423601978925,0.029541812041769113,0.0036113659749078897,0.11282131977869898,False
1000,0.0,40,naive_ml,0.011243039588631477,0.015610884919993354,-0.019354294854555497,0.04184037403181845,True
1000,0.0,40,dml_if,0.01464020523595366,0.032822551289552596,-0.049691995291569424,0.07897240576347675,True
1000,0.0,40,dml_mult_boot,0.01464020523595366,0.033213598864216855,-0.04684985990352154,0.08256858565643037,True
1000,0.0,40,dml_fixed_nuis_boot,0.01464020523595366,0.03247320655455295,-0.0497272533552481,0.07720816155040869,True
1000,0.0,40,dml_pairs_boot,0.01464020523595366,0.03526796968537404,-0.07115014805174182,0.06731931620120854,True
1000,0.0,41,naive_ml,0.017990538223905013,0.015562120808683818,-0.01251121856111527,0.048492295008925296,True
1000,0.0,41,dml_if,0.0279451220583487,0.03106131048451353,-0.03293504649129782,0.08882529060799522,True
1000,0.0,41,dml_mult_boot,0.0279451220583487,0.03074724535834597,-0.034976084414129735,0.09053046883047361,True
1000,0.0,41,dml_fixed_nuis_boot,0.0279451220583487,0.030189350983079132,-0.03256753210519345,0.08298914067628936,True
1000,0.0,41,dml_pairs_boot,0.0279451220583487,0.034715805869183235,-0.027475910928752876,0.09594863190470726,True
1000,0.0,42,naive_ml,0.009809665630230755,0.015769104548338655,-0.021097779284513007,0.04071711054497452,True
1000,0.0,42,dml_if,0.0032544410470355073,0.03294044833981753,-0.061308837699006864,0.06781771979307788,True
1000,0.0,42,dml_mult_boot,0.0032544410470355073,0.0342707818004627,-0.0667673706497924,0.0688450015011871,True
1000,0.0,42,dml_fixed_nuis_boot,0.0032544410470355073,0.03371435546871239,-0.058524310625009804,0.07403394172865531,True
1000,0.0,42,dml_pairs_boot,0.0032544410470355073,0.031056081321677295,-0.05768206834023826,0.054004571566037184,True
1000,0.0,43,naive_ml,-0.000760058311796,0.01496112372992297,-0.030083860822445022,0.028563744198853023,True
1000,0.0,43,dml_if,-0.023158065061895817,0.032371365510734995,-0.0866059414629364,0.040289811339144777,True
1000,0.0,43,dml_mult_boot,-0.023158065061895817,0.032086449930791516,-0.08756314929781917,0.03725531046777943,True
1000,0.0,43,dml_fixed_nuis_boot,-0.023158065061895817,0.03232756217077607,-0.09112746519170037,0.03704147326109935,True
1000,0.0,43,dml_pairs_boot,-0.023158065061895817,0.031381170009502815,-0.08112378013144028,0.03447676287269418,True
1000,0.0,44,naive_ml,0.004671140090641062,0.01490979963098977,-0.024552067186098887,0.03389434736738101,True
1000,0.0,44,dml_if,0.005233204182996807,0.03155024401459365,-0.05660527408560674,0.06707168245160036,True
1000,0.0,44,dml_mult_boot,0.005233204182996807,0.0323764539582767,-0.05237022328276592,0.06540824181243052,True
1000,0.0,44,dml_fixed_nuis_boot,0.005233204182996807,0.03168521378977751,-0.060269353035341165,0.0660814647740393,True
1000,0.0,44,dml_pairs_boot,0.005233204182996807,0.030760438950603486,-0.06562019922619065,0.05017725402119946,True
1000,0.0,45,naive_ml,0.01817842074205189,0.016090326831224588,-0.013358619847148302,0.049715461331252084,True
1000,0.0,45,dml_if,0.021081553827832167,0.030514018690329863,-0.03872592280521436,0.0808890304608787,True
1000,0.0,45,dml_mult_boot,0.021081553827832167,0.028033813890559464,-0.03501957404081759,0.07447765558947247,True
1000,0.0,45,dml_fixed_nuis_boot,0.021081553827832167,0.03061375548527394,-0.03904801052676946,0.07993830509917293,True
1000,0.0,45,dml_pairs_boot,0.021081553827832167,0.0341404611667752,-0.044870955863791404,0.08018358951854199,True
1000,0.0,46,naive_ml,0.0002629627186622728,0.015372189684812852,-0.029866529063570915,0.030392454500895463,True
1000,0.0,46,dml_if,-0.004371118700230216,0.031800164592975785,-0.06669944130246276,0.057957203902002326,True
1000,0.0,46,dml_mult_boot,-0.004371118700230216,0.033332678565192835,-0.06537796531267458,0.05828134732063615,True
1000,0.0,46,dml_fixed_nuis_boot,-0.004371118700230216,0.032174126381609956,-0.06513491518732345,0.06058322382644554,True
1000,0.0,46,dml_pairs_boot,-0.004371118700230216,0.0330431608595452,-0.06473952502161591,0.05688023727796949,True
1000,0.0,47,naive_ml,0.010018162048368405,0.014647978584725635,-0.01869187597769384,0.038728200074430646,True
1000,0.0,47,dml_if,0.017473230092215207,0.028110927392261537,-0.037624187596617405,0.07257064778104783,True
1000,0.0,47,dml_mult_boot,0.017473230092215207,0.026466769396961236,-0.033584000940144916,0.0679547915851247,True
1000,0.0,47,dml_fixed_nuis_boot,0.017473230092215207,0.02811415705609443,-0.0371068232190399,0.06967000498906581,True
1000,0.0,47,dml_pairs_boot,0.017473230092215207,0.034283997362076254,-0.04294434132386629,0.08549559923539429,True
1000,0.0,48,naive_ml,0.020349982965171383,0.01704933210609101,-0.013066707962767002,0.05376667389310977,True
1000,0.0,48,dml_if,0.01810927286741411,0.03243998404341543,-0.045473095857680126,0.08169164159250834,True
1000,0.0,48,dml_mult_boot,0.01810927286741411,0.03286564255731591,-0.05064700142184743,0.07675649295293968,True
1000,0.0,48,dml_fixed_nuis_boot,0.01810927286741411,0.03197565298594855,-0.04092757083738368,0.07854766446135858,True
1000,0.0,48,dml_pairs_boot,0.01810927286741411,0.03697829740951268,-0.03460084176991202,0.09765220482972507,True
1000,0.0,49,naive_ml,0.029345705516595856,0.014775073371346672,0.0003865617087563805,0.05830484932443533,False
1000,0.0,49,dml_if,0.04526018430005847,0.030031525789913763,-0.013601606248172499,0.10412197484828944,True
1000,0.0,49,dml_mult_boot,0.04526018430005847,0.02918137425274206,-0.01338571502273767,0.09681482756190753,True
1000,0.0,49,dml_fixed_nuis_boot,0.04526018430005847,0.028913932286638362,-0.008203494672282827,0.1037965186025091,True
1000,0.0,49,dml_pairs_boot,0.04526018430005847,0.026475234629516124,-0.009044290502419294,0.09059278208692569,True
1000,0.0,50,naive_ml,0.001563692100406228,0.01701820811383398,-0.03179199580270837,0.03491938000352083,True
1000,0.0,50,dml_if,-0.01556871516479645,0.03206511434824147,-0.07841633928734973,0.04727890895775683,True
1000,0.0,50,dml_mult_boot,-0.01556871516479645,0.033810256112227155,-0.07906311154925905,0.052567780854402155,True
1000,0.0,50,dml_fixed_nuis_boot,-0.01556871516479645,0.03151185696122933,-0.07881390962429266,0.04119622822910724,True
1000,0.0,50,dml_pairs_boot,-0.01556871516479645,0.03232563329710013,-0.07145752153450209,0.04848026823060613,True
1000,0.0,51,naive_ml,0.013702794621220624,0.015496451278863508,-0.016670249885351852,0.0440758391277931,True
1000,0.0,51,dml_if,0.021767347624708597,0.03287551612242753,-0.04266866397524935,0.08620335922466654,True
1000,0.0,51,dml_mult_boot,0.021767347624708597,0.03171077871499408,-0.039536349223385114,0.08103548113164884,True
1000,0.0,51,dml_fixed_nuis_boot,0.021767347624708597,0.032028801926917545,-0.04541524121188934,0.07977125072897932,True
1000,0.0,51,dml_pairs_boot,0.021767347624708597,0.03180776115166172,-0.038093366717278455,0.0734497374256769,True
1000,0.0,52,naive_ml,-0.0005587010605149196,0.015374211197256564,-0.030692155007137786,0.029574752886107943,True
1000,0.0,52,dml_if,-0.04125853424864682,0.03004885332523721,-0.10015428676611174,0.01763721826881811,True
1000,0.0,52,dml_mult_boot,-0.04125853424864682,0.030446296367698345,-0.09813095663019096,0.017752988914946536,True
1000,0.0,52,dml_fixed_nuis_boot,-0.04125853424864682,0.030722860350008003,-0.10259174118323594,0.012510951150660851,True
1000,0.0,52,dml_pairs_boot,-0.04125853424864682,0.03265021426789739,-0.11161416924950943,0.024965064261104213,True
1000,0.0,53,naive_ml,0.02174397468620311,0.015310069113095792,-0.008263760775464642,0.05175171014787086,True
1000,0.0,53,dml_if,0.032767441475538,0.030693973216885103,-0.027392746029556804,0.09292762898063281,True
1000,0.0,53,dml_mult_boot,0.032767441475538,0.029087850055703312,-0.02078040152873252,0.0946920630153785,True
1000,0.0,53,dml_fixed_nuis_boot,0.032767441475538,0.030873663055247778,-0.02591148442452134,0.09190669066493722,True
1000,0.0,53,dml_pairs_boot,0.032767441475538,0.028908147879076845,-0.021920393238189492,0.08324498281613495,True
1000,0.0,54,naive_ml,0.00985477545961841,0.017765555752100357,-0.02496571381449829,0.04467526473373511,True
1000,0.0,54,dml_if,-0.006419356306892846,0.03652561474333813,-0.07800956120383558,0.06517084859004989,True
1000,0.0,54,dml_mult_boot,-0.006419356306892846,0.03671438252951386,-0.07914956538315789,0.07033176027617451,True
1000,0.0,54,dml_fixed_nuis_boot,-0.006419356306892846,0.03409322519668696,-0.07345846308865739,0.06017109824761054,True
1000,0.0,54,dml_pairs_boot,-0.006419356306892846,0.0347637041362644,-0.07227595935269208,0.04717955391093009,True
1000,0.0,55,naive_ml,-0.005735437241525188,0.016699873685283438,-0.038467189664680726,0.026996315181630353,True
1000,0.0,55,dml_if,-0.038264876147673335,0.03153742461359142,-0.10007822839031252,0.023548476094965853,True
1000,0.0,55,dml_mult_boot,-0.038264876147673335,0.030824603694034648,-0.10023606565139018,0.022124147192210748,True
1000,0.0,55,dml_fixed_nuis_boot,-0.038264876147673335,0.03147870842074815,-0.10024224504686945,0.02029894696130194,True
1000,0.0,55,dml_pairs_boot,-0.038264876147673335,0.037924043062094404,-0.11456583170670014,0.020143216023276265,True
1000,0.0,56,naive_ml,0.00647497469766675,0.016151041680963037,-0.0251810669970208,0.038131016392354306,True
1000,0.0,56,dml_if,-0.011909160259332073,0.0316857577182005,-0.07401324538700506,0.05019492486834091,True
1000,0.0,56,dml_mult_boot,-0.011909160259332073,0.03187320050254193,-0.07161216361485676,0.0501896026543895,True
1000,0.0,56,dml_fixed_nuis_boot,-0.011909160259332073,0.03197815437499575,-0.06827214499491378,0.054228459420688026,True
1000,0.0,56,dml_pairs_boot,-0.011909160259332073,0.029021177108855753,-0.06324888975179446,0.03682083092859182,True
1000,0.0,57,naive_ml,0.014958969929333335,0.016583970486987516,-0.017545612225162197,0.04746355208382887,True
1000,0.0,57,dml_if,0.019285046483795962,0.03308561001370744,-0.045562749143070624,0.08413284211066255,True
1000,0.0,57,dml_mult_boot,0.019285046483795962,0.03268675421268233,-0.04379317791361416,0.08433942723459366,True
1000,0.0,57,dml_fixed_nuis_boot,0.019285046483795962,0.03358094955519458,-0.04371495146244338,0.08298314479588297,True
1000,0.0,57,dml_pairs_boot,0.019285046483795962,0.03697966372093748,-0.03613543304689987,0.09386836818733664,True
1000,0.0,58,naive_ml,0.0008425327007994994,0.014592827410649128,-0.027759409024072795,0.02944447442567179,True
1000,0.0,58,dml_if,-0.017791492731884673,0.027843627269641458,-0.07236500218038193,0.03678201671661259,True
1000,0.0,58,dml_mult_boot,-0.017791492731884673,0.02776340312827112,-0.07248862713433342,0.033150838838978805,True
1000,0.0,58,dml_fixed_nuis_boot,-0.017791492731884673,0.02823532515472482,-0.07245063939943537,0.03863261612707285,True
1000,0.0,58,dml_pairs_boot,-0.017791492731884673,0.029858840468502935,-0.06931557662287405,0.03612436406246995,True
1000,0.0,59,naive_ml,0.0025296249552954233,0.015436880302736575,-0.027726660438068262,0.03278591034865911,True
1000,0.0,59,dml_if,-0.003036015734202252,0.033190200490664235,-0.06808880869590415,0.062016777227499646,True
1000,0.0,59,dml_mult_boot,-0.003036015734202252,0.03214950102166614,-0.06798263441968473,0.0588514252011598,True
1000,0.0,59,dml_fixed_nuis_boot,-0.003036015734202252,0.033422743700164556,-0.06287645441488218,0.0603486230617616,True
1000,0.0,59,dml_pairs_boot,-0.003036015734202252,0.03065314604005486,-0.061449018546878634,0.05690649003039555,True
1000,0.0,60,naive_ml,0.022968133642396384,0.015388616157720723,-0.007193554026736233,0.053129821311529005,True
1000,0.0,60,dml_if,0.07758397048228749,0.03175314401143248,0.015347808219879834,0.13982013274469515,False
1000,0.0,60,dml_mult_boot,0.07758397048228749,0.030467173334881956,0.020780188939596038,0.13940602266555138,False
1000,0.0,60,dml_fixed_nuis_boot,0.07758397048228749,0.03181799455789864,0.016778816253990303,0.1386091317324768,False
1000,0.0,60,dml_pairs_boot,0.07758397048228749,0.03408007990069755,-0.0031046737394966797,0.12689888665936638,True
1000,0.0,61,naive_ml,0.002306273851237029,0.01531585579340353,-0.02771280350383389,0.032325351206307945,True
1000,0.0,61,dml_if,-0.022076821226718515,0.031493187132099976,-0.08380346800563446,0.03964982555219743,True
1000,0.0,61,dml_mult_boot,-0.022076821226718515,0.03322954459608602,-0.0898060907354559,0.04153636803885247,True
1000,0.0,61,dml_fixed_nuis_boot,-0.022076821226718515,0.032588130346198174,-0.08309408259255541,0.040624795788138615,True
1000,0.0,61,dml_pairs_boot,-0.022076821226718515,0.03129227938752895,-0.08750657897780047,0.03329138406340368,True
1000,0.0,62,naive_ml,0.025779768841374232,0.01750937623934776,-0.008538608587747378,0.06009814627049584,True
1000,0.0,62,dml_if,0.024598639347789192,0.03501505169682967,-0.04403086197799695,0.09322814067357534,True
1000,0.0,62,dml_mult_boot,0.024598639347789192,0.03428115369975475,-0.043265738490159814,0.09025280371529654,True
1000,0.0,62,dml_fixed_nuis_boot,0.024598639347789192,0.03523839422758007,-0.04885923593184991,0.09287242067850948,True
1000,0.0,62,dml_pairs_boot,0.024598639347789192,0.03610029202173758,-0.03801842489747824,0.09651972448550848,True
1000,0.0,63,naive_ml,-0.002940719290982589,0.014570742649259576,-0.031499374883531356,0.02561793630156618,True
1000,0.0,63,dml_if,-0.0322281089514561,0.03162323292714185,-0.09420964548865413,0.029753427585741926,True
1000,0.0,63,dml_mult_boot,-0.0322281089514561,0.03339386018369238,-0.09320194893966359,0.03147383027255485,True
1000,0.0,63,dml_fixed_nuis_boot,-0.0322281089514561,0.031801322305635,-0.09055043434706331,0.0333277706545799,True
1000,0.0,63,dml_pairs_boot,-0.0322281089514561,0.030411288981016464,-0.0803508242697041,0.025125195186256128,True
1000,0.0,64,naive_ml,-0.01279942906165976,0.01573278866469984,-0.04363569484447145,0.01803683672115193,True
1000,0.0,64,dml_if,-0.04542268067291789,0.03098561838573929,-0.1061544927089669,0.015309131363131119,True
1000,0.0,64,dml_mult_boot,-0.04542268067291789,0.031144592951394424,-0.10995719126370294,0.012019091485480861,True
1000,0.0,64,dml_fixed_nuis_boot,-0.04542268067291789,0.03189420704512944,-0.10622814768564745,0.02276499261414902,True
1000,0.0,64,dml_pairs_boot,-0.04542268067291789,0.03442349893817463,-0.10531614638289488,0.017296391781656505,True
1000,0.0,65,naive_ml,-0.004710672270651506,0.01538907903413845,-0.03487326717756287,0.025451922636259856,True
1000,0.0,65,dml_if,-0.027245788730576623,0.030558517899124584,-0.08714048381286081,0.03264890635170756,True
1000,0.0,65,dml_mult_boot,-0.027245788730576623,0.029824748776691522,-0.08082011305502072,0.03053051253413395,True
1000,0.0,65,dml_fixed_nuis_boot,-0.027245788730576623,0.029099975126480195,-0.08722684843410053,0.027916654746111488,True
1000,0.0,65,dml_pairs_boot,-0.027245788730576623,0.03278120504103051,-0.09287407784627863,0.026973618464719958,True
1000,0.0,66,naive_ml,0.01818791751319052,0.014857460244565992,-0.010932704566158823,0.04730853959253986,True
1000,0.0,66,dml_if,0.04691362940722324,0.028630304534122585,-0.009201767479657029,0.10302902629410352,True
1000,0.0,66,dml_mult_boot,0.04691362940722324,0.027600976468880864,-0.0075964750391065965,0.09706257371940934,True
1000,0.0,66,dml_fixed_nuis_boot,0.04691362940722324,0.02836209797961642,-0.00830499506830994,0.10046209931306417,True
1000,0.0,66,dml_pairs_boot,0.04691362940722324,0.029845655134153576,-0.018859015643337303,0.0943757852535273,True
1000,0.0,67,naive_ml,-0.0012902993564531107,0.015178747386983066,-0.03104064423493992,0.028460045522033697,True
1000,0.0,67,dml_if,-0.029190484257011783,0.030834003774465185,-0.08962513165496355,0.03124416314093998,True
1000,0.0,67,dml_mult_boot,-0.029190484257011783,0.03048542300740221,-0.09135189479269662,0.022737794722885056,True
1000,0.0,67,dml_fixed_nuis_boot,-0.029190484257011783,0.030652045965431668,-0.08195962569919445,0.03257547004484907,True
1000,0.0,67,dml_pairs_boot,-0.029190484257011783,0.03493131993238329,-0.09135230012674714,0.06132724338039251,True
1000,0.0,68,naive_ml,0.014887912390774681,0.014430433115873888,-0.013395736516338139,0.043171561297887504,True
1000,0.0,68,dml_if,0.008290131276945141,0.029903580210648453,-0.050320885935925826,0.06690114848981611,True
1000,0.0,68,dml_mult_boot,0.008290131276945141,0.02861388904096542,-0.049273307700115565,0.06274477700356244,True
1000,0.0,68,dml_fixed_nuis_boot,0.008290131276945141,0.029052218179892526,-0.0486003650842543,0.06442320117782646,True
1000,0.0,68,dml_pairs_boot,0.008290131276945141,0.02900035121257676,-0.03294460256521661,0.07316805518151412,True
1000,0.0,69,naive_ml,-0.0006944684456563536,0.015299001013725711,-0.030680510432558747,0.029291573541246042,True
1000,0.0,69,dml_if,-0.029973175028814917,0.032820904736929626,-0.09430214831319698,0.03435579825556716,True
1000,0.0,69,dml_mult_boot,-0.029973175028814917,0.03237811182326505,-0.09468391671769327,0.035919961865358875,True
1000,0.0,69,dml_fixed_nuis_boot,-0.029973175028814917,0.03357678359562807,-0.09726073538307829,0.03348461623686814,True
1000,0.0,69,dml_pairs_boot,-0.029973175028814917,0.03455013610164876,-0.0934766119958234,0.03877940859023362,True
1000,0.0,70,naive_ml,0.010352448223515227,0.01631820981748055,-0.021631243018746645,0.0423361394657771,True
1000,0.0,70,dml_if,-0.0006663455461412231,0.03130433084128345,-0.062022833995056786,0.060690142902774344,True
1000,0.0,70,dml_mult_boot,-0.0006663455461412231,0.03192399304338689,-0.05685861534049564,0.06704471524436718,True
1000,0.0,70,dml_fixed_nuis_boot,-0.0006663455461412231,0.03209379857656918,-0.06532702859791403,0.06138656283710314,True
1000,0.0,70,dml_pairs_boot,-0.0006663455461412231,0.03279879402890344,-0.06649300440268488,0.04754333167047792,True
1000,0.0,71,naive_ml,0.02327101991210632,0.01571806467989334,-0.007536386860484624,0.05407842668469727,True
1000,0.0,71,dml_if,0.0466409373078466,0.03090118886758107,-0.01392539287261229,0.1072072674883055,True
1000,0.0,71,dml_mult_boot,0.0466409373078466,0.030905215966914094,-0.010038484965179029,0.11154992729972531,True
1000,0.0,71,dml_fixed_nuis_boot,0.0466409373078466,0.030702114204125268,-0.01744298374306141,0.10770032532451738,True
1000,0.0,71,dml_pairs_boot,0.0466409373078466,0.03477960690947086,-0.03334924084700268,0.09747231639052786,True
1000,0.0,72,naive_ml,0.007642687224121959,0.015472550828750683,-0.022683512400229377,0.0379688868484733,True
1000,0.0,72,dml_if,0.010141503810559142,0.030888844396798783,-0.05040063120716647,0.07068363882828475,True
1000,0.0,72,dml_mult_boot,0.010141503810559142,0.030816112009773123,-0.04680440411894724,0.07029797198190404,True
1000,0.0,72,dml_fixed_nuis_boot,0.010141503810559142,0.030975052498677998,-0.04752137716110781,0.07150967740571759,True
1000,0.0,72,dml_pairs_boot,0.010141503810559142,0.033224381825029764,-0.05842413615830972,0.07123992976081454,True
1000,0.0,73,naive_ml,0.014785082178906336,0.014629570658650299,-0.01388887631204825,0.04345904066986092,True
1000,0.0,73,dml_if,0.042028616584520916,0.03096076870873327,-0.01865449008459629,0.10271172325363812,True
1000,0.0,73,dml_mult_boot,0.042028616584520916,0.031611317311551916,-0.01485965769723534,0.10038567459099881,True
1000,0.0,73,dml_fixed_nuis_boot,0.042028616584520916,0.029992204577575374,-0.012919210542010128,0.10592941583639562,True
1000,0.0,73,dml_pairs_boot,0.042028616584520916,0.03064680843208857,-0.022438629591383933,0.09165065363931162,True
1000,0.0,74,naive_ml,0.015244959181173552,0.015467932122360818,-0.015072187778653651,0.04556210614100076,True
1000,0.0,74,dml_if,0.03756486002503251,0.031328139355697025,-0.02383829311213366,0.09896801316219868,True
1000,0.0,74,dml_mult_boot,0.03756486002503251,0.032147277997206,-0.022707267534975876,0.10278861020977617,True
1000,0.0,74,dml_fixed_nuis_boot,0.03756486002503251,0.02882865447602166,-0.016227026639781105,0.09651827341846769,True
1000,0.0,74,dml_pairs_boot,0.03756486002503251,0.03354275377105257,-0.044271223587541056,0.08981654206669608,True
1000,0.0,75,naive_ml,-0.0020383234018171606,0.015348346048523715,-0.03212108165692364,0.02804443485328932,True
1000,0.0,75,dml_if,-0.01900570866012525,0.03144859946045287,-0.08064496360261288,0.04263354628236238,True
1000,0.0,75,dml_mult_boot,-0.01900570866012525,0.030486831847021813,-0.08099299725797914,0.03823674625312756,True
1000,0.0,75,dml_fixed_nuis_boot,-0.01900570866012525,0.03132395206566966,-0.0820134124785404,0.03927562413545175,True
1000,0.0,75,dml_pairs_boot,-0.01900570866012525,0.03371653639816049,-0.07552297628336173,0.05810783168897911,True
1000,0.0,76,naive_ml,0.004092225957569337,0.015059922577752051,-0.025425222294824683,0.03360967420996336,True
1000,0.0,76,dml_if,-0.018064690139213118,0.03265773710903187,-0.08207385487291559,0.045944474594489346,True
1000,0.0,76,dml_mult_boot,-0.018064690139213118,0.0316432561958868,-0.08351037146211056,0.039087819595890735,True
1000,0.0,76,dml_fixed_nuis_boot,-0.018064690139213118,0.03198987073763647,-0.08768631959698117,0.04119936301386101,True
1000,0.0,76,dml_pairs_boot,-0.018064690139213118,0.036502846484173346,-0.07537052115232408,0.06152134584836729,True
1000,0.0,77,naive_ml,-0.014606235708254202,0.015470016686997712,-0.04492746841476972,0.015714996998261316,True
1000,0.0,77,dml_if,-0.04506570531641841,0.032457910339947646,-0.1086832095827158,0.01855179894987897,True
1000,0.0,77,dml_mult_boot,-0.04506570531641841,0.03058120572854027,-0.10540640134529093,0.015458883162320055,True
1000,0.0,77,dml_fixed_nuis_boot,-0.04506570531641841,0.0346641669532892,-0.11501850649310118,0.01633859873628181,True
1000,0.0,77,dml_pairs_boot,-0.04506570531641841,0.031296277404262544,-0.10763139126553996,0.015409323649838628,True
1000,0.0,78,naive_ml,0.014013973311639576,0.015042795454552001,-0.015469905779282348,0.0434978524025615,True
1000,0.0,78,dml_if,0.021142890568366168,0.031679939160608545,-0.04094979018642658,0.08323557132315891,True
1000,0.0,78,dml_mult_boot,0.021142890568366168,0.031431223815957664,-0.04039225665485512,0.08007789175084798,True
1000,0.0,78,dml_fixed_nuis_boot,0.021142890568366168,0.0288210680132816,-0.03696766577228858,0.0742323878789761,True
1000,0.0,78,dml_pairs_boot,0.021142890568366168,0.03227343062745225,-0.02991094580324553,0.08215863250320452,True
1000,0.0,79,naive_ml,0.0030471111884126582,0.014539241944322564,-0.025449803022459565,0.03154402539928488,True
1000,0.0,79,dml_if,-0.018921320423754627,0.028400789814336476,-0.07458686845985413,0.03674422761234487,True
1000,0.0,79,dml_mult_boot,-0.018921320423754627,0.028474594758791317,-0.07629115939418514,0.03594094210699,True
1000,0.0,79,dml_fixed_nuis_boot,-0.018921320423754627,0.028855274054714997,-0.07344911061728611,0.03817757101906072,True
1000,0.0,79,dml_pairs_boot,-0.018921320423754627,0.03150800274292779,-0.07884820334792111,0.04322949955120947,True
1000,0.0,80,naive_ml,0.00715480237243304,0.015604348895411527,-0.02342972146257355,0.03773932620743963,True
1000,0.0,80,dml_if,-0.0006379173032873388,0.030402031051785308,-0.060225898164786545,0.05895006355821186,True
1000,0.0,80,dml_mult_boot,-0.0006379173032873388,0.032285725892093435,-0.06516293415511003,0.06266297898502006,True
1000,0.0,80,dml_fixed_nuis_boot,-0.0006379173032873388,0.029934617004230706,-0.058235756616803774,0.056013212667307515,True
1000,0.0,80,dml_pairs_boot,-0.0006379173032873388,0.032273627137440544,-0.07109484201543298,0.050776855181932895,True
1000,0.0,81,naive_ml,-0.010220650710452285,0.014973174566734235,-0.039568072861251385,0.019126771440346815,True
1000,0.0,81,dml_if,-0.06110993850002872,0.02833605488949771,-0.11664860608344424,-0.005571270916613212,False
1000,0.0,81,dml_mult_boot,-0.06110993850002872,0.0275119399481572,-0.11693499463677172,-0.00784394499299614,False
1000,0.0,81,dml_fixed_nuis_boot,-0.06110993850002872,0.028537192574089487,-0.11903915026054135,-0.008674676041798675,False
1000,0.0,81,dml_pairs_boot,-0.06110993850002872,0.030412548150590687,-0.10921996693170714,-0.0006126848087465393,False
1000,0.0,82,naive_ml,0.02765087513788639,0.01515757634756819,-0.0020579745033472603,0.05735972477912005,True
1000,0.0,82,dml_if,0.04620725527604417,0.03413234052304607,-0.020692132149126123,0.11310664270121445,True
1000,0.0,82,dml_mult_boot,0.04620725527604417,0.03587597193396394,-0.02420715067783098,0.12252625731625222,True
1000,0.0,82,dml_fixed_nuis_boot,0.04620725527604417,0.03385766300644981,-0.02140634031045604,0.10723106286214498,True
1000,0.0,82,dml_pairs_boot,0.04620725527604417,0.032731335647032005,-0.02377453234075094,0.10147370621408258,True
1000,0.0,83,naive_ml,0.007470912784699331,0.01474934485211147,-0.02143780312543915,0.03637962869483781,True
1000,0.0,83,dml_if,-0.0026954894111800515,0.03007741952800326,-0.06164723168606644,0.056256252863706335,True
1000,0.0,83,dml_mult_boot,-0.0026954894111800515,0.030423826378675224,-0.06558285550282002,0.05498909114385317,True
1000,0.0,83,dml_fixed_nuis_boot,-0.0026954894111800515,0.03133284780162116,-0.06501561155146982,0.06011769534783731,True
1000,0.0,83,dml_pairs_boot,-0.0026954894111800515,0.028743169174516862,-0.05691874238804986,0.053028969094761985,True
1000,0.0,84,naive_ml,0.01183363174445428,0.016509986488522158,-0.02052594177304915,0.04419320526195771,True
1000,0.0,84,dml_if,-0.011471750316209926,0.033586216813567445,-0.07730073527080211,0.05435723463838227,True
1000,0.0,84,dml_mult_boot,-0.011471750316209926,0.033648250295913625,-0.07346917382854383,0.0578070713229429,True
1000,0.0,84,dml_fixed_nuis_boot,-0.011471750316209926,0.03424975615811244,-0.08123589278307985,0.05161016044954027,True
1000,0.0,84,dml_pairs_boot,-0.011471750316209926,0.033163650444229746,-0.06429945740364597,0.051298078198210605,True
1000,0.0,85,naive_ml,0.011685375249579799,0.017007877602515056,-0.02165006485134971,0.04502081535050931,True
1000,0.0,85,dml_if,0.026606964897372746,0.03362058767763628,-0.03928938695079437,0.09250331674553985,True
1000,0.0,85,dml_mult_boot,0.026606964897372746,0.031828390153574714,-0.036408684935285256,0.08722004288238074,True
1000,0.0,85,dml_fixed_nuis_boot,0.026606964897372746,0.03328825768706431,-0.04289511614065765,0.08691455892989562,True
1000,0.0,85,dml_pairs_boot,0.026606964897372746,0.03276135701205851,-0.03330052819268124,0.09242306813075124,True
1000,0.0,86,naive_ml,0.019081559769271797,0.017108507059956264,-0.014451114068242482,0.052614233606786076,True
1000,0.0,86,dml_if,0.03148989446181226,0.03320255710699964,-0.03358711746790703,0.09656690639153155,True
1000,0.0,86,dml_mult_boot,0.03148989446181226,0.032662910469786074,-0.03331938847595051,0.08692753286839189,True
1000,0.0,86,dml_fixed_nuis_boot,0.03148989446181226,0.03262012314967424,-0.04753321569196128,0.09445960895949397,True
1000,0.0,86,dml_pairs_boot,0.03148989446181226,0.03172358886378234,-0.025698081565159035,0.08314869013857636,True
1000,0.0,87,naive_ml,0.004751431157689686,0.015778606258526156,-0.026174637109021577,0.03567749942440095,True
1000,0.0,87,dml_if,-0.01554893446113661,0.03149467382396607,-0.07727849515611011,0.04618062623383689,True
1000,0.0,87,dml_mult_boot,-0.01554893446113661,0.03254193212943982,-0.07483336144600589,0.043751676630595995,True
1000,0.0,87,dml_fixed_nuis_boot,-0.01554893446113661,0.03151462897098748,-0.07389276825840464,0.04623729926519851,True
1000,0.0,87,dml_pairs_boot,-0.01554893446113661,0.03477264252817707,-0.09147908310418226,0.03984237539878794,True
1000,0.0,88,naive_ml,0.0005973787707230953,0.015916668955264276,-0.030599292381594884,0.03179404992304107,True
1000,0.0,88,dml_if,-0.007213706626102995,0.03249284213738513,-0.07089967721537785,0.05647226396317186,True
1000,0.0,88,dml_mult_boot,-0.007213706626102995,0.03300235106461194,-0.07112128582573289,0.05511461469839298,True
1000,0.0,88,dml_fixed_nuis_boot,-0.007213706626102995,0.033283485693084335,-0.07112049312830403,0.059000090452348476,True
1000,0.0,88,dml_pairs_boot,-0.007213706626102995,0.03511256233544263,-0.06950526483150832,0.055888171762588555,True
1000,0.0,89,naive_ml,0.0007575260795841229,0.016056397848195854,-0.03071301370287975,0.032228065862047996,True
1000,0.0,89,dml_if,-0.012823707245675275,0.030843772152439018,-0.07327750066445575,0.0476300861731052,True
1000,0.0,89,dml_mult_boot,-0.012823707245675275,0.030953139786024573,-0.06815086690879645,0.05182052212415841,True
1000,0.0,89,dml_fixed_nuis_boot,-0.012823707245675275,0.030323873388227698,-0.07373860226700896,0.0446082301764877,True
1000,0.0,89,dml_pairs_boot,-0.012823707245675275,0.028357445016796032,-0.07605928163149824,0.028213883627955915,True
1000,0.0,90,naive_ml,-0.0018620877459733663,0.016431008332116723,-0.034066864076922145,0.030342688584975415,True
1000,0.0,90,dml_if,-0.03826067456509571,0.03098726119358177,-0.09899570650451597,0.022474357374324565,True
1000,0.0,90,dml_mult_boot,-0.03826067456509571,0.030583143243719933,-0.10156794456621529,0.016588279011568813,True
1000,0.0,90,dml_fixed_nuis_boot,-0.03826067456509571,0.02983682244279006,-0.09613364866988666,0.017821179937910964,True
1000,0.0,90,dml_pairs_boot,-0.03826067456509571,0.03233437035673162,-0.09380129134865482,0.03655642719052269,True
1000,0.0,91,naive_ml,-0.0029876976506735906,0.014924676458139361,-0.03224006350862674,0.02626466820727956,True
1000,0.0,91,dml_if,-0.03436548999753615,0.03113580655889668,-0.09539167085297365,0.02666069085790134,True
1000,0.0,91,dml_mult_boot,-0.03436548999753615,0.0308482630127862,-0.09248432207021334,0.024438380930329847,True
1000,0.0,91,dml_fixed_nuis_boot,-0.03436548999753615,0.030291936615845328,-0.09167115751420514,0.025473772664276337,True
1000,0.0,91,dml_pairs_boot,-0.03436548999753615,0.030491348988207885,-0.09335778989245516,0.02187879191154867,True
1000,0.0,92,naive_ml,0.0018239890946532588,0.015910800759423804,-0.029361180393817396,0.033009158583123914,True
1000,0.0,92,dml_if,0.0022490007902168842,0.03210427508678728,-0.06067537837988619,0.06517337996031995,True
1000,0.0,92,dml_mult_boot,0.0022490007902168842,0.03449146579885334,-0.06635615486068462,0.06509882831462734,True
1000,0.0,92,dml_fixed_nuis_boot,0.0022490007902168842,0.032927326144598146,-0.06392703203437856,0.06846013622725203,True
1000,0.0,92,dml_pairs_boot,0.0022490007902168842,0.03558060672718483,-0.07737865424796084,0.05586228608891802,True
1000,0.0,93,naive_ml,-0.008343446359099062,0.015908743192708758,-0.03952458301680823,0.022837690298610103,True
1000,0.0,93,dml_if,-0.03267177351183935,0.03237675286716898,-0.09613020913149055,0.03078666210781185,True
1000,0.0,93,dml_mult_boot,-0.03267177351183935,0.03309287970237874,-0.0981105839425218,0.028690187344591105,True
1000,0.0,93,dml_fixed_nuis_boot,-0.03267177351183935,0.03184423774537926,-0.09302666249863084,0.026367170099348556,True
1000,0.0,93,dml_pairs_boot,-0.03267177351183935,0.03235541439382575,-0.09920924290129272,0.023230350861025383,True
1000,0.0,94,naive_ml,-0.00503994160220414,0.015115945790326263,-0.034667195351243615,0.024587312146835336,True
1000,0.0,94,dml_if,-0.011019262665581704,0.03061143452086322,-0.07101767432647361,0.04897914899531021,True
1000,0.0,94,dml_mult_boot,-0.011019262665581704,0.030311415388337645,-0.07101422526713429,0.04347292194121518,True
1000,0.0,94,dml_fixed_nuis_boot,-0.011019262665581704,0.032368456070213776,-0.07255253903067543,0.05335637490237968,True
1000,0.0,94,dml_pairs_boot,-0.011019262665581704,0.029404870130419057,-0.07609828624357451,0.034150029262813617,True
1000,0.0,95,naive_ml,0.001691243306950534,0.014909910237305903,-0.027532180758169034,0.0309146673720701,True
1000,0.0,95,dml_if,-0.0005818936811583549,0.029816853773029787,-0.059022927076296736,0.05785913971398003,True
1000,0.0,95,dml_mult_boot,-0.0005818936811583549,0.03057022511279975,-0.06119353507625537,0.05956742428026271,True
1000,0.0,95,dml_fixed_nuis_boot,-0.0005818936811583549,0.03090630417735539,-0.06200616584627642,0.060026634368648746,True
1000,0.0,95,dml_pairs_boot,-0.0005818936811583549,0.0291299589229944,-0.04815388845678378,0.06532579813921931,True
1000,0.0,96,naive_ml,0.020770751508028228,0.015256507298225384,-0.009132002796493524,0.05067350581254998,True
1000,0.0,96,dml_if,0.013828767006038578,0.031273273138828016,-0.04746684834606433,0.07512438235814148,True
1000,0.0,96,dml_mult_boot,0.013828767006038578,0.03086109663422679,-0.04503265783849397,0.07291894600237475,True
1000,0.0,96,dml_fixed_nuis_boot,0.013828767006038578,0.032076981356285554,-0.052395732350441766,0.07632565728699381,True
1000,0.0,96,dml_pairs_boot,0.013828767006038578,0.028977912194277585,-0.029378489889686308,0.08649072906469095,True
1000,0.0,97,naive_ml,0.009337303366452254,0.015249295328238805,-0.0205513154768958,0.03922592220980031,True
1000,0.0,97,dml_if,-0.007347944833039698,0.032889845257867006,-0.07181204153845903,0.05711615187237963,True
1000,0.0,97,dml_mult_boot,-0.007347944833039698,0.03443928610621674,-0.06932429773439791,0.05657110209905662,True
1000,0.0,97,dml_fixed_nuis_boot,-0.007347944833039698,0.033283623246865617,-0.07507952253399061,0.059136561343517295,True
1000,0.0,97,dml_pairs_boot,-0.007347944833039698,0.03270512676971288,-0.06630013084954495,0.055365124713692565,True
1000,0.0,98,naive_ml,0.007545521522065276,0.01413035523011704,-0.020149974728964123,0.03524101777309467,True
1000,0.0,98,dml_if,-0.01253958986496387,0.02781406272090751,-0.0670551527979426,0.04197597306801485,True
1000,0.0,98,dml_mult_boot,-0.01253958986496387,0.028229935537484957,-0.06437657736627013,0.040816516332193575,True
1000,0.0,98,dml_fixed_nuis_boot,-0.01253958986496387,0.02779275165905316,-0.06613174819723769,0.04179655181013404,True
1000,0.0,98,dml_pairs_boot,-0.01253958986496387,0.02498581918978263,-0.05272507744061955,0.036053669428461416,True
1000,0.0,99,naive_ml,0.023334990053623345,0.015115587909584208,-0.006291562249161702,0.05296154235640839,True
1000,0.0,99,dml_if,0.03981007854809775,0.02899481344698499,-0.017019755807992823,0.09663991290418833,True
1000,0.0,99,dml_mult_boot,0.03981007854809775,0.027332751470801313,-0.010039176947987113,0.09363341841680914,True
1000,0.0,99,dml_fixed_nuis_boot,0.03981007854809775,0.028555168498973355,-0.014668616403316606,0.096178071601109,True
1000,0.0,99,dml_pairs_boot,0.03981007854809775,0.02761813413598155,-0.019920588362920794,0.08120887770483096,True
1000,0.0,100,naive_ml,0.007036005251062264,0.01593517343469869,-0.02419693468094717,0.038268945183071695,True
1000,0.0,100,dml_if,-0.0029002873431808753,0.031507758315018945,-0.06465549364061801,0.058854918954256256,True
1000,0.0,100,dml_mult_boot,-0.0029002873431808753,0.032320714351178455,-0.06839185216575172,0.05640810355590989,True
1000,0.0,100,dml_fixed_nuis_boot,-0.0029002873431808753,0.03162928361865753,-0.061726937805393414,0.06060110560366479,True
1000,0.0,100,dml_pairs_boot,-0.0029002873431808753,0.03172215703744825,-0.0626192774836451,0.04934960651057441,True
1000,0.0,101,naive_ml,0.0053982480903674865,0.01671918808077722,-0.027371360547955866,0.03816785672869084,True
1000,0.0,101,dml_if,-0.025343775351926712,0.03264277012652832,-0.08932360479992221,0.038636054096068795,True
1000,0.0,101,dml_mult_boot,-0.025343775351926712,0.033504284895198556,-0.09182785258698935,0.044466967967902435,True
1000,0.0,101,dml_fixed_nuis_boot,-0.025343775351926712,0.031254133612908255,-0.08905223076612023,0.0334572440109648,True
1000,0.0,101,dml_pairs_boot,-0.025343775351926712,0.030761756778903398,-0.0837961259685267,0.04259731510251327,True
1000,0.0,102,naive_ml,0.010248638354960881,0.014953900009603881,-0.019061005663862724,0.03955828237378449,True
1000,0.0,102,dml_if,-0.006421380997119792,0.03165849539408464,-0.06847203196952568,0.055629269975286104,True
1000,0.0,102,dml_mult_boot,-0.006421380997119792,0.0313271367441362,-0.06873810473300164,0.05458040125450433,True
1000,0.0,102,dml_fixed_nuis_boot,-0.006421380997119792,0.03247872794941164,-0.07053954365895798,0.05577564551065371,True
1000,0.0,102,dml_pairs_boot,-0.006421380997119792,0.03200563534578272,-0.05977325966326188,0.05698371970648557,True
1000,0.0,103,naive_ml,0.01076032037830935,0.01514521221316355,-0.018924295559491208,0.0404449363161099,True
1000,0.0,103,dml_if,0.006440221536178277,0.03094654385125,-0.05421500441227172,0.06709544748462827,True
1000,0.0,103,dml_mult_boot,0.006440221536178277,0.03126925902377182,-0.05913670791492473,0.06647283915587976,True
1000,0.0,103,dml_fixed_nuis_boot,0.006440221536178277,0.03123781285241044,-0.0524303935988325,0.07026593815710987,True
1000,0.0,103,dml_pairs_boot,0.006440221536178277,0.03209783163911284,-0.06710158321724088,0.05980416268058806,True
1000,0.0,104,naive_ml,0.01608588675695515,0.016044577153675927,-0.015361484464249665,0.047533257978159965,True
1000,0.0,104,dml_if,0.014394348328575703,0.03197513572953518,-0.04827691770131324,0.07706561435846465,True
1000,0.0,104,dml_mult_boot,0.014394348328575703,0.03323793590654307,-0.04463308067648489,0.07695938119718407,True
1000,0.0,104,dml_fixed_nuis_boot,0.014394348328575703,0.03277876021299201,-0.046554216619441806,0.08135508060811555,True
1000,0.0,104,dml_pairs_boot,0.014394348328575703,0.03310004701459774,-0.04306784132489214,0.0910495405464226,True
1000,0.0,105,naive_ml,-0.0009943047898222446,0.01555048900278858,-0.03147326323528786,0.029484653655643372,True
1000,0.0,105,dml_if,-0.022491141527906735,0.031859912906996406,-0.08493657082561969,0.039954287769806224,True
1000,0.0,105,dml_mult_boot,-0.022491141527906735,0.03067977117464374,-0.08275348192982604,0.03685364295694311,True
1000,0.0,105,dml_fixed_nuis_boot,-0.022491141527906735,0.030903365288028624,-0.08261411695928476,0.039912150690534325,True
1000,0.0,105,dml_pairs_boot,-0.022491141527906735,0.02917818518052499,-0.06251352578701473,0.04694639099084806,True
1000,0.0,106,naive_ml,0.006517950235850746,0.015197877046993734,-0.02326988877625697,0.036305789247958464,True
1000,0.0,106,dml_if,0.011180753084799539,0.03372903432588372,-0.05492815419393255,0.07728966036353163,True
1000,0.0,106,dml_mult_boot,0.011180753084799539,0.03453911783895352,-0.05613713891612649,0.07535663050236618,True
1000,0.0,106,dml_fixed_nuis_boot,0.011180753084799539,0.03288775464136673,-0.05243117887618418,0.0753118002103409,True
1000,0.0,106,dml_pairs_boot,0.011180753084799539,0.031107814267195853,-0.05281511868499809,0.0685507125529607,True
1000,0.0,107,naive_ml,0.012888250758933989,0.016414655914812185,-0.01928447483409789,0.04506097635196587,True
1000,0.0,107,dml_if,0.010263845399846953,0.03168261351663913,-0.051834077092765746,0.07236176789245966,True
1000,0.0,107,dml_mult_boot,0.010263845399846953,0.031608610042923785,-0.04777056566276926,0.07310071979896399,True
1000,0.0,107,dml_fixed_nuis_boot,0.010263845399846953,0.033527284733606715,-0.05276567196596165,0.0764432293691194,True
1000,0.0,107,dml_pairs_boot,0.010263845399846953,0.030296512114065925,-0.057161868671808676,0.06782548614345627,True
1000,0.0,108,naive_ml,0.007663129727319163,0.01536330325788583,-0.022448944658137064,0.03777520411277539,True
1000,0.0,108,dml_if,0.01854673434232873,0.03145696584557405,-0.04310891871499641,0.08020238739965388,True
1000,0.0,108,dml_mult_boot,0.01854673434232873,0.03151025882061092,-0.04065350352314105,0.08145526409675995,True
1000,0.0,108,dml_fixed_nuis_boot,0.01854673434232873,0.02949264162647296,-0.03773776053337786,0.07276440126658917,True
1000,0.0,108,dml_pairs_boot,0.01854673434232873,0.03386974385684784,-0.054242160707459866,0.0696900131524855,True
1000,0.0,109,naive_ml,-0.007673418195254195,0.015811780962293652,-0.03866450888134975,0.02331767249084136,True
1000,0.0,109,dml_if,-0.022108850902749975,0.03232389730746878,-0.08546368962538878,0.041245987819888835,True
1000,0.0,109,dml_mult_boot,-0.022108850902749975,0.034469558886251674,-0.08775051370297328,0.040449959446103294,True
1000,0.0,109,dml_fixed_nuis_boot,-0.022108850902749975,0.030852166203914018,-0.08356083965297853,0.03333345065642223,True
1000,0.0,109,dml_pairs_boot,-0.022108850902749975,0.03414754445818287,-0.07813077234255529,0.05313393741332016,True
1000,0.0,110,naive_ml,-0.000820301826380546,0.015270699964445088,-0.030750873756692918,0.029110270103931826,True
1000,0.0,110,dml_if,0.006618882443158327,0.03253566572526757,-0.057151022378366105,0.07038878726468276,True
1000,0.0,110,dml_mult_boot,0.006618882443158327,0.03133774561644506,-0.055622158089277375,0.06569274516646276,True
1000,0.0,110,dml_fixed_nuis_boot,0.006618882443158327,0.03303002611625844,-0.05628528757331087,0.06868152918388368,True
1000,0.0,110,dml_pairs_boot,0.006618882443158327,0.031494583413188615,-0.056726854864399004,0.0659417567630868,True
1000,0.0,111,naive_ml,0.015233399026391925,0.015386567814604193,-0.014924273890232292,0.04539107194301614,True
1000,0.0,111,dml_if,-0.007442056632845009,0.031446240876246236,-0.06907668875028763,0.05419257548459761,True
1000,0.0,111,dml_mult_boot,-0.007442056632845009,0.0334060476644775,-0.06927374710745378,0.05436365964283828,True
1000,0.0,111,dml_fixed_nuis_boot,-0.007442056632845009,0.03151016533183695,-0.07195667026516762,0.052477130915435696,True
1000,0.0,111,dml_pairs_boot,-0.007442056632845009,0.03298887004067155,-0.06523488693189705,0.04508078039358525,True
1000,0.0,112,naive_ml,-0.009949578819963877,0.014886522953394387,-0.039127163808616874,0.019228006168689124,True
1000,0.0,112,dml_if,-0.03771952158471308,0.030528164748677686,-0.09755472449212135,0.02211568132269518,True
1000,0.0,112,dml_mult_boot,-0.03771952158471308,0.030440968929727582,-0.09442499614582153,0.020168729877187562,True
1000,0.0,112,dml_fixed_nuis_boot,-0.03771952158471308,0.030045479327855527,-0.0963219920094665,0.020037784745311666,True
1000,0.0,112,dml_pairs_boot,-0.03771952158471308,0.026989078463343603,-0.08449349595362744,0.02274951182277926,True
1000,0.0,113,naive_ml,0.006411419646040244,0.014313671064525893,-0.021643375640430507,0.034466214932510994,True
1000,0.0,113,dml_if,0.004742378035009288,0.03192977722929949,-0.057839985334417705,0.06732474140443628,True
1000,0.0,113,dml_mult_boot,0.004742378035009288,0.03000551600033099,-0.05277622266880288,0.06127486546180367,True
1000,0.0,113,dml_fixed_nuis_boot,0.004742378035009288,0.029497392012794523,-0.0478089816234785,0.06382245544734286,True
1000,0.0,113,dml_pairs_boot,0.004742378035009288,0.03287817938431731,-0.05932364283457733,0.06409362680002602,True
1000,0.0,114,naive_ml,0.015520895225468253,0.015503156641585527,-0.01486529179203938,0.045907082242975884,True
1000,0.0,114,dml_if,0.02267627032947675,0.031022370153362483,-0.03812757517111372,0.08348011583006722,True
1000,0.0,114,dml_mult_boot,0.02267627032947675,0.029669021066062732,-0.03390243461378065,0.07522400160136887,True
1000,0.0,114,dml_fixed_nuis_boot,0.02267627032947675,0.0314395742593381,-0.03995074191692054,0.08068487115944899,True
1000,0.0,114,dml_pairs_boot,0.02267627032947675,0.033579543813247285,-0.050862865251812155,0.0794405317541928,True
1000,0.0,115,naive_ml,0.004385509902460835,0.016493451874133484,-0.027941655770840793,0.036712675575762466,True
1000,0.0,115,dml_if,-0.024125350221417475,0.03505195015697165,-0.0928271725290819,0.04457647208624696,True
1000,0.0,115,dml_mult_boot,-0.024125350221417475,0.0347557572967034,-0.09177468236927758,0.040578162658986436,True
1000,0.0,115,dml_fixed_nuis_boot,-0.024125350221417475,0.03637668012949788,-0.09422866812774865,0.0465718128376742,True
1000,0.0,115,dml_pairs_boot,-0.024125350221417475,0.031090274007000755,-0.08726765793019424,0.03205330460122628,True
1000,0.0,116,naive_ml,0.009467761202920404,0.01575402922051148,-0.021410136069282097,0.040345658475122906,True
1000,0.0,116,dml_if,0.00031725309608965363,0.0320774018168629,-0.06255445446496163,0.06318896065714094,True
1000,0.0,116,dml_mult_boot,0.00031725309608965363,0.032609275855360415,-0.05966645761828713,0.06386893793073514,True
1000,0.0,116,dml_fixed_nuis_boot,0.00031725309608965363,0.033143506749268824,-0.06315705203775679,0.06699279874077023,True
1000,0.0,116,dml_pairs_boot,0.00031725309608965363,0.03675483060703693,-0.0680080410257874,0.07006252767131,True
1000,0.0,117,naive_ml,0.015986037245087268,0.016077038827294932,-0.015524958856410798,0.04749703334658534,True
1000,0.0,117,dml_if,0.024710350135894763,0.03054535114385992,-0.03515853810607068,0.0845792383778602,True
1000,0.0,117,dml_mult_boot,0.024710350135894763,0.030376838871780276,-0.02812528795949732,0.08088189725240771,True
1000,0.0,117,dml_fixed_nuis_boot,0.024710350135894763,0.03070587002572132,-0.03407236399931548,0.08677282994081044,True
1000,0.0,117,dml_pairs_boot,0.024710350135894763,0.0312014723101334,-0.041235773792421576,0.07142958911766595,True
1000,0.0,118,naive_ml,0.006356935000007586,0.01544536140223085,-0.023915973348364882,0.036629843348380056,True
1000,0.0,118,dml_if,0.0036813148591883452,0.03091165887695908,-0.056905536539651455,0.06426816625802814,True
1000,0.0,118,dml_mult_boot,0.0036813148591883452,0.03178994537719624,-0.059380507942891264,0.06193385206541695,True
1000,0.0,118,dml_fixed_nuis_boot,0.0036813148591883452,0.029176039967758027,-0.05264256602276816,0.06049835661311564,True
1000,0.0,118,dml_pairs_boot,0.0036813148591883452,0.03057434368883072,-0.06751930105220659,0.05362575569862638,True
1000,0.0,119,naive_ml,0.006228537553590889,0.014204586937197738,-0.021612452843316678,0.03406952795049845,True
1000,0.0,119,dml_if,-0.02021758478402822,0.03022111732275801,-0.07945097473663393,0.03901580516857748,True
1000,0.0,119,dml_mult_boot,-0.02021758478402822,0.028473194467136715,-0.07615336720188565,0.02918080402670851,True
1000,0.0,119,dml_fixed_nuis_boot,-0.02021758478402822,0.029055165758909055,-0.07363756571480341,0.03883933206221286,True
1000,0.0,119,dml_pairs_boot,-0.02021758478402822,0.03190493107734806,-0.0763778723414242,0.045456709521423624,True
1000,0.0,120,naive_ml,0.014865485184900239,0.01547016754960499,-0.015456043212325542,0.04518701358212602,True
1000,0.0,120,dml_if,0.0071448014886542986,0.029832402099599586,-0.05132670662656089,0.0656163096038695,True
1000,0.0,120,dml_mult_boot,0.0071448014886542986,0.031131003779525695,-0.05549890970070917,0.06689801113239069,True
1000,0.0,120,dml_fixed_nuis_boot,0.0071448014886542986,0.02882796455166982,-0.0506336901872948,0.06211890134918532,True
1000,0.0,120,dml_pairs_boot,0.0071448014886542986,0.025774235963990567,-0.03609657610836283,0.05890693700745392,True
1000,0.0,121,naive_ml,0.0007300840011785174,0.016238569723175965,-0.031097512656246374,0.032557680658603406,True
1000,0.0,121,dml_if,-0.012110618572522228,0.03212043612980775,-0.07506667338694542,0.050845436241900965,True
1000,0.0,121,dml_mult_boot,-0.012110618572522228,0.032142542529339506,-0.07365249243997911,0.05705230489352792,True
1000,0.0,121,dml_fixed_nuis_boot,-0.012110618572522228,0.03254992180337097,-0.07673954823500778,0.04913304110273717,True
1000,0.0,121,dml_pairs_boot,-0.012110618572522228,0.02833268207338894,-0.0628272816001172,0.0376180557520157,True
1000,0.0,122,naive_ml,0.022701828146299455,0.014928083387245442,-0.006557215292701611,0.05196087158530052,True
1000,0.0,122,dml_if,0.033354707896615945,0.031450405308521355,-0.02828808650808591,0.0949975023013178,True
1000,0.0,122,dml_mult_boot,0.033354707896615945,0.0317838653820811,-0.028298749693016087,0.09373502013581002,True
1000,0.0,122,dml_fixed_nuis_boot,0.033354707896615945,0.03167766914691622,-0.027584348871792296,0.09545790622578398,True
1000,0.0,122,dml_pairs_boot,0.033354707896615945,0.03226133602886444,-0.028724018176073538,0.08809307855910108,True
1000,0.0,123,naive_ml,0.007798881233268886,0.014130994527212058,-0.019897868040066748,0.035495630506604516,True
1000,0.0,123,dml_if,0.0017097706454530018,0.030627833042462253,-0.05832078211777301,0.061740323408679014,True
1000,0.0,123,dml_mult_boot,0.0017097706454530018,0.030196053712102267,-0.05886908444633535,0.06035389236186397,True
1000,0.0,123,dml_fixed_nuis_boot,0.0017097706454530018,0.031566597517946444,-0.06456462882073634,0.06390981871971509,True
1000,0.0,123,dml_pairs_boot,0.0017097706454530018,0.030307154977892974,-0.044917599508663204,0.06329549707987639,True
1000,0.0,124,naive_ml,0.007680888186925281,0.015471549426766906,-0.022643348689537855,0.03800512506338842,True
1000,0.0,124,dml_if,0.0014544200642252804,0.03188946429095717,-0.06104892994605076,0.06395777007450132,True
1000,0.0,124,dml_mult_boot,0.0014544200642252804,0.03076936474358206,-0.06038139110046735,0.06247855662786443,True
1000,0.0,124,dml_fixed_nuis_boot,0.0014544200642252804,0.03179917902924188,-0.06082062981480942,0.057143567919691635,True
1000,0.0,124,dml_pairs_boot,0.0014544200642252804,0.030503166324527597,-0.05952074122511077,0.050935363391719744,True
1000,0.0,125,naive_ml,-0.00012804502978853194,0.016333014849215097,-0.032140754134250125,0.03188466407467306,True
1000,0.0,125,dml_if,-0.019016831193809498,0.030382274184522513,-0.07856608859547362,0.04053242620785463,True
1000,0.0,125,dml_mult_boot,-0.019016831193809498,0.03169639654050335,-0.08210479660786203,0.03818733411025233,True
1000,0.0,125,dml_fixed_nuis_boot,-0.019016831193809498,0.031673599105538186,-0.0813507299726236,0.043180943564589465,True
1000,0.0,125,dml_pairs_boot,-0.019016831193809498,0.03320837279379399,-0.07156902138920242,0.04412596394781229,True
1000,0.0,126,naive_ml,0.0132691359211702,0.015011238726653973,-0.016152891983071585,0.042691163825411986,True
1000,0.0,126,dml_if,0.03426868843513943,0.031599643508164674,-0.02766661284086333,0.09620398971114219,True
1000,0.0,126,dml_mult_boot,0.03426868843513943,0.02988672916939763,-0.018992986928133886,0.09185885523013197,True
1000,0.0,126,dml_fixed_nuis_boot,0.03426868843513943,0.03228812256205478,-0.029757989598810018,0.09732104190690459,True
1000,0.0,126,dml_pairs_boot,0.03426868843513943,0.03253173834235476,-0.03079635686028036,0.09237099482658644,True
1000,0.0,127,naive_ml,0.003103708472891954,0.015493776553985575,-0.02726409357291977,0.03347151051870368,True
1000,0.0,127,dml_if,-0.02089337245980484,0.032456585401893064,-0.08450827984751524,0.04272153492790556,True
1000,0.0,127,dml_mult_boot,-0.02089337245980484,0.03127143783556301,-0.07603135848258723,0.04370661129010726,True
1000,0.0,127,dml_fixed_nuis_boot,-0.02089337245980484,0.03324311548840477,-0.08642183926393716,0.045441496868933534,True
1000,0.0,127,dml_pairs_boot,-0.02089337245980484,0.034231344516399045,-0.10353707922476611,0.023016026128507557,True
1000,0.0,128,naive_ml,0.003255896257607935,0.014709191840498978,-0.025574119749770058,0.03208591226498593,True
1000,0.0,128,dml_if,-0.008161868562104477,0.031037857556909656,-0.0689960693736474,0.052672332249438444,True
1000,0.0,128,dml_mult_boot,-0.008161868562104477,0.03139470935511263,-0.0705644269512317,0.054437821078472004,True
1000,0.0,128,dml_fixed_nuis_boot,-0.008161868562104477,0.03246419408569783,-0.06917264414917934,0.061004987720840176,True
1000,0.0,128,dml_pairs_boot,-0.008161868562104477,0.03297633379366751,-0.07782893774986911,0.05460362540314387,True
1000,0.0,129,naive_ml,0.0033158654557437503,0.016217260343135018,-0.028469964816800884,0.03510169572828838,True
1000,0.0,129,dml_if,-0.018495512900907767,0.03087059225211449,-0.07900187371505217,0.04201084791323663,True
1000,0.0,129,dml_mult_boot,-0.018495512900907767,0.02944964968606206,-0.07357838392403664,0.04253668619027845,True
1000,0.0,129,dml_fixed_nuis_boot,-0.018495512900907767,0.03208503809321961,-0.08485137856750956,0.04003552359475674,True
1000,0.0,129,dml_pairs_boot,-0.018495512900907767,0.03080418459233349,-0.05566807986446396,0.048695743419034564,True
1000,0.0,130,naive_ml,0.002316162724664602,0.016785611416554776,-0.030583635651782758,0.03521596110111196,True
1000,0.0,130,dml_if,-0.019067385506249722,0.03259610231814266,-0.08295574604980932,0.04482097503730988,True
1000,0.0,130,dml_mult_boot,-0.019067385506249722,0.033324941036605674,-0.08231018087452037,0.05162033038339425,True
1000,0.0,130,dml_fixed_nuis_boot,-0.019067385506249722,0.03039449513246387,-0.07907866555055242,0.03701961032690157,True
1000,0.0,130,dml_pairs_boot,-0.019067385506249722,0.03596412860326142,-0.08145859220501458,0.048535064920381864,True
1000,0.0,131,naive_ml,-2.4854264204447575e-05,0.015934881001670124,-0.03125722102747789,0.031207512499068994,True
1000,0.0,131,dml_if,-0.030250301031556518,0.03151610134068695,-0.09202185965930294,0.0315212575961899,True
1000,0.0,131,dml_mult_boot,-0.030250301031556518,0.02992399220189333,-0.088196277923746,0.026085357719738765,True
1000,0.0,131,dml_fixed_nuis_boot,-0.030250301031556518,0.032866955066492023,-0.09112543921625778,0.032667985590045336,True
1000,0.0,131,dml_pairs_boot,-0.030250301031556518,0.03139181471501933,-0.09648832766746952,0.01878688381592612,True
1000,0.0,132,naive_ml,0.021630622946105914,0.014999179259507594,-0.00776776840252897,0.0510290142947408,True
1000,0.0,132,dml_if,0.04021374332914003,0.031651657879010184,-0.02182350611371993,0.10225099277199999,True
1000,0.0,132,dml_mult_boot,0.04021374332914003,0.03321238784455697,-0.020744317662420488,0.10628227451570892,True
1000,0.0,132,dml_fixed_nuis_boot,0.04021374332914003,0.03040616722539074,-0.023177058799107284,0.09803746610864615,True
1000,0.0,132,dml_pairs_boot,0.04021374332914003,0.03163697542397388,-0.007646174127437841,0.10695440972005461,True
1000,0.0,133,naive_ml,0.007611563402343153,0.015006700482925057,-0.021801569544189957,0.037024696348876264,True
1000,0.0,133,dml_if,-0.013849768127930786,0.029043752896115174,-0.07077552380431652,0.04307598754845496,True
1000,0.0,133,dml_mult_boot,-0.013849768127930786,0.02915070372739817,-0.06915044549193686,0.04609492929265416,True
1000,0.0,133,dml_fixed_nuis_boot,-0.013849768127930786,0.026884255388842135,-0.06318736753295652,0.03947436739211583,True
1000,0.0,133,dml_pairs_boot,-0.013849768127930786,0.031479989233744746,-0.0736345068477494,0.03964309279295779,True
1000,0.0,134,naive_ml,-0.002890917608786675,0.014687548662846696,-0.0316785129879662,0.02589667777039285,True
1000,0.0,134,dml_if,-0.033217009455753524,0.03137102155805106,-0.09470421170953361,0.02827019279802656,True
1000,0.0,134,dml_mult_boot,-0.033217009455753524,0.031813445041256765,-0.09308511456971968,0.03354943330916907,True
1000,0.0,134,dml_fixed_nuis_boot,-0.033217009455753524,0.032934071258207305,-0.095444465824387,0.033051113704677934,True
1000,0.0,134,dml_pairs_boot,-0.033217009455753524,0.028408357884350623,-0.08524698439424098,0.01713310710294398,True
1000,0.0,135,naive_ml,0.015355450779239352,0.014747968705113527,-0.01355056788278316,0.044261469441261865,True
1000,0.0,135,dml_if,0.026273025588785557,0.03092029644756855,-0.034330755448448796,0.08687680662601992,True
1000,0.0,135,dml_mult_boot,0.026273025588785557,0.0310397738939359,-0.03298116597803189,0.08619480493199057,True
1000,0.0,135,dml_fixed_nuis_boot,0.026273025588785557,0.029702380199140874,-0.032378816383152036,0.08938674846625189,True
1000,0.0,135,dml_pairs_boot,0.026273025588785557,0.03179604779184204,-0.024351258313639268,0.08776454483137576,True
1000,0.0,136,naive_ml,-0.002763585383391007,0.01522316107101828,-0.032600981082586834,0.027073810315804824,True
1000,0.0,136,dml_if,-0.023334715230338785,0.032325575456633886,-0.0866928431253412,0.04002341266466364,True
1000,0.0,136,dml_mult_boot,-0.023334715230338785,0.03203301369631252,-0.08453639002316109,0.039425565571077736,True
1000,0.0,136,dml_fixed_nuis_boot,-0.023334715230338785,0.03126761612750429,-0.08518936183567542,0.04150942330971769,True
1000,0.0,136,dml_pairs_boot,-0.023334715230338785,0.030392931584876826,-0.0738370670913558,0.03438770347261606,True
1000,0.0,137,naive_ml,0.002443857223089663,0.015903728852949425,-0.02872745132869121,0.03361516577487054,True
1000,0.0,137,dml_if,-0.008229793118583621,0.030703445220325188,-0.06840854575042099,0.05194895951325375,True
1000,0.0,137,dml_mult_boot,-0.008229793118583621,0.031150401901208966,-0.06964339796746186,0.056876397144760615,True
1000,0.0,137,dml_fixed_nuis_boot,-0.008229793118583621,0.0304840864960108,-0.07001785459237071,0.04621326100477895,True
1000,0.0,137,dml_pairs_boot,-0.008229793118583621,0.03316891706178666,-0.09039318133850818,0.05217516671590084,True
1000,0.0,138,naive_ml,0.02260653384305451,0.01656589056800792,-0.00986261167024102,0.055075679356350035,True
1000,0.0,138,dml_if,0.03460614734599559,0.03256685145170746,-0.02922488149935102,0.09843717619134221,True
1000,0.0,138,dml_mult_boot,0.03460614734599559,0.03235602275284016,-0.02902032633085197,0.0948042429454094,True
1000,0.0,138,dml_fixed_nuis_boot,0.03460614734599559,0.03394048862448215,-0.03390450289681305,0.10325731807546967,True
1000,0.0,138,dml_pairs_boot,0.03460614734599559,0.038854679494952235,-0.03757830153642965,0.11165079018393535,True
1000,0.0,139,naive_ml,-0.0007410079047707193,0.01645101072266785,-0.03298498892119971,0.03150297311165827,True
1000,0.0,139,dml_if,-0.01476258007452858,0.03299419528465268,-0.07943120283244783,0.04990604268339067,True
1000,0.0,139,dml_mult_boot,-0.01476258007452858,0.03153500031234163,-0.07513727107849823,0.05247985488366396,True
1000,0.0,139,dml_fixed_nuis_boot,-0.01476258007452858,0.03398897916729296,-0.07941651880428993,0.053763862613313264,True
1000,0.0,139,dml_pairs_boot,-0.01476258007452858,0.03525956621056831,-0.06996611016533436,0.07309937324287462,True
1000,0.0,140,naive_ml,-0.014347887446794185,0.01625691206441817,-0.046211435093053796,0.01751566019946543,True
1000,0.0,140,dml_if,-0.05595769266359355,0.03183694449275101,-0.11835810386938553,0.006442718542198432,True
1000,0.0,140,dml_mult_boot,-0.05595769266359355,0.03244238926410462,-0.1202959807075559,0.011448372355970063,True
1000,0.0,140,dml_fixed_nuis_boot,-0.05595769266359355,0.03182191474794643,-0.11105776664811283,0.009780037736011963,True
1000,0.0,140,dml_pairs_boot,-0.05595769266359355,0.031025400948538274,-0.11054801442981543,0.004136835661841844,True
1000,0.0,141,naive_ml,0.009678885932260984,0.01592648037121071,-0.021537015595312008,0.04089478745983398,True
1000,0.0,141,dml_if,0.02445991894729286,0.03143469319400757,-0.03715207971296197,0.08607191760754769,True
1000,0.0,141,dml_mult_boot,0.02445991894729286,0.031157242340175022,-0.03511162680297965,0.0834122312623448,True
1000,0.0,141,dml_fixed_nuis_boot,0.02445991894729286,0.032806013921338945,-0.04046377637083231,0.08921427610107908,True
1000,0.0,141,dml_pairs_boot,0.02445991894729286,0.03243715914118382,-0.03902315252938596,0.07835039200592653,True
1000,0.0,142,naive_ml,0.011513667149345316,0.015903230348025404,-0.019656664332784478,0.04268399863147511,True
1000,0.0,142,dml_if,-0.005614294808167105,0.031340383489749664,-0.06704144644807644,0.05581285683174224,True
1000,0.0,142,dml_mult_boot,-0.005614294808167105,0.030307415281202437,-0.06536633913928136,0.05517911068951015,True
1000,0.0,142,dml_fixed_nuis_boot,-0.005614294808167105,0.030651223765153803,-0.06247641270619442,0.051716335835425314,True
1000,0.0,142,dml_pairs_boot,-0.005614294808167105,0.031014962910795696,-0.05605420748102108,0.05911619139977888,True
1000,0.0,143,naive_ml,0.01576441353168734,0.01551554914326359,-0.014646062789109297,0.04617488985248398,True
1000,0.0,143,dml_if,-0.011440062137486811,0.0308318221717147,-0.07187043359404763,0.048990309319074,True
1000,0.0,143,dml_mult_boot,-0.011440062137486811,0.031020540772542366,-0.06856972863452965,0.04508084593599852,True
1000,0.0,143,dml_fixed_nuis_boot,-0.011440062137486811,0.032354598815132155,-0.07588248978202011,0.058525960722280564,True
1000,0.0,143,dml_pairs_boot,-0.011440062137486811,0.035525342122748466,-0.0681693810342138,0.05950308675749033,True
1000,0.0,144,naive_ml,0.017112140399271968,0.015499913231056926,-0.013267689533599608,0.04749197033214354,True
1000,0.0,144,dml_if,0.030337594052754206,0.032508702116886556,-0.03337946209634344,0.09405465020185186,True
1000,0.0,144,dml_mult_boot,0.030337594052754206,0.03170246011902612,-0.03314879774578314,0.09222247522929489,True
1000,0.0,144,dml_fixed_nuis_boot,0.030337594052754206,0.031001574456830838,-0.02740371854752322,0.09068986001310692,True
1000,0.0,144,dml_pairs_boot,0.030337594052754206,0.033523926674298384,-0.0436092622056549,0.08936664531695994,True
1000,0.0,145,naive_ml,0.0032382332325626723,0.015471027189327647,-0.027084980058519517,0.03356144652364486,True
1000,0.0,145,dml_if,-0.023666969104976603,0.03297681850227698,-0.0883015333694395,0.04096759515948628,True
1000,0.0,145,dml_mult_boot,-0.023666969104976603,0.0337469827811147,-0.09127744198108487,0.045087641079106226,True
1000,0.0,145,dml_fixed_nuis_boot,-0.023666969104976603,0.03376366161194152,-0.08931694980183948,0.04064296982025962,True
1000,0.0,145,dml_pairs_boot,-0.023666969104976603,0.027974457302996258,-0.08452795130165895,0.020211085885872594,True
1000,0.0,146,naive_ml,0.0057856194824535,0.01693072381276559,-0.027398599190567058,0.03896983815547406,True
1000,0.0,146,dml_if,0.006433426843933669,0.03263378277136491,-0.057528787387941545,0.07039564107580888,True
1000,0.0,146,dml_mult_boot,0.006433426843933669,0.0320458725349805,-0.05726538822714005,0.07042815319491806,True
1000,0.0,146,dml_fixed_nuis_boot,0.006433426843933669,0.033369391784475816,-0.054347203339490543,0.06810884010825173,True
1000,0.0,146,dml_pairs_boot,0.006433426843933669,0.03402545082276887,-0.07021079832766597,0.06516286661251926,True
1000,0.0,147,naive_ml,-0.02031926073613342,0.015232703178563867,-0.0501753589661186,0.009536837493851757,True
1000,0.0,147,dml_if,-0.054385914592960764,0.03273923800047049,-0.11855482107388293,0.009782991887961397,True
1000,0.0,147,dml_mult_boot,-0.054385914592960764,0.031126962153445795,-0.12109109089578224,0.0032425734600542706,True
1000,0.0,147,dml_fixed_nuis_boot,-0.054385914592960764,0.03212219997617194,-0.11679821177608299,0.00903693842114498,True
1000,0.0,147,dml_pairs_boot,-0.054385914592960764,0.03199117412234435,-0.10173942695814037,0.019951230979911513,True
1000,0.0,148,naive_ml,0.008054889150603343,0.01655775811065868,-0.024398316746287667,0.04050809504749436,True
1000,0.0,148,dml_if,0.004501904239394778,0.03039103144226992,-0.05506451738745427,0.06406832586624382,True
1000,0.0,148,dml_mult_boot,0.004501904239394778,0.029349123156079078,-0.05242588368148716,0.06143208913934145,True
1000,0.0,148,dml_fixed_nuis_boot,0.004501904239394778,0.03055335325789281,-0.05224405497366241,0.06329730299824884,True
1000,0.0,148,dml_pairs_boot,0.004501904239394778,0.03399842646827678,-0.06803490655476348,0.05434193994330703,True
1000,0.0,149,naive_ml,0.02549921743294699,0.01576176524681505,-0.005393842450810513,0.05639227731670449,True
1000,0.0,149,dml_if,0.06628705005004777,0.03390900093103994,-0.00017459177479051124,0.13274869187488605,True
1000,0.0,149,dml_mult_boot,0.06628705005004777,0.033956465307265996,0.0008959939564305737,0.13531212970688702,False
1000,0.0,149,dml_fixed_nuis_boot,0.06628705005004777,0.03294561799671742,0.001973358185479138,0.13059883438503636,False
1000,0.0,149,dml_pairs_boot,0.06628705005004777,0.03161190914577444,0.000511044780676815,0.11767961068936672,False
1000,0.0,150,naive_ml,0.019913079663265148,0.014961938482740916,-0.009412319762907045,0.04923847908943734,True
1000,0.0,150,dml_if,0.04442746943419648,0.030277984423133814,-0.01491738003514579,0.10377231890353875,True
1000,0.0,150,dml_mult_boot,0.04442746943419648,0.030917096030609926,-0.012205004998880985,0.10642211692382564,True
1000,0.0,150,dml_fixed_nuis_boot,0.04442746943419648,0.030671287777937827,-0.017078743706889776,0.10679739406746944,True
1000,0.0,150,dml_pairs_boot,0.04442746943419648,0.03177757085476004,-0.03443277067309154,0.08496569720996683,True
1000,0.0,151,naive_ml,-0.005479995185584003,0.01594277423099463,-0.036727832678333475,0.025767842307165473,True
1000,0.0,151,dml_if,-0.017507109657893705,0.030856195958375365,-0.07798525373630942,0.04297103442052201,True
1000,0.0,151,dml_mult_boot,-0.017507109657893705,0.03087160911999569,-0.07695798096595836,0.0385038117179529,True
1000,0.0,151,dml_fixed_nuis_boot,-0.017507109657893705,0.03182971529899073,-0.07566363390257362,0.039852574229066635,True
1000,0.0,151,dml_pairs_boot,-0.017507109657893705,0.03009856299846789,-0.06973669849454102,0.0431022139983379,True
1000,0.0,152,naive_ml,0.004584437181352576,0.014702084846394726,-0.024231649117581088,0.03340052348028624,True
1000,0.0,152,dml_if,-0.005726115722783758,0.03339900425972849,-0.07118816407185159,0.05973593262628408,True
1000,0.0,152,dml_mult_boot,-0.005726115722783758,0.03561374276763238,-0.07359543965429026,0.06517919084610943,True
1000,0.0,152,dml_fixed_nuis_boot,-0.005726115722783758,0.03483836124704774,-0.07218740304108058,0.06405188110599865,True
1000,0.0,152,dml_pairs_boot,-0.005726115722783758,0.030396609497552036,-0.06777336060151544,0.03993004163160984,True
1000,0.0,153,naive_ml,-0.004448023187983905,0.015273117565025236,-0.034383333615433366,0.025487287239465556,True
1000,0.0,153,dml_if,-0.045256239939227096,0.031906535773239784,-0.10779305005477707,0.017280570176322875,True
1000,0.0,153,dml_mult_boot,-0.045256239939227096,0.033375040171547445,-0.11002572987278197,0.017855212360780883,True
1000,0.0,153,dml_fixed_nuis_boot,-0.045256239939227096,0.03107698295512455,-0.10627123848426485,0.019489383405772484,True
1000,0.0,153,dml_pairs_boot,-0.045256239939227096,0.03454139744461481,-0.10727902184943006,0.029248355349703846,True
1000,0.0,154,naive_ml,-0.00615380276841695,0.016748300436987395,-0.03898047162491224,0.026672866088078347,True
1000,0.0,154,dml_if,-0.030981514242851376,0.03140497876559648,-0.09253527262342048,0.030572244137717728,True
1000,0.0,154,dml_mult_boot,-0.030981514242851376,0.03323453138634752,-0.09133311706094444,0.03606532047034342,True
1000,0.0,154,dml_fixed_nuis_boot,-0.030981514242851376,0.031023575812735307,-0.09599360127949223,0.029717263769278444,True
1000,0.0,154,dml_pairs_boot,-0.030981514242851376,0.03098760008140569,-0.08860381892853844,0.031572776120313985,True
1000,0.0,155,naive_ml,-0.011146589062237333,0.015805699982538137,-0.04212576102801208,0.019832582903537413,True
1000,0.0,155,dml_if,-0.04839264192365706,0.0325837586742728,-0.11225680892523174,0.015471525077917624,True
1000,0.0,155,dml_mult_boot,-0.04839264192365706,0.033029506930017105,-0.11779490730157464,0.008711755147670855,True
1000,0.0,155,dml_fixed_nuis_boot,-0.04839264192365706,0.03221452538640479,-0.11109012485837136,0.017556753075540388,True
1000,0.0,155,dml_pairs_boot,-0.04839264192365706,0.03529940399728235,-0.12944998269171443,0.015017805410987286,True
1000,0.0,156,naive_ml,0.02111802764937825,0.014979753058992103,-0.008242288346246272,0.05047834364500277,True
1000,0.0,156,dml_if,0.030343828009969508,0.030920592066343313,-0.030260532440063388,0.09094818846000241,True
1000,0.0,156,dml_mult_boot,0.030343828009969508,0.029419755568145304,-0.03474288709800705,0.08395394397591414,True
1000,0.0,156,dml_fixed_nuis_boot,0.030343828009969508,0.03123771302678277,-0.02727784958638444,0.09424492206422605,True
1000,0.0,156,dml_pairs_boot,0.030343828009969508,0.03029371827629459,-0.03439110850728056,0.08057536333976234,True
1000,0.0,157,naive_ml,0.03345932162086906,0.014731581393551315,0.004585422089508479,0.06233322115222964,False
1000,0.0,157,dml_if,0.07088214191790575,0.031877879453287586,0.008401498189462078,0.1333627856463494,False
1000,0.0,157,dml_mult_boot,0.07088214191790575,0.03229373180543029,0.01228793123304917,0.13946899808742494,False
1000,0.0,157,dml_fixed_nuis_boot,0.07088214191790575,0.031563817249738946,0.013958600872904514,0.1295873656406872,False
1000,0.0,157,dml_pairs_boot,0.07088214191790575,0.030604716865480122,0.01584049002193594,0.1294513588376842,False
1000,0.0,158,naive_ml,0.027943936432000764,0.016661384427932135,-0.004712377046746222,0.06060024991074775,True
1000,0.0,158,dml_if,0.054045278750855213,0.03293663394577981,-0.010510523782873205,0.11860108128458363,True
1000,0.0,158,dml_mult_boot,0.054045278750855213,0.03240785361521163,7.140017542803224e-05,0.12150147236104503,False
1000,0.0,158,dml_fixed_nuis_boot,0.054045278750855213,0.03326088656802731,-0.006633166754230825,0.12444898280059515,True
1000,0.0,158,dml_pairs_boot,0.054045278750855213,0.030249239715787964,-0.011441227299361435,0.09930472520302695,True
1000,0.0,159,naive_ml,0.0035805479993955974,0.015332233805459401,-0.02647063025930483,0.033631726258096024,True
1000,0.0,159,dml_if,-0.025049551261414393,0.02934416035731303,-0.08256410556174792,0.032465003038919145,True
1000,0.0,159,dml_mult_boot,-0.025049551261414393,0.030194553142296316,-0.08446658223688558,0.03182644355632842,True
1000,0.0,159,dml_fixed_nuis_boot,-0.025049551261414393,0.028893777208825317,-0.08135345179564724,0.03416384546406125,True
1000,0.0,159,dml_pairs_boot,-0.025049551261414393,0.028651733591676814,-0.0841863689571482,0.02963403972205724,True
1000,0.0,160,naive_ml,0.02505094104267951,0.015213901290345251,-0.004768305486397183,0.0548701875717562,True
1000,0.0,160,dml_if,0.05274279623412308,0.03186441356146949,-0.009711454346357125,0.11519704681460327,True
1000,0.0,160,dml_mult_boot,0.05274279623412308,0.03126739137652821,-0.008975449501581922,0.11568444998444999,True
1000,0.0,160,dml_fixed_nuis_boot,0.05274279623412308,0.033477064269593695,-0.010103102182210076,0.11827775092645787,True
1000,0.0,160,dml_pairs_boot,0.05274279623412308,0.03253298538243135,-0.019063805816222745,0.10465607768705051,True
1000,0.0,161,naive_ml,-0.006574103768118237,0.015393654204140904,-0.03674566600823441,0.023597458471997932,True
1000,0.0,161,dml_if,-0.03527442616089904,0.03062407042283274,-0.09529760418965122,0.02474875186785313,True
1000,0.0,161,dml_mult_boot,-0.03527442616089904,0.03125600015045486,-0.09941052360931071,0.02312989331852837,True
1000,0.0,161,dml_fixed_nuis_boot,-0.03527442616089904,0.028548747426902277,-0.09012171796155187,0.023032879250861105,True
1000,0.0,161,dml_pairs_boot,-0.03527442616089904,0.029430267793906218,-0.09146457855463568,0.01800595128162511,True
1000,0.0,162,naive_ml,0.0039033717508881335,0.01474448130423592,-0.02499581160541427,0.03280255510719054,True
1000,0.0,162,dml_if,-0.00204883690115399,0.031223408474792314,-0.06324671751174693,0.05914904370943894,True
1000,0.0,162,dml_mult_boot,-0.00204883690115399,0.032750350834779236,-0.0701389576293817,0.06150451299189516,True
1000,0.0,162,dml_fixed_nuis_boot,-0.00204883690115399,0.03183651639772662,-0.06296222153923597,0.05735115409072767,True
1000,0.0,162,dml_pairs_boot,-0.00204883690115399,0.031322595376539704,-0.06762150341954876,0.05062165551919719,True
1000,0.0,163,naive_ml,0.017768838809394616,0.016644925289877308,-0.014855214758764904,0.050392892377554135,True
1000,0.0,163,dml_if,0.005351233287163456,0.03235738117163834,-0.058069233809247695,0.06877170038357461,True
1000,0.0,163,dml_mult_boot,0.005351233287163456,0.031925773541877894,-0.06091885489225766,0.06677806708897724,True
1000,0.0,163,dml_fixed_nuis_boot,0.005351233287163456,0.03263567424869328,-0.0595230881725045,0.06941677382459217,True
1000,0.0,163,dml_pairs_boot,0.005351233287163456,0.027033763986467486,-0.04691928448724189,0.059754551211361445,True
1000,0.0,164,naive_ml,0.0014187356069061718,0.016119145689381754,-0.030174789944282066,0.03301226115809441,True
1000,0.0,164,dml_if,-0.024992577518253494,0.03113737871237674,-0.0860218397945119,0.03603668475800492,True
1000,0.0,164,dml_mult_boot,-0.024992577518253494,0.03123167514497247,-0.08851052335318957,0.036386689084728856,True
1000,0.0,164,dml_fixed_nuis_boot,-0.024992577518253494,0.03062259932671235,-0.08466276346144992,0.03744504927836873,True
1000,0.0,164,dml_pairs_boot,-0.024992577518253494,0.03266906225498643,-0.09391954145362764,0.029502424405507762,True
1000,0.0,165,naive_ml,0.01686545120936459,0.015865231882000643,-0.014230403279356669,0.04796130569808585,True
1000,0.0,165,dml_if,0.03854764434435566,0.03201911384925479,-0.024209818800183733,0.10130510748889505,True
1000,0.0,165,dml_mult_boot,0.03854764434435566,0.03160566851920881,-0.020362568865967948,0.10447774893117591,True
1000,0.0,165,dml_fixed_nuis_boot,0.03854764434435566,0.030538422456348337,-0.0159925399417311,0.09999158858568556,True
1000,0.0,165,dml_pairs_boot,0.03854764434435566,0.033496499602025255,-0.02098471459925657,0.10058879917068661,True
1000,0.0,166,naive_ml,0.0007728667496558295,0.015372147364422632,-0.029356542084612528,0.03090227558392419,True
1000,0.0,166,dml_if,-0.01124960513931511,0.03217507910005685,-0.07431276017542653,0.051813549896796304,True
1000,0.0,166,dml_mult_boot,-0.01124960513931511,0.03122485350391983,-0.07403707237603373,0.04930029217322226,True
1000,0.0,166,dml_fixed_nuis_boot,-0.01124960513931511,0.03145032765300872,-0.07609272786043625,0.04938237932991794,True
1000,0.0,166,dml_pairs_boot,-0.01124960513931511,0.03014188632847339,-0.06778656868732764,0.03865369569777388,True
1000,0.0,167,naive_ml,0.013934534406275248,0.016033560270415338,-0.017491243723738815,0.04536031253628931,True
1000,0.0,167,dml_if,0.025931059407728975,0.029618119002762684,-0.032120453837685886,0.08398257265314384,True
1000,0.0,167,dml_mult_boot,0.025931059407728975,0.028253578884708412,-0.03397544228786833,0.07906406404086243,True
1000,0.0,167,dml_fixed_nuis_boot,0.025931059407728975,0.030050067009397913,-0.036927152796713145,0.07974020367673414,True
1000,0.0,167,dml_pairs_boot,0.025931059407728975,0.03104121301621711,-0.037627367161051924,0.08015830048524601,True
1000,0.0,168,naive_ml,-0.004872804675719562,0.016567907404276935,-0.03734590318810235,0.027600293836663226,True
1000,0.0,168,dml_if,-0.015163650757988425,0.031722372532961084,-0.07733950092259215,0.0470121994066153,True
1000,0.0,168,dml_mult_boot,-0.015163650757988425,0.031065299017783182,-0.07146699898701724,0.04464109551406853,True
1000,0.0,168,dml_fixed_nuis_boot,-0.015163650757988425,0.03035961904137782,-0.07197120972397564,0.04544477020413245,True
1000,0.0,168,dml_pairs_boot,-0.015163650757988425,0.030266872979535023,-0.07157672289790637,0.042381425819595094,True
1000,0.0,169,naive_ml,0.004663926279896697,0.014138914731766367,-0.02304834659436538,0.03237619915415878,True
1000,0.0,169,dml_if,0.006262070676835288,0.029147998235877177,-0.05086800586548398,0.06339214721915455,True
1000,0.0,169,dml_mult_boot,0.006262070676835288,0.028637879775735894,-0.048670074499888145,0.06244018418475529,True
1000,0.0,169,dml_fixed_nuis_boot,0.006262070676835288,0.028517376653712068,-0.0507232596205662,0.0610616510353309,True
1000,0.0,169,dml_pairs_boot,0.006262070676835288,0.029155000552201868,-0.05758249943012626,0.04829765169073412,True
1000,0.0,170,naive_ml,0.018646836191176196,0.01619248268773158,-0.013090429876777703,0.05038410225913009,True
1000,0.0,170,dml_if,0.016970593247566716,0.03268946401293438,-0.047100756217784666,0.08104194271291809,True
1000,0.0,170,dml_mult_boot,0.016970593247566716,0.03154977853733017,-0.041317580264595394,0.07783292356248607,True
1000,0.0,170,dml_fixed_nuis_boot,0.016970593247566716,0.031969186795969,-0.05143876812987406,0.0734074292530453,True
1000,0.0,170,dml_pairs_boot,0.016970593247566716,0.02863537215954997,-0.0317746824101203,0.07140711732590495,True
1000,0.0,171,naive_ml,-0.0028755128117595795,0.015296904720727035,-0.032857446064384566,0.02710642044086541,True
1000,0.0,171,dml_if,-0.02341270363891145,0.02923821288256888,-0.08071960088874645,0.03389419361092355,True
1000,0.0,171,dml_mult_boot,-0.02341270363891145,0.02890315001956048,-0.08069693198710724,0.031510539934523955,True
1000,0.0,171,dml_fixed_nuis_boot,-0.02341270363891145,0.028954586435878043,-0.0764430898851929,0.034975285436374265,True
1000,0.0,171,dml_pairs_boot,-0.02341270363891145,0.02949083247936066,-0.07858135199545038,0.03678309300994208,True
1000,0.0,172,naive_ml,0.02882136246019004,0.014490409201010116,0.00042016042621021224,0.05722256449416986,False
1000,0.0,172,dml_if,0.07129935141166571,0.031071565005875695,0.010399084000149349,0.13219961882318207,False
1000,0.0,172,dml_mult_boot,0.07129935141166571,0.03078937135903984,0.014221611794803513,0.12853870217908264,False
1000,0.0,172,dml_fixed_nuis_boot,0.07129935141166571,0.031731286228563325,0.00928251488963785,0.13079224722037566,False
1000,0.0,172,dml_pairs_boot,0.07129935141166571,0.028227788597320162,0.00860451361729495,0.1270074994995884,False
1000,0.0,173,naive_ml,0.008906720933367987,0.015581199498412739,-0.02163243008352098,0.03944587195025695,True
1000,0.0,173,dml_if,0.01651745228303144,0.031828303401940004,-0.045866022384770964,0.07890092695083384,True
1000,0.0,173,dml_mult_boot,0.01651745228303144,0.03129099695900857,-0.044478721931508015,0.07173251942815678,True
1000,0.0,173,dml_fixed_nuis_boot,0.01651745228303144,0.03173544528717546,-0.050105625543025896,0.0738303354431701,True
1000,0.0,173,dml_pairs_boot,0.01651745228303144,0.033018253404804035,-0.03732690204886837,0.08707304707620518,True
1000,0.0,174,naive_ml,0.008733654634091776,0.015390017196436023,-0.021430779070922827,0.03889808833910638,True
1000,0.0,174,dml_if,-0.003859954281296298,0.03148002158377346,-0.06556079658549227,0.057840888022899675,True
1000,0.0,174,dml_mult_boot,-0.003859954281296298,0.02950000067257942,-0.060245882340242744,0.059400539144934976,True
1000,0.0,174,dml_fixed_nuis_boot,-0.003859954281296298,0.0315081710575966,-0.06821021273519015,0.05414905483298203,True
1000,0.0,174,dml_pairs_boot,-0.003859954281296298,0.03598388896135118,-0.06937057013836159,0.057790562815876245,True
1000,0.0,175,naive_ml,0.011852661739451766,0.016214221350007507,-0.019927212106562946,0.043632535585466474,True
1000,0.0,175,dml_if,0.025931842059059882,0.030430827155273392,-0.033712579165275966,0.08557626328339572,True
1000,0.0,175,dml_mult_boot,0.025931842059059882,0.02928994110256957,-0.030916149803025622,0.082987814192922,True
1000,0.0,175,dml_fixed_nuis_boot,0.025931842059059882,0.031281910731397106,-0.029846807628916804,0.08913579557081333,True
1000,0.0,175,dml_pairs_boot,0.025931842059059882,0.03067722880815662,-0.04015380738262258,0.07594646091147589,True
1000,0.0,176,naive_ml,0.004902608914863983,0.014344963109827665,-0.02321351878039824,0.033018736610126206,True
1000,0.0,176,dml_if,-0.013523910705203696,0.029363966000375104,-0.0710772840659389,0.04402946265553151,True
1000,0.0,176,dml_mult_boot,-0.013523910705203696,0.029701926465753956,-0.0693704850749309,0.041836441529672155,True
1000,0.0,176,dml_fixed_nuis_boot,-0.013523910705203696,0.02911372254240525,-0.07015646994070968,0.04119556036967965,True
1000,0.0,176,dml_pairs_boot,-0.013523910705203696,0.026655520182506387,-0.06061863776920252,0.035525624442069054,True
1000,0.0,177,naive_ml,0.03020011190918073,0.0166388902901503,-0.002412113059513856,0.06281233687787531,True
1000,0.0,177,dml_if,0.0550028556627118,0.032355825207591775,-0.008414561744168082,0.11842027306959169,True
1000,0.0,177,dml_mult_boot,0.0550028556627118,0.03362010622361549,-0.013771973384565709,0.11802484159564385,True
1000,0.0,177,dml_fixed_nuis_boot,0.0550028556627118,0.033123805740708515,-0.012639078282465615,0.12062242169586468,True
1000,0.0,177,dml_pairs_boot,0.0550028556627118,0.034581382276891136,-0.00875575139686871,0.12839340323576015,True
1000,0.0,178,naive_ml,0.01238052298689809,0.0158556647891561,-0.018696579999847862,0.04345762597364405,True
1000,0.0,178,dml_if,0.016526573122242618,0.03190339369783987,-0.04600407852552353,0.07905722477000877,True
1000,0.0,178,dml_mult_boot,0.016526573122242618,0.0333832704904361,-0.04642311402603558,0.0770183257415217,True
1000,0.0,178,dml_fixed_nuis_boot,0.016526573122242618,0.033008381108642494,-0.04513885660824829,0.0791187723154724,True
1000,0.0,178,dml_pairs_boot,0.016526573122242618,0.035093403779208394,-0.059476485808918685,0.09109255285109524,True
1000,0.0,179,naive_ml,-0.009715555090677511,0.01624005421087035,-0.04154606134398339,0.022114951162628373,True
1000,0.0,179,dml_if,-0.04790320778288961,0.03419332503911225,-0.11492212485954961,0.0191157092937704,True
1000,0.0,179,dml_mult_boot,-0.04790320778288961,0.032960282229485084,-0.11418513109443354,0.015798804847097076,True
1000,0.0,179,dml_fixed_nuis_boot,-0.04790320778288961,0.03375188253453085,-0.1138488469150503,0.02189228565229859,True
1000,0.0,179,dml_pairs_boot,-0.04790320778288961,0.033053965366452207,-0.1055117059414082,0.026021985758772116,True
1000,0.0,180,naive_ml,0.033925261684649426,0.015960991352361512,0.002641718634020865,0.06520880473527799,False
1000,0.0,180,dml_if,0.056147444819129255,0.031130515264668254,-0.00486836509962052,0.11716325473787903,True
1000,0.0,180,dml_mult_boot,0.056147444819129255,0.03226250616887886,-0.005168006786619785,0.11992360153769771,True
1000,0.0,180,dml_fixed_nuis_boot,0.056147444819129255,0.03227254295417383,-0.01328884868161529,0.11992817191846158,True
1000,0.0,180,dml_pairs_boot,0.056147444819129255,0.030354836890551663,0.007845856593334208,0.12223480812144115,False
1000,0.0,181,naive_ml,-0.006766426681661428,0.015686666792754093,-0.03751229359545945,0.023979440232136596,True
1000,0.0,181,dml_if,-0.033851243678118134,0.02914096981913569,-0.09096754452362409,0.023265057167387818,True
1000,0.0,181,dml_mult_boot,-0.033851243678118134,0.029849035959419387,-0.09776748118082898,0.029106258512190175,True
1000,0.0,181,dml_fixed_nuis_boot,-0.033851243678118134,0.02874236172656344,-0.09458407880480317,0.024879407370452904,True
1000,0.0,181,dml_pairs_boot,-0.033851243678118134,0.03055818457289383,-0.09078953563002705,0.021888242268849827,True
1000,0.0,182,naive_ml,0.010046905072273434,0.016460467005394885,-0.022215610258300544,0.04230942040284741,True
1000,0.0,182,dml_if,0.03058551968572448,0.03136614207328796,-0.030892118777919916,0.09206315814936887,True
1000,0.0,182,dml_mult_boot,0.03058551968572448,0.03190728827002231,-0.03004011595843779,0.08701201434408531,True
1000,0.0,182,dml_fixed_nuis_boot,0.03058551968572448,0.03108308975490275,-0.030320917269052148,0.09181266791697805,True
1000,0.0,182,dml_pairs_boot,0.03058551968572448,0.029596678669259843,-0.03809919669130303,0.07539952781656183,True
1000,0.0,183,naive_ml,-0.006375273949686769,0.015756983512605797,-0.03725896163439413,0.024508413735020593,True
1000,0.0,183,dml_if,-0.04089991199059239,0.03248523023232593,-0.10457096324595122,0.022771139264766434,True
1000,0.0,183,dml_mult_boot,-0.04089991199059239,0.032390255809611704,-0.10383911654924856,0.024112305017419938,True
1000,0.0,183,dml_fixed_nuis_boot,-0.04089991199059239,0.03247926385206176,-0.10778080289670962,0.016296050806467118,True
1000,0.0,183,dml_pairs_boot,-0.04089991199059239,0.03294565063421037,-0.10260732874307349,0.01990097546931174,True
1000,0.0,184,naive_ml,0.02259370898092786,0.0164260171798358,-0.009601284691550308,0.05478870265340603,True
1000,0.0,184,dml_if,0.04453922476078901,0.03237016555820969,-0.018906299733301983,0.10798474925488,True
1000,0.0,184,dml_mult_boot,0.04453922476078901,0.03285509560277479,-0.01829057526537498,0.10986831237672613,True
1000,0.0,184,dml_fixed_nuis_boot,0.04453922476078901,0.033295590121070175,-0.022167530169963756,0.11021009021952889,True
1000,0.0,184,dml_pairs_boot,0.04453922476078901,0.0282937881275261,-0.0029325595180292817,0.09946591826071406,True
1000,0.0,185,naive_ml,-0.008672598188588267,0.015836518839773165,-0.03971217511454367,0.022366978737367135,True
1000,0.0,185,dml_if,-0.03517895271936472,0.030009430167852572,-0.09399743584835576,0.023639530409626318,True
1000,0.0,185,dml_mult_boot,-0.03517895271936472,0.030437925557070884,-0.09333173520561959,0.025795578651167595,True
1000,0.0,185,dml_fixed_nuis_boot,-0.03517895271936472,0.031216417999714155,-0.09741287541474242,0.023368072088580483,True
1000,0.0,185,dml_pairs_boot,-0.03517895271936472,0.02939598790795081,-0.08226441040773248,0.04233344990388807,True
1000,0.0,186,naive_ml,0.0026858179263349454,0.016964616286537774,-0.03056482999527909,0.03593646584794898,True
1000,0.0,186,dml_if,-0.018544581985264454,0.032971131555727236,-0.08316799983448984,0.04607883586396093,True
1000,0.0,186,dml_mult_boot,-0.018544581985264454,0.03320387661025881,-0.08590354171421424,0.05271981498109254,True
1000,0.0,186,dml_fixed_nuis_boot,-0.018544581985264454,0.03212317314483535,-0.07929348102991965,0.04063322937517328,True
1000,0.0,186,dml_pairs_boot,-0.018544581985264454,0.026227773818841296,-0.06875719980528126,0.034268146544103345,True
1000,0.0,187,naive_ml,0.007829540255747986,0.014847623756080206,-0.021271802306169214,0.03693088281766519,True
1000,0.0,187,dml_if,-0.011569236132047477,0.02971266067504533,-0.06980605105513632,0.04666757879104137,True
1000,0.0,187,dml_mult_boot,-0.011569236132047477,0.028906438383731293,-0.07416852946349246,0.04175154980875234,True
1000,0.0,187,dml_fixed_nuis_boot,-0.011569236132047477,0.029389358334569748,-0.06765221706377576,0.04907638824632795,True
1000,0.0,187,dml_pairs_boot,-0.011569236132047477,0.028849938124311775,-0.07234771298999665,0.037849248196078315,True
1000,0.0,188,naive_ml,0.004459407548894941,0.01603054395893492,-0.0269604586106175,0.035879273708407385,True
1000,0.0,188,dml_if,-0.0259142937175948,0.03158619045465734,-0.08782322700872319,0.035994639573533584,True
1000,0.0,188,dml_mult_boot,-0.0259142937175948,0.032242712101620226,-0.08947143248167655,0.03268036754125736,True
1000,0.0,188,dml_fixed_nuis_boot,-0.0259142937175948,0.031769918574458045,-0.08430463650469175,0.035504842444557136,True
1000,0.0,188,dml_pairs_boot,-0.0259142937175948,0.035980299736827606,-0.09502036648461308,0.033859404305459445,True
1000,0.0,189,naive_ml,-0.013642380236176525,0.015214487974390897,-0.04346277666598268,0.016178016193629633,True
1000,0.0,189,dml_if,-0.02991031359311168,0.03144159802200762,-0.09153584571624661,0.03171521853002325,True
1000,0.0,189,dml_mult_boot,-0.02991031359311168,0.0298694727727109,-0.09055105043183959,0.028743270194808976,True
1000,0.0,189,dml_fixed_nuis_boot,-0.02991031359311168,0.030493484784248157,-0.08836547613100057,0.02719552358906339,True
1000,0.0,189,dml_pairs_boot,-0.02991031359311168,0.03497802298465648,-0.07947427680445517,0.0492557589204796,True
1000,0.0,190,naive_ml,0.015313776973567048,0.0158912893498016,-0.01583315015204409,0.046460704099178185,True
1000,0.0,190,dml_if,0.01805029156611908,0.030803145036790047,-0.042323872705989404,0.07842445583822757,True
1000,0.0,190,dml_mult_boot,0.01805029156611908,0.032527886030207454,-0.05042817811390289,0.07768736916195439,True
1000,0.0,190,dml_fixed_nuis_boot,0.01805029156611908,0.03155436136506466,-0.04199898749299918,0.07843244415896418,True
1000,0.0,190,dml_pairs_boot,0.01805029156611908,0.02964113169460024,-0.050815411807425034,0.06700393258047495,True
1000,0.0,191,naive_ml,0.0030502413888579905,0.014914965325503463,-0.0261830906491288,0.03228357342684478,True
1000,0.0,191,dml_if,-0.01129651833657421,0.031167834140319383,-0.07238547325160019,0.049792436578451775,True
1000,0.0,191,dml_mult_boot,-0.01129651833657421,0.029059035018534924,-0.0736821884127921,0.04331878768396299,True
1000,0.0,191,dml_fixed_nuis_boot,-0.01129651833657421,0.031801307446261765,-0.07329600756602392,0.05246004510049938,True
1000,0.0,191,dml_pairs_boot,-0.01129651833657421,0.03274861798300822,-0.06994831193618173,0.05617761077221086,True
1000,0.0,192,naive_ml,0.00988972295914943,0.014784218987572699,-0.01908734625649306,0.03886679217479192,True
1000,0.0,192,dml_if,-0.010352959508778218,0.02900376298050852,-0.06720033495057492,0.046494415933018486,True
1000,0.0,192,dml_mult_boot,-0.010352959508778218,0.028706948702589077,-0.06663535340875444,0.04152294080900033,True
1000,0.0,192,dml_fixed_nuis_boot,-0.010352959508778218,0.02978150663761521,-0.06417718480196619,0.050950299264313235,True
1000,0.0,192,dml_pairs_boot,-0.010352959508778218,0.031273148180372974,-0.07665198771780027,0.04210753528900343,True
1000,0.0,193,naive_ml,0.012440574049538952,0.014955277248306607,-0.016871769357142,0.0417529174562199,True
1000,0.0,193,dml_if,0.017032661612582878,0.032950520836448234,-0.04755035922685566,0.08161568245202142,True
1000,0.0,193,dml_mult_boot,0.017032661612582878,0.03131684396340317,-0.04448203947123166,0.07854562831668788,True
1000,0.0,193,dml_fixed_nuis_boot,0.017032661612582878,0.03115289312676852,-0.04273153236564819,0.08034620789739705,True
1000,0.0,193,dml_pairs_boot,0.017032661612582878,0.030698365562789987,-0.041170027121751364,0.08573518531948937,True
1000,0.0,194,naive_ml,-0.004084833632789532,0.015343302512850793,-0.034157706557977084,0.02598803929239802,True
1000,0.0,194,dml_if,-0.034313882287112386,0.03031425376023131,-0.09372981965716576,0.025102055082940986,True
1000,0.0,194,dml_mult_boot,-0.034313882287112386,0.029588558491437808,-0.0917190239875192,0.022751351696182198,True
1000,0.0,194,dml_fixed_nuis_boot,-0.034313882287112386,0.030688975536534446,-0.09038381235298514,0.02240313976636448,True
1000,0.0,194,dml_pairs_boot,-0.034313882287112386,0.03305010332573103,-0.09187826846551254,0.027756723536868696,True
1000,0.0,195,naive_ml,0.005433593322604911,0.016615546419416222,-0.027132877659450886,0.038000064304660706,True
1000,0.0,195,dml_if,-0.015960733011109902,0.031147357561401107,-0.07700955383145608,0.04508808780923627,True
1000,0.0,195,dml_mult_boot,-0.015960733011109902,0.032627896246641926,-0.07479046186099247,0.04595165505955211,True
1000,0.0,195,dml_fixed_nuis_boot,-0.015960733011109902,0.03186692508175116,-0.07835865127425598,0.04365519785072375,True
1000,0.0,195,dml_pairs_boot,-0.015960733011109902,0.03283995575783631,-0.07731239191688861,0.05027078247284629,True
1000,0.0,196,naive_ml,0.02823247657181332,0.01525647360927154,-0.0016702117023589015,0.058135164845985535,True
1000,0.0,196,dml_if,0.06496044967063327,0.030926829715166363,0.004343863428907205,0.12557703591235936,False
1000,0.0,196,dml_mult_boot,0.06496044967063327,0.030717823613804932,0.0033525230287261083,0.1255935185878947,False
1000,0.0,196,dml_fixed_nuis_boot,0.06496044967063327,0.031989801986021374,0.0013442659086770699,0.12571860548490735,False
1000,0.0,196,dml_pairs_boot,0.06496044967063327,0.03001420649605206,0.010922097939855456,0.12499946175550428,False
1000,0.0,197,naive_ml,0.007009632911222893,0.014534822052933287,-0.02147861831252635,0.03549788413497214,True
1000,0.0,197,dml_if,0.017259834908992525,0.030204173799880756,-0.041940345738773754,0.07646001555675881,True
1000,0.0,197,dml_mult_boot,0.017259834908992525,0.030388117547424213,-0.043103286100043034,0.07927100334108377,True
1000,0.0,197,dml_fixed_nuis_boot,0.017259834908992525,0.030563779951884827,-0.040033831688594666,0.08069071043894632,True
1000,0.0,197,dml_pairs_boot,0.017259834908992525,0.026307167824304888,-0.02919843676704015,0.06710759144102434,True
1000,0.0,198,naive_ml,0.01773688124659869,0.015208408330304284,-0.012071599080797708,0.04754536157399508,True
1000,0.0,198,dml_if,0.02913177064989258,0.030622022728641098,-0.03088739389824397,0.08915093519802914,True
1000,0.0,198,dml_mult_boot,0.02913177064989258,0.028573685740768087,-0.02723831262085171,0.08348555470764753,True
1000,0.0,198,dml_fixed_nuis_boot,0.02913177064989258,0.03065470461532057,-0.03216279878715563,0.08360538241470182,True
1000,0.0,198,dml_pairs_boot,0.02913177064989258,0.032108064713716515,-0.0365162644373193,0.08555766548459535,True
1000,0.0,199,naive_ml,0.01255876177147846,0.01471146265767032,-0.01627570503755537,0.04139322858051229,True
1000,0.0,199,dml_if,0.0298367281993115,0.027630065130549112,-0.02431819945656476,0.08399165585518777,True
1000,0.0,199,dml_mult_boot,0.0298367281993115,0.028899895498929077,-0.025768562521668457,0.08806004149118177,True
1000,0.0,199,dml_fixed_nuis_boot,0.0298367281993115,0.02858244867235065,-0.028118798625191337,0.08155166910967886,True
1000,0.0,199,dml_pairs_boot,0.0298367281993115,0.03078540635613809,-0.022094728498117427,0.09590995511642827,True
1000,0.5,0,naive_ml,0.15347980477708761,0.015912169880599625,0.12229195181111235,0.18466765774306287,False
1000,0.5,0,dml_if,0.41591507145127854,0.03158726229526747,0.3540040373525543,0.47782610555000277,False
1000,0.5,0,dml_mult_boot,0.41591507145127854,0.029458851322657874,0.3552243751680162,0.471130109461325,False
1000,0.5,0,dml_fixed_nuis_boot,0.41591507145127854,0.0327405873550244,0.35277158749016846,0.4768416939343567,False
1000,0.5,0,dml_pairs_boot,0.41591507145127854,0.028393104763244355,0.3766370512456368,0.47156884033349555,False
1000,0.5,1,naive_ml,0.1946279787689417,0.016578953631200474,0.16213322965178878,0.2271227278860946,False
1000,0.5,1,dml_if,0.5046017926904994,0.03228387171610635,0.441325404126931,0.5678781812540679,True
1000,0.5,1,dml_mult_boot,0.5046017926904994,0.029536540930181824,0.4455272163949088,0.5622208405918361,True
1000,0.5,1,dml_fixed_nuis_boot,0.5046017926904994,0.03218969019829956,0.4383762595090775,0.569451619773826,True
1000,0.5,1,dml_pairs_boot,0.5046017926904994,0.03451825331709262,0.42687845706862665,0.5737791264496612,True
1000,0.5,2,naive_ml,0.19186668170471707,0.016485212283350193,0.1595556656293507,0.22417769778008345,False
1000,0.5,2,dml_if,0.5430993608593324,0.031116820352971048,0.4821103929675092,0.6040883287511557,True
1000,0.5,2,dml_mult_boot,0.5430993608593324,0.031616649717250186,0.483454391977768,0.6057095385467919,True
1000,0.5,2,dml_fixed_nuis_boot,0.5430993608593324,0.029424892998268705,0.48096779068516515,0.6011833283737128,True
1000,0.5,2,dml_pairs_boot,0.5430993608593324,0.03432581729257785,0.47646159481936645,0.6054414985488499,True
1000,0.5,3,naive_ml,0.15962877807982323,0.015488096175358072,0.1292721095761214,0.18998544658352506,False
1000,0.5,3,dml_if,0.4410857187994453,0.03156987191962081,0.37920876983698854,0.5029626677619021,True
1000,0.5,3,dml_mult_boot,0.4410857187994453,0.03268834700537991,0.3759260319131628,0.5048418066010939,True
1000,0.5,3,dml_fixed_nuis_boot,0.4410857187994453,0.03205851406848282,0.3820442544732152,0.5071238974125478,True
1000,0.5,3,dml_pairs_boot,0.4410857187994453,0.03327701777526712,0.3838621975437666,0.5111311167619728,True
1000,0.5,4,naive_ml,0.17969210195012844,0.015716513249303316,0.14888773598149393,0.21049646791876295,False
1000,0.5,4,dml_if,0.510671922140532,0.031201408490415014,0.4495171614993186,0.5718266827817454,True
1000,0.5,4,dml_mult_boot,0.510671922140532,0.029700345215857196,0.4526895882929039,0.5650524425245746,True
1000,0.5,4,dml_fixed_nuis_boot,0.510671922140532,0.031068697541759744,0.453823074356124,0.5741213199187013,True
1000,0.5,4,dml_pairs_boot,0.510671922140532,0.032059707917110616,0.4551182282120952,0.576796160999202,True
1000,0.5,5,naive_ml,0.18935227573386193,0.017462180115696196,0.15512640270709738,0.22357814876062648,False
1000,0.5,5,dml_if,0.5279333734439582,0.033569712609591365,0.4621367367291591,0.5937300101587573,True
1000,0.5,5,dml_mult_boot,0.5279333734439582,0.034019458994061336,0.4647788177106174,0.5897676966064721,True
1000,0.5,5,dml_fixed_nuis_boot,0.5279333734439582,0.033228102195297364,0.45793401478249196,0.5874631128670501,True
1000,0.5,5,dml_pairs_boot,0.5279333734439582,0.03711984187673412,0.4481040763041333,0.5910689945856067,True
1000,0.5,6,naive_ml,0.1701127861072779,0.01541456494669038,0.13990023881176475,0.20032533340279104,False
1000,0.5,6,dml_if,0.47228372857553064,0.0314040518597604,0.41073178693040024,0.533835670220661,True
1000,0.5,6,dml_mult_boot,0.47228372857553064,0.030815612775507515,0.4179838679407931,0.5364412110293252,True
1000,0.5,6,dml_fixed_nuis_boot,0.47228372857553064,0.032472658613307816,0.4130787920134366,0.5374384395406212,True
1000,0.5,6,dml_pairs_boot,0.47228372857553064,0.02930289900403727,0.4227833761610833,0.5214522557025713,True
1000,0.5,7,naive_ml,0.17055900508126515,0.016541047065088917,0.13813855283369086,0.20297945732883943,False
1000,0.5,7,dml_if,0.4866804630507622,0.031209694533057154,0.42550946176597015,0.5478514643355542,True
1000,0.5,7,dml_mult_boot,0.4866804630507622,0.029561007149253776,0.43450399492348557,0.5452910130820896,True
1000,0.5,7,dml_fixed_nuis_boot,0.4866804630507622,0.03259187881280077,0.4280081211457607,0.5506804882146134,True
1000,0.5,7,dml_pairs_boot,0.4866804630507622,0.033386247759140585,0.42199647658680306,0.5540177937257442,True
1000,0.5,8,naive_ml,0.1391870040799812,0.0156287682794626,0.1085546182522345,0.16981938990772788,False
1000,0.5,8,dml_if,0.4304879511125145,0.03442208107014849,0.36302067221502343,0.4979552300100055,False
1000,0.5,8,dml_mult_boot,0.4304879511125145,0.03320567341996912,0.36541449738852944,0.49762834078291973,False
1000,0.5,8,dml_fixed_nuis_boot,0.4304879511125145,0.03360175488866049,0.35825688839114866,0.4908221275606138,False
1000,0.5,8,dml_pairs_boot,0.4304879511125145,0.0335283170770732,0.35688881262601196,0.5017716936173279,True
1000,0.5,9,naive_ml,0.20438773603916774,0.016549434723389107,0.1719508439813251,0.23682462809701038,False
1000,0.5,9,dml_if,0.511428269153498,0.030554585113592537,0.45154128233085666,0.5713152559761394,True
1000,0.5,9,dml_mult_boot,0.511428269153498,0.030881440206724606,0.45350915495697264,0.5750892854849182,True
1000,0.5,9,dml_fixed_nuis_boot,0.511428269153498,0.030959640554354673,0.4523178426938927,0.5710796914021646,True
1000,0.5,9,dml_pairs_boot,0.511428269153498,0.030857290120207992,0.4493643608581014,0.5765369327112599,True
1000,0.5,10,naive_ml,0.18515857215028164,0.01661620185040142,0.15259081652349485,0.21772632777706843,False
1000,0.5,10,dml_if,0.5163497481868594,0.0308966173821113,0.4557923781179213,0.5769071182557975,True
1000,0.5,10,dml_mult_boot,0.5163497481868594,0.030938810762129416,0.46108491371391164,0.5769533275230846,True
1000,0.5,10,dml_fixed_nuis_boot,0.5163497481868594,0.031019759881990048,0.4594833179189083,0.5758089889062366,True
1000,0.5,10,dml_pairs_boot,0.5163497481868594,0.030123202729499917,0.44221751441672186,0.5586963497523848,True
1000,0.5,11,naive_ml,0.15806903307347636,0.01648914011115363,0.12575031845561524,0.19038774769133748,False
1000,0.5,11,dml_if,0.4677032124756998,0.03404655118076603,0.40097197216139835,0.5344344527900012,True
1000,0.5,11,dml_mult_boot,0.4677032124756998,0.03496801109402087,0.3926919761470003,0.5313006333859593,True
1000,0.5,11,dml_fixed_nuis_boot,0.4677032124756998,0.03525717451047882,0.4060343574495279,0.5388179126905143,True
1000,0.5,11,dml_pairs_boot,0.4677032124756998,0.036852751003796515,0.4016766147777322,0.5400684507928204,True
1000,0.5,12,naive_ml,0.17177202268857084,0.01620332278680192,0.14001351002643908,0.2035305353507026,False
1000,0.5,12,dml_if,0.4684434075950645,0.03047453334089862,0.40871332224690315,0.5281734929432258,True
1000,0.5,12,dml_mult_boot,0.4684434075950645,0.030941884650038172,0.4090886271909499,0.5254483007192899,True
1000,0.5,12,dml_fixed_nuis_boot,0.4684434075950645,0.029201352361762228,0.4116629946766423,0.5215159280850322,True
1000,0.5,12,dml_pairs_boot,0.4684434075950645,0.030241412940810737,0.41415586738349175,0.5328351518923589,True
1000,0.5,13,naive_ml,0.1668977756508687,0.016214745558313863,0.13511687435657352,0.19867867694516386,False
1000,0.5,13,dml_if,0.4842724257393631,0.03350178686927082,0.41860892347559225,0.5499359280031338,True
1000,0.5,13,dml_mult_boot,0.4842724257393631,0.03370022477740184,0.4198005036672612,0.547962942164504,True
1000,0.5,13,dml_fixed_nuis_boot,0.4842724257393631,0.03321832622513346,0.4172234603114003,0.5545099520809352,True
1000,0.5,13,dml_pairs_boot,0.4842724257393631,0.03550354104369637,0.4354179315486865,0.5652590343937127,True
1000,0.5,14,naive_ml,0.17472371382244034,0.01637050231214352,0.14263752929063905,0.20680989835424163,False
1000,0.5,14,dml_if,0.48225028701946815,0.031165271391731354,0.4211663550916747,0.5433342189472616,True
1000,0.5,14,dml_mult_boot,0.48225028701946815,0.031575143295913245,0.4220242013671426,0.544004799232738,True
1000,0.5,14,dml_fixed_nuis_boot,0.48225028701946815,0.030949449615159268,0.42077519819105746,0.5426824466702209,True
1000,0.5,14,dml_pairs_boot,0.48225028701946815,0.03046512920291575,0.42393757222848416,0.5364542786904799,True
1000,0.5,15,naive_ml,0.19297017947129622,0.016250610861716343,0.16111898218233217,0.22482137676026026,False
1000,0.5,15,dml_if,0.509581402154995,0.031035136163420445,0.44875253527469094,0.5704102690352991,True
1000,0.5,15,dml_mult_boot,0.509581402154995,0.03173814961969569,0.44827497103334174,0.5713620533134697,True
1000,0.5,15,dml_fixed_nuis_boot,0.509581402154995,0.03009482508684628,0.4535854883146751,0.5731605751312486,True
1000,0.5,15,dml_pairs_boot,0.509581402154995,0.031251960595500054,0.45275690229381393,0.5850114761010671,True
1000,0.5,16,naive_ml,0.16126750575532844,0.016149481872490677,0.12961452128524673,0.19292049022541016,False
1000,0.5,16,dml_if,0.4687543748809595,0.03245627954647702,0.40514006696986454,0.5323686827920544,True
1000,0.5,16,dml_mult_boot,0.4687543748809595,0.032681081196822934,0.4058492732675267,0.5318998211352045,True
1000,0.5,16,dml_fixed_nuis_boot,0.4687543748809595,0.033632776888765724,0.40199790728914153,0.5297399342892452,True
1000,0.5,16,dml_pairs_boot,0.4687543748809595,0.034593240089613515,0.4038922948853387,0.538089415557952,True
1000,0.5,17,naive_ml,0.17541379384666636,0.016923807837643374,0.14224313048488535,0.20858445720844737,False
1000,0.5,17,dml_if,0.4846609854458162,0.03334567460564478,0.41930346321875245,0.55001850767288,True
1000,0.5,17,dml_mult_boot,0.4846609854458162,0.03265438771755325,0.41368252518082815,0.5480195386555623,True
1000,0.5,17,dml_fixed_nuis_boot,0.4846609854458162,0.03150019366959469,0.42896018962562454,0.5535354962632543,True
1000,0.5,17,dml_pairs_boot,0.4846609854458162,0.03463673449535673,0.4199922668651505,0.5602572223699929,True
1000,0.5,18,naive_ml,0.1870378466987266,0.01620871911958502,0.15526875722433997,0.21880693617311325,False
1000,0.5,18,dml_if,0.4878292989752036,0.032332634504119856,0.4244573353471287,0.5512012626032785,True
1000,0.5,18,dml_mult_boot,0.4878292989752036,0.02967237511740092,0.4317218812091447,0.5452051391888585,True
1000,0.5,18,dml_fixed_nuis_boot,0.4878292989752036,0.03204515586447863,0.43006516035032766,0.5506951636416004,True
1000,0.5,18,dml_pairs_boot,0.4878292989752036,0.03143084613446467,0.4238980834944473,0.5434603633684414,True
1000,0.5,19,naive_ml,0.16681235749426954,0.01557896117651481,0.1362775935883005,0.19734712140023858,False
1000,0.5,19,dml_if,0.4580730200402888,0.029760173587750897,0.39974307980829704,0.5164029602722806,True
1000,0.5,19,dml_mult_boot,0.4580730200402888,0.03106752740967405,0.39823472611382993,0.5161362431916804,True
1000,0.5,19,dml_fixed_nuis_boot,0.4580730200402888,0.031220501975626636,0.4043675458539414,0.5236650456205783,True
1000,0.5,19,dml_pairs_boot,0.4580730200402888,0.030457255592136877,0.39499014529106363,0.5194710176892765,True
1000,0.5,20,naive_ml,0.1890548595513117,0.015210516854424871,0.15924224651663896,0.21886747258598446,False
1000,0.5,20,dml_if,0.4989346626676506,0.029784755905853784,0.4405565410921772,0.557312784243124,True
1000,0.5,20,dml_mult_boot,0.4989346626676506,0.028642276579876495,0.4410274603232249,0.5498952756986806,True
1000,0.5,20,dml_fixed_nuis_boot,0.4989346626676506,0.031155003847213297,0.4366448394053041,0.5580552123217284,True
1000,0.5,20,dml_pairs_boot,0.4989346626676506,0.03276778100335502,0.44286525103988894,0.5640210278829177,True
1000,0.5,21,naive_ml,0.1807847722796766,0.01469905602368316,0.1519746224732576,0.2095949220860956,False
1000,0.5,21,dml_if,0.5144421064369544,0.030248052677295606,0.455155923189455,0.5737282896844538,True
1000,0.5,21,dml_mult_boot,0.5144421064369544,0.03146119370290143,0.45313128998993024,0.5824547819476603,True
1000,0.5,21,dml_fixed_nuis_boot,0.5144421064369544,0.030267728258141016,0.45645293009657345,0.574215259149058,True
1000,0.5,21,dml_pairs_boot,0.5144421064369544,0.02878649256817263,0.445717650931382,0.5547912532165398,True
1000,0.5,22,naive_ml,0.16850242620870665,0.015679860654908517,0.13776989932508596,0.19923495309232733,False
1000,0.5,22,dml_if,0.48529685062384853,0.032041863321826715,0.42249479851306815,0.5480989027346289,True
1000,0.5,22,dml_mult_boot,0.48529685062384853,0.03124080182514635,0.42582679456589945,0.5458948126102967,True
1000,0.5,22,dml_fixed_nuis_boot,0.48529685062384853,0.031194292251144114,0.42699956034448244,0.5448947263191785,True
1000,0.5,22,dml_pairs_boot,0.48529685062384853,0.03397694692524647,0.41242829370256606,0.5540984609522449,True
1000,0.5,23,naive_ml,0.18171109900402932,0.016496291244045867,0.14937836816569944,0.2140438298423592,False
1000,0.5,23,dml_if,0.515095845458242,0.03268245976062719,0.45103822432741275,0.5791534665890713,True
1000,0.5,23,dml_mult_boot,0.515095845458242,0.031262097665074366,0.4508820742573466,0.5793678502260692,True
1000,0.5,23,dml_fixed_nuis_boot,0.515095845458242,0.03154023394001528,0.4595010430581518,0.5850483477824556,True
1000,0.5,23,dml_pairs_boot,0.515095845458242,0.033435276602201365,0.4537035403403655,0.5662826442007766,True
1000,0.5,24,naive_ml,0.1815806415840249,0.0158059742147094,0.15060093212319448,0.21256035104485532,False
1000,0.5,24,dml_if,0.5012059126431677,0.031187494012664685,0.44007842437834493,0.5623334009079906,True
1000,0.5,24,dml_mult_boot,0.5012059126431677,0.03177366541347801,0.44032312602166335,0.5585698862900133,True
1000,0.5,24,dml_fixed_nuis_boot,0.5012059126431677,0.030696438021275863,0.4414524605102403,0.561009392143005,True
1000,0.5,24,dml_pairs_boot,0.5012059126431677,0.035426569290267516,0.4318081214600321,0.5656019155440294,True
1000,0.5,25,naive_ml,0.15432337094587373,0.015858551187264053,0.12324061061883618,0.18540613127291128,False
1000,0.5,25,dml_if,0.4409153170393233,0.03232925136151418,0.3775499843707555,0.5042806497078911,True
1000,0.5,25,dml_mult_boot,0.4409153170393233,0.03167391369893596,0.3766445045904588,0.5023057344955911,True
1000,0.5,25,dml_fixed_nuis_boot,0.4409153170393233,0.032155769887978074,0.38062951818807406,0.5063819691311263,True
1000,0.5,25,dml_pairs_boot,0.4409153170393233,0.031528393075335906,0.36706462463540807,0.49447916561063837,False
1000,0.5,26,naive_ml,0.1867501648219587,0.016412342650563967,0.15458197322685333,0.21891835641706406,False
1000,0.5,26,dml_if,0.5195208690119176,0.030554619888370885,0.4596338140307107,0.5794079239931246,True
1000,0.5,26,dml_mult_boot,0.5195208690119176,0.02966357011880013,0.45970598554248654,0.5770246926619058,True
1000,0.5,26,dml_fixed_nuis_boot,0.5195208690119176,0.029292981106402594,0.46771555560223266,0.5782039163765078,True
1000,0.5,26,dml_pairs_boot,0.5195208690119176,0.028868745783572246,0.45889931120147115,0.5684267989288243,True
1000,0.5,27,naive_ml,0.1836907478996482,0.01651860277672729,0.15131428645726272,0.2160672093420337,False
1000,0.5,27,dml_if,0.538362871793261,0.033463442607875,0.47277452428182604,0.6039512193046961,True
1000,0.5,27,dml_mult_boot,0.538362871793261,0.03328631956544298,0.47133705736708814,0.59667886174233,True
1000,0.5,27,dml_fixed_nuis_boot,0.538362871793261,0.03563838420987697,0.4682709505500585,0.6104049124805968,True
1000,0.5,27,dml_pairs_boot,0.538362871793261,0.03544931666870538,0.4718249631113326,0.6122927461009301,True
1000,0.5,28,naive_ml,0.19816922181797259,0.015938802722080276,0.16692916848269523,0.22940927515324994,False
1000,0.5,28,dml_if,0.5741718757042737,0.03017840385070869,0.5150222041568847,0.6333215472516628,False
1000,0.5,28,dml_mult_boot,0.5741718757042737,0.03027419484558424,0.5153609637641356,0.6336961908684935,False
1000,0.5,28,dml_fixed_nuis_boot,0.5741718757042737,0.03113827782543334,0.5145265289310751,0.634563972271109,False
1000,0.5,28,dml_pairs_boot,0.5741718757042737,0.028298695133225582,0.522447789916406,0.624081309622794,False
1000,0.5,29,naive_ml,0.17202131689797634,0.015507841591061899,0.14162594737949502,0.20241668641645766,False
1000,0.5,29,dml_if,0.49663114047960943,0.03297473819908919,0.4320006536093946,0.5612616273498242,True
1000,0.5,29,dml_mult_boot,0.49663114047960943,0.03350147862292118,0.4274716312404344,0.5646611071293708,True
1000,0.5,29,dml_fixed_nuis_boot,0.49663114047960943,0.03221804315848523,0.43605226464730246,0.5599742750297645,True
1000,0.5,29,dml_pairs_boot,0.49663114047960943,0.03644075675762847,0.4316230814832201,0.5688669907511006,True
1000,0.5,30,naive_ml,0.20187625823691197,0.01762724260031607,0.16732686274029246,0.23642565373353147,False
1000,0.5,30,dml_if,0.5021122439668685,0.033474644262295995,0.4365019412127683,0.5677225467209687,True
1000,0.5,30,dml_mult_boot,0.5021122439668685,0.03316790810585298,0.43852460777556196,0.5691670690589972,True
1000,0.5,30,dml_fixed_nuis_boot,0.5021122439668685,0.03330445290934869,0.4380139156107993,0.569438420928355,True
1000,0.5,30,dml_pairs_boot,0.5021122439668685,0.03473256965663331,0.4487791193714388,0.5793053748999768,True
1000,0.5,31,naive_ml,0.19253588662144952,0.016433483761511755,0.16032625844888648,0.22474551479401256,False
1000,0.5,31,dml_if,0.48548633831981186,0.03153194015917408,0.4236837356078307,0.547288941031793,True
1000,0.5,31,dml_mult_boot,0.48548633831981186,0.03097444358498891,0.4230736308040509,0.5454425986248996,True
1000,0.5,31,dml_fixed_nuis_boot,0.48548633831981186,0.031828070491529276,0.42042276162634473,0.548588039961245,True
1000,0.5,31,dml_pairs_boot,0.48548633831981186,0.03528380386831183,0.42840330092119056,0.5610377185513225,True
1000,0.5,32,naive_ml,0.17722536758354657,0.01597680082133856,0.145910837973723,0.20853989719337013,False
1000,0.5,32,dml_if,0.490884480721512,0.02966230614493664,0.43274636067743616,0.5490226007655877,True
1000,0.5,32,dml_mult_boot,0.490884480721512,0.030032769015016836,0.43180334081553307,0.5471635681951333,True
1000,0.5,32,dml_fixed_nuis_boot,0.490884480721512,0.030668148170917914,0.42760485664217046,0.5513630844765601,True
1000,0.5,32,dml_pairs_boot,0.490884480721512,0.029590263006954855,0.4355567205603224,0.5489123925316686,True
1000,0.5,33,naive_ml,0.14866949753995695,0.01651821333717424,0.11629379939909544,0.18104519568081845,False
1000,0.5,33,dml_if,0.44053550021794025,0.03311716991889246,0.37562584717691105,0.5054451532589694,True
1000,0.5,33,dml_mult_boot,0.44053550021794025,0.03181292008408692,0.3780186303576075,0.5049246151822897,True
1000,0.5,33,dml_fixed_nuis_boot,0.44053550021794025,0.03499851919444013,0.369231464459167,0.5047810046216616,True
1000,0.5,33,dml_pairs_boot,0.44053550021794025,0.04152316891946223,0.3538090282518005,0.5079007994202237,True
1000,0.5,34,naive_ml,0.17520362947489712,0.016022753882819624,0.14379903186457066,0.20660822708522358,False
1000,0.5,34,dml_if,0.4490497009747778,0.032336517320475724,0.3856701270266454,0.5124292749229102,True
1000,0.5,34,dml_mult_boot,0.4490497009747778,0.03346437479468773,0.3824957650483107,0.5105930760932673,True
1000,0.5,34,dml_fixed_nuis_boot,0.4490497009747778,0.032585336604059524,0.3823934831740362,0.5105968512591342,True
1000,0.5,34,dml_pairs_boot,0.4490497009747778,0.03116741408121183,0.3989737130871811,0.5094897518051792,True
1000,0.5,35,naive_ml,0.17247829994767733,0.015909249537950768,0.14129617085329382,0.20366042904206083,False
1000,0.5,35,dml_if,0.49270226968724673,0.03147901496197404,0.4310034003617776,0.5544011390127158,True
1000,0.5,35,dml_mult_boot,0.49270226968724673,0.030345772487831203,0.4330878737552996,0.5508609446016103,True
1000,0.5,35,dml_fixed_nuis_boot,0.49270226968724673,0.033115788627631725,0.4221413814706171,0.5586624277599719,True
1000,0.5,35,dml_pairs_boot,0.49270226968724673,0.03378263304518193,0.4188819815584147,0.5477939420205925,True
1000,0.5,36,naive_ml,0.1736873301205643,0.01637582257341146,0.14159071787667785,0.20578394236445077,False
1000,0.5,36,dml_if,0.5068427384748077,0.03431940035437587,0.43957671378023094,0.5741087631693843,True
1000,0.5,36,dml_mult_boot,0.5068427384748077,0.03314243203269601,0.4464491454070464,0.5741064470048965,True
1000,0.5,36,dml_fixed_nuis_boot,0.5068427384748077,0.03489280564961965,0.4394713857757519,0.5697159755331755,True
1000,0.5,36,dml_pairs_boot,0.5068427384748077,0.034759532626249943,0.4343264455377553,0.5544177256282408,True
1000,0.5,37,naive_ml,0.15833770635346,0.016186141060544054,0.12661286987479367,0.19006254283212634,False
1000,0.5,37,dml_if,0.4123443890264088,0.03014301962748331,0.3532640705565415,0.4714247074962761,False
1000,0.5,37,dml_mult_boot,0.4123443890264088,0.03172783631585245,0.349284102958518,0.4707264847486399,False
1000,0.5,37,dml_fixed_nuis_boot,0.4123443890264088,0.029693984825901867,0.3568646947411619,0.47255069028095265,False
1000,0.5,37,dml_pairs_boot,0.4123443890264088,0.030316924357085856,0.35473963037653583,0.4632382518857379,False
1000,0.5,38,naive_ml,0.19035950964632373,0.016300823942158846,0.15840989471969238,0.22230912457295507,False
1000,0.5,38,dml_if,0.5134702665038843,0.03217062414761133,0.45041584317456607,0.5765246898332025,True
1000,0.5,38,dml_mult_boot,0.5134702665038843,0.03355352641748533,0.4503575997279309,0.5788569536077797,True
1000,0.5,38,dml_fixed_nuis_boot,0.5134702665038843,0.0327777919607106,0.4517351052814968,0.5816229477753093,True
1000,0.5,38,dml_pairs_boot,0.5134702665038843,0.03270006818654759,0.4531823746060584,0.573959168421591,True
1000,0.5,39,naive_ml,0.16265018939305767,0.016800826962804886,0.1297205685459601,0.19557981024015525,False
1000,0.5,39,dml_if,0.45315309181551905,0.03321275360453645,0.38805609475062763,0.5182500888804105,True
1000,0.5,39,dml_mult_boot,0.45315309181551905,0.034914528845484925,0.3812393587091669,0.5189660404361701,True
1000,0.5,39,dml_fixed_nuis_boot,0.45315309181551905,0.0325479548162109,0.3852772511591637,0.511483349390961,True
1000,0.5,39,dml_pairs_boot,0.45315309181551905,0.0358126509003848,0.39049014876602317,0.521255087902827,True
1000,0.5,40,naive_ml,0.1792019125915392,0.01669013884393496,0.14648924045742667,0.21191458472565172,False
1000,0.5,40,dml_if,0.4745446885681013,0.031142826634665822,0.4135047483641563,0.5355846287720463,True
1000,0.5,40,dml_mult_boot,0.4745446885681013,0.03185298569365323,0.40903111836535516,0.5344587369796152,True
1000,0.5,40,dml_fixed_nuis_boot,0.4745446885681013,0.030043078987713877,0.41045516967731627,0.5303143974203394,True
1000,0.5,40,dml_pairs_boot,0.4745446885681013,0.03228949676537672,0.41769453904664333,0.5355894196313976,True
1000,0.5,41,naive_ml,0.2030280464811654,0.01671283582777841,0.17027088825871972,0.23578520470361108,False
1000,0.5,41,dml_if,0.5387792114039357,0.03179128464196407,0.47646829350568615,0.6010901293021853,True
1000,0.5,41,dml_mult_boot,0.5387792114039357,0.03198883223073557,0.47987263407009767,0.5998877226860859,True
1000,0.5,41,dml_fixed_nuis_boot,0.5387792114039357,0.03234708613444952,0.4768287387729702,0.6052984878143918,True
1000,0.5,41,dml_pairs_boot,0.5387792114039357,0.03212800512934193,0.47670159314423804,0.5877112708413466,True
1000,0.5,42,naive_ml,0.18663833338578253,0.01726356059304713,0.15280175462341017,0.2204749121481549,False
1000,0.5,42,dml_if,0.5084812541153945,0.03263784473404899,0.44451107843665844,0.5724514297941304,True
1000,0.5,42,dml_mult_boot,0.5084812541153945,0.03229855523995532,0.4470670800730291,0.5693768920812681,True
1000,0.5,42,dml_fixed_nuis_boot,0.5084812541153945,0.0344423293669414,0.4457920109946112,0.5743173689163552,True
1000,0.5,42,dml_pairs_boot,0.5084812541153945,0.03137076377284453,0.44696963237261383,0.553914821328774,True
1000,0.5,43,naive_ml,0.18194962849058033,0.016157699437301422,0.15028053759346954,0.21361871938769111,False
1000,0.5,43,dml_if,0.4870946024266903,0.03127528975369822,0.4257950345094418,0.5483941703439388,True
1000,0.5,43,dml_mult_boot,0.4870946024266903,0.03325397675616267,0.4262078948792251,0.5555341491720176,True
1000,0.5,43,dml_fixed_nuis_boot,0.4870946024266903,0.03321709058289672,0.4201974811796345,0.5482850153535141,True
1000,0.5,43,dml_pairs_boot,0.4870946024266903,0.034810861232640176,0.422473749807337,0.5491059768623648,True
1000,0.5,44,naive_ml,0.1954679759638676,0.016168986843475504,0.16377676175065564,0.22715919017707958,False
1000,0.5,44,dml_if,0.5444396361812948,0.029867248926468016,0.48589982828541745,0.6029794440771721,True
1000,0.5,44,dml_mult_boot,0.5444396361812948,0.029905725939540304,0.48170026236609403,0.6001134611835692,True
1000,0.5,44,dml_fixed_nuis_boot,0.5444396361812948,0.031956904103218074,0.4804854969211346,0.6073119875598221,True
1000,0.5,44,dml_pairs_boot,0.5444396361812948,0.029107931545527904,0.4919705273992064,0.6022183615998957,True
1000,0.5,45,naive_ml,0.17339581249189284,0.015627203528307113,0.1427664935764109,0.20402513140737477,False
1000,0.5,45,dml_if,0.48487818624838314,0.03261156359775354,0.4209595215967862,0.5487968508999801,True
1000,0.5,45,dml_mult_boot,0.48487818624838314,0.03209830471336103,0.42521402521438423,0.5482098294671971,True
1000,0.5,45,dml_fixed_nuis_boot,0.48487818624838314,0.03446494566592976,0.42380164926361336,0.5545227747551892,True
1000,0.5,45,dml_pairs_boot,0.48487818624838314,0.029792963346974743,0.4348292540592904,0.5440253123418404,True
1000,0.5,46,naive_ml,0.20557100212976157,0.017096760833302915,0.17206135089648786,0.23908065336303527,False
1000,0.5,46,dml_if,0.52954943970177,0.03278710904003728,0.46528670598329697,0.5938121734202431,True
1000,0.5,46,dml_mult_boot,0.52954943970177,0.03196750244113676,0.4660686774670307,0.5911744269528726,True
1000,0.5,46,dml_fixed_nuis_boot,0.52954943970177,0.031382921926962376,0.47393254253388584,0.5901648880362693,True
1000,0.5,46,dml_pairs_boot,0.52954943970177,0.03004455317003107,0.4870297997430255,0.592136660879706,True
1000,0.5,47,naive_ml,0.16654772124904682,0.014939943677794705,0.1372654316405692,0.19583001085752444,False
1000,0.5,47,dml_if,0.4656066006185638,0.031183241346698906,0.40448744757903393,0.5267257536580936,True
1000,0.5,47,dml_mult_boot,0.4656066006185638,0.031123210061353893,0.4029701349101242,0.523805999184936,True
1000,0.5,47,dml_fixed_nuis_boot,0.4656066006185638,0.03404184961514113,0.4049125497558074,0.5369105450510269,True
1000,0.5,47,dml_pairs_boot,0.4656066006185638,0.03303077863447223,0.407691108050437,0.532047353429547,True
1000,0.5,48,naive_ml,0.18439023373969915,0.015352701753274129,0.15429893830328187,0.21448152917611643,False
1000,0.5,48,dml_if,0.5057533815285993,0.03003857507427019,0.4468777743830297,0.5646289886741689,True
1000,0.5,48,dml_mult_boot,0.5057533815285993,0.030451895070951234,0.450025593163567,0.5667256868039403,True
1000,0.5,48,dml_fixed_nuis_boot,0.5057533815285993,0.030168174521360475,0.452430681969036,0.5653658504229313,True
1000,0.5,48,dml_pairs_boot,0.5057533815285993,0.02721562244028605,0.45782041733434575,0.5531023833952841,True
1000,0.5,49,naive_ml,0.1810916586690371,0.015418232115995217,0.15087192372168645,0.21131139361638773,False
1000,0.5,49,dml_if,0.5260518570748841,0.029069239354873228,0.4690761479393326,0.5830275662104356,True
1000,0.5,49,dml_mult_boot,0.5260518570748841,0.028688235816437032,0.4673258738018844,0.5783766878820829,True
1000,0.5,49,dml_fixed_nuis_boot,0.5260518570748841,0.03033711708639928,0.46781543551072013,0.5839388533815423,True
1000,0.5,49,dml_pairs_boot,0.5260518570748841,0.03422944270272443,0.45189373371151764,0.5873596277807527,True
1000,0.5,50,naive_ml,0.18125714272838014,0.016258091773807347,0.14939128285171774,0.21312300260504255,False
1000,0.5,50,dml_if,0.5210744098353884,0.029811903818152165,0.4626430783518102,0.5795057413189667,True
1000,0.5,50,dml_mult_boot,0.5210744098353884,0.030318828013672246,0.46056211120692403,0.5740387190951256,True
1000,0.5,50,dml_fixed_nuis_boot,0.5210744098353884,0.02967074577625633,0.4610881734599839,0.5788050664407254,True
1000,0.5,50,dml_pairs_boot,0.5210744098353884,0.02839687229652112,0.470572641362871,0.5784412549152526,True
1000,0.5,51,naive_ml,0.16541866031235766,0.017194123560187125,0.1317181781343909,0.19911914249032442,False
1000,0.5,51,dml_if,0.41845694557015906,0.03294666657766299,0.3538814790779396,0.4830324120623785,False
1000,0.5,51,dml_mult_boot,0.41845694557015906,0.031340566604398115,0.3599826853448831,0.4797558107472018,False
1000,0.5,51,dml_fixed_nuis_boot,0.41845694557015906,0.03295728483622206,0.3523427732627349,0.4759942360061236,False
1000,0.5,51,dml_pairs_boot,0.41845694557015906,0.03301889751267013,0.3714786856308088,0.4983572541146229,False
1000,0.5,52,naive_ml,0.1897018305767773,0.016417602334648156,0.15752333000086693,0.22188033115268768,False
1000,0.5,52,dml_if,0.5130684277550215,0.033098180104459106,0.44819599475028166,0.5779408607597614,True
1000,0.5,52,dml_mult_boot,0.5130684277550215,0.03478999018183678,0.4478567884196702,0.5797167362870532,True
1000,0.5,52,dml_fixed_nuis_boot,0.5130684277550215,0.03458958269311842,0.4496649434597948,0.5847815962330103,True
1000,0.5,52,dml_pairs_boot,0.5130684277550215,0.038122797695341805,0.44581654260131004,0.5826995032818532,True
1000,0.5,53,naive_ml,0.19394474693204475,0.017978939629275856,0.15870602525866406,0.22918346860542543,False
1000,0.5,53,dml_if,0.519173060903587,0.03461044559796242,0.4513365875315806,0.5870095342755933,True
1000,0.5,53,dml_mult_boot,0.519173060903587,0.03289616678013103,0.45418718712086725,0.5770421985549247,True
1000,0.5,53,dml_fixed_nuis_boot,0.519173060903587,0.033620384590379936,0.4538811947572277,0.581535545599115,True
1000,0.5,53,dml_pairs_boot,0.519173060903587,0.036202584753524364,0.459216881283632,0.5863853281049963,True
1000,0.5,54,naive_ml,0.19356672833133373,0.016932252948514158,0.16037951255224597,0.2267539441104215,False
1000,0.5,54,dml_if,0.4657107190741286,0.030942105163828334,0.40506419295302504,0.5263572451952321,True
1000,0.5,54,dml_mult_boot,0.4657107190741286,0.03058395361678061,0.40726668049853726,0.5251009162323547,True
1000,0.5,54,dml_fixed_nuis_boot,0.4657107190741286,0.03166518671329711,0.4019127415217764,0.5266835874243432,True
1000,0.5,54,dml_pairs_boot,0.4657107190741286,0.032050538830820326,0.4265127484803229,0.5408731950603295,True
1000,0.5,55,naive_ml,0.1806825190717808,0.016555113464827662,0.14823449668071859,0.213130541462843,False
1000,0.5,55,dml_if,0.5182311525980355,0.03265369876872693,0.45422990301133076,0.5822324021847403,True
1000,0.5,55,dml_mult_boot,0.5182311525980355,0.033293152307359464,0.45495855071999597,0.586399775998969,True
1000,0.5,55,dml_fixed_nuis_boot,0.5182311525980355,0.03386295290358684,0.45034227141655647,0.5815254131467182,True
1000,0.5,55,dml_pairs_boot,0.5182311525980355,0.038288389905869434,0.44296147746334874,0.5914268023492952,True
1000,0.5,56,naive_ml,0.19661208067081656,0.01688701943414879,0.16351352257988494,0.2297106387617482,False
1000,0.5,56,dml_if,0.502430273430418,0.03021850100504958,0.44320201146052085,0.5616585354003152,True
1000,0.5,56,dml_mult_boot,0.502430273430418,0.03065620638230094,0.44241646436557663,0.5607306162530048,True
1000,0.5,56,dml_fixed_nuis_boot,0.502430273430418,0.03076459197764388,0.44572583822479395,0.5624538086226303,True
1000,0.5,56,dml_pairs_boot,0.502430273430418,0.03086076763910017,0.4325769688278887,0.5561864593191765,True
1000,0.5,57,naive_ml,0.19167807262231146,0.018418241842025982,0.15557831861194055,0.22777782663268237,False
1000,0.5,57,dml_if,0.5051339700238578,0.03377883017832201,0.4389274628743467,0.571340477173369,True
1000,0.5,57,dml_mult_boot,0.5051339700238578,0.03530726066822153,0.4375499920515947,0.5706467225739285,True
1000,0.5,57,dml_fixed_nuis_boot,0.5051339700238578,0.035150033842409896,0.4352705109330881,0.5748317456919458,True
1000,0.5,57,dml_pairs_boot,0.5051339700238578,0.03646279050127378,0.4423874405404211,0.5847265570276549,True
1000,0.5,58,naive_ml,0.18570005855435587,0.015788791788084493,0.15475402664971027,0.21664609045900146,False
1000,0.5,58,dml_if,0.5022191746328042,0.028645158011588963,0.44607466493008985,0.5583636843355185,True
1000,0.5,58,dml_mult_boot,0.5022191746328042,0.028193954986093846,0.4456204548652458,0.5558035226851974,True
1000,0.5,58,dml_fixed_nuis_boot,0.5022191746328042,0.030051723182773448,0.44156161590265564,0.5632023547816992,True
1000,0.5,58,dml_pairs_boot,0.5022191746328042,0.030940103437534724,0.43873703123801333,0.5609324163503984,True
1000,0.5,59,naive_ml,0.1728272880918205,0.015618448815667721,0.14221512841311176,0.20343944777052922,False
1000,0.5,59,dml_if,0.4852344036120252,0.029406574970732912,0.42759751666938867,0.5428712905546617,True
1000,0.5,59,dml_mult_boot,0.4852344036120252,0.029587351288375457,0.4282445032356904,0.5399282234732838,True
1000,0.5,59,dml_fixed_nuis_boot,0.4852344036120252,0.02858665476006175,0.4266337340644138,0.5384178336190308,True
1000,0.5,59,dml_pairs_boot,0.4852344036120252,0.02993461641008532,0.43175245082939423,0.544835015919229,True
1000,0.5,60,naive_ml,0.20765030789949915,0.017176017952264217,0.17398531271306128,0.24131530308593702,False
1000,0.5,60,dml_if,0.5639409040322889,0.034518638197468095,0.4962843731652514,0.6315974348993264,True
1000,0.5,60,dml_mult_boot,0.5639409040322889,0.03424691748559493,0.4952541023139472,0.6246515483903646,True
1000,0.5,60,dml_fixed_nuis_boot,0.5639409040322889,0.03506611994768651,0.49755336910386055,0.6326250296869135,True
1000,0.5,60,dml_pairs_boot,0.5639409040322889,0.0381365110309948,0.5009111953045827,0.6289440816712704,False
1000,0.5,61,naive_ml,0.1722674462834388,0.016590413044339995,0.13975023671653242,0.20478465585034517,False
1000,0.5,61,dml_if,0.4480322692584047,0.03005391384139708,0.3891265981292664,0.506937940387543,True
1000,0.5,61,dml_mult_boot,0.4480322692584047,0.03132650727453527,0.3896533544555972,0.5088317959910378,True
1000,0.5,61,dml_fixed_nuis_boot,0.4480322692584047,0.02919301800018766,0.39177114966312915,0.49949075876624627,False
1000,0.5,61,dml_pairs_boot,0.4480322692584047,0.033274536746883514,0.3842122469400004,0.510256134115602,True
1000,0.5,62,naive_ml,0.1909718034629115,0.01783609375101121,0.15601305971092955,0.22593054721489347,False
1000,0.5,62,dml_if,0.4855146336213293,0.03289812605204122,0.4210343065593285,0.5499949606833301,True
1000,0.5,62,dml_mult_boot,0.4855146336213293,0.03279612182276274,0.42267173465775354,0.5485321413169258,True
1000,0.5,62,dml_fixed_nuis_boot,0.4855146336213293,0.03237640158234975,0.41662753607784747,0.5478924497153171,True
1000,0.5,62,dml_pairs_boot,0.4855146336213293,0.033587627015463604,0.41997717295674436,0.5565061131302288,True
1000,0.5,63,naive_ml,0.1904503920889054,0.01675472583229564,0.15761112945760597,0.22328965472020484,False
1000,0.5,63,dml_if,0.5063712366133928,0.03145791334324381,0.4447137264606349,0.5680287467661507,True
1000,0.5,63,dml_mult_boot,0.5063712366133928,0.03000124995792119,0.45166994507877045,0.5681908728818595,True
1000,0.5,63,dml_fixed_nuis_boot,0.5063712366133928,0.030119900494085212,0.44902159641760486,0.5649238874275484,True
1000,0.5,63,dml_pairs_boot,0.5063712366133928,0.035298167583102946,0.4311782535528392,0.5790917024015388,True
1000,0.5,64,naive_ml,0.15699000826334514,0.016230838304483918,0.12517756518655665,0.18880245134013363,False
1000,0.5,64,dml_if,0.42060959266246395,0.032301443467622794,0.35729876346592326,0.48392042185900463,False
1000,0.5,64,dml_mult_boot,0.42060959266246395,0.03364946056681313,0.3545026048164058,0.486915839038732,False
1000,0.5,64,dml_fixed_nuis_boot,0.42060959266246395,0.03246693198815234,0.3616650559534892,0.48090516785556814,False
1000,0.5,64,dml_pairs_boot,0.42060959266246395,0.029747475848310063,0.35519013642491715,0.4719231559073197,False
1000,0.5,65,naive_ml,0.18513979349094883,0.017008664527222543,0.15180281101759266,0.218476775964305,False
1000,0.5,65,dml_if,0.4886848363396874,0.031163352744561095,0.42760466496034766,0.5497650077190271,True
1000,0.5,65,dml_mult_boot,0.4886848363396874,0.03222044489163197,0.43007439445944134,0.5525917164538182,True
1000,0.5,65,dml_fixed_nuis_boot,0.4886848363396874,0.0314579396183641,0.43006466298790796,0.5491008323268679,True
1000,0.5,65,dml_pairs_boot,0.4886848363396874,0.03274843607954769,0.4306185497257852,0.552795540302156,True
1000,0.5,66,naive_ml,0.16505843007768142,0.016476832185354378,0.13276383899438685,0.197353021160976,False
1000,0.5,66,dml_if,0.46335205811531,0.03247056670296763,0.39970974737749343,0.5269943688531266,True
1000,0.5,66,dml_mult_boot,0.46335205811531,0.03411548819832894,0.39238065934768745,0.5296858741193355,True
1000,0.5,66,dml_fixed_nuis_boot,0.46335205811531,0.034636281303629446,0.39901424323090007,0.5275663016203809,True
1000,0.5,66,dml_pairs_boot,0.46335205811531,0.030767640418668103,0.4131543434586213,0.5287169382250679,True
1000,0.5,67,naive_ml,0.1837619505396983,0.01693126457287138,0.15057667197687039,0.2169472291025262,False
1000,0.5,67,dml_if,0.48254746070210197,0.03244259586704402,0.4189599728026957,0.5461349486015082,True
1000,0.5,67,dml_mult_boot,0.48254746070210197,0.034061457378956154,0.41761429505606035,0.5454280162489351,True
1000,0.5,67,dml_fixed_nuis_boot,0.48254746070210197,0.031349160619776766,0.4215631711576131,0.5455932469315595,True
1000,0.5,67,dml_pairs_boot,0.48254746070210197,0.03330278879026278,0.42353101466182075,0.5419307684394474,True
1000,0.5,68,naive_ml,0.1744419723461595,0.0170715974995553,0.1409816412470311,0.20790230344528787,False
1000,0.5,68,dml_if,0.48373078336344383,0.031124178298410105,0.42272739389856,0.5447341728283276,True
1000,0.5,68,dml_mult_boot,0.48373078336344383,0.0312796959369907,0.4258406382517386,0.546200681812871,True
1000,0.5,68,dml_fixed_nuis_boot,0.48373078336344383,0.0317870985028943,0.4226072690051217,0.5480494535610619,True
1000,0.5,68,dml_pairs_boot,0.48373078336344383,0.02919834697818334,0.42645395154134325,0.5297800165647262,True
1000,0.5,69,naive_ml,0.20873935883010966,0.017109248822036047,0.175205231138919,0.24227348652130032,False
1000,0.5,69,dml_if,0.5655547678649009,0.03478985056055793,0.49736666076620734,0.6337428749635944,True
1000,0.5,69,dml_mult_boot,0.5655547678649009,0.03367572974344917,0.49747499441612836,0.6329281004654246,True
1000,0.5,69,dml_fixed_nuis_boot,0.5655547678649009,0.03517019828648261,0.49627231834869223,0.6356228814861434,True
1000,0.5,69,dml_pairs_boot,0.5655547678649009,0.0371995746763141,0.4961392730780734,0.6342393437132371,True
1000,0.5,70,naive_ml,0.18310612097113163,0.015467350716969598,0.15279011356587122,0.21342212837639205,False
1000,0.5,70,dml_if,0.4759521014571514,0.030438075304692867,0.41629347385995336,0.5356107290543494,True
1000,0.5,70,dml_mult_boot,0.4759521014571514,0.030098833186573592,0.4159785556735189,0.5295773105327244,True
1000,0.5,70,dml_fixed_nuis_boot,0.4759521014571514,0.03207764368013506,0.41301891710654776,0.5408046916132203,True
1000,0.5,70,dml_pairs_boot,0.4759521014571514,0.03239535792023533,0.41632908132972657,0.5368669970412127,True
1000,0.5,71,naive_ml,0.19791202209615236,0.01651239105034051,0.16554773563748496,0.23027630855481976,False
1000,0.5,71,dml_if,0.5472657446849561,0.03151067931487962,0.4855048132277921,0.6090266761421202,True
1000,0.5,71,dml_mult_boot,0.5472657446849561,0.030238339361912194,0.4911609116143128,0.603225933498025,True
1000,0.5,71,dml_fixed_nuis_boot,0.5472657446849561,0.030152293385611376,0.48235942071411114,0.5984230039729611,True
1000,0.5,71,dml_pairs_boot,0.5472657446849561,0.030702598037543518,0.48571038246287895,0.6027141380266331,True
1000,0.5,72,naive_ml,0.14810905503684724,0.015056910038915263,0.11859751136057332,0.17762059871312116,False
1000,0.5,72,dml_if,0.46342295105961145,0.031619533488126954,0.4014486654228826,0.5253972366963403,True
1000,0.5,72,dml_mult_boot,0.46342295105961145,0.032606876215986395,0.4023848625611013,0.52736193339477,True
1000,0.5,72,dml_fixed_nuis_boot,0.46342295105961145,0.033032614363807423,0.3999804218068209,0.5323046737195537,True
1000,0.5,72,dml_pairs_boot,0.46342295105961145,0.02965304242376906,0.39397556291177654,0.5096282591508254,True
1000,0.5,73,naive_ml,0.19944537356679878,0.016864438137198946,0.16639107481788884,0.23249967231570873,False
1000,0.5,73,dml_if,0.5373153583926755,0.031316754341357465,0.4759345198836149,0.5986961969017361,True
1000,0.5,73,dml_mult_boot,0.5373153583926755,0.032531246974987195,0.47538880169652054,0.6021436698894779,True
1000,0.5,73,dml_fixed_nuis_boot,0.5373153583926755,0.03162427774624688,0.4768759983409256,0.5966886484161862,True
1000,0.5,73,dml_pairs_boot,0.5373153583926755,0.031323358807497134,0.4864393951467354,0.5965002979137504,True
1000,0.5,74,naive_ml,0.17494134894671154,0.015199047386740647,0.14515121606869988,0.2047314818247232,False
1000,0.5,74,dml_if,0.4871944658411761,0.029803679318708667,0.4287792543765071,0.5456096773058451,True
1000,0.5,74,dml_mult_boot,0.4871944658411761,0.030387837272136734,0.42768579632458953,0.547617854691401,True
1000,0.5,74,dml_fixed_nuis_boot,0.4871944658411761,0.03160886345279944,0.42497216406290134,0.5525631957336128,True
1000,0.5,74,dml_pairs_boot,0.4871944658411761,0.02706557831162917,0.4296530675388365,0.5373906449515828,True
1000,0.5,75,naive_ml,0.17595470152044862,0.015466838070328327,0.14563969890260509,0.20626970413829215,False
1000,0.5,75,dml_if,0.48406625693777,0.03237551176497885,0.42061025387841144,0.5475222599971286,True
1000,0.5,75,dml_mult_boot,0.48406625693777,0.03373318134450839,0.42200210664084936,0.5490416713205047,True
1000,0.5,75,dml_fixed_nuis_boot,0.48406625693777,0.032212519675760665,0.4211248490615108,0.5470093037207433,True
1000,0.5,75,dml_pairs_boot,0.48406625693777,0.031173275047273012,0.42606558898368563,0.545627587741972,True
1000,0.5,76,naive_ml,0.16303230013107892,0.01609886609607615,0.13147852258276965,0.19458607767938818,False
1000,0.5,76,dml_if,0.470593856258857,0.030732336017471037,0.4103584776646138,0.5308292348531003,True
1000,0.5,76,dml_mult_boot,0.470593856258857,0.02936364849614168,0.4120980449152333,0.5283534655543343,True
1000,0.5,76,dml_fixed_nuis_boot,0.470593856258857,0.03121034634121845,0.4107558980487159,0.5294948261589583,True
1000,0.5,76,dml_pairs_boot,0.470593856258857,0.0329685997050475,0.40382822276615055,0.5328506800307448,True
1000,0.5,77,naive_ml,0.19059282151977536,0.015808319045982826,0.15960851618964902,0.2215771268499017,False
1000,0.5,77,dml_if,0.511252210255019,0.02979556317750715,0.45285290642710496,0.569651514082933,True
1000,0.5,77,dml_mult_boot,0.511252210255019,0.0291354438328393,0.45418302940570093,0.5662288762280742,True
1000,0.5,77,dml_fixed_nuis_boot,0.511252210255019,0.029277355124271005,0.45797248904819843,0.5674794988790434,True
1000,0.5,77,dml_pairs_boot,0.511252210255019,0.028444289529992475,0.4514559750814434,0.5586606473018266,True
1000,0.5,78,naive_ml,0.19400074920490024,0.01733657435413689,0.16002106347079192,0.22798043493900855,False
1000,0.5,78,dml_if,0.5395515056314658,0.03283380100840056,0.4751972556550007,0.6039057556079309,True
1000,0.5,78,dml_mult_boot,0.5395515056314658,0.0349584173700432,0.47652519139215294,0.6110753316121736,True
1000,0.5,78,dml_fixed_nuis_boot,0.5395515056314658,0.03450234308673511,0.469394275710674,0.6077631602004828,True
1000,0.5,78,dml_pairs_boot,0.5395515056314658,0.03782831113320516,0.4662672837981556,0.6087195511563228,True
1000,0.5,79,naive_ml,0.1761039128485479,0.015639439608950378,0.14545061121500516,0.20675721448209064,False
1000,0.5,79,dml_if,0.5039623783847614,0.03291167417782506,0.4394554969962243,0.5684692597732985,True
1000,0.5,79,dml_mult_boot,0.5039623783847614,0.0319280380882662,0.4462224347281041,0.5704115293074419,True
1000,0.5,79,dml_fixed_nuis_boot,0.5039623783847614,0.03405835627047319,0.4398031912407492,0.5724790524305653,True
1000,0.5,79,dml_pairs_boot,0.5039623783847614,0.03685131738493506,0.4347045690025715,0.5729333327674812,True
1000,0.5,80,naive_ml,0.20004468336301442,0.016811286691701982,0.16709456144727855,0.2329948052787503,False
1000,0.5,80,dml_if,0.5238460825834605,0.0319920467493537,0.4611416709547273,0.5865504942121937,True
1000,0.5,80,dml_mult_boot,0.5238460825834605,0.03162177808635374,0.4621008493921968,0.5828217217939766,True
1000,0.5,80,dml_fixed_nuis_boot,0.5238460825834605,0.03114967682731321,0.466738833069914,0.590225092405883,True
1000,0.5,80,dml_pairs_boot,0.5238460825834605,0.03405395586682066,0.4708502074481208,0.5929021430013155,True
1000,0.5,81,naive_ml,0.18731460147015394,0.016986451150061994,0.15402115721603243,0.22060804572427545,False
1000,0.5,81,dml_if,0.5282526006495741,0.032838484573451975,0.46388917088560827,0.5926160304135399,True
1000,0.5,81,dml_mult_boot,0.5282526006495741,0.03311815455071265,0.4626103868610697,0.5937876979584427,True
1000,0.5,81,dml_fixed_nuis_boot,0.5282526006495741,0.032630736340286584,0.4621797889486014,0.5939487503640362,True
1000,0.5,81,dml_pairs_boot,0.5282526006495741,0.02987110903823149,0.4659527563284534,0.5731292021502608,True
1000,0.5,82,naive_ml,0.16290070250680144,0.016692382264515485,0.13018363326835108,0.1956177717452518,False
1000,0.5,82,dml_if,0.464568844546628,0.033792914598254044,0.39833473193405006,0.5308029571592059,True
1000,0.5,82,dml_mult_boot,0.464568844546628,0.034813561193462385,0.3964211747278014,0.5315684986369841,True
1000,0.5,82,dml_fixed_nuis_boot,0.464568844546628,0.03603285413154839,0.395410971403687,0.5324805440461675,True
1000,0.5,82,dml_pairs_boot,0.464568844546628,0.03178674352223455,0.41008901399811554,0.5205412980182108,True
1000,0.5,83,naive_ml,0.18919244625939693,0.015358838722928987,0.15908912236245612,0.21929577015633775,False
1000,0.5,83,dml_if,0.5249636751870372,0.02866114218577978,0.4687878365029089,0.5811395138711656,True
1000,0.5,83,dml_mult_boot,0.5249636751870372,0.029280768011434186,0.4675503462491879,0.5843311766792743,True
1000,0.5,83,dml_fixed_nuis_boot,0.5249636751870372,0.02774590865004953,0.46514762114695035,0.5723307752000746,True
1000,0.5,83,dml_pairs_boot,0.5249636751870372,0.030305697096988757,0.4717160895461943,0.5817275382138887,True
1000,0.5,84,naive_ml,0.17343874558975983,0.016521284883261492,0.1410570272185673,0.20582046396095235,False
1000,0.5,84,dml_if,0.4750150819660175,0.031202261551103987,0.4138586493258537,0.5361715146061813,True
1000,0.5,84,dml_mult_boot,0.4750150819660175,0.031987953495350475,0.41444044074003117,0.5357716209674979,True
1000,0.5,84,dml_fixed_nuis_boot,0.4750150819660175,0.03180389213824592,0.4132405844498164,0.5347749950271277,True
1000,0.5,84,dml_pairs_boot,0.4750150819660175,0.03229361881442685,0.41858378534865204,0.545801799142927,True
1000,0.5,85,naive_ml,0.2223571359225643,0.015457669980127337,0.1920601027615147,0.2526541690836139,False
1000,0.5,85,dml_if,0.5958010941401849,0.029915258876083425,0.5371671867430614,0.6544350015373084,False
1000,0.5,85,dml_mult_boot,0.5958010941401849,0.03053692799685439,0.538018913547295,0.6525308797241655,False
1000,0.5,85,dml_fixed_nuis_boot,0.5958010941401849,0.02984678140913682,0.534508942280652,0.6572025941657816,False
1000,0.5,85,dml_pairs_boot,0.5958010941401849,0.02989143406294873,0.5198465502923724,0.6404380584170936,False
1000,0.5,86,naive_ml,0.18575777303646637,0.01699593887872437,0.15244573283416663,0.21906981323876612,False
1000,0.5,86,dml_if,0.5051246845158176,0.03243070008269764,0.44156051235373023,0.5686888566779049,True
1000,0.5,86,dml_mult_boot,0.5051246845158176,0.03254084344861524,0.4449613349717319,0.5730238829889326,True
1000,0.5,86,dml_fixed_nuis_boot,0.5051246845158176,0.03278319669159718,0.44009940387160423,0.5671283219337435,True
1000,0.5,86,dml_pairs_boot,0.5051246845158176,0.030364396820455265,0.4348456998857134,0.5538231386067999,True
1000,0.5,87,naive_ml,0.1768756994979489,0.015669911935213453,0.14616267210493053,0.20758872689096727,False
1000,0.5,87,dml_if,0.48329352053675445,0.03206936573427623,0.420437563697573,0.5461494773759359,True
1000,0.5,87,dml_mult_boot,0.48329352053675445,0.0333046734097135,0.42026725902666245,0.5442630621495856,True
1000,0.5,87,dml_fixed_nuis_boot,0.48329352053675445,0.03198492109304502,0.4160328755385531,0.54256292769685,True
1000,0.5,87,dml_pairs_boot,0.48329352053675445,0.028756261937375974,0.42326276675176483,0.5315500107053733,True
1000,0.5,88,naive_ml,0.16803435198506647,0.01593005394097594,0.13681144626075364,0.1992572577093793,False
1000,0.5,88,dml_if,0.48869302759775124,0.032601247279991565,0.42479458292896777,0.5525914722665347,True
1000,0.5,88,dml_mult_boot,0.48869302759775124,0.03258477344608288,0.42470759506558775,0.5545667759500781,True
1000,0.5,88,dml_fixed_nuis_boot,0.48869302759775124,0.03197791975446988,0.4223298354985647,0.5471255530283922,True
1000,0.5,88,dml_pairs_boot,0.48869302759775124,0.032313626074745055,0.42190522702513583,0.5399469570094032,True
1000,0.5,89,naive_ml,0.20725518243231816,0.017189689571377748,0.1735633908724178,0.24094697399221854,False
1000,0.5,89,dml_if,0.5566469981614194,0.03273676366902351,0.49248294137013326,0.6208110549527055,True
1000,0.5,89,dml_mult_boot,0.5566469981614194,0.03093925693603861,0.5034866782472264,0.6188028013196275,False
1000,0.5,89,dml_fixed_nuis_boot,0.5566469981614194,0.03248358628635452,0.48824268463107917,0.6179778968579225,True
1000,0.5,89,dml_pairs_boot,0.5566469981614194,0.034506784805445195,0.4941077595351231,0.6166489364132711,True
1000,0.5,90,naive_ml,0.17067848786804193,0.01612148759458119,0.1390803721826628,0.20227660355342106,False
1000,0.5,90,dml_if,0.43824516255943274,0.030878492354103417,0.37772331754539007,0.4987670075734754,False
1000,0.5,90,dml_mult_boot,0.43824516255943274,0.030229544344379616,0.37977247080381715,0.5005652189618913,True
1000,0.5,90,dml_fixed_nuis_boot,0.43824516255943274,0.029436593510777393,0.38138264534345245,0.4962819236456156,False
1000,0.5,90,dml_pairs_boot,0.43824516255943274,0.03183054862780884,0.3807762021200862,0.49621266865944663,False
1000,0.5,91,naive_ml,0.16755788665480684,0.017107651035555022,0.134026890625119,0.20108888268449468,False
1000,0.5,91,dml_if,0.4592952662797604,0.03425357662079325,0.39215825610300564,0.5264322764565152,True
1000,0.5,91,dml_mult_boot,0.4592952662797604,0.032928859802619316,0.39100609451650276,0.519591167355096,True
1000,0.5,91,dml_fixed_nuis_boot,0.4592952662797604,0.034916862319512576,0.389522141085222,0.5272613854494282,True
1000,0.5,91,dml_pairs_boot,0.4592952662797604,0.03775149135799819,0.3909726561164452,0.5347915887147635,True
1000,0.5,92,naive_ml,0.1997979107286544,0.016231019549990913,0.1679851124106722,0.2316107090466366,False
1000,0.5,92,dml_if,0.5624626375721818,0.030114261317483387,0.5034386853899144,0.6214865897544493,False
1000,0.5,92,dml_mult_boot,0.5624626375721818,0.02947404658692916,0.5070327262686912,0.6200370494614057,False
1000,0.5,92,dml_fixed_nuis_boot,0.5624626375721818,0.030638257689978677,0.4982733869104185,0.6172632545257943,True
1000,0.5,92,dml_pairs_boot,0.5624626375721818,0.03099002854153581,0.5067299270818597,0.6283114984662685,False
1000,0.5,93,naive_ml,0.19619156226608797,0.01616386918296757,0.16451037866747154,0.2278727458647044,False
1000,0.5,93,dml_if,0.500090933890339,0.03321276614619594,0.4349939122437949,0.5651879555368831,True
1000,0.5,93,dml_mult_boot,0.500090933890339,0.03334503639739117,0.4255589910022431,0.5582958531053521,True
1000,0.5,93,dml_fixed_nuis_boot,0.500090933890339,0.03195849650217503,0.43828972467758986,0.5619055585156285,True
1000,0.5,93,dml_pairs_boot,0.500090933890339,0.035037637452226586,0.42650925097235604,0.5765958077208496,True
1000,0.5,94,naive_ml,0.18413153575129312,0.01826887776531081,0.14832453533128392,0.21993853617130232,False
1000,0.5,94,dml_if,0.5090666158868772,0.03337111079004361,0.4436592387383917,0.5744739930353626,True
1000,0.5,94,dml_mult_boot,0.5090666158868772,0.03377932859287284,0.44789925164707656,0.5743429813248785,True
1000,0.5,94,dml_fixed_nuis_boot,0.5090666158868772,0.033015803336179775,0.4485718678741988,0.5720793906428578,True
1000,0.5,94,dml_pairs_boot,0.5090666158868772,0.033498339806474715,0.4371502974432406,0.558960937208291,True
1000,0.5,95,naive_ml,0.18512323858720095,0.01584039697156372,0.15407606052293604,0.21617041665146586,False
1000,0.5,95,dml_if,0.5242786751292385,0.03203828437457738,0.46148363775506684,0.5870737125034102,True
1000,0.5,95,dml_mult_boot,0.5242786751292385,0.033680217271733696,0.46065324292034815,0.5899440887241921,True
1000,0.5,95,dml_fixed_nuis_boot,0.5242786751292385,0.031324543229969824,0.46068968883756994,0.5838920717214262,True
1000,0.5,95,dml_pairs_boot,0.5242786751292385,0.0352570986478408,0.4559622507689446,0.5788470067979247,True
1000,0.5,96,naive_ml,0.210287482752608,0.017357608904059935,0.17626656930065054,0.24430839620456546,False
1000,0.5,96,dml_if,0.5398646418853685,0.029816081329317658,0.48142512247990593,0.5983041612908312,True
1000,0.5,96,dml_mult_boot,0.5398646418853685,0.02793778367285916,0.48706726501802694,0.5938480470195318,True
1000,0.5,96,dml_fixed_nuis_boot,0.5398646418853685,0.028718450206766034,0.4848031862430345,0.5929649491159481,True
1000,0.5,96,dml_pairs_boot,0.5398646418853685,0.030324138404504444,0.47800940123894653,0.596105138400699,True
1000,0.5,97,naive_ml,0.19110346107526252,0.01682257974518444,0.15813120477470102,0.22407571737582402,False
1000,0.5,97,dml_if,0.49756765194269803,0.03236182815034768,0.4341384687680166,0.5609968351173795,True
1000,0.5,97,dml_mult_boot,0.49756765194269803,0.03341877936480118,0.42615220734266107,0.554736883346053,True
1000,0.5,97,dml_fixed_nuis_boot,0.49756765194269803,0.034037743563029584,0.4313382270836282,0.5671740786031364,True
1000,0.5,97,dml_pairs_boot,0.49756765194269803,0.03047014931634201,0.44131247744388913,0.5670087087261009,True
1000,0.5,98,naive_ml,0.20019152641934695,0.016555009278258852,0.16774370823395962,0.2326393446047343,False
1000,0.5,98,dml_if,0.5378765599671155,0.030536052070171623,0.4780258979095791,0.5977272220246519,True
1000,0.5,98,dml_mult_boot,0.5378765599671155,0.02978197946864667,0.4836470547219275,0.5993755339483992,True
1000,0.5,98,dml_fixed_nuis_boot,0.5378765599671155,0.03133572032434676,0.4793443447275301,0.600408706093237,True
1000,0.5,98,dml_pairs_boot,0.5378765599671155,0.030020248713032903,0.47454488247546994,0.5999734329399906,True
1000,0.5,99,naive_ml,0.18446558485240883,0.016878110634142553,0.15138448800948942,0.21754668169532823,False
1000,0.5,99,dml_if,0.5088632853696877,0.0332271843769437,0.4437380039908781,0.5739885667484974,True
1000,0.5,99,dml_mult_boot,0.5088632853696877,0.03304109969974509,0.44368202510217786,0.5736049246252692,True
1000,0.5,99,dml_fixed_nuis_boot,0.5088632853696877,0.03370972915597862,0.4450552568446966,0.5726068724298632,True
1000,0.5,99,dml_pairs_boot,0.5088632853696877,0.03347191088946684,0.44885476767330845,0.5642724399889473,True
1000,0.5,100,naive_ml,0.17908191934393883,0.01779628643107139,0.1442011979390389,0.21396264074883875,False
1000,0.5,100,dml_if,0.49377078196888763,0.03459953227984144,0.4259556987003984,0.5615858652373769,True
1000,0.5,100,dml_mult_boot,0.49377078196888763,0.03456651815109558,0.4200647726861391,0.55984832814648,True
1000,0.5,100,dml_fixed_nuis_boot,0.49377078196888763,0.037407714364327896,0.4182543928817989,0.572886205058137,True
1000,0.5,100,dml_pairs_boot,0.49377078196888763,0.03721287093005288,0.4104604727265667,0.5537771774752579,True
1000,0.5,101,naive_ml,0.16950128301827724,0.016345462617771752,0.13746417628744462,0.20153838974910987,False
1000,0.5,101,dml_if,0.46871964938405447,0.03139904262316277,0.40717752584265543,0.5302617729254535,True
1000,0.5,101,dml_mult_boot,0.46871964938405447,0.03100104297117892,0.4073738260494751,0.5298744562644333,True
1000,0.5,101,dml_fixed_nuis_boot,0.46871964938405447,0.03030170847377966,0.40688496914597116,0.5251358066961493,True
1000,0.5,101,dml_pairs_boot,0.46871964938405447,0.03247334209945053,0.4064589266818914,0.5269372159961988,True
1000,0.5,102,naive_ml,0.17544894996760815,0.016021124115719446,0.14404754670079806,0.20685035323441825,False
1000,0.5,102,dml_if,0.4780492204026276,0.030297023604419562,0.41866705413796523,0.53743138666729,True
1000,0.5,102,dml_mult_boot,0.4780492204026276,0.0317114646787021,0.4205851205638347,0.5442324319088904,True
1000,0.5,102,dml_fixed_nuis_boot,0.4780492204026276,0.03096782261177555,0.4148724065244861,0.5331257363345459,True
1000,0.5,102,dml_pairs_boot,0.4780492204026276,0.03154265719260643,0.4234513551075654,0.5273308484392737,True
1000,0.5,103,naive_ml,0.18930246667865985,0.01672581608623509,0.15651986714963909,0.22208506620768062,False
1000,0.5,103,dml_if,0.48570953879428386,0.030048459096267712,0.42681455896559917,0.5446045186229685,True
1000,0.5,103,dml_mult_boot,0.48570953879428386,0.030807813533920685,0.42178095053415393,0.5423974565143803,True
1000,0.5,103,dml_fixed_nuis_boot,0.48570953879428386,0.030256800083695346,0.43319492627885325,0.5504271439259854,True
1000,0.5,103,dml_pairs_boot,0.48570953879428386,0.033316033783338715,0.4146090216250479,0.5478988245716907,True
1000,0.5,104,naive_ml,0.15924806074953304,0.015153403282421849,0.12954739031598622,0.18894873118307987,False
1000,0.5,104,dml_if,0.5030578797667846,0.031371805941420514,0.4415691401216004,0.5645466194119688,True
1000,0.5,104,dml_mult_boot,0.5030578797667846,0.031069731713663503,0.4456936261453507,0.5654928361898658,True
1000,0.5,104,dml_fixed_nuis_boot,0.5030578797667846,0.029804963043074697,0.44596963650682453,0.5648230658733759,True
1000,0.5,104,dml_pairs_boot,0.5030578797667846,0.033747144316159244,0.44674618637197955,0.5813915201757672,True
1000,0.5,105,naive_ml,0.16045183576374838,0.015567606656043299,0.1299393267179035,0.19096434480959326,False
1000,0.5,105,dml_if,0.47043710939159633,0.030331999580530126,0.41098639021375727,0.5298878285694354,True
1000,0.5,105,dml_mult_boot,0.47043710939159633,0.03106780910399495,0.4084419271304712,0.53136181971436,True
1000,0.5,105,dml_fixed_nuis_boot,0.47043710939159633,0.03009288904185335,0.4120565581242654,0.5305526279164916,True
1000,0.5,105,dml_pairs_boot,0.47043710939159633,0.028519783325375324,0.4133805346639519,0.5218457159909632,True
1000,0.5,106,naive_ml,0.1958178650012181,0.016697753315017314,0.16309026850378416,0.228545461498652,False
1000,0.5,106,dml_if,0.5072463395319482,0.031268036056021326,0.4459609888621464,0.56853169020175,True
1000,0.5,106,dml_mult_boot,0.5072463395319482,0.03141632125496082,0.4505010217562205,0.5694923377851817,True
1000,0.5,106,dml_fixed_nuis_boot,0.5072463395319482,0.029829383712658523,0.4456952414151107,0.5647476338569709,True
1000,0.5,106,dml_pairs_boot,0.5072463395319482,0.030364636399641307,0.4517046325196775,0.5691987563241324,True
1000,0.5,107,naive_ml,0.20292172819533938,0.016019645190975387,0.17152322362102762,0.23432023276965114,False
1000,0.5,107,dml_if,0.549842582685042,0.03047420305962041,0.49011314468818606,0.6095720206818981,True
1000,0.5,107,dml_mult_boot,0.549842582685042,0.031925478148728946,0.48796589117552436,0.608301365219239,True
1000,0.5,107,dml_fixed_nuis_boot,0.549842582685042,0.03141784939635875,0.48954794317608247,0.6151115121316346,True
1000,0.5,107,dml_pairs_boot,0.549842582685042,0.032290194152662786,0.487249403062803,0.620343426780711,True
1000,0.5,108,naive_ml,0.17940084248328947,0.017140003540636495,0.14580643554364195,0.212995249422937,False
1000,0.5,108,dml_if,0.46750662264154497,0.032613312740690396,0.4035845296697918,0.5314287156132982,True
1000,0.5,108,dml_mult_boot,0.46750662264154497,0.03331218454071756,0.4032168943408122,0.5256526537150624,True
1000,0.5,108,dml_fixed_nuis_boot,0.46750662264154497,0.03190430327114764,0.4080449815771599,0.5304961952583296,True
1000,0.5,108,dml_pairs_boot,0.46750662264154497,0.030340283458870368,0.42121716631009054,0.5259285312380888,True
1000,0.5,109,naive_ml,0.16512289316706108,0.015088561302320995,0.13554931301451192,0.19469647331961024,False
1000,0.5,109,dml_if,0.430369988329814,0.02945779268445124,0.37263271466828957,0.4881072619913384,False
1000,0.5,109,dml_mult_boot,0.430369988329814,0.030156824926644562,0.37169721793752347,0.49332899816480724,False
1000,0.5,109,dml_fixed_nuis_boot,0.430369988329814,0.02889062507648033,0.3768033937284491,0.48879303360931636,False
1000,0.5,109,dml_pairs_boot,0.430369988329814,0.029488245146405825,0.372696844502648,0.4763954494512448,False
1000,0.5,110,naive_ml,0.18012637424464015,0.01670140320579983,0.14739162396127248,0.21286112452800782,False
1000,0.5,110,dml_if,0.4749288180624352,0.0314231822126981,0.4133393809255469,0.5365182551993235,True
1000,0.5,110,dml_mult_boot,0.4749288180624352,0.03151049078940265,0.4164286148725768,0.536053092909624,True
1000,0.5,110,dml_fixed_nuis_boot,0.4749288180624352,0.029559809124348194,0.42036972165424663,0.5300310911501258,True
1000,0.5,110,dml_pairs_boot,0.4749288180624352,0.03412764539422544,0.41187309450857096,0.5432903846729719,True
1000,0.5,111,naive_ml,0.17164506589305398,0.015593668559101171,0.14108147551721567,0.20220865626889228,False
1000,0.5,111,dml_if,0.4702561250415094,0.030290148557060602,0.4108874338696706,0.5296248162133481,True
1000,0.5,111,dml_mult_boot,0.4702561250415094,0.0306091665183616,0.4080283221467071,0.5271557332634796,True
1000,0.5,111,dml_fixed_nuis_boot,0.4702561250415094,0.029544352120494676,0.4142649152066099,0.5254035639718535,True
1000,0.5,111,dml_pairs_boot,0.4702561250415094,0.030873487301565593,0.40655112581069647,0.5309618471368508,True
1000,0.5,112,naive_ml,0.18508066089461397,0.015998238644826062,0.1537241131507549,0.21643720863847304,False
1000,0.5,112,dml_if,0.5553575810514011,0.031115304363982056,0.4943715844979963,0.616343577604806,True
1000,0.5,112,dml_mult_boot,0.5553575810514011,0.029955934053363924,0.4948903375760655,0.612717764006227,True
1000,0.5,112,dml_fixed_nuis_boot,0.5553575810514011,0.029840766358492383,0.49521439478813783,0.610366412033577,True
1000,0.5,112,dml_pairs_boot,0.5553575810514011,0.03316108789553627,0.496817155514751,0.6128936430860119,True
1000,0.5,113,naive_ml,0.200029381724107,0.01611419397986038,0.16844556152358064,0.23161320192463336,False
1000,0.5,113,dml_if,0.5489682421362116,0.031268376452527634,0.4876822242892575,0.6102542599831658,True
1000,0.5,113,dml_mult_boot,0.5489682421362116,0.03053095615831874,0.4893665381489,0.6079597459982865,True
1000,0.5,113,dml_fixed_nuis_boot,0.5489682421362116,0.030092644214847482,0.49011951829814315,0.6047404478678472,True
1000,0.5,113,dml_pairs_boot,0.5489682421362116,0.030515805512896406,0.4899306582497723,0.6056406312953904,True
1000,0.5,114,naive_ml,0.17995338644303527,0.01590670042812507,0.14877625360391014,0.2111305192821604,False
1000,0.5,114,dml_if,0.4955882635899178,0.029497335250008107,0.43777348649990194,0.5534030406799337,True
1000,0.5,114,dml_mult_boot,0.4955882635899178,0.030233357059439213,0.4380824289609237,0.5571773878859393,True
1000,0.5,114,dml_fixed_nuis_boot,0.4955882635899178,0.03017987244899763,0.4389603105142141,0.5573044951307301,True
1000,0.5,114,dml_pairs_boot,0.4955882635899178,0.028821812691641982,0.444782826250359,0.5549493072489173,True
1000,0.5,115,naive_ml,0.1893079535497293,0.01639368452209981,0.15717633188641367,0.22143957521304491,False
1000,0.5,115,dml_if,0.5168951313285209,0.032825418177958775,0.45255731169972174,0.5812329509573202,True
1000,0.5,115,dml_mult_boot,0.5168951313285209,0.032217855903147546,0.45896535412372386,0.5798469661649756,True
1000,0.5,115,dml_fixed_nuis_boot,0.5168951313285209,0.03226757664485638,0.45321955609166226,0.5792290379586253,True
1000,0.5,115,dml_pairs_boot,0.5168951313285209,0.03504789330393758,0.4605885117627352,0.5919357809085909,True
1000,0.5,116,naive_ml,0.18843327820402597,0.016000728986254383,0.15707184939096738,0.21979470701708456,False
1000,0.5,116,dml_if,0.47947305985451255,0.030614099788644714,0.41946942426876893,0.5394766954402562,True
1000,0.5,116,dml_mult_boot,0.47947305985451255,0.030577252197449143,0.41905220789479364,0.5438280679365527,True
1000,0.5,116,dml_fixed_nuis_boot,0.47947305985451255,0.03131506059739176,0.41779774773065154,0.5404142437415506,True
1000,0.5,116,dml_pairs_boot,0.47947305985451255,0.03407571807386023,0.4326018154772567,0.5689661778620908,True
1000,0.5,117,naive_ml,0.1884844339028467,0.016012798901943077,0.15709934805503825,0.21986951975065513,False
1000,0.5,117,dml_if,0.5481615634537311,0.03135349539585489,0.4867087124778555,0.6096144144296067,True
1000,0.5,117,dml_mult_boot,0.5481615634537311,0.032678810055829094,0.4795884937696839,0.6168310782304887,True
1000,0.5,117,dml_fixed_nuis_boot,0.5481615634537311,0.03079257855169681,0.49071847550893744,0.6074571091476909,True
1000,0.5,117,dml_pairs_boot,0.5481615634537311,0.026597430502551544,0.49112808604975017,0.5963352453599644,True
1000,0.5,118,naive_ml,0.21103686301058963,0.016672609052385993,0.17835854926791309,0.24371517675326618,False
1000,0.5,118,dml_if,0.5873420962398886,0.0314174012080575,0.5257639898720959,0.6489202026076814,False
1000,0.5,118,dml_mult_boot,0.5873420962398886,0.03270149236041282,0.5215678039403362,0.6493258848199384,False
1000,0.5,118,dml_fixed_nuis_boot,0.5873420962398886,0.033056614820397526,0.5202280274207415,0.6538566775093739,False
1000,0.5,118,dml_pairs_boot,0.5873420962398886,0.027775868919907916,0.5312065938722529,0.629274683875463,False
1000,0.5,119,naive_ml,0.19663836404808702,0.016699535514469486,0.16390727443972683,0.2293694536564472,False
1000,0.5,119,dml_if,0.5121306995666146,0.031260225159924736,0.4508606582531621,0.5734007408800671,True
1000,0.5,119,dml_mult_boot,0.5121306995666146,0.030628144819309085,0.45479787936452787,0.5668984299181208,True
1000,0.5,119,dml_fixed_nuis_boot,0.5121306995666146,0.03051907864954098,0.4573802314619125,0.5710284043862579,True
1000,0.5,119,dml_pairs_boot,0.5121306995666146,0.03331969061480121,0.44909235129632674,0.5797086809157326,True
1000,0.5,120,naive_ml,0.17979785271162133,0.015473194515707042,0.14947039146083552,0.21012531396240713,False
1000,0.5,120,dml_if,0.5171983630173481,0.03162118566534637,0.4552208391132692,0.579175886921427,True
1000,0.5,120,dml_mult_boot,0.5171983630173481,0.0332959318036247,0.450252151380654,0.5784559966105456,True
1000,0.5,120,dml_fixed_nuis_boot,0.5171983630173481,0.029439638559147618,0.45798911806129117,0.5719032321441709,True
1000,0.5,120,dml_pairs_boot,0.5171983630173481,0.0339878865904284,0.4589108170572061,0.5849128057291869,True
1000,0.5,121,naive_ml,0.1882887416458394,0.016268697942239244,0.15640209367905047,0.2201753896126283,False
1000,0.5,121,dml_if,0.5358244481579768,0.03001514297044395,0.47699476793590667,0.5946541283800469,True
1000,0.5,121,dml_mult_boot,0.5358244481579768,0.030508540017023432,0.47842045110912035,0.5944729943939893,True
1000,0.5,121,dml_fixed_nuis_boot,0.5358244481579768,0.030660978816042152,0.4797673967059537,0.5955204706706592,True
1000,0.5,121,dml_pairs_boot,0.5358244481579768,0.026755904721287853,0.481880051490964,0.5818254511051328,True
1000,0.5,122,naive_ml,0.16398876170329674,0.016115296674116045,0.13240278022202928,0.1955747431845642,False
1000,0.5,122,dml_if,0.46469730942145543,0.03280549067622671,0.4003985476960511,0.5289960711468598,True
1000,0.5,122,dml_mult_boot,0.46469730942145543,0.033129230044767144,0.3955611471154801,0.5255657547387345,True
1000,0.5,122,dml_fixed_nuis_boot,0.46469730942145543,0.03294404782135844,0.39616085139963697,0.5257513365524192,True
1000,0.5,122,dml_pairs_boot,0.46469730942145543,0.03186912802684284,0.39141641374496383,0.5127962897286997,True
1000,0.5,123,naive_ml,0.17383345314694612,0.01654257250324192,0.14141001104059198,0.20625689525330027,False
1000,0.5,123,dml_if,0.5392882388786654,0.03487947063055345,0.4709244764427806,0.6076520013145501,True
1000,0.5,123,dml_mult_boot,0.5392882388786654,0.03553803630378119,0.4756172870391652,0.6066401357881436,True
1000,0.5,123,dml_fixed_nuis_boot,0.5392882388786654,0.03426284510422836,0.4717848099915098,0.6078014865272418,True
1000,0.5,123,dml_pairs_boot,0.5392882388786654,0.035941991846832756,0.47819726381203503,0.5997782657701959,True
1000,0.5,124,naive_ml,0.18016306687367956,0.015385365815477288,0.15000774987534407,0.21031838387201504,False
1000,0.5,124,dml_if,0.5106411225798804,0.03094369075209215,0.44999148870577976,0.571290756453981,True
1000,0.5,124,dml_mult_boot,0.5106411225798804,0.031031386618787626,0.4533277363356367,0.5708673274161248,True
1000,0.5,124,dml_fixed_nuis_boot,0.5106411225798804,0.03137543278220407,0.452746521388952,0.5741979002269534,True
1000,0.5,124,dml_pairs_boot,0.5106411225798804,0.03195389015230377,0.45491312860331606,0.5721625539215169,True
1000,0.5,125,naive_ml,0.18762330836985316,0.017173558659079394,0.15396313339805756,0.22128348334164877,False
1000,0.5,125,dml_if,0.47162145326115,0.03142797086806948,0.41002263035973385,0.5332202761625662,True
1000,0.5,125,dml_mult_boot,0.47162145326115,0.032074204542500394,0.41594034137329533,0.5349558663799792,True
1000,0.5,125,dml_fixed_nuis_boot,0.47162145326115,0.03365489667346761,0.40292190570711633,0.5345792183948399,True
1000,0.5,125,dml_pairs_boot,0.47162145326115,0.0302168009422361,0.41656618879120894,0.5243590505479792,True
1000,0.5,126,naive_ml,0.1947453020595282,0.018260126856863474,0.15895545342007578,0.23053515069898062,False
1000,0.5,126,dml_if,0.5112839774545328,0.03303933025333353,0.44652689015799907,0.5760410647510665,True
1000,0.5,126,dml_mult_boot,0.5112839774545328,0.03274121347903718,0.44636116928498776,0.5766828548613586,True
1000,0.5,126,dml_fixed_nuis_boot,0.5112839774545328,0.032732760013245814,0.4490620293512935,0.5756458307057203,True
1000,0.5,126,dml_pairs_boot,0.5112839774545328,0.03147598638870445,0.44180850663981186,0.5648468042275856,True
1000,0.5,127,naive_ml,0.16536438916452847,0.014636302684051316,0.13667723590378789,0.19405154242526906,False
1000,0.5,127,dml_if,0.44580349781624834,0.0281083736403785,0.3907110854811065,0.5008959101513902,True
1000,0.5,127,dml_mult_boot,0.44580349781624834,0.02792965475832055,0.3908405574303909,0.5014083004803563,True
1000,0.5,127,dml_fixed_nuis_boot,0.44580349781624834,0.02758256496241808,0.3906804808438637,0.49581908148877857,False
1000,0.5,127,dml_pairs_boot,0.44580349781624834,0.03191765534554994,0.39465497743932065,0.5058804868219513,True
1000,0.5,128,naive_ml,0.1722489152560961,0.016205267416297648,0.14048659112015272,0.20401123939203947,False
1000,0.5,128,dml_if,0.47981481131160914,0.03242901608269299,0.41625393978953085,0.5433756828336874,True
1000,0.5,128,dml_mult_boot,0.47981481131160914,0.03315911078185805,0.41835042497815295,0.5459953660416644,True
1000,0.5,128,dml_fixed_nuis_boot,0.47981481131160914,0.03183160726889786,0.41405676985932843,0.5427951091704818,True
1000,0.5,128,dml_pairs_boot,0.47981481131160914,0.0300338350746816,0.41526047260300103,0.528410597741456,True
1000,0.5,129,naive_ml,0.18509236382490296,0.01622236622367978,0.15329652602649058,0.21688820162331535,False
1000,0.5,129,dml_if,0.48295577313011456,0.03278178866861907,0.41870346733962116,0.547208078920608,True
1000,0.5,129,dml_mult_boot,0.48295577313011456,0.03278153408806957,0.4206973595180631,0.5470655447986755,True
1000,0.5,129,dml_fixed_nuis_boot,0.48295577313011456,0.032165255530735536,0.4234188934950382,0.543405401047681,True
1000,0.5,129,dml_pairs_boot,0.48295577313011456,0.033242103800072184,0.403338114964127,0.5326165462379281,True
1000,0.5,130,naive_ml,0.16237776888272354,0.01538182694204529,0.13222938807631476,0.19252614968913231,False
1000,0.5,130,dml_if,0.45758861336550316,0.03199922271004795,0.3948701368538092,0.5203070898771971,True
1000,0.5,130,dml_mult_boot,0.45758861336550316,0.03275552911678009,0.39170774273404657,0.5247579837174258,True
1000,0.5,130,dml_fixed_nuis_boot,0.45758861336550316,0.03156277391896914,0.39463166489050094,0.5177381172421154,True
1000,0.5,130,dml_pairs_boot,0.45758861336550316,0.03250239084774195,0.404375185441024,0.5244312585540557,True
1000,0.5,131,naive_ml,0.16500902971582473,0.016383568008143036,0.1328972364198644,0.19712082301178507,False
1000,0.5,131,dml_if,0.4758273182097172,0.0318772885636363,0.41334783262499003,0.5383068037944443,True
1000,0.5,131,dml_mult_boot,0.4758273182097172,0.03255268569652755,0.40852439981113825,0.5372000478802844,True
1000,0.5,131,dml_fixed_nuis_boot,0.4758273182097172,0.03279329812470996,0.4138509058660422,0.5464717157690347,True
1000,0.5,131,dml_pairs_boot,0.4758273182097172,0.032210961787260683,0.42300931865406105,0.5351412564007183,True
1000,0.5,132,naive_ml,0.2117339390979902,0.016615438323669223,0.17916767998359853,0.24430019821238189,False
1000,0.5,132,dml_if,0.5760954249815025,0.03149909435181078,0.5143572000519533,0.6378336499110516,False
1000,0.5,132,dml_mult_boot,0.5760954249815025,0.03253037197438871,0.5118530669545471,0.638760129268674,False
1000,0.5,132,dml_fixed_nuis_boot,0.5760954249815025,0.030334652806636105,0.518347347565152,0.6418250403134369,False
1000,0.5,132,dml_pairs_boot,0.5760954249815025,0.031187997499212774,0.5136322298155963,0.6400718001487584,False
1000,0.5,133,naive_ml,0.17357103574392793,0.016780304631794675,0.14068163866561037,0.2064604328222455,False
1000,0.5,133,dml_if,0.49949606828147547,0.03562807847297454,0.4296650344744454,0.5693271020885056,True
1000,0.5,133,dml_mult_boot,0.49949606828147547,0.036462849067595775,0.4279198419200591,0.5682148991312407,True
1000,0.5,133,dml_fixed_nuis_boot,0.49949606828147547,0.03561776443697835,0.4321141215136491,0.5707114463275598,True
1000,0.5,133,dml_pairs_boot,0.49949606828147547,0.035568637505794636,0.4402240401442632,0.5684428650359689,True
1000,0.5,134,naive_ml,0.189960433337806,0.015876589969150163,0.15884231699827167,0.2210785496773403,False
1000,0.5,134,dml_if,0.5233462867842792,0.03222797454135765,0.4601794566832182,0.5865131168853401,True
1000,0.5,134,dml_mult_boot,0.5233462867842792,0.033968490896115026,0.457073243923772,0.5906837020081878,True
1000,0.5,134,dml_fixed_nuis_boot,0.5233462867842792,0.03200850511631276,0.46284989069396854,0.589026206268372,True
1000,0.5,134,dml_pairs_boot,0.5233462867842792,0.03474117825409474,0.45744790823992465,0.5903895168841878,True
1000,0.5,135,naive_ml,0.1882176047788906,0.017298582654379592,0.1543123827763066,0.2221228267814746,False
1000,0.5,135,dml_if,0.49888434234882656,0.03178115302672269,0.43659328241645007,0.561175402281203,True
1000,0.5,135,dml_mult_boot,0.49888434234882656,0.032294719205512655,0.43341391471016644,0.5593384347232844,True
1000,0.5,135,dml_fixed_nuis_boot,0.49888434234882656,0.03379707680939997,0.4260987431848466,0.5598509003901555,True
1000,0.5,135,dml_pairs_boot,0.49888434234882656,0.03206499087418581,0.44542678005633446,0.5636360590248732,True
1000,0.5,136,naive_ml,0.16083525858880468,0.015603295587922424,0.13025279923647673,0.19141771794113263,False
1000,0.5,136,dml_if,0.43869067151180685,0.03091586340451702,0.3780955792389535,0.4992857637846602,False
1000,0.5,136,dml_mult_boot,0.43869067151180685,0.032862172512068175,0.37569288088167885,0.5020724635356034,True
1000,0.5,136,dml_fixed_nuis_boot,0.43869067151180685,0.030387658817398775,0.3835345749871292,0.499384273193836,False
1000,0.5,136,dml_pairs_boot,0.43869067151180685,0.0281187136084525,0.39267346357215266,0.5005508784429757,True
1000,0.5,137,naive_ml,0.18809994379150577,0.016231490578641598,0.15628622225736824,0.2199136653256433,False
1000,0.5,137,dml_if,0.5020691433171794,0.03024218635571532,0.4427944580599774,0.5613438285743815,True
1000,0.5,137,dml_mult_boot,0.5020691433171794,0.029788350469311085,0.44482100840372574,0.5585400549962974,True
1000,0.5,137,dml_fixed_nuis_boot,0.5020691433171794,0.029856719305445187,0.441857627941995,0.5611603455242794,True
1000,0.5,137,dml_pairs_boot,0.5020691433171794,0.031303044259800364,0.4443886847286336,0.5559700545920665,True
1000,0.5,138,naive_ml,0.1748452518396349,0.01551145989256006,0.14444279045021718,0.2052477132290526,False
1000,0.5,138,dml_if,0.5287081567489622,0.029889992282787818,0.4701237718746981,0.5872925416232263,True
1000,0.5,138,dml_mult_boot,0.5287081567489622,0.030961958292845596,0.4662708576525213,0.5847203644091373,True
1000,0.5,138,dml_fixed_nuis_boot,0.5287081567489622,0.02947117358385282,0.46189658788278615,0.5805643769320044,True
1000,0.5,138,dml_pairs_boot,0.5287081567489622,0.030529060025798836,0.4708322168327578,0.5828575078070525,True
1000,0.5,139,naive_ml,0.1734400023456853,0.016758235902584732,0.14059385997661922,0.20628614471475137,False
1000,0.5,139,dml_if,0.49273715293694575,0.03406591571852154,0.4259679581286435,0.559506347745248,True
1000,0.5,139,dml_mult_boot,0.49273715293694575,0.033015581746238955,0.42728572297525086,0.560177596546032,True
1000,0.5,139,dml_fixed_nuis_boot,0.49273715293694575,0.034750193082797,0.4297134017373468,0.5662659988115009,True
1000,0.5,139,dml_pairs_boot,0.49273715293694575,0.03454288827482954,0.4150950172648406,0.5423275864233277,True
1000,0.5,140,naive_ml,0.1502566270257037,0.017834317063782235,0.11530136558069051,0.18521188847071687,False
1000,0.5,140,dml_if,0.4118502022119051,0.03507700994331749,0.34309926272300284,0.48060114170080737,False
1000,0.5,140,dml_mult_boot,0.4118502022119051,0.039099028975662524,0.3341658128228293,0.4911893217364082,False
1000,0.5,140,dml_fixed_nuis_boot,0.4118502022119051,0.03642160908968078,0.3427498752260699,0.4859274150410857,False
1000,0.5,140,dml_pairs_boot,0.4118502022119051,0.03448387031065151,0.3556845209734556,0.4772443822517408,False
1000,0.5,141,naive_ml,0.19711905876889182,0.015972632445397345,0.16581269917591301,0.22842541836187064,False
1000,0.5,141,dml_if,0.5460910635022745,0.03114480755747001,0.48504724068963334,0.6071348863149157,True
1000,0.5,141,dml_mult_boot,0.5460910635022745,0.03142263323766823,0.4873497012001799,0.6082852666950795,True
1000,0.5,141,dml_fixed_nuis_boot,0.5460910635022745,0.031116608523009466,0.4812121302594573,0.6054845949125311,True
1000,0.5,141,dml_pairs_boot,0.5460910635022745,0.031892457472194845,0.49516789650513504,0.6060274350758226,True
1000,0.5,142,naive_ml,0.1967550670653287,0.018023563358765374,0.16142888288214857,0.2320812512485088,False
1000,0.5,142,dml_if,0.4687287232769959,0.03236096182930814,0.40530123809155194,0.5321562084624398,True
1000,0.5,142,dml_mult_boot,0.4687287232769959,0.03146265331742283,0.40971732099276387,0.5286165720227584,True
1000,0.5,142,dml_fixed_nuis_boot,0.4687287232769959,0.031866756858595496,0.4068128521881969,0.5323180373362204,True
1000,0.5,142,dml_pairs_boot,0.4687287232769959,0.03520337668664212,0.4102593200555194,0.543411009328214,True
1000,0.5,143,naive_ml,0.15470066043593922,0.014759758071952173,0.12577153461491297,0.18362978625696547,False
1000,0.5,143,dml_if,0.4136687659750905,0.029828350665092918,0.3552051986715084,0.4721323332786726,False
1000,0.5,143,dml_mult_boot,0.4136687659750905,0.029621709040947467,0.3602371781412673,0.4737311290483934,False
1000,0.5,143,dml_fixed_nuis_boot,0.4136687659750905,0.030449732667191944,0.3584833819268271,0.4770371785476886,False
1000,0.5,143,dml_pairs_boot,0.4136687659750905,0.030250848880633615,0.3527145560606527,0.47018393888265153,False
1000,0.5,144,naive_ml,0.17936456130130973,0.01655281760197438,0.14692103880143995,0.21180808380117952,False
1000,0.5,144,dml_if,0.5280354590299389,0.03224856973870451,0.464828262342078,0.5912426557177997,True
1000,0.5,144,dml_mult_boot,0.5280354590299389,0.032614442256666015,0.46529299569683896,0.5931510220205365,True
1000,0.5,144,dml_fixed_nuis_boot,0.5280354590299389,0.03150573508216453,0.46281523189023904,0.5890626827573071,True
1000,0.5,144,dml_pairs_boot,0.5280354590299389,0.0349237833951758,0.46613701254708084,0.5993927219172549,True
1000,0.5,145,naive_ml,0.18402922756304282,0.015490973094751061,0.15366692029733076,0.2143915348287549,False
1000,0.5,145,dml_if,0.487626232138796,0.02781768531783617,0.4331035689158371,0.5421488953617549,True
1000,0.5,145,dml_mult_boot,0.487626232138796,0.027991550575717273,0.4334684304608926,0.5437456485341334,True
1000,0.5,145,dml_fixed_nuis_boot,0.487626232138796,0.026946113814748866,0.43359411808265413,0.5386137226765284,True
1000,0.5,145,dml_pairs_boot,0.487626232138796,0.03090162259281705,0.42659836403623547,0.5502115021635623,True
1000,0.5,146,naive_ml,0.19499765402330368,0.016762489492355426,0.16214317461828703,0.22785213342832034,False
1000,0.5,146,dml_if,0.512014683911866,0.031089084063144867,0.45108007914810205,0.5729492886756299,True
1000,0.5,146,dml_mult_boot,0.512014683911866,0.03112777934430575,0.4511859608359016,0.5759313945694172,True
1000,0.5,146,dml_fixed_nuis_boot,0.512014683911866,0.03075578631090982,0.45027645170994335,0.5670039171343308,True
1000,0.5,146,dml_pairs_boot,0.512014683911866,0.031167702954185462,0.45990160962249454,0.5717550582869418,True
1000,0.5,147,naive_ml,0.18136066608065124,0.01617978682709053,0.1496482838995538,0.21307304826174867,False
1000,0.5,147,dml_if,0.512739636306388,0.029737006267324628,0.4544551040224317,0.5710241685903442,True
1000,0.5,147,dml_mult_boot,0.512739636306388,0.030158576419283246,0.4514704813130405,0.5685835466844169,True
1000,0.5,147,dml_fixed_nuis_boot,0.512739636306388,0.02930904269077817,0.45617036586550375,0.567407839313464,True
1000,0.5,147,dml_pairs_boot,0.512739636306388,0.03517260866159749,0.45055635184983484,0.5856723014706526,True
1000,0.5,148,naive_ml,0.18368428335194803,0.01594484835477462,0.15243238057658978,0.21493618612730628,False
1000,0.5,148,dml_if,0.5261175411868536,0.03137602560735955,0.46462053099642886,0.5876145513772784,True
1000,0.5,148,dml_mult_boot,0.5261175411868536,0.033223977403236495,0.453602166873354,0.5897797870240041,True
1000,0.5,148,dml_fixed_nuis_boot,0.5261175411868536,0.0297239649960764,0.4663343071604629,0.5837283894787411,True
1000,0.5,148,dml_pairs_boot,0.5261175411868536,0.032462134485938786,0.47151406432270276,0.60008212754906,True
1000,0.5,149,naive_ml,0.17088454844812845,0.01632545755421397,0.13888665164186906,0.20288244525438784,False
1000,0.5,149,dml_if,0.48344736329407634,0.030990043350465585,0.4227068783271638,0.5441878482609889,True
1000,0.5,149,dml_mult_boot,0.48344736329407634,0.031064549534414565,0.4197981190014392,0.5432314597591129,True
1000,0.5,149,dml_fixed_nuis_boot,0.48344736329407634,0.032500461707785755,0.42054271281697964,0.5455223449959881,True
1000,0.5,149,dml_pairs_boot,0.48344736329407634,0.03201094991037347,0.42379430903048,0.5479660149227246,True
1000,0.5,150,naive_ml,0.16938641068679355,0.015383576382864552,0.13923460097637902,0.1995382203972081,False
1000,0.5,150,dml_if,0.4687268543174247,0.028991056536437475,0.4119043835060073,0.5255493251288422,True
1000,0.5,150,dml_mult_boot,0.4687268543174247,0.028933554677839275,0.4192770674859715,0.5324641853550871,True
1000,0.5,150,dml_fixed_nuis_boot,0.4687268543174247,0.02898348797547177,0.4131555972370017,0.526044122255349,True
1000,0.5,150,dml_pairs_boot,0.4687268543174247,0.02875566836943104,0.4071134551179074,0.5208539437970707,True
1000,0.5,151,naive_ml,0.16833455731365699,0.01746059069503044,0.13411179955139732,0.20255731507591665,False
1000,0.5,151,dml_if,0.47793858895819563,0.032657099630830466,0.41393067368176795,0.5419465042346233,True
1000,0.5,151,dml_mult_boot,0.47793858895819563,0.03272612608152023,0.4101374791313705,0.5378626189147905,True
1000,0.5,151,dml_fixed_nuis_boot,0.47793858895819563,0.03308349913691571,0.4184420054205384,0.5399854031964414,True
1000,0.5,151,dml_pairs_boot,0.47793858895819563,0.0423038594983195,0.38070659936525997,0.5538979406115307,True
1000,0.5,152,naive_ml,0.1611154855218031,0.015121053401954774,0.13147822085397176,0.19075275018963445,False
1000,0.5,152,dml_if,0.4720726492035203,0.030641737975709817,0.4120148427711291,0.5321304556359115,True
1000,0.5,152,dml_mult_boot,0.4720726492035203,0.03092334448678608,0.4147544233907287,0.5384702890515798,True
1000,0.5,152,dml_fixed_nuis_boot,0.4720726492035203,0.02996364122897784,0.41223324584433724,0.5312820559781037,True
1000,0.5,152,dml_pairs_boot,0.4720726492035203,0.031526469054130694,0.4277912155376752,0.5461110185847813,True
1000,0.5,153,naive_ml,0.18073665341453243,0.016812115996984883,0.14778490606044206,0.2136884007686228,False
1000,0.5,153,dml_if,0.5221856005989772,0.03181756191921964,0.45982317923730676,0.5845480219606477,True
1000,0.5,153,dml_mult_boot,0.5221856005989772,0.03280966150985111,0.4563933686986847,0.5813488858156866,True
1000,0.5,153,dml_fixed_nuis_boot,0.5221856005989772,0.03162324807814999,0.4583359597746121,0.583743125597251,True
1000,0.5,153,dml_pairs_boot,0.5221856005989772,0.0338799263801486,0.43723893679046444,0.5687482653770195,True
1000,0.5,154,naive_ml,0.1948392490346472,0.016339706516559086,0.1628134242621914,0.226865073807103,False
1000,0.5,154,dml_if,0.5020135930604684,0.03342743443165549,0.4364958215744237,0.5675313645465132,True
1000,0.5,154,dml_mult_boot,0.5020135930604684,0.03154860878424608,0.44585743161750957,0.5631188249088899,True
1000,0.5,154,dml_fixed_nuis_boot,0.5020135930604684,0.034367558650586584,0.43589100673723613,0.5725023016833698,True
1000,0.5,154,dml_pairs_boot,0.5020135930604684,0.03495716360507385,0.4258955667447141,0.56150423231216,True
1000,0.5,155,naive_ml,0.177572391320714,0.01790093357304205,0.1424865615175516,0.21265822112387642,False
1000,0.5,155,dml_if,0.5381328160292788,0.03383951392771051,0.4718073687309662,0.6044582633275913,True
1000,0.5,155,dml_mult_boot,0.5381328160292788,0.033978002131841746,0.47387782286836144,0.6075695904302264,True
1000,0.5,155,dml_fixed_nuis_boot,0.5381328160292788,0.034851179042829306,0.4713668717460725,0.6089876788547596,True
1000,0.5,155,dml_pairs_boot,0.5381328160292788,0.03370717629232915,0.4672199956815288,0.5951721329106008,True
1000,0.5,156,naive_ml,0.1811152353528359,0.015949115076833845,0.14985496980224158,0.21237550090343024,False
1000,0.5,156,dml_if,0.4991484087987487,0.031488542632895515,0.4374308652382735,0.5608659523592239,True
1000,0.5,156,dml_mult_boot,0.4991484087987487,0.033211855108880285,0.432226694154544,0.5593153556770144,True
1000,0.5,156,dml_fixed_nuis_boot,0.4991484087987487,0.03303334490578617,0.43410343434330145,0.563152554948828,True
1000,0.5,156,dml_pairs_boot,0.4991484087987487,0.028990229173889402,0.45232422580818954,0.5613484927163982,True
1000,0.5,157,naive_ml,0.17849979964947227,0.0160613289175477,0.14701959497107878,0.20998000432786576,False
1000,0.5,157,dml_if,0.5026101751671576,0.032047646528983814,0.43979678797034927,0.5654235623639658,True
1000,0.5,157,dml_mult_boot,0.5026101751671576,0.03192319636537628,0.4411036796935543,0.5664356908855416,True
1000,0.5,157,dml_fixed_nuis_boot,0.5026101751671576,0.031182372971746735,0.43727347656438204,0.5632419762460011,True
1000,0.5,157,dml_pairs_boot,0.5026101751671576,0.03234786719454787,0.4315447409493122,0.5685622460484563,True
1000,0.5,158,naive_ml,0.17315608937001056,0.015973533033762234,0.1418479646238366,0.20446421411618454,False
1000,0.5,158,dml_if,0.49001042045941917,0.03280699924450018,0.42570870194019883,0.5543121389786395,True
1000,0.5,158,dml_mult_boot,0.49001042045941917,0.033201035707616025,0.4266670142832136,0.5583610772839905,True
1000,0.5,158,dml_fixed_nuis_boot,0.49001042045941917,0.03251439181888469,0.42214231524763385,0.5534313869411309,True
1000,0.5,158,dml_pairs_boot,0.49001042045941917,0.03327794855196999,0.4231706258855902,0.5464496969671907,True
1000,0.5,159,naive_ml,0.15894887242756336,0.017073806224844997,0.12548421222686718,0.19241353262825955,False
1000,0.5,159,dml_if,0.43467672677557534,0.0318050813832799,0.3723387672643467,0.49701468628680395,False
1000,0.5,159,dml_mult_boot,0.43467672677557534,0.03105054920356168,0.3740668942719487,0.49407853981465105,False
1000,0.5,159,dml_fixed_nuis_boot,0.43467672677557534,0.03191639543491676,0.3744716101395211,0.5023275142283684,True
1000,0.5,159,dml_pairs_boot,0.43467672677557534,0.031608318180126264,0.37886732207861684,0.50198862793214,True
1000,0.5,160,naive_ml,0.18813298908737547,0.01452369993225113,0.15966653722016325,0.2165994409545877,False
1000,0.5,160,dml_if,0.4960567579831793,0.02919220608329337,0.4388400340599243,0.5532734819064343,True
1000,0.5,160,dml_mult_boot,0.4960567579831793,0.029347041441796427,0.4351760719866554,0.5510116074733536,True
1000,0.5,160,dml_fixed_nuis_boot,0.4960567579831793,0.02917354224733729,0.4378904502103131,0.5529994552746964,True
1000,0.5,160,dml_pairs_boot,0.4960567579831793,0.03163505684175987,0.4432520421310358,0.5651307986355968,True
1000,0.5,161,naive_ml,0.18592790934243048,0.01688162304880648,0.15283992816676978,0.21901589051809117,False
1000,0.5,161,dml_if,0.5031060702199488,0.0331697968215162,0.43809326844977703,0.5681188719901206,True
1000,0.5,161,dml_mult_boot,0.5031060702199488,0.03317117247763322,0.43737046922068473,0.5631281211066913,True
1000,0.5,161,dml_fixed_nuis_boot,0.5031060702199488,0.034287708802105576,0.44198230781430214,0.5761184025939096,True
1000,0.5,161,dml_pairs_boot,0.5031060702199488,0.032893104186925676,0.44929038409984534,0.5735987812340231,True
1000,0.5,162,naive_ml,0.17894247445034714,0.01692082629697863,0.14577765490826902,0.21210729399242526,False
1000,0.5,162,dml_if,0.49506437472087406,0.03560220589517036,0.42528405116634016,0.564844698275408,True
1000,0.5,162,dml_mult_boot,0.49506437472087406,0.036037463073693085,0.42137947086630323,0.5650248170629801,True
1000,0.5,162,dml_fixed_nuis_boot,0.49506437472087406,0.036868312801815996,0.4269714144859973,0.5763194708896758,True
1000,0.5,162,dml_pairs_boot,0.49506437472087406,0.033859785866991884,0.427407655305664,0.5599091911446399,True
1000,0.5,163,naive_ml,0.18010097539127976,0.01668595419623836,0.14739650516665256,0.21280544561590695,False
1000,0.5,163,dml_if,0.5027553913733156,0.03218949858259509,0.4396639741514292,0.565846808595202,True
1000,0.5,163,dml_mult_boot,0.5027553913733156,0.03113830054577208,0.44385908306841376,0.5663352588680413,True
1000,0.5,163,dml_fixed_nuis_boot,0.5027553913733156,0.03310672160738206,0.43118333572404277,0.567028811266455,True
1000,0.5,163,dml_pairs_boot,0.5027553913733156,0.032406236408006606,0.4455040515157516,0.5599880016291439,True
1000,0.5,164,naive_ml,0.2020345079852654,0.01628450186128222,0.17011688433715225,0.23395213163337855,False
1000,0.5,164,dml_if,0.5455875206646631,0.03174463904184236,0.48336802814265206,0.6078070131866741,True
1000,0.5,164,dml_mult_boot,0.5455875206646631,0.03210952414953493,0.4790026550915068,0.60422246962745,True
1000,0.5,164,dml_fixed_nuis_boot,0.5455875206646631,0.03227632678259384,0.48511520719597195,0.6141732150770272,True
1000,0.5,164,dml_pairs_boot,0.5455875206646631,0.0329826213159292,0.4749272285830514,0.6072145655790749,True
1000,0.5,165,naive_ml,0.19418036095687652,0.015896134831799403,0.1630239366865497,0.22533678522720335,False
1000,0.5,165,dml_if,0.5023516414852234,0.028061844748430712,0.4473504257782992,0.5573528571921476,True
1000,0.5,165,dml_mult_boot,0.5023516414852234,0.027895966243826977,0.45144662405515545,0.5570603313877641,True
1000,0.5,165,dml_fixed_nuis_boot,0.5023516414852234,0.027871643712755946,0.4439960020547321,0.5547289321133813,True
1000,0.5,165,dml_pairs_boot,0.5023516414852234,0.027641037279277986,0.4552788794171561,0.5615112510720671,True
1000,0.5,166,naive_ml,0.17193441731436684,0.01712224144730306,0.13837482407765284,0.20549401055108085,False
1000,0.5,166,dml_if,0.5118796656253607,0.03171061954546961,0.44972685131624024,0.5740324799344811,True
1000,0.5,166,dml_mult_boot,0.5118796656253607,0.03270723639088085,0.44441488954716124,0.5774568924741345,True
1000,0.5,166,dml_fixed_nuis_boot,0.5118796656253607,0.031870111304299203,0.4514576949512091,0.5776463015658032,True
1000,0.5,166,dml_pairs_boot,0.5118796656253607,0.03178006921164454,0.44854746810872625,0.5655268344155279,True
1000,0.5,167,naive_ml,0.1909044380227821,0.016348406286936183,0.15886156170038718,0.222947314345177,False
1000,0.5,167,dml_if,0.5139820014310125,0.03239239163877661,0.45049291381901035,0.5774710890430146,True
1000,0.5,167,dml_mult_boot,0.5139820014310125,0.03350759349946438,0.4512079876822468,0.579692504484937,True
1000,0.5,167,dml_fixed_nuis_boot,0.5139820014310125,0.03209709868095915,0.4596717517192228,0.5815053542035565,True
1000,0.5,167,dml_pairs_boot,0.5139820014310125,0.03474965644636658,0.45287550171239005,0.5787243925809001,True
1000,0.5,168,naive_ml,0.1841403968421211,0.015785207262193166,0.1532013906082225,0.21507940307601972,False
1000,0.5,168,dml_if,0.4990322798863338,0.031509099847533556,0.43727444418516803,0.5607901155874996,True
1000,0.5,168,dml_mult_boot,0.4990322798863338,0.03141380024697744,0.4371434457766025,0.5582065358712122,True
1000,0.5,168,dml_fixed_nuis_boot,0.4990322798863338,0.030734319602392073,0.4386633955449346,0.5550767643170726,True
1000,0.5,168,dml_pairs_boot,0.4990322798863338,0.03306204402911641,0.4425721444341351,0.5623563590549885,True
1000,0.5,169,naive_ml,0.18030590798596477,0.016579138348492624,0.14781079682291923,0.2128010191490103,False
1000,0.5,169,dml_if,0.4665062493140462,0.03219010581708835,0.403413641912553,0.5295988567155394,True
1000,0.5,169,dml_mult_boot,0.4665062493140462,0.03219664685291731,0.4043762422437458,0.5262876090502707,True
1000,0.5,169,dml_fixed_nuis_boot,0.4665062493140462,0.030198755083016206,0.400009765687397,0.5164021267435096,True
1000,0.5,169,dml_pairs_boot,0.4665062493140462,0.03313186319356155,0.40934475645956325,0.5287833867680016,True
1000,0.5,170,naive_ml,0.1745714582825537,0.01629347247074593,0.14263625223989165,0.20650666432521572,False
1000,0.5,170,dml_if,0.506904243092624,0.03258615543227809,0.443035378445359,0.5707731077398891,True
1000,0.5,170,dml_mult_boot,0.506904243092624,0.03152091572572196,0.452741193333654,0.56907984531318,True
1000,0.5,170,dml_fixed_nuis_boot,0.506904243092624,0.03233978782059675,0.44456093627205884,0.5685078025743793,True
1000,0.5,170,dml_pairs_boot,0.506904243092624,0.035263984629509096,0.4434393013622043,0.5763253240620324,True
1000,0.5,171,naive_ml,0.16959146150409035,0.014645969771542623,0.1408853607518668,0.1982975622563139,False
1000,0.5,171,dml_if,0.44426588249288945,0.027827262863363733,0.38972444728069655,0.49880731770508235,False
1000,0.5,171,dml_mult_boot,0.44426588249288945,0.02750289540766053,0.39036966004224893,0.49943163754785597,False
1000,0.5,171,dml_fixed_nuis_boot,0.44426588249288945,0.02870398805311003,0.38536182100199595,0.5014442388226832,True
1000,0.5,171,dml_pairs_boot,0.44426588249288945,0.03062043396201646,0.3807847291836898,0.5034297291326658,True
1000,0.5,172,naive_ml,0.18736217614000014,0.01678215337091027,0.15446915553301602,0.22025519674698427,False
1000,0.5,172,dml_if,0.49370714336379723,0.032609747793790105,0.42979203768796864,0.5576222490396259,True
1000,0.5,172,dml_mult_boot,0.49370714336379723,0.03308849684916132,0.43369019153127747,0.5585774135217437,True
1000,0.5,172,dml_fixed_nuis_boot,0.49370714336379723,0.034174688509186105,0.4286822059821896,0.568881150190623,True
1000,0.5,172,dml_pairs_boot,0.49370714336379723,0.03327752105574892,0.4261881562242029,0.5563440981880632,True
1000,0.5,173,naive_ml,0.20289627767507987,0.015956345914486917,0.17162183968268552,0.23417071566747422,False
1000,0.5,173,dml_if,0.5185201946472562,0.02877746550208848,0.46211636226316277,0.5749240270313496,True
1000,0.5,173,dml_mult_boot,0.5185201946472562,0.0295153228867698,0.4630212536136286,0.5795048751156128,True
1000,0.5,173,dml_fixed_nuis_boot,0.5185201946472562,0.02984841961836654,0.45872855829207254,0.5725461276171028,True
1000,0.5,173,dml_pairs_boot,0.5185201946472562,0.02911122177727577,0.4668161432422913,0.5741994271350024,True
1000,0.5,174,naive_ml,0.18276997047328053,0.016224192894051265,0.15097055240094004,0.21456938854562102,False
1000,0.5,174,dml_if,0.4766824677055606,0.03163563877966059,0.41467661569742587,0.5386883197136954,True
1000,0.5,174,dml_mult_boot,0.4766824677055606,0.033121256935729114,0.4127143883727136,0.5396433421520662,True
1000,0.5,174,dml_fixed_nuis_boot,0.4766824677055606,0.032241051916457965,0.42117099951812614,0.5441009648434622,True
1000,0.5,174,dml_pairs_boot,0.4766824677055606,0.03355747940050442,0.41822165865070915,0.5427403180443817,True
1000,0.5,175,naive_ml,0.21437810656764433,0.017632622787528845,0.1798181659040878,0.24893804723120086,False
1000,0.5,175,dml_if,0.542963570681553,0.031154008568063177,0.4819017138881492,0.6040254274749568,True
1000,0.5,175,dml_mult_boot,0.542963570681553,0.0305943107995259,0.4840212796967937,0.5979857996189335,True
1000,0.5,175,dml_fixed_nuis_boot,0.542963570681553,0.0289026797149764,0.48362775704573074,0.5961220883664878,True
1000,0.5,175,dml_pairs_boot,0.542963570681553,0.03031833866828249,0.5012212234353856,0.6152596959346833,False
1000,0.5,176,naive_ml,0.16777011538497905,0.015999415218614362,0.1364112615564949,0.19912896921346318,False
1000,0.5,176,dml_if,0.502377605604079,0.03276520515321919,0.4381578035037693,0.5665974077043886,True
1000,0.5,176,dml_mult_boot,0.502377605604079,0.03369976099542449,0.43326847001246244,0.5732434664279291,True
1000,0.5,176,dml_fixed_nuis_boot,0.502377605604079,0.03308491281322687,0.4422338629651794,0.5715364876868336,True
1000,0.5,176,dml_pairs_boot,0.502377605604079,0.03468845922115799,0.43642022131685665,0.5614606740118625,True
1000,0.5,177,naive_ml,0.18817423867641506,0.01627228425012472,0.1562805615461706,0.22006791580665952,False
1000,0.5,177,dml_if,0.535351995836907,0.030053736002969792,0.47644667327108614,0.5942573184027278,True
1000,0.5,177,dml_mult_boot,0.535351995836907,0.029094065676917885,0.48022983844558187,0.5889455609285043,True
1000,0.5,177,dml_fixed_nuis_boot,0.535351995836907,0.030690097898400485,0.47276154778849316,0.5926059623494726,True
1000,0.5,177,dml_pairs_boot,0.535351995836907,0.033554493385973244,0.46901474842971547,0.5966836187017688,True
1000,0.5,178,naive_ml,0.18779311841414437,0.016660966384658107,0.1551376243002145,0.22044861252807424,False
1000,0.5,178,dml_if,0.5277592079695039,0.033056800408322665,0.4629678791691915,0.5925505367698164,True
1000,0.5,178,dml_mult_boot,0.5277592079695039,0.03246992990152029,0.46768363817980974,0.5954038141603551,True
1000,0.5,178,dml_fixed_nuis_boot,0.5277592079695039,0.03302599429158946,0.4592890051061131,0.5881510722743084,True
1000,0.5,178,dml_pairs_boot,0.5277592079695039,0.03182541148513356,0.45850018208297055,0.576666578380744,True
1000,0.5,179,naive_ml,0.20707822032784257,0.01682904258832049,0.1740932968547344,0.24006314380095073,False
1000,0.5,179,dml_if,0.5409833311651044,0.03101059961344804,0.4802025559227463,0.6017641064074626,True
1000,0.5,179,dml_mult_boot,0.5409833311651044,0.03058708309945572,0.48117183373819117,0.6043085503000786,True
1000,0.5,179,dml_fixed_nuis_boot,0.5409833311651044,0.03043500987964285,0.482916863282578,0.5987660547784631,True
1000,0.5,179,dml_pairs_boot,0.5409833311651044,0.033125595246765706,0.48364316011186037,0.6106778032524087,True
1000,0.5,180,naive_ml,0.1907269854023477,0.018326254288323005,0.1548075269972346,0.2266464438074608,False
1000,0.5,180,dml_if,0.5303572719966416,0.03306406463956965,0.4655517053030851,0.5951628386901981,True
1000,0.5,180,dml_mult_boot,0.5303572719966416,0.03391893430999587,0.46380843053583815,0.5937826883013605,True
1000,0.5,180,dml_fixed_nuis_boot,0.5303572719966416,0.03321452235606536,0.46851002952800475,0.599314488380497,True
1000,0.5,180,dml_pairs_boot,0.5303572719966416,0.0379247276378666,0.469764645573312,0.6038078757066656,True
1000,0.5,181,naive_ml,0.18677666176604266,0.01683317774079544,0.1537836333940836,0.2197696901380017,False
1000,0.5,181,dml_if,0.5190330840495558,0.032016016269258485,0.4562816921618092,0.5817844759373024,True
1000,0.5,181,dml_mult_boot,0.5190330840495558,0.032870737535749164,0.45885869666246276,0.5822698978798002,True
1000,0.5,181,dml_fixed_nuis_boot,0.5190330840495558,0.03363731413072776,0.454789651874205,0.5808658131656498,True
1000,0.5,181,dml_pairs_boot,0.5190330840495558,0.03613021401091957,0.4310693703272983,0.5775723529511932,True
1000,0.5,182,naive_ml,0.1990670778221227,0.016718190998088012,0.1662994234658702,0.23183473217837522,False
1000,0.5,182,dml_if,0.5355828140489622,0.0330145750406304,0.47087424696932667,0.6002913811285978,True
1000,0.5,182,dml_mult_boot,0.5355828140489622,0.03449925261629111,0.47100736919273106,0.5995368533910356,True
1000,0.5,182,dml_fixed_nuis_boot,0.5355828140489622,0.03233323154987758,0.46943826052553195,0.5987852520350267,True
1000,0.5,182,dml_pairs_boot,0.5355828140489622,0.03323429829418738,0.4760692072917118,0.6027997238840875,True
1000,0.5,183,naive_ml,0.17851215891935185,0.016523100996933677,0.14612688096536183,0.21089743687334186,False
1000,0.5,183,dml_if,0.5000465855614553,0.03125108916147485,0.4387944508049646,0.561298720317946,True
1000,0.5,183,dml_mult_boot,0.5000465855614553,0.029251312745223777,0.44429328060658996,0.5561880966364581,True
1000,0.5,183,dml_fixed_nuis_boot,0.5000465855614553,0.029396787050349916,0.4488467997113484,0.5566733945116171,True
1000,0.5,183,dml_pairs_boot,0.5000465855614553,0.03165955508358719,0.4457529878730731,0.5767549570692958,True
1000,0.5,184,naive_ml,0.1941407006874793,0.017259269289728214,0.160312532879612,0.2279688684953466,False
1000,0.5,184,dml_if,0.5350959772277718,0.0335311157199724,0.4693749904166259,0.6008169640389177,True
1000,0.5,184,dml_mult_boot,0.5350959772277718,0.032955637515894726,0.4709207617803788,0.5923496285908402,True
1000,0.5,184,dml_fixed_nuis_boot,0.5350959772277718,0.03213622200161573,0.46834574538894447,0.5914675990631442,True
1000,0.5,184,dml_pairs_boot,0.5350959772277718,0.03366090162703818,0.48565612112617385,0.6052480906316802,True
1000,0.5,185,naive_ml,0.16449939788449852,0.015267263679361646,0.13457556107294968,0.19442323469604736,False
1000,0.5,185,dml_if,0.48286412360969766,0.031043487008014972,0.4220188890739883,0.543709358145407,True
1000,0.5,185,dml_mult_boot,0.48286412360969766,0.03058506526330532,0.4223492511516542,0.541686085579607,True
1000,0.5,185,dml_fixed_nuis_boot,0.48286412360969766,0.03140198298999942,0.42448710684389723,0.5423670069705784,True
1000,0.5,185,dml_pairs_boot,0.48286412360969766,0.030696158499461338,0.4297463838128981,0.5423164788575452,True
1000,0.5,186,naive_ml,0.19605981591243854,0.017965775615072545,0.16084689570689636,0.23127273611798072,False
1000,0.5,186,dml_if,0.5195800743923328,0.034336072403691395,0.4522813724810977,0.5868787763035679,True
1000,0.5,186,dml_mult_boot,0.5195800743923328,0.034553242533080314,0.4570450302647076,0.5855427602374415,True
1000,0.5,186,dml_fixed_nuis_boot,0.5195800743923328,0.03630088496772152,0.450852888689139,0.5979176500433332,True
1000,0.5,186,dml_pairs_boot,0.5195800743923328,0.03240654403606973,0.459782910474542,0.584406750373128,True
1000,0.5,187,naive_ml,0.19031743265365417,0.016994890431364897,0.15700744740817896,0.22362741789912938,False
1000,0.5,187,dml_if,0.5000286250728448,0.03268954149495861,0.435957123742726,0.5641001264029637,True
1000,0.5,187,dml_mult_boot,0.5000286250728448,0.030535098173645258,0.43929335897099914,0.5575165610505054,True
1000,0.5,187,dml_fixed_nuis_boot,0.5000286250728448,0.033082549625843845,0.43748133693746716,0.5594120467761502,True
1000,0.5,187,dml_pairs_boot,0.5000286250728448,0.03633193039198665,0.4354174300177145,0.5750525093680617,True
1000,0.5,188,naive_ml,0.20085945901643865,0.01615515809940282,0.1691953491416091,0.23252356889126818,False
1000,0.5,188,dml_if,0.5504562912592339,0.03075501363284328,0.4901764645388611,0.6107361179796067,True
1000,0.5,188,dml_mult_boot,0.5504562912592339,0.032380583763512875,0.48816386137674433,0.6140918015551508,True
1000,0.5,188,dml_fixed_nuis_boot,0.5504562912592339,0.031459514242309826,0.493662524501259,0.6138928914498109,True
1000,0.5,188,dml_pairs_boot,0.5504562912592339,0.03254975971844986,0.4984335149679296,0.6146048516747284,True
1000,0.5,189,naive_ml,0.17923254838278663,0.016090993235350345,0.14769420164149996,0.2107708951240733,False
1000,0.5,189,dml_if,0.4974997189934529,0.03306786222691423,0.43268670902870104,0.5623127289582048,True
1000,0.5,189,dml_mult_boot,0.4974997189934529,0.03286464682151095,0.42832513676489375,0.5553398994738281,True
1000,0.5,189,dml_fixed_nuis_boot,0.4974997189934529,0.03322590649434871,0.43182950221940547,0.5589136492947823,True
1000,0.5,189,dml_pairs_boot,0.4974997189934529,0.031928145959282485,0.4319934671843302,0.55340955053106,True
1000,0.5,190,naive_ml,0.19520330919241138,0.016369527629479547,0.16311903503863148,0.22728758334619129,False
1000,0.5,190,dml_if,0.5283736341414671,0.030698884833467756,0.4682038198678703,0.5885434484150639,True
1000,0.5,190,dml_mult_boot,0.5283736341414671,0.029414525421774983,0.47155537868383507,0.5858834981482447,True
1000,0.5,190,dml_fixed_nuis_boot,0.5283736341414671,0.03018350573120715,0.4687699931639133,0.5840797348873225,True
1000,0.5,190,dml_pairs_boot,0.5283736341414671,0.032059111729625715,0.4716761333636544,0.5887049313234112,True
1000,0.5,191,naive_ml,0.16419168791226932,0.015140723627660321,0.13451586960205508,0.19386750622248355,False
1000,0.5,191,dml_if,0.45355566216187687,0.032241775754303696,0.3903617816834416,0.5167495426403121,True
1000,0.5,191,dml_mult_boot,0.45355566216187687,0.03123975184525069,0.391625931721933,0.5142191148077608,True
1000,0.5,191,dml_fixed_nuis_boot,0.45355566216187687,0.031845188516179346,0.39167123297419343,0.5130821013988842,True
1000,0.5,191,dml_pairs_boot,0.45355566216187687,0.03380808216331529,0.37678238684998294,0.5123643139094706,True
1000,0.5,192,naive_ml,0.1617518409245006,0.015838837579946814,0.13070771926780483,0.19279596258119636,False
1000,0.5,192,dml_if,0.4719571533257227,0.030821456267231002,0.4115470990419499,0.5323672076094954,True
1000,0.5,192,dml_mult_boot,0.4719571533257227,0.03028305777291743,0.41533934470847195,0.5303329356699218,True
1000,0.5,192,dml_fixed_nuis_boot,0.4719571533257227,0.03111672931448961,0.4176255094689109,0.5398276748370894,True
1000,0.5,192,dml_pairs_boot,0.4719571533257227,0.03319353329213499,0.4086739622480481,0.5291962036735166,True
1000,0.5,193,naive_ml,0.20493236622838978,0.017111281955999195,0.17139425359463137,0.2384704788621482,False
1000,0.5,193,dml_if,0.5332264928425992,0.032184624875587646,0.47014462808644736,0.5963083575987509,True
1000,0.5,193,dml_mult_boot,0.5332264928425992,0.03247688013639191,0.47248622351306674,0.5974760741431796,True
1000,0.5,193,dml_fixed_nuis_boot,0.5332264928425992,0.030675143321061478,0.47262075285061705,0.5923939996861579,True
1000,0.5,193,dml_pairs_boot,0.5332264928425992,0.03235526661271345,0.48144270591720467,0.6061431026055719,True
1000,0.5,194,naive_ml,0.15651292121072025,0.017782831726370112,0.12165857102703483,0.19136727139440568,False
1000,0.5,194,dml_if,0.45400091565358214,0.03472054601054955,0.385948645472905,0.5220531858342593,True
1000,0.5,194,dml_mult_boot,0.45400091565358214,0.03524953859643196,0.3848282830072772,0.5247669418192952,True
1000,0.5,194,dml_fixed_nuis_boot,0.45400091565358214,0.037328464170295485,0.38654479968859845,0.5315650692914724,True
1000,0.5,194,dml_pairs_boot,0.45400091565358214,0.03348617341970374,0.3951788612985403,0.5196648357452227,True
1000,0.5,195,naive_ml,0.18682676006946822,0.016479131392098025,0.1545276625409561,0.21912585759798034,False
1000,0.5,195,dml_if,0.5400836070969073,0.03456055576139338,0.47234491780457627,0.6078222963892383,True
1000,0.5,195,dml_mult_boot,0.5400836070969073,0.03456667601679498,0.46845043583817675,0.604540475202326,True
1000,0.5,195,dml_fixed_nuis_boot,0.5400836070969073,0.03543155736517177,0.4729819189033756,0.6022447401226986,True
1000,0.5,195,dml_pairs_boot,0.5400836070969073,0.034285555604834074,0.46248649397259034,0.6011669728515443,True
1000,0.5,196,naive_ml,0.1709595214172629,0.015465942127908654,0.14064627484656195,0.20127276798796384,False
1000,0.5,196,dml_if,0.4887022971330689,0.029679858532844897,0.4305297744086929,0.5468748198574449,True
1000,0.5,196,dml_mult_boot,0.4887022971330689,0.02853918940039031,0.4269274999389175,0.5402801164013883,True
1000,0.5,196,dml_fixed_nuis_boot,0.4887022971330689,0.02956760152822688,0.4356301625098261,0.5476550050028314,True
1000,0.5,196,dml_pairs_boot,0.4887022971330689,0.027912902630049856,0.4370922811172462,0.5419251470404879,True
1000,0.5,197,naive_ml,0.16938737568484405,0.015094138116027134,0.13980286497743086,0.19897188639225724,False
1000,0.5,197,dml_if,0.4822366611389269,0.030518636692960628,0.422420133220724,0.5420531890571297,True
1000,0.5,197,dml_mult_boot,0.4822366611389269,0.031807825554985854,0.42151409575202703,0.5441017439348237,True
1000,0.5,197,dml_fixed_nuis_boot,0.4822366611389269,0.03121963451164117,0.4186094572310889,0.5392074708770447,True
1000,0.5,197,dml_pairs_boot,0.4822366611389269,0.027810603726716805,0.43549500727640605,0.5345978374878574,True
1000,0.5,198,naive_ml,0.18148032582015391,0.016247540616642485,0.14963514621153465,0.21332550542877318,False
1000,0.5,198,dml_if,0.5084326967405285,0.03168645739082876,0.4463272402545041,0.5705381532265529,True
1000,0.5,198,dml_mult_boot,0.5084326967405285,0.03363305382129395,0.44596709812279783,0.5787006889549553,True
1000,0.5,198,dml_fixed_nuis_boot,0.5084326967405285,0.031928774920901605,0.4455825680183274,0.5663285597905302,True
1000,0.5,198,dml_pairs_boot,0.5084326967405285,0.029381438839332013,0.4414293753327417,0.5579077903905393,True
1000,0.5,199,naive_ml,0.16024123225824788,0.016910867720176432,0.12709593152670207,0.1933865329897937,False
1000,0.5,199,dml_if,0.4723771903507126,0.03501305467795187,0.40375160318192693,0.5410027775194982,True
1000,0.5,199,dml_mult_boot,0.4723771903507126,0.03577213273746271,0.4091906589795106,0.5449780090018294,True
1000,0.5,199,dml_fixed_nuis_boot,0.4723771903507126,0.032169317143704045,0.41498994685668184,0.5354354253101397,True
1000,0.5,199,dml_pairs_boot,0.4723771903507126,0.03454962462646041,0.40201506062811193,0.531436864662664,True
2000,0.0,0,naive_ml,0.003882344247521752,0.012457834477604316,-0.02053501132858271,0.028299699823626213,True
2000,0.0,0,dml_if,-0.0020763685796288,0.023634826199822993,-0.048400627931281866,0.04424789077202427,True
2000,0.0,0,dml_mult_boot,-0.0020763685796288,0.02321896754508115,-0.04939665697990769,0.04042223551161513,True
2000,0.0,0,dml_fixed_nuis_boot,-0.0020763685796288,0.024496479224857634,-0.04943460548154348,0.04545912195338661,True
2000,0.0,0,dml_pairs_boot,-0.0020763685796288,0.022673893554882724,-0.04246286261557383,0.03351942202410427,True
2000,0.0,1,naive_ml,0.0162369008112525,0.012600300677210201,-0.008459688516079492,0.040933490138584494,True
2000,0.0,1,dml_if,0.023538517765388282,0.02270763422687019,-0.020968445319277287,0.06804548085005385,True
2000,0.0,1,dml_mult_boot,0.023538517765388282,0.02230603095396621,-0.01747513084303523,0.06837324767437222,True
2000,0.0,1,dml_fixed_nuis_boot,0.023538517765388282,0.023975617509015,-0.021328605535533705,0.07226628294340515,True
2000,0.0,1,dml_pairs_boot,0.023538517765388282,0.01997890322298598,-0.015136368136291212,0.061235972303083364,True
2000,0.0,2,naive_ml,0.010951234863999479,0.013542405862431306,-0.01559188062636588,0.03749435035436484,True
2000,0.0,2,dml_if,0.01951245329062693,0.02263772383993871,-0.024857485435652943,0.0638823920169068,True
2000,0.0,2,dml_mult_boot,0.01951245329062693,0.02165531034055368,-0.018911214427576428,0.06726087007684366,True
2000,0.0,2,dml_fixed_nuis_boot,0.01951245329062693,0.022427973363374296,-0.02156025882868982,0.06359246046895446,True
2000,0.0,2,dml_pairs_boot,0.01951245329062693,0.024036671477580856,-0.022499401657297594,0.06198036031254446,True
2000,0.0,3,naive_ml,0.004186829524775035,0.01302961820205948,-0.021351222151261545,0.029724881200811615,True
2000,0.0,3,dml_if,-0.011688468300260756,0.021942651030622748,-0.05469606432028134,0.03131912771975983,True
2000,0.0,3,dml_mult_boot,-0.011688468300260756,0.02160377233743455,-0.05308154140656977,0.03140749320639048,True
2000,0.0,3,dml_fixed_nuis_boot,-0.011688468300260756,0.022491571810345216,-0.05099882041129573,0.033601003778631504,True
2000,0.0,3,dml_pairs_boot,-0.011688468300260756,0.023515168160107756,-0.05452393646212673,0.04243312542282303,True
2000,0.0,4,naive_ml,0.018692336386944168,0.013046238402173367,-0.00687829088131563,0.04426296365520396,True
2000,0.0,4,dml_if,0.01334020232969334,0.022421169867636735,-0.030605290610874664,0.05728569527026134,True
2000,0.0,4,dml_mult_boot,0.01334020232969334,0.020545876049157884,-0.02820632490055006,0.050386590862168186,True
2000,0.0,4,dml_fixed_nuis_boot,0.01334020232969334,0.020987207777031593,-0.02419275569247955,0.054654579168409885,True
2000,0.0,4,dml_pairs_boot,0.01334020232969334,0.01973277428749936,-0.01798516611852087,0.050329081904041346,True
2000,0.0,5,naive_ml,0.009518036936797484,0.01333675038459949,-0.016621993817017518,0.035658067690612485,True
2000,0.0,5,dml_if,0.010670320016798645,0.02354779123040081,-0.03548335079478695,0.056823990828384234,True
2000,0.0,5,dml_mult_boot,0.010670320016798645,0.021566129614661044,-0.02996534278578576,0.053863787209001236,True
2000,0.0,5,dml_fixed_nuis_boot,0.010670320016798645,0.023943729849655346,-0.036513919898792595,0.056738284970975494,True
2000,0.0,5,dml_pairs_boot,0.010670320016798645,0.025226522667648237,-0.031571553107000855,0.06445516558414156,True
2000,0.0,6,naive_ml,-0.007285786587190061,0.012420434958841363,-0.031629839106519134,0.017058265932139008,True
2000,0.0,6,dml_if,-0.03342944037342695,0.022674526818721476,-0.07787151293812104,0.01101263219126715,True
2000,0.0,6,dml_mult_boot,-0.03342944037342695,0.022595980723156394,-0.07354818498358465,0.013331218490167416,True
2000,0.0,6,dml_fixed_nuis_boot,-0.03342944037342695,0.022965411656481402,-0.07588095900692761,0.013629974296362122,True
2000,0.0,6,dml_pairs_boot,-0.03342944037342695,0.023792761982609694,-0.0831444821743555,0.007096903357768254,True
2000,0.0,7,naive_ml,-0.00719592692286208,0.013629251116774422,-0.03390925911173995,0.019517405266015787,True
2000,0.0,7,dml_if,-0.050610476724595656,0.024221513248003312,-0.09808464269068215,-0.0031363107585091615,False
2000,0.0,7,dml_mult_boot,-0.050610476724595656,0.024502672170697914,-0.09929448032422043,-0.003622309593230541,False
2000,0.0,7,dml_fixed_nuis_boot,-0.050610476724595656,0.025281669460256836,-0.09539236818588899,-0.0019283140975358498,False
2000,0.0,7,dml_pairs_boot,-0.050610476724595656,0.023996676414965792,-0.09726328110787205,-0.006009665442327592,False
2000,0.0,8,naive_ml,0.02035478801391302,0.012766959971801951,-0.004668453530818805,0.04537802955864484,True
2000,0.0,8,dml_if,0.018441318543656205,0.022183030505804214,-0.025037421247720053,0.06192005833503246,True
2000,0.0,8,dml_mult_boot,0.018441318543656205,0.02447572438329878,-0.029349855926720913,0.0630070214437876,True
2000,0.0,8,dml_fixed_nuis_boot,0.018441318543656205,0.022763295874083274,-0.025632342622871822,0.06033698721700673,True
2000,0.0,8,dml_pairs_boot,0.018441318543656205,0.02235801159613671,-0.030647516491084638,0.05440382198424348,True
2000,0.0,9,naive_ml,0.027687347221015325,0.012937783158260404,0.0023292922308249323,0.05304540221120572,False
2000,0.0,9,dml_if,0.052150353140655734,0.022339924243892015,0.008364101622627386,0.09593660465868409,False
2000,0.0,9,dml_mult_boot,0.052150353140655734,0.021566069542447244,0.011546539464201908,0.09546240863209887,False
2000,0.0,9,dml_fixed_nuis_boot,0.052150353140655734,0.02293867336508869,0.004107558640812734,0.0987551883515391,False
2000,0.0,9,dml_pairs_boot,0.052150353140655734,0.021049319580799364,0.01184267288998717,0.09256378000274298,False
2000,0.0,10,naive_ml,0.004120670945442693,0.013048354609192837,-0.021454104088575267,0.029695445979460652,True
2000,0.0,10,dml_if,-0.006177867380521709,0.02293088651462164,-0.05112240494918013,0.03876667018813671,True
2000,0.0,10,dml_mult_boot,-0.006177867380521709,0.023109357891410012,-0.04887983426785768,0.03709792207151763,True
2000,0.0,10,dml_fixed_nuis_boot,-0.006177867380521709,0.02280633449145752,-0.05203995323854313,0.04161766341165438,True
2000,0.0,10,dml_pairs_boot,-0.006177867380521709,0.02248259676410857,-0.04209808202923321,0.0394122909907127,True
2000,0.0,11,naive_ml,0.010616502241919394,0.012820156000709645,-0.014511003519471509,0.0357440080033103,True
2000,0.0,11,dml_if,0.0012887797742319436,0.022616925883363618,-0.04304039495716074,0.045617954505624635,True
2000,0.0,11,dml_mult_boot,0.0012887797742319436,0.022391319702912933,-0.041279796345008016,0.04558367535626158,True
2000,0.0,11,dml_fixed_nuis_boot,0.0012887797742319436,0.022695531870995173,-0.0460828520848565,0.04300282794214332,True
2000,0.0,11,dml_pairs_boot,0.0012887797742319436,0.02232767937696443,-0.03464446510261425,0.04774296031855903,True
2000,0.0,12,naive_ml,0.009135313270641562,0.012983047962671659,-0.01631146073619489,0.03458208727747801,True
2000,0.0,12,dml_if,-0.00589966509205802,0.021681904538725493,-0.04839619798795999,0.03659686780384395,True
2000,0.0,12,dml_mult_boot,-0.00589966509205802,0.02276072200138282,-0.04976249631284555,0.038032203507596715,True
2000,0.0,12,dml_fixed_nuis_boot,-0.00589966509205802,0.021719507124897793,-0.05030998300515913,0.039539254182800736,True
2000,0.0,12,dml_pairs_boot,-0.00589966509205802,0.02092454717217455,-0.04499066392262893,0.028454031500765784,True
2000,0.0,13,naive_ml,0.0026869561356620704,0.012791458217320887,-0.02238430197028687,0.02775821424161101,True
2000,0.0,13,dml_if,-0.01820096736113203,0.02268804244832672,-0.0626695305598524,0.026267595837588347,True
2000,0.0,13,dml_mult_boot,-0.01820096736113203,0.022447527210267517,-0.06490121331940141,0.026276067990232597,True
2000,0.0,13,dml_fixed_nuis_boot,-0.01820096736113203,0.02356634644190429,-0.06663745346060625,0.02819735965858284,True
2000,0.0,13,dml_pairs_boot,-0.01820096736113203,0.02388003592207964,-0.057503527368797006,0.03148963333741972,True
2000,0.0,14,naive_ml,-0.0012252484770054186,0.013162030825003562,-0.0270228288940124,0.024572331940001562,True
2000,0.0,14,dml_if,-0.02180215827821842,0.02176323022352788,-0.06445808951633307,0.020853772959896228,True
2000,0.0,14,dml_mult_boot,-0.02180215827821842,0.02076540334312974,-0.060089967381401224,0.020862149182374296,True
2000,0.0,14,dml_fixed_nuis_boot,-0.02180215827821842,0.02106947251718234,-0.06520779752056467,0.015344837530145924,True
2000,0.0,14,dml_pairs_boot,-0.02180215827821842,0.021438707767147035,-0.05832019611177214,0.017469469899109646,True
2000,0.0,15,naive_ml,0.011195748151858696,0.012363363965028126,-0.01303644521959643,0.03542794152331382,True
2000,0.0,15,dml_if,0.00674775499931481,0.02146379911757254,-0.035321291271127375,0.04881680126975699,True
2000,0.0,15,dml_mult_boot,0.00674775499931481,0.02050844273714632,-0.030486870314539543,0.04871591699641521,True
2000,0.0,15,dml_fixed_nuis_boot,0.00674775499931481,0.022292989713863516,-0.035853531699237974,0.05092819425643593,True
2000,0.0,15,dml_pairs_boot,0.00674775499931481,0.024219354105705613,-0.03826087336564668,0.05462237837045973,True
2000,0.0,16,naive_ml,0.026506984446179573,0.012518961609795523,0.001969819690980347,0.0510441492013788,False
2000,0.0,16,dml_if,0.04725160265006431,0.02181332811969849,0.004497479535455269,0.09000572576467336,False
2000,0.0,16,dml_mult_boot,0.04725160265006431,0.022480459945774127,0.0009167887037204871,0.09113879872357943,False
2000,0.0,16,dml_fixed_nuis_boot,0.04725160265006431,0.023013785182574294,-0.0024746230168563054,0.09066305307604895,True
2000,0.0,16,dml_pairs_boot,0.04725160265006431,0.02000190147555774,0.009792670325828569,0.08473834633927958,False
2000,0.0,17,naive_ml,0.014863327714504534,0.012610488338891753,-0.0098532294297233,0.03957988485873237,True
2000,0.0,17,dml_if,0.01654200477122849,0.02205702786969309,-0.026689769853369967,0.05977377939582695,True
2000,0.0,17,dml_mult_boot,0.01654200477122849,0.0225610872435471,-0.026008449255093,0.06147968447578224,True
2000,0.0,17,dml_fixed_nuis_boot,0.01654200477122849,0.022582084330628447,-0.02922013538336338,0.0655306276923554,True
2000,0.0,17,dml_pairs_boot,0.01654200477122849,0.022755204426468167,-0.027553709161952728,0.0582515603837862,True
2000,0.0,18,naive_ml,0.004673575265341537,0.01255454438001983,-0.019933331719497332,0.029280482250180404,True
2000,0.0,18,dml_if,-0.011480894928166365,0.02153933468881853,-0.053697990918250685,0.03073620106191795,True
2000,0.0,18,dml_mult_boot,-0.011480894928166365,0.021966029028251715,-0.05496375314531587,0.03236812564347297,True
2000,0.0,18,dml_fixed_nuis_boot,-0.011480894928166365,0.022172501689613006,-0.05463239854072516,0.03142439591939726,True
2000,0.0,18,dml_pairs_boot,-0.011480894928166365,0.021397436349301927,-0.05071830833252474,0.029148978575894286,True
2000,0.0,19,naive_ml,0.005078280045589183,0.01263926028166093,-0.01969467010646624,0.029851230197644605,True
2000,0.0,19,dml_if,-0.012232858136031659,0.02236347183809048,-0.05606526293868899,0.03159954666662568,True
2000,0.0,19,dml_mult_boot,-0.012232858136031659,0.022265845696498913,-0.054527899470643175,0.02816613548402961,True
2000,0.0,19,dml_fixed_nuis_boot,-0.012232858136031659,0.022050972287242107,-0.05651596068699668,0.033126658981549054,True
2000,0.0,19,dml_pairs_boot,-0.012232858136031659,0.022339725682985905,-0.052353805957274284,0.029083255087699326,True
2000,0.0,20,naive_ml,0.016690664475995848,0.013514953523382646,-0.00979864442983414,0.04317997338182583,True
2000,0.0,20,dml_if,0.0151662114269164,0.023252611218458265,-0.030408906561261797,0.060741329415094594,True
2000,0.0,20,dml_mult_boot,0.0151662114269164,0.023543784797716533,-0.031042701814842626,0.05986049588721047,True
2000,0.0,20,dml_fixed_nuis_boot,0.0151662114269164,0.023360294593245685,-0.031281562690188745,0.05723865087466688,True
2000,0.0,20,dml_pairs_boot,0.0151662114269164,0.025463821614431358,-0.023272813301321624,0.06931721008057067,True
2000,0.0,21,naive_ml,-0.001854772341509779,0.01324267543656113,-0.027810416197169594,0.024100871514150034,True
2000,0.0,21,dml_if,-0.01815789159798565,0.02257163127587697,-0.06239828889870451,0.02608250570273321,True
2000,0.0,21,dml_mult_boot,-0.01815789159798565,0.021948230616209385,-0.05890581524286416,0.019697828664506315,True
2000,0.0,21,dml_fixed_nuis_boot,-0.01815789159798565,0.022683302144546814,-0.06510420452545677,0.02727462947071455,True
2000,0.0,21,dml_pairs_boot,-0.01815789159798565,0.024199953637656,-0.059343920980448675,0.02844664062034253,True
2000,0.0,22,naive_ml,0.002580350775531696,0.01253443411151896,-0.021987140083045465,0.027147841634108858,True
2000,0.0,22,dml_if,-0.012780012007145474,0.02121635642710762,-0.05436407060427641,0.028804046589985463,True
2000,0.0,22,dml_mult_boot,-0.012780012007145474,0.021925778989546577,-0.05694765444719558,0.02599339818541519,True
2000,0.0,22,dml_fixed_nuis_boot,-0.012780012007145474,0.02172299237584821,-0.0545849240001165,0.030761424461758093,True
2000,0.0,22,dml_pairs_boot,-0.012780012007145474,0.02055124254567851,-0.047869788244714835,0.029613795586964337,True
2000,0.0,23,naive_ml,0.01844968363775106,0.013234496290633843,-0.007489929091891275,0.04438929636739339,True
2000,0.0,23,dml_if,0.018999365156890425,0.022700140841703766,-0.02549291089284896,0.06349164120662981,True
2000,0.0,23,dml_mult_boot,0.018999365156890425,0.022140998714567338,-0.020814587469113698,0.06275943275174739,True
2000,0.0,23,dml_fixed_nuis_boot,0.018999365156890425,0.023002638631520224,-0.023513497012284567,0.06124009501527928,True
2000,0.0,23,dml_pairs_boot,0.018999365156890425,0.020970544369022185,-0.017128997854219667,0.0614925904175471,True
2000,0.0,24,naive_ml,0.011385838284463316,0.013090919552871868,-0.014272364039165545,0.037044040608092174,True
2000,0.0,24,dml_if,-0.0027409105351092924,0.021730659391297508,-0.045333002942052406,0.03985118187183383,True
2000,0.0,24,dml_mult_boot,-0.0027409105351092924,0.020378990079071187,-0.04066177684831482,0.03595984323462857,True
2000,0.0,24,dml_fixed_nuis_boot,-0.0027409105351092924,0.021854086713064127,-0.045572067113493306,0.041180582626621595,True
2000,0.0,24,dml_pairs_boot,-0.0027409105351092924,0.02429251875067526,-0.044039501157346915,0.05307118696239659,True
2000,0.0,25,naive_ml,-0.0009030268891871182,0.012518347421441775,-0.025438987835212996,0.02363293405683876,True
2000,0.0,25,dml_if,-0.0275373541461952,0.02134729992037878,-0.0693780619901376,0.014303353697747209,True
2000,0.0,25,dml_mult_boot,-0.0275373541461952,0.0210766032875019,-0.06636649409140402,0.015029242019493932,True
2000,0.0,25,dml_fixed_nuis_boot,-0.0275373541461952,0.021519292064361012,-0.07103315732100032,0.011084699539544718,True
2000,0.0,25,dml_pairs_boot,-0.0275373541461952,0.023056493998827622,-0.07124611834096235,0.012229389590582266,True
2000,0.0,26,naive_ml,0.0026133065970042487,0.013223616552720875,-0.023304981846328666,0.02853159504033716,True
2000,0.0,26,dml_if,-0.01615499238460443,0.022893282034355995,-0.06102582517194218,0.02871584040273332,True
2000,0.0,26,dml_mult_boot,-0.01615499238460443,0.021921648948160885,-0.05464470864102747,0.027949740910803416,True
2000,0.0,26,dml_fixed_nuis_boot,-0.01615499238460443,0.024237595449795278,-0.06192234150655328,0.034857439190485895,True
2000,0.0,26,dml_pairs_boot,-0.01615499238460443,0.01954104410491729,-0.053162656411210645,0.022702119611169767,True
2000,0.0,27,naive_ml,0.020252462973706316,0.013014146262074151,-0.005255263699959021,0.04576018964737165,True
2000,0.0,27,dml_if,0.03563108704144888,0.02203506637568985,-0.007557643054903224,0.07881981713780098,True
2000,0.0,27,dml_mult_boot,0.03563108704144888,0.022806064479871047,-0.0036562552386453662,0.08041573401550729,True
2000,0.0,27,dml_fixed_nuis_boot,0.03563108704144888,0.02244994626841996,-0.005517086315876174,0.08076918058561224,True
2000,0.0,27,dml_pairs_boot,0.03563108704144888,0.021418206969310166,-0.005587147776159297,0.07216993834928645,True
2000,0.0,28,naive_ml,0.006202568630883538,0.013594838518602303,-0.020443314865576975,0.03284845212734405,True
2000,0.0,28,dml_if,-0.010693770590194475,0.023420995501918482,-0.0565989217739547,0.03521138059356575,True
2000,0.0,28,dml_mult_boot,-0.010693770590194475,0.023555792493958613,-0.05719720594105285,0.03611480323656374,True
2000,0.0,28,dml_fixed_nuis_boot,-0.010693770590194475,0.02247431618153888,-0.05743789850590745,0.03321454237134719,True
2000,0.0,28,dml_pairs_boot,-0.010693770590194475,0.022110623114460985,-0.043724666995833446,0.0370689967668886,True
2000,0.0,29,naive_ml,0.00620776234065108,0.013646866783134363,-0.020540096554292273,0.03295562123559443,True
2000,0.0,29,dml_if,-0.008413365916554076,0.02295073382695818,-0.0533968042173921,0.036570072384283954,True
2000,0.0,29,dml_mult_boot,-0.008413365916554076,0.021688860247119923,-0.05170134212070951,0.03329401597367056,True
2000,0.0,29,dml_fixed_nuis_boot,-0.008413365916554076,0.023947787645340727,-0.05267299213437041,0.03800625278357707,True
2000,0.0,29,dml_pairs_boot,-0.008413365916554076,0.020717204015194286,-0.044762781241420226,0.037810592102467344,True
2000,0.0,30,naive_ml,0.01936078657225009,0.01298056148169093,-0.006081113931864134,0.04480268707636431,True
2000,0.0,30,dml_if,0.033177922603270946,0.02256606825338617,-0.01105157117336595,0.07740741637990783,True
2000,0.0,30,dml_mult_boot,0.033177922603270946,0.022128193974867674,-0.006544079618753388,0.07714956542605478,True
2000,0.0,30,dml_fixed_nuis_boot,0.033177922603270946,0.022890672784690213,-0.016182820341404478,0.07499426468127043,True
2000,0.0,30,dml_pairs_boot,0.033177922603270946,0.022660561477671336,-0.006325718810158651,0.07244947422824648,True
2000,0.0,31,naive_ml,0.009357172740898818,0.01297330601078594,-0.016070507040241624,0.034784852522039264,True
2000,0.0,31,dml_if,0.005818935563220646,0.02316507482572085,-0.03958461109519222,0.05122248222163352,True
2000,0.0,31,dml_mult_boot,0.005818935563220646,0.02269031844593474,-0.039650302947069345,0.04817587855971948,True
2000,0.0,31,dml_fixed_nuis_boot,0.005818935563220646,0.02261283533193889,-0.03986767189948446,0.04965630919519869,True
2000,0.0,31,dml_pairs_boot,0.005818935563220646,0.021747540704870106,-0.042496730148704885,0.04545686370033984,True
2000,0.0,32,naive_ml,0.003517055446264933,0.013524418252195712,-0.022990804328038662,0.030024915220568528,True
2000,0.0,32,dml_if,-0.01360436461461416,0.021752736059901148,-0.05623972729202041,0.029030998062792093,True
2000,0.0,32,dml_mult_boot,-0.01360436461461416,0.022993882898787562,-0.05477924886515942,0.031710779963505825,True
2000,0.0,32,dml_fixed_nuis_boot,-0.01360436461461416,0.021547218737522234,-0.05723877158462948,0.030632150779934305,True
2000,0.0,32,dml_pairs_boot,-0.01360436461461416,0.02282740601259923,-0.05992547284965004,0.023577359354448133,True
2000,0.0,33,naive_ml,-0.0025149525859373798,0.013058581901597638,-0.02810977311306875,0.02307986794119399,True
2000,0.0,33,dml_if,-0.026736678892993124,0.022077748525733114,-0.07000906600343003,0.01653570821744378,True
2000,0.0,33,dml_mult_boot,-0.026736678892993124,0.02269350102249302,-0.06908169042138682,0.014492034879707728,True
2000,0.0,33,dml_fixed_nuis_boot,-0.026736678892993124,0.022448054442081065,-0.07433113039385941,0.012044867497180888,True
2000,0.0,33,dml_pairs_boot,-0.026736678892993124,0.022344004303770024,-0.07148906196011783,0.02218854008249589,True
2000,0.0,34,naive_ml,-0.011002678249232069,0.012759643793667667,-0.036011580084820694,0.014006223586356557,True
2000,0.0,34,dml_if,-0.062435691969949775,0.021816462044283835,-0.10519595757674609,-0.01967542636315346,False
2000,0.0,34,dml_mult_boot,-0.062435691969949775,0.021544730467938124,-0.10568858055115443,-0.022692891250485944,False
2000,0.0,34,dml_fixed_nuis_boot,-0.062435691969949775,0.023082033948391763,-0.10768214442201401,-0.016679639071251844,False
2000,0.0,34,dml_pairs_boot,-0.062435691969949775,0.022037546580121938,-0.09527106801115315,-0.017016647185904545,False
2000,0.0,35,naive_ml,0.01061189116722366,0.0124551833654111,-0.013800268228982095,0.035024050563429415,True
2000,0.0,35,dml_if,0.00238944358311567,0.02192595742224673,-0.04058543296448792,0.04536432013071926,True
2000,0.0,35,dml_mult_boot,0.00238944358311567,0.02226599539423681,-0.03804159253340042,0.0432583505745078,True
2000,0.0,35,dml_fixed_nuis_boot,0.00238944358311567,0.020651292053584826,-0.038477708142087966,0.04369450401799053,True
2000,0.0,35,dml_pairs_boot,0.00238944358311567,0.02217637710663209,-0.04049225221735428,0.0508820023934193,True
2000,0.0,36,naive_ml,0.002544267734800459,0.013018038568308373,-0.02297108785908395,0.02805962332868487,True
2000,0.0,36,dml_if,-0.013575850044205454,0.02284085141254678,-0.058343918812797144,0.03119221872438624,True
2000,0.0,36,dml_mult_boot,-0.013575850044205454,0.02342666133050998,-0.05828976144001002,0.03299902110497025,True
2000,0.0,36,dml_fixed_nuis_boot,-0.013575850044205454,0.02421246381532721,-0.059188302874659045,0.034534667574914496,True
2000,0.0,36,dml_pairs_boot,-0.013575850044205454,0.021670724122992292,-0.05397355295000296,0.03251781585252433,True
2000,0.0,37,naive_ml,0.015959164600456408,0.013218800272099828,-0.009949683932859256,0.04186801313377207,True
2000,0.0,37,dml_if,0.022799582480764722,0.022817016768511833,-0.021921770385518468,0.06752093534704791,True
2000,0.0,37,dml_mult_boot,0.022799582480764722,0.02335366684851938,-0.023366916732984452,0.06814656159840872,True
2000,0.0,37,dml_fixed_nuis_boot,0.022799582480764722,0.023055187182804204,-0.021823774624655755,0.06639831653531765,True
2000,0.0,37,dml_pairs_boot,0.022799582480764722,0.02462517310462614,-0.03312200084897698,0.05852240742024019,True
2000,0.0,38,naive_ml,0.011362530768331486,0.01293881216847553,-0.013997541081880551,0.03672260261854352,True
2000,0.0,38,dml_if,0.01437835935573084,0.022645869413050832,-0.030007544693848788,0.05876426340531047,True
2000,0.0,38,dml_mult_boot,0.01437835935573084,0.02204543028306499,-0.03199947260252797,0.05673931554554242,True
2000,0.0,38,dml_fixed_nuis_boot,0.01437835935573084,0.023850411885865334,-0.029042999943629084,0.06195646924653883,True
2000,0.0,38,dml_pairs_boot,0.01437835935573084,0.0226979380004867,-0.022689698832281203,0.06204707423563562,True
2000,0.0,39,naive_ml,0.007999207444807184,0.012738241302814413,-0.016967745508709067,0.03296616039832343,True
2000,0.0,39,dml_if,-0.004385455468078951,0.02168498610706801,-0.046888028237932255,0.03811711730177435,True
2000,0.0,39,dml_mult_boot,-0.004385455468078951,0.021383318110682743,-0.048171740412112855,0.03467098886206346,True
2000,0.0,39,dml_fixed_nuis_boot,-0.004385455468078951,0.021122832309085706,-0.0449862092010242,0.03892288854979385,True
2000,0.0,39,dml_pairs_boot,-0.004385455468078951,0.024663895583179437,-0.06060050845385615,0.030241471989368218,True
2000,0.0,40,naive_ml,0.002187138161991103,0.012868423075880762,-0.02303497106673519,0.027409247390717397,True
2000,0.0,40,dml_if,-0.014346413131413284,0.022643157888288443,-0.05872700259245863,0.03003417632963206,True
2000,0.0,40,dml_mult_boot,-0.014346413131413284,0.023056379863764485,-0.06315676594387061,0.031017789721871334,True
2000,0.0,40,dml_fixed_nuis_boot,-0.014346413131413284,0.023104347195742246,-0.056936482663419295,0.032686988231929795,True
2000,0.0,40,dml_pairs_boot,-0.014346413131413284,0.024101152962794064,-0.04794461835527295,0.04577354875954715,True
2000,0.0,41,naive_ml,-0.0014627984448728284,0.013302986618512681,-0.027536652217157682,0.024611055327412028,True
2000,0.0,41,dml_if,-0.02427501832347457,0.021703563504994233,-0.06681400279326327,0.018263966146314127,True
2000,0.0,41,dml_mult_boot,-0.02427501832347457,0.022564879053394542,-0.0661234284257841,0.018914178570899505,True
2000,0.0,41,dml_fixed_nuis_boot,-0.02427501832347457,0.02066886287472012,-0.061667163430682626,0.015364233471168512,True
2000,0.0,41,dml_pairs_boot,-0.02427501832347457,0.021213672566642864,-0.05619298055640025,0.02228075045239012,True
2000,0.0,42,naive_ml,-0.007510832020981374,0.012809400796016642,-0.03261725758117399,0.01759559353921124,True
2000,0.0,42,dml_if,-0.0252435465272104,0.021444902987771658,-0.06727555638324284,0.01678846332882205,True
2000,0.0,42,dml_mult_boot,-0.0252435465272104,0.022162892992418363,-0.06830781666068178,0.01888658160374397,True
2000,0.0,42,dml_fixed_nuis_boot,-0.0252435465272104,0.020960740677183707,-0.07099877691006819,0.013937612594399181,True
2000,0.0,42,dml_pairs_boot,-0.0252435465272104,0.020808965093240046,-0.061567987974379,0.016527614910346287,True
2000,0.0,43,naive_ml,0.014806361727250804,0.012995635372613718,-0.010665083603072082,0.04027780705757369,True
2000,0.0,43,dml_if,0.021133410703150862,0.02234791336922951,-0.022668499500538973,0.0649353209068407,True
2000,0.0,43,dml_mult_boot,0.021133410703150862,0.022291116623246808,-0.02051027386021205,0.0657527817124144,True
2000,0.0,43,dml_fixed_nuis_boot,0.021133410703150862,0.021777629601306473,-0.01758231819541136,0.06628202308670382,True
2000,0.0,43,dml_pairs_boot,0.021133410703150862,0.023129874547570154,-0.026172865444994968,0.06461469640967536,True
2000,0.0,44,naive_ml,0.015631490736921275,0.01273676842863568,-0.009332575383204658,0.04059555685704721,True
2000,0.0,44,dml_if,0.015386352713662385,0.021892625155700767,-0.02752319259151112,0.05829589801883589,True
2000,0.0,44,dml_mult_boot,0.015386352713662385,0.021075514816282347,-0.027369390769709224,0.0543511968764437,True
2000,0.0,44,dml_fixed_nuis_boot,0.015386352713662385,0.021229229990893068,-0.0225440441836734,0.057341876891831685,True
2000,0.0,44,dml_pairs_boot,0.015386352713662385,0.01981844009491328,-0.017433066353608497,0.05370052831139323,True
2000,0.0,45,naive_ml,0.029085039938852628,0.012803299754151032,0.003990572420716605,0.05417950745698865,False
2000,0.0,45,dml_if,0.04089118285741997,0.02176892439037857,-0.0017759089477220186,0.08355827466256197,True
2000,0.0,45,dml_mult_boot,0.04089118285741997,0.022074418710080524,-9.136389659392965e-05,0.08738867370423248,True
2000,0.0,45,dml_fixed_nuis_boot,0.04089118285741997,0.021639661228430074,-0.0001465403730353111,0.08343414167539102,True
2000,0.0,45,dml_pairs_boot,0.04089118285741997,0.022837437662947567,-0.0006646382933623044,0.08624292663155597,True
2000,0.0,46,naive_ml,0.027764144535122375,0.013468481022209452,0.0013659217315918487,0.0541623673386529,False
2000,0.0,46,dml_if,0.04705126015997206,0.023023233164676995,0.001925723157205149,0.09217679716273897,False
2000,0.0,46,dml_mult_boot,0.04705126015997206,0.02299133482701333,0.0008166462224393637,0.0895597873667865,False
2000,0.0,46,dml_fixed_nuis_boot,0.04705126015997206,0.023317178619232395,0.0008128340238974083,0.09643376863253754,False
2000,0.0,46,dml_pairs_boot,0.04705126015997206,0.024196982583836214,0.0022469724478274247,0.09891942550798515,False
2000,0.0,47,naive_ml,-0.0011059665320683994,0.012978858547455487,-0.026544529285081154,0.024332596220944355,True
2000,0.0,47,dml_if,-0.03965925535793425,0.022982813143049608,-0.08470556911831148,0.005387058402442982,True
2000,0.0,47,dml_mult_boot,-0.03965925535793425,0.02278240347042394,-0.08505803351844107,0.0016440458469394576,True
2000,0.0,47,dml_fixed_nuis_boot,-0.03965925535793425,0.02191869345073104,-0.08552422633617586,0.0038519319493691855,True
2000,0.0,47,dml_pairs_boot,-0.03965925535793425,0.025871333465131142,-0.0899641670817498,0.015422123969224093,True
2000,0.0,48,naive_ml,0.014902948424894957,0.012930293858279016,-0.010440427537331915,0.04024632438712183,True
2000,0.0,48,dml_if,0.007952513501948684,0.02235909387861784,-0.035871310500142285,0.051776337504039656,True
2000,0.0,48,dml_mult_boot,0.007952513501948684,0.02267761210448756,-0.0357290212430223,0.05013507924706938,True
2000,0.0,48,dml_fixed_nuis_boot,0.007952513501948684,0.022176034194618874,-0.03667403428338964,0.050157360001288974,True
2000,0.0,48,dml_pairs_boot,0.007952513501948684,0.027539879002191188,-0.04514959685694628,0.05841745812020543,True
2000,0.0,49,naive_ml,-0.007882122018676527,0.013125184589546068,-0.03360748381418682,0.017843239776833764,True
2000,0.0,49,dml_if,-0.04813320033608503,0.022071896781325418,-0.09139411802748285,-0.004872282644687212,False
2000,0.0,49,dml_mult_boot,-0.04813320033608503,0.022142424229583034,-0.09367425404042885,-0.005375688848582369,False
2000,0.0,49,dml_fixed_nuis_boot,-0.04813320033608503,0.022159271551129154,-0.0939653372168469,-0.007741435557540271,False
2000,0.0,49,dml_pairs_boot,-0.04813320033608503,0.024159114121997043,-0.09289680463452797,-0.005100142934812902,False
2000,0.0,50,naive_ml,0.01764480378968465,0.014087118987842246,-0.00996594942648615,0.04525555700585546,True
2000,0.0,50,dml_if,0.027390068992979764,0.024487347176185788,-0.020605131472344378,0.0753852694583039,True
2000,0.0,50,dml_mult_boot,0.027390068992979764,0.02356443306958346,-0.02097145988798011,0.071382439110698,True
2000,0.0,50,dml_fixed_nuis_boot,0.027390068992979764,0.025587276802584387,-0.020875702705433593,0.07797970201568567,True
2000,0.0,50,dml_pairs_boot,0.027390068992979764,0.02543566080087492,-0.011597708308568504,0.08481149545012528,True
2000,0.0,51,naive_ml,-0.002123606377673279,0.013614396982971831,-0.028807824464298068,0.02456061170895151,True
2000,0.0,51,dml_if,-0.03550864812998683,0.02304128204793317,-0.08066956094393585,0.009652264683962186,True
2000,0.0,51,dml_mult_boot,-0.03550864812998683,0.023383796745609708,-0.08259796298852218,0.0074882387200902465,True
2000,0.0,51,dml_fixed_nuis_boot,-0.03550864812998683,0.022985013011023726,-0.07803398615734243,0.010895604153597352,True
2000,0.0,51,dml_pairs_boot,-0.03550864812998683,0.021081405994112554,-0.07208578185442885,0.012939073289547832,True
2000,0.0,52,naive_ml,-0.004199551131733183,0.012611187369432626,-0.02891747837582113,0.020518376112354766,True
2000,0.0,52,dml_if,-0.018353339145647567,0.02093604307326006,-0.05938798356923728,0.022681305277942147,True
2000,0.0,52,dml_mult_boot,-0.018353339145647567,0.02009928306224526,-0.054965586688048906,0.020014183014315193,True
2000,0.0,52,dml_fixed_nuis_boot,-0.018353339145647567,0.02112321560306123,-0.0657411804316174,0.020097774631475135,True
2000,0.0,52,dml_pairs_boot,-0.018353339145647567,0.02247908293092184,-0.06105499392101243,0.015382292022485082,True
2000,0.0,53,naive_ml,-0.0010499050647880665,0.013586668679061139,-0.0276797756757479,0.025579965546171764,True
2000,0.0,53,dml_if,-0.020725062799233532,0.021763375212931636,-0.06338127821657953,0.02193115261811247,True
2000,0.0,53,dml_mult_boot,-0.020725062799233532,0.01980123763217379,-0.05855040953936595,0.017422519499196494,True
2000,0.0,53,dml_fixed_nuis_boot,-0.020725062799233532,0.022179390389690905,-0.06605574772665379,0.01932066753369497,True
2000,0.0,53,dml_pairs_boot,-0.020725062799233532,0.021307590315051198,-0.0637992304902887,0.012881313781384863,True
2000,0.0,54,naive_ml,0.009862937568721619,0.012586047008963357,-0.01480571456884656,0.0345315897062898,True
2000,0.0,54,dml_if,-0.0014631670660248013,0.02230247994278437,-0.045176027753882166,0.04224969362183257,True
2000,0.0,54,dml_mult_boot,-0.0014631670660248013,0.021973619266077275,-0.04487361002276122,0.04094233603765362,True
2000,0.0,54,dml_fixed_nuis_boot,-0.0014631670660248013,0.023076761866833335,-0.04712032293738938,0.044052561930139976,True
2000,0.0,54,dml_pairs_boot,-0.0014631670660248013,0.02447996924609051,-0.046315570586442874,0.046859931273238474,True
2000,0.0,55,naive_ml,0.023298896146747558,0.013281018693974677,-0.0027319004934428064,0.049329692786937926,True
2000,0.0,55,dml_if,0.039230042727951574,0.02255834261023647,-0.004984308788111909,0.08344439424401506,True
2000,0.0,55,dml_mult_boot,0.039230042727951574,0.021981071234212907,-0.0050973625326986806,0.0805296388246594,True
2000,0.0,55,dml_fixed_nuis_boot,0.039230042727951574,0.021993406344389194,-0.0056105506855910125,0.08522675645851478,True
2000,0.0,55,dml_pairs_boot,0.039230042727951574,0.023394210434530237,-0.009122971773945606,0.08032660807562411,True
2000,0.0,56,naive_ml,0.026281945542140677,0.012656313228549513,0.001475571614183633,0.05108831947009772,False
2000,0.0,56,dml_if,0.0354902990097251,0.02222552832948535,-0.008071736516066186,0.07905233453551638,True
2000,0.0,56,dml_mult_boot,0.0354902990097251,0.02279291555145602,-0.0086926840830101,0.08012393647149112,True
2000,0.0,56,dml_fixed_nuis_boot,0.0354902990097251,0.021686835358702534,-0.00640856164699525,0.0771478892084327,True
2000,0.0,56,dml_pairs_boot,0.0354902990097251,0.022360199263058177,-0.0057549293041697595,0.0827400265657375,True
2000,0.0,57,naive_ml,-0.0013885405239395098,0.012725632732298152,-0.02633078067924389,0.023553699631364867,True
2000,0.0,57,dml_if,-0.0246110196425568,0.022627700251625454,-0.06896131213574269,0.019739272850629087,True
2000,0.0,57,dml_mult_boot,-0.0246110196425568,0.023253870450331542,-0.06864869562250918,0.02369071967557068,True
2000,0.0,57,dml_fixed_nuis_boot,-0.0246110196425568,0.022223946562911902,-0.07065734933767492,0.01846789198759133,True
2000,0.0,57,dml_pairs_boot,-0.0246110196425568,0.023470940698964517,-0.06492419981376918,0.025035441409527417,True
2000,0.0,58,naive_ml,0.011599795061698438,0.012677103318387015,-0.013247327442340112,0.03644691756573699,True
2000,0.0,58,dml_if,0.007211381126450567,0.023507360448794538,-0.03886304535318672,0.05328580760608786,True
2000,0.0,58,dml_mult_boot,0.007211381126450567,0.02394294470528802,-0.04511255388363357,0.050814280786410516,True
2000,0.0,58,dml_fixed_nuis_boot,0.007211381126450567,0.024128445865012955,-0.03871852241891876,0.05089244590390018,True
2000,0.0,58,dml_pairs_boot,0.007211381126450567,0.024442720181784987,-0.03601917076283733,0.0633071461971676,True
2000,0.0,59,naive_ml,0.0038270656817679266,0.01300179067197178,-0.02165644403529676,0.029310575398832615,True
2000,0.0,59,dml_if,-0.0050601677600268435,0.022764498044380976,-0.049678583927013555,0.039558248406959866,True
2000,0.0,59,dml_mult_boot,-0.0050601677600268435,0.022781593050309298,-0.04685422186957025,0.03749487287253652,True
2000,0.0,59,dml_fixed_nuis_boot,-0.0050601677600268435,0.02416117179957694,-0.05389472365975833,0.03899360826619432,True
2000,0.0,59,dml_pairs_boot,-0.0050601677600268435,0.020710712761464745,-0.04724542825823521,0.028695740309072962,True
2000,0.0,60,naive_ml,0.011575081454879637,0.012132172907468602,-0.012203977443758824,0.035354140353518096,True
2000,0.0,60,dml_if,0.006575024231154335,0.02233074363614208,-0.037193233295684136,0.05034328175799281,True
2000,0.0,60,dml_mult_boot,0.006575024231154335,0.022306402833217914,-0.04108637069770638,0.04837438624096007,True
2000,0.0,60,dml_fixed_nuis_boot,0.006575024231154335,0.02293607639969848,-0.03701426346023275,0.05229345813037902,True
2000,0.0,60,dml_pairs_boot,0.006575024231154335,0.025145594788210622,-0.049338972265086996,0.04644616112023056,True
2000,0.0,61,naive_ml,0.008698064622842295,0.013294542929606246,-0.017359239519185943,0.03475536876487054,True
2000,0.0,61,dml_if,-0.005925926753641961,0.02166793026099647,-0.048395070065195035,0.036543216557911117,True
2000,0.0,61,dml_mult_boot,-0.005925926753641961,0.02082203970265334,-0.04723921115781714,0.0327524509413057,True
2000,0.0,61,dml_fixed_nuis_boot,-0.005925926753641961,0.0207972604813383,-0.04817268309048508,0.03272160576668982,True
2000,0.0,61,dml_pairs_boot,-0.005925926753641961,0.019713870516675752,-0.038209874429326975,0.03356203439537693,True
2000,0.0,62,naive_ml,-0.001176063585083027,0.012255025802390919,-0.025195914157769228,0.02284378698760317,True
2000,0.0,62,dml_if,-0.030808032039967004,0.020971966902425896,-0.07191308716872176,0.010297023088787754,True
2000,0.0,62,dml_mult_boot,-0.030808032039967004,0.021432517571914063,-0.07335172273564529,0.0076250882902163895,True
2000,0.0,62,dml_fixed_nuis_boot,-0.030808032039967004,0.02176910793424954,-0.07376689796137958,0.010553233030151153,True
2000,0.0,62,dml_pairs_boot,-0.030808032039967004,0.01849070420152689,-0.06593706172555458,0.0026383417327615634,True
2000,0.0,63,naive_ml,-0.0015000883792875403,0.0131348248962591,-0.027244345175955375,0.024244168417380297,True
2000,0.0,63,dml_if,-0.024872559927517603,0.022600829956074826,-0.06917018664142426,0.019425066786389052,True
2000,0.0,63,dml_mult_boot,-0.024872559927517603,0.023301663157258963,-0.0736446128837441,0.019124932139436817,True
2000,0.0,63,dml_fixed_nuis_boot,-0.024872559927517603,0.02235453816369228,-0.06887183511235763,0.015420116823195029,True
2000,0.0,63,dml_pairs_boot,-0.024872559927517603,0.022603216271904626,-0.06710361317148908,0.02113017706097476,True
2000,0.0,64,naive_ml,0.029792262853690892,0.01394596298016893,0.002458175412559792,0.05712635029482199,False
2000,0.0,64,dml_if,0.0449119111370307,0.023722174281599496,-0.0015835504549043117,0.09140737272896571,True
2000,0.0,64,dml_mult_boot,0.0449119111370307,0.02318647746419797,-0.0021077246667747258,0.0901575584365141,True
2000,0.0,64,dml_fixed_nuis_boot,0.0449119111370307,0.023657697469742552,-0.0015876152216222237,0.09090256844402027,True
2000,0.0,64,dml_pairs_boot,0.0449119111370307,0.02476915073209717,0.0008933185441978206,0.09495066666318339,False
2000,0.0,65,naive_ml,0.006485971586895331,0.013328203118280367,-0.019637306524934187,0.03260924969872485,True
2000,0.0,65,dml_if,-0.00924710984437765,0.02196809365253941,-0.05230457340335489,0.033810353714599596,True
2000,0.0,65,dml_mult_boot,-0.00924710984437765,0.021316006283002734,-0.05158499404468976,0.03141307484583706,True
2000,0.0,65,dml_fixed_nuis_boot,-0.00924710984437765,0.02110085453179663,-0.04890042133706827,0.03470763769987103,True
2000,0.0,65,dml_pairs_boot,-0.00924710984437765,0.024030524642596054,-0.060942746913484426,0.028367782562247146,True
2000,0.0,66,naive_ml,0.006045945753128132,0.012024599560133721,-0.01752226938473396,0.029614160890990227,True
2000,0.0,66,dml_if,-0.005530766606424417,0.02210520356340579,-0.04885696559069977,0.037795432377850935,True
2000,0.0,66,dml_mult_boot,-0.005530766606424417,0.022568553649573483,-0.05230548357921175,0.03674816639335334,True
2000,0.0,66,dml_fixed_nuis_boot,-0.005530766606424417,0.02260785773153015,-0.04727909375595616,0.03903304614105691,True
2000,0.0,66,dml_pairs_boot,-0.005530766606424417,0.021392836063402577,-0.040712610765156226,0.03969974096124883,True
2000,0.0,67,naive_ml,-0.010145206442323817,0.013281543901061297,-0.036177032488403954,0.015886619603756324,True
2000,0.0,67,dml_if,-0.0391812163252426,0.022784590064030663,-0.0838390128507427,0.0054765802002575,True
2000,0.0,67,dml_mult_boot,-0.0391812163252426,0.02265270097918046,-0.08059669403383467,0.005254832940093283,True
2000,0.0,67,dml_fixed_nuis_boot,-0.0391812163252426,0.022522120650761063,-0.07936335153139618,0.004521502570926745,True
2000,0.0,67,dml_pairs_boot,-0.0391812163252426,0.02413261261738259,-0.07489120004843966,0.009834200220739654,True
2000,0.0,68,naive_ml,-0.0006054760160292535,0.012731169751936729,-0.025558568729825242,0.024347616697766732,True
2000,0.0,68,dml_if,-0.022785289185735903,0.021575470498816945,-0.06507321136341712,0.019502632991945313,True
2000,0.0,68,dml_mult_boot,-0.022785289185735903,0.021997452862386586,-0.06730807143723885,0.020231330868379763,True
2000,0.0,68,dml_fixed_nuis_boot,-0.022785289185735903,0.02232983542315582,-0.066536278385109,0.021488368765859463,True
2000,0.0,68,dml_pairs_boot,-0.022785289185735903,0.020496752969643678,-0.0554866952098484,0.025195412344547967,True
2000,0.0,69,naive_ml,-0.0026427992738170384,0.012674464174776887,-0.027484749056379737,0.022199150508745658,True
2000,0.0,69,dml_if,-0.022160811212052576,0.0220847822957794,-0.0654469845117802,0.021125362087675053,True
2000,0.0,69,dml_mult_boot,-0.022160811212052576,0.022066970576744366,-0.07028070404622244,0.02149496960181703,True
2000,0.0,69,dml_fixed_nuis_boot,-0.022160811212052576,0.020964594613288808,-0.06379028357914276,0.02254107174781411,True
2000,0.0,69,dml_pairs_boot,-0.022160811212052576,0.021440004544761204,-0.07483921596222484,0.0197210070467598,True
2000,0.0,70,naive_ml,0.014320108470317578,0.013245771547227619,-0.011641603762248556,0.04028182070288371,True
2000,0.0,70,dml_if,0.00623442887498052,0.024318943782709115,-0.041430700939129345,0.05389955868909038,True
2000,0.0,70,dml_mult_boot,0.00623442887498052,0.023377568433005338,-0.037459023352793115,0.05372167348156417,True
2000,0.0,70,dml_fixed_nuis_boot,0.00623442887498052,0.02458433570864664,-0.042638416706157055,0.04896630623974753,True
2000,0.0,70,dml_pairs_boot,0.00623442887498052,0.020606960850640205,-0.03092330972302754,0.05060484760842552,True
2000,0.0,71,naive_ml,0.015218252069171727,0.01207092832048993,-0.008440767438988533,0.038877271577331986,True
2000,0.0,71,dml_if,0.01829336726493985,0.02118486942654865,-0.023228976811095505,0.0598157113409752,True
2000,0.0,71,dml_mult_boot,0.01829336726493985,0.02224960349283543,-0.02140525060460849,0.061876220740096056,True
2000,0.0,71,dml_fixed_nuis_boot,0.01829336726493985,0.02185389640402132,-0.019752337224753284,0.060895044761298915,True
2000,0.0,71,dml_pairs_boot,0.01829336726493985,0.021608150865338457,-0.019872867500935896,0.062204169182940396,True
2000,0.0,72,naive_ml,0.021126292782028048,0.013444967492769539,-0.005225843503800249,0.04747842906785635,True
2000,0.0,72,dml_if,0.03438543127006884,0.02326508998424784,-0.011214145099056917,0.07998500763919461,True
2000,0.0,72,dml_mult_boot,0.03438543127006884,0.023123137487707574,-0.012172413114797253,0.07755813880976549,True
2000,0.0,72,dml_fixed_nuis_boot,0.03438543127006884,0.022129064629439026,-0.008939945169911472,0.07684290592152476,True
2000,0.0,72,dml_pairs_boot,0.03438543127006884,0.02226634096748776,-0.002917255329036448,0.0767447387635993,True
2000,0.0,73,naive_ml,0.015862043439590863,0.012357053442860042,-0.00835778130841482,0.04008186818759654,True
2000,0.0,73,dml_if,0.0026542630370237938,0.021295983510568526,-0.03908586464369052,0.044394390717738104,True
2000,0.0,73,dml_mult_boot,0.0026542630370237938,0.021417331910283163,-0.04085378712783348,0.044953444789964284,True
2000,0.0,73,dml_fixed_nuis_boot,0.0026542630370237938,0.02087228611027061,-0.03992194744407902,0.044669622930005586,True
2000,0.0,73,dml_pairs_boot,0.0026542630370237938,0.022718500842948772,-0.03691114288890454,0.057055243577604386,True
2000,0.0,74,naive_ml,0.004506048072475497,0.012858572222261569,-0.02069675348315718,0.029708849628108172,True
2000,0.0,74,dml_if,-0.00247340153353538,0.023684132396775123,-0.04889430103121462,0.04394749796414386,True
2000,0.0,74,dml_mult_boot,-0.00247340153353538,0.02491006415489789,-0.050067519925541086,0.04481668567508104,True
2000,0.0,74,dml_fixed_nuis_boot,-0.00247340153353538,0.02248587202761503,-0.043865451079007294,0.04201841135475345,True
2000,0.0,74,dml_pairs_boot,-0.00247340153353538,0.025367637636923908,-0.04930933837064309,0.0368847289456036,True
2000,0.0,75,naive_ml,0.0033185656467124816,0.012955797379763044,-0.022074797217623083,0.028711928511048045,True
2000,0.0,75,dml_if,-0.02442118755103093,0.022985489380176482,-0.06947274673617683,0.020630371634114974,True
2000,0.0,75,dml_mult_boot,-0.02442118755103093,0.02235550597734231,-0.06987786550174589,0.016457715658507358,True
2000,0.0,75,dml_fixed_nuis_boot,-0.02442118755103093,0.023295714934590712,-0.0715088927964351,0.020004715516183904,True
2000,0.0,75,dml_pairs_boot,-0.02442118755103093,0.022316182533715496,-0.06458012095533838,0.017856701189857792,True
2000,0.0,76,naive_ml,0.005875751113753101,0.013357362527824376,-0.020304679440782673,0.03205618166828888,True
2000,0.0,76,dml_if,-0.003753601551182298,0.022456415685125485,-0.04776817629402825,0.040260973191663656,True
2000,0.0,76,dml_mult_boot,-0.003753601551182298,0.02296435171384389,-0.0471985218655682,0.04004019206824726,True
2000,0.0,76,dml_fixed_nuis_boot,-0.003753601551182298,0.022017043249964365,-0.05159288050886216,0.038755780213371,True
2000,0.0,76,dml_pairs_boot,-0.003753601551182298,0.02135866945119168,-0.037793072541283355,0.04016296987676823,True
2000,0.0,77,naive_ml,0.0194559764118995,0.0133567628455373,-0.006723278765353606,0.04563523158915261,True
2000,0.0,77,dml_if,0.03057292143114337,0.022865023595427386,-0.014242524815894306,0.07538836767818105,True
2000,0.0,77,dml_mult_boot,0.03057292143114337,0.02235306111735494,-0.013572341164134003,0.07823088026708726,True
2000,0.0,77,dml_fixed_nuis_boot,0.03057292143114337,0.023653510045913977,-0.015655567281812194,0.0760114203567637,True
2000,0.0,77,dml_pairs_boot,0.03057292143114337,0.02137463929007844,-0.005270975142021207,0.07832605611590893,True
2000,0.0,78,naive_ml,0.037807804713584324,0.01302904495145586,0.012270876608730837,0.0633447328184378,False
2000,0.0,78,dml_if,0.07206751168262318,0.023517551768422216,0.02597311021651564,0.11816191314873073,False
2000,0.0,78,dml_mult_boot,0.07206751168262318,0.023290519309176683,0.02490498523603981,0.11489577674631313,False
2000,0.0,78,dml_fixed_nuis_boot,0.07206751168262318,0.02385872168834846,0.02709884601803867,0.11525917792883703,False
2000,0.0,78,dml_pairs_boot,0.07206751168262318,0.0284262565289862,0.02598203630806848,0.1274163726694637,False
2000,0.0,79,naive_ml,0.00023901684676810002,0.012958451525581862,-0.02515954814337235,0.025637581836908552,True
2000,0.0,79,dml_if,-0.016790970410065952,0.022044154898888738,-0.05999751401188788,0.026415573191755973,True
2000,0.0,79,dml_mult_boot,-0.016790970410065952,0.023471415961778458,-0.061939835309758634,0.03254465036734701,True
2000,0.0,79,dml_fixed_nuis_boot,-0.016790970410065952,0.020941333231106824,-0.06034895712677395,0.0228978210542522,True
2000,0.0,79,dml_pairs_boot,-0.016790970410065952,0.024337731344123262,-0.06619380573111536,0.03449055607995349,True
2000,0.0,80,naive_ml,0.016882264290350814,0.013764977567980096,-0.010097091742890175,0.0438616203235918,True
2000,0.0,80,dml_if,0.019937843434029556,0.02291618811380041,-0.024977885269019246,0.06485357213707836,True
2000,0.0,80,dml_mult_boot,0.019937843434029556,0.0228737213784937,-0.021425824023735735,0.06413145525935096,True
2000,0.0,80,dml_fixed_nuis_boot,0.019937843434029556,0.023643475806546656,-0.022786509201476277,0.06615823197291086,True
2000,0.0,80,dml_pairs_boot,0.019937843434029556,0.023345933895273244,-0.023262861488563866,0.059708076911887974,True
2000,0.0,81,naive_ml,-0.002276959983060116,0.013321959573782224,-0.028388000747673274,0.023834080781553045,True
2000,0.0,81,dml_if,-0.029007181895773726,0.02234815029646647,-0.072809556476848,0.014795192685300558,True
2000,0.0,81,dml_mult_boot,-0.029007181895773726,0.02158838200298955,-0.07037844015964673,0.009849954100407449,True
2000,0.0,81,dml_fixed_nuis_boot,-0.029007181895773726,0.02206950449137378,-0.07243010045584075,0.013938377837344827,True
2000,0.0,81,dml_pairs_boot,-0.029007181895773726,0.025650999902787006,-0.07231588724617621,0.03129707172534227,True
2000,0.0,82,naive_ml,0.004116180944036622,0.012970071644431161,-0.02130515947904845,0.029537521367121698,True
2000,0.0,82,dml_if,-0.0078816894047593,0.02266848944921588,-0.052311928725222424,0.036548549915703825,True
2000,0.0,82,dml_mult_boot,-0.0078816894047593,0.022905808356603396,-0.05093572561096507,0.035886701052995594,True
2000,0.0,82,dml_fixed_nuis_boot,-0.0078816894047593,0.021856091322663775,-0.049911565658541615,0.036452476598159256,True
2000,0.0,82,dml_pairs_boot,-0.0078816894047593,0.021851128289791983,-0.04244634650709473,0.03575582330440987,True
2000,0.0,83,naive_ml,-0.00768113840921684,0.01261519402861335,-0.03240691870529901,0.017044641886865323,True
2000,0.0,83,dml_if,-0.03785108378435457,0.021938394825834026,-0.08085033764298927,0.005148170074280124,True
2000,0.0,83,dml_mult_boot,-0.03785108378435457,0.02256124805258472,-0.08244829805919181,0.003996000938437866,True
2000,0.0,83,dml_fixed_nuis_boot,-0.03785108378435457,0.022258974363151923,-0.08007485644914408,0.007634479922052584,True
2000,0.0,83,dml_pairs_boot,-0.03785108378435457,0.02139938825322511,-0.07471897849189746,-0.0015971330492975623,False
2000,0.0,84,naive_ml,-0.0032080444766318214,0.012853380790229591,-0.028400670825481818,0.021984581872218176,True
2000,0.0,84,dml_if,-0.040949601901332726,0.022420667109237444,-0.08489410943543811,0.0029949056327726598,True
2000,0.0,84,dml_mult_boot,-0.040949601901332726,0.021355779978679344,-0.08418269583090975,0.0018514173361182632,True
2000,0.0,84,dml_fixed_nuis_boot,-0.040949601901332726,0.021744889580930748,-0.07859276468308891,0.004091836583661278,True
2000,0.0,84,dml_pairs_boot,-0.040949601901332726,0.02323865257755648,-0.08212214328773959,0.0061204927322543335,True
2000,0.0,85,naive_ml,0.019555104939973946,0.012227898141354311,-0.004411575417080503,0.043521785297028395,True
2000,0.0,85,dml_if,0.02050102290993424,0.021949972399044233,-0.02252092299219246,0.06352296881206093,True
2000,0.0,85,dml_mult_boot,0.02050102290993424,0.021753266533816283,-0.022857609673574385,0.06303045778300467,True
2000,0.0,85,dml_fixed_nuis_boot,0.02050102290993424,0.021339754022599185,-0.02193642055597667,0.06066279293922319,True
2000,0.0,85,dml_pairs_boot,0.02050102290993424,0.023501890829275014,-0.01943529097323342,0.05892270440799668,True
2000,0.0,86,naive_ml,0.006946157927144875,0.01379496923964934,-0.02009198178256783,0.03398429763685758,True
2000,0.0,86,dml_if,-0.010498492950786063,0.024351528036189528,-0.05822748790171754,0.03723050200014541,True
2000,0.0,86,dml_mult_boot,-0.010498492950786063,0.024895236635548823,-0.06204649051641178,0.03499105579967801,True
2000,0.0,86,dml_fixed_nuis_boot,-0.010498492950786063,0.024143433206892124,-0.05775234666178617,0.03679347474814694,True
2000,0.0,86,dml_pairs_boot,-0.010498492950786063,0.02453968415425345,-0.0586860097882205,0.03050655148158363,True
2000,0.0,87,naive_ml,0.012477807167133174,0.012940446969402377,-0.012885468892895486,0.037841083227161836,True
2000,0.0,87,dml_if,0.014327621279760262,0.021454157938774185,-0.027722528280237142,0.05637777083975767,True
2000,0.0,87,dml_mult_boot,0.014327621279760262,0.0219409205161637,-0.030691990129513774,0.05585272862625636,True
2000,0.0,87,dml_fixed_nuis_boot,0.014327621279760262,0.02071792872684196,-0.02894351790112412,0.051969865994330684,True
2000,0.0,87,dml_pairs_boot,0.014327621279760262,0.02258218908637011,-0.02799828539082287,0.05308177755903837,True
2000,0.0,88,naive_ml,0.001157271098380137,0.012747595378749695,-0.023828015843969264,0.02614255804072954,True
2000,0.0,88,dml_if,-0.023422924977284418,0.02239946593696188,-0.0673258782137297,0.020480028259160864,True
2000,0.0,88,dml_mult_boot,-0.023422924977284418,0.02308614201506951,-0.06563848463673178,0.02574094130141308,True
2000,0.0,88,dml_fixed_nuis_boot,-0.023422924977284418,0.02279953708230591,-0.06528766923312199,0.027310576293761418,True
2000,0.0,88,dml_pairs_boot,-0.023422924977284418,0.021946274831318918,-0.06194629183109489,0.020024044955570794,True
2000,0.0,89,naive_ml,0.010258708183651934,0.013176868012872205,-0.015567953121577585,0.036085369488881455,True
2000,0.0,89,dml_if,0.02232840912100455,0.022619889020101827,-0.022006573358395027,0.06666339160040413,True
2000,0.0,89,dml_mult_boot,0.02232840912100455,0.022631675877275496,-0.017138136606404904,0.06871957660577768,True
2000,0.0,89,dml_fixed_nuis_boot,0.02232840912100455,0.023584820391696917,-0.023428868817843954,0.06836695627909486,True
2000,0.0,89,dml_pairs_boot,0.02232840912100455,0.02269233462775944,-0.022128394658188794,0.06053060694956884,True
2000,0.0,90,naive_ml,-0.0023474577570779687,0.01331129575072334,-0.028437597428495713,0.02374268191433978,True
2000,0.0,90,dml_if,-0.03948299158063137,0.02310071244825708,-0.08476038797921526,0.005794404817952507,True
2000,0.0,90,dml_mult_boot,-0.03948299158063137,0.023440305659821196,-0.0868764344029124,0.009856936893921892,True
2000,0.0,90,dml_fixed_nuis_boot,-0.03948299158063137,0.023133682532136043,-0.08486694860083076,0.004880754475181913,True
2000,0.0,90,dml_pairs_boot,-0.03948299158063137,0.023737531585638152,-0.08335231426112026,0.013161118424398264,True
2000,0.0,91,naive_ml,0.02272974060950438,0.012607191742537391,-0.0019803552058689083,0.04743983642487767,True
2000,0.0,91,dml_if,0.03303261683521708,0.021872830848404915,-0.009838131627656559,0.07590336529809072,True
2000,0.0,91,dml_mult_boot,0.03303261683521708,0.022069926977705517,-0.006306704931791991,0.07803416768682811,True
2000,0.0,91,dml_fixed_nuis_boot,0.03303261683521708,0.02217396821560999,-0.01029947202650581,0.07507127574786798,True
2000,0.0,91,dml_pairs_boot,0.03303261683521708,0.01872393854188278,-0.009367729837811901,0.06304487328106217,True
2000,0.0,92,naive_ml,0.0028961770526538195,0.01232273774027449,-0.02125638891828418,0.027048743023591816,True
2000,0.0,92,dml_if,-0.016695521782562398,0.022221496760208494,-0.06024965543257105,0.026858611867446248,True
2000,0.0,92,dml_mult_boot,-0.016695521782562398,0.021669236130033107,-0.05785969908390955,0.023964319245209663,True
2000,0.0,92,dml_fixed_nuis_boot,-0.016695521782562398,0.021923466983939096,-0.05871830557011412,0.025877423916417362,True
2000,0.0,92,dml_pairs_boot,-0.016695521782562398,0.025083132751469887,-0.07196820342209383,0.03063200668495059,True
2000,0.0,93,naive_ml,0.012943618654511994,0.013118530931704085,-0.012768701971628015,0.038655939280652,True
2000,0.0,93,dml_if,0.010488084449821454,0.022845951075457064,-0.03428997965807439,0.0552661485577173,True
2000,0.0,93,dml_mult_boot,0.010488084449821454,0.02372501081775987,-0.037494785265865326,0.05669833394215396,True
2000,0.0,93,dml_fixed_nuis_boot,0.010488084449821454,0.02249587012853193,-0.033955689478131906,0.051586431115931655,True
2000,0.0,93,dml_pairs_boot,0.010488084449821454,0.022976419498143365,-0.029809398734745557,0.056620429728220054,True
2000,0.0,94,naive_ml,0.01019884937205454,0.01262118069491808,-0.014538664789984897,0.034936363534093975,True
2000,0.0,94,dml_if,0.011284616386120123,0.021883984152116055,-0.03160799255202734,0.054177225324267594,True
2000,0.0,94,dml_mult_boot,0.011284616386120123,0.021913609377869493,-0.030777066738096517,0.05233571284686502,True
2000,0.0,94,dml_fixed_nuis_boot,0.011284616386120123,0.02243334775732037,-0.03167387448477926,0.0567133878640144,True
2000,0.0,94,dml_pairs_boot,0.011284616386120123,0.022261668616713932,-0.036249147656994496,0.054400231595739,True
2000,0.0,95,naive_ml,0.01921869768799801,0.012720099735909887,-0.005712697794385369,0.04415009317038139,True
2000,0.0,95,dml_if,0.01969034054268201,0.022102240193709106,-0.02363005023698784,0.06301073132235185,True
2000,0.0,95,dml_mult_boot,0.01969034054268201,0.02188208751850697,-0.023662957014548364,0.06308177569984455,True
2000,0.0,95,dml_fixed_nuis_boot,0.01969034054268201,0.021928539714953198,-0.023277199144164835,0.06145355111138222,True
2000,0.0,95,dml_pairs_boot,0.01969034054268201,0.02334881804285503,-0.02453873088203639,0.06560085975610051,True
2000,0.0,96,naive_ml,0.005054893587085114,0.012717416461631983,-0.019871242677713574,0.029981029851883802,True
2000,0.0,96,dml_if,-0.011392890595165604,0.022842486040140754,-0.05616416323384148,0.03337838204351028,True
2000,0.0,96,dml_mult_boot,-0.011392890595165604,0.023800030581684627,-0.05662850757890351,0.03129504444511112,True
2000,0.0,96,dml_fixed_nuis_boot,-0.011392890595165604,0.021418164354558344,-0.05616994884449122,0.029995859092000112,True
2000,0.0,96,dml_pairs_boot,-0.011392890595165604,0.023933072972204684,-0.05766260259977851,0.033475294671233675,True
2000,0.0,97,naive_ml,0.03274651765594419,0.012114735930985948,0.009001635231211735,0.05649140008067664,False
2000,0.0,97,dml_if,0.05774166666421705,0.021561831949141328,0.01548047604390005,0.10000285728453406,False
2000,0.0,97,dml_mult_boot,0.05774166666421705,0.02126279530534815,0.016353804122660392,0.09918815873189007,False
2000,0.0,97,dml_fixed_nuis_boot,0.05774166666421705,0.02194596260290814,0.016665224098054272,0.10045030010966383,False
2000,0.0,97,dml_pairs_boot,0.05774166666421705,0.0206434736833598,0.016905617337571163,0.09097493797072138,False
2000,0.0,98,naive_ml,0.024295669240049413,0.012686440275656505,-0.0005697537002373361,0.049161092180336166,True
2000,0.0,98,dml_if,0.03868770682760597,0.021887029438449227,-0.004210870871754514,0.08158628452696645,True
2000,0.0,98,dml_mult_boot,0.03868770682760597,0.021998876895227778,-0.004207175953788672,0.07947251997151054,True
2000,0.0,98,dml_fixed_nuis_boot,0.03868770682760597,0.022154325944429277,-0.0042540118533744686,0.08063717777559437,True
2000,0.0,98,dml_pairs_boot,0.03868770682760597,0.022871535252758007,-0.01429154114809089,0.07997950834935781,True
2000,0.0,99,naive_ml,0.011291502121345316,0.013016795867968797,-0.014221417779873525,0.036804422022564155,True
2000,0.0,99,dml_if,0.012194515807747271,0.02211122217792487,-0.031143479660985473,0.05553251127648001,True
2000,0.0,99,dml_mult_boot,0.012194515807747271,0.022147261767878314,-0.032590933608356666,0.0544508851794661,True
2000,0.0,99,dml_fixed_nuis_boot,0.012194515807747271,0.02144593629948636,-0.031014094956418645,0.05600811887052313,True
2000,0.0,99,dml_pairs_boot,0.012194515807747271,0.019110525565304015,-0.024666518148854854,0.04573939292065252,True
2000,0.0,100,naive_ml,0.014450283703214694,0.013077012192686149,-0.011180660194450158,0.040081227600879545,True
2000,0.0,100,dml_if,0.03187926429233254,0.022312926151837508,-0.011854070965268977,0.07561259954993405,True
2000,0.0,100,dml_mult_boot,0.03187926429233254,0.02322514347513003,-0.0098551045226775,0.07613488600474139,True
2000,0.0,100,dml_fixed_nuis_boot,0.03187926429233254,0.02288874943821651,-0.011881241435902034,0.07739360556402265,True
2000,0.0,100,dml_pairs_boot,0.03187926429233254,0.02319685120203203,-0.0058454920950866025,0.08643373703850638,True
2000,0.0,101,naive_ml,-0.004383051062981643,0.013145422339692304,-0.03014807884877856,0.021381976722815273,True
2000,0.0,101,dml_if,-0.03132991836846875,0.02201467397235496,-0.07447867935428447,0.011818842617346975,True
2000,0.0,101,dml_mult_boot,-0.03132991836846875,0.0226294297614856,-0.07396022938437027,0.015427008809201465,True
2000,0.0,101,dml_fixed_nuis_boot,-0.03132991836846875,0.022396303487369103,-0.0736333456335321,0.01039409188862358,True
2000,0.0,101,dml_pairs_boot,-0.03132991836846875,0.022058096010082743,-0.06577870139030184,0.02151983566408167,True
2000,0.0,102,naive_ml,-0.01457225777088983,0.01258641760924865,-0.03924163628501719,0.010097120743237525,True
2000,0.0,102,dml_if,-0.05311027074508261,0.022654557032151277,-0.09751320252809911,-0.008707338962066102,False
2000,0.0,102,dml_mult_boot,-0.05311027074508261,0.022092617764509482,-0.09584140719016164,-0.00926560181621837,False
2000,0.0,102,dml_fixed_nuis_boot,-0.05311027074508261,0.022790425875730314,-0.10235844404988596,-0.009991547819220431,False
2000,0.0,102,dml_pairs_boot,-0.05311027074508261,0.025240387366808302,-0.09510733500474979,0.0022227554319510273,True
2000,0.0,103,naive_ml,0.010646241133819078,0.013369087285002338,-0.015557169944785502,0.03684965221242366,True
2000,0.0,103,dml_if,0.011420546296752977,0.02235238388300263,-0.032390126113932174,0.055231218707438134,True
2000,0.0,103,dml_mult_boot,0.011420546296752977,0.021496352851502032,-0.028551774401750947,0.054130452766168555,True
2000,0.0,103,dml_fixed_nuis_boot,0.011420546296752977,0.022009044505759648,-0.033614406923955134,0.05128356803181232,True
2000,0.0,103,dml_pairs_boot,0.011420546296752977,0.024562741484609008,-0.042832106681697624,0.05416469322175446,True
2000,0.0,104,naive_ml,0.005398036862337986,0.013429035862093526,-0.020922873427365325,0.031718947152041294,True
2000,0.0,104,dml_if,-0.008335143993849754,0.022497978539215365,-0.05243118193071187,0.03576089394301236,True
2000,0.0,104,dml_mult_boot,-0.008335143993849754,0.023076567035112287,-0.05176617947214442,0.037315416172928814,True
2000,0.0,104,dml_fixed_nuis_boot,-0.008335143993849754,0.02251210810270311,-0.05165838340832386,0.03496805046203501,True
2000,0.0,104,dml_pairs_boot,-0.008335143993849754,0.02296566829366548,-0.05528325458934507,0.03159658517703088,True
2000,0.0,105,naive_ml,0.020485052172350984,0.01339146655100194,-0.005762222267612818,0.04673232661231479,True
2000,0.0,105,dml_if,0.02352494096746531,0.02233993710171281,-0.020261335751891797,0.06731121768682241,True
2000,0.0,105,dml_mult_boot,0.02352494096746531,0.023162768183345426,-0.01799638323241245,0.06892255825614682,True
2000,0.0,105,dml_fixed_nuis_boot,0.02352494096746531,0.021426863637111833,-0.01670565148530549,0.06245064387827707,True
2000,0.0,105,dml_pairs_boot,0.02352494096746531,0.023253988777112232,-0.014903647682305008,0.07583642576736477,True
2000,0.0,106,naive_ml,0.006890681910960434,0.012656089678177586,-0.017915253858267633,0.0316966176801885,True
2000,0.0,106,dml_if,0.004422095248091456,0.02179050237724572,-0.038287289411310155,0.04713147990749307,True
2000,0.0,106,dml_mult_boot,0.004422095248091456,0.022469339662248577,-0.03816984549014085,0.04742070076471909,True
2000,0.0,106,dml_fixed_nuis_boot,0.004422095248091456,0.022723873028929607,-0.03629254093454536,0.04981255300933473,True
2000,0.0,106,dml_pairs_boot,0.004422095248091456,0.02457243081802195,-0.04909795152289053,0.048988641941984115,True
2000,0.0,107,naive_ml,0.004147819024422072,0.01299705050759851,-0.021326399970471005,0.02962203801931515,True
2000,0.0,107,dml_if,-0.010134474208725978,0.021618774060854565,-0.05250727136800092,0.032238322950548966,True
2000,0.0,107,dml_mult_boot,-0.010134474208725978,0.02218535089948459,-0.05574435217022152,0.031062735955300087,True
2000,0.0,107,dml_fixed_nuis_boot,-0.010134474208725978,0.0215781011593359,-0.04941874280188064,0.028772278358421548,True
2000,0.0,107,dml_pairs_boot,-0.010134474208725978,0.021581246393799342,-0.0532910400855344,0.028190692770252258,True
2000,0.0,108,naive_ml,0.0018782038478158704,0.013594582697808553,-0.02476717823988889,0.028523585935520634,True
2000,0.0,108,dml_if,-0.007479027732806105,0.022464772694700104,-0.05150998221441831,0.0365519267488061,True
2000,0.0,108,dml_mult_boot,-0.007479027732806105,0.021959920416043322,-0.05168867843266505,0.03292941499847328,True
2000,0.0,108,dml_fixed_nuis_boot,-0.007479027732806105,0.021809562786795963,-0.05116762237073168,0.034202736820740494,True
2000,0.0,108,dml_pairs_boot,-0.007479027732806105,0.025591343774499165,-0.05630640164477507,0.03575336410822859,True
2000,0.0,109,naive_ml,4.3856982095984806e-05,0.012849380569498827,-0.025140928934121714,0.025228642898313686,True
2000,0.0,109,dml_if,-0.022595803142127658,0.02249773683497703,-0.06669136733868264,0.02149976105442732,True
2000,0.0,109,dml_mult_boot,-0.022595803142127658,0.022806480950823497,-0.06638222633351026,0.020815933989051648,True
2000,0.0,109,dml_fixed_nuis_boot,-0.022595803142127658,0.022173372404314766,-0.06659925157467163,0.01961949131547323,True
2000,0.0,109,dml_pairs_boot,-0.022595803142127658,0.022710312772861358,-0.0641988530528536,0.009620561243979175,True
2000,0.0,110,naive_ml,0.008027674858888894,0.011995436262230092,-0.015483380215082084,0.031538729932859874,True
2000,0.0,110,dml_if,-0.003745861581605572,0.021731670284662927,-0.046339935339544905,0.03884821217633376,True
2000,0.0,110,dml_mult_boot,-0.003745861581605572,0.021423782675233236,-0.045898810191605834,0.03684262942933293,True
2000,0.0,110,dml_fixed_nuis_boot,-0.003745861581605572,0.02197052538706177,-0.046396484889394386,0.037722385139908374,True
2000,0.0,110,dml_pairs_boot,-0.003745861581605572,0.02285013160515373,-0.04751601819168426,0.03682814348471052,True
2000,0.0,111,naive_ml,-0.009200334654598054,0.013700675869225309,-0.03605365935827966,0.01765299004908355,True
2000,0.0,111,dml_if,-0.038127898122930624,0.022393673792420687,-0.08201949875607517,0.005763702510213922,True
2000,0.0,111,dml_mult_boot,-0.038127898122930624,0.022919197264468675,-0.08070741402948961,0.0036713514297565717,True
2000,0.0,111,dml_fixed_nuis_boot,-0.038127898122930624,0.022165309237600322,-0.07940643751137666,0.0042972900496496685,True
2000,0.0,111,dml_pairs_boot,-0.038127898122930624,0.023188209897052912,-0.08010909522415537,0.0035185926379503888,True
2000,0.0,112,naive_ml,0.0004219833286734537,0.013357191569171591,-0.025758112146902865,0.026602078804249772,True
2000,0.0,112,dml_if,-0.03669517692348201,0.022522796038427554,-0.08083985715880002,0.007449503311835998,True
2000,0.0,112,dml_mult_boot,-0.03669517692348201,0.02217024685996391,-0.07897347230360931,0.007840189578127153,True
2000,0.0,112,dml_fixed_nuis_boot,-0.03669517692348201,0.022470731988311152,-0.07595471210203729,0.010101400426344042,True
2000,0.0,112,dml_pairs_boot,-0.03669517692348201,0.025115534921704413,-0.07538126562975526,0.016368490513398386,True
2000,0.0,113,naive_ml,0.016857820735244267,0.013289062951151507,-0.009188742649012687,0.04290438411950122,True
2000,0.0,113,dml_if,0.014231523738939116,0.022375182642663523,-0.029623834240681393,0.05808688171855962,True
2000,0.0,113,dml_mult_boot,0.014231523738939116,0.022220299401919535,-0.03014745586556293,0.0571894834624288,True
2000,0.0,113,dml_fixed_nuis_boot,0.014231523738939116,0.021559556399551094,-0.029203159104822907,0.05709626878693086,True
2000,0.0,113,dml_pairs_boot,0.014231523738939116,0.019700160004792598,-0.014691152794340334,0.05830484515442589,True
2000,0.0,114,naive_ml,3.0095161481068872e-05,0.013467777550047357,-0.02636674883661175,0.02642693915957389,True
2000,0.0,114,dml_if,-0.02184257112237422,0.0227104464599743,-0.06635504618392385,0.02266990393917541,True
2000,0.0,114,dml_mult_boot,-0.02184257112237422,0.023619082181974026,-0.06656808722872111,0.02809760209383388,True
2000,0.0,114,dml_fixed_nuis_boot,-0.02184257112237422,0.02425022431473652,-0.06731421080611621,0.030082404001879722,True
2000,0.0,114,dml_pairs_boot,-0.02184257112237422,0.022755488139698212,-0.059561043303157826,0.02575961369526056,True
2000,0.0,115,naive_ml,0.007926461620485221,0.01328851294144704,-0.018119023744750978,0.033971946985721424,True
2000,0.0,115,dml_if,0.0009774388964510835,0.023345747898413673,-0.04478022698443972,0.046735104777341885,True
2000,0.0,115,dml_mult_boot,0.0009774388964510835,0.023604155153631012,-0.042512053304380355,0.053175942520030724,True
2000,0.0,115,dml_fixed_nuis_boot,0.0009774388964510835,0.02332700920083405,-0.04468443162131395,0.04772306671226083,True
2000,0.0,115,dml_pairs_boot,0.0009774388964510835,0.023121408497230593,-0.03903969988503675,0.04100691417643293,True
2000,0.0,116,naive_ml,-0.0029193853303074863,0.013316384369902795,-0.029019498695316965,0.023180728034701992,True
2000,0.0,116,dml_if,-0.034495885199126546,0.023412612596322473,-0.0803846058879186,0.0113928354896655,True
2000,0.0,116,dml_mult_boot,-0.034495885199126546,0.023232433520343373,-0.07770613024147305,0.011037483647164992,True
2000,0.0,116,dml_fixed_nuis_boot,-0.034495885199126546,0.02364520348037868,-0.07950117374406349,0.011760504497475743,True
2000,0.0,116,dml_pairs_boot,-0.034495885199126546,0.02507299849315755,-0.0881223647742063,0.009756227408754687,True
2000,0.0,117,naive_ml,0.019982742923252823,0.01300338150686355,-0.005503884830199736,0.04546937067670538,True
2000,0.0,117,dml_if,0.026553900305628663,0.02245924612505234,-0.017466222099473922,0.07057402271073125,True
2000,0.0,117,dml_mult_boot,0.026553900305628663,0.021599254756437297,-0.0176801610495289,0.07085222008053398,True
2000,0.0,117,dml_fixed_nuis_boot,0.026553900305628663,0.02249600122637049,-0.017991121896763346,0.06899574401245968,True
2000,0.0,117,dml_pairs_boot,0.026553900305628663,0.02351634187002312,-0.013191371724998024,0.07576847481366299,True
2000,0.0,118,naive_ml,0.001711267078034907,0.013529025634501961,-0.024805623165588937,0.028228157321658752,True
2000,0.0,118,dml_if,-0.019141368804117858,0.022243893362184654,-0.06273939979399978,0.024456662185764064,True
2000,0.0,118,dml_mult_boot,-0.019141368804117858,0.022133651719650985,-0.06437473574403749,0.024199320102522015,True
2000,0.0,118,dml_fixed_nuis_boot,-0.019141368804117858,0.02308904090815696,-0.06350107756414364,0.025764059503224145,True
2000,0.0,118,dml_pairs_boot,-0.019141368804117858,0.023096357372724613,-0.06432796334600964,0.02629636874642216,True
2000,0.0,119,naive_ml,0.0025459485876788805,0.013355880736333179,-0.02363157765553415,0.02872347483089191,True
2000,0.0,119,dml_if,-0.015788003156247017,0.022828910057775684,-0.060532666869487356,0.02895666055699332,True
2000,0.0,119,dml_mult_boot,-0.015788003156247017,0.02286419065604085,-0.06467941052452236,0.025924715092544286,True
2000,0.0,119,dml_fixed_nuis_boot,-0.015788003156247017,0.022945729686504865,-0.05851332242840301,0.0288507739459885,True
2000,0.0,119,dml_pairs_boot,-0.015788003156247017,0.02279976292850048,-0.06560542168520664,0.021727975922299,True
2000,0.0,120,naive_ml,0.010467629290938817,0.013363296442518642,-0.01572443173639772,0.03665969031827536,True
2000,0.0,120,dml_if,0.014648175131944871,0.023417931363151907,-0.031250970339832866,0.06054732060372261,True
2000,0.0,120,dml_mult_boot,0.014648175131944871,0.02398104059475733,-0.02990919176421333,0.06552914589530373,True
2000,0.0,120,dml_fixed_nuis_boot,0.014648175131944871,0.023695707063419263,-0.031378356045917884,0.06351537362141023,True
2000,0.0,120,dml_pairs_boot,0.014648175131944871,0.020809685725749965,-0.033437267409593525,0.042468165530331836,True
2000,0.0,121,naive_ml,0.013606760932947586,0.012769454340118036,-0.011421369573683764,0.03863489143957893,True
2000,0.0,121,dml_if,0.00843039785781165,0.021711029273125893,-0.034123219517515097,0.050984015233138405,True
2000,0.0,121,dml_mult_boot,0.00843039785781165,0.02076256053459766,-0.033611882372444564,0.04539523424781543,True
2000,0.0,121,dml_fixed_nuis_boot,0.00843039785781165,0.021682357534408263,-0.03243677770787359,0.05055095821905768,True
2000,0.0,121,dml_pairs_boot,0.00843039785781165,0.022080451219961737,-0.026952557884451778,0.05207506544728178,True
2000,0.0,122,naive_ml,0.007271483562674237,0.013873704385355245,-0.019920977032622043,0.034463944157970515,True
2000,0.0,122,dml_if,0.0002479364258309854,0.024305408530056496,-0.04739066429307975,0.04788653714474172,True
2000,0.0,122,dml_mult_boot,0.0002479364258309854,0.02403808790369113,-0.04837469585315036,0.04510987528747277,True
2000,0.0,122,dml_fixed_nuis_boot,0.0002479364258309854,0.02508305983573912,-0.04398849015023993,0.04984441138441532,True
2000,0.0,122,dml_pairs_boot,0.0002479364258309854,0.023943512007433665,-0.04265504921087577,0.04289457214945756,True
2000,0.0,123,naive_ml,0.0026102222249530407,0.012831675017788601,-0.022539860809912618,0.0277603052598187,True
2000,0.0,123,dml_if,-0.025853182591579944,0.02224681369634146,-0.06945693743640921,0.01775057225324932,True
2000,0.0,123,dml_mult_boot,-0.025853182591579944,0.02131872804432056,-0.067718977553458,0.013400046962369842,True
2000,0.0,123,dml_fixed_nuis_boot,-0.025853182591579944,0.02250696856979962,-0.07109333882154509,0.016534189951660977,True
2000,0.0,123,dml_pairs_boot,-0.025853182591579944,0.021439697256822533,-0.061225061179694194,0.014113490661637813,True
2000,0.0,124,naive_ml,0.0029059939096934104,0.01207686403335996,-0.02076465959569211,0.02657664741507893,True
2000,0.0,124,dml_if,-0.00826847430573885,0.021966363079660645,-0.051322545941873715,0.03478559733039602,True
2000,0.0,124,dml_mult_boot,-0.00826847430573885,0.021770456914898925,-0.04951159010607495,0.03246397801087944,True
2000,0.0,124,dml_fixed_nuis_boot,-0.00826847430573885,0.02275375415362935,-0.05052721847163712,0.03532934918090399,True
2000,0.0,124,dml_pairs_boot,-0.00826847430573885,0.024210770124782777,-0.05626628551555044,0.03431669755560553,True
2000,0.0,125,naive_ml,0.01693061169187815,0.01255543219668904,-0.007678035413632368,0.041539258797388665,True
2000,0.0,125,dml_if,0.015868713012595518,0.02183005405100603,-0.026918192927376305,0.05865561895256734,True
2000,0.0,125,dml_mult_boot,0.015868713012595518,0.022463410836657295,-0.027048715675836735,0.06169635034241805,True
2000,0.0,125,dml_fixed_nuis_boot,0.015868713012595518,0.021001411746849323,-0.029208846145941044,0.0544765713304133,True
2000,0.0,125,dml_pairs_boot,0.015868713012595518,0.022655709939900157,-0.02677186417138263,0.0581723236840325,True
2000,0.0,126,naive_ml,0.0029468495514723063,0.013255546712974414,-0.023034022005957545,0.028927721108902158,True
2000,0.0,126,dml_if,-0.021625812081097078,0.021768206418275746,-0.06429149666091753,0.02103987249872338,True
2000,0.0,126,dml_mult_boot,-0.021625812081097078,0.022135910456926925,-0.0649567295896074,0.021144376880190947,True
2000,0.0,126,dml_fixed_nuis_boot,-0.021625812081097078,0.021309218362390574,-0.06496522719751681,0.020605721924744764,True
2000,0.0,126,dml_pairs_boot,-0.021625812081097078,0.01867207324988928,-0.04474074240921731,0.01739482030815563,True
2000,0.0,127,naive_ml,0.02568664147587558,0.013178859166545926,-0.0001439224905544316,0.05151720544230559,True
2000,0.0,127,dml_if,0.05027105284380497,0.022784357402562835,0.005613712334781813,0.09492839335282813,False
2000,0.0,127,dml_mult_boot,0.05027105284380497,0.022403743474630783,0.010197293862597224,0.09598560596989754,False
2000,0.0,127,dml_fixed_nuis_boot,0.05027105284380497,0.022995006957667218,0.01139608930903161,0.09768483676082859,False
2000,0.0,127,dml_pairs_boot,0.05027105284380497,0.023435413003658596,0.009635769397136465,0.09306854312853281,False
2000,0.0,128,naive_ml,0.012675452906162992,0.013169696101168738,-0.013137151452127734,0.038488057264453715,True
2000,0.0,128,dml_if,0.014022955638385272,0.02331947303353568,-0.03168321150734466,0.059729122784115206,True
2000,0.0,128,dml_mult_boot,0.014022955638385272,0.023363440052843885,-0.031302150252715676,0.06306116919711482,True
2000,0.0,128,dml_fixed_nuis_boot,0.014022955638385272,0.02195715686416313,-0.024493887281871136,0.05802429641772204,True
2000,0.0,128,dml_pairs_boot,0.014022955638385272,0.023448524821859017,-0.02777924156854135,0.05815248328674948,True
2000,0.0,129,naive_ml,0.005684337707062499,0.013371230219830846,-0.02052327352380596,0.03189194893793096,True
2000,0.0,129,dml_if,-0.009181695233949358,0.022670245313499975,-0.053615376048409304,0.03525198558051059,True
2000,0.0,129,dml_mult_boot,-0.009181695233949358,0.02385694123534148,-0.05626280017054748,0.03702814008015631,True
2000,0.0,129,dml_fixed_nuis_boot,-0.009181695233949358,0.022933829371976577,-0.049590124141626606,0.03578944984740638,True
2000,0.0,129,dml_pairs_boot,-0.009181695233949358,0.020247633990891453,-0.042514059979019636,0.03025121260511731,True
2000,0.0,130,naive_ml,0.021510943109009684,0.01289607955458289,-0.0037653728179727793,0.04678725903599215,True
2000,0.0,130,dml_if,0.03298990634624192,0.02233621609218299,-0.010789077194436732,0.07676888988692057,True
2000,0.0,130,dml_mult_boot,0.03298990634624192,0.023361181801139684,-0.012254504809110606,0.07706244514160243,True
2000,0.0,130,dml_fixed_nuis_boot,0.03298990634624192,0.021516364726157998,-0.006579020373020136,0.07180244251409482,True
2000,0.0,130,dml_pairs_boot,0.03298990634624192,0.023776831645072345,-0.010074785125069444,0.08136067831422132,True
2000,0.0,131,naive_ml,-0.005618624760385274,0.011760246872942283,-0.02866870863135215,0.0174314591105816,True
2000,0.0,131,dml_if,-0.034975143557851376,0.02136185729281734,-0.07684438385177336,0.00689409673607061,True
2000,0.0,131,dml_mult_boot,-0.034975143557851376,0.021110438909227744,-0.07641594299963617,0.0024502139078265714,True
2000,0.0,131,dml_fixed_nuis_boot,-0.034975143557851376,0.020840655959362908,-0.07510574772229106,0.004881980859700865,True
2000,0.0,131,dml_pairs_boot,-0.034975143557851376,0.023144170214134015,-0.0691993226176921,0.022018422558850413,True
2000,0.0,132,naive_ml,0.008111903489413716,0.013106196102126886,-0.017576240870754982,0.03380004784958241,True
2000,0.0,132,dml_if,-0.004489339522430093,0.021711693977825942,-0.04704425971896894,0.03806558067410875,True
2000,0.0,132,dml_mult_boot,-0.004489339522430093,0.02136554129355517,-0.04585620350087204,0.03638304257221645,True
2000,0.0,132,dml_fixed_nuis_boot,-0.004489339522430093,0.020842371402358537,-0.04954154711600878,0.0316436837388861,True
2000,0.0,132,dml_pairs_boot,-0.004489339522430093,0.02099967276887805,-0.043026799136681414,0.041793617486130294,True
2000,0.0,133,naive_ml,0.02124242359610764,0.01364537513158228,-0.0055025116617936284,0.047987358854008906,True
2000,0.0,133,dml_if,0.03579396102461226,0.023610338720811808,-0.010482302868178882,0.0820702249174034,True
2000,0.0,133,dml_mult_boot,0.03579396102461226,0.02308939149468258,-0.007013661389702142,0.07791885709479432,True
2000,0.0,133,dml_fixed_nuis_boot,0.03579396102461226,0.024186167761877934,-0.008680168797409179,0.08543628316356547,True
2000,0.0,133,dml_pairs_boot,0.03579396102461226,0.025488370131833093,-0.013761571969161925,0.08086816394402253,True
2000,0.0,134,naive_ml,0.005729678342312426,0.012962591260853166,-0.01967700052895978,0.031136357213584633,True
2000,0.0,134,dml_if,-0.010700727965374916,0.022215974779769235,-0.054244038533722616,0.03284258260297278,True
2000,0.0,134,dml_mult_boot,-0.010700727965374916,0.02181253378558098,-0.055703081084861786,0.02938830164977113,True
2000,0.0,134,dml_fixed_nuis_boot,-0.010700727965374916,0.02160690443242113,-0.051751429548957825,0.03266425040834909,True
2000,0.0,134,dml_pairs_boot,-0.010700727965374916,0.02049604183524847,-0.04277442957148988,0.03422690492209175,True
2000,0.0,135,naive_ml,0.012221415176196588,0.013666308079327835,-0.014564548659285966,0.03900737901167914,True
2000,0.0,135,dml_if,0.01965728036545482,0.02275375496797279,-0.024940079371771846,0.06425464010268148,True
2000,0.0,135,dml_mult_boot,0.01965728036545482,0.022169385174405414,-0.022443411100741006,0.06025012493434024,True
2000,0.0,135,dml_fixed_nuis_boot,0.01965728036545482,0.022134083963166913,-0.021254409338024853,0.06186844529227837,True
2000,0.0,135,dml_pairs_boot,0.01965728036545482,0.02083081036687225,-0.008767499599980707,0.05895733819970895,True
2000,0.0,136,naive_ml,0.012831385267106157,0.012880827948497124,-0.012415037511948206,0.038077808046160525,True
2000,0.0,136,dml_if,0.017555271531538855,0.023120861065851657,-0.02776161615753039,0.0628721592206081,True
2000,0.0,136,dml_mult_boot,0.017555271531538855,0.02340092093252903,-0.025787067762764574,0.06335084070255884,True
2000,0.0,136,dml_fixed_nuis_boot,0.017555271531538855,0.0220005117757982,-0.02475916772306483,0.05710695659218981,True
2000,0.0,136,dml_pairs_boot,0.017555271531538855,0.027364426033683425,-0.0319697622584993,0.05897114694942328,True
2000,0.0,137,naive_ml,0.004996023546915385,0.012548634735225331,-0.019599300534126264,0.029591347627957038,True
2000,0.0,137,dml_if,-0.018896508066973176,0.022779402256230347,-0.06354413648918465,0.0257511203552383,True
2000,0.0,137,dml_mult_boot,-0.018896508066973176,0.02332969845509691,-0.06312062119907678,0.027236371682674735,True
2000,0.0,137,dml_fixed_nuis_boot,-0.018896508066973176,0.02321842386781,-0.06285920221657754,0.027944373318500724,True
2000,0.0,137,dml_pairs_boot,-0.018896508066973176,0.022915984646175936,-0.058084452288725975,0.0280673260072198,True
2000,0.0,138,naive_ml,0.003423983350230936,0.012386275486891708,-0.02085311660407681,0.027701083304538684,True
2000,0.0,138,dml_if,-0.014707204109165388,0.022224722708042943,-0.058267660616929555,0.028853252398598782,True
2000,0.0,138,dml_mult_boot,-0.014707204109165388,0.022670091521766002,-0.06235733213500165,0.028810144476504988,True
2000,0.0,138,dml_fixed_nuis_boot,-0.014707204109165388,0.02297146104845649,-0.05692612334419413,0.033054350985136316,True
2000,0.0,138,dml_pairs_boot,-0.014707204109165388,0.022541522285778173,-0.054531118113450606,0.03168841113096863,True
2000,0.0,139,naive_ml,0.0017078546817576718,0.013179480969436823,-0.0241239280183385,0.027539637381853846,True
2000,0.0,139,dml_if,-0.016618340346455592,0.022779750990852388,-0.06126665228852628,0.02802997159561509,True
2000,0.0,139,dml_mult_boot,-0.016618340346455592,0.022453154624257,-0.06010653284198114,0.025888768375520392,True
2000,0.0,139,dml_fixed_nuis_boot,-0.016618340346455592,0.023123150929570478,-0.0622077045887144,0.026940113688820776,True
2000,0.0,139,dml_pairs_boot,-0.016618340346455592,0.02228755543681022,-0.06052465932465993,0.01791090531552861,True
2000,0.0,140,naive_ml,-0.006043700154175824,0.012468475669133533,-0.03048191246567755,0.0183945121573259,True
2000,0.0,140,dml_if,-0.03599665360692958,0.02252592355766899,-0.08014746377996079,0.00815415656610164,True
2000,0.0,140,dml_mult_boot,-0.03599665360692958,0.02257877390738499,-0.08148101675140935,0.007335584468787474,True
2000,0.0,140,dml_fixed_nuis_boot,-0.03599665360692958,0.022390093790342437,-0.07910925028889784,0.005115876009039538,True
2000,0.0,140,dml_pairs_boot,-0.03599665360692958,0.022759404487469385,-0.07749941893107096,0.0020395902002988664,True
2000,0.0,141,naive_ml,0.01702032513981618,0.013006921756130769,-0.008473241502200128,0.042513891781832486,True
2000,0.0,141,dml_if,0.01927498159177978,0.02187588194331552,-0.023601747017118632,0.062151710200678195,True
2000,0.0,141,dml_mult_boot,0.01927498159177978,0.022774357196113426,-0.023889535163907107,0.06371619247745648,True
2000,0.0,141,dml_fixed_nuis_boot,0.01927498159177978,0.021620491128473914,-0.021610373191918646,0.062149226122967395,True
2000,0.0,141,dml_pairs_boot,0.01927498159177978,0.019755940529348263,-0.015515275503158711,0.05963953899924323,True
2000,0.0,142,naive_ml,0.019496686404227474,0.013331867051692956,-0.00663377301709072,0.04562714582554567,True
2000,0.0,142,dml_if,0.03130469223937814,0.023067960208781844,-0.013908509769834279,0.07651789424859055,True
2000,0.0,142,dml_mult_boot,0.03130469223937814,0.024212742516045882,-0.019046015706994456,0.07914024533549514,True
2000,0.0,142,dml_fixed_nuis_boot,0.03130469223937814,0.0230097070528729,-0.010386896561154739,0.07692497164500343,True
2000,0.0,142,dml_pairs_boot,0.03130469223937814,0.022690098936744077,-0.009750284338846893,0.07577844432882117,True
2000,0.0,143,naive_ml,0.008759074153351898,0.012692597458315125,-0.01611841686494575,0.03363656517164954,True
2000,0.0,143,dml_if,-0.0034505151544028346,0.021484457942497235,-0.045560052721697414,0.03865902241289175,True
2000,0.0,143,dml_mult_boot,-0.0034505151544028346,0.02120453157564772,-0.04465234953120978,0.03612193738813468,True
2000,0.0,143,dml_fixed_nuis_boot,-0.0034505151544028346,0.02219941957000757,-0.046757254404054836,0.03746773541090779,True
2000,0.0,143,dml_pairs_boot,-0.0034505151544028346,0.023346252910127648,-0.03962621580745294,0.04344667768100913,True
2000,0.0,144,naive_ml,0.0023419694608337316,0.012775374049463035,-0.022697763676113817,0.02738170259778128,True
2000,0.0,144,dml_if,-0.006985990768947824,0.0222467778328544,-0.050589675321342446,0.03661769378344679,True
2000,0.0,144,dml_mult_boot,-0.006985990768947824,0.022964159500256556,-0.049876022899448105,0.03803511400056231,True
2000,0.0,144,dml_fixed_nuis_boot,-0.006985990768947824,0.022359455413838124,-0.05024310178212803,0.03395825007369967,True
2000,0.0,144,dml_pairs_boot,-0.006985990768947824,0.02254562094346851,-0.041163190964907656,0.050197239394202245,True
2000,0.0,145,naive_ml,0.0028936111743064923,0.012784436636956654,-0.022163884634128547,0.027951106982741534,True
2000,0.0,145,dml_if,-0.01837302627328607,0.022944258544787193,-0.06334377302106897,0.026597720474496826,True
2000,0.0,145,dml_mult_boot,-0.01837302627328607,0.022988756286446154,-0.061275099888059945,0.028202779190436972,True
2000,0.0,145,dml_fixed_nuis_boot,-0.01837302627328607,0.0225406658098697,-0.06291387165207055,0.026296636836227492,True
2000,0.0,145,dml_pairs_boot,-0.01837302627328607,0.02495279063836393,-0.06504445342832524,0.02633128652376224,True
2000,0.0,146,naive_ml,-0.0035544484856499217,0.01332237018080237,-0.029666294040022564,0.022557397068722722,True
2000,0.0,146,dml_if,-0.027526765614293864,0.022287084507613526,-0.07120945124921638,0.016155920020628645,True
2000,0.0,146,dml_mult_boot,-0.027526765614293864,0.02184876767113092,-0.07042483240491411,0.01841924415366781,True
2000,0.0,146,dml_fixed_nuis_boot,-0.027526765614293864,0.022730343921879226,-0.06906458668174201,0.014179799300518272,True
2000,0.0,146,dml_pairs_boot,-0.027526765614293864,0.022928358735046568,-0.06597654468343087,0.013572423743973631,True
2000,0.0,147,naive_ml,-0.003000617157354343,0.013452579792443548,-0.029367673550543694,0.02336643923583501,True
2000,0.0,147,dml_if,-0.024139389084027237,0.023860261299147787,-0.0709055012303569,0.022626723062302425,True
2000,0.0,147,dml_mult_boot,-0.024139389084027237,0.02455778084561416,-0.07175541140543813,0.021711370672459148,True
2000,0.0,147,dml_fixed_nuis_boot,-0.024139389084027237,0.02417091278501875,-0.06989325144924376,0.023755622691299258,True
2000,0.0,147,dml_pairs_boot,-0.024139389084027237,0.022319505358103713,-0.0613454355843655,0.021159244263644763,True
2000,0.0,148,naive_ml,0.013712229029905966,0.012319941448768886,-0.01043485620968105,0.03785931426949298,True
2000,0.0,148,dml_if,0.0068438252022364355,0.021297193522832283,-0.03489867410251484,0.04858632450698771,True
2000,0.0,148,dml_mult_boot,0.0068438252022364355,0.02049074146518431,-0.0327134656135301,0.047963880434913626,True
2000,0.0,148,dml_fixed_nuis_boot,0.0068438252022364355,0.02182767065942962,-0.03757784755456431,0.04389167839281044,True
2000,0.0,148,dml_pairs_boot,0.0068438252022364355,0.02046162934623851,-0.04009593379344278,0.04442891110924332,True
2000,0.0,149,naive_ml,0.007430443846870592,0.012835743705330605,-0.017727613815577394,0.03258850150931858,True
2000,0.0,149,dml_if,0.004712923043726653,0.023270472879410958,-0.04089720379991882,0.05032304988737213,True
2000,0.0,149,dml_mult_boot,0.004712923043726653,0.022986579967088725,-0.03748559182186315,0.050400181010511656,True
2000,0.0,149,dml_fixed_nuis_boot,0.004712923043726653,0.022191116694094324,-0.03551402143596265,0.052513083479151436,True
2000,0.0,149,dml_pairs_boot,0.004712923043726653,0.023447623574923037,-0.045009826204690774,0.04977426568523001,True
2000,0.0,150,naive_ml,0.009381852221781735,0.013041858828886642,-0.016180191082836082,0.03494389552639955,True
2000,0.0,150,dml_if,0.0035084773699882218,0.02206493050514803,-0.03973878642010192,0.046755741160078364,True
2000,0.0,150,dml_mult_boot,0.0035084773699882218,0.02239010762310309,-0.03913317734117205,0.04735690637773193,True
2000,0.0,150,dml_fixed_nuis_boot,0.0035084773699882218,0.02244449812667422,-0.04354559249754261,0.044259833775527335,True
2000,0.0,150,dml_pairs_boot,0.0035084773699882218,0.021413015403552987,-0.04123006711086233,0.044318965171941366,True
2000,0.0,151,naive_ml,0.010212555635992427,0.013247355387127277,-0.015752260922777036,0.036177372194761886,True
2000,0.0,151,dml_if,-0.003995324326897778,0.02204864364941561,-0.04721066587975238,0.03922001722595682,True
2000,0.0,151,dml_mult_boot,-0.003995324326897778,0.022260471073134454,-0.043351112778430234,0.04106642175942241,True
2000,0.0,151,dml_fixed_nuis_boot,-0.003995324326897778,0.021980876629920352,-0.04844364034656659,0.038338043219919106,True
2000,0.0,151,dml_pairs_boot,-0.003995324326897778,0.023333701701411438,-0.036532397383597544,0.05360055154009223,True
2000,0.0,152,naive_ml,0.0025316184693610754,0.012584244995295488,-0.022133501721418078,0.027196738660140232,True
2000,0.0,152,dml_if,-0.009414719168397463,0.021383519571567998,-0.05132641752867074,0.03249697919187581,True
2000,0.0,152,dml_mult_boot,-0.009414719168397463,0.021655046845871505,-0.05286467089366551,0.03095284088064216,True
2000,0.0,152,dml_fixed_nuis_boot,-0.009414719168397463,0.021325874530946996,-0.05332279127124214,0.030182926784148627,True
2000,0.0,152,dml_pairs_boot,-0.009414719168397463,0.02306292954670936,-0.055300999035818824,0.03234162334611527,True
2000,0.0,153,naive_ml,0.012442043238952783,0.013250494063367537,-0.013528925125247589,0.038413011603153156,True
2000,0.0,153,dml_if,0.011284133968854743,0.02250883388769817,-0.03283318045103367,0.055401448388743155,True
2000,0.0,153,dml_mult_boot,0.011284133968854743,0.02399480489589477,-0.036712505582953074,0.05724552252938385,True
2000,0.0,153,dml_fixed_nuis_boot,0.011284133968854743,0.022209277930558265,-0.0300468328416438,0.056084600586425296,True
2000,0.0,153,dml_pairs_boot,0.011284133968854743,0.021403442569321845,-0.03522802773323171,0.03951908560860542,True
2000,0.0,154,naive_ml,-0.009910677261629539,0.013089478760375103,-0.035566055631964744,0.015744701108705662,True
2000,0.0,154,dml_if,-0.03277007729690485,0.021979847055382012,-0.0758505775254536,0.010310422931643894,True
2000,0.0,154,dml_mult_boot,-0.03277007729690485,0.021450146183703243,-0.07419319619678166,0.008550767629849264,True
2000,0.0,154,dml_fixed_nuis_boot,-0.03277007729690485,0.022639903514963023,-0.08090209902666105,0.007439855033079228,True
2000,0.0,154,dml_pairs_boot,-0.03277007729690485,0.022121375349495088,-0.0755825111619301,0.005858576433818327,True
2000,0.0,155,naive_ml,-0.004156764167784666,0.012612097619931267,-0.028876475502849948,0.020562947167280618,True
2000,0.0,155,dml_if,-0.021303961863251297,0.021275805893608536,-0.06300454141472403,0.020396617688221434,True
2000,0.0,155,dml_mult_boot,-0.021303961863251297,0.020532074678309056,-0.06110298878364175,0.017125599020317375,True
2000,0.0,155,dml_fixed_nuis_boot,-0.021303961863251297,0.02049528986928064,-0.05800279603923048,0.01878563202171461,True
2000,0.0,155,dml_pairs_boot,-0.021303961863251297,0.021737502972106987,-0.06553057026122903,0.0166535931093451,True
2000,0.0,156,naive_ml,0.011932154737777182,0.013415364019495033,-0.014361958740433082,0.038226268215987444,True
2000,0.0,156,dml_if,0.011341949203258405,0.024049559415658145,-0.035795187251431555,0.05847908565794837,True
2000,0.0,156,dml_mult_boot,0.011341949203258405,0.02420859206673114,-0.034591391977589196,0.060453230993767676,True
2000,0.0,156,dml_fixed_nuis_boot,0.011341949203258405,0.023462172330174117,-0.03602907132817804,0.056917944417684156,True
2000,0.0,156,dml_pairs_boot,0.011341949203258405,0.02471308814748831,-0.03199053767303956,0.05538602669566665,True
2000,0.0,157,naive_ml,0.014465020448646535,0.012470773533893675,-0.009977695677785066,0.038907736575078136,True
2000,0.0,157,dml_if,0.005862599437007239,0.022022127827252307,-0.037300771104407285,0.04902596997842176,True
2000,0.0,157,dml_mult_boot,0.005862599437007239,0.02165706143203781,-0.03567641062628982,0.048172638158120076,True
2000,0.0,157,dml_fixed_nuis_boot,0.005862599437007239,0.02270840285112711,-0.041100597902222195,0.04922066083356782,True
2000,0.0,157,dml_pairs_boot,0.005862599437007239,0.02159962827893355,-0.03452295678043359,0.04887285452241599,True
2000,0.0,158,naive_ml,0.005396935999695416,0.013224275090240939,-0.020522643177176825,0.03131651517656766,True
2000,0.0,158,dml_if,-0.01818531972036672,0.022704799054447486,-0.06268672586708379,0.02631608642635035,True
2000,0.0,158,dml_mult_boot,-0.01818531972036672,0.023609824591988505,-0.0632846265919791,0.02595316360968635,True
2000,0.0,158,dml_fixed_nuis_boot,-0.01818531972036672,0.022386701735220556,-0.06240295308559302,0.025059235151210592,True
2000,0.0,158,dml_pairs_boot,-0.01818531972036672,0.020303892111031008,-0.05863321370957594,0.02496241230072837,True
2000,0.0,159,naive_ml,-0.00258044792364702,0.013015778692202324,-0.028091374160363572,0.022930478313069533,True
2000,0.0,159,dml_if,-0.02627229882236301,0.021912243831949684,-0.06922029673298438,0.016675699088258368,True
2000,0.0,159,dml_mult_boot,-0.02627229882236301,0.021657208997501884,-0.06945458581406963,0.01348201957152592,True
2000,0.0,159,dml_fixed_nuis_boot,-0.02627229882236301,0.023010524230569946,-0.06744494047405389,0.018774505490304415,True
2000,0.0,159,dml_pairs_boot,-0.02627229882236301,0.023284418992496128,-0.0625213126912319,0.02154185933385419,True
2000,0.0,160,naive_ml,0.01052665198195099,0.013444975299455295,-0.015825499604981388,0.03687880356888337,True
2000,0.0,160,dml_if,0.018589874542071144,0.022664042258443238,-0.0258316482844776,0.06301139736861988,True
2000,0.0,160,dml_mult_boot,0.018589874542071144,0.023328027158470748,-0.02229622735181047,0.06767472345971125,True
2000,0.0,160,dml_fixed_nuis_boot,0.018589874542071144,0.023608345526637133,-0.027951341699686754,0.0631682720653572,True
2000,0.0,160,dml_pairs_boot,0.018589874542071144,0.02398026862348914,-0.03264187011005122,0.05484480985235195,True
2000,0.0,161,naive_ml,0.007800317338512209,0.011941700691947185,-0.015605416017704273,0.03120605069472869,True
2000,0.0,161,dml_if,0.005953878611767366,0.022035044105948424,-0.03723480783589154,0.049142565059426276,True
2000,0.0,161,dml_mult_boot,0.005953878611767366,0.021989161926933835,-0.037078352131704906,0.04939306235384586,True
2000,0.0,161,dml_fixed_nuis_boot,0.005953878611767366,0.0225438600461177,-0.03649902285995311,0.05175976873014321,True
2000,0.0,161,dml_pairs_boot,0.005953878611767366,0.022986608092741397,-0.04682218125225102,0.04002844354680257,True
2000,0.0,162,naive_ml,0.0014768783085300694,0.012888213538077063,-0.02378402022610097,0.02673777684316111,True
2000,0.0,162,dml_if,-0.005197795528051514,0.02309005241325549,-0.05045429825803227,0.04005870720192925,True
2000,0.0,162,dml_mult_boot,-0.005197795528051514,0.022700214786434116,-0.051649071193362615,0.036975304788017214,True
2000,0.0,162,dml_fixed_nuis_boot,-0.005197795528051514,0.023067915900983806,-0.05105338186401118,0.03945681568009575,True
2000,0.0,162,dml_pairs_boot,-0.005197795528051514,0.023500617076422838,-0.05429083385194731,0.03466601197653228,True
2000,0.0,163,naive_ml,-0.006138354519044534,0.013826132629166148,-0.03323757447221018,0.020960865434121113,True
2000,0.0,163,dml_if,-0.03835593642826875,0.023826603955615616,-0.08505608018127536,0.008344207324737861,True
2000,0.0,163,dml_mult_boot,-0.03835593642826875,0.024277473939630534,-0.08642323693240678,0.007660016599249775,True
2000,0.0,163,dml_fixed_nuis_boot,-0.03835593642826875,0.02454713940550174,-0.08527237487291583,0.0069715507530030375,True
2000,0.0,163,dml_pairs_boot,-0.03835593642826875,0.02421952817798351,-0.09150790764258397,0.0027582986387091196,True
2000,0.0,164,naive_ml,0.006361391909583754,0.012645346144389792,-0.018423486533420238,0.031146270352587744,True
2000,0.0,164,dml_if,-0.028443500841045643,0.021996814368278883,-0.07155725700287226,0.014670255320780968,True
2000,0.0,164,dml_mult_boot,-0.028443500841045643,0.021910623249485714,-0.07101482594933284,0.011326551651867403,True
2000,0.0,164,dml_fixed_nuis_boot,-0.028443500841045643,0.022380888379574755,-0.06809907920951658,0.02001093261386964,True
2000,0.0,164,dml_pairs_boot,-0.028443500841045643,0.02330106403249697,-0.06744743658773772,0.025327736394423733,True
2000,0.0,165,naive_ml,-0.002392122165013056,0.012646764989297291,-0.027179781544035747,0.022395537214009636,True
2000,0.0,165,dml_if,-0.0113400828190181,0.022143975247591104,-0.05474227430429666,0.03206210866626046,True
2000,0.0,165,dml_mult_boot,-0.0113400828190181,0.021340192691630535,-0.05280163940635801,0.032489014379022844,True
2000,0.0,165,dml_fixed_nuis_boot,-0.0113400828190181,0.0229947979739547,-0.05605562891019949,0.036888314962379654,True
2000,0.0,165,dml_pairs_boot,-0.0113400828190181,0.02166410965962227,-0.05052220332356477,0.028480857705507765,True
2000,0.0,166,naive_ml,-0.0017185945157581536,0.012987334660337859,-0.027173770450020354,0.02373658141850405,True
2000,0.0,166,dml_if,-0.02718793953987041,0.021937647620974637,-0.0701857288769807,0.015809849797239876,True
2000,0.0,166,dml_mult_boot,-0.02718793953987041,0.021272960886208257,-0.0688639472311603,0.01978403929677172,True
2000,0.0,166,dml_fixed_nuis_boot,-0.02718793953987041,0.022007696661467725,-0.07263073623312498,0.015571842561006176,True
2000,0.0,166,dml_pairs_boot,-0.02718793953987041,0.023447135481326417,-0.06557788983706184,0.02311240753868582,True
2000,0.0,167,naive_ml,0.007764730796924504,0.012772064719387381,-0.017268516053074764,0.03279797764692377,True
2000,0.0,167,dml_if,0.011813238673325755,0.02264892220219651,-0.03257864884297941,0.056205126189630916,True
2000,0.0,167,dml_mult_boot,0.011813238673325755,0.021636943481954038,-0.024192228748831184,0.050989276603840526,True
2000,0.0,167,dml_fixed_nuis_boot,0.011813238673325755,0.02240723566066596,-0.031838086956956904,0.05608329238369178,True
2000,0.0,167,dml_pairs_boot,0.011813238673325755,0.026677736429031335,-0.03310776054618461,0.06563895964406292,True
2000,0.0,168,naive_ml,0.009746953699370427,0.012995666223489797,-0.015724552098669575,0.035218459497410426,True
2000,0.0,168,dml_if,-0.0018875133469413087,0.022417432161181798,-0.045825680382857635,0.042050653688975016,True
2000,0.0,168,dml_mult_boot,-0.0018875133469413087,0.02145363396571188,-0.04138819884364754,0.03815560921377493,True
2000,0.0,168,dml_fixed_nuis_boot,-0.0018875133469413087,0.022928698726771245,-0.04501417571090202,0.04144041763752071,True
2000,0.0,168,dml_pairs_boot,-0.0018875133469413087,0.024503245881733807,-0.045106241594499,0.04370575737012234,True
2000,0.0,169,naive_ml,0.01833280696828583,0.012595254119983662,-0.006353891106882146,0.04301950504345381,True
2000,0.0,169,dml_if,0.0311146833157362,0.022275807016785807,-0.012545898437163982,0.07477526506863638,True
2000,0.0,169,dml_mult_boot,0.0311146833157362,0.022046044663862917,-0.01346843244874307,0.07070706156203804,True
2000,0.0,169,dml_fixed_nuis_boot,0.0311146833157362,0.022349361030169407,-0.014199896672297749,0.06996593038298596,True
2000,0.0,169,dml_pairs_boot,0.0311146833157362,0.024469305801332556,-0.012198767607429137,0.0807113314090013,True
2000,0.0,170,naive_ml,0.002309089865478513,0.013516651099918448,-0.024183546290361645,0.02880172602131867,True
2000,0.0,170,dml_if,-0.006584179970987217,0.023109144008805916,-0.05187810222824681,0.03870974228627238,True
2000,0.0,170,dml_mult_boot,-0.006584179970987217,0.022648978964242256,-0.04980568192403498,0.03529374890242122,True
2000,0.0,170,dml_fixed_nuis_boot,-0.006584179970987217,0.023309174153703194,-0.05299631427710877,0.0359980045390894,True
2000,0.0,170,dml_pairs_boot,-0.006584179970987217,0.02120793142509378,-0.05045696866764944,0.03425545966576165,True
2000,0.0,171,naive_ml,0.011781212463725948,0.013088791415822624,-0.013872818711286395,0.03743524363873829,True
2000,0.0,171,dml_if,0.005747600530736935,0.02419691849896854,-0.04167835972724141,0.053173560788715275,True
2000,0.0,171,dml_mult_boot,0.005747600530736935,0.02330331228860439,-0.03945468167565067,0.050322855765263096,True
2000,0.0,171,dml_fixed_nuis_boot,0.005747600530736935,0.023427945970523206,-0.038003214413438034,0.05069733466445505,True
2000,0.0,171,dml_pairs_boot,0.005747600530736935,0.02406810875581477,-0.03564396536979415,0.05145207460045537,True
2000,0.0,172,naive_ml,-0.002229494560011737,0.012580779254904672,-0.026887821899624895,0.02242883277960142,True
2000,0.0,172,dml_if,-0.024703584807771902,0.022571641079587465,-0.06894400132376333,0.019536831708219526,True
2000,0.0,172,dml_mult_boot,-0.024703584807771902,0.02207313250002939,-0.07083745017891596,0.013121778826803194,True
2000,0.0,172,dml_fixed_nuis_boot,-0.024703584807771902,0.022682789825116352,-0.06457340143014606,0.02347503067260176,True
2000,0.0,172,dml_pairs_boot,-0.024703584807771902,0.02405874121254469,-0.060522444737084284,0.021004053918158662,True
2000,0.0,173,naive_ml,0.007005989408723874,0.012993613921789233,-0.018461493877983022,0.03247347269543077,True
2000,0.0,173,dml_if,-0.016057348800475154,0.0219705413345663,-0.059119609816225105,0.027004912215274793,True
2000,0.0,173,dml_mult_boot,-0.016057348800475154,0.02177473558960084,-0.05910165415563884,0.025046549103415125,True
2000,0.0,173,dml_fixed_nuis_boot,-0.016057348800475154,0.02235329008599381,-0.06007090038922862,0.02601920347569201,True
2000,0.0,173,dml_pairs_boot,-0.016057348800475154,0.023296656304115784,-0.0561460202427602,0.02731116179929823,True
2000,0.0,174,naive_ml,0.006993242806109426,0.01323194362111807,-0.01894136669128199,0.03292785230350084,True
2000,0.0,174,dml_if,-0.0035595787517914606,0.022768102020899468,-0.04818505871275442,0.041065901209171495,True
2000,0.0,174,dml_mult_boot,-0.0035595787517914606,0.02314469989284959,-0.051548121750888354,0.037728701075004194,True
2000,0.0,174,dml_fixed_nuis_boot,-0.0035595787517914606,0.023619916800625414,-0.04971661273692616,0.04320010307896122,True
2000,0.0,174,dml_pairs_boot,-0.0035595787517914606,0.025524787941825857,-0.06067754094206874,0.03635226499158942,True
2000,0.0,175,naive_ml,0.010737687764601416,0.012547547306605884,-0.013855504956346115,0.03533088048554894,True
2000,0.0,175,dml_if,0.009935217721359222,0.020894824253976985,-0.031018637816435667,0.05088907325915411,True
2000,0.0,175,dml_mult_boot,0.009935217721359222,0.02226845319662093,-0.035597721198462814,0.055412191872257634,True
2000,0.0,175,dml_fixed_nuis_boot,0.009935217721359222,0.0213041437339484,-0.032756899789253786,0.05075170462966911,True
2000,0.0,175,dml_pairs_boot,0.009935217721359222,0.022202814789749982,-0.033856939761762815,0.0461750096750306,True
2000,0.0,176,naive_ml,0.006605411344131339,0.012228033299677015,-0.017361533923235608,0.030572356611498288,True
2000,0.0,176,dml_if,-0.01037283680732904,0.02050396788609669,-0.050560613864078556,0.029814940249420475,True
2000,0.0,176,dml_mult_boot,-0.01037283680732904,0.02085561073615669,-0.05158798868109761,0.026255645416858986,True
2000,0.0,176,dml_fixed_nuis_boot,-0.01037283680732904,0.01937659473292866,-0.04424713512214838,0.03142330500321192,True
2000,0.0,176,dml_pairs_boot,-0.01037283680732904,0.020302319949087103,-0.05558551926640571,0.025150978724602018,True
2000,0.0,177,naive_ml,0.037159598930411396,0.012995083031723302,0.011689236188233722,0.06262996167258907,False
2000,0.0,177,dml_if,0.0772934985846825,0.02195649672915409,0.03425876499554048,0.12032823217382452,False
2000,0.0,177,dml_mult_boot,0.0772934985846825,0.0211947226766165,0.034685713440420235,0.1179543911980625,False
2000,0.0,177,dml_fixed_nuis_boot,0.0772934985846825,0.021772277329477688,0.03678142172421132,0.12259989095163279,False
2000,0.0,177,dml_pairs_boot,0.0772934985846825,0.022988718020605616,0.04229950156200172,0.12008164157836572,False
2000,0.0,178,naive_ml,0.016927398222702325,0.012509734289968804,-0.007591680985636531,0.041446477431041184,True
2000,0.0,178,dml_if,0.022090962247108596,0.022719634770821014,-0.02243952190370059,0.06662144639791778,True
2000,0.0,178,dml_mult_boot,0.022090962247108596,0.022863189485805298,-0.024355893267488698,0.06643796726767726,True
2000,0.0,178,dml_fixed_nuis_boot,0.022090962247108596,0.02200517413635105,-0.019642272866381393,0.07038473334814381,True
2000,0.0,178,dml_pairs_boot,0.022090962247108596,0.02101536508705361,-0.020043101978453,0.06114889819459641,True
2000,0.0,179,naive_ml,0.0017077571967518699,0.013454108585961737,-0.024662295631733135,0.028077810025236873,True
2000,0.0,179,dml_if,-0.007334790458464047,0.023308022735251795,-0.05301851501955756,0.03834893410262947,True
2000,0.0,179,dml_mult_boot,-0.007334790458464047,0.023493499789798398,-0.05175819941743629,0.038730282690020344,True
2000,0.0,179,dml_fixed_nuis_boot,-0.007334790458464047,0.02375988158525172,-0.05386973106479863,0.03874507257207853,True
2000,0.0,179,dml_pairs_boot,-0.007334790458464047,0.024568331367847123,-0.05871715930872977,0.032820828505845764,True
2000,0.0,180,naive_ml,-0.0014004305706230282,0.012921293534163,-0.02672616589758251,0.023925304756336453,True
2000,0.0,180,dml_if,-0.029258288476679394,0.021907657283561522,-0.07219729675245998,0.013680719799101185,True
2000,0.0,180,dml_mult_boot,-0.029258288476679394,0.021474039058732772,-0.07555553731835245,0.008315968553659408,True
2000,0.0,180,dml_fixed_nuis_boot,-0.029258288476679394,0.02201110559987524,-0.0703291949906058,0.013769386690494883,True
2000,0.0,180,dml_pairs_boot,-0.029258288476679394,0.023801074462177156,-0.06593663877094157,0.012788963647454448,True
2000,0.0,181,naive_ml,0.009333878958578661,0.01260459327348651,-0.0153711238574549,0.03403888177461222,True
2000,0.0,181,dml_if,0.002974502595506398,0.021446744254764723,-0.03906111614383246,0.045010121334845256,True
2000,0.0,181,dml_mult_boot,0.002974502595506398,0.02182843203137254,-0.039741536953831674,0.04801242660734931,True
2000,0.0,181,dml_fixed_nuis_boot,0.002974502595506398,0.022993535970892365,-0.04301680651071101,0.04580368830813579,True
2000,0.0,181,dml_pairs_boot,0.002974502595506398,0.022784778494001207,-0.04268062043999872,0.04400106375994532,True
2000,0.0,182,naive_ml,0.0031496436378352912,0.013119769688521864,-0.022565104951667563,0.028864392227338147,True
2000,0.0,182,dml_if,-0.014355978732225752,0.02219596247190027,-0.057860065177150276,0.029148107712698774,True
2000,0.0,182,dml_mult_boot,-0.014355978732225752,0.022911331976006193,-0.056061698581598554,0.03203496245952408,True
2000,0.0,182,dml_fixed_nuis_boot,-0.014355978732225752,0.02227809023533404,-0.061764299417874834,0.027579419440914514,True
2000,0.0,182,dml_pairs_boot,-0.014355978732225752,0.023228165298081294,-0.053858816185785786,0.0350275026308631,True
2000,0.0,183,naive_ml,0.010343892854493445,0.013167314525452686,-0.01546404361539382,0.03615182932438071,True
2000,0.0,183,dml_if,0.010233109830774998,0.022811454372736937,-0.03447734073978939,0.054943560401339395,True
2000,0.0,183,dml_mult_boot,0.010233109830774998,0.021688102369138207,-0.03282093798676769,0.051510480263310086,True
2000,0.0,183,dml_fixed_nuis_boot,0.010233109830774998,0.023847167738042598,-0.03317638840655993,0.06028573494052556,True
2000,0.0,183,dml_pairs_boot,0.010233109830774998,0.02179222585556736,-0.02124080260131201,0.06033084029417549,True
2000,0.0,184,naive_ml,0.030289780855653353,0.01266733037759364,0.00546181331556982,0.05511774839573688,False
2000,0.0,184,dml_if,0.046118673253056776,0.02183603360051778,0.003320047396041928,0.08891729911007162,False
2000,0.0,184,dml_mult_boot,0.046118673253056776,0.021291627596756724,0.008954738836598846,0.09117126731231555,False
2000,0.0,184,dml_fixed_nuis_boot,0.046118673253056776,0.021636088537285797,0.002671136583629877,0.09085612517029526,False
2000,0.0,184,dml_pairs_boot,0.046118673253056776,0.021557125831208022,0.0036347660189703255,0.08123757300791722,False
2000,0.0,185,naive_ml,0.020177721977063925,0.013098662494647126,-0.005495656512444439,0.04585110046657229,True
2000,0.0,185,dml_if,0.036572138377705024,0.023264153096130516,-0.009025601690710788,0.08216987844612084,True
2000,0.0,185,dml_mult_boot,0.036572138377705024,0.023113762896544623,-0.009228387950184833,0.08423059759351559,True
2000,0.0,185,dml_fixed_nuis_boot,0.036572138377705024,0.02420612964084253,-0.009575989756985738,0.08462921388464188,True
2000,0.0,185,dml_pairs_boot,0.036572138377705024,0.023027331185854146,-0.0009729203953795423,0.08060569936573987,True
2000,0.0,186,naive_ml,0.013868315418296431,0.012980498019251085,-0.011573460699435694,0.03931009153602856,True
2000,0.0,186,dml_if,0.01091043824255518,0.022039109647070176,-0.03228621666570237,0.054107093150812725,True
2000,0.0,186,dml_mult_boot,0.01091043824255518,0.022882784843348426,-0.034119569401376046,0.05200620389576855,True
2000,0.0,186,dml_fixed_nuis_boot,0.01091043824255518,0.02121673937528722,-0.02961813792330178,0.049074232711019856,True
2000,0.0,186,dml_pairs_boot,0.01091043824255518,0.023863977448236953,-0.0335532364710337,0.0565213973128292,True
2000,0.0,187,naive_ml,0.0033093338151686255,0.013358026722154429,-0.022872398560254054,0.029491066190591303,True
2000,0.0,187,dml_if,-0.0057612630127089805,0.021928692038812272,-0.04874149940878104,0.03721897338336307,True
2000,0.0,187,dml_mult_boot,-0.0057612630127089805,0.020984124292584967,-0.04765784970434733,0.035492732682869836,True
2000,0.0,187,dml_fixed_nuis_boot,-0.0057612630127089805,0.023088570680376536,-0.05059800700317805,0.038860989004321264,True
2000,0.0,187,dml_pairs_boot,-0.0057612630127089805,0.025727417590842874,-0.059326994551240145,0.03719369122996515,True
2000,0.0,188,naive_ml,0.00726970805756174,0.01328628400060103,-0.01877140858361628,0.03331082469873976,True
2000,0.0,188,dml_if,9.722968562917096e-05,0.022424546778812744,-0.04385488200084381,0.044049341372102147,True
2000,0.0,188,dml_mult_boot,9.722968562917096e-05,0.02179288330417724,-0.04316360957936082,0.039372941441061064,True
2000,0.0,188,dml_fixed_nuis_boot,9.722968562917096e-05,0.023005168079555337,-0.048270765156050305,0.04265555037077351,True
2000,0.0,188,dml_pairs_boot,9.722968562917096e-05,0.023078343019069955,-0.04327839513379775,0.04015373474767211,True
2000,0.0,189,naive_ml,0.002921587258999055,0.013161721291777976,-0.022875386472885777,0.028718560990883886,True
2000,0.0,189,dml_if,-0.009665465967177921,0.022241660634736468,-0.0532591208112614,0.03392818887690556,True
2000,0.0,189,dml_mult_boot,-0.009665465967177921,0.02282147350071657,-0.05420347510486131,0.0311109212693904,True
2000,0.0,189,dml_fixed_nuis_boot,-0.009665465967177921,0.022304213229366186,-0.05572579027324768,0.036916997426270824,True
2000,0.0,189,dml_pairs_boot,-0.009665465967177921,0.01609788545549752,-0.04016525202522181,0.01926752220936537,True
2000,0.0,190,naive_ml,0.019044089509084122,0.012376249513314102,-0.005213359537011516,0.043301538555179764,True
2000,0.0,190,dml_if,0.024207112919742025,0.02126260369443295,-0.017467590321346555,0.06588181616083061,True
2000,0.0,190,dml_mult_boot,0.024207112919742025,0.0212088099686956,-0.019417089733468333,0.06473842370358977,True
2000,0.0,190,dml_fixed_nuis_boot,0.024207112919742025,0.021088578447600093,-0.01435277624249384,0.06725447966821091,True
2000,0.0,190,dml_pairs_boot,0.024207112919742025,0.021567550541753053,-0.014571252997207946,0.0711976861244533,True
2000,0.0,191,naive_ml,0.006663238803303318,0.012888728135509784,-0.018598668342295857,0.03192514594890249,True
2000,0.0,191,dml_if,0.004609347212786242,0.02187131882031898,-0.03825843767503896,0.04747713210061144,True
2000,0.0,191,dml_mult_boot,0.004609347212786242,0.021385020626913356,-0.03748383504166004,0.04821954719380952,True
2000,0.0,191,dml_fixed_nuis_boot,0.004609347212786242,0.020660567023539692,-0.036911238646290014,0.043421671042377694,True
2000,0.0,191,dml_pairs_boot,0.004609347212786242,0.020947332799423953,-0.0420044483642998,0.04153114197800281,True
2000,0.0,192,naive_ml,0.0042382298527352405,0.012783734254861671,-0.020817889286793637,0.029294348992264116,True
2000,0.0,192,dml_if,-0.004347320391277987,0.021969626667578866,-0.04740778865973256,0.03871314787717659,True
2000,0.0,192,dml_mult_boot,-0.004347320391277987,0.02226721215770645,-0.04864895018708368,0.04116529706443968,True
2000,0.0,192,dml_fixed_nuis_boot,-0.004347320391277987,0.023103759630577307,-0.049931745397269287,0.04007287593451053,True
2000,0.0,192,dml_pairs_boot,-0.004347320391277987,0.02466549827162982,-0.05403212045791131,0.03148727353412091,True
2000,0.0,193,naive_ml,0.009497827244544909,0.012697787528983867,-0.015389836312263469,0.03438549080135329,True
2000,0.0,193,dml_if,-0.001145452293662421,0.02189509395397527,-0.04405983644345395,0.041768931856129114,True
2000,0.0,193,dml_mult_boot,-0.001145452293662421,0.0214734108778323,-0.0424600231572015,0.041269528611801186,True
2000,0.0,193,dml_fixed_nuis_boot,-0.001145452293662421,0.02209482650510788,-0.043330159193180354,0.04405949983362667,True
2000,0.0,193,dml_pairs_boot,-0.001145452293662421,0.022671575935651257,-0.044288090814710024,0.04214773226584688,True
2000,0.0,194,naive_ml,0.008889967746717284,0.0132925374813459,-0.017163405716720682,0.03494334121015525,True
2000,0.0,194,dml_if,0.007290576066590655,0.02373857292803625,-0.039237026872360393,0.05381817900554171,True
2000,0.0,194,dml_mult_boot,0.007290576066590655,0.02271938743715716,-0.03660001892409051,0.054364781477070044,True
2000,0.0,194,dml_fixed_nuis_boot,0.007290576066590655,0.024839162987726145,-0.04229979836611123,0.05513097281808203,True
2000,0.0,194,dml_pairs_boot,0.007290576066590655,0.023960136079607876,-0.04682267210626868,0.04368176126057816,True
2000,0.0,195,naive_ml,-0.0033811711904157566,0.012959259604317158,-0.028781320014877383,0.022018977634045873,True
2000,0.0,195,dml_if,-0.02733871725583938,0.02230242314071744,-0.07105146661164556,0.0163740320999668,True
2000,0.0,195,dml_mult_boot,-0.02733871725583938,0.022332437877489324,-0.07044511873044092,0.018326414818606418,True
2000,0.0,195,dml_fixed_nuis_boot,-0.02733871725583938,0.021476442717578374,-0.0673779108828124,0.01453169967334896,True
2000,0.0,195,dml_pairs_boot,-0.02733871725583938,0.02120785999362833,-0.07091967253540572,0.00997674640709863,True
2000,0.0,196,naive_ml,0.0022015968629289008,0.012851380643958481,-0.02298710919922972,0.027390302925087526,True
2000,0.0,196,dml_if,-0.025709523736111562,0.023527322529655902,-0.07182307589423713,0.020404028422014008,True
2000,0.0,196,dml_mult_boot,-0.025709523736111562,0.0232096943085174,-0.07112952736770374,0.01888127142081857,True
2000,0.0,196,dml_fixed_nuis_boot,-0.025709523736111562,0.023050547311968848,-0.06988565372242724,0.01663017187781085,True
2000,0.0,196,dml_pairs_boot,-0.025709523736111562,0.02287576900938862,-0.06865955633954031,0.02219581749340151,True
2000,0.0,197,naive_ml,0.007284601161826673,0.013049679506466847,-0.01829277067084835,0.03286197299450169,True
2000,0.0,197,dml_if,-0.00034436414043150594,0.02289658973236263,-0.04522168001586226,0.04453295173499925,True
2000,0.0,197,dml_mult_boot,-0.00034436414043150594,0.022790303452186505,-0.04479170238362055,0.04552734182791434,True
2000,0.0,197,dml_fixed_nuis_boot,-0.00034436414043150594,0.024467369502425257,-0.04386938975569936,0.04468322836603513,True
2000,0.0,197,dml_pairs_boot,-0.00034436414043150594,0.022286792369699614,-0.05256037494106629,0.034365706339882944,True
2000,0.0,198,naive_ml,-0.006374488497735753,0.01250473672803651,-0.03088377248468731,0.018134795489215805,True
2000,0.0,198,dml_if,-0.029862796040591513,0.021889842804242395,-0.07276688793690661,0.013041295855723577,True
2000,0.0,198,dml_mult_boot,-0.029862796040591513,0.02234504206200312,-0.07576840326988811,0.01133739354761506,True
2000,0.0,198,dml_fixed_nuis_boot,-0.029862796040591513,0.021765644262633933,-0.06930235822200002,0.014666996315171323,True
2000,0.0,198,dml_pairs_boot,-0.029862796040591513,0.02341616157355124,-0.06748448774956042,0.021665922955033532,True
2000,0.0,199,naive_ml,0.0020688307641662153,0.013243213197475167,-0.02388786710288511,0.028025528631217544,True
2000,0.0,199,dml_if,-0.014493263096546626,0.022916458322083166,-0.05940952140782963,0.030422995214736383,True
2000,0.0,199,dml_mult_boot,-0.014493263096546626,0.022884169393519987,-0.05668045974235118,0.030207693910670703,True
2000,0.0,199,dml_fixed_nuis_boot,-0.014493263096546626,0.02265604905386435,-0.057236072760275945,0.0315827848387167,True
2000,0.0,199,dml_pairs_boot,-0.014493263096546626,0.0246172367952887,-0.04587765651453993,0.05225986410238063,True
2000,0.5,0,naive_ml,0.20193834778354672,0.013492268312370262,0.175493501891301,0.22838319367579243,False
2000,0.5,0,dml_if,0.4919340899723345,0.023110995314316197,0.44663653915627477,0.5372316407883942,True
2000,0.5,0,dml_mult_boot,0.4919340899723345,0.02290373187460415,0.4484088384079663,0.5368449339355236,True
2000,0.5,0,dml_fixed_nuis_boot,0.4919340899723345,0.022737562278539587,0.45167421233074906,0.5389195940969914,True
2000,0.5,0,dml_pairs_boot,0.4919340899723345,0.021856351051108804,0.45117724515845015,0.5350156502792177,True
2000,0.5,1,naive_ml,0.2271731885032449,0.014185849808491328,0.1993689228786019,0.2549774541278879,False
2000,0.5,1,dml_if,0.508293021409608,0.02215406463028135,0.46487105473425655,0.5517149880849594,True
2000,0.5,1,dml_mult_boot,0.508293021409608,0.02178386141770063,0.4679176990496729,0.5509602512552355,True
2000,0.5,1,dml_fixed_nuis_boot,0.508293021409608,0.021908996032668607,0.4629291992892249,0.5511215189905708,True
2000,0.5,1,dml_pairs_boot,0.508293021409608,0.022929061396608576,0.47784550647309937,0.5577738934690616,True
2000,0.5,2,naive_ml,0.21202811592915768,0.01419320774442219,0.1842094287500902,0.23984680310822518,False
2000,0.5,2,dml_if,0.48902935981584555,0.022734873258549827,0.4444690082290879,0.5335897114026033,True
2000,0.5,2,dml_mult_boot,0.48902935981584555,0.02313034102500736,0.443690407833059,0.5327636601483862,True
2000,0.5,2,dml_fixed_nuis_boot,0.48902935981584555,0.02365378624797527,0.44437613529466563,0.5330594372441569,True
2000,0.5,2,dml_pairs_boot,0.48902935981584555,0.022361080968598086,0.44358675486201116,0.5266123051521258,True
2000,0.5,3,naive_ml,0.22342073177121996,0.013642229608485693,0.196681961738588,0.25015950180385194,False
2000,0.5,3,dml_if,0.506038904192808,0.021812033370205576,0.463287318787205,0.5487904895984109,True
2000,0.5,3,dml_mult_boot,0.506038904192808,0.02298585539954355,0.46061945764433504,0.5497173871265801,True
2000,0.5,3,dml_fixed_nuis_boot,0.506038904192808,0.022241129712396463,0.4634725578035577,0.5508789231163782,True
2000,0.5,3,dml_pairs_boot,0.506038904192808,0.02412908012258089,0.4627732380765925,0.5445702217162933,True
2000,0.5,4,naive_ml,0.21759067276981614,0.01286672412191214,0.19237189349086836,0.24280945204876392,False
2000,0.5,4,dml_if,0.5217173821680774,0.021486587523631695,0.4796036706217593,0.5638310937143955,True
2000,0.5,4,dml_mult_boot,0.5217173821680774,0.021198023788852702,0.4745022748137203,0.5606069625836444,True
2000,0.5,4,dml_fixed_nuis_boot,0.5217173821680774,0.021988570666678846,0.47818369489494805,0.5625589687635777,True
2000,0.5,4,dml_pairs_boot,0.5217173821680774,0.020529782712475027,0.48668175538956926,0.5614933688495627,True
2000,0.5,5,naive_ml,0.209599028307745,0.013548918157833262,0.1830431487183918,0.23615490789709817,False
2000,0.5,5,dml_if,0.5235041274368889,0.022538997289890103,0.4793276927487043,0.5676805621250735,True
2000,0.5,5,dml_mult_boot,0.5235041274368889,0.022532821015807378,0.4803999473451247,0.5688925208464265,True
2000,0.5,5,dml_fixed_nuis_boot,0.5235041274368889,0.021334437870169125,0.48352776896480426,0.5637776733631875,True
2000,0.5,5,dml_pairs_boot,0.5235041274368889,0.022359446811476145,0.4756953320557972,0.5641820808955842,True
2000,0.5,6,naive_ml,0.20406953254805058,0.014143619146272494,0.17634803902135648,0.23179102607474467,False
2000,0.5,6,dml_if,0.4826692885416838,0.023120913312196217,0.4373522984497792,0.5279862786335884,True
2000,0.5,6,dml_mult_boot,0.4826692885416838,0.023392819332140036,0.4382954921904217,0.5323395453995756,True
2000,0.5,6,dml_fixed_nuis_boot,0.4826692885416838,0.02254407683018352,0.4403698160763946,0.5247274106562575,True
2000,0.5,6,dml_pairs_boot,0.4826692885416838,0.022785281731206895,0.43770117379899004,0.528387060849278,True
2000,0.5,7,naive_ml,0.20344750912454967,0.013483341623096376,0.17702015954328076,0.22987485870581859,False
2000,0.5,7,dml_if,0.4885762523866104,0.02267639489348898,0.444130518395372,0.5330219863778488,True
2000,0.5,7,dml_mult_boot,0.4885762523866104,0.022208211502419674,0.4442350834557662,0.532266413947258,True
2000,0.5,7,dml_fixed_nuis_boot,0.4885762523866104,0.022079614136608704,0.44580264314391144,0.5324252813040979,True
2000,0.5,7,dml_pairs_boot,0.4885762523866104,0.02348208058179243,0.44683290722520314,0.5344361828750811,True
2000,0.5,8,naive_ml,0.22192367904355315,0.013503140255146135,0.19545752414346673,0.24838983394363956,False
2000,0.5,8,dml_if,0.5066305681340555,0.021895245557300748,0.46371588684174603,0.549545249426365,True
2000,0.5,8,dml_mult_boot,0.5066305681340555,0.023031482933185934,0.46019520811345604,0.5506756679935355,True
2000,0.5,8,dml_fixed_nuis_boot,0.5066305681340555,0.021835932476077277,0.4612096578706095,0.5477470986475284,True
2000,0.5,8,dml_pairs_boot,0.5066305681340555,0.022748260340704204,0.4543571555266595,0.5391364708688082,True
2000,0.5,9,naive_ml,0.22286950457168272,0.014397809170967384,0.19464979859658665,0.2510892105467788,False
2000,0.5,9,dml_if,0.5353097870465734,0.024065404469055134,0.4881415942872253,0.5824779798059214,True
2000,0.5,9,dml_mult_boot,0.5353097870465734,0.024090777881028962,0.48893733876330525,0.5808696923605012,True
2000,0.5,9,dml_fixed_nuis_boot,0.5353097870465734,0.023839609026989637,0.4880249500034441,0.5813384081684793,True
2000,0.5,9,dml_pairs_boot,0.5353097870465734,0.022458612491159807,0.48918779544851454,0.5755681678147541,True
2000,0.5,10,naive_ml,0.2230368008313242,0.014359540757145038,0.19489210094731993,0.25118150071532847,False
2000,0.5,10,dml_if,0.4788620820511891,0.02215022115878676,0.43544764857996704,0.5222765155224112,True
2000,0.5,10,dml_mult_boot,0.4788620820511891,0.022012657308935712,0.4371561504065596,0.5194873228575535,True
2000,0.5,10,dml_fixed_nuis_boot,0.4788620820511891,0.021354457076232288,0.4386054894918442,0.5197490827155998,True
2000,0.5,10,dml_pairs_boot,0.4788620820511891,0.023588182668101414,0.4316697602615119,0.5207019365543721,True
2000,0.5,11,naive_ml,0.2235956830913502,0.013106789398858586,0.19790637586958737,0.24928499031311302,False
2000,0.5,11,dml_if,0.5170549326394094,0.021835073572574637,0.4742581884371631,0.5598516768416557,True
2000,0.5,11,dml_mult_boot,0.5170549326394094,0.022291730735212942,0.4740683685816898,0.5630595840999102,True
2000,0.5,11,dml_fixed_nuis_boot,0.5170549326394094,0.020964485178429405,0.47278761788080415,0.5554811195134411,True
2000,0.5,11,dml_pairs_boot,0.5170549326394094,0.020342058237082055,0.47518951926493125,0.5524953292847542,True
2000,0.5,12,naive_ml,0.1974132048523588,0.013759313230180429,0.17044495092120515,0.22438145878351246,False
2000,0.5,12,dml_if,0.4998346778782584,0.023038472860148432,0.4546792710723675,0.5449900846841493,True
2000,0.5,12,dml_mult_boot,0.4998346778782584,0.023442463454456,0.4544328501428433,0.5470755578892983,True
2000,0.5,12,dml_fixed_nuis_boot,0.4998346778782584,0.02312384860268878,0.45403155984038995,0.547076544064984,True
2000,0.5,12,dml_pairs_boot,0.4998346778782584,0.022352462454407383,0.45335158545113324,0.5436563898017618,True
2000,0.5,13,naive_ml,0.22230122663365112,0.013754078213393998,0.19534323333539888,0.24925921993190336,False
2000,0.5,13,dml_if,0.5031838104851569,0.02228844814799241,0.4594984521150918,0.5468691688552221,True
2000,0.5,13,dml_mult_boot,0.5031838104851569,0.02150148055454687,0.46014201567962276,0.545326663730354,True
2000,0.5,13,dml_fixed_nuis_boot,0.5031838104851569,0.023564632855737337,0.4567648494688271,0.5508365905256967,True
2000,0.5,13,dml_pairs_boot,0.5031838104851569,0.022236549966766318,0.4613416266838739,0.541640522613161,True
2000,0.5,14,naive_ml,0.2158338222086163,0.014617934294346692,0.18718267099169678,0.24448497342553582,False
2000,0.5,14,dml_if,0.4889037523498278,0.022701382690206023,0.444409042277024,0.5333984624226316,True
2000,0.5,14,dml_mult_boot,0.4889037523498278,0.023104480836129187,0.44034005826089595,0.5323526341941244,True
2000,0.5,14,dml_fixed_nuis_boot,0.4889037523498278,0.022965347163818185,0.44431108120097834,0.5315372398119388,True
2000,0.5,14,dml_pairs_boot,0.4889037523498278,0.02186250019146768,0.44295669401150606,0.5268663033741557,True
2000,0.5,15,naive_ml,0.21445679718721325,0.013751053796833512,0.18750473174541957,0.24140886262900693,False
2000,0.5,15,dml_if,0.5100263245893927,0.02215663569609514,0.4665993186250462,0.5534533305537391,True
2000,0.5,15,dml_mult_boot,0.5100263245893927,0.022092471873817212,0.46226369506523707,0.5506301805931718,True
2000,0.5,15,dml_fixed_nuis_boot,0.5100263245893927,0.021921158614538607,0.46616136719789614,0.5493423182332691,True
2000,0.5,15,dml_pairs_boot,0.5100263245893927,0.024456952795026635,0.45369444446973345,0.5509950437581416,True
2000,0.5,16,naive_ml,0.2180640743779747,0.013746337935579703,0.1911212520242385,0.24500689673171092,False
2000,0.5,16,dml_if,0.48719455011901397,0.02242991183677924,0.44323192291892666,0.5311571773191013,True
2000,0.5,16,dml_mult_boot,0.48719455011901397,0.022396445865663292,0.4442282241383659,0.5314314008137511,True
2000,0.5,16,dml_fixed_nuis_boot,0.48719455011901397,0.021675672529371692,0.43933244002674143,0.5276222288878717,True
2000,0.5,16,dml_pairs_boot,0.48719455011901397,0.022445003142625247,0.4456643108902176,0.5312809998744589,True
2000,0.5,17,naive_ml,0.21623719785275938,0.012608534243459799,0.19152447073557818,0.24094992496994058,False
2000,0.5,17,dml_if,0.5297437237238998,0.021053221107789063,0.4884794103526332,0.5710080370951663,True
2000,0.5,17,dml_mult_boot,0.5297437237238998,0.021329095946366113,0.48952778144463516,0.5718009342796793,True
2000,0.5,17,dml_fixed_nuis_boot,0.5297437237238998,0.021521475913442698,0.49020481373608643,0.5730428280579479,True
2000,0.5,17,dml_pairs_boot,0.5297437237238998,0.02056749026443598,0.48934672964522535,0.5693880269490049,True
2000,0.5,18,naive_ml,0.21547951263827944,0.013320561253569875,0.18937121258128248,0.2415878126952764,False
2000,0.5,18,dml_if,0.4925823390003615,0.02070478139759841,0.45200096746106866,0.5331637105396544,True
2000,0.5,18,dml_mult_boot,0.4925823390003615,0.021121862275791756,0.4484984712879935,0.5339731832807126,True
2000,0.5,18,dml_fixed_nuis_boot,0.4925823390003615,0.021783552452203325,0.44866688795322074,0.534267020855503,True
2000,0.5,18,dml_pairs_boot,0.4925823390003615,0.020038421273067604,0.4595279493957681,0.5352693642308664,True
2000,0.5,19,naive_ml,0.22091825051328767,0.014785032464522955,0.19193958688282267,0.24989691414375267,False
2000,0.5,19,dml_if,0.5192879058126917,0.024191224027033296,0.47187310671970645,0.566702704905677,True
2000,0.5,19,dml_mult_boot,0.5192879058126917,0.026044651650106374,0.4679373618423887,0.5717112437353271,True
2000,0.5,19,dml_fixed_nuis_boot,0.5192879058126917,0.024173641184562052,0.47282566047549385,0.5668241245939508,True
2000,0.5,19,dml_pairs_boot,0.5192879058126917,0.02372555505886893,0.4751920978689254,0.5584448283448984,True
2000,0.5,20,naive_ml,0.20988663101831362,0.01321875545399652,0.18397787032848045,0.23579539170814678,False
2000,0.5,20,dml_if,0.5169256320835244,0.02251014831553739,0.4728057413850711,0.5610455227819776,True
2000,0.5,20,dml_mult_boot,0.5169256320835244,0.022305643162658928,0.47224127698971413,0.5579492121838042,True
2000,0.5,20,dml_fixed_nuis_boot,0.5169256320835244,0.0231610069809676,0.4738980801239049,0.5644857300468222,True
2000,0.5,20,dml_pairs_boot,0.5169256320835244,0.02305821502044992,0.4777550252584522,0.5664945235977155,True
2000,0.5,21,naive_ml,0.1993536319792011,0.012946625543398118,0.1739782459141408,0.22472901804426143,False
2000,0.5,21,dml_if,0.42648785375915743,0.0209585540601242,0.385409087801314,0.46756661971700086,False
2000,0.5,21,dml_mult_boot,0.42648785375915743,0.02013668395202544,0.3855475179141053,0.46538009630671867,False
2000,0.5,21,dml_fixed_nuis_boot,0.42648785375915743,0.0214084035206895,0.3842221406851659,0.4664856730047388,False
2000,0.5,21,dml_pairs_boot,0.42648785375915743,0.020820139104491115,0.3782859523601489,0.45885787929176186,False
2000,0.5,22,naive_ml,0.21391775943740574,0.013574454409153013,0.18731182879546582,0.24052369007934565,False
2000,0.5,22,dml_if,0.4713668663207387,0.021435305366269718,0.42935366780285006,0.5133800648386273,True
2000,0.5,22,dml_mult_boot,0.4713668663207387,0.0211615922934916,0.4340782019618367,0.5123605363056309,True
2000,0.5,22,dml_fixed_nuis_boot,0.4713668663207387,0.02152594421410667,0.43025663751647897,0.5163347518063536,True
2000,0.5,22,dml_pairs_boot,0.4713668663207387,0.018912239663369402,0.4312220213771586,0.5092701915513885,True
2000,0.5,23,naive_ml,0.21602828194848028,0.01372340360808065,0.1891304108766422,0.24292615302031836,False
2000,0.5,23,dml_if,0.5039787352900112,0.02268848891278192,0.45950929702095866,0.5484481735590638,True
2000,0.5,23,dml_mult_boot,0.5039787352900112,0.023197809881902256,0.45853042273770106,0.5493667026627823,True
2000,0.5,23,dml_fixed_nuis_boot,0.5039787352900112,0.02110097884023937,0.4618961862070439,0.5470073036161667,True
2000,0.5,23,dml_pairs_boot,0.5039787352900112,0.026009533467345556,0.45945014799272005,0.5588169419111845,True
2000,0.5,24,naive_ml,0.21552478146043866,0.013882156071937164,0.18831575555944183,0.2427338073614355,False
2000,0.5,24,dml_if,0.5053534840820215,0.022416526347935284,0.46141709244006834,0.5492898757239747,True
2000,0.5,24,dml_mult_boot,0.5053534840820215,0.02252123222790764,0.46109186890739706,0.5473410323637292,True
2000,0.5,24,dml_fixed_nuis_boot,0.5053534840820215,0.022830976359657716,0.4628469414232323,0.5459404439750326,True
2000,0.5,24,dml_pairs_boot,0.5053534840820215,0.02204880806504165,0.46788241886571574,0.5527397999253092,True
2000,0.5,25,naive_ml,0.22437856137416587,0.013445261694122294,0.19802584845368618,0.2507312742946456,False
2000,0.5,25,dml_if,0.5139798524884908,0.022258016779212565,0.4703541396012341,0.5576055653757473,True
2000,0.5,25,dml_mult_boot,0.5139798524884908,0.02209744589059949,0.470318399599882,0.5570518185882909,True
2000,0.5,25,dml_fixed_nuis_boot,0.5139798524884908,0.022437806960466187,0.47225247732313114,0.5549005699886894,True
2000,0.5,25,dml_pairs_boot,0.5139798524884908,0.02331146343942782,0.4786989058785434,0.5585951748778675,True
2000,0.5,26,naive_ml,0.21179770049915944,0.013271028256810648,0.18578648511581058,0.2378089158825083,False
2000,0.5,26,dml_if,0.4985869085350955,0.022355594609656148,0.4547699431001695,0.5424038739700215,True
2000,0.5,26,dml_mult_boot,0.4985869085350955,0.021761127498077418,0.45176106506926755,0.5392523800115475,True
2000,0.5,26,dml_fixed_nuis_boot,0.4985869085350955,0.022033359605905967,0.4585537118332459,0.5417283664840353,True
2000,0.5,26,dml_pairs_boot,0.4985869085350955,0.0207551843659845,0.45088715135109947,0.5398261089639901,True
2000,0.5,27,naive_ml,0.19797989988206596,0.014217589585749205,0.1701134242939975,0.22584637547013442,False
2000,0.5,27,dml_if,0.46074468213671366,0.02421009497083063,0.41329289599388563,0.5081964682795417,True
2000,0.5,27,dml_mult_boot,0.46074468213671366,0.023401629492715417,0.4169895917541659,0.5053498700453865,True
2000,0.5,27,dml_fixed_nuis_boot,0.46074468213671366,0.02412549222771557,0.41124617815529463,0.5091182372011116,True
2000,0.5,27,dml_pairs_boot,0.46074468213671366,0.024640010723014066,0.40654246173878195,0.5126761031039866,True
2000,0.5,28,naive_ml,0.2231235093578025,0.013782569165553569,0.1961096737933175,0.2501373449222875,False
2000,0.5,28,dml_if,0.5098664148646673,0.022272323089468995,0.4662126616093081,0.5535201681200266,True
2000,0.5,28,dml_mult_boot,0.5098664148646673,0.021438981431358514,0.4699793358492419,0.5507417872208866,True
2000,0.5,28,dml_fixed_nuis_boot,0.5098664148646673,0.022255035069275734,0.46862985289781695,0.553555338120991,True
2000,0.5,28,dml_pairs_boot,0.5098664148646673,0.022256212029487705,0.46092565356492027,0.5537665044332721,True
2000,0.5,29,naive_ml,0.21408227279052447,0.013086046970525518,0.18843362072829445,0.2397309248527545,False
2000,0.5,29,dml_if,0.49892531161638487,0.021137642721228166,0.4574955318827777,0.540355091349992,True
2000,0.5,29,dml_mult_boot,0.49892531161638487,0.02058487823785505,0.4591745216016064,0.5365305858989637,True
2000,0.5,29,dml_fixed_nuis_boot,0.49892531161638487,0.020586234476165085,0.45917690778550846,0.5366767077542354,True
2000,0.5,29,dml_pairs_boot,0.49892531161638487,0.022626557007609557,0.45386873286606016,0.5428539984463016,True
2000,0.5,30,naive_ml,0.22012692524434407,0.014202403291613177,0.19229021479278224,0.2479636356959059,False
2000,0.5,30,dml_if,0.5280697410801545,0.022545815819961134,0.48387994207303064,0.5722595400872783,True
2000,0.5,30,dml_mult_boot,0.5280697410801545,0.021367542406693564,0.4839296368382485,0.567626747583162,True
2000,0.5,30,dml_fixed_nuis_boot,0.5280697410801545,0.023110657378319095,0.47790498790677033,0.569376164084313,True
2000,0.5,30,dml_pairs_boot,0.5280697410801545,0.021002892688207313,0.4878567079371466,0.5650652670641629,True
2000,0.5,31,naive_ml,0.20463201300415454,0.01381291583563396,0.177558697966312,0.2317053280419971,False
2000,0.5,31,dml_if,0.49561819385862654,0.02347385537544981,0.44960943732274494,0.5416269503945081,True
2000,0.5,31,dml_mult_boot,0.49561819385862654,0.02312400693546728,0.45050276753331897,0.5387355699090622,True
2000,0.5,31,dml_fixed_nuis_boot,0.49561819385862654,0.02346993647645604,0.45124015460380795,0.539658771302399,True
2000,0.5,31,dml_pairs_boot,0.49561819385862654,0.023969293331120637,0.45293476759826556,0.550437568529346,True
2000,0.5,32,naive_ml,0.21010953954334843,0.013916485891023442,0.18283322719694248,0.2373858518897544,False
2000,0.5,32,dml_if,0.5075052901811641,0.02273563247832731,0.46294345052364255,0.5520671298386857,True
2000,0.5,32,dml_mult_boot,0.5075052901811641,0.02226363292918934,0.46918049332746126,0.5521619133611622,True
2000,0.5,32,dml_fixed_nuis_boot,0.5075052901811641,0.02270462328996723,0.46353242506963344,0.5535702667195462,True
2000,0.5,32,dml_pairs_boot,0.5075052901811641,0.023784967946950685,0.46558635515164287,0.5538315584302231,True
2000,0.5,33,naive_ml,0.21626471783225026,0.01303741058463689,0.19071139308636195,0.24181804257813858,False
2000,0.5,33,dml_if,0.5118808046390941,0.022522192513702254,0.4677373073122377,0.5560243019659505,True
2000,0.5,33,dml_mult_boot,0.5118808046390941,0.02180937990152031,0.46855797904635293,0.5525860040030828,True
2000,0.5,33,dml_fixed_nuis_boot,0.5118808046390941,0.02123721563832715,0.4698830894873473,0.5514393291578912,True
2000,0.5,33,dml_pairs_boot,0.5118808046390941,0.023956460819399002,0.4666606156377247,0.5562095539896409,True
2000,0.5,34,naive_ml,0.20708668652708792,0.012849191255817969,0.1819022716656847,0.23227110138849114,False
2000,0.5,34,dml_if,0.5149000333545406,0.02204320127904046,0.4716953588476213,0.5581047078614599,True
2000,0.5,34,dml_mult_boot,0.5149000333545406,0.021231789252809642,0.4725210484096067,0.5559457944866971,True
2000,0.5,34,dml_fixed_nuis_boot,0.5149000333545406,0.022590392813912633,0.470907036148413,0.5541382687786658,True
2000,0.5,34,dml_pairs_boot,0.5149000333545406,0.022204753063710083,0.48314874198059365,0.5598350807768038,True
2000,0.5,35,naive_ml,0.2128477552545554,0.013698446202529144,0.18599880069759828,0.23969670981151253,False
2000,0.5,35,dml_if,0.5017566209606293,0.022409280865266924,0.4578344304647062,0.5456788114565525,True
2000,0.5,35,dml_mult_boot,0.5017566209606293,0.022300560836453414,0.4552961044136422,0.5428472892409125,True
2000,0.5,35,dml_fixed_nuis_boot,0.5017566209606293,0.023020773206217045,0.4575174637347837,0.5463138290790105,True
2000,0.5,35,dml_pairs_boot,0.5017566209606293,0.02348081223980717,0.4597263927090662,0.5440059226698781,True
2000,0.5,36,naive_ml,0.23202439497339583,0.013659765930007783,0.20525125375058056,0.2587975361962111,False
2000,0.5,36,dml_if,0.5417620762486097,0.02256997473885311,0.49752492576045765,0.5859992267367619,True
2000,0.5,36,dml_mult_boot,0.5417620762486097,0.022333641472454476,0.49917773983898944,0.5850522175907493,True
2000,0.5,36,dml_fixed_nuis_boot,0.5417620762486097,0.02286001361462318,0.4954242392547801,0.5853828713602194,True
2000,0.5,36,dml_pairs_boot,0.5417620762486097,0.022104288705225277,0.5076442784291888,0.5868895605443211,False
2000,0.5,37,naive_ml,0.2121515855959736,0.013329907024122869,0.1860249678286928,0.23827820336325442,False
2000,0.5,37,dml_if,0.5032296989134377,0.021507816034136585,0.46107437948653,0.5453850183403455,True
2000,0.5,37,dml_mult_boot,0.5032296989134377,0.02189979311713814,0.4632552163905965,0.5456261683740807,True
2000,0.5,37,dml_fixed_nuis_boot,0.5032296989134377,0.022698633729107714,0.458391773197854,0.5454669825991417,True
2000,0.5,37,dml_pairs_boot,0.5032296989134377,0.022912148361688832,0.4567550638934031,0.5466515152352517,True
2000,0.5,38,naive_ml,0.20473425745678517,0.014356253617678196,0.1765960003661359,0.23287251454743443,False
2000,0.5,38,dml_if,0.4754215022042288,0.02299115293143926,0.43035884245860784,0.5204841619498497,True
2000,0.5,38,dml_mult_boot,0.4754215022042288,0.02221481209919178,0.4325243351682209,0.5195723020101111,True
2000,0.5,38,dml_fixed_nuis_boot,0.4754215022042288,0.0214240736664796,0.4303409994758131,0.5209610245510664,True
2000,0.5,38,dml_pairs_boot,0.4754215022042288,0.024169019110484264,0.4301057576803695,0.5234901597582267,True
2000,0.5,39,naive_ml,0.22273205028831136,0.013311199094510137,0.19664210006307148,0.24882200051355124,False
2000,0.5,39,dml_if,0.5059708543076402,0.021904489736456336,0.4630380544241858,0.5489036541910947,True
2000,0.5,39,dml_mult_boot,0.5059708543076402,0.02174475021194372,0.4628116331354486,0.5472319702078305,True
2000,0.5,39,dml_fixed_nuis_boot,0.5059708543076402,0.021232270065214737,0.4621841059889921,0.5438796940285856,True
2000,0.5,39,dml_pairs_boot,0.5059708543076402,0.02147223519062545,0.46248510736815607,0.542517245600473,True
2000,0.5,40,naive_ml,0.22124717169464872,0.013456050114516607,0.19487331347019618,0.24762102991910126,False
2000,0.5,40,dml_if,0.5014500232093394,0.021529134721466173,0.4592529191552657,0.5436471272634131,True
2000,0.5,40,dml_mult_boot,0.5014500232093394,0.02210274869847391,0.46422536043353757,0.5480494019232198,True
2000,0.5,40,dml_fixed_nuis_boot,0.5014500232093394,0.02089567561081432,0.46121267350229644,0.541501897989286,True
2000,0.5,40,dml_pairs_boot,0.5014500232093394,0.024247004593552803,0.459113121436504,0.549454308499447,True
2000,0.5,41,naive_ml,0.22719220492530942,0.013722211972051326,0.2002966694600888,0.25408774039053,False
2000,0.5,41,dml_if,0.5317253806771925,0.021855555716702012,0.4888884914724566,0.5745622698819285,True
2000,0.5,41,dml_mult_boot,0.5317253806771925,0.02178878554704172,0.4887762089016971,0.5754512866104494,True
2000,0.5,41,dml_fixed_nuis_boot,0.5317253806771925,0.02187946941655576,0.4888630846433077,0.574964385396006,True
2000,0.5,41,dml_pairs_boot,0.5317253806771925,0.024252959604667657,0.48480778892887216,0.5733208520831231,True
2000,0.5,42,naive_ml,0.22586625317063755,0.013545171518412261,0.19931771699454953,0.25241478934672557,False
2000,0.5,42,dml_if,0.5274484536250772,0.020948018737025894,0.4863903369005064,0.5685065703496479,True
2000,0.5,42,dml_mult_boot,0.5274484536250772,0.021901153457640547,0.4855832385328849,0.5710250790685029,True
2000,0.5,42,dml_fixed_nuis_boot,0.5274484536250772,0.02084265702675805,0.48938174215769403,0.5692910982588657,True
2000,0.5,42,dml_pairs_boot,0.5274484536250772,0.019700444059889684,0.4937977867900409,0.5627113556992923,True
2000,0.5,43,naive_ml,0.2013697429034369,0.01319407245958095,0.17550936088265823,0.22723012492421557,False
2000,0.5,43,dml_if,0.48638351127825913,0.022605948137442,0.4420758529288728,0.5306911696276454,True
2000,0.5,43,dml_mult_boot,0.48638351127825913,0.022010929687432526,0.44391623534872937,0.5289203493887188,True
2000,0.5,43,dml_fixed_nuis_boot,0.48638351127825913,0.02354615170597852,0.4379341065052264,0.5299106806042722,True
2000,0.5,43,dml_pairs_boot,0.48638351127825913,0.02390632596331292,0.4326232388052471,0.5249387663228895,True
2000,0.5,44,naive_ml,0.20623465284890802,0.013051215281371856,0.18065427089741917,0.23181503480039686,False
2000,0.5,44,dml_if,0.49388322193771045,0.02198404517572138,0.4507944933932965,0.5369719504821243,True
2000,0.5,44,dml_mult_boot,0.49388322193771045,0.021740560845859718,0.4543193880754659,0.5357831096055088,True
2000,0.5,44,dml_fixed_nuis_boot,0.49388322193771045,0.022175005273598305,0.45258020695380097,0.5384237144966909,True
2000,0.5,44,dml_pairs_boot,0.49388322193771045,0.02031656818489654,0.4553808174678788,0.5354328416650653,True
2000,0.5,45,naive_ml,0.21088890047719408,0.014076917836423017,0.18329814151780496,0.2384796594365832,False
2000,0.5,45,dml_if,0.47400216338947176,0.022631896915904608,0.4296436454342987,0.5183606813446447,True
2000,0.5,45,dml_mult_boot,0.47400216338947176,0.023252867773329713,0.4309545833963511,0.5179089510308544,True
2000,0.5,45,dml_fixed_nuis_boot,0.47400216338947176,0.023061782127186632,0.4307282403318603,0.519180268587735,True
2000,0.5,45,dml_pairs_boot,0.47400216338947176,0.02475657121291192,0.4343525541811697,0.5252551220623164,True
2000,0.5,46,naive_ml,0.21903920291534865,0.013250631062640152,0.19306796603257395,0.24501043979812334,False
2000,0.5,46,dml_if,0.4947245090442563,0.021804629404680337,0.4519874354110828,0.5374615826774297,True
2000,0.5,46,dml_mult_boot,0.4947245090442563,0.021369311207880298,0.45075253105220775,0.53701991539979,True
2000,0.5,46,dml_fixed_nuis_boot,0.4947245090442563,0.022115811096349317,0.4533825170550294,0.5379546523433034,True
2000,0.5,46,dml_pairs_boot,0.4947245090442563,0.025124772056863174,0.448548692247485,0.5400910226695055,True
2000,0.5,47,naive_ml,0.21233526425253005,0.013580412636767486,0.18571765548446578,0.23895287302059431,False
2000,0.5,47,dml_if,0.5212546585468675,0.02268386458150674,0.47679428396711426,0.5657150331266206,True
2000,0.5,47,dml_mult_boot,0.5212546585468675,0.02213991431020033,0.4792042648659174,0.5620847829985459,True
2000,0.5,47,dml_fixed_nuis_boot,0.5212546585468675,0.02216507018939455,0.4774487105547351,0.5651595815772006,True
2000,0.5,47,dml_pairs_boot,0.5212546585468675,0.022797161214367596,0.4843812230304723,0.5690136861142265,True
2000,0.5,48,naive_ml,0.21165596755134028,0.01350187309209537,0.18519229629083336,0.2381196388118472,False
2000,0.5,48,dml_if,0.5151839644792935,0.022037632938668044,0.47199020391950414,0.5583777250390829,True
2000,0.5,48,dml_mult_boot,0.5151839644792935,0.022399201188657146,0.4747956448264114,0.5615054497570665,True
2000,0.5,48,dml_fixed_nuis_boot,0.5151839644792935,0.023726289655912357,0.4659873856148122,0.5569260773279494,True
2000,0.5,48,dml_pairs_boot,0.5151839644792935,0.02144501178713511,0.463878359115169,0.5422738904635858,True
2000,0.5,49,naive_ml,0.22413330153314096,0.014614417905953012,0.19548904243747306,0.25277756062880885,False
2000,0.5,49,dml_if,0.5074333051607139,0.023626052040714836,0.4611262431609129,0.553740367160515,True
2000,0.5,49,dml_mult_boot,0.5074333051607139,0.02350148694371988,0.4666229170530213,0.5540976283302833,True
2000,0.5,49,dml_fixed_nuis_boot,0.5074333051607139,0.023947856585995814,0.45587615554133887,0.552002588307141,True
2000,0.5,49,dml_pairs_boot,0.5074333051607139,0.025066398190432243,0.45954402910769704,0.5552951673052007,True
2000,0.5,50,naive_ml,0.21260190803066428,0.013176292710345474,0.18677637431838714,0.23842744174294142,False
2000,0.5,50,dml_if,0.5175453131189497,0.022489496768851043,0.4734658994520016,0.5616247267858977,True
2000,0.5,50,dml_mult_boot,0.5175453131189497,0.024246078494008637,0.46656185349424323,0.5632848335694104,True
2000,0.5,50,dml_fixed_nuis_boot,0.5175453131189497,0.023893093624954356,0.4655163257608732,0.5604251248177953,True
2000,0.5,50,dml_pairs_boot,0.5175453131189497,0.020022815857901617,0.47566552387840105,0.5441957196043817,True
2000,0.5,51,naive_ml,0.20420902323092172,0.013646925837993974,0.17746104858845352,0.2309569978733899,False
2000,0.5,51,dml_if,0.47873900961305677,0.02285305592755585,0.4339470199950473,0.5235309992310663,True
2000,0.5,51,dml_mult_boot,0.47873900961305677,0.023379649146126176,0.4335503033457382,0.529108952973111,True
2000,0.5,51,dml_fixed_nuis_boot,0.47873900961305677,0.02250223613274366,0.4354887532181085,0.5225108918053895,True
2000,0.5,51,dml_pairs_boot,0.47873900961305677,0.022988586385481742,0.4369240293583994,0.5280452149740635,True
2000,0.5,52,naive_ml,0.21985164605665683,0.013089320701511746,0.1941965774816938,0.24550671463161985,False
2000,0.5,52,dml_if,0.5124155661351961,0.0223392410714573,0.4686306536351398,0.5562004786352525,True
2000,0.5,52,dml_mult_boot,0.5124155661351961,0.02032571094653299,0.4725385262442597,0.5532330151091489,True
2000,0.5,52,dml_fixed_nuis_boot,0.5124155661351961,0.02310637594916678,0.4699545216983954,0.5546889948185967,True
2000,0.5,52,dml_pairs_boot,0.5124155661351961,0.024119952449461184,0.4622620939379468,0.5615860481120175,True
2000,0.5,53,naive_ml,0.20636228837237847,0.014215082175576271,0.17850072730824898,0.23422384943650795,False
2000,0.5,53,dml_if,0.4720669372251709,0.023846135405014852,0.4253285118313418,0.518805362619,True
2000,0.5,53,dml_mult_boot,0.4720669372251709,0.02278121708028869,0.43221441680742473,0.5167330125720281,True
2000,0.5,53,dml_fixed_nuis_boot,0.4720669372251709,0.02460038118133053,0.42522263367948965,0.5196925291578989,True
2000,0.5,53,dml_pairs_boot,0.4720669372251709,0.021701440916706047,0.43048746475434563,0.511031493728553,True
2000,0.5,54,naive_ml,0.23312308284668526,0.01352872378215512,0.20660678423366122,0.2596393814597093,False
2000,0.5,54,dml_if,0.5277918924485232,0.022127345629369008,0.4844222950149599,0.5711614898820865,True
2000,0.5,54,dml_mult_boot,0.5277918924485232,0.023164973613052208,0.480491124295643,0.5726239476208413,True
2000,0.5,54,dml_fixed_nuis_boot,0.5277918924485232,0.021834980439850202,0.4851386484085605,0.5707277061625939,True
2000,0.5,54,dml_pairs_boot,0.5277918924485232,0.02055427812192879,0.49345426810936344,0.5767498580824838,True
2000,0.5,55,naive_ml,0.22843133634385196,0.01366395844562844,0.2016499777904202,0.2552126948972837,False
2000,0.5,55,dml_if,0.5203917396936234,0.022062427649480434,0.47714938150064173,0.563634097886605,True
2000,0.5,55,dml_mult_boot,0.5203917396936234,0.02204416556003298,0.47845214663620755,0.5628608172465258,True
2000,0.5,55,dml_fixed_nuis_boot,0.5203917396936234,0.021110060503156787,0.4786441264692747,0.5598129662547402,True
2000,0.5,55,dml_pairs_boot,0.5203917396936234,0.02188923810436138,0.48030041291241354,0.5660159241007383,True
2000,0.5,56,naive_ml,0.22589003170734434,0.013382201755942845,0.19966091626569638,0.2521191471489923,False
2000,0.5,56,dml_if,0.5529641519680322,0.02188686558074124,0.5100658954297793,0.595862408506285,False
2000,0.5,56,dml_mult_boot,0.5529641519680322,0.021806482072676638,0.5073631618402769,0.5917480809294268,False
2000,0.5,56,dml_fixed_nuis_boot,0.5529641519680322,0.019028251102369408,0.5133879371583013,0.5901592225325624,False
2000,0.5,56,dml_pairs_boot,0.5529641519680322,0.02156400026517244,0.5119735287675989,0.5957637790838665,False
2000,0.5,57,naive_ml,0.21290391314718662,0.013992243905871244,0.185479115091679,0.24032871120269425,False
2000,0.5,57,dml_if,0.4796913794572117,0.023046057906922535,0.4345211059596435,0.5248616529547798,True
2000,0.5,57,dml_mult_boot,0.4796913794572117,0.023473243786896993,0.43540910311311304,0.5254194698824314,True
2000,0.5,57,dml_fixed_nuis_boot,0.4796913794572117,0.022807142947397576,0.4350404612386341,0.5212813736510925,True
2000,0.5,57,dml_pairs_boot,0.4796913794572117,0.027282668225036503,0.42283478540728686,0.5317171930768443,True
2000,0.5,58,naive_ml,0.24069753537129177,0.013861628019818906,0.2135287444524467,0.26786632629013685,False
2000,0.5,58,dml_if,0.556427474250548,0.021875564035298934,0.513551368741362,0.5993035797597339,False
2000,0.5,58,dml_mult_boot,0.556427474250548,0.021600416327738587,0.5135167246408867,0.595704273310981,False
2000,0.5,58,dml_fixed_nuis_boot,0.556427474250548,0.02118801753986667,0.5166363455520282,0.5984238869017914,False
2000,0.5,58,dml_pairs_boot,0.556427474250548,0.020796096197544692,0.515307793445549,0.5901063757102405,False
2000,0.5,59,naive_ml,0.21362476429031724,0.013512390908994544,0.18714047810868795,0.24010905047194653,False
2000,0.5,59,dml_if,0.5186774591783613,0.022539093269093934,0.47450083637093715,0.5628540819857853,True
2000,0.5,59,dml_mult_boot,0.5186774591783613,0.02171518651492006,0.4780489866514239,0.5614860813623319,True
2000,0.5,59,dml_fixed_nuis_boot,0.5186774591783613,0.02128798008469577,0.47935253780688325,0.5644811756584777,True
2000,0.5,59,dml_pairs_boot,0.5186774591783613,0.02110327476797135,0.47503745247565343,0.5525704602428692,True
2000,0.5,60,naive_ml,0.21127639243415455,0.013395257794632834,0.1850216871566742,0.23753109771163491,False
2000,0.5,60,dml_if,0.5069328269429652,0.022730811532101124,0.46238043634004694,0.5514852175458833,True
2000,0.5,60,dml_mult_boot,0.5069328269429652,0.023095241241817773,0.461888786018798,0.551560937973568,True
2000,0.5,60,dml_fixed_nuis_boot,0.5069328269429652,0.023637776021642416,0.4555112990548589,0.5476525530996469,True
2000,0.5,60,dml_pairs_boot,0.5069328269429652,0.023557493003705375,0.4603388306944599,0.5441866394090383,True
2000,0.5,61,naive_ml,0.21022921949606868,0.013666619276856513,0.1834426457134299,0.23701579327870745,False
2000,0.5,61,dml_if,0.505985401239179,0.022913354513480803,0.46107522639275667,0.5508955760856014,True
2000,0.5,61,dml_mult_boot,0.505985401239179,0.02288273736367929,0.46275745245871325,0.5491418809127058,True
2000,0.5,61,dml_fixed_nuis_boot,0.505985401239179,0.023927608212005652,0.4563635835926679,0.5499576103296812,True
2000,0.5,61,dml_pairs_boot,0.505985401239179,0.023654198967339238,0.46533748742036407,0.5548753266810336,True
2000,0.5,62,naive_ml,0.2077860008960066,0.013338918746466723,0.1816417201529318,0.2339302816390814,False
2000,0.5,62,dml_if,0.49817023129278637,0.021930664789243888,0.45518612830586835,0.5411543342797044,True
2000,0.5,62,dml_mult_boot,0.49817023129278637,0.022287509770171604,0.4533340899163062,0.5388495512310317,True
2000,0.5,62,dml_fixed_nuis_boot,0.49817023129278637,0.02141054446346401,0.4576304577565439,0.5415382686820979,True
2000,0.5,62,dml_pairs_boot,0.49817023129278637,0.02240010573742947,0.4598956283057411,0.5370851815818705,True
2000,0.5,63,naive_ml,0.2262713387359609,0.01342950468629059,0.19994950955083135,0.25259316792109043,False
2000,0.5,63,dml_if,0.5114283244382898,0.021549876474911866,0.46919056654746255,0.5536660823291171,True
2000,0.5,63,dml_mult_boot,0.5114283244382898,0.022170303233781382,0.4639313809164852,0.5522874040999382,True
2000,0.5,63,dml_fixed_nuis_boot,0.5114283244382898,0.021606048223345,0.4679772129476138,0.552256632445977,True
2000,0.5,63,dml_pairs_boot,0.5114283244382898,0.02199997686374436,0.4698642321885233,0.5496306194398942,True
2000,0.5,64,naive_ml,0.22889952661865934,0.014097155211755,0.20126910240361953,0.2565299508336991,False
2000,0.5,64,dml_if,0.5274028926937919,0.02282773115627102,0.4826605396275007,0.5721452457600831,True
2000,0.5,64,dml_mult_boot,0.5274028926937919,0.022641511640842733,0.4826674738781704,0.5697672561755908,True
2000,0.5,64,dml_fixed_nuis_boot,0.5274028926937919,0.021677110386843893,0.4855693200152991,0.5716359311450498,True
2000,0.5,64,dml_pairs_boot,0.5274028926937919,0.021116491309141845,0.4803557519503577,0.5710620581083029,True
2000,0.5,65,naive_ml,0.22065877607950735,0.013965178066241831,0.19328702706967335,0.24803052508934134,False
2000,0.5,65,dml_if,0.5017084934200297,0.021223290886506704,0.46011084328247653,0.5433061435575828,True
2000,0.5,65,dml_mult_boot,0.5017084934200297,0.019916691289849464,0.46318063223159645,0.5393221667632841,True
2000,0.5,65,dml_fixed_nuis_boot,0.5017084934200297,0.02085903281207674,0.45810849802788733,0.5391679297319618,True
2000,0.5,65,dml_pairs_boot,0.5017084934200297,0.020729490106934558,0.4659411168611288,0.5431724724059079,True
2000,0.5,66,naive_ml,0.24400472313564364,0.013988348136722367,0.2165875607876678,0.27142188548361945,False
2000,0.5,66,dml_if,0.5580992315716585,0.02166839721181676,0.5156291730364977,0.6005692901068194,False
2000,0.5,66,dml_mult_boot,0.5580992315716585,0.0226652178880202,0.5127623710338727,0.6014864918797503,False
2000,0.5,66,dml_fixed_nuis_boot,0.5580992315716585,0.021725510449731356,0.5160088425393637,0.6029931400984003,False
2000,0.5,66,dml_pairs_boot,0.5580992315716585,0.023535995220770968,0.5232474393692549,0.6122302837553814,False
2000,0.5,67,naive_ml,0.2138808770940146,0.013781620575131265,0.18686890076675733,0.24089285342127187,False
2000,0.5,67,dml_if,0.5002466333069917,0.023266932061044764,0.45464344646734395,0.5458498201466394,True
2000,0.5,67,dml_mult_boot,0.5002466333069917,0.02186916347121989,0.454179960571936,0.543391054849655,True
2000,0.5,67,dml_fixed_nuis_boot,0.5002466333069917,0.02244632342269365,0.4586076118914168,0.5437428340652395,True
2000,0.5,67,dml_pairs_boot,0.5002466333069917,0.02340040148742002,0.45752882215483964,0.5461162274658813,True
2000,0.5,68,naive_ml,0.2003778093433729,0.01374341609131991,0.1734407138043859,0.22731490488235992,False
2000,0.5,68,dml_if,0.48632175319077,0.02326024521201981,0.4407316725752112,0.5319118338063288,True
2000,0.5,68,dml_mult_boot,0.48632175319077,0.023908276085587286,0.43921276599967946,0.5323817605578173,True
2000,0.5,68,dml_fixed_nuis_boot,0.48632175319077,0.02361731106383424,0.44103858650096034,0.5332299427481333,True
2000,0.5,68,dml_pairs_boot,0.48632175319077,0.023210118889563734,0.453030051113915,0.5464795643491965,True
2000,0.5,69,naive_ml,0.20873424140257454,0.013484500095000995,0.1823046212163726,0.2351638615887765,False
2000,0.5,69,dml_if,0.46252092903108816,0.0220374041785347,0.41932761684116016,0.5057142412210162,True
2000,0.5,69,dml_mult_boot,0.46252092903108816,0.021109880518714926,0.4209663438183313,0.5025614999452268,True
2000,0.5,69,dml_fixed_nuis_boot,0.46252092903108816,0.022602089837796192,0.4163877465592132,0.5067124395186999,True
2000,0.5,69,dml_pairs_boot,0.46252092903108816,0.024771262089660413,0.4132761633588378,0.5111038517248677,True
2000,0.5,70,naive_ml,0.21488486764124579,0.013503684131035245,0.18841764674441672,0.24135208853807485,False
2000,0.5,70,dml_if,0.5197113187685523,0.022507464618034247,0.4755966881172051,0.5638259494198994,True
2000,0.5,70,dml_mult_boot,0.5197113187685523,0.023134164926914384,0.4716345407594888,0.5618157522856371,True
2000,0.5,70,dml_fixed_nuis_boot,0.5197113187685523,0.02111348952819581,0.4777874501002979,0.5587878746281543,True
2000,0.5,70,dml_pairs_boot,0.5197113187685523,0.02153605479604414,0.4799662288012481,0.5674883419104388,True
2000,0.5,71,naive_ml,0.21559561221050808,0.013220436958588044,0.1896835557716755,0.24150766864934065,False
2000,0.5,71,dml_if,0.49559866734071056,0.021922296756443332,0.45263096569808164,0.5385663689833395,True
2000,0.5,71,dml_mult_boot,0.49559866734071056,0.020646982327494418,0.45663634427629124,0.5359218013830126,True
2000,0.5,71,dml_fixed_nuis_boot,0.49559866734071056,0.023340529766552424,0.45131023280805105,0.5432740288542421,True
2000,0.5,71,dml_pairs_boot,0.49559866734071056,0.021393493328638904,0.4588417787151575,0.5411504680997403,True
2000,0.5,72,naive_ml,0.20534551061459277,0.013124418282379043,0.17962165078112985,0.2310693704480557,False
2000,0.5,72,dml_if,0.4855458389209344,0.02162960914411564,0.44315180499846774,0.527939872843401,True
2000,0.5,72,dml_mult_boot,0.4855458389209344,0.022245695840585146,0.4416882551342336,0.5283531911140513,True
2000,0.5,72,dml_fixed_nuis_boot,0.4855458389209344,0.020868254553663545,0.4458070093421335,0.5251513409878069,True
2000,0.5,72,dml_pairs_boot,0.4855458389209344,0.025346052178649384,0.44443901621097986,0.5379772204609051,True
2000,0.5,73,naive_ml,0.20027581914577836,0.01330959920459927,0.17418900470476378,0.22636263358679293,False
2000,0.5,73,dml_if,0.48241534576445516,0.022351127387192166,0.4386071360855585,0.5262235554433518,True
2000,0.5,73,dml_mult_boot,0.48241534576445516,0.022111012637769694,0.4414700350591786,0.5247626251845272,True
2000,0.5,73,dml_fixed_nuis_boot,0.48241534576445516,0.02158053334490568,0.436331262525637,0.5208409682138413,True
2000,0.5,73,dml_pairs_boot,0.48241534576445516,0.02103014532889439,0.44225057308750876,0.5226606524271344,True
2000,0.5,74,naive_ml,0.21477709435344816,0.013221649050149638,0.18886266221515488,0.24069152649174144,False
2000,0.5,74,dml_if,0.4898759635904031,0.022998253596286915,0.4447993865416807,0.5349525406391255,True
2000,0.5,74,dml_mult_boot,0.4898759635904031,0.024023250481503007,0.44477041380472876,0.5398614954441707,True
2000,0.5,74,dml_fixed_nuis_boot,0.4898759635904031,0.02210291461319127,0.44644744879369963,0.5327826296572549,True
2000,0.5,74,dml_pairs_boot,0.4898759635904031,0.02364848966802913,0.4458844871484695,0.5356760750046204,True
2000,0.5,75,naive_ml,0.19202023268254387,0.013143369175998263,0.16625922909758728,0.21778123626750046,False
2000,0.5,75,dml_if,0.47953945911894524,0.022707378411838047,0.4350329974317427,0.5240459208061479,True
2000,0.5,75,dml_mult_boot,0.47953945911894524,0.021776627449631342,0.4387451816545894,0.5261182705212278,True
2000,0.5,75,dml_fixed_nuis_boot,0.47953945911894524,0.021171838290717625,0.43953380475220927,0.5188932618378916,True
2000,0.5,75,dml_pairs_boot,0.47953945911894524,0.021833272991275524,0.4442132312002396,0.5258611827405226,True
2000,0.5,76,naive_ml,0.21394726809758371,0.013678738729813834,0.1871369401871486,0.24075759600801883,False
2000,0.5,76,dml_if,0.4838265874766424,0.021824014915604487,0.4410515182420576,0.5266016567112273,True
2000,0.5,76,dml_mult_boot,0.4838265874766424,0.02122584890792564,0.44297347714398466,0.5242282020743066,True
2000,0.5,76,dml_fixed_nuis_boot,0.4838265874766424,0.023411831142514883,0.43859584072466873,0.5294236146195233,True
2000,0.5,76,dml_pairs_boot,0.4838265874766424,0.02104782690957379,0.43985197421948047,0.5158887139478029,True
2000,0.5,77,naive_ml,0.21437126675099602,0.013694408658813904,0.18753022577972078,0.24121230772227126,False
2000,0.5,77,dml_if,0.5147389897608576,0.02353560640307086,0.46860920121083877,0.5608687783108766,True
2000,0.5,77,dml_mult_boot,0.5147389897608576,0.023712041122705356,0.4707322298395249,0.5608603517654063,True
2000,0.5,77,dml_fixed_nuis_boot,0.5147389897608576,0.02410566797888588,0.46783511112747467,0.5564959203551201,True
2000,0.5,77,dml_pairs_boot,0.5147389897608576,0.021242038709235016,0.47676099475510575,0.5578359672603145,True
2000,0.5,78,naive_ml,0.21235580779591892,0.013548929115558366,0.18579990672942454,0.2389117088624133,False
2000,0.5,78,dml_if,0.4902861842171797,0.022890508920135815,0.4454207867337135,0.5351515817006459,True
2000,0.5,78,dml_mult_boot,0.4902861842171797,0.022971704540332163,0.44616646574064006,0.5376793753612775,True
2000,0.5,78,dml_fixed_nuis_boot,0.4902861842171797,0.023396772988687524,0.4408098640316568,0.5360086317958709,True
2000,0.5,78,dml_pairs_boot,0.4902861842171797,0.021503394016718507,0.4494210846167243,0.5259274048479479,True
2000,0.5,79,naive_ml,0.2040943451156572,0.012809763110966946,0.17898720941816199,0.2292014808131524,False
2000,0.5,79,dml_if,0.4992211570776939,0.02159019117756226,0.45690438236967185,0.5415379317857159,True
2000,0.5,79,dml_mult_boot,0.4992211570776939,0.02158128243537219,0.4549226249471855,0.5407763627501848,True
2000,0.5,79,dml_fixed_nuis_boot,0.4992211570776939,0.020996384647499436,0.454773961015186,0.5393217878082545,True
2000,0.5,79,dml_pairs_boot,0.4992211570776939,0.0226757846074409,0.4564321545623056,0.5374492649835865,True
2000,0.5,80,naive_ml,0.21435138672342668,0.014531054093809156,0.18587052069956073,0.24283225274729264,False
2000,0.5,80,dml_if,0.4726560616835355,0.02318639563083992,0.4272107262470893,0.5181013971199817,True
2000,0.5,80,dml_mult_boot,0.4726560616835355,0.022254055199787494,0.42732067134856444,0.5107935185584628,True
2000,0.5,80,dml_fixed_nuis_boot,0.4726560616835355,0.022564971986720587,0.43173930453242404,0.5159174047286,True
2000,0.5,80,dml_pairs_boot,0.4726560616835355,0.022700558885960797,0.4318130572613668,0.5144751281143086,True
2000,0.5,81,naive_ml,0.20794409083547705,0.013727975860799508,0.18103725814831,0.23485092352264408,False
2000,0.5,81,dml_if,0.4992179202867083,0.022414801421223082,0.45528490950111106,0.5431509310723055,True
2000,0.5,81,dml_mult_boot,0.4992179202867083,0.022796214889127336,0.4587120523819705,0.5466867107508159,True
2000,0.5,81,dml_fixed_nuis_boot,0.4992179202867083,0.022643110649569944,0.4529868325368613,0.5463861694681779,True
2000,0.5,81,dml_pairs_boot,0.4992179202867083,0.021231478765691005,0.45414881105682336,0.5365367163244684,True
2000,0.5,82,naive_ml,0.22771568185034374,0.013121531041601816,0.20199748100880419,0.2534338826918833,False
2000,0.5,82,dml_if,0.530432062706667,0.021230914640056706,0.48881947001215587,0.5720446554011781,True
2000,0.5,82,dml_mult_boot,0.530432062706667,0.021016262105744848,0.48833735234304376,0.5709143045257851,True
2000,0.5,82,dml_fixed_nuis_boot,0.530432062706667,0.020987816799009643,0.49094356265558886,0.5680850591281247,True
2000,0.5,82,dml_pairs_boot,0.530432062706667,0.020434362318558334,0.49101455628306373,0.5665260407203389,True
2000,0.5,83,naive_ml,0.20426205537165962,0.014014407418000271,0.17679381683237907,0.23173029391094016,False
2000,0.5,83,dml_if,0.484474718315465,0.02289184380151548,0.4396067044644947,0.5293427321664353,True
2000,0.5,83,dml_mult_boot,0.484474718315465,0.023375229823513775,0.44048093419630346,0.5314160372469843,True
2000,0.5,83,dml_fixed_nuis_boot,0.484474718315465,0.02282511859058758,0.44199218271591995,0.5280741874821449,True
2000,0.5,83,dml_pairs_boot,0.484474718315465,0.02350152567034116,0.4331315357640577,0.5268254131088826,True
2000,0.5,84,naive_ml,0.19934936551550617,0.013959971677957657,0.17198782102670915,0.22671091000430318,False
2000,0.5,84,dml_if,0.45881915914040416,0.022906845372763777,0.41392174220978717,0.5037165760710212,True
2000,0.5,84,dml_mult_boot,0.45881915914040416,0.022291497179585402,0.41197910265296717,0.5009611682410184,True
2000,0.5,84,dml_fixed_nuis_boot,0.45881915914040416,0.02286852350052836,0.4149504968915773,0.5033089610378084,True
2000,0.5,84,dml_pairs_boot,0.45881915914040416,0.022123292962880278,0.4174198479338571,0.4973070860972851,False
2000,0.5,85,naive_ml,0.20503700633670308,0.013112777297619116,0.1793359628333696,0.23073804984003654,False
2000,0.5,85,dml_if,0.47737218078978355,0.022142750353436148,0.4339723900970487,0.5207719714825184,True
2000,0.5,85,dml_mult_boot,0.47737218078978355,0.021796484346554013,0.43376150601286007,0.5218528624944271,True
2000,0.5,85,dml_fixed_nuis_boot,0.47737218078978355,0.022888030131765814,0.43310980920128256,0.5228806456217618,True
2000,0.5,85,dml_pairs_boot,0.47737218078978355,0.0224815091451641,0.4351053868743377,0.526633499059657,True
2000,0.5,86,naive_ml,0.1965448033592304,0.013319448811014841,0.17043868368964132,0.2226509230288195,False
2000,0.5,86,dml_if,0.48454002953053504,0.022353996238515465,0.4407261969030447,0.5283538621580254,True
2000,0.5,86,dml_mult_boot,0.48454002953053504,0.02257705829440819,0.44232355605931933,0.5307815820313956,True
2000,0.5,86,dml_fixed_nuis_boot,0.48454002953053504,0.020834090125704308,0.44440068850096237,0.5266763259009376,True
2000,0.5,86,dml_pairs_boot,0.48454002953053504,0.02266210959578871,0.4411692175931727,0.530797096705174,True
2000,0.5,87,naive_ml,0.20046397848760394,0.01308401537380124,0.17481930835495352,0.22610864862025437,False
2000,0.5,87,dml_if,0.499373227236287,0.022675331310486792,0.4549295778677329,0.5438168766048411,True
2000,0.5,87,dml_mult_boot,0.499373227236287,0.023833450949457304,0.4530269213757125,0.548024290938733,True
2000,0.5,87,dml_fixed_nuis_boot,0.499373227236287,0.023653062705971187,0.4477337861219067,0.5400237475477759,True
2000,0.5,87,dml_pairs_boot,0.499373227236287,0.023121431841259688,0.4525973708493385,0.5441410328781189,True
2000,0.5,88,naive_ml,0.21603906650454563,0.012965914363061099,0.19062587435294587,0.2414522586561454,False
2000,0.5,88,dml_if,0.5191393868495409,0.022140051315249692,0.47574488627165146,0.5625338874274303,True
2000,0.5,88,dml_mult_boot,0.5191393868495409,0.022047754117936014,0.4746233615604753,0.5623009591010527,True
2000,0.5,88,dml_fixed_nuis_boot,0.5191393868495409,0.02154958868276053,0.4741700937625468,0.5615441470342595,True
2000,0.5,88,dml_pairs_boot,0.5191393868495409,0.022676088123969235,0.4719058633365797,0.5607695281300867,True
2000,0.5,89,naive_ml,0.23441850864031902,0.013933241631273116,0.20710935504302372,0.26172766223761434,False
2000,0.5,89,dml_if,0.5353281091728161,0.022900555532695765,0.49044302032873244,0.5802131980168999,True
2000,0.5,89,dml_mult_boot,0.5353281091728161,0.02223435971930292,0.4929992793048755,0.5790771437518208,True
2000,0.5,89,dml_fixed_nuis_boot,0.5353281091728161,0.022410638198636656,0.49089594245421997,0.5808087103122449,True
2000,0.5,89,dml_pairs_boot,0.5353281091728161,0.024091691965926393,0.4915683874475589,0.5772377763845769,True
2000,0.5,90,naive_ml,0.21209742085529995,0.012958753167148986,0.18669826464768793,0.23749657706291197,False
2000,0.5,90,dml_if,0.5343237992082861,0.02230259063778341,0.4906107215582306,0.5780368768583416,True
2000,0.5,90,dml_mult_boot,0.5343237992082861,0.021761651693249326,0.49058127440421423,0.5810168911822123,True
2000,0.5,90,dml_fixed_nuis_boot,0.5343237992082861,0.023382005268339487,0.4908279370699778,0.5829929630514464,True
2000,0.5,90,dml_pairs_boot,0.5343237992082861,0.024497891663977835,0.4852149141214263,0.5888083582122062,True
2000,0.5,91,naive_ml,0.22693070383194697,0.013631490440045751,0.2002129825694573,0.25364842509443664,False
2000,0.5,91,dml_if,0.5583772621243691,0.02229167233025914,0.5146855843570612,0.602068939891677,False
2000,0.5,91,dml_mult_boot,0.5583772621243691,0.022275422155937558,0.5125738991411282,0.6004390337989606,False
2000,0.5,91,dml_fixed_nuis_boot,0.5583772621243691,0.022272177956305136,0.5134618455075087,0.6042809607452264,False
2000,0.5,91,dml_pairs_boot,0.5583772621243691,0.024234540715681985,0.5156049839632199,0.6059150758578602,False
2000,0.5,92,naive_ml,0.2176594347267221,0.013563475450685265,0.191075022843379,0.24424384661006524,False
2000,0.5,92,dml_if,0.532045546817623,0.022369959326694555,0.4882004265373016,0.5758906670979442,True
2000,0.5,92,dml_mult_boot,0.532045546817623,0.02335172294003122,0.48946316190173766,0.5762530519170102,True
2000,0.5,92,dml_fixed_nuis_boot,0.532045546817623,0.022008372695599982,0.48989020642320424,0.5745530932711097,True
2000,0.5,92,dml_pairs_boot,0.532045546817623,0.021916818698897136,0.48733096016448046,0.5669631876981709,True
2000,0.5,93,naive_ml,0.19412166707756384,0.013150639684493884,0.16834641329595584,0.21989692085917184,False
2000,0.5,93,dml_if,0.46293007512003975,0.02222473422626911,0.4193695960365523,0.5064905542035272,True
2000,0.5,93,dml_mult_boot,0.46293007512003975,0.023315106960991296,0.4169763627083081,0.5071683008319972,True
2000,0.5,93,dml_fixed_nuis_boot,0.46293007512003975,0.021898000452489044,0.4208596587870874,0.5068234673555926,True
2000,0.5,93,dml_pairs_boot,0.46293007512003975,0.022315377190521773,0.419410861202299,0.5026373910140502,True
2000,0.5,94,naive_ml,0.20781460629744367,0.013533743421739682,0.18128846919083388,0.23434074340405345,False
2000,0.5,94,dml_if,0.5122850583523355,0.0228533047554535,0.46749258103164665,0.5570775356730244,True
2000,0.5,94,dml_mult_boot,0.5122850583523355,0.023243753850627075,0.46364835788658215,0.5552421202292512,True
2000,0.5,94,dml_fixed_nuis_boot,0.5122850583523355,0.022759979501557805,0.47010797899899376,0.5561139330692964,True
2000,0.5,94,dml_pairs_boot,0.5122850583523355,0.025832260901255268,0.4557385560522677,0.5552840478666496,True
2000,0.5,95,naive_ml,0.2161931182075409,0.013515888043884058,0.18970197764152813,0.24268425877355365,False
2000,0.5,95,dml_if,0.499286757869584,0.021589723747131723,0.4569708993252058,0.5416026164139621,True
2000,0.5,95,dml_mult_boot,0.499286757869584,0.022149613096914475,0.4569711582454919,0.540818196353005,True
2000,0.5,95,dml_fixed_nuis_boot,0.499286757869584,0.02243144255774846,0.45418401564708116,0.5450440088751686,True
2000,0.5,95,dml_pairs_boot,0.499286757869584,0.020915150495335603,0.4632002860966039,0.5396742899240282,True
2000,0.5,96,naive_ml,0.20395850069804666,0.0129197977058218,0.17863569719463593,0.2292813042014574,False
2000,0.5,96,dml_if,0.4892308536009428,0.021735278427566923,0.4466297078829117,0.531831999318974,True
2000,0.5,96,dml_mult_boot,0.4892308536009428,0.021045000464339856,0.44419336023740447,0.5292430424998016,True
2000,0.5,96,dml_fixed_nuis_boot,0.4892308536009428,0.021151065406940305,0.4460485619909646,0.5295560370223463,True
2000,0.5,96,dml_pairs_boot,0.4892308536009428,0.023992198836770583,0.44181208081065193,0.5336704894753688,True
2000,0.5,97,naive_ml,0.21020883058207612,0.01407485943649715,0.18262210608654172,0.23779555507761052,False
2000,0.5,97,dml_if,0.4899516984457722,0.023300487798229956,0.4442827423612415,0.5356206545303029,True
2000,0.5,97,dml_mult_boot,0.4899516984457722,0.023928200733731045,0.4473685904020014,0.5369028831759843,True
2000,0.5,97,dml_fixed_nuis_boot,0.4899516984457722,0.023603712745931173,0.4424434799089548,0.5330082129322242,True
2000,0.5,97,dml_pairs_boot,0.4899516984457722,0.023264837019621516,0.45328232842915234,0.5418356997658073,True
2000,0.5,98,naive_ml,0.22318290847390934,0.014266775876362265,0.1952200277562393,0.25114578919157937,False
2000,0.5,98,dml_if,0.5173027350091018,0.023236855780337386,0.47175849767964056,0.5628469723385631,True
2000,0.5,98,dml_mult_boot,0.5173027350091018,0.022957483766077483,0.47187470513894986,0.5587119721044423,True
2000,0.5,98,dml_fixed_nuis_boot,0.5173027350091018,0.023221249973393632,0.4690703035189184,0.5627202904710447,True
2000,0.5,98,dml_pairs_boot,0.5173027350091018,0.024396541297787868,0.47102830662695183,0.5640457001512731,True
2000,0.5,99,naive_ml,0.2419408977220972,0.014100793329188037,0.21430334279688865,0.26957845264730573,False
2000,0.5,99,dml_if,0.5500253158440898,0.022995535129769294,0.504954066989742,0.5950965646984375,False
2000,0.5,99,dml_mult_boot,0.5500253158440898,0.023384639593113477,0.504759834900116,0.59633709402377,False
2000,0.5,99,dml_fixed_nuis_boot,0.5500253158440898,0.022957097643946815,0.5073107903278851,0.5960680666437955,False
2000,0.5,99,dml_pairs_boot,0.5500253158440898,0.02278429415005454,0.5107433553827642,0.5868555026398035,False
2000,0.5,100,naive_ml,0.2111239407872408,0.013809354301107864,0.1840576063570694,0.23819027521741223,False
2000,0.5,100,dml_if,0.50784866999216,0.02297428439561202,0.46281907257676047,0.5528782674075596,True
2000,0.5,100,dml_mult_boot,0.50784866999216,0.02265382598858476,0.46122308177507276,0.5518039898984296,True
2000,0.5,100,dml_fixed_nuis_boot,0.50784866999216,0.022602251562606212,0.4640167107497821,0.5515810045489906,True
2000,0.5,100,dml_pairs_boot,0.50784866999216,0.025670228425260636,0.4622940422566884,0.5542197866010519,True
2000,0.5,101,naive_ml,0.21440581745858484,0.013254879852662774,0.1884262529473658,0.24038538196980386,False
2000,0.5,101,dml_if,0.5021598128422503,0.021711625909258615,0.45960502606010345,0.5447145996243972,True
2000,0.5,101,dml_mult_boot,0.5021598128422503,0.022774569330395227,0.45923448129578204,0.5479071626577541,True
2000,0.5,101,dml_fixed_nuis_boot,0.5021598128422503,0.022530463155504613,0.45813391353795896,0.5478886561736148,True
2000,0.5,101,dml_pairs_boot,0.5021598128422503,0.020217205949062282,0.461254229614023,0.539871586995421,True
2000,0.5,102,naive_ml,0.23340204610219117,0.013547367082912966,0.20684920661968176,0.2599548855847006,False
2000,0.5,102,dml_if,0.5394475079590013,0.02196627860102258,0.4963936019009971,0.5825014140170056,True
2000,0.5,102,dml_mult_boot,0.5394475079590013,0.022192972801164303,0.4955290243084316,0.5799076050216208,True
2000,0.5,102,dml_fixed_nuis_boot,0.5394475079590013,0.023275895076283446,0.49644832613952866,0.5893990721039218,True
2000,0.5,102,dml_pairs_boot,0.5394475079590013,0.024216155977158118,0.4948623763586545,0.5806417671982734,True
2000,0.5,103,naive_ml,0.19434462458736126,0.012878940030805128,0.16910190212698323,0.2195873470477393,False
2000,0.5,103,dml_if,0.46643689407921096,0.021202684151420667,0.42487963314242644,0.5079941550159954,True
2000,0.5,103,dml_mult_boot,0.46643689407921096,0.020975706231652146,0.41673187276912166,0.5038275714886152,True
2000,0.5,103,dml_fixed_nuis_boot,0.46643689407921096,0.021096005182558202,0.423700201687464,0.5064638304660611,True
2000,0.5,103,dml_pairs_boot,0.46643689407921096,0.02192875515771146,0.42998043528465896,0.5083450866890377,True
2000,0.5,104,naive_ml,0.21510916755155127,0.013784063264324017,0.1880924035534762,0.24212593154962633,False
2000,0.5,104,dml_if,0.510630238867033,0.021859072677057202,0.46778645642000083,0.5534740213140651,True
2000,0.5,104,dml_mult_boot,0.510630238867033,0.022666293967107804,0.4703416755931042,0.5578782221727075,True
2000,0.5,104,dml_fixed_nuis_boot,0.510630238867033,0.021493291690654632,0.4708702421734706,0.5519466079365026,True
2000,0.5,104,dml_pairs_boot,0.510630238867033,0.02202944228387357,0.4716344648615453,0.5543016625595409,True
2000,0.5,105,naive_ml,0.20533036780751854,0.013685336016543637,0.178507109215093,0.23215362639994408,False
2000,0.5,105,dml_if,0.47047371984691455,0.022749814744877667,0.42588408294695435,0.5150633567468748,True
2000,0.5,105,dml_mult_boot,0.47047371984691455,0.02227714450529408,0.4265427286699461,0.51437910638255,True
2000,0.5,105,dml_fixed_nuis_boot,0.47047371984691455,0.023137507692897286,0.4281764810824913,0.5172827135659746,True
2000,0.5,105,dml_pairs_boot,0.47047371984691455,0.02446713571249571,0.4242474165481027,0.5171689160759373,True
2000,0.5,106,naive_ml,0.19308951833166363,0.01318953634821415,0.1672380270891639,0.21894100957416335,False
2000,0.5,106,dml_if,0.4822020424342862,0.021912064462409415,0.4392543960879638,0.5251496887806086,True
2000,0.5,106,dml_mult_boot,0.4822020424342862,0.020809722295801768,0.44109934686987123,0.5212268878655847,True
2000,0.5,106,dml_fixed_nuis_boot,0.4822020424342862,0.021857556152498205,0.4368526216342066,0.5240791988711915,True
2000,0.5,106,dml_pairs_boot,0.4822020424342862,0.02008901586229189,0.4489703371123304,0.5301490233597456,True
2000,0.5,107,naive_ml,0.1961247047048573,0.013278135945912458,0.17009955825086887,0.22214985115884572,False
2000,0.5,107,dml_if,0.4699306265694493,0.02144555608601256,0.42789733664086466,0.5119639164980339,True
2000,0.5,107,dml_mult_boot,0.4699306265694493,0.021837462176835503,0.4264480101970582,0.5130765118085377,True
2000,0.5,107,dml_fixed_nuis_boot,0.4699306265694493,0.020472931828024527,0.4310847855003881,0.5081469124297961,True
2000,0.5,107,dml_pairs_boot,0.4699306265694493,0.022614937578392138,0.4324834336626056,0.5128183681934286,True
2000,0.5,108,naive_ml,0.2272086239622765,0.013628031284571854,0.20049768264451567,0.25391956528003734,False
2000,0.5,108,dml_if,0.5397899809690018,0.021937155856790257,0.4967931554896929,0.5827868064483107,True
2000,0.5,108,dml_mult_boot,0.5397899809690018,0.022316350943865075,0.4963003319267064,0.5812733765582563,True
2000,0.5,108,dml_fixed_nuis_boot,0.5397899809690018,0.022803901575184044,0.4958180631553411,0.5832432694456949,True
2000,0.5,108,dml_pairs_boot,0.5397899809690018,0.023772439526829926,0.49269363813076505,0.580501299030227,True
2000,0.5,109,naive_ml,0.22048356999462326,0.013799735860442057,0.19343608770815685,0.24753105228108968,False
2000,0.5,109,dml_if,0.5150750248327665,0.021808240277214147,0.47233087388942674,0.5578191757761062,True
2000,0.5,109,dml_mult_boot,0.5150750248327665,0.02287925912832529,0.4723420117416972,0.5637710436867741,True
2000,0.5,109,dml_fixed_nuis_boot,0.5150750248327665,0.02194885381892805,0.4698947241912735,0.5558823991570799,True
2000,0.5,109,dml_pairs_boot,0.5150750248327665,0.023155880060273762,0.4631559943948072,0.5501123727170308,True
2000,0.5,110,naive_ml,0.2426027178230571,0.013553187062410139,0.21603847118073322,0.26916696446538096,False
2000,0.5,110,dml_if,0.5436907267745298,0.022475010510822797,0.4996397061733171,0.5877417473757425,True
2000,0.5,110,dml_mult_boot,0.5436907267745298,0.022299678253930498,0.5021963669527156,0.5885689221826624,False
2000,0.5,110,dml_fixed_nuis_boot,0.5436907267745298,0.022998527333257444,0.4972289865788929,0.5887555724180974,True
2000,0.5,110,dml_pairs_boot,0.5436907267745298,0.022047953568899988,0.5055676866629009,0.5815059170555377,False
2000,0.5,111,naive_ml,0.22042186987898585,0.01332458970058823,0.19430567406583293,0.24653806569213876,False
2000,0.5,111,dml_if,0.520053317412058,0.02222958598208427,0.47648332888717276,0.5636233059369431,True
2000,0.5,111,dml_mult_boot,0.520053317412058,0.022765413293058995,0.472367538940908,0.564611865994827,True
2000,0.5,111,dml_fixed_nuis_boot,0.520053317412058,0.023394547635800317,0.4753752795000722,0.5657817248882311,True
2000,0.5,111,dml_pairs_boot,0.520053317412058,0.02500837957457955,0.4688821428211003,0.5645508594340574,True
2000,0.5,112,naive_ml,0.2222540225100022,0.013587406358318168,0.1956227060476986,0.2488853389723058,False
2000,0.5,112,dml_if,0.5227676803233768,0.02294274347301443,0.4777999031162686,0.5677354575304852,True
2000,0.5,112,dml_mult_boot,0.5227676803233768,0.02231858891911926,0.4795498612881701,0.5671192150101042,True
2000,0.5,112,dml_fixed_nuis_boot,0.5227676803233768,0.02316606288060011,0.47931594233346597,0.5663951972993663,True
2000,0.5,112,dml_pairs_boot,0.5227676803233768,0.027213772335098942,0.4770640025501223,0.5801478790442267,True
2000,0.5,113,naive_ml,0.21116738847899125,0.013331699083084455,0.18503725827614573,0.23729751868183677,False
2000,0.5,113,dml_if,0.5213971866413186,0.02097574460389597,0.4802847272176825,0.5625096460649547,True
2000,0.5,113,dml_mult_boot,0.5213971866413186,0.021735517107982712,0.4802387722579194,0.5632817920249965,True
2000,0.5,113,dml_fixed_nuis_boot,0.5213971866413186,0.01954816237148016,0.4830490903352842,0.5578019646938638,True
2000,0.5,113,dml_pairs_boot,0.5213971866413186,0.02114183836830853,0.48347332377360264,0.5638287504051493,True
2000,0.5,114,naive_ml,0.21181604325526918,0.012904436406911347,0.18652334789772293,0.23710873861281542,False
2000,0.5,114,dml_if,0.5142276204675794,0.02260475254249764,0.46992230548428404,0.5585329354508748,True
2000,0.5,114,dml_mult_boot,0.5142276204675794,0.021187073676351992,0.47459356494500027,0.556218000997569,True
2000,0.5,114,dml_fixed_nuis_boot,0.5142276204675794,0.022286594027550056,0.47156363934545215,0.5580829128530568,True
2000,0.5,114,dml_pairs_boot,0.5142276204675794,0.025848890940724394,0.458669454033041,0.5616047987905592,True
2000,0.5,115,naive_ml,0.20001240357335015,0.012831260706105822,0.17486313258938274,0.22516167455731756,False
2000,0.5,115,dml_if,0.4946153965894754,0.022045564479079727,0.4514060902104791,0.5378247029684716,True
2000,0.5,115,dml_mult_boot,0.4946153965894754,0.02155896570805648,0.4510937942048665,0.5329165014748705,True
2000,0.5,115,dml_fixed_nuis_boot,0.4946153965894754,0.021816393412249405,0.45122100774144414,0.5371478991359196,True
2000,0.5,115,dml_pairs_boot,0.4946153965894754,0.02419914740027483,0.44266752895450495,0.5363333255202499,True
2000,0.5,116,naive_ml,0.21329684784845804,0.013338329815592133,0.18715372140989744,0.23943997428701863,False
2000,0.5,116,dml_if,0.5152478942519797,0.021934766735144735,0.472255751451096,0.5582400370528634,True
2000,0.5,116,dml_mult_boot,0.5152478942519797,0.020884718960192963,0.473540814412941,0.5559215557152972,True
2000,0.5,116,dml_fixed_nuis_boot,0.5152478942519797,0.022296444108034573,0.47291856009963124,0.5588894984751244,True
2000,0.5,116,dml_pairs_boot,0.5152478942519797,0.024867093875365696,0.4604171971921363,0.5654019573372365,True
2000,0.5,117,naive_ml,0.23478901626205717,0.01321025179727551,0.20889692273939717,0.26068110978471715,False
2000,0.5,117,dml_if,0.545970607363039,0.021892878903162216,0.5030605647128411,0.588880650013237,False
2000,0.5,117,dml_mult_boot,0.545970607363039,0.0213535217182153,0.5061521998190589,0.5857333378433486,False
2000,0.5,117,dml_fixed_nuis_boot,0.545970607363039,0.022389153673280295,0.5038235942657465,0.5933068745609763,False
2000,0.5,117,dml_pairs_boot,0.545970607363039,0.023014533700899984,0.5013734165927377,0.5945221266222722,False
2000,0.5,118,naive_ml,0.20910658472604712,0.013954939439613772,0.18175490342440415,0.2364582660276901,False
2000,0.5,118,dml_if,0.47982849086069185,0.021838948346586794,0.43702415210138174,0.522632829620002,True
2000,0.5,118,dml_mult_boot,0.47982849086069185,0.021185360525732597,0.43814044777404787,0.5197724834426073,True
2000,0.5,118,dml_fixed_nuis_boot,0.47982849086069185,0.021122049681387176,0.4422252158502287,0.5271934268178196,True
2000,0.5,118,dml_pairs_boot,0.47982849086069185,0.019791365408826225,0.4448071692782627,0.5143166907613674,True
2000,0.5,119,naive_ml,0.2040098013055816,0.01361212849402141,0.17733002945729964,0.23068957315386357,False
2000,0.5,119,dml_if,0.4916167372593594,0.022681952244158893,0.447160110860808,0.5360733636579108,True
2000,0.5,119,dml_mult_boot,0.4916167372593594,0.022977385924331448,0.4443432707202317,0.5331125929058679,True
2000,0.5,119,dml_fixed_nuis_boot,0.4916167372593594,0.023059250558892803,0.4434765466864954,0.5356896447427806,True
2000,0.5,119,dml_pairs_boot,0.4916167372593594,0.023233778360752987,0.44958923139777374,0.5298198959617391,True
2000,0.5,120,naive_ml,0.20204374008162396,0.012968421619819563,0.1766256337067776,0.2274618464564703,False
2000,0.5,120,dml_if,0.48960779926204673,0.022562675622399567,0.4453849550421436,0.5338306434819499,True
2000,0.5,120,dml_mult_boot,0.48960779926204673,0.022972647737020246,0.44636530976698047,0.535492913625276,True
2000,0.5,120,dml_fixed_nuis_boot,0.48960779926204673,0.02182670615012167,0.4436523257473125,0.5280231553963888,True
2000,0.5,120,dml_pairs_boot,0.48960779926204673,0.022880425041194717,0.44427136905534714,0.5321997740360228,True
2000,0.5,121,naive_ml,0.19181250170370107,0.013352877378739208,0.1656408620413722,0.21798414136602992,False
2000,0.5,121,dml_if,0.4557173691233295,0.023065841368329128,0.4105083200414044,0.5009264182052546,True
2000,0.5,121,dml_mult_boot,0.4557173691233295,0.023296940238340384,0.41069672112664773,0.5001913827914033,True
2000,0.5,121,dml_fixed_nuis_boot,0.4557173691233295,0.022729025199760007,0.41352000542650785,0.5027420090655265,True
2000,0.5,121,dml_pairs_boot,0.4557173691233295,0.022811211029692923,0.41785789011480956,0.5021636854554062,True
2000,0.5,122,naive_ml,0.21197581789599299,0.013784072051212447,0.18495903667561658,0.2389925991163694,False
2000,0.5,122,dml_if,0.5082480191897838,0.023302510225463646,0.46257509914787504,0.5539209392316925,True
2000,0.5,122,dml_mult_boot,0.5082480191897838,0.024632103249032065,0.461126097449772,0.5612334936648555,True
2000,0.5,122,dml_fixed_nuis_boot,0.5082480191897838,0.023802772774039846,0.4636520138105805,0.5524164220594758,True
2000,0.5,122,dml_pairs_boot,0.5082480191897838,0.022577472899577036,0.4627864402322833,0.5395463920047351,True
2000,0.5,123,naive_ml,0.22518855432648405,0.013856806901226785,0.19802921280007954,0.2523478958528885,False
2000,0.5,123,dml_if,0.5158543408431637,0.022831610986900005,0.47110438330883975,0.5606042983774877,True
2000,0.5,123,dml_mult_boot,0.5158543408431637,0.023857186880983528,0.4709601142695572,0.5638889612777115,True
2000,0.5,123,dml_fixed_nuis_boot,0.5158543408431637,0.022568963994769264,0.4702728003219243,0.5593625124257393,True
2000,0.5,123,dml_pairs_boot,0.5158543408431637,0.021248327361302756,0.4810818989726072,0.5648078881016502,True
2000,0.5,124,naive_ml,0.1894188667477905,0.01297809737816973,0.16398179588657782,0.21485593760900315,False
2000,0.5,124,dml_if,0.4500347512137131,0.021185326322304902,0.4085115116219955,0.4915579908054307,False
2000,0.5,124,dml_mult_boot,0.4500347512137131,0.021727587824359414,0.41289567069669136,0.49260701186181327,False
2000,0.5,124,dml_fixed_nuis_boot,0.4500347512137131,0.02108124895003568,0.41256829506300086,0.4934882371173155,False
2000,0.5,124,dml_pairs_boot,0.4500347512137131,0.022442179114609006,0.41339261093708274,0.4966316815060406,False
2000,0.5,125,naive_ml,0.2150322385846034,0.013768996895043937,0.1880450046703173,0.24201947249888953,False
2000,0.5,125,dml_if,0.4997664101587249,0.022303730004273083,0.45605109935034965,0.5434817209671001,True
2000,0.5,125,dml_mult_boot,0.4997664101587249,0.02118251188089728,0.46113853796340026,0.5384763274600101,True
2000,0.5,125,dml_fixed_nuis_boot,0.4997664101587249,0.022069925464883896,0.457369475450269,0.5443060095696582,True
2000,0.5,125,dml_pairs_boot,0.4997664101587249,0.022769762506199484,0.4531195873184861,0.5325965315845136,True
2000,0.5,126,naive_ml,0.19142928282672697,0.01322229540628295,0.1655135838304124,0.21734498182304154,False
2000,0.5,126,dml_if,0.47370271870999014,0.02257948910594417,0.4294469200623396,0.5179585173576408,True
2000,0.5,126,dml_mult_boot,0.47370271870999014,0.02197138049189997,0.42723915651388855,0.5134254485490282,True
2000,0.5,126,dml_fixed_nuis_boot,0.47370271870999014,0.022381813014531123,0.42652176552330806,0.5165339490844932,True
2000,0.5,126,dml_pairs_boot,0.47370271870999014,0.020688914370910742,0.4376187404630285,0.5127980512490093,True
2000,0.5,127,naive_ml,0.22023832936022936,0.01348950213014776,0.19379890518513976,0.24667775353531896,False
2000,0.5,127,dml_if,0.48476540025132037,0.021315773271461173,0.4429864846392565,0.5265443158633842,True
2000,0.5,127,dml_mult_boot,0.48476540025132037,0.022268391602507934,0.4446012402057913,0.5283661415855284,True
2000,0.5,127,dml_fixed_nuis_boot,0.48476540025132037,0.020913332927626205,0.44374723823233697,0.5227225293559513,True
2000,0.5,127,dml_pairs_boot,0.48476540025132037,0.019815854994546793,0.45159965581737593,0.525761917721143,True
2000,0.5,128,naive_ml,0.2175912999133476,0.01363353529618178,0.1908695707328313,0.2443130290938639,False
2000,0.5,128,dml_if,0.5122780571368547,0.022173842813146234,0.46881732522308805,0.5557387890506214,True
2000,0.5,128,dml_mult_boot,0.5122780571368547,0.021410534535180603,0.4711616698563012,0.55365411302514,True
2000,0.5,128,dml_fixed_nuis_boot,0.5122780571368547,0.02145851531545353,0.46872456186325984,0.5535135149501015,True
2000,0.5,128,dml_pairs_boot,0.5122780571368547,0.023802592647759087,0.4611472553260498,0.551478618684205,True
2000,0.5,129,naive_ml,0.20323738084107468,0.013656080112733483,0.17647146382011705,0.2300032978620323,False
2000,0.5,129,dml_if,0.5002194856600464,0.0230613915405909,0.4550191582404882,0.5454198130796045,True
2000,0.5,129,dml_mult_boot,0.5002194856600464,0.021460121400060737,0.45949957970362015,0.5437992985993634,True
2000,0.5,129,dml_fixed_nuis_boot,0.5002194856600464,0.02356924118904956,0.4550196383496518,0.5442374335444524,True
2000,0.5,129,dml_pairs_boot,0.5002194856600464,0.02413156819390805,0.46311938594287355,0.5533452966780235,True
2000,0.5,130,naive_ml,0.22624911927090394,0.013974808249929629,0.19885849510104187,0.253639743440766,False
2000,0.5,130,dml_if,0.5287713016174603,0.02268423446775971,0.4843102020606513,0.5732324011742693,True
2000,0.5,130,dml_mult_boot,0.5287713016174603,0.021789741613447617,0.4852504764383642,0.5726679042727166,True
2000,0.5,130,dml_fixed_nuis_boot,0.5287713016174603,0.023096126276855262,0.4829857561813974,0.5730779318619743,True
2000,0.5,130,dml_pairs_boot,0.5287713016174603,0.025291609236380904,0.4821253393581426,0.5790488792424068,True
2000,0.5,131,naive_ml,0.20312707294711288,0.014111568736281044,0.17546839822400204,0.23078574767022372,False
2000,0.5,131,dml_if,0.4782709294910128,0.023015427264944075,0.4331606920517224,0.5233811669303032,True
2000,0.5,131,dml_mult_boot,0.4782709294910128,0.024422496968342162,0.4320675396271133,0.5285344731842526,True
2000,0.5,131,dml_fixed_nuis_boot,0.4782709294910128,0.0234110249608048,0.43131745146774053,0.5227916301841689,True
2000,0.5,131,dml_pairs_boot,0.4782709294910128,0.022328317972745777,0.4345720139249027,0.5219320544269725,True
2000,0.5,132,naive_ml,0.22595015363971552,0.013790965065321986,0.19891986211168441,0.2529804451677466,False
2000,0.5,132,dml_if,0.5295348323549953,0.023358637225410876,0.48375190339319,0.5753177613168007,True
2000,0.5,132,dml_mult_boot,0.5295348323549953,0.022976923307891528,0.4850609859299722,0.573739098512356,True
2000,0.5,132,dml_fixed_nuis_boot,0.5295348323549953,0.023695408557054994,0.484666403090444,0.5728246320000829,True
2000,0.5,132,dml_pairs_boot,0.5295348323549953,0.0225156326915006,0.49308205220413437,0.5655713536824555,True
2000,0.5,133,naive_ml,0.22477490122289168,0.013084517991132963,0.19912924596027107,0.25042055648551226,False
2000,0.5,133,dml_if,0.5212841779061503,0.020851455900182427,0.4804153243417928,0.5621530314705079,True
2000,0.5,133,dml_mult_boot,0.5212841779061503,0.020992795566806183,0.48220283711412165,0.5612426743677653,True
2000,0.5,133,dml_fixed_nuis_boot,0.5212841779061503,0.020202177531614688,0.48157174790409335,0.5590239570472773,True
2000,0.5,133,dml_pairs_boot,0.5212841779061503,0.020927025518768922,0.47811139258388907,0.5515587975406683,True
2000,0.5,134,naive_ml,0.21693540290133356,0.014122723803798119,0.18925486424588925,0.24461594155677788,False
2000,0.5,134,dml_if,0.5004874285097854,0.022923635944000202,0.455557102059545,0.5454177549600259,True
2000,0.5,134,dml_mult_boot,0.5004874285097854,0.02269865473317148,0.4565918459800739,0.5436315416927452,True
2000,0.5,134,dml_fixed_nuis_boot,0.5004874285097854,0.023647078888235237,0.4522553642246632,0.5466094279470131,True
2000,0.5,134,dml_pairs_boot,0.5004874285097854,0.01962755318489729,0.46957016501664695,0.5453044741586323,True
2000,0.5,135,naive_ml,0.20325015577588262,0.013287241770866938,0.17720716190498342,0.22929314964678182,False
2000,0.5,135,dml_if,0.4895660918683048,0.02222663297881855,0.4460018912298204,0.5331302925067891,True
2000,0.5,135,dml_mult_boot,0.4895660918683048,0.022145457611285762,0.44670256925002194,0.5331112604514947,True
2000,0.5,135,dml_fixed_nuis_boot,0.4895660918683048,0.021591122162969902,0.4462793362585431,0.5307356655073552,True
2000,0.5,135,dml_pairs_boot,0.4895660918683048,0.02395888681987877,0.4519853978017222,0.5340689744973725,True
2000,0.5,136,naive_ml,0.20002437116017055,0.013727755751931085,0.17311796988638561,0.22693077243395549,False
2000,0.5,136,dml_if,0.4924636583244985,0.02354821217675159,0.4463091624580654,0.5386181541909316,True
2000,0.5,136,dml_mult_boot,0.4924636583244985,0.02348588210686868,0.4472585079778875,0.5368164944601533,True
2000,0.5,136,dml_fixed_nuis_boot,0.4924636583244985,0.022491916412979315,0.4514675643383151,0.5401390537094086,True
2000,0.5,136,dml_pairs_boot,0.4924636583244985,0.024745389713351152,0.43979235378277465,0.5413020423842453,True
2000,0.5,137,naive_ml,0.20094023028045355,0.013684848747998959,0.1741179267343756,0.2277625338265315,False
2000,0.5,137,dml_if,0.4705661686720887,0.021858150194588477,0.4277241942906953,0.5134081430534821,True
2000,0.5,137,dml_mult_boot,0.4705661686720887,0.020443345042554434,0.4303212533253167,0.5130218170053825,True
2000,0.5,137,dml_fixed_nuis_boot,0.4705661686720887,0.021912319939080376,0.4266831333996978,0.5115220202013189,True
2000,0.5,137,dml_pairs_boot,0.4705661686720887,0.02253222541276125,0.4309662632210956,0.518091816356662,True
2000,0.5,138,naive_ml,0.21656455708413194,0.013053251806244394,0.19098018354389293,0.24214893062437096,False
2000,0.5,138,dml_if,0.48990173044536034,0.021248653163844333,0.44825437024422543,0.5315490906464952,True
2000,0.5,138,dml_mult_boot,0.48990173044536034,0.021598680524512914,0.44964865557763684,0.5342864114019846,True
2000,0.5,138,dml_fixed_nuis_boot,0.48990173044536034,0.020404124115854266,0.44963374859975364,0.5301696509039437,True
2000,0.5,138,dml_pairs_boot,0.48990173044536034,0.021466111898638025,0.4468882485035634,0.5233047645911425,True
2000,0.5,139,naive_ml,0.21060704175896125,0.013245042645650686,0.18464675817348591,0.23656732534443659,False
2000,0.5,139,dml_if,0.5026835832452283,0.021322311238073127,0.460891853218605,0.5444753132718516,True
2000,0.5,139,dml_mult_boot,0.5026835832452283,0.022611107777434008,0.4613795145667553,0.5485257049548159,True
2000,0.5,139,dml_fixed_nuis_boot,0.5026835832452283,0.021333692430086343,0.4563792457740266,0.5451000621342273,True
2000,0.5,139,dml_pairs_boot,0.5026835832452283,0.02326538662850155,0.4598883821820823,0.5491691941764678,True
2000,0.5,140,naive_ml,0.20366710043882252,0.013910161988334706,0.1764031829416865,0.23093101793595855,False
2000,0.5,140,dml_if,0.4514199399528594,0.022265833011502995,0.4077789072503135,0.4950609726554053,False
2000,0.5,140,dml_mult_boot,0.4514199399528594,0.021516857741765958,0.4102716038550625,0.49529837969417007,False
2000,0.5,140,dml_fixed_nuis_boot,0.4514199399528594,0.022660985705475412,0.40789025003332996,0.4938220783714795,False
2000,0.5,140,dml_pairs_boot,0.4514199399528594,0.021597791845697288,0.41468628447597494,0.49958104707011497,False
2000,0.5,141,naive_ml,0.23699069932337605,0.01413581229145209,0.20928450723212996,0.26469689141462216,False
2000,0.5,141,dml_if,0.5310346712799086,0.02307579934536484,0.48580610456299345,0.5762632379968237,True
2000,0.5,141,dml_mult_boot,0.5310346712799086,0.02352525222196375,0.48108909287771057,0.5754417678889016,True
2000,0.5,141,dml_fixed_nuis_boot,0.5310346712799086,0.022774435623621914,0.4851628840775993,0.5724682291941728,True
2000,0.5,141,dml_pairs_boot,0.5310346712799086,0.02505913235360092,0.4896624074951612,0.5855772300087326,True
2000,0.5,142,naive_ml,0.2037316885447041,0.012714196144626834,0.1788118641012355,0.2286515129881727,False
2000,0.5,142,dml_if,0.5005362101104444,0.021811989823206833,0.457784710056959,0.5432877101639297,True
2000,0.5,142,dml_mult_boot,0.5005362101104444,0.020953573810918894,0.46117759544498804,0.5412337703068857,True
2000,0.5,142,dml_fixed_nuis_boot,0.5005362101104444,0.02135570021230479,0.4623312001275393,0.5451173005017237,True
2000,0.5,142,dml_pairs_boot,0.5005362101104444,0.02357619021238235,0.4546556585675534,0.5379066641449757,True
2000,0.5,143,naive_ml,0.20056372159206254,0.013117548649022799,0.17485332623997785,0.22627411694414723,False
2000,0.5,143,dml_if,0.5010961104691346,0.022303206248733606,0.4573818262216167,0.5448103947166525,True
2000,0.5,143,dml_mult_boot,0.5010961104691346,0.023190173551844325,0.4546878538454243,0.549436553971699,True
2000,0.5,143,dml_fixed_nuis_boot,0.5010961104691346,0.022387281786925804,0.4572625979855706,0.5440507188473092,True
2000,0.5,143,dml_pairs_boot,0.5010961104691346,0.024364330521345356,0.45098347615604234,0.5433591252606487,True
2000,0.5,144,naive_ml,0.21496803063124736,0.013064412975083888,0.18936178120008296,0.24057428006241177,False
2000,0.5,144,dml_if,0.4823660071592875,0.021043334676752293,0.44112107119285304,0.523610943125722,True
2000,0.5,144,dml_mult_boot,0.4823660071592875,0.02110349946540241,0.4403153501728151,0.5208183444752141,True
2000,0.5,144,dml_fixed_nuis_boot,0.4823660071592875,0.020195415970356467,0.44212206137099486,0.5224378984496959,True
2000,0.5,144,dml_pairs_boot,0.4823660071592875,0.024196240077977004,0.43846856847056265,0.5260808466061547,True
2000,0.5,145,naive_ml,0.21442215992125416,0.01405036330163137,0.18688344785005667,0.24196087199245164,False
2000,0.5,145,dml_if,0.4835523849873676,0.02227822030656288,0.43988707318650433,0.5272176967882308,True
2000,0.5,145,dml_mult_boot,0.4835523849873676,0.022269384390706703,0.4359385982770686,0.5249408708890654,True
2000,0.5,145,dml_fixed_nuis_boot,0.4835523849873676,0.024357839463272548,0.4355867125846945,0.5313728673670891,True
2000,0.5,145,dml_pairs_boot,0.4835523849873676,0.02157202084139234,0.4490779026714027,0.5289270559144652,True
2000,0.5,146,naive_ml,0.22794407233891795,0.013681697510960062,0.2011279452174362,0.2547601994603997,False
2000,0.5,146,dml_if,0.5082315864734729,0.02172356975157951,0.46565338976037707,0.5508097831865687,True
2000,0.5,146,dml_mult_boot,0.5082315864734729,0.022081821333388315,0.46714078778024504,0.550942948880089,True
2000,0.5,146,dml_fixed_nuis_boot,0.5082315864734729,0.021729316645118825,0.4682216678353964,0.5510476354777487,True
2000,0.5,146,dml_pairs_boot,0.5082315864734729,0.022662013044174846,0.4701922844945714,0.5602498697343251,True
2000,0.5,147,naive_ml,0.20053446783471154,0.013005427455971521,0.17504383002100737,0.22602510564841571,False
2000,0.5,147,dml_if,0.49615342239649146,0.022110693531861413,0.4528164630740431,0.5394903817189398,True
2000,0.5,147,dml_mult_boot,0.49615342239649146,0.02218939342248579,0.4536813505043001,0.539862713448151,True
2000,0.5,147,dml_fixed_nuis_boot,0.49615342239649146,0.022375702909556983,0.45218671824363715,0.5387780956128275,True
2000,0.5,147,dml_pairs_boot,0.49615342239649146,0.022330986779918433,0.46146116798905956,0.5396781111783686,True
2000,0.5,148,naive_ml,0.218725619169647,0.013605208473246415,0.19205941056208403,0.24539182777720997,False
2000,0.5,148,dml_if,0.5085968197769326,0.021193593049602766,0.4670573773997112,0.550136262154154,True
2000,0.5,148,dml_mult_boot,0.5085968197769326,0.021060821278469595,0.4697345499403824,0.5491459893080438,True
2000,0.5,148,dml_fixed_nuis_boot,0.5085968197769326,0.019455757101537366,0.4735504924453798,0.5434164276600398,True
2000,0.5,148,dml_pairs_boot,0.5085968197769326,0.023184432395805914,0.4654308154416513,0.5471983480390712,True
2000,0.5,149,naive_ml,0.22212686507646207,0.014036322028008445,0.1946156739015655,0.24963805625135863,False
2000,0.5,149,dml_if,0.5044305785289739,0.02301072657906249,0.4593295544340114,0.5495316026239364,True
2000,0.5,149,dml_mult_boot,0.5044305785289739,0.02291730147690456,0.4649594467202507,0.5489779420236852,True
2000,0.5,149,dml_fixed_nuis_boot,0.5044305785289739,0.02420810259844606,0.45818583585917305,0.5508956093873851,True
2000,0.5,149,dml_pairs_boot,0.5044305785289739,0.02498115022111787,0.4629857500210893,0.5643156370405586,True
2000,0.5,150,naive_ml,0.22466101531902333,0.013787843923334627,0.19763684122928746,0.25168518940875917,False
2000,0.5,150,dml_if,0.5153268931259561,0.022461531452372098,0.4713022914793068,0.5593514947726055,True
2000,0.5,150,dml_mult_boot,0.5153268931259561,0.02089588850853458,0.477643809444095,0.5619582381545357,True
2000,0.5,150,dml_fixed_nuis_boot,0.5153268931259561,0.02279521294828411,0.47198037910000135,0.5591599104562706,True
2000,0.5,150,dml_pairs_boot,0.5153268931259561,0.025089340850165065,0.4645969898248219,0.5613799541310677,True
2000,0.5,151,naive_ml,0.21421673253320778,0.013405257880859405,0.18794242708672335,0.2404910379796922,False
2000,0.5,151,dml_if,0.5232053371523895,0.022859689548393673,0.47840034563753786,0.5680103286672411,True
2000,0.5,151,dml_mult_boot,0.5232053371523895,0.024478230687091238,0.47417139852521334,0.5685337989326058,True
2000,0.5,151,dml_fixed_nuis_boot,0.5232053371523895,0.022285975758475587,0.48589040803434386,0.571359652213097,True
2000,0.5,151,dml_pairs_boot,0.5232053371523895,0.02227715504731707,0.47762018380269333,0.5570242558410459,True
2000,0.5,152,naive_ml,0.2286360970008568,0.013935930442532328,0.20132167333349343,0.25595052066822016,False
2000,0.5,152,dml_if,0.5236753831060705,0.022908868231406875,0.4787740013725131,0.568576764839628,True
2000,0.5,152,dml_mult_boot,0.5236753831060705,0.023029011147053913,0.47906479400970287,0.567647566992201,True
2000,0.5,152,dml_fixed_nuis_boot,0.5236753831060705,0.02265296952076095,0.4815820486157073,0.5663768780613443,True
2000,0.5,152,dml_pairs_boot,0.5236753831060705,0.025549988102584558,0.4877080019790218,0.5793205004483413,True
2000,0.5,153,naive_ml,0.22046910214789914,0.013585624179465104,0.19384127875614754,0.24709692553965074,False
2000,0.5,153,dml_if,0.5161826763900442,0.022349756928191234,0.4723771528107894,0.559988199969299,True
2000,0.5,153,dml_mult_boot,0.5161826763900442,0.021817788554734093,0.4766029833644741,0.5588798008119706,True
2000,0.5,153,dml_fixed_nuis_boot,0.5161826763900442,0.021801046993501983,0.4724138171745282,0.5568956086224048,True
2000,0.5,153,dml_pairs_boot,0.5161826763900442,0.020411471153810548,0.47179346198376093,0.5494820667877562,True
2000,0.5,154,naive_ml,0.2065525204237173,0.013992469682608952,0.17912727984580376,0.23397776100163084,False
2000,0.5,154,dml_if,0.500430923300496,0.023877606320068308,0.4536308149131621,0.5472310316878298,True
2000,0.5,154,dml_mult_boot,0.500430923300496,0.023523797604174418,0.4524655202886361,0.5458167713472899,True
2000,0.5,154,dml_fixed_nuis_boot,0.500430923300496,0.022676915987549975,0.45827744618766214,0.5432305822246072,True
2000,0.5,154,dml_pairs_boot,0.500430923300496,0.025138710717240352,0.45059174220734455,0.5422305345482232,True
2000,0.5,155,naive_ml,0.2202345102341067,0.014030252301736493,0.19273521572270316,0.24773380474551024,False
2000,0.5,155,dml_if,0.48907732554396804,0.022905083208765803,0.44418336245478707,0.533971288633149,True
2000,0.5,155,dml_mult_boot,0.48907732554396804,0.02175694742298055,0.4465757364958922,0.5292590444722078,True
2000,0.5,155,dml_fixed_nuis_boot,0.48907732554396804,0.022381876586869954,0.4428509005770252,0.5286661082352484,True
2000,0.5,155,dml_pairs_boot,0.48907732554396804,0.02191180383261196,0.45072111325874925,0.5305639191334748,True
2000,0.5,156,naive_ml,0.19751641751284166,0.013746996124914028,0.17057230510801016,0.22446052991767315,False
2000,0.5,156,dml_if,0.46874010662897264,0.023317955572128783,0.4230369137076002,0.5144432995503451,True
2000,0.5,156,dml_mult_boot,0.46874010662897264,0.022827681809450457,0.4276513307244613,0.5150953481158097,True
2000,0.5,156,dml_fixed_nuis_boot,0.46874010662897264,0.023947229386795138,0.4202979014137664,0.5129765646753411,True
2000,0.5,156,dml_pairs_boot,0.46874010662897264,0.019373524473940168,0.4351268185222916,0.5041433191901078,True
2000,0.5,157,naive_ml,0.1900463086886902,0.01313501874060398,0.1643016719571064,0.21579094542027402,False
2000,0.5,157,dml_if,0.45685834129463954,0.021887639408646124,0.41395856805369313,0.49975811453558594,False
2000,0.5,157,dml_mult_boot,0.45685834129463954,0.02309678012097515,0.40988910694159375,0.5016014676775239,True
2000,0.5,157,dml_fixed_nuis_boot,0.45685834129463954,0.022128432031630917,0.41680651584168354,0.5016221731134655,True
2000,0.5,157,dml_pairs_boot,0.45685834129463954,0.021069602284484516,0.4141029082781744,0.49563979169437755,False
2000,0.5,158,naive_ml,0.21668776635409798,0.013955935120886945,0.18933413351715955,0.2440413991910364,False
2000,0.5,158,dml_if,0.5089086913486853,0.022678823908572624,0.464458196487883,0.5533591862094877,True
2000,0.5,158,dml_mult_boot,0.5089086913486853,0.022435254046854036,0.46463594118609386,0.5547893951601319,True
2000,0.5,158,dml_fixed_nuis_boot,0.5089086913486853,0.023048189604128112,0.4649591018655649,0.5549149670407865,True
2000,0.5,158,dml_pairs_boot,0.5089086913486853,0.022626107731303295,0.4663042409271882,0.5477511093014968,True
2000,0.5,159,naive_ml,0.20940783263384916,0.013456875684792499,0.18303235629165587,0.23578330897604244,False
2000,0.5,159,dml_if,0.5084415324672887,0.022928585793612986,0.46350150431180726,0.5533815606227702,True
2000,0.5,159,dml_mult_boot,0.5084415324672887,0.021347695521230132,0.4713514132513065,0.5515714859558938,True
2000,0.5,159,dml_fixed_nuis_boot,0.5084415324672887,0.023679645055571494,0.45914984747916887,0.5557444114626046,True
2000,0.5,159,dml_pairs_boot,0.5084415324672887,0.020877920289300165,0.4680330116665541,0.5429495824839642,True
2000,0.5,160,naive_ml,0.21245616297430572,0.01350031446337151,0.18599554662609757,0.23891677932251387,False
2000,0.5,160,dml_if,0.5157925504983084,0.022613528808075267,0.4714700340344809,0.560115066962136,True
2000,0.5,160,dml_mult_boot,0.5157925504983084,0.023684377841054028,0.46972542441069587,0.5594021123140384,True
2000,0.5,160,dml_fixed_nuis_boot,0.5157925504983084,0.02255103626614807,0.4708436803581686,0.5574614239998313,True
2000,0.5,160,dml_pairs_boot,0.5157925504983084,0.023739091785635415,0.47168668998393914,0.552999965969033,True
2000,0.5,161,naive_ml,0.227796586537902,0.01335576075875079,0.20161929545075044,0.2539738776250535,False
2000,0.5,161,dml_if,0.5277322701426397,0.02137997741794875,0.4858275144034601,0.5696370258818192,True
2000,0.5,161,dml_mult_boot,0.5277322701426397,0.021073609073471448,0.4859530589667157,0.5673365795155472,True
2000,0.5,161,dml_fixed_nuis_boot,0.5277322701426397,0.02166589565787022,0.4861472718254667,0.5731973031997387,True
2000,0.5,161,dml_pairs_boot,0.5277322701426397,0.023225948953503543,0.49509212504175537,0.5823110352521643,True
2000,0.5,162,naive_ml,0.2281576475127232,0.01380949003976764,0.20109104703477862,0.2552242479906678,False
2000,0.5,162,dml_if,0.5310937325438202,0.022539148008930605,0.4869170024463162,0.5752704626413242,True
2000,0.5,162,dml_mult_boot,0.5310937325438202,0.02240994593308012,0.48727917840578133,0.578082769481254,True
2000,0.5,162,dml_fixed_nuis_boot,0.5310937325438202,0.0221857651694081,0.4854545788348528,0.5747756836969403,True
2000,0.5,162,dml_pairs_boot,0.5310937325438202,0.02247375620562723,0.48777249391029986,0.572717629096068,True
2000,0.5,163,naive_ml,0.22332222263587134,0.013303725837598757,0.1972469199941778,0.2493975252775649,False
2000,0.5,163,dml_if,0.5163792770837046,0.021834317977024887,0.4735840138487358,0.5591745403186733,True
2000,0.5,163,dml_mult_boot,0.5163792770837046,0.021188635454779794,0.47410047614165596,0.5562959153986454,True
2000,0.5,163,dml_fixed_nuis_boot,0.5163792770837046,0.0212799871209199,0.4760475526874861,0.5562219617028943,True
2000,0.5,163,dml_pairs_boot,0.5163792770837046,0.020934568541622955,0.4762868788003273,0.5563401679524634,True
2000,0.5,164,naive_ml,0.2208967153391427,0.014182055623230456,0.19309988631761102,0.2486935443606744,False
2000,0.5,164,dml_if,0.5191132456163763,0.023000606770430684,0.47403205634633216,0.5641944348864204,True
2000,0.5,164,dml_mult_boot,0.5191132456163763,0.021782524639743672,0.47497995423792755,0.5603106087908808,True
2000,0.5,164,dml_fixed_nuis_boot,0.5191132456163763,0.02297740817107743,0.47925836987787884,0.5641946870674447,True
2000,0.5,164,dml_pairs_boot,0.5191132456163763,0.025027714593395266,0.4759244221774535,0.5617003564018718,True
2000,0.5,165,naive_ml,0.22224553761405755,0.012634355837471219,0.19748220017261395,0.24700887505550115,False
2000,0.5,165,dml_if,0.5056857161550329,0.02025362214931122,0.4659886167423829,0.5453828155676829,True
2000,0.5,165,dml_mult_boot,0.5056857161550329,0.019811996506696284,0.46774059018982883,0.5460695946076176,True
2000,0.5,165,dml_fixed_nuis_boot,0.5056857161550329,0.019520277939989044,0.46673591229211814,0.543605162896696,True
2000,0.5,165,dml_pairs_boot,0.5056857161550329,0.02404144605233362,0.4563178984594534,0.5448793148455092,True
2000,0.5,166,naive_ml,0.22238189961588223,0.014226411674418894,0.1944981327340212,0.25026566649774323,False
2000,0.5,166,dml_if,0.5080293068542006,0.02228626455834139,0.46434822831985145,0.5517103853885497,True
2000,0.5,166,dml_mult_boot,0.5080293068542006,0.021876674541260906,0.46580475322928927,0.5547072057081766,True
2000,0.5,166,dml_fixed_nuis_boot,0.5080293068542006,0.021501175706479234,0.4676637993741068,0.5541425566626706,True
2000,0.5,166,dml_pairs_boot,0.5080293068542006,0.02409064629016267,0.47008939004908395,0.5555300407611248,True
2000,0.5,167,naive_ml,0.2247940838585787,0.01369842930246214,0.1979451624257529,0.2516430052914045,False
2000,0.5,167,dml_if,0.5224113249555513,0.02214342897281739,0.4790102041688292,0.5658124457422734,True
2000,0.5,167,dml_mult_boot,0.5224113249555513,0.020394289386095766,0.4832220607261061,0.564732901476396,True
2000,0.5,167,dml_fixed_nuis_boot,0.5224113249555513,0.02146090260249369,0.4796321557150702,0.5625710538293944,True
2000,0.5,167,dml_pairs_boot,0.5224113249555513,0.025798344767360797,0.48417170884075444,0.5800210993734907,True
2000,0.5,168,naive_ml,0.2077670633141094,0.013331564641137189,0.1816371966174805,0.2338969300107383,False
2000,0.5,168,dml_if,0.5281553219356869,0.022598821911160288,0.4838616309898128,0.5724490128815611,True
2000,0.5,168,dml_mult_boot,0.5281553219356869,0.021399261245111344,0.4883527080469994,0.5692560871995773,True
2000,0.5,168,dml_fixed_nuis_boot,0.5281553219356869,0.023231690346086516,0.48374213331071403,0.5750229900187758,True
2000,0.5,168,dml_pairs_boot,0.5281553219356869,0.023413094160945516,0.4794441009298236,0.5692861521612007,True
2000,0.5,169,naive_ml,0.20879462728005813,0.013124880820652999,0.18306986087157825,0.234519393688538,False
2000,0.5,169,dml_if,0.49479560991518884,0.021895262287199055,0.4518808958322787,0.5377103239980989,True
2000,0.5,169,dml_mult_boot,0.49479560991518884,0.021619392503643198,0.455471617294226,0.5388993073724556,True
2000,0.5,169,dml_fixed_nuis_boot,0.49479560991518884,0.02291174862356357,0.45272908417633856,0.5402758403935429,True
2000,0.5,169,dml_pairs_boot,0.49479560991518884,0.023758652267604697,0.45584241430012373,0.5336638055223768,True
2000,0.5,170,naive_ml,0.21548440279307152,0.013459820491176883,0.1891031546303648,0.24186565095577822,False
2000,0.5,170,dml_if,0.4919078653932723,0.022722803040059227,0.44737117143475624,0.5364445593517884,True
2000,0.5,170,dml_mult_boot,0.4919078653932723,0.02363099442700247,0.4445999727026235,0.5360837975912808,True
2000,0.5,170,dml_fixed_nuis_boot,0.4919078653932723,0.02138448972998948,0.45018487365027426,0.5331691008938019,True
2000,0.5,170,dml_pairs_boot,0.4919078653932723,0.023535454092657754,0.44884909470920065,0.5376296325828909,True
2000,0.5,171,naive_ml,0.20900970594795623,0.013904929034360868,0.18175604504060894,0.23626336685530352,False
2000,0.5,171,dml_if,0.5004725771042439,0.02365634324964488,0.4541061443349399,0.5468390098735478,True
2000,0.5,171,dml_mult_boot,0.5004725771042439,0.023907988967184275,0.4548661305297885,0.5446870466329008,True
2000,0.5,171,dml_fixed_nuis_boot,0.5004725771042439,0.02263645650021779,0.4540439938742807,0.5472518244558665,True
2000,0.5,171,dml_pairs_boot,0.5004725771042439,0.027971061343772974,0.4466899212652282,0.5517934948385572,True
2000,0.5,172,naive_ml,0.20470648617493895,0.013672843936650234,0.1779077120591045,0.2315052602907734,False
2000,0.5,172,dml_if,0.48992061095519734,0.024085288569208888,0.44271344535954793,0.5371277765508468,True
2000,0.5,172,dml_mult_boot,0.48992061095519734,0.024363768715387025,0.44625540316382273,0.5427709953568758,True
2000,0.5,172,dml_fixed_nuis_boot,0.48992061095519734,0.02404437061957266,0.4415699703278624,0.5347807437560592,True
2000,0.5,172,dml_pairs_boot,0.48992061095519734,0.02279267403244187,0.45022875496821907,0.5307062654301602,True
2000,0.5,173,naive_ml,0.22649968051818586,0.01384661929524464,0.19936030669950638,0.25363905433686534,False
2000,0.5,173,dml_if,0.5301050660229375,0.023599808306869557,0.48384944174147315,0.5763606903044018,True
2000,0.5,173,dml_mult_boot,0.5301050660229375,0.024004945989249415,0.4874506459633143,0.5775230065152709,True
2000,0.5,173,dml_fixed_nuis_boot,0.5301050660229375,0.02251103554799775,0.4899074576167031,0.5735900586643916,True
2000,0.5,173,dml_pairs_boot,0.5301050660229375,0.02377479380116139,0.4849607434047735,0.5784858057345313,True
2000,0.5,174,naive_ml,0.21366001774237142,0.012638069812410275,0.18888940091004727,0.23843063457469557,False
2000,0.5,174,dml_if,0.5208987608350186,0.02127434109908787,0.4792010522808064,0.5625964693892308,True
2000,0.5,174,dml_mult_boot,0.5208987608350186,0.02088022587226369,0.4793557372780889,0.5610320820140351,True
2000,0.5,174,dml_fixed_nuis_boot,0.5208987608350186,0.021273207188181063,0.4802520153151719,0.5603140093805916,True
2000,0.5,174,dml_pairs_boot,0.5208987608350186,0.0231188110362865,0.47518850139496377,0.565694252797666,True
2000,0.5,175,naive_ml,0.18726094519377762,0.012443176883536643,0.1628723185020458,0.21164957188550942,False
2000,0.5,175,dml_if,0.44386147113163715,0.02118354691752389,0.4023417191732903,0.485381223089984,False
2000,0.5,175,dml_mult_boot,0.44386147113163715,0.021648716330213248,0.4036011567204392,0.4852622123080844,False
2000,0.5,175,dml_fixed_nuis_boot,0.44386147113163715,0.021361418473384772,0.4024806486449794,0.482765110347708,False
2000,0.5,175,dml_pairs_boot,0.44386147113163715,0.023102782733224275,0.4011835035746433,0.4885949021340951,False
2000,0.5,176,naive_ml,0.2274949363563579,0.013564216737935076,0.20090907155000515,0.25408080116271065,False
2000,0.5,176,dml_if,0.5226461876378421,0.021848309970449356,0.47982350009576136,0.5654688751799228,True
2000,0.5,176,dml_mult_boot,0.5226461876378421,0.02089661269932881,0.48029802726022947,0.5620559662916402,True
2000,0.5,176,dml_fixed_nuis_boot,0.5226461876378421,0.02247004587751499,0.4770079516720401,0.5679084888678734,True
2000,0.5,176,dml_pairs_boot,0.5226461876378421,0.022509195385858355,0.4806974696964833,0.5696590521577425,True
2000,0.5,177,naive_ml,0.20218456105165375,0.013047034616178186,0.17661237320394452,0.22775674889936298,False
2000,0.5,177,dml_if,0.48839317062960436,0.022333094513740596,0.4446203053826728,0.5321660358765359,True
2000,0.5,177,dml_mult_boot,0.48839317062960436,0.021798125562180446,0.44425220685933936,0.5273528904209428,True
2000,0.5,177,dml_fixed_nuis_boot,0.48839317062960436,0.022170717261287512,0.4432933846170691,0.5286897143248779,True
2000,0.5,177,dml_pairs_boot,0.48839317062960436,0.023374582275229042,0.44488380145426276,0.5294413152880373,True
2000,0.5,178,naive_ml,0.21292828145034964,0.013040020560777242,0.18736984115122624,0.23848672174947305,False
2000,0.5,178,dml_if,0.5228545459247068,0.021921828966072233,0.47988776115120524,0.5658213306982084,True
2000,0.5,178,dml_mult_boot,0.5228545459247068,0.021128545960768484,0.4805031093509391,0.5622681629962517,True
2000,0.5,178,dml_fixed_nuis_boot,0.5228545459247068,0.022925970697827605,0.48201307696736956,0.5717952266898851,True
2000,0.5,178,dml_pairs_boot,0.5228545459247068,0.019264246938042684,0.4837626402120094,0.5540966272688383,True
2000,0.5,179,naive_ml,0.20449358136360515,0.01334898160593642,0.17832957741596978,0.23065758531124053,False
2000,0.5,179,dml_if,0.47018653645347835,0.021984801166577094,0.42709632616698723,0.5132767467399695,True
2000,0.5,179,dml_mult_boot,0.47018653645347835,0.02102287146366729,0.4269758341955033,0.5101194627756983,True
2000,0.5,179,dml_fixed_nuis_boot,0.47018653645347835,0.021766414683904577,0.42907825984871883,0.5120883388521755,True
2000,0.5,179,dml_pairs_boot,0.47018653645347835,0.024221671064817905,0.42431507364677407,0.5116509695691641,True
2000,0.5,180,naive_ml,0.22578728044486437,0.013408774538103673,0.1995060823501812,0.25206847853954756,False
2000,0.5,180,dml_if,0.5362667762850384,0.02204887013128419,0.49305099082772136,0.5794825617423554,True
2000,0.5,180,dml_mult_boot,0.5362667762850384,0.021769965544298678,0.49500581765643836,0.5764755951316504,True
2000,0.5,180,dml_fixed_nuis_boot,0.5362667762850384,0.02192418999263813,0.48880751653772087,0.5786391936240688,True
2000,0.5,180,dml_pairs_boot,0.5362667762850384,0.022599054093878263,0.5032514413467398,0.5912545763228148,False
2000,0.5,181,naive_ml,0.2249922264335155,0.013321833310674401,0.19888143314459367,0.2511030197224373,False
2000,0.5,181,dml_if,0.5410113484374959,0.021895123394807977,0.4980969065836722,0.5839257902913195,True
2000,0.5,181,dml_mult_boot,0.5410113484374959,0.022309809054598766,0.49840616903324975,0.584692948972058,True
2000,0.5,181,dml_fixed_nuis_boot,0.5410113484374959,0.021164901026917773,0.5036223332844403,0.5843923078137647,False
2000,0.5,181,dml_pairs_boot,0.5410113484374959,0.025058473612725157,0.4846306033871086,0.5766114553396912,True
2000,0.5,182,naive_ml,0.2175343082774404,0.013489793532874623,0.19109431295300616,0.24397430360187466,False
2000,0.5,182,dml_if,0.47707924417016345,0.021144743342602194,0.43563554721866316,0.5185229411216637,True
2000,0.5,182,dml_mult_boot,0.47707924417016345,0.020244641282378704,0.4387185819067268,0.5153767062293835,True
2000,0.5,182,dml_fixed_nuis_boot,0.47707924417016345,0.02167954645806886,0.43278113110219635,0.5196199059045594,True
2000,0.5,182,dml_pairs_boot,0.47707924417016345,0.020762125858959434,0.4287368985674955,0.5068939055227951,True
2000,0.5,183,naive_ml,0.2206888893925929,0.013452833815945102,0.1943213351133405,0.24705644367184532,False
2000,0.5,183,dml_if,0.5016790932066284,0.022060690613525325,0.4584401396041188,0.544918046809138,True
2000,0.5,183,dml_mult_boot,0.5016790932066284,0.02195510655487881,0.45622987195843445,0.5436694048017623,True
2000,0.5,183,dml_fixed_nuis_boot,0.5016790932066284,0.022514158068225255,0.4581354470635185,0.5435527378310323,True
2000,0.5,183,dml_pairs_boot,0.5016790932066284,0.021044891689231925,0.46148772969215995,0.5400105295381065,True
2000,0.5,184,naive_ml,0.21138489052129247,0.01354673276454431,0.1848332943027856,0.23793648673979934,False
2000,0.5,184,dml_if,0.49046862260929225,0.02323444665310955,0.44492910716919754,0.536008138049387,True
2000,0.5,184,dml_mult_boot,0.49046862260929225,0.022897877986381234,0.44763314847458946,0.5371340301819947,True
2000,0.5,184,dml_fixed_nuis_boot,0.49046862260929225,0.022431746188236894,0.44731441645552733,0.5301717422625197,True
2000,0.5,184,dml_pairs_boot,0.49046862260929225,0.021900908976919438,0.4489365842859349,0.5362442533288408,True
2000,0.5,185,naive_ml,0.23583215414744235,0.013521147153677856,0.20933070572623375,0.26233360256865096,False
2000,0.5,185,dml_if,0.5186115518934016,0.021554399104563506,0.4763649296484571,0.560858174138346,True
2000,0.5,185,dml_mult_boot,0.5186115518934016,0.02299575981763341,0.47102560469184845,0.5631369677438679,True
2000,0.5,185,dml_fixed_nuis_boot,0.5186115518934016,0.021290161833887558,0.47554635375843224,0.5596365971453037,True
2000,0.5,185,dml_pairs_boot,0.5186115518934016,0.02186867482359358,0.4818528820524081,0.5633837719049879,True
2000,0.5,186,naive_ml,0.1987634375966203,0.013914339749284932,0.17149133168802183,0.22603554350521876,False
2000,0.5,186,dml_if,0.468454192518462,0.02279810845394163,0.4237698999487364,0.5131384850881876,True
2000,0.5,186,dml_mult_boot,0.468454192518462,0.022225399278326778,0.42313254962514185,0.5139771194878321,True
2000,0.5,186,dml_fixed_nuis_boot,0.468454192518462,0.02186810431175348,0.42833533176926963,0.5122603997852356,True
2000,0.5,186,dml_pairs_boot,0.468454192518462,0.02217383636508301,0.4190286464759437,0.5028483417102548,True
2000,0.5,187,naive_ml,0.21043342244090296,0.013638969419814108,0.1837010423780673,0.23716580250373862,False
2000,0.5,187,dml_if,0.4862959493876764,0.022676254515459973,0.44185049053737485,0.530741408237978,True
2000,0.5,187,dml_mult_boot,0.4862959493876764,0.020619853103089072,0.44663531665581807,0.525133596927696,True
2000,0.5,187,dml_fixed_nuis_boot,0.4862959493876764,0.022719958240313483,0.4443319346814709,0.5301185049084436,True
2000,0.5,187,dml_pairs_boot,0.4862959493876764,0.024770914865867393,0.44023919376664145,0.5359042676223222,True
2000,0.5,188,naive_ml,0.20571682725154963,0.014187578547443314,0.17790917329856074,0.23352448120453853,False
2000,0.5,188,dml_if,0.47120693498615296,0.021825498172418717,0.4284289585682123,0.5139849114040936,True
2000,0.5,188,dml_mult_boot,0.47120693498615296,0.021839753975915043,0.4277716240411685,0.5135783863124596,True
2000,0.5,188,dml_fixed_nuis_boot,0.47120693498615296,0.021327107865757,0.43062405166814666,0.5135643210820687,True
2000,0.5,188,dml_pairs_boot,0.47120693498615296,0.02365543826902418,0.4160482583380871,0.5042942762611015,True
2000,0.5,189,naive_ml,0.20567525932997288,0.013318040580707966,0.17957189979178528,0.23177861886816048,False
2000,0.5,189,dml_if,0.5116884128651351,0.022454342175646808,0.46767790220086736,0.5556989235294029,True
2000,0.5,189,dml_mult_boot,0.5116884128651351,0.02354677825166305,0.4658534088782982,0.5609559889604947,True
2000,0.5,189,dml_fixed_nuis_boot,0.5116884128651351,0.022961210670317606,0.4647321573880896,0.5559539739326279,True
2000,0.5,189,dml_pairs_boot,0.5116884128651351,0.02347670404921996,0.46746258274765934,0.5483014223502481,True
2000,0.5,190,naive_ml,0.22356909225531585,0.014141857785279875,0.1958510509961673,0.2512871335144644,False
2000,0.5,190,dml_if,0.5341523552497709,0.02292734337054187,0.48921476224350885,0.579089948256033,True
2000,0.5,190,dml_mult_boot,0.5341523552497709,0.02313307879050799,0.4913014891328984,0.5779925798066652,True
2000,0.5,190,dml_fixed_nuis_boot,0.5341523552497709,0.021836382424894447,0.49269892447089336,0.5775346524178382,True
2000,0.5,190,dml_pairs_boot,0.5341523552497709,0.021435419433176492,0.487600130463206,0.5750912004710445,True
2000,0.5,191,naive_ml,0.21174319046152357,0.01408453848477047,0.18413749503137344,0.2393488858916737,False
2000,0.5,191,dml_if,0.5317956769446498,0.023710529457611772,0.48532303920773073,0.5782683146815689,True
2000,0.5,191,dml_mult_boot,0.5317956769446498,0.024441607997076675,0.4787135555998596,0.5761424704002953,True
2000,0.5,191,dml_fixed_nuis_boot,0.5317956769446498,0.022782313634054703,0.4861743897573494,0.5768910834195836,True
2000,0.5,191,dml_pairs_boot,0.5317956769446498,0.023988095049437722,0.48627474560135225,0.5780080355789525,True
2000,0.5,192,naive_ml,0.21045085270403777,0.013070130511704664,0.18483339690109662,0.2360683085069789,False
2000,0.5,192,dml_if,0.5145659800104309,0.021914835214805965,0.47161290298941116,0.5575190570314505,True
2000,0.5,192,dml_mult_boot,0.5145659800104309,0.020537138539749183,0.4734641482955954,0.5544731835024828,True
2000,0.5,192,dml_fixed_nuis_boot,0.5145659800104309,0.02107105210929989,0.4742686567888974,0.5611909958574527,True
2000,0.5,192,dml_pairs_boot,0.5145659800104309,0.020939696536573127,0.4759431808614459,0.5521337895889651,True
2000,0.5,193,naive_ml,0.2126293180957783,0.014136617296983112,0.18492154819369142,0.2403370879978652,False
2000,0.5,193,dml_if,0.49033408036820375,0.024024263941939912,0.4432465230420015,0.537421637694406,True
2000,0.5,193,dml_mult_boot,0.49033408036820375,0.02476969829751999,0.4438973881258061,0.5357398750986188,True
2000,0.5,193,dml_fixed_nuis_boot,0.49033408036820375,0.024644127180124237,0.4461893429985725,0.5383802154802586,True
2000,0.5,193,dml_pairs_boot,0.49033408036820375,0.02316906098893539,0.4568708203689989,0.5411227221133288,True
2000,0.5,194,naive_ml,0.21175281083351163,0.013601777026283745,0.1850933278619955,0.23841229380502776,False
2000,0.5,194,dml_if,0.5020134588762438,0.02203363752582147,0.45882752932563375,0.5451993884268539,True
2000,0.5,194,dml_mult_boot,0.5020134588762438,0.021598214688798623,0.460581502472313,0.5429686596747478,True
2000,0.5,194,dml_fixed_nuis_boot,0.5020134588762438,0.022120621423014707,0.45966135483676757,0.544046949273844,True
2000,0.5,194,dml_pairs_boot,0.5020134588762438,0.022044371862901438,0.46728809322255704,0.5435815520391607,True
2000,0.5,195,naive_ml,0.21154123623000104,0.013834367554004245,0.1844258758241527,0.23865659663584937,False
2000,0.5,195,dml_if,0.4845339518786635,0.022537765253076016,0.4403599319826345,0.5287079717746925,True
2000,0.5,195,dml_mult_boot,0.4845339518786635,0.022054938162791703,0.440586118461792,0.5265317489452831,True
2000,0.5,195,dml_fixed_nuis_boot,0.4845339518786635,0.022846427444895154,0.43709035774096466,0.5262113564237869,True
2000,0.5,195,dml_pairs_boot,0.4845339518786635,0.024179807266219443,0.4402427811257578,0.5340118092553157,True
2000,0.5,196,naive_ml,0.21734486190854896,0.013590198871650257,0.19070807212011445,0.24398165169698346,False
2000,0.5,196,dml_if,0.49654609408636463,0.02190920929281036,0.45360404387245634,0.5394881443002729,True
2000,0.5,196,dml_mult_boot,0.49654609408636463,0.021561158584118337,0.4569514194228866,0.5363100449444509,True
2000,0.5,196,dml_fixed_nuis_boot,0.49654609408636463,0.021261758646362067,0.45725383207755055,0.5390205188541478,True
2000,0.5,196,dml_pairs_boot,0.49654609408636463,0.024896687720355193,0.457244198135054,0.5413530454382258,True
2000,0.5,197,naive_ml,0.22588195572315575,0.013397393111815254,0.19962306522399786,0.25214084622231364,False
2000,0.5,197,dml_if,0.5298555652229106,0.021857945712838587,0.48701399162574693,0.5726971388200742,True
2000,0.5,197,dml_mult_boot,0.5298555652229106,0.020273152760486073,0.49258989076709253,0.5720166156550356,True
2000,0.5,197,dml_fixed_nuis_boot,0.5298555652229106,0.02073248265989957,0.49049851049117327,0.567594432302407,True
2000,0.5,197,dml_pairs_boot,0.5298555652229106,0.019533184764312192,0.49134983465108045,0.5653065745445349,True
2000,0.5,198,naive_ml,0.2127284280260197,0.013422736140975217,0.1864198651897083,0.23903699086233113,False
2000,0.5,198,dml_if,0.5006634717734834,0.022925106319558873,0.45573026338714795,0.5455966801598188,True
2000,0.5,198,dml_mult_boot,0.5006634717734834,0.02204422684827438,0.45613512770354386,0.544503256349857,True
2000,0.5,198,dml_fixed_nuis_boot,0.5006634717734834,0.023153523877807117,0.45873449990190934,0.5480709137324304,True
2000,0.5,198,dml_pairs_boot,0.5006634717734834,0.02087678672465761,0.4675997959102979,0.5469075208171802,True
2000,0.5,199,naive_ml,0.20807072679728258,0.013610230656100387,0.18139467471132584,0.23474677888323933,False
2000,0.5,199,dml_if,0.4949933057810043,0.021804940153954986,0.45225562307925254,0.5377309884827561,True
2000,0.5,199,dml_mult_boot,0.4949933057810043,0.01989362425326674,0.45537568539181733,0.5334521559086499,True
2000,0.5,199,dml_fixed_nuis_boot,0.4949933057810043,0.02195086626999276,0.44867927749152453,0.5357075622935923,True
2000,0.5,199,dml_pairs_boot,0.4949933057810043,0.02105206580450004,0.45500458894462326,0.5337262520857522,True
