n,theta_true,rep,estimator,theta_hat,se,ci_low,ci_high,covers
500,0.0,0,dml_if,0.06513363900222759,0.11230224022111826,-0.15497875183116422,0.28524602983561936,True
500,0.0,0,dml_mult_boot,0.06513363900222759,0.11646642622150441,-0.1611243397996496,0.28074654395016296,True
500,0.0,0,dml_pairs_boot,0.06513363900222759,0.3611931931144769,-0.1749655148982113,1.1772907222270128,True
500,0.0,1,dml_if,0.13142078885927053,0.3213059782065492,-0.49833892842556593,0.761180506144107,True
500,0.0,1,dml_mult_boot,0.13142078885927053,0.3201880951283879,-0.39650173563660374,0.6266364755312254,True
500,0.0,1,dml_pairs_boot,0.13142078885927053,0.3353013097748422,-0.7507880220079379,0.6652916812472279,True
500,0.0,2,dml_if,-0.28997437461149106,0.1671254425116247,-0.6175402419342755,0.03759149271129336,True
500,0.0,2,dml_mult_boot,-0.28997437461149106,0.16806153302624025,-0.605188834088202,0.04147872430080845,True
500,0.0,2,dml_pairs_boot,-0.28997437461149106,0.23529489775187318,-1.0178922356903821,-0.05658024683525452,False
500,0.0,3,dml_if,0.0852450263775685,0.12268192900643597,-0.155211554475046,0.32570160723018304,True
500,0.0,3,dml_mult_boot,0.0852450263775685,0.11982252547727931,-0.13003875544525248,0.3175238874072322,True
500,0.0,3,dml_pairs_boot,0.0852450263775685,0.32496730813143615,-0.29988488827922144,1.0404255135380303,True
500,0.0,4,dml_if,0.37336101881364614,0.18527348847999214,0.010224981392861543,0.7364970562344307,False
500,0.0,4,dml_mult_boot,0.37336101881364614,0.1888219787038474,0.057001723156549354,0.6975545198156293,False
500,0.0,4,dml_pairs_boot,0.37336101881364614,0.1754890926810802,-0.2214297755585985,0.4333930861157142,True
500,0.0,5,dml_if,-0.05618856257503692,0.11068455780501629,-0.27313029587286886,0.160753170722795,True
500,0.0,5,dml_mult_boot,-0.05618856257503692,0.10416780942601357,-0.26430696683838,0.14266545626229096,True
500,0.0,5,dml_pairs_boot,-0.05618856257503692,0.14208729460949382,-0.3126221176319953,0.203555003304633,True
500,0.0,6,dml_if,-0.14818578192769166,0.25213891189284726,-0.6423780492376723,0.34600648538228895,True
500,0.0,6,dml_mult_boot,-0.14818578192769166,0.24930902871815153,-0.6377106327918532,0.3377864572143179,True
500,0.0,6,dml_pairs_boot,-0.14818578192769166,0.4312979237265461,-1.466249606993672,0.333456345418746,True
500,0.0,7,dml_if,0.15232443848892743,0.15635075569092843,-0.15412304266529228,0.4587719196431471,True
500,0.0,7,dml_mult_boot,0.15232443848892743,0.14983428612835362,-0.12201963725627708,0.4344581199946761,True
500,0.0,7,dml_pairs_boot,0.15232443848892743,0.1820427359933172,-0.10075310040765152,0.6105601037269694,True
500,0.0,8,dml_if,0.0036295552094350396,0.15304822769198806,-0.2963449710668616,0.30360408148573165,True
500,0.0,8,dml_mult_boot,0.0036295552094350396,0.14668403785134163,-0.2645585741038665,0.2961134720046219,True
500,0.0,8,dml_pairs_boot,0.0036295552094350396,1.145269219810829,-2.9604731913177256,0.5954126259716322,True
500,0.0,9,dml_if,-0.01620534928021746,0.2920428740989126,-0.5886093825140861,0.5561986839536512,True
500,0.0,9,dml_mult_boot,-0.01620534928021746,0.2994045277952751,-0.5389661356328175,0.4522034595544534,True
500,0.0,9,dml_pairs_boot,-0.01620534928021746,0.3533636289763868,-0.6185564689577631,0.6799061784356747,True
500,0.0,10,dml_if,0.20798994854744404,0.13298447572839253,-0.052659623880205314,0.4686395209750934,True
500,0.0,10,dml_mult_boot,0.20798994854744404,0.13521713123835669,-0.040326477798155506,0.4745826081642033,True
500,0.0,10,dml_pairs_boot,0.20798994854744404,0.24625760386685805,-0.32578171445645904,0.5939182365378325,True
500,0.0,11,dml_if,-0.35290960291825063,0.4240816326484035,-1.1841096029091214,0.47829039707262017,True
500,0.0,11,dml_mult_boot,-0.35290960291825063,0.4182043997841087,-1.0236924485886494,0.3427169632864201,True
500,0.0,11,dml_pairs_boot,-0.35290960291825063,0.44525753703415916,-1.2797466756556146,0.4590188793487888,True
500,0.0,12,dml_if,-0.032838956910021685,0.1361142464440298,-0.2996228799403201,0.2339449661202767,True
500,0.0,12,dml_mult_boot,-0.032838956910021685,0.13387475998160064,-0.29449966539604505,0.21448033294117344,True
500,0.0,12,dml_pairs_boot,-0.032838956910021685,0.9039773886193907,-2.077765479724562,0.15554809886100196,True
500,0.0,13,dml_if,-0.20518145381959027,0.1785704409400622,-0.5551795180621122,0.14481661042293162,True
500,0.0,13,dml_mult_boot,-0.20518145381959027,0.16665651705513024,-0.5375272287084814,0.09625164028613872,True
500,0.0,13,dml_pairs_boot,-0.20518145381959027,0.23808133394143402,-0.6735468702697511,0.16197760361889235,True
500,0.0,14,dml_if,0.0989060023493949,0.13282338327564577,-0.16142782887087082,0.3592398335696606,True
500,0.0,14,dml_mult_boot,0.0989060023493949,0.1325903281287494,-0.15287520758544135,0.33955686373679944,True
500,0.0,14,dml_pairs_boot,0.0989060023493949,0.24658472096530526,-0.6074984948494165,0.3078458172423037,True
500,0.0,15,dml_if,-0.1760784905028326,0.12686755152138754,-0.4247388914847522,0.07258191047908696,True
500,0.0,15,dml_mult_boot,-0.1760784905028326,0.1265761174407558,-0.4048618785929602,0.08886187105113393,True
500,0.0,15,dml_pairs_boot,-0.1760784905028326,0.14774967205388945,-0.48885938449495525,0.04646259542200224,True
500,0.0,16,dml_if,0.06131741446685785,0.12266573087900903,-0.17910741805599986,0.3017422469897156,True
500,0.0,16,dml_mult_boot,0.06131741446685785,0.12157647353326413,-0.15462081328479815,0.28862240959724184,True
500,0.0,16,dml_pairs_boot,0.06131741446685785,0.12628114888808925,-0.17389533207799512,0.2793074193610495,True
500,0.0,17,dml_if,0.15444533734661064,0.10259844698944558,-0.04664761875270268,0.35553829344592397,True
500,0.0,17,dml_mult_boot,0.15444533734661064,0.1109490209645935,-0.06014130311660197,0.35665573777161874,True
500,0.0,17,dml_pairs_boot,0.15444533734661064,0.15911757668539542,-0.24821407064621925,0.3933572490377331,True
500,0.0,18,dml_if,0.07007857214291897,0.11209761019464597,-0.1496327438385871,0.2897898881244251,True
500,0.0,18,dml_mult_boot,0.07007857214291897,0.1176274068921037,-0.146120288070453,0.29876989212372257,True
500,0.0,18,dml_pairs_boot,0.07007857214291897,0.15743848257993176,-0.21006750485999212,0.3948939889316009,True
500,0.0,19,dml_if,-0.004250231619316523,0.13816184523303804,-0.2750474482760711,0.266546985037438,True
500,0.0,19,dml_mult_boot,-0.004250231619316523,0.13271702846722264,-0.25134681870291226,0.27104405117706537,True
500,0.0,19,dml_pairs_boot,-0.004250231619316523,0.44982031677833895,-0.35172497076042397,1.3669363820112386,True
500,0.0,20,dml_if,-0.17822094449579995,0.1353141800741536,-0.44343673744114104,0.08699484844954114,True
500,0.0,20,dml_mult_boot,-0.17822094449579995,0.1369875180239039,-0.4340928994876952,0.07787308507575585,True
500,0.0,20,dml_pairs_boot,-0.17822094449579995,0.23635856787766263,-0.5457340177592983,0.3308180965913172,True
500,0.0,21,dml_if,-0.21849657360998215,0.14511664563761548,-0.5029251990597084,0.06593205183974415,True
500,0.0,21,dml_mult_boot,-0.21849657360998215,0.14726253320069224,-0.5194247910843284,0.07843000688415405,True
500,0.0,21,dml_pairs_boot,-0.21849657360998215,0.16359343179129915,-0.46971090801649024,0.15569813158486617,True
500,0.0,22,dml_if,-0.11732725039540991,0.11310359825396656,-0.33901030297318435,0.10435580218236455,True
500,0.0,22,dml_mult_boot,-0.11732725039540991,0.10485680191323156,-0.3148465300856324,0.08874733285635329,True
500,0.0,22,dml_pairs_boot,-0.11732725039540991,0.32471558910178067,-0.4662550019326647,0.4743530838876612,True
500,0.0,23,dml_if,0.14513922793100234,0.2600593025568092,-0.36457700508034374,0.6548554609423484,True
500,0.0,23,dml_mult_boot,0.14513922793100234,0.2611096635778195,-0.2943428219539548,0.5613071544302332,True
500,0.0,23,dml_pairs_boot,0.14513922793100234,0.3983378126685607,-0.3493308684670786,0.884573456215042,True
500,0.0,24,dml_if,-0.06170626677689505,0.2522981880397276,-0.5562107153347611,0.432798181780971,True
500,0.0,24,dml_mult_boot,-0.06170626677689505,0.2584513511150881,-0.5258242721312365,0.4104563318604811,True
500,0.0,24,dml_pairs_boot,-0.06170626677689505,0.2619033250051169,-0.7377909484703988,0.22241408401497997,True
500,0.0,25,dml_if,0.20113645323104795,0.14747515088183383,-0.08791484249734632,0.4901877489594422,True
500,0.0,25,dml_mult_boot,0.20113645323104795,0.1468709364958115,-0.10046667095419659,0.4762588254690763,True
500,0.0,25,dml_pairs_boot,0.20113645323104795,0.20704922628611963,-0.3924022541862256,0.36365041086542205,True
500,0.0,26,dml_if,-0.34951556759352015,0.16687226435207275,-0.6765852057235827,-0.02244592946345758,False
500,0.0,26,dml_mult_boot,-0.34951556759352015,0.17027694122513362,-0.6821824047557387,-0.018650433016393155,False
500,0.0,26,dml_pairs_boot,-0.34951556759352015,0.23234582113253413,-0.8557744585844654,-0.017321902674679892,False
500,0.0,27,dml_if,0.10027994546308475,0.16311305792403594,-0.2194216480680257,0.4199815389941952,True
500,0.0,27,dml_mult_boot,0.10027994546308475,0.16383453987405208,-0.22028767184496592,0.40433799930183306,True
500,0.0,27,dml_pairs_boot,0.10027994546308475,0.19140396293931145,-0.42123608830247544,0.3357638384436464,True
500,0.0,28,dml_if,0.2903438204787357,0.19634182720424323,-0.09448616084158101,0.6751738017990524,True
500,0.0,28,dml_mult_boot,0.2903438204787357,0.204148394951027,-0.07924679297304175,0.6770922012798294,True
500,0.0,28,dml_pairs_boot,0.2903438204787357,0.2073910001643559,-0.04174209179485604,0.7497362260209657,True
500,0.0,29,dml_if,-0.07783500886733684,0.1477153295891252,-0.36735705486202225,0.21168703712734854,True
500,0.0,29,dml_mult_boot,-0.07783500886733684,0.1434606675259445,-0.3336738715799935,0.22596964164929373,True
500,0.0,29,dml_pairs_boot,-0.07783500886733684,0.17939510706555306,-0.5351777336241855,0.19311890747163396,True
500,0.0,30,dml_if,0.060853313556439165,0.1869162016499733,-0.3055024416775085,0.4272090687903868,True
500,0.0,30,dml_mult_boot,0.060853313556439165,0.18189156209814408,-0.2653787393544678,0.38011942584935593,True
500,0.0,30,dml_pairs_boot,0.060853313556439165,0.34327351571354775,-0.3508060567731989,1.020846198800086,True
500,0.0,31,dml_if,0.034384707654806106,0.10186756279385585,-0.16527571542115135,0.23404513073076358,True
500,0.0,31,dml_mult_boot,0.034384707654806106,0.10115490371479971,-0.16824356440209715,0.23367964661895446,True
500,0.0,31,dml_pairs_boot,0.034384707654806106,0.18975273060747203,-0.36450749868859356,0.30869573469794137,True
500,0.0,32,dml_if,-0.09599153813574031,0.11479525547784383,-0.3209902388723142,0.1290071626008336,True
500,0.0,32,dml_mult_boot,-0.09599153813574031,0.11607365250930234,-0.31809998242424165,0.11833270374726187,True
500,0.0,32,dml_pairs_boot,-0.09599153813574031,0.15245454279970844,-0.39953772524141296,0.15507951958855987,True
500,0.0,33,dml_if,0.15747116038564038,0.10520674194299164,-0.04873405382262322,0.363676374593904,True
500,0.0,33,dml_mult_boot,0.15747116038564038,0.10638070350139656,-0.05470514720544808,0.3427623560561116,True
500,0.0,33,dml_pairs_boot,0.15747116038564038,0.42413482497787697,-1.1390342014463601,0.5457539484929814,True
500,0.0,34,dml_if,0.2121571369404349,0.1741743588916649,-0.1292246064872283,0.5535388803680981,True
500,0.0,34,dml_mult_boot,0.2121571369404349,0.17636094460864027,-0.10791718666523804,0.5299500012595769,True
500,0.0,34,dml_pairs_boot,0.2121571369404349,0.16397745022828755,-0.2800768414440636,0.3638944276028047,True
500,0.0,35,dml_if,-0.06903449179562307,0.11894966683106016,-0.302175838784501,0.16410685519325485,True
500,0.0,35,dml_mult_boot,-0.06903449179562307,0.11649455219150429,-0.31809661881788664,0.14751897154279425,True
500,0.0,35,dml_pairs_boot,-0.06903449179562307,0.18931963296197943,-0.37231528575040296,0.161319476174589,True
500,0.0,36,dml_if,0.11108966104690762,0.15396645850683432,-0.19068459762648762,0.4128639197203029,True
500,0.0,36,dml_mult_boot,0.11108966104690762,0.15487286880222922,-0.1747691752021536,0.41129429271438234,True
500,0.0,36,dml_pairs_boot,0.11108966104690762,0.20387977195849916,-0.2474771047239158,0.6149558788150593,True
500,0.0,37,dml_if,-0.1394060007569163,0.1545297252842274,-0.442284262314002,0.16347226080016938,True
500,0.0,37,dml_mult_boot,-0.1394060007569163,0.16156410235631513,-0.44702337945835463,0.17644925017261295,True
500,0.0,37,dml_pairs_boot,-0.1394060007569163,0.4027751252957535,-1.3254030357681854,0.2788161812900116,True
500,0.0,38,dml_if,0.13824596248774682,0.12156161352380802,-0.10001480001891691,0.3765067249944105,True
500,0.0,38,dml_mult_boot,0.13824596248774682,0.12701575593919306,-0.09727050281409408,0.3737726468961001,True
500,0.0,38,dml_pairs_boot,0.13824596248774682,0.16594980963782108,-0.20891244317896612,0.4354298848516794,True
500,0.0,39,dml_if,0.12857153329509655,0.12111433626844302,-0.10881256579105178,0.36595563238124484,True
500,0.0,39,dml_mult_boot,0.12857153329509655,0.12245105702181823,-0.10669256482567188,0.34671786817440686,True
500,0.0,39,dml_pairs_boot,0.12857153329509655,0.18743958067944164,-0.248924032947731,0.48316294698907297,True
500,0.0,40,dml_if,-0.019339961769354666,0.12477813800299575,-0.26390511225522634,0.22522518871651703,True
500,0.0,40,dml_mult_boot,-0.019339961769354666,0.12553552545110985,-0.2414658083636537,0.24680324971847675,True
500,0.0,40,dml_pairs_boot,-0.019339961769354666,0.14130317879531998,-0.29795713290675496,0.21290959206122922,True
500,0.0,41,dml_if,-0.37072217465568486,0.15876751310085194,-0.6819065003333546,-0.05953784897801506,False
500,0.0,41,dml_mult_boot,-0.37072217465568486,0.15311803820863498,-0.655477651330923,-0.07936322790533917,False
500,0.0,41,dml_pairs_boot,-0.37072217465568486,0.21403140052494946,-0.7925555600471064,-0.05013049298010937,False
500,0.0,42,dml_if,0.17785894678061437,0.23021448572331824,-0.2733614452370894,0.6290793387983181,True
500,0.0,42,dml_mult_boot,0.17785894678061437,0.225071489766896,-0.201169908220345,0.5758775437856712,True
500,0.0,42,dml_pairs_boot,0.17785894678061437,0.2122771231357792,-0.2644186939422016,0.3980350328556507,True
500,0.0,43,dml_if,0.3448750354641404,0.19522008462173882,-0.037756330394467685,0.7275064013227485,True
500,0.0,43,dml_mult_boot,0.3448750354641404,0.19759917724162682,-0.011299697267819394,0.7366305257995928,True
500,0.0,43,dml_pairs_boot,0.3448750354641404,0.17345720073504492,-0.054685686735924555,0.6185327362257471,True
500,0.0,44,dml_if,0.10193489343756076,0.12649226406295389,-0.14598994412582886,0.34985973100095036,True
500,0.0,44,dml_mult_boot,0.10193489343756076,0.12459941106500487,-0.16002614125683004,0.34902046785502894,True
500,0.0,44,dml_pairs_boot,0.10193489343756076,0.1677954256698689,-0.3565015530710899,0.2577160080396845,True
500,0.0,45,dml_if,0.08822692210223378,0.10900982702035665,-0.12543233885766525,0.30188618306213283,True
500,0.0,45,dml_mult_boot,0.08822692210223378,0.10635472838964934,-0.1149429670831692,0.28618479398000835,True
500,0.0,45,dml_pairs_boot,0.08822692210223378,0.2015652548295213,-0.22050268802539927,0.5222080577039238,True
500,0.0,46,dml_if,0.012366947405028271,0.2816520779540347,-0.5396711253848797,0.5644050201949363,True
500,0.0,46,dml_mult_boot,0.012366947405028271,0.29315053823070714,-0.5259957275035783,0.5786192068917863,True
500,0.0,46,dml_pairs_boot,0.012366947405028271,0.3710179582372612,-0.6515782277509553,0.7260267275205824,True
500,0.0,47,dml_if,-0.21021355785808057,0.13217127712007148,-0.4692692610134207,0.048842145297259526,True
500,0.0,47,dml_mult_boot,-0.21021355785808057,0.12826332398660803,-0.4662329078744614,0.04022218183548628,True
500,0.0,47,dml_pairs_boot,-0.21021355785808057,0.1417365993684733,-0.4315482719613213,0.15232161516187426,True
500,0.0,48,dml_if,0.09808463866955745,0.13953405263957927,-0.17540210450401789,0.3715713818431328,True
500,0.0,48,dml_mult_boot,0.09808463866955745,0.14052202345291648,-0.18315760237395115,0.3593454759442445,True
500,0.0,48,dml_pairs_boot,0.09808463866955745,0.18568856636474643,-0.2808038902342345,0.3930422911979915,True
500,0.0,49,dml_if,-0.16496585124890267,0.1348650635005416,-0.4293013757099642,0.09936967321215884,True
500,0.0,49,dml_mult_boot,-0.16496585124890267,0.12886309740736315,-0.4080790387179406,0.08933489367910918,True
500,0.0,49,dml_pairs_boot,-0.16496585124890267,0.12361444250281704,-0.31917525836241467,0.16152370360889526,True
500,0.0,50,dml_if,0.26771128054355836,0.10795311425946619,0.056123176595004626,0.47929938449211207,False
500,0.0,50,dml_mult_boot,0.26771128054355836,0.10746828244585153,0.05976056158558479,0.47370866799850964,False
500,0.0,50,dml_pairs_boot,0.26771128054355836,0.14884993411412567,-0.06018924054118817,0.5237079709090966,True
500,0.0,51,dml_if,-0.17149405699521936,0.16405728256672525,-0.49304633082600086,0.15005821683556214,True
500,0.0,51,dml_mult_boot,-0.17149405699521936,0.15680451328406667,-0.48195666195947945,0.10509904757372177,True
500,0.0,51,dml_pairs_boot,-0.17149405699521936,0.21667537023928174,-0.5526478111394514,0.21392236354082902,True
500,0.0,52,dml_if,0.01563067149164017,0.12979895986884063,-0.2387752898512875,0.2700366328345678,True
500,0.0,52,dml_mult_boot,0.01563067149164017,0.12903698066120275,-0.21965847050781195,0.2668630483517574,True
500,0.0,52,dml_pairs_boot,0.01563067149164017,0.16261229430687413,-0.27172047667834226,0.28178281560943313,True
500,0.0,53,dml_if,-0.10932869259985958,0.11195476631417843,-0.3287600345756493,0.11010264937593015,True
500,0.0,53,dml_mult_boot,-0.10932869259985958,0.11238765703304728,-0.3213769412365772,0.11617925253160061,True
500,0.0,53,dml_pairs_boot,-0.10932869259985958,0.44061173156371564,-1.2287023642098818,0.21072951308887128,True
500,0.0,54,dml_if,0.20617552817179732,0.10263573137115758,0.005009494684328458,0.40734156165926616,False
500,0.0,54,dml_mult_boot,0.20617552817179732,0.10140278086027978,0.013593014022442076,0.4129035672132213,False
500,0.0,54,dml_pairs_boot,0.20617552817179732,0.14698250022895276,-0.1321973440478677,0.4190659681546624,True
500,0.0,55,dml_if,0.33432893770457023,0.1431960176289422,0.0536647431518435,0.614993132257297,False
500,0.0,55,dml_mult_boot,0.33432893770457023,0.1507890074908818,0.06373100443349648,0.6490686361802465,False
500,0.0,55,dml_pairs_boot,0.33432893770457023,0.18633003873623347,-0.007588700839405667,0.6835163942642545,True
500,0.0,56,dml_if,-0.29002155712723177,0.09884955616312605,-0.4837666872069588,-0.09627642704750472,False
500,0.0,56,dml_mult_boot,-0.29002155712723177,0.10049755784664116,-0.4754575397240639,-0.09660747417788464,False
500,0.0,56,dml_pairs_boot,-0.29002155712723177,0.14297275540846105,-0.5865584234692366,-0.07417659469761059,False
500,0.0,57,dml_if,-0.040488020681540615,0.11087388018171153,-0.2578008258376952,0.17682478447461397,True
500,0.0,57,dml_mult_boot,-0.040488020681540615,0.10924847803402274,-0.23484982718418485,0.1600156557187169,True
500,0.0,57,dml_pairs_boot,-0.040488020681540615,0.14064187453787622,-0.3711300353873962,0.20110070642231642,True
500,0.0,58,dml_if,0.002089735976024009,0.14229850026730706,-0.2768153245478978,0.28099479649994585,True
500,0.0,58,dml_mult_boot,0.002089735976024009,0.14510098526934107,-0.2924190544684766,0.2859455035987765,True
500,0.0,58,dml_pairs_boot,0.002089735976024009,0.1731392458808227,-0.4649537902727377,0.18091539796368908,True
500,0.0,59,dml_if,-0.22723832552298628,0.10326779564962435,-0.42964320499624997,-0.02483344604972257,False
500,0.0,59,dml_mult_boot,-0.22723832552298628,0.1038266159344759,-0.42639200608449357,-0.03136119905897108,False
500,0.0,59,dml_pairs_boot,-0.22723832552298628,0.18629356954469764,-0.6718280973420053,0.01880007811227949,True
500,0.0,60,dml_if,-0.043911234758486614,0.26982647578297875,-0.572771127293125,0.48494865777615176,True
500,0.0,60,dml_mult_boot,-0.043911234758486614,0.2719817711475144,-0.5055374702101139,0.4448298495175043,True
500,0.0,60,dml_pairs_boot,-0.043911234758486614,0.34289351965874315,-0.7999343318335768,0.47393662282500465,True
500,0.0,61,dml_if,-0.21805564498841262,0.16259917708915944,-0.5367500320831651,0.10063874210633988,True
500,0.0,61,dml_mult_boot,-0.21805564498841262,0.1594413461988811,-0.5068280635053375,0.0867611965021328,True
500,0.0,61,dml_pairs_boot,-0.21805564498841262,0.20031381868187015,-0.6838681215300466,0.05124769273489625,True
500,0.0,62,dml_if,-0.13632053507944358,0.099354476421771,-0.3310553088661148,0.05841423870722759,True
500,0.0,62,dml_mult_boot,-0.13632053507944358,0.09860769225734442,-0.326463504914895,0.07003262961463863,True
500,0.0,62,dml_pairs_boot,-0.13632053507944358,0.13736281855072233,-0.41250738900801215,0.04695070191641999,True
500,0.0,63,dml_if,-0.08898288361419252,0.14230602775031742,-0.3679026980048147,0.18993693077642962,True
500,0.0,63,dml_mult_boot,-0.08898288361419252,0.13906633320573342,-0.3607490969172833,0.18752454766515975,True
500,0.0,63,dml_pairs_boot,-0.08898288361419252,0.1807890294378262,-0.40744471121378445,0.2652539500215275,True
500,0.0,64,dml_if,-0.2951294466688921,0.1308448500910666,-0.5515853528473826,-0.03867354049040156,False
500,0.0,64,dml_mult_boot,-0.2951294466688921,0.1300524788080808,-0.5384325349751967,-0.030995343561032538,False
500,0.0,64,dml_pairs_boot,-0.2951294466688921,0.35925559125305045,-1.1174453099469297,0.01868123825720496,True
500,0.0,65,dml_if,0.06434115419887845,0.151349227158029,-0.2323033310308584,0.3609856394286153,True
500,0.0,65,dml_mult_boot,0.06434115419887845,0.15365220738545396,-0.2601023719809826,0.35299311774128184,True
500,0.0,65,dml_pairs_boot,0.06434115419887845,0.1467877273416983,-0.26894556494951916,0.29376823740144353,True
500,0.0,66,dml_if,0.062334726677433665,0.11436768707173652,-0.16182593998316988,0.2864953933380372,True
500,0.0,66,dml_mult_boot,0.062334726677433665,0.12245032229484958,-0.17803698352426156,0.29244187009030287,True
500,0.0,66,dml_pairs_boot,0.062334726677433665,0.3159725688273348,-0.8956911383721035,0.2931426034897247,True
500,0.0,67,dml_if,0.1638994896280164,0.16284568213741932,-0.15527804736132547,0.4830770266173583,True
500,0.0,67,dml_mult_boot,0.1638994896280164,0.16452592484592182,-0.14894471267048004,0.4949715817723454,True
500,0.0,67,dml_pairs_boot,0.1638994896280164,0.17395388918431332,-0.09099951125040368,0.646188549432584,True
500,0.0,68,dml_if,0.01963621195827396,0.12740549299641798,-0.2300785543147053,0.2693509782312532,True
500,0.0,68,dml_mult_boot,0.01963621195827396,0.12450045149785718,-0.24678118627157267,0.2427646047980751,True
500,0.0,68,dml_pairs_boot,0.01963621195827396,0.6996026609245224,-0.5892818578032406,0.3468288202931349,True
500,0.0,69,dml_if,0.05361743187677971,0.1545996124770365,-0.2493978085782118,0.3566326723317712,True
500,0.0,69,dml_mult_boot,0.05361743187677971,0.15397806177052079,-0.2328558794953265,0.3474764931326865,True
500,0.0,69,dml_pairs_boot,0.05361743187677971,0.17701663851861252,-0.31102811453107826,0.3865110676987852,True
500,0.0,70,dml_if,0.22714780360748404,0.23986922234246308,-0.24299587218374358,0.6972914793987117,True
500,0.0,70,dml_mult_boot,0.22714780360748404,0.24069123477971194,-0.23060535678890154,0.7127695890217204,True
500,0.0,70,dml_pairs_boot,0.22714780360748404,0.23664992659325493,-0.2467659196210715,0.5549449878517211,True
500,0.0,71,dml_if,0.10375160503894153,0.10652316151323349,-0.10503379152699611,0.3125370016048792,True
500,0.0,71,dml_mult_boot,0.10375160503894153,0.10140799504964898,-0.09388274833088786,0.3002349845987264,True
500,0.0,71,dml_pairs_boot,0.10375160503894153,0.21864622347493162,-0.39135829619256546,0.4249362895362016,True
500,0.0,72,dml_if,0.0011573133090577415,0.18022076953309277,-0.3520753949758041,0.3543900215939195,True
500,0.0,72,dml_mult_boot,0.0011573133090577415,0.16761799248924952,-0.2990806481890733,0.34531672283597925,True
500,0.0,72,dml_pairs_boot,0.0011573133090577415,0.2015995445994703,-0.3912651796353007,0.3519419851600114,True
500,0.0,73,dml_if,-0.10977901004026244,0.16567622890810554,-0.43450441870014933,0.21494639861962442,True
500,0.0,73,dml_mult_boot,-0.10977901004026244,0.17151113534648577,-0.39655365749575466,0.23887667236629023,True
500,0.0,73,dml_pairs_boot,-0.10977901004026244,0.4699091438239744,-0.7596415191061948,0.22366068177821175,True
500,0.0,74,dml_if,-0.0335158096983329,0.1361055211942803,-0.30028263123912224,0.23325101184245645,True
500,0.0,74,dml_mult_boot,-0.0335158096983329,0.13556629162033906,-0.27561350352377817,0.23616805320374512,True
500,0.0,74,dml_pairs_boot,-0.0335158096983329,0.9204153416004228,-3.091545173286665,0.32100337199422013,True
500,0.0,75,dml_if,0.12542315723069575,0.1553932933847741,-0.17914769780346146,0.42999401226485295,True
500,0.0,75,dml_mult_boot,0.12542315723069575,0.1516876868739545,-0.17058802413675755,0.3895436710092152,True
500,0.0,75,dml_pairs_boot,0.12542315723069575,0.18592947872594726,-0.19410312397660764,0.5516544372686203,True
500,0.0,76,dml_if,0.3154228168159085,0.2621988844946845,-0.19848699679367304,0.82933263042549,True
500,0.0,76,dml_mult_boot,0.3154228168159085,0.2662715611939887,-0.13025086790957227,0.7755634738661924,True
500,0.0,76,dml_pairs_boot,0.3154228168159085,0.35629365233791893,-0.2263887658442591,1.1031304847150047,True
500,0.0,77,dml_if,-0.18013382168583722,0.4132440639968099,-0.9900921871195847,0.6298245437479102,True
500,0.0,77,dml_mult_boot,-0.18013382168583722,0.4203053748079691,-0.9042646790983576,0.49302999286118093,True
500,0.0,77,dml_pairs_boot,-0.18013382168583722,0.6005467252460722,-1.440057917142028,0.4011014873958134,True
500,0.0,78,dml_if,0.17913909873063388,0.3537704929892059,-0.5142510675282097,0.8725292649894774,True
500,0.0,78,dml_mult_boot,0.17913909873063388,0.3622451523056572,-0.49209642586797203,0.8288862927420277,True
500,0.0,78,dml_pairs_boot,0.17913909873063388,0.35729819084564707,-0.6365253403615528,0.5728460582517833,True
500,0.0,79,dml_if,-0.0848245691232271,0.10182340528424172,-0.2843984434803409,0.11474930523388667,True
500,0.0,79,dml_mult_boot,-0.0848245691232271,0.10276756211657878,-0.2647203330198008,0.13197085564607505,True
500,0.0,79,dml_pairs_boot,-0.0848245691232271,0.2101832397625217,-0.38543095420140905,0.354537693294937,True
500,0.0,80,dml_if,0.0166858358630806,0.1350506176715224,-0.2480133747731033,0.2813850464992645,True
500,0.0,80,dml_mult_boot,0.0166858358630806,0.1367535433251833,-0.24974158737755378,0.2927682808083461,True
500,0.0,80,dml_pairs_boot,0.0166858358630806,0.14822592680007768,-0.2671425048549924,0.30900487130006965,True
500,0.0,81,dml_if,0.13781053523321915,0.11491232725851917,-0.08741762619347843,0.3630386966599167,True
500,0.0,81,dml_mult_boot,0.13781053523321915,0.11697096650540027,-0.09668249093728569,0.36677721263518204,True
500,0.0,81,dml_pairs_boot,0.13781053523321915,0.1593820559644491,-0.0789174059438894,0.5394268212790514,True
500,0.0,82,dml_if,-0.08075272859872402,0.12996567675029744,-0.335485455029307,0.17397999783185897,True
500,0.0,82,dml_mult_boot,-0.08075272859872402,0.13507284596229213,-0.32732660323418505,0.173346011186643,True
500,0.0,82,dml_pairs_boot,-0.08075272859872402,0.14261337459850046,-0.2897549823327314,0.2462334135063251,True
500,0.0,83,dml_if,0.02032786424823665,0.10079960694216636,-0.1772393653584094,0.2178950938548827,True
500,0.0,83,dml_mult_boot,0.02032786424823665,0.09993023578424143,-0.17463560981827375,0.2213812448369406,True
500,0.0,83,dml_pairs_boot,0.02032786424823665,0.11102990380898087,-0.1788692104564696,0.2532128465296657,True
500,0.0,84,dml_if,-0.288174716361228,0.20747885929706442,-0.6948332805834743,0.11848384786101823,True
500,0.0,84,dml_mult_boot,-0.288174716361228,0.2015739657035015,-0.6785746936901378,0.07337296926489027,True
500,0.0,84,dml_pairs_boot,-0.288174716361228,0.17937377806622304,-0.5625406168372137,0.12967374367883117,True
500,0.0,85,dml_if,0.02414171461336983,0.251463550105326,-0.46872684359306915,0.5170102728198088,True
500,0.0,85,dml_mult_boot,0.02414171461336983,0.24829986865855574,-0.43341233623810665,0.49960955411367375,True
500,0.0,85,dml_pairs_boot,0.02414171461336983,0.3614890667722575,-1.032502881367566,0.48959425445078575,True
500,0.0,86,dml_if,-0.018119300978728894,0.11763325905790294,-0.24868048873221865,0.21244188677476084,True
500,0.0,86,dml_mult_boot,-0.018119300978728894,0.11768373764645162,-0.25658909966078963,0.19501279582845438,True
500,0.0,86,dml_pairs_boot,-0.018119300978728894,0.26607464365791483,-0.9416165174453381,0.14751346913352734,True
500,0.0,87,dml_if,-0.18375744265383964,0.2454969172185948,-0.6649314004022855,0.29741651509460615,True
500,0.0,87,dml_mult_boot,-0.18375744265383964,0.2569164686961283,-0.6021452879387257,0.24927055990755445,True
500,0.0,87,dml_pairs_boot,-0.18375744265383964,0.4808901127244013,-0.8502698688500734,1.0630975319762668,True
500,0.0,88,dml_if,0.11938951680609046,0.12273001549396237,-0.12116131356207578,0.3599403471742567,True
500,0.0,88,dml_mult_boot,0.11938951680609046,0.12474721184922151,-0.132756596403521,0.36800096351397354,True
500,0.0,88,dml_pairs_boot,0.11938951680609046,0.15567402104962727,-0.2971335892714636,0.32617954487398304,True
500,0.0,89,dml_if,0.20118506337397624,0.14541359487907,-0.08382558258900091,0.4861957093369534,True
500,0.0,89,dml_mult_boot,0.20118506337397624,0.16110448629886065,-0.1363072659453718,0.4867850559492536,True
500,0.0,89,dml_pairs_boot,0.20118506337397624,0.1986758563957177,-0.14889085453022813,0.6106537241624144,True
500,0.0,90,dml_if,0.024323983274902424,0.1281604490867194,-0.22687049693506756,0.2755184634848724,True
500,0.0,90,dml_mult_boot,0.024323983274902424,0.12757250119092392,-0.2327945630528417,0.2717564159381656,True
500,0.0,90,dml_pairs_boot,0.024323983274902424,0.14077201886217927,-0.34499157036271755,0.18371331019934825,True
500,0.0,91,dml_if,-0.13558724109904804,0.15247338998124937,-0.4344350854622968,0.16326060326420075,True
500,0.0,91,dml_mult_boot,-0.13558724109904804,0.15364115026688988,-0.4064520799330914,0.15107342879484445,True
500,0.0,91,dml_pairs_boot,-0.13558724109904804,0.19542943973734994,-0.47013054750957217,0.182960892646876,True
500,0.0,92,dml_if,0.058024631216225045,0.11328904430286084,-0.16402189561738217,0.2800711580498323,True
500,0.0,92,dml_mult_boot,0.058024631216225045,0.11531506509240678,-0.15790138234461282,0.27438783922285176,True
500,0.0,92,dml_pairs_boot,0.058024631216225045,0.13615899222684963,-0.15869765062339816,0.39330597614523305,True
500,0.0,93,dml_if,-0.003116533593651191,0.09439286809647066,-0.18812655506273368,0.1818934878754313,True
500,0.0,93,dml_mult_boot,-0.003116533593651191,0.09513979935609149,-0.18696547195080127,0.17797549112465874,True
500,0.0,93,dml_pairs_boot,-0.003116533593651191,0.17941412300844178,-0.43225561867293233,0.1364682780994755,True
500,0.0,94,dml_if,0.09587656946212976,0.15080533040472863,-0.19970187813113838,0.39145501705539787,True
500,0.0,94,dml_mult_boot,0.09587656946212976,0.14505026112949496,-0.16872281448890972,0.39435058424756536,True
500,0.0,94,dml_pairs_boot,0.09587656946212976,0.18315452666401788,-0.1576803534217316,0.5312889522720793,True
500,0.0,95,dml_if,0.07265429743164535,0.1081284464331936,-0.1392774575774141,0.2845860524407048,True
500,0.0,95,dml_mult_boot,0.07265429743164535,0.1026153187083769,-0.12900720027053922,0.2723865366817324,True
500,0.0,95,dml_pairs_boot,0.07265429743164535,0.1650056849372248,-0.17450016254035738,0.5253409270442947,True
500,0.0,96,dml_if,-0.5020047723810945,0.3335960922576435,-1.1558531132060756,0.1518435684438867,True
500,0.0,96,dml_mult_boot,-0.5020047723810945,0.324256442400912,-1.0374994917705525,0.017294824039697114,True
500,0.0,96,dml_pairs_boot,-0.5020047723810945,0.735325587975988,-2.2138750065958908,0.3747233351838348,True
500,0.0,97,dml_if,0.0731686217935174,0.14179279706378564,-0.20474526045150243,0.35108250403853725,True
500,0.0,97,dml_mult_boot,0.0731686217935174,0.14746382957452975,-0.2149041222460594,0.31824548041380263,True
500,0.0,97,dml_pairs_boot,0.0731686217935174,0.15837687465730954,-0.29862732734455627,0.2876084928468653,True
500,0.0,98,dml_if,0.3888911875376988,0.4442993629615862,-0.4819355638670101,1.2597179389424076,True
500,0.0,98,dml_mult_boot,0.3888911875376988,0.46253291725935497,-0.31900241634907667,1.0762249101079568,True
500,0.0,98,dml_pairs_boot,0.3888911875376988,1.1191182987451487,-0.38890780425157345,3.0573840720546857,True
500,0.0,99,dml_if,0.16751732534514951,0.09955476309506892,-0.02761001032118557,0.3626446610114846,True
500,0.0,99,dml_mult_boot,0.16751732534514951,0.10123916182763998,-0.024036566552833774,0.3679853717085166,True
500,0.0,99,dml_pairs_boot,0.16751732534514951,0.15726408056141103,-0.17382392657086718,0.4526093489898792,True
500,0.0,100,dml_if,0.4103222614878232,0.1895164644083449,0.03886999124746715,0.7817745317281792,False
500,0.0,100,dml_mult_boot,0.4103222614878232,0.19241393332421666,0.03470367993790074,0.7662718464947293,False
500,0.0,100,dml_pairs_boot,0.4103222614878232,0.2922416976864168,-0.06852185732460828,0.8508614202384087,True
500,0.0,101,dml_if,-0.25898140408852127,0.16215095580242891,-0.576797277461282,0.05883446928423941,True
500,0.0,101,dml_mult_boot,-0.25898140408852127,0.16172804150679793,-0.5871964789290525,0.013866857952954625,True
500,0.0,101,dml_pairs_boot,-0.25898140408852127,0.24556505910321755,-0.8766169048542715,-0.0076292482718854715,False
500,0.0,102,dml_if,-0.004789576058703926,0.11332357518989816,-0.2269037834309043,0.21732463131349647,True
500,0.0,102,dml_mult_boot,-0.004789576058703926,0.10825588944092436,-0.21778739560090463,0.1995182444416979,True
500,0.0,102,dml_pairs_boot,-0.004789576058703926,0.14347660070783927,-0.22861637966935175,0.28262725880403844,True
500,0.0,103,dml_if,0.24383821587497062,0.1590504671439061,-0.06790069972708535,0.5555771314770266,True
500,0.0,103,dml_mult_boot,0.24383821587497062,0.16303987544911905,-0.06265737907765569,0.565111179337061,True
500,0.0,103,dml_pairs_boot,0.24383821587497062,0.23622733420818404,-0.16691520550022795,0.7546707130840842,True
500,0.0,104,dml_if,0.027649593297795698,0.11719533729678752,-0.20205326780390784,0.2573524543994992,True
500,0.0,104,dml_mult_boot,0.027649593297795698,0.11885854454293507,-0.1996080534153859,0.24272111286127937,True
500,0.0,104,dml_pairs_boot,0.027649593297795698,0.3747047794036489,-0.5498463696231962,0.4709448548909968,True
500,0.0,105,dml_if,0.14368276690836335,0.20448405572066183,-0.25710598230413384,0.5444715161208605,True
500,0.0,105,dml_mult_boot,0.14368276690836335,0.20573152381353943,-0.26509445678774435,0.5369649964442759,True
500,0.0,105,dml_pairs_boot,0.14368276690836335,0.20764572300983603,-0.06631069433800574,0.6970380797681984,True
500,0.0,106,dml_if,-0.2816879192787454,0.19934963448756832,-0.6724132028743793,0.10903736431688849,True
500,0.0,106,dml_mult_boot,-0.2816879192787454,0.19979247522582516,-0.6604262513822657,0.1191911605280267,True
500,0.0,106,dml_pairs_boot,-0.2816879192787454,0.2926340059606747,-0.8462706970944034,0.1770409717900579,True
500,0.0,107,dml_if,-0.29841550962640745,0.33918288453044826,-0.9632139633060861,0.36638294405327115,True
500,0.0,107,dml_mult_boot,-0.29841550962640745,0.3451004230973818,-0.8355040362778852,0.26491461555287854,True
500,0.0,107,dml_pairs_boot,-0.29841550962640745,0.23727204457511344,-0.7498861757989992,0.2213065146022069,True
500,0.0,108,dml_if,0.5148487825199466,0.26406494233038885,-0.002718504447615566,1.0324160694875086,True
500,0.0,108,dml_mult_boot,0.5148487825199466,0.2683849984582971,0.08172111140536728,1.0087377857170678,False
500,0.0,108,dml_pairs_boot,0.5148487825199466,0.20284716103784503,-0.10387717081915222,0.5540322041905199,True
500,0.0,109,dml_if,0.03446205577280295,0.23435322529654096,-0.42487026580841736,0.4937943773540232,True
500,0.0,109,dml_mult_boot,0.03446205577280295,0.240485571907855,-0.42080517044443827,0.48992576654269915,True
500,0.0,109,dml_pairs_boot,0.03446205577280295,0.5973761241435231,-1.5288200943249306,0.5183574573618674,True
500,0.0,110,dml_if,-0.36617869256991903,0.2851030537448888,-0.924980677909901,0.19262329277006301,True
500,0.0,110,dml_mult_boot,-0.36617869256991903,0.28215198905060407,-0.8384387724390161,0.11969891130442076,True
500,0.0,110,dml_pairs_boot,-0.36617869256991903,0.497042811794013,-1.5726442786432295,0.21755067692426203,True
500,0.0,111,dml_if,-0.08455096853225484,0.15608030571461304,-0.3904683677328964,0.22136643066838668,True
500,0.0,111,dml_mult_boot,-0.08455096853225484,0.15417755786085066,-0.37109802921380214,0.19500921575684335,True
500,0.0,111,dml_pairs_boot,-0.08455096853225484,0.2546199746957973,-0.7974176690882488,0.16817328630577086,True
500,0.0,112,dml_if,0.16591427451763222,0.10772469224940451,-0.04522612229120063,0.3770546713264651,True
500,0.0,112,dml_mult_boot,0.16591427451763222,0.11115187180813473,-0.03495966374191421,0.39194318734549194,True
500,0.0,112,dml_pairs_boot,0.16591427451763222,0.1587536798819757,-0.20340499209106816,0.44212664832961845,True
500,0.0,113,dml_if,0.1941296575264248,0.1906826826305261,-0.17960840042940635,0.567867715482256,True
500,0.0,113,dml_mult_boot,0.1941296575264248,0.19514475239268794,-0.16784484661446408,0.5852094810354984,True
500,0.0,113,dml_pairs_boot,0.1941296575264248,0.17301190909967173,-0.17262666044028335,0.5125207751611226,True
500,0.0,114,dml_if,0.09023130309171112,0.20412009621299956,-0.30984408548576803,0.4903066916691903,True
500,0.0,114,dml_mult_boot,0.09023130309171112,0.20609695633931338,-0.2935114969423595,0.47702794705731266,True
500,0.0,114,dml_pairs_boot,0.09023130309171112,0.17326858021020888,-0.37554013618658677,0.3092569897978079,True
500,0.0,115,dml_if,-0.29021277934677936,0.2128795519684295,-0.7074567012049011,0.12703114251134245,True
500,0.0,115,dml_mult_boot,-0.29021277934677936,0.21244761560640738,-0.6874824261429013,0.10177237327685457,True
500,0.0,115,dml_pairs_boot,-0.29021277934677936,0.23418892733003494,-0.8032699158276323,0.16359165219698046,True
500,0.0,116,dml_if,-0.0792882748699035,0.15211450380539027,-0.3774327023284684,0.2188561525886614,True
500,0.0,116,dml_mult_boot,-0.0792882748699035,0.14862969234800438,-0.363192073633048,0.21356670055285237,True
500,0.0,116,dml_pairs_boot,-0.0792882748699035,0.2892026847800123,-0.38184085492504527,0.25299436689380617,True
500,0.0,117,dml_if,0.014285212455204132,0.1116000476483495,-0.20445088093556088,0.23302130584596917,True
500,0.0,117,dml_mult_boot,0.014285212455204132,0.11082901142268839,-0.2044841724959256,0.22862483791510763,True
500,0.0,117,dml_pairs_boot,0.014285212455204132,0.3289952821091986,-1.1477120874436104,0.3066097497457539,True
500,0.0,118,dml_if,-0.07479849195579709,0.12878448056569552,-0.3272160738645603,0.17761908995296616,True
500,0.0,118,dml_mult_boot,-0.07479849195579709,0.12223755705907295,-0.3257616063483666,0.14918298318278364,True
500,0.0,118,dml_pairs_boot,-0.07479849195579709,0.15722675259632526,-0.37123151211197336,0.20748616066831624,True
500,0.0,119,dml_if,-0.08124018831035387,0.14241046320196543,-0.36036469618620615,0.19788431956549837,True
500,0.0,119,dml_mult_boot,-0.08124018831035387,0.14703955697696097,-0.3587455313739589,0.1971339239345047,True
500,0.0,119,dml_pairs_boot,-0.08124018831035387,0.28402819597715667,-0.6054163124147662,0.42437336840313716,True
500,0.0,120,dml_if,-0.0036026484741789487,0.14280059946636664,-0.28349182342825757,0.27628652647989965,True
500,0.0,120,dml_mult_boot,-0.0036026484741789487,0.1459586032767394,-0.28789423531733466,0.27916982354048037,True
500,0.0,120,dml_pairs_boot,-0.0036026484741789487,0.17278305152710927,-0.4644562527071459,0.22120727944189175,True
500,0.0,121,dml_if,-0.053618020782760956,0.1745392334755611,-0.3957149183948607,0.2884788768293388,True
500,0.0,121,dml_mult_boot,-0.053618020782760956,0.1715306971547886,-0.3873220382206331,0.2659816885049632,True
500,0.0,121,dml_pairs_boot,-0.053618020782760956,0.16415555286958552,-0.3344168532072189,0.27500994971859416,True
500,0.0,122,dml_if,0.09665825569793741,0.15655850528259752,-0.21019641465595373,0.40351292605182854,True
500,0.0,122,dml_mult_boot,0.09665825569793741,0.15200727985881887,-0.21313744240565585,0.39141261876748523,True
500,0.0,122,dml_pairs_boot,0.09665825569793741,0.19060230312734597,-0.35577760280118825,0.3876058519913546,True
500,0.0,123,dml_if,0.05917093788305249,0.11423195450412399,-0.1647236929450305,0.2830655687111355,True
500,0.0,123,dml_mult_boot,0.05917093788305249,0.11192647002765775,-0.18292051962051628,0.2659280592313462,True
500,0.0,123,dml_pairs_boot,0.05917093788305249,0.19419694913588112,-0.5037710058110433,0.26377485887517393,True
500,0.0,124,dml_if,-0.2701090304683761,0.16919792030829256,-0.6017369542726295,0.061518893335877345,True
500,0.0,124,dml_mult_boot,-0.2701090304683761,0.16900338565922862,-0.5797940730059864,0.06568343479200674,True
500,0.0,124,dml_pairs_boot,-0.2701090304683761,0.2777675448145597,-0.7106363646673384,0.02705455164530736,True
500,0.0,125,dml_if,-0.02690037226403554,0.10340747601431603,-0.22957902525209498,0.17577828072402388,True
500,0.0,125,dml_mult_boot,-0.02690037226403554,0.1058757414222077,-0.22801920772686543,0.1807782514882063,True
500,0.0,125,dml_pairs_boot,-0.02690037226403554,0.3837072850313951,-0.7305392067042012,0.8583679809720945,True
500,0.0,126,dml_if,-0.16696873887033978,0.17873088030908515,-0.5172812642761466,0.1833437865354671,True
500,0.0,126,dml_mult_boot,-0.16696873887033978,0.17756018246852118,-0.5136921799427565,0.1746019428813551,True
500,0.0,126,dml_pairs_boot,-0.16696873887033978,0.19426191018059563,-0.5676948665011977,0.19885902944652842,True
500,0.0,127,dml_if,0.3193865012940452,0.18942783661989188,-0.05189205848094286,0.6906650610690332,True
500,0.0,127,dml_mult_boot,0.3193865012940452,0.18715475949547683,-0.007884337771511369,0.7003161794750943,True
500,0.0,127,dml_pairs_boot,0.3193865012940452,0.2232368593459415,0.005424731263152303,0.8524664875779681,False
500,0.0,128,dml_if,0.2020023600293223,0.41172183352635205,-0.6049724336823278,1.0089771537409724,True
500,0.0,128,dml_mult_boot,0.2020023600293223,0.4083888648277534,-0.44544500351062144,0.8491006495233799,True
500,0.0,128,dml_pairs_boot,0.2020023600293223,0.24462711213003938,-0.4363705214236758,0.2889878831197433,True
500,0.0,129,dml_if,-0.12871366955651015,0.14271151132320817,-0.40842823174999815,0.15100089263697786,True
500,0.0,129,dml_mult_boot,-0.12871366955651015,0.15166421298116178,-0.4466465575944407,0.1579050839477265,True
500,0.0,129,dml_pairs_boot,-0.12871366955651015,0.1593575797539495,-0.385642097748918,0.16626277501187778,True
500,0.0,130,dml_if,0.06037842213963654,0.12908208962540202,-0.1926224735261514,0.3133793178054245,True
500,0.0,130,dml_mult_boot,0.06037842213963654,0.12701243854220168,-0.19263906453348087,0.28168009237925457,True
500,0.0,130,dml_pairs_boot,0.06037842213963654,0.27605344478633914,-0.16570761964504316,0.8412809459599132,True
500,0.0,131,dml_if,0.3251080987124714,0.41090832736336447,-0.4802722229197229,1.1304884203446657,True
500,0.0,131,dml_mult_boot,0.3251080987124714,0.4068439312986563,-0.2461434160364468,0.9003122244312104,True
500,0.0,131,dml_pairs_boot,0.3251080987124714,0.5195276877313079,-0.4986453232403327,1.69601598291114,True
500,0.0,132,dml_if,0.12059762449158208,0.09871532045502629,-0.07288440360026945,0.3140796525834336,True
500,0.0,132,dml_mult_boot,0.12059762449158208,0.10073516584766466,-0.08732100561369696,0.2969183764778951,True
500,0.0,132,dml_pairs_boot,0.12059762449158208,0.11452854920982153,-0.1505135728333771,0.2641167683968258,True
500,0.0,133,dml_if,-0.12397784303596777,0.24925460197738047,-0.6125168629116335,0.36456117683969796,True
500,0.0,133,dml_mult_boot,-0.12397784303596777,0.2426012606441579,-0.5660492533041166,0.30590417812327836,True
500,0.0,133,dml_pairs_boot,-0.12397784303596777,0.19474251036603155,-0.31787576623158026,0.3341829467622385,True
500,0.0,134,dml_if,-0.28079928510309116,0.1343736109766616,-0.5441715626173479,-0.01742700758883442,False
500,0.0,134,dml_mult_boot,-0.28079928510309116,0.13972054478190893,-0.5573050635998191,-0.010536826002448079,False
500,0.0,134,dml_pairs_boot,-0.28079928510309116,0.1944388468722468,-0.5546048597024515,0.21765657609930916,True
500,0.0,135,dml_if,-0.09613649971866062,0.13100479438487314,-0.352905896713012,0.16063289727569074,True
500,0.0,135,dml_mult_boot,-0.09613649971866062,0.12921268790006313,-0.3531489727417282,0.1544541569267853,True
500,0.0,135,dml_pairs_boot,-0.09613649971866062,0.14924972595990635,-0.45766148416586355,0.1470061337401813,True
500,0.0,136,dml_if,-0.1776770791413104,0.18782716616530284,-0.545818324825304,0.1904641665426832,True
500,0.0,136,dml_mult_boot,-0.1776770791413104,0.1919893992594039,-0.5240963321867226,0.16209769908974117,True
500,0.0,136,dml_pairs_boot,-0.1776770791413104,0.34619454005886163,-0.8280025898752347,0.19527818734874766,True
500,0.0,137,dml_if,-0.09331678929456717,0.12901379448771272,-0.34618382649048407,0.15955024790134975,True
500,0.0,137,dml_mult_boot,-0.09331678929456717,0.12153619163131664,-0.3141005081661784,0.15699555414365363,True
500,0.0,137,dml_pairs_boot,-0.09331678929456717,0.12739577991127077,-0.27978944258165667,0.16462502033956725,True
500,0.0,138,dml_if,-0.07085750002567226,0.15126432125046457,-0.3673355696765828,0.2256205696252383,True
500,0.0,138,dml_mult_boot,-0.07085750002567226,0.1525891896464178,-0.35583738391232395,0.22300461615790473,True
500,0.0,138,dml_pairs_boot,-0.07085750002567226,0.14181331601691172,-0.3223333019513414,0.20309716863247781,True
500,0.0,139,dml_if,-0.2338093636018879,0.17976699625872805,-0.5861526762689949,0.11853394906521911,True
500,0.0,139,dml_mult_boot,-0.2338093636018879,0.17294494439806674,-0.5842380100877804,0.09066852752095331,True
500,0.0,139,dml_pairs_boot,-0.2338093636018879,0.21594020747557668,-0.6142719666443419,0.18668491730038897,True
500,0.0,140,dml_if,-0.032402223757548546,0.14923158902224956,-0.32489613824115765,0.2600916907260606,True
500,0.0,140,dml_mult_boot,-0.032402223757548546,0.15087067422633882,-0.3139509440415851,0.2830274951255069,True
500,0.0,140,dml_pairs_boot,-0.032402223757548546,0.17152371935157926,-0.4393783021265379,0.2091605742447235,True
500,0.0,141,dml_if,0.13487284005131076,0.18166689569791117,-0.22119427551659512,0.49093995561921666,True
500,0.0,141,dml_mult_boot,0.13487284005131076,0.18538673374720085,-0.21736363570306838,0.49897503007366134,True
500,0.0,141,dml_pairs_boot,0.13487284005131076,0.19597829171893166,-0.33665065780189973,0.44865926715184323,True
500,0.0,142,dml_if,0.17314766367148177,0.17059257541567105,-0.1612137841432335,0.507509111486197,True
500,0.0,142,dml_mult_boot,0.17314766367148177,0.17216157881216893,-0.16235632218628093,0.49346425907764746,True
500,0.0,142,dml_pairs_boot,0.17314766367148177,0.14214941881536475,-0.2847958637027515,0.28362410328450494,True
500,0.0,143,dml_if,-0.06846911754392725,0.136963066043691,-0.3369167269895616,0.19997849190170708,True
500,0.0,143,dml_mult_boot,-0.06846911754392725,0.13542068566797832,-0.31817104230735044,0.18461158213468784,True
500,0.0,143,dml_pairs_boot,-0.06846911754392725,0.1443823261192463,-0.39120812009645567,0.15200245513072833,True
500,0.0,144,dml_if,-0.10412846745723199,0.10400838687282399,-0.307984905727967,0.09972797081350303,True
500,0.0,144,dml_mult_boot,-0.10412846745723199,0.10637800988291109,-0.2981086287745456,0.10276398166795207,True
500,0.0,144,dml_pairs_boot,-0.10412846745723199,0.14780980104100974,-0.36009762329716727,0.1645609963759824,True
500,0.0,145,dml_if,-0.5189312313828885,0.656668104906454,-1.8060007169995385,0.7681382542337613,True
500,0.0,145,dml_mult_boot,-0.5189312313828885,0.6604558088020078,-1.4032167122551864,0.3439198117092708,True
500,0.0,145,dml_pairs_boot,-0.5189312313828885,0.48555071177013126,-0.9412114345271483,0.7066591006260159,True
500,0.0,146,dml_if,-0.06362000572198888,0.10688962335333299,-0.27312366749452155,0.14588365605054376,True
500,0.0,146,dml_mult_boot,-0.06362000572198888,0.102036356012858,-0.25128709253150544,0.15230242965631433,True
500,0.0,146,dml_pairs_boot,-0.06362000572198888,0.15068386690718008,-0.2639851100132142,0.30103648392407506,True
500,0.0,147,dml_if,0.14785672167700892,0.13434081064982972,-0.11545126719665733,0.41116471055067516,True
500,0.0,147,dml_mult_boot,0.14785672167700892,0.13817963726827542,-0.1214527910936427,0.41085452037598885,True
500,0.0,147,dml_pairs_boot,0.14785672167700892,0.33318843610737736,-0.4533823861257358,0.9460950733873541,True
500,0.0,148,dml_if,-0.22843921060257957,0.3422691844515968,-0.8992868121277093,0.44240839092255024,True
500,0.0,148,dml_mult_boot,-0.22843921060257957,0.338066079884753,-0.7719108094251523,0.35109156111854894,True
500,0.0,148,dml_pairs_boot,-0.22843921060257957,0.2886111508262072,-0.6861073580223617,0.4559736437369287,True
500,0.0,149,dml_if,0.18356687392989868,0.1319761770427718,-0.075106433073934,0.44224018093373135,True
500,0.0,149,dml_mult_boot,0.18356687392989868,0.14081067229253344,-0.08585206757500849,0.45834082265172615,True
500,0.0,149,dml_pairs_boot,0.18356687392989868,0.46089199497955186,-0.7930941936188901,1.2615334889202376,True
500,0.0,150,dml_if,-0.4183483216123042,0.3107755989688763,-1.0274684955913016,0.19077185236669336,True
500,0.0,150,dml_mult_boot,-0.4183483216123042,0.3202535101814637,-0.9748226378451164,0.11972587024912526,True
500,0.0,150,dml_pairs_boot,-0.4183483216123042,0.43900420502427506,-1.1976505642624924,0.10591806554996262,True
500,0.0,151,dml_if,0.34559824598728145,0.46013969236343527,-0.5562755510450517,1.2474720430196147,True
500,0.0,151,dml_mult_boot,0.34559824598728145,0.45653938173404424,-0.31312615264423277,0.9917370620749131,True
500,0.0,151,dml_pairs_boot,0.34559824598728145,0.6165970867058119,-0.44340919322643335,1.7566495186022597,True
500,0.0,152,dml_if,-0.0335196033193036,0.11882165194225165,-0.2664100411261168,0.19937083448750964,True
500,0.0,152,dml_mult_boot,-0.0335196033193036,0.11574808062469677,-0.2560055655697334,0.19561125445661032,True
500,0.0,152,dml_pairs_boot,-0.0335196033193036,0.18522545132808088,-0.36995046711418844,0.22200350969658156,True
500,0.0,153,dml_if,0.2566931919183951,0.11894091558308242,0.02356899737555357,0.4898173864612367,False
500,0.0,153,dml_mult_boot,0.2566931919183951,0.11854930030991928,0.04647068524086755,0.48403277214780543,False
500,0.0,153,dml_pairs_boot,0.2566931919183951,0.1740911914350253,-0.054295647631350516,0.6208937322779831,True
500,0.0,154,dml_if,0.020922243628224677,0.16833208717949097,-0.30900864724357757,0.350853134500027,True
500,0.0,154,dml_mult_boot,0.020922243628224677,0.15998473681205436,-0.3032115981439139,0.31300556987634043,True
500,0.0,154,dml_pairs_boot,0.020922243628224677,0.18021229714532797,-0.3070628978759,0.3248412980906873,True
500,0.0,155,dml_if,0.1274753307073785,0.11330822557015567,-0.09460879141012662,0.3495594528248836,True
500,0.0,155,dml_mult_boot,0.1274753307073785,0.11413021467068729,-0.08758771579529265,0.3541442776877393,True
500,0.0,155,dml_pairs_boot,0.1274753307073785,0.15820445334267366,-0.2218551507559022,0.36960842919730574,True
500,0.0,156,dml_if,-0.1122808632155208,0.2425569794566115,-0.5876925429504793,0.3631308165194377,True
500,0.0,156,dml_mult_boot,-0.1122808632155208,0.24726926997170756,-0.5903423565834551,0.3748257248633495,True
500,0.0,156,dml_pairs_boot,-0.1122808632155208,0.28150925626021583,-0.7120811909751891,0.415951708189225,True
500,0.0,157,dml_if,0.14046113204246705,0.17171567296804413,-0.19610158697489946,0.4770238510598336,True
500,0.0,157,dml_mult_boot,0.14046113204246705,0.17175054738757814,-0.15720054895324687,0.4617067720086348,True
500,0.0,157,dml_pairs_boot,0.14046113204246705,0.3980623897686021,-0.8589637424457135,0.25951679997001537,True
500,0.0,158,dml_if,0.06501050837463142,0.13953349159042736,-0.20847513514260618,0.338496151891869,True
500,0.0,158,dml_mult_boot,0.06501050837463142,0.13895244143908803,-0.20336533863046968,0.3518580288846347,True
500,0.0,158,dml_pairs_boot,0.06501050837463142,0.14078869182828074,-0.1417606752001219,0.35809456837903614,True
500,0.0,159,dml_if,-0.1957811245665992,0.2022094341269401,-0.5921116154554018,0.20054936632220335,True
500,0.0,159,dml_mult_boot,-0.1957811245665992,0.20492259793734574,-0.5924704827739905,0.195261918600983,True
500,0.0,159,dml_pairs_boot,-0.1957811245665992,0.23173727806025846,-0.529356136960001,0.2504303407406672,True
500,0.0,160,dml_if,0.029284136961918315,0.1324560574012952,-0.2303297355446203,0.28889800946845695,True
500,0.0,160,dml_mult_boot,0.029284136961918315,0.13617122690359312,-0.2505977548506374,0.27497248344861464,True
500,0.0,160,dml_pairs_boot,0.029284136961918315,0.15269630583147498,-0.25788274561201957,0.34523451377346176,True
500,0.0,161,dml_if,0.08929042658004566,0.15888051889464785,-0.22211539045346412,0.40069624361355544,True
500,0.0,161,dml_mult_boot,0.08929042658004566,0.15844468272150605,-0.2228649146530702,0.40800613357299603,True
500,0.0,161,dml_pairs_boot,0.08929042658004566,0.18667879146900632,-0.37225495744566195,0.351165446783566,True
500,0.0,162,dml_if,-0.07018616882792794,0.14143488663002848,-0.34739854662278374,0.20702620896692786,True
500,0.0,162,dml_mult_boot,-0.07018616882792794,0.146531135587821,-0.35439298842577566,0.2187010345067714,True
500,0.0,162,dml_pairs_boot,-0.07018616882792794,0.20978105294418103,-0.3582547944803823,0.29626829354352396,True
500,0.0,163,dml_if,0.09096145893665232,0.20433448607189617,-0.3095341337642642,0.4914570516375688,True
500,0.0,163,dml_mult_boot,0.09096145893665232,0.20121075674562927,-0.2864420201188731,0.4514717210309352,True
500,0.0,163,dml_pairs_boot,0.09096145893665232,0.21116237544033883,-0.2564337216506321,0.5635783805215713,True
500,0.0,164,dml_if,0.24605937505676637,0.3768827884282271,-0.4926308902625588,0.9847496403760915,True
500,0.0,164,dml_mult_boot,0.24605937505676637,0.37522416851597346,-0.34794887808249025,0.8788891911650373,True
500,0.0,164,dml_pairs_boot,0.24605937505676637,0.47009813411610446,-0.2413519128815857,1.3349583441485644,True
500,0.0,165,dml_if,0.0709415313319213,0.15782445033724893,-0.2383943913290866,0.3802774539929292,True
500,0.0,165,dml_mult_boot,0.0709415313319213,0.15725648354609698,-0.224609456419317,0.37001470518635915,True
500,0.0,165,dml_pairs_boot,0.0709415313319213,0.22285412063635407,-0.3375117549463846,0.42433942532461943,True
500,0.0,166,dml_if,0.1637943629786988,0.11410571480902683,-0.05985283804699379,0.38744156400439134,True
500,0.0,166,dml_mult_boot,0.1637943629786988,0.11453694524982264,-0.05360165179080932,0.39710987703290085,True
500,0.0,166,dml_pairs_boot,0.1637943629786988,0.16898500355001222,-0.254385531850262,0.402480285645864,True
500,0.0,167,dml_if,0.09186704118824843,0.2882084256731309,-0.4730214731310881,0.6567555555075849,True
500,0.0,167,dml_mult_boot,0.09186704118824843,0.28376801786089334,-0.38888392621818163,0.5870040396062075,True
500,0.0,167,dml_pairs_boot,0.09186704118824843,0.7621988166774649,-0.28053215209325844,1.6034577322264407,True
500,0.0,168,dml_if,0.15007663915342506,0.11965884108930418,-0.08445468938161113,0.3846079676884613,True
500,0.0,168,dml_mult_boot,0.15007663915342506,0.12001958880379672,-0.09310141423899253,0.37131050465911025,True
500,0.0,168,dml_pairs_boot,0.15007663915342506,0.23125439907888307,-0.2736595050043472,0.5210342147083844,True
500,0.0,169,dml_if,-0.8024974307183013,0.4496647603011572,-1.6838403609085693,0.07884549947196684,True
500,0.0,169,dml_mult_boot,-0.8024974307183013,0.46138312359565786,-1.5051839738140715,-0.05018627564879972,False
500,0.0,169,dml_pairs_boot,-0.8024974307183013,0.9743670054376459,-3.64251836048115,-0.10026235503840597,False
500,0.0,170,dml_if,0.21644075484286215,0.10722361096186873,0.006282477357599431,0.4265990323281249,False
500,0.0,170,dml_mult_boot,0.21644075484286215,0.10331149889087506,0.028810458963804516,0.431191687495959,False
500,0.0,170,dml_pairs_boot,0.21644075484286215,0.1302743885575046,-0.17763473059606466,0.3106991914618766,True
500,0.0,171,dml_if,0.12605541832719258,0.3424099177551597,-0.5450680204729205,0.7971788571273056,True
500,0.0,171,dml_mult_boot,0.12605541832719258,0.3336039021734437,-0.4406513165059592,0.7199960843894818,True
500,0.0,171,dml_pairs_boot,0.12605541832719258,0.591782355663268,-0.30566403610109805,1.804209088326816,True
500,0.0,172,dml_if,0.00958465242723014,0.12975562382697822,-0.24473637027364717,0.2639056751281075,True
500,0.0,172,dml_mult_boot,0.00958465242723014,0.12955444085291823,-0.2220334994765491,0.28345796628480063,True
500,0.0,172,dml_pairs_boot,0.00958465242723014,0.17015344893789097,-0.34440270904322845,0.2019345763788728,True
500,0.0,173,dml_if,0.5298091083855133,0.43783563934012826,-0.32834874472113806,1.3879669614921646,True
500,0.0,173,dml_mult_boot,0.5298091083855133,0.43419042545567504,-0.17514084825443005,1.2456238420894479,True
500,0.0,173,dml_pairs_boot,0.5298091083855133,0.46764166383116085,-0.12031651725458681,1.5665125811143292,True
500,0.0,174,dml_if,-0.1009015573536052,0.13852276386137877,-0.3724061745219076,0.17060305981469717,True
500,0.0,174,dml_mult_boot,-0.1009015573536052,0.13907892865245428,-0.363534643635406,0.1751144229194139,True
500,0.0,174,dml_pairs_boot,-0.1009015573536052,0.14432869540077625,-0.3902623265543744,0.16947774670276644,True
500,0.0,175,dml_if,0.030140525570290448,0.1015080296391564,-0.16881521252245607,0.22909626366303698,True
500,0.0,175,dml_mult_boot,0.030140525570290448,0.10175033576898729,-0.15750359173796008,0.24080754379224625,True
500,0.0,175,dml_pairs_boot,0.030140525570290448,0.15232918651265745,-0.2866506595545696,0.3234669783539846,True
500,0.0,176,dml_if,0.24672868810834786,0.15392800796502204,-0.054970207503095336,0.5484275837197911,True
500,0.0,176,dml_mult_boot,0.24672868810834786,0.15922948376795532,-0.07995431267207531,0.5369736352620028,True
500,0.0,176,dml_pairs_boot,0.24672868810834786,0.19494338331777764,-0.31552664391995633,0.4411814796580109,True
500,0.0,177,dml_if,-0.1537913815280833,0.18939474643238188,-0.5250050845355518,0.21742232147938517,True
500,0.0,177,dml_mult_boot,-0.1537913815280833,0.19681982822382,-0.5118483470830255,0.20084816684381615,True
500,0.0,177,dml_pairs_boot,-0.1537913815280833,0.3906632421794828,-1.5822342368250604,0.23666705617468312,True
500,0.0,178,dml_if,-0.23535145950153205,0.26141316284222516,-0.7477212586722933,0.2770183396692293,True
500,0.0,178,dml_mult_boot,-0.23535145950153205,0.26533594239974617,-0.7001325630967811,0.2827721835484959,True
500,0.0,178,dml_pairs_boot,-0.23535145950153205,0.29868734646775225,-0.7295892668724907,0.4902694866546444,True
500,0.0,179,dml_if,0.20309092893640648,0.11607494074231899,-0.024415954918538735,0.4305978127913517,True
500,0.0,179,dml_mult_boot,0.20309092893640648,0.11700201241723175,-0.03165046408663433,0.4045506356554951,True
500,0.0,179,dml_pairs_boot,0.20309092893640648,0.17745015098127276,-0.11083191073673537,0.4784893606495276,True
500,0.0,180,dml_if,0.16691452083929903,0.12696377016709762,-0.0819344686882123,0.41576351036681036,True
500,0.0,180,dml_mult_boot,0.16691452083929903,0.12419130161134985,-0.08234440375857387,0.42030064505345566,True
500,0.0,180,dml_pairs_boot,0.16691452083929903,0.22426672258052113,-0.5519714045023877,0.30872235531508396,True
500,0.0,181,dml_if,0.01801013941643227,0.1482731518919094,-0.2726052382917102,0.3086255171245747,True
500,0.0,181,dml_mult_boot,0.01801013941643227,0.1512701148005548,-0.28945673998694216,0.3109040501322395,True
500,0.0,181,dml_pairs_boot,0.01801013941643227,0.18733224749847394,-0.2388726552651757,0.46455824911597937,True
500,0.0,182,dml_if,-0.22034416121004194,0.10597470257418459,-0.42805457825544374,-0.012633744164640137,False
500,0.0,182,dml_mult_boot,-0.22034416121004194,0.10341786860743746,-0.4199428828709051,-0.011585177930320746,False
500,0.0,182,dml_pairs_boot,-0.22034416121004194,0.1268525747122531,-0.5717038119377172,-0.08346690982288937,False
500,0.0,183,dml_if,-0.01623707619363681,0.13771314060083722,-0.28615483177127776,0.2536806793840042,True
500,0.0,183,dml_mult_boot,-0.01623707619363681,0.13184223855039484,-0.27753467008188104,0.23709712305661673,True
500,0.0,183,dml_pairs_boot,-0.01623707619363681,0.1670407299711203,-0.3707279429311135,0.27558046190191654,True
500,0.0,184,dml_if,-0.22891871461214186,0.18928821877518026,-0.5999236234114952,0.14208619418721147,True
500,0.0,184,dml_mult_boot,-0.22891871461214186,0.19373476264171263,-0.5980023437730163,0.13794789708872937,True
500,0.0,184,dml_pairs_boot,-0.22891871461214186,0.29381302675151183,-0.7270182883365247,0.43737725290688756,True
500,0.0,185,dml_if,0.13722522507785018,0.13577699545542105,-0.12889768601477508,0.40334813617047544,True
500,0.0,185,dml_mult_boot,0.13722522507785018,0.13476363599259109,-0.12056006356031573,0.39193316370365683,True
500,0.0,185,dml_pairs_boot,0.13722522507785018,0.39251857378710714,-0.7149004958463148,0.36760750422144406,True
500,0.0,186,dml_if,-0.2371910713785506,0.19549342855271565,-0.6203581913418732,0.14597604858477203,True
500,0.0,186,dml_mult_boot,-0.2371910713785506,0.19233043892148566,-0.56385108917166,0.10531450613135197,True
500,0.0,186,dml_pairs_boot,-0.2371910713785506,0.17467657338248826,-0.36743543737492523,0.30206589937688044,True
500,0.0,187,dml_if,-0.1351835327249877,0.17515059963086632,-0.47847870800148573,0.2081116425515103,True
500,0.0,187,dml_mult_boot,-0.1351835327249877,0.17555994983940112,-0.4584672102227396,0.19465133458602948,True
500,0.0,187,dml_pairs_boot,-0.1351835327249877,0.20253020861344023,-0.5971539729280887,0.1624301228128441,True
500,0.0,188,dml_if,0.1425302639383604,0.16054242671956737,-0.17213289243199162,0.45719342030871246,True
500,0.0,188,dml_mult_boot,0.1425302639383604,0.1620074113584154,-0.1744862478181165,0.45362308194013434,True
500,0.0,188,dml_pairs_boot,0.1425302639383604,0.22088990343646392,-0.07710879062822364,0.8712510388426982,True
500,0.0,189,dml_if,0.15943083611146386,0.14309610929778538,-0.12103753811219548,0.4398992103351232,True
500,0.0,189,dml_mult_boot,0.15943083611146386,0.145829157722322,-0.1349956458405447,0.4360717035165512,True
500,0.0,189,dml_pairs_boot,0.15943083611146386,0.15035961002591872,-0.05119856716562043,0.45137246426819694,True
500,0.0,190,dml_if,-0.02905692365902867,0.16036869291990655,-0.3433795617820455,0.28526571446398813,True
500,0.0,190,dml_mult_boot,-0.02905692365902867,0.16033759152076196,-0.34013558196085547,0.27733242754136933,True
500,0.0,190,dml_pairs_boot,-0.02905692365902867,0.6455012699095141,-0.41248270627262695,1.5469025409951063,True
500,0.0,191,dml_if,-0.32370173182405754,0.14780245529142472,-0.61339454419525,-0.034008919452865105,False
500,0.0,191,dml_mult_boot,-0.32370173182405754,0.1437055305077935,-0.6237228250431739,-0.06328349810604413,False
500,0.0,191,dml_pairs_boot,-0.32370173182405754,0.16402831961090775,-0.5140955307392141,0.0781382201060153,True
500,0.0,192,dml_if,-0.15005947531926797,0.15829639839114235,-0.4603204161659069,0.160201465527371,True
500,0.0,192,dml_mult_boot,-0.15005947531926797,0.15409878341333538,-0.45742004799108393,0.13611275201248568,True
500,0.0,192,dml_pairs_boot,-0.15005947531926797,0.18357433812989848,-0.5815768050899607,0.1868876596611844,True
500,0.0,193,dml_if,-0.16680929656386678,0.1536378737994286,-0.46793952921074683,0.13432093608301326,True
500,0.0,193,dml_mult_boot,-0.16680929656386678,0.1575125160479447,-0.4640395167487079,0.1336669933420328,True
500,0.0,193,dml_pairs_boot,-0.16680929656386678,0.18253642120040064,-0.622950180509838,0.05063597100118266,True
500,0.0,194,dml_if,0.19301954080614622,0.10829955178085746,-0.01924758068433438,0.4052866622966268,True
500,0.0,194,dml_mult_boot,0.19301954080614622,0.10639954738298488,-0.017131571527318375,0.3994967260987416,True
500,0.0,194,dml_pairs_boot,0.19301954080614622,0.414655511645603,-0.14336941282837712,1.4819162149332104,True
500,0.0,195,dml_if,0.058035546621244376,0.23436725289099858,-0.4013242690451128,0.5173953622876015,True
500,0.0,195,dml_mult_boot,0.058035546621244376,0.230804832977894,-0.3439327136594569,0.48697529189082134,True
500,0.0,195,dml_pairs_boot,0.058035546621244376,0.19874255790597006,-0.3107999431495803,0.4631150683381015,True
500,0.0,196,dml_if,-0.2293989427530453,0.14074141060151463,-0.505252107532014,0.046454222025923364,True
500,0.0,196,dml_mult_boot,-0.2293989427530453,0.138747657664952,-0.485865546982917,0.057049621038990736,True
500,0.0,196,dml_pairs_boot,-0.2293989427530453,0.2725443698932651,-0.824478570390308,0.2736287681537393,True
500,0.0,197,dml_if,0.05291547699929758,0.09594042201392167,-0.1351277501479889,0.24095870414658405,True
500,0.0,197,dml_mult_boot,0.05291547699929758,0.09791390860524535,-0.11891416637525941,0.24063260169870881,True
500,0.0,197,dml_pairs_boot,0.05291547699929758,0.1310862579077102,-0.21559371274914868,0.23410102952105766,True
500,0.0,198,dml_if,-0.0137694631351968,0.12240793774210572,-0.253689021109724,0.2261500948393304,True
500,0.0,198,dml_mult_boot,-0.0137694631351968,0.11596346974910259,-0.24832165990410338,0.19814792233654588,True
500,0.0,198,dml_pairs_boot,-0.0137694631351968,0.15002563698408214,-0.2517877497403978,0.305408795363168,True
500,0.0,199,dml_if,0.158100544912941,0.23546579076561025,-0.3034124049876551,0.6196134948135371,True
500,0.0,199,dml_mult_boot,0.158100544912941,0.2368690056452206,-0.291376332113678,0.6011511958295006,True
500,0.0,199,dml_pairs_boot,0.158100544912941,0.37772341274317683,-0.7828136063068258,0.42068616938957915,True
500,0.5,0,dml_if,0.5758057211888806,0.16312620349491475,0.25607836233884773,0.8955330800389135,True
500,0.5,0,dml_mult_boot,0.5758057211888806,0.16600796555715536,0.255927082040936,0.9041255411980572,True
500,0.5,0,dml_pairs_boot,0.5758057211888806,0.1660171830775952,0.31530233255115847,1.0233877260830109,True
500,0.5,1,dml_if,0.6650705202006653,0.2068670803426411,0.25961104272908875,1.0705299976722418,True
500,0.5,1,dml_mult_boot,0.6650705202006653,0.20759982339407662,0.26841647658787904,1.0655117835777104,True
500,0.5,1,dml_pairs_boot,0.6650705202006653,0.18832418167184184,0.11316806313301059,0.8765022667755729,True
500,0.5,2,dml_if,0.5129879150908282,0.12898860308852828,0.2601702530373128,0.7658055771443436,True
500,0.5,2,dml_mult_boot,0.5129879150908282,0.12565449793687755,0.286494760914596,0.7597974008895111,True
500,0.5,2,dml_pairs_boot,0.5129879150908282,0.2215880259501094,0.1354621780116839,0.9808726741857421,True
500,0.5,3,dml_if,0.3933549779713936,0.10972695391360765,0.17829014830072265,0.6084198076420646,True
500,0.5,3,dml_mult_boot,0.3933549779713936,0.1081482818504907,0.17362494552773217,0.6006725555890977,True
500,0.5,3,dml_pairs_boot,0.3933549779713936,0.14485053767955838,0.16617935958389893,0.6982842021053799,True
500,0.5,4,dml_if,0.7328067783522704,0.13909449159805315,0.4601815748200862,1.0054319818844546,True
500,0.5,4,dml_mult_boot,0.7328067783522704,0.13224572540623303,0.4793127969528297,1.0088306853347333,True
500,0.5,4,dml_pairs_boot,0.7328067783522704,0.14243683910491323,0.4487413082391622,0.9283654418860599,True
500,0.5,5,dml_if,0.8275196109950607,0.15451112636299946,0.5246778033235817,1.1303614186665396,False
500,0.5,5,dml_mult_boot,0.8275196109950607,0.14951337487650587,0.5400221571027752,1.1140932417250518,False
500,0.5,5,dml_pairs_boot,0.8275196109950607,0.1894281018748663,0.4880081428454145,1.2471603228646042,True
500,0.5,6,dml_if,0.39890683583292547,0.1473443228724982,0.110111963002829,0.6877017086630219,True
500,0.5,6,dml_mult_boot,0.39890683583292547,0.1453975793959374,0.09925969798345946,0.6583459067702152,True
500,0.5,6,dml_pairs_boot,0.39890683583292547,0.22361039782963701,0.002703834497518324,0.8915301550301415,True
500,0.5,7,dml_if,0.5349532680246002,0.10817827763036597,0.3229238438690829,0.7469826921801175,True
500,0.5,7,dml_mult_boot,0.5349532680246002,0.10862835381134031,0.3250764043761339,0.7511131241344825,True
500,0.5,7,dml_pairs_boot,0.5349532680246002,0.45995820869290654,-0.7018556217378461,0.6961665812234646,True
500,0.5,8,dml_if,0.3186732498040293,0.11114018349416738,0.10083849015546123,0.5365080094525974,True
500,0.5,8,dml_mult_boot,0.3186732498040293,0.10861564978270492,0.0960681934450184,0.5217632050233314,True
500,0.5,8,dml_pairs_boot,0.3186732498040293,0.11651194948142657,0.05198753280715369,0.5693316770607662,True
500,0.5,9,dml_if,0.7139768013014438,0.128261834429584,0.4625836058194592,0.9653699967834284,True
500,0.5,9,dml_mult_boot,0.7139768013014438,0.12440815341402396,0.5002812455071056,0.9599670459860592,False
500,0.5,9,dml_pairs_boot,0.7139768013014438,0.2001438223426789,0.2953107195300926,1.0610382512241625,True
500,0.5,10,dml_if,0.46116671173109375,0.1309613313990186,0.20448250218901726,0.7178509212731703,True
500,0.5,10,dml_mult_boot,0.46116671173109375,0.12975757966482743,0.2255582373934153,0.7456642417416801,True
500,0.5,10,dml_pairs_boot,0.46116671173109375,0.18520392317583637,0.16070379252626266,0.8579004861237478,True
500,0.5,11,dml_if,0.5483807591074794,0.1569452395338727,0.24076808962108892,0.85599342859387,True
500,0.5,11,dml_mult_boot,0.5483807591074794,0.15600484583083946,0.2506663534278204,0.8550794211059326,True
500,0.5,11,dml_pairs_boot,0.5483807591074794,0.25458348706391837,0.05779645719417176,1.1666729666601179,True
500,0.5,12,dml_if,0.8476979443848338,0.1631864791707887,0.5278524452100879,1.1675434435595797,False
500,0.5,12,dml_mult_boot,0.8476979443848338,0.1584850580536574,0.5649121012288286,1.1531871283646613,False
500,0.5,12,dml_pairs_boot,0.8476979443848338,0.18906816210789698,0.4539976210344153,1.2429902802582207,True
500,0.5,13,dml_if,0.4028049449944448,0.1211379570041202,0.16537454926636921,0.6402353407225204,True
500,0.5,13,dml_mult_boot,0.4028049449944448,0.12091268997718158,0.18356910491094036,0.6590638462873539,True
500,0.5,13,dml_pairs_boot,0.4028049449944448,0.12953230955613487,0.15195050254893286,0.6602710100918715,True
500,0.5,14,dml_if,0.8934465600559889,0.21720820142554678,0.46771848526191717,1.3191746348500606,True
500,0.5,14,dml_mult_boot,0.8934465600559889,0.21457211421926242,0.5397971785995983,1.2600686777567778,False
500,0.5,14,dml_pairs_boot,0.8934465600559889,0.23973998386499276,0.3833692032783324,1.3854645524817075,True
500,0.5,15,dml_if,0.44735613279032416,0.1189881766570336,0.21413930654253832,0.68057295903811,True
500,0.5,15,dml_mult_boot,0.44735613279032416,0.12108559891854971,0.21899776908239912,0.6935022698927533,True
500,0.5,15,dml_pairs_boot,0.44735613279032416,0.12563829671703983,0.23889043645228894,0.6770823988450145,True
500,0.5,16,dml_if,0.2735880025832952,0.33466101298199713,-0.3823475828614191,0.9295235880280095,True
500,0.5,16,dml_mult_boot,0.2735880025832952,0.33264216800781554,-0.2352683525202684,0.7602687816873885,True
500,0.5,16,dml_pairs_boot,0.2735880025832952,0.5145968512583788,-0.0041406736320576815,0.8156789725842785,True
500,0.5,17,dml_if,0.46040352259745926,0.15342318993344323,0.15969407032791055,0.761112974867008,True
500,0.5,17,dml_mult_boot,0.46040352259745926,0.15494451335446152,0.16483630899071283,0.7515892337140353,True
500,0.5,17,dml_pairs_boot,0.46040352259745926,0.29081719292949754,-0.06724112204927368,1.2113277034999577,True
500,0.5,18,dml_if,0.17284022915785688,0.23520008053849012,-0.28815192869758377,0.6338323870132975,True
500,0.5,18,dml_mult_boot,0.17284022915785688,0.23206950980035412,-0.2126002637021608,0.5859915061687201,True
500,0.5,18,dml_pairs_boot,0.17284022915785688,0.23699809530354388,-0.4302724247532866,0.5854252469219701,True
500,0.5,19,dml_if,0.6798689457387097,0.11979789599390146,0.44506506959066283,0.9146728218867566,True
500,0.5,19,dml_mult_boot,0.6798689457387097,0.12022462529246328,0.43759447229431125,0.919548551301518,True
500,0.5,19,dml_pairs_boot,0.6798689457387097,0.1285244110814009,0.357322242980914,0.8266045126839868,True
500,0.5,20,dml_if,0.568981387667067,0.16006091092071004,0.2552620022624753,0.8827007730716586,True
500,0.5,20,dml_mult_boot,0.568981387667067,0.16094437063919922,0.26823443034335265,0.8671022378704953,True
500,0.5,20,dml_pairs_boot,0.568981387667067,0.18535951479906768,0.06984867146282187,0.843933434093006,True
500,0.5,21,dml_if,0.41293328740970187,0.10061498964948141,0.2157279076967183,0.6101386671226854,True
500,0.5,21,dml_mult_boot,0.41293328740970187,0.10249501381527566,0.20529253900499395,0.6186606951036592,True
500,0.5,21,dml_pairs_boot,0.41293328740970187,0.2558420424079167,-0.19288119096796663,0.8141290696928462,True
500,0.5,22,dml_if,0.724972665041961,0.1497451090148382,0.43147225137287815,1.0184730787110439,True
500,0.5,22,dml_mult_boot,0.724972665041961,0.14994864055894744,0.42902236958083667,0.9967151513129229,True
500,0.5,22,dml_pairs_boot,0.724972665041961,0.25738841316926453,0.4137633355258858,1.300095160398123,True
500,0.5,23,dml_if,0.5977397085890463,0.20510873535398919,0.19572658729522757,0.9997528298828651,True
500,0.5,23,dml_mult_boot,0.5977397085890463,0.20656758330730166,0.2130704026926314,0.9715814901744277,True
500,0.5,23,dml_pairs_boot,0.5977397085890463,0.2688268245249126,0.08371620151077348,1.1857880542829706,True
500,0.5,24,dml_if,0.5096240709648069,0.12762244009267273,0.25948408838316833,0.7597640535464454,True
500,0.5,24,dml_mult_boot,0.5096240709648069,0.129253841747688,0.25781810094260826,0.7582925097163117,True
500,0.5,24,dml_pairs_boot,0.5096240709648069,0.5362437314150945,-0.9534067946519631,0.8748356340249918,True
500,0.5,25,dml_if,0.333249680977579,0.12054530631471663,0.09698088060073443,0.5695184813544236,True
500,0.5,25,dml_mult_boot,0.333249680977579,0.12338449582961376,0.11091951607416851,0.5785819483269289,True
500,0.5,25,dml_pairs_boot,0.333249680977579,0.15944669730175892,-0.005306816864844518,0.5944772172596865,True
500,0.5,26,dml_if,0.7810070748964546,0.3348522112909501,0.12469674076619242,1.4373174090267167,True
500,0.5,26,dml_mult_boot,0.7810070748964546,0.3300655822202732,0.2308827456217591,1.3345826251307116,True
500,0.5,26,dml_pairs_boot,0.7810070748964546,0.45843029976044397,0.09136984132028404,1.5338689946463158,True
500,0.5,27,dml_if,0.5158292235510763,0.10240838559712934,0.31510878778070284,0.7165496593214498,True
500,0.5,27,dml_mult_boot,0.5158292235510763,0.09846160848422063,0.32396332535474304,0.705574390542544,True
500,0.5,27,dml_pairs_boot,0.5158292235510763,0.19651669462306903,-0.05105883082203515,0.6969706654737505,True
500,0.5,28,dml_if,0.1261778644497361,0.2473468900142534,-0.3586220399782005,0.6109777688776727,True
500,0.5,28,dml_mult_boot,0.1261778644497361,0.2476292087087362,-0.3239513965893414,0.587802375642367,True
500,0.5,28,dml_pairs_boot,0.1261778644497361,0.565865782996045,-0.6308190687291879,0.6480600198147816,True
500,0.5,29,dml_if,0.2571893861122123,0.11135637364325722,0.038930893771428166,0.47544787845299646,False
500,0.5,29,dml_mult_boot,0.2571893861122123,0.109565584396804,0.04405928354193772,0.4669165898270638,False
500,0.5,29,dml_pairs_boot,0.2571893861122123,0.19441308175439176,-0.21215278937643578,0.47962820336039647,False
500,0.5,30,dml_if,0.5053505601659976,0.1461902688033747,0.2188176333113831,0.791883487020612,True
500,0.5,30,dml_mult_boot,0.5053505601659976,0.15262032803108425,0.21471481037464868,0.7949415365137721,True
500,0.5,30,dml_pairs_boot,0.5053505601659976,0.1401146010044026,0.20612196359427165,0.747228418206581,True
500,0.5,31,dml_if,0.667853984490826,0.10681408248214387,0.458498382825824,0.877209586155828,True
500,0.5,31,dml_mult_boot,0.667853984490826,0.10238738300185227,0.4653953380008791,0.8493749484204622,True
500,0.5,31,dml_pairs_boot,0.667853984490826,0.3675278230052656,-0.15744621303860862,1.0363444120536711,True
500,0.5,32,dml_if,0.6657137068580293,0.17065594946059798,0.3312280459152573,1.0001993678008014,True
500,0.5,32,dml_mult_boot,0.6657137068580293,0.17228785453277448,0.3722477491629714,0.9983596751775957,True
500,0.5,32,dml_pairs_boot,0.6657137068580293,0.1643635659870165,0.1676947078336397,0.7584073152203205,True
500,0.5,33,dml_if,0.5080910272762382,0.17622463211938966,0.1626907483222345,0.8534913062302419,True
500,0.5,33,dml_mult_boot,0.5080910272762382,0.1716220067020022,0.20290419600020995,0.8633993801701146,True
500,0.5,33,dml_pairs_boot,0.5080910272762382,0.17855351364163619,0.173930192078837,0.7950168635007985,True
500,0.5,34,dml_if,0.48016142294982694,0.16105230733173187,0.1644989005796325,0.7958239453200213,True
500,0.5,34,dml_mult_boot,0.48016142294982694,0.15777166475313076,0.20877184134009474,0.8033284912271313,True
500,0.5,34,dml_pairs_boot,0.48016142294982694,0.15283294203239775,0.30693319015941567,0.8717940861337298,True
500,0.5,35,dml_if,0.5103045441617995,0.15210493902933656,0.21217886366429983,0.8084302246592991,True
500,0.5,35,dml_mult_boot,0.5103045441617995,0.15242552659111056,0.20944445227481684,0.7957357688112862,True
500,0.5,35,dml_pairs_boot,0.5103045441617995,0.23883135095355196,0.2612348372449287,1.0031927488043075,True
500,0.5,36,dml_if,0.43846242494015264,0.1458395090746729,0.15261698715379374,0.7243078627265116,True
500,0.5,36,dml_mult_boot,0.43846242494015264,0.14537474629629044,0.16927972970346516,0.7082781888962749,True
500,0.5,36,dml_pairs_boot,0.43846242494015264,0.21887062104728758,0.1912984042855909,0.9551147958370388,True
500,0.5,37,dml_if,0.36352382385212695,0.14377076465861216,0.08173312512124714,0.6453145225830068,True
500,0.5,37,dml_mult_boot,0.36352382385212695,0.1467387285344195,0.08407649925783345,0.6465865063585284,True
500,0.5,37,dml_pairs_boot,0.36352382385212695,0.20261577213076168,0.015050353842957652,0.7211186766912098,True
500,0.5,38,dml_if,0.5986225875815694,0.19830775384275615,0.20993939004976736,0.9873057851133714,True
500,0.5,38,dml_mult_boot,0.5986225875815694,0.19885966395246849,0.20255066150267276,0.9493915256193675,True
500,0.5,38,dml_pairs_boot,0.5986225875815694,0.2831944490368779,0.14216508268766054,1.3341109068956312,True
500,0.5,39,dml_if,0.5868263350154335,0.11883349285464646,0.3539126890203264,0.8197399810105406,True
500,0.5,39,dml_mult_boot,0.5868263350154335,0.12398759155141063,0.34403856729479165,0.8227493865917388,True
500,0.5,39,dml_pairs_boot,0.5868263350154335,0.17621830058933619,0.10412437020330982,0.7238002082440685,True
500,0.5,40,dml_if,0.24623699092586407,0.17695478122407643,-0.1005943802733257,0.5930683621250539,True
500,0.5,40,dml_mult_boot,0.24623699092586407,0.18343639830731398,-0.1113856826556475,0.5906280179792532,True
500,0.5,40,dml_pairs_boot,0.24623699092586407,0.16707277972369558,-0.1603389074463516,0.53261234636868,True
500,0.5,41,dml_if,0.4690585853310557,0.1320294818414652,0.21028080092178392,0.7278363697403275,True
500,0.5,41,dml_mult_boot,0.4690585853310557,0.1322740988002724,0.21363581087516048,0.710924418395434,True
500,0.5,41,dml_pairs_boot,0.4690585853310557,0.27233432997138396,-0.5456524776486744,0.5474518549490062,True
500,0.5,42,dml_if,0.5576236483760265,0.1255242019943757,0.31159621246705016,0.8036510842850029,True
500,0.5,42,dml_mult_boot,0.5576236483760265,0.1289192986650991,0.31185386196744236,0.8091561908299874,True
500,0.5,42,dml_pairs_boot,0.5576236483760265,0.1751169475870288,0.2534894496520319,0.8751149178818347,True
500,0.5,43,dml_if,0.5047452365158851,0.15588387339159146,0.19921284466836586,0.8102776283634043,True
500,0.5,43,dml_mult_boot,0.5047452365158851,0.16373585558848205,0.1973635127649938,0.8260427564634227,True
500,0.5,43,dml_pairs_boot,0.5047452365158851,0.1382145139510501,0.2733162641171856,0.8276331492219878,True
500,0.5,44,dml_if,0.68988039555648,0.11757344111370183,0.4594364509736244,0.9203243401393355,True
500,0.5,44,dml_mult_boot,0.68988039555648,0.1205456241806956,0.4460829556543235,0.9183130970967703,True
500,0.5,44,dml_pairs_boot,0.68988039555648,0.21326147826774017,0.3603504077503321,1.2049277091992967,True
500,0.5,45,dml_if,0.3502744023969548,0.15778615416287314,0.04101354023772341,0.6595352645561862,True
500,0.5,45,dml_mult_boot,0.3502744023969548,0.1650815888924823,0.03198273777203066,0.654607994362883,True
500,0.5,45,dml_pairs_boot,0.3502744023969548,0.15264300475383533,0.16676803190980857,0.7519849073827805,True
500,0.5,46,dml_if,0.5953660188007562,0.10905783974554521,0.38161265289948765,0.8091193847020248,True
500,0.5,46,dml_mult_boot,0.5953660188007562,0.11054150219331103,0.38656525601817765,0.8054877262552944,True
500,0.5,46,dml_pairs_boot,0.5953660188007562,0.12810006268286706,0.39689744689858586,0.9047968838869134,True
500,0.5,47,dml_if,0.48659137431306215,0.15224144618583055,0.18819813978883426,0.78498460883729,True
500,0.5,47,dml_mult_boot,0.48659137431306215,0.15013046033070007,0.19474226193229863,0.7750512320492764,True
500,0.5,47,dml_pairs_boot,0.48659137431306215,0.23643442872241513,0.037697194912494444,0.8132554195835116,True
500,0.5,48,dml_if,0.5276256604118443,0.10057681554665393,0.33049510194040266,0.724756218883286,True
500,0.5,48,dml_mult_boot,0.5276256604118443,0.09752352454110275,0.3469099196019558,0.7226802088598239,True
500,0.5,48,dml_pairs_boot,0.5276256604118443,0.19110074524595844,-0.04156918780721305,0.7447842399236926,True
500,0.5,49,dml_if,0.44837709923804947,0.23127621415912597,-0.00492428051383742,0.9016784789899364,True
500,0.5,49,dml_mult_boot,0.44837709923804947,0.2277923295644989,-0.01337077881341669,0.8785179838004872,True
500,0.5,49,dml_pairs_boot,0.44837709923804947,0.22449622764163124,0.06527443060924676,1.0313966232949217,True
500,0.5,50,dml_if,0.38711816763009493,0.12991907441367945,0.13247678177928324,0.6417595534809066,True
500,0.5,50,dml_mult_boot,0.38711816763009493,0.1250722251342618,0.15112323493684374,0.6169566964755536,True
500,0.5,50,dml_pairs_boot,0.38711816763009493,0.19663917141343085,-0.17446575025270364,0.6327912884672726,True
500,0.5,51,dml_if,0.8087014670541607,0.13188427738567382,0.55020828337824,1.0671946507300814,False
500,0.5,51,dml_mult_boot,0.8087014670541607,0.13204836950396392,0.5499067242459148,1.0656723340911542,False
500,0.5,51,dml_pairs_boot,0.8087014670541607,0.21763633488005663,0.395217578454594,1.2342642172847502,True
500,0.5,52,dml_if,0.4341699251099511,0.2808781693777341,-0.11635128687040763,0.9846911370903099,True
500,0.5,52,dml_mult_boot,0.4341699251099511,0.2958651813301269,-0.14997761756829725,0.9674435268390352,True
500,0.5,52,dml_pairs_boot,0.4341699251099511,0.3028497756520922,-0.269349177533611,1.0305101895267028,True
500,0.5,53,dml_if,0.43538864625930035,0.1166649159848721,0.20672541092895105,0.6640518815896497,True
500,0.5,53,dml_mult_boot,0.43538864625930035,0.1182093551808129,0.20166311472884574,0.696946170980042,True
500,0.5,53,dml_pairs_boot,0.43538864625930035,0.16348683637970543,0.13385972075647587,0.7440495168081933,True
500,0.5,54,dml_if,0.5747844629507413,0.11257442651170542,0.35413858698779865,0.7954303389136839,True
500,0.5,54,dml_mult_boot,0.5747844629507413,0.11947743347502218,0.3420017451106631,0.8105373400380137,True
500,0.5,54,dml_pairs_boot,0.5747844629507413,0.18279583055478288,0.12593001020695463,0.8296436821319365,True
500,0.5,55,dml_if,0.38340991456360646,0.14778074962826718,0.09375964529220282,0.6730601838350101,True
500,0.5,55,dml_mult_boot,0.38340991456360646,0.150867161499837,0.09096380367693428,0.7178469156258889,True
500,0.5,55,dml_pairs_boot,0.38340991456360646,0.18524168413425438,0.06644770662335235,0.7172340280536863,True
500,0.5,56,dml_if,0.3681892496453595,0.11656190057369048,0.13972792452092614,0.5966505747697928,True
500,0.5,56,dml_mult_boot,0.3681892496453595,0.11799363779095243,0.14092326465925692,0.6073294832282371,True
500,0.5,56,dml_pairs_boot,0.3681892496453595,0.1478680007843793,0.04153231242367442,0.5812804693391361,True
500,0.5,57,dml_if,0.3410668932263909,0.10915711412612221,0.12711894953919137,0.5550148369135904,True
500,0.5,57,dml_mult_boot,0.3410668932263909,0.11395562562421745,0.12175834472737246,0.5666929994311832,True
500,0.5,57,dml_pairs_boot,0.3410668932263909,0.15945868734226654,-0.08059908707553416,0.5886497514199839,True
500,0.5,58,dml_if,0.44242779673456856,0.12685173342970008,0.19379839921235642,0.6910571942567807,True
500,0.5,58,dml_mult_boot,0.44242779673456856,0.1265700660572999,0.2054401202035599,0.6867224230181083,True
500,0.5,58,dml_pairs_boot,0.44242779673456856,0.17231784363113403,0.15836657996991585,0.7477612248506994,True
500,0.5,59,dml_if,0.624797672614367,0.10747070689276143,0.4141550871045546,0.8354402581241794,True
500,0.5,59,dml_mult_boot,0.624797672614367,0.1048969476176258,0.4214344577547657,0.8373353923038052,True
500,0.5,59,dml_pairs_boot,0.624797672614367,0.21755116962567897,0.35446078898480693,1.14008947561448,True
500,0.5,60,dml_if,0.3272138614472594,0.18520815356139253,-0.035794119533069935,0.6902218424275888,True
500,0.5,60,dml_mult_boot,0.3272138614472594,0.19011657841138274,-0.05427363435186397,0.6841707616097458,True
500,0.5,60,dml_pairs_boot,0.3272138614472594,0.23390627813767267,0.18945864262126888,0.8524799829302692,True
500,0.5,61,dml_if,0.210757338231668,0.12727439532698748,-0.03870047660922746,0.46021515307256344,False
500,0.5,61,dml_mult_boot,0.210757338231668,0.12836109159712897,-0.03084951455695493,0.4467407658072864,False
500,0.5,61,dml_pairs_boot,0.210757338231668,0.1820919441533837,-0.17263121823540073,0.5071617059712696,True
500,0.5,62,dml_if,0.5520001511387805,0.13171687844230073,0.2938350693918711,0.81016523288569,True
500,0.5,62,dml_mult_boot,0.5520001511387805,0.1334831409446091,0.279958193489314,0.8047044988047007,True
500,0.5,62,dml_pairs_boot,0.5520001511387805,0.18868487746408452,0.17144645165651737,0.8746231808606392,True
500,0.5,63,dml_if,0.7802677991302837,0.14017493930352704,0.5055249180953707,1.0550106801651966,False
500,0.5,63,dml_mult_boot,0.7802677991302837,0.1279875588781934,0.5598841308390157,1.0378108065211573,False
500,0.5,63,dml_pairs_boot,0.7802677991302837,0.12879872324979774,0.5260073771043076,0.9923560130449388,False
500,0.5,64,dml_if,0.6791403106267108,0.12956546213085052,0.4251920048502438,0.9330886164031778,True
500,0.5,64,dml_mult_boot,0.6791403106267108,0.12929507658970918,0.4259879762788256,0.9350727263901665,True
500,0.5,64,dml_pairs_boot,0.6791403106267108,0.1497878664826532,0.39945030968582057,0.9247210210159046,True
500,0.5,65,dml_if,0.7547274497378291,0.12847895744097362,0.5029086931535208,1.0065462063221373,False
500,0.5,65,dml_mult_boot,0.7547274497378291,0.12815884560553498,0.4993182198351615,0.9760081542397819,True
500,0.5,65,dml_pairs_boot,0.7547274497378291,0.18218357721215836,0.31034471272143477,0.9551215300753197,True
500,0.5,66,dml_if,0.37802821950644583,0.16040349925711292,0.0636373609625045,0.6924190780503872,True
500,0.5,66,dml_mult_boot,0.37802821950644583,0.15801480922005995,0.07172453310121779,0.6797740491034913,True
500,0.5,66,dml_pairs_boot,0.37802821950644583,0.17806883393340983,0.1114135006435892,0.7165822494325501,True
500,0.5,67,dml_if,0.5537648389927685,0.12675259022662977,0.3053297621485742,0.8021999158369628,True
500,0.5,67,dml_mult_boot,0.5537648389927685,0.12127176646138108,0.32720736480295415,0.8091553516524401,True
500,0.5,67,dml_pairs_boot,0.5537648389927685,0.1411482837906334,0.30475857178208454,0.8113411688294826,True
500,0.5,68,dml_if,0.8383677110057454,0.13360856052691464,0.5764949323729927,1.100240489638498,False
500,0.5,68,dml_mult_boot,0.8383677110057454,0.13823700482525475,0.5597071948154944,1.1015028076677367,False
500,0.5,68,dml_pairs_boot,0.8383677110057454,0.19954087307670346,0.2746819558741698,1.0569672713745502,True
500,0.5,69,dml_if,0.622600032034686,0.1339469004625226,0.36006410712814163,0.8851359569412303,True
500,0.5,69,dml_mult_boot,0.622600032034686,0.13680369307122428,0.359924100124527,0.8976666044566081,True
500,0.5,69,dml_pairs_boot,0.622600032034686,0.21890952733565872,0.28289961000764674,1.0874634438466895,True
500,0.5,70,dml_if,0.4553957005852669,0.16294014667066664,0.13603301311076027,0.7747583880597735,True
500,0.5,70,dml_mult_boot,0.4553957005852669,0.1586324494138407,0.14926886499287412,0.7795568285933102,True
500,0.5,70,dml_pairs_boot,0.4553957005852669,0.23851729917881204,-0.04361606844391175,0.8264146672335555,True
500,0.5,71,dml_if,0.5288829616774273,0.12362707936851886,0.28657388611513035,0.7711920372397243,True
500,0.5,71,dml_mult_boot,0.5288829616774273,0.1243918356813701,0.2947224244282908,0.7632385498939352,True
500,0.5,71,dml_pairs_boot,0.5288829616774273,0.16310635690413622,0.1553098731064189,0.8193857971822487,True
500,0.5,72,dml_if,0.47565615262988203,0.11562723510731056,0.24902677181955335,0.7022855334402107,True
500,0.5,72,dml_mult_boot,0.47565615262988203,0.11023239786355951,0.251872249593477,0.6716156578387542,True
500,0.5,72,dml_pairs_boot,0.47565615262988203,0.1953488974449156,0.15115579009484859,0.8866858548903087,True
500,0.5,73,dml_if,0.44024749431354593,0.10133311488360716,0.2416345891416759,0.638860399485416,True
500,0.5,73,dml_mult_boot,0.44024749431354593,0.10167272270865535,0.25001278302977714,0.6268134250231198,True
500,0.5,73,dml_pairs_boot,0.44024749431354593,0.19772321367734405,0.03980134706035193,0.8096816745212103,True
500,0.5,74,dml_if,0.510796302897578,0.12760470631900878,0.2606910785123209,0.7609015272828352,True
500,0.5,74,dml_mult_boot,0.510796302897578,0.12365248091921614,0.2724214017032405,0.7494750076509366,True
500,0.5,74,dml_pairs_boot,0.510796302897578,0.16219737741487367,0.11265419154198114,0.7635977948745153,True
500,0.5,75,dml_if,0.42956645874113736,0.15158573310534995,0.13245842185465145,0.7266744956276232,True
500,0.5,75,dml_mult_boot,0.42956645874113736,0.1532622725957418,0.12240056063553195,0.7417676580797012,True
500,0.5,75,dml_pairs_boot,0.42956645874113736,0.26144665605464307,-0.0026238021109608657,1.0544597977308634,True
500,0.5,76,dml_if,0.44838428411919273,0.13236720755487802,0.18894455731163184,0.7078240109267536,True
500,0.5,76,dml_mult_boot,0.44838428411919273,0.1336073773869683,0.19536087390186835,0.7063226382362565,True
500,0.5,76,dml_pairs_boot,0.44838428411919273,0.13415972409541385,0.16172598618473205,0.6292068239413671,True
500,0.5,77,dml_if,1.0988312651231054,0.5303414818089321,0.059361960777598366,2.1383005694686124,True
500,0.5,77,dml_mult_boot,1.0988312651231054,0.5301290236425217,0.38787399419639923,1.7849451880958762,True
500,0.5,77,dml_pairs_boot,1.0988312651231054,0.4280396038727725,0.2900575931627437,1.8612288239463233,True
500,0.5,78,dml_if,0.4707023749323333,0.12746873400167238,0.22086365628905544,0.7205410935756111,True
500,0.5,78,dml_mult_boot,0.4707023749323333,0.13169008468350385,0.22517574885132305,0.7235534994018583,True
500,0.5,78,dml_pairs_boot,0.4707023749323333,0.16702842840461712,0.17193100445303847,0.8100518547183047,True
500,0.5,79,dml_if,0.44488034236893376,0.15475263636451023,0.14156517509449373,0.7481955096433738,True
500,0.5,79,dml_mult_boot,0.44488034236893376,0.14897644164918208,0.15363368609325612,0.711475921908097,True
500,0.5,79,dml_pairs_boot,0.44488034236893376,0.17786049142248223,0.2507445121352488,0.844995405117617,True
500,0.5,80,dml_if,0.47663934174572714,0.11690593629894665,0.2475037065997917,0.7057749768916626,True
500,0.5,80,dml_mult_boot,0.47663934174572714,0.11853471213882293,0.2529597093295365,0.7162849597581235,True
500,0.5,80,dml_pairs_boot,0.47663934174572714,0.1606051501134098,0.1584091146874378,0.7299840384037231,True
500,0.5,81,dml_if,0.7641390251965381,0.16716474507330956,0.4364961248528514,1.0917819255402248,True
500,0.5,81,dml_mult_boot,0.7641390251965381,0.1673868071203528,0.48347416962010265,1.0800212032577992,True
500,0.5,81,dml_pairs_boot,0.7641390251965381,0.1614222855162274,0.4171165145174677,1.0410497574921151,True
500,0.5,82,dml_if,0.43260348617449185,0.11774757070419548,0.20181824759426872,0.663388724754715,True
500,0.5,82,dml_mult_boot,0.43260348617449185,0.12013611196236561,0.1923683566261552,0.6628722836671124,True
500,0.5,82,dml_pairs_boot,0.43260348617449185,0.22043678941228428,-0.019663020597877723,0.6223220870704018,True
500,0.5,83,dml_if,0.7466602370932989,0.14687211714995638,0.4587908874793844,1.0345295867072133,True
500,0.5,83,dml_mult_boot,0.7466602370932989,0.1350890690303975,0.49129778806100044,1.002082719614166,True
500,0.5,83,dml_pairs_boot,0.7466602370932989,0.15099196170901535,0.42303657939545497,0.9748592914696556,True
500,0.5,84,dml_if,0.8265513371471457,0.3223077586278709,0.19482813023651868,1.4582745440577727,True
500,0.5,84,dml_mult_boot,0.8265513371471457,0.3076881717336851,0.30709331901676545,1.334951359116926,True
500,0.5,84,dml_pairs_boot,0.8265513371471457,0.23986903392119285,0.361956635288545,1.2720789352388828,True
500,0.5,85,dml_if,0.763879672139377,0.10051304982974034,0.5668740944730859,0.9608852498056681,False
500,0.5,85,dml_mult_boot,0.763879672139377,0.09845987011169506,0.5652928498155851,0.9653233584220452,False
500,0.5,85,dml_pairs_boot,0.763879672139377,0.17034029544044887,0.587241235563729,1.2141430995034743,False
500,0.5,86,dml_if,0.6101392060407773,0.10670452134610925,0.4009983442024032,0.8192800678791514,True
500,0.5,86,dml_mult_boot,0.6101392060407773,0.10426464988279405,0.40273817991991134,0.802346710878719,True
500,0.5,86,dml_pairs_boot,0.6101392060407773,0.13069983652916944,0.37468420615314646,0.8622793615510713,True
500,0.5,87,dml_if,0.5363311483906531,0.12984100345582122,0.2818427816172435,0.7908195151640627,True
500,0.5,87,dml_mult_boot,0.5363311483906531,0.12980750477620795,0.28496904233458614,0.8073612008390169,True
500,0.5,87,dml_pairs_boot,0.5363311483906531,0.571191574053784,0.2614188378131761,2.6880721783525336,True
500,0.5,88,dml_if,0.6220859521307637,0.11812761997258689,0.3905558169844934,0.853616087277034,True
500,0.5,88,dml_mult_boot,0.6220859521307637,0.12140404540649839,0.40536854139651923,0.8552737791921111,True
500,0.5,88,dml_pairs_boot,0.6220859521307637,0.20351516784539278,0.010247026749369156,0.822570164243383,True
500,0.5,89,dml_if,0.6313942716500545,0.1113407121905515,0.4131664757565735,0.8496220675435354,True
500,0.5,89,dml_mult_boot,0.6313942716500545,0.11502141217937228,0.39868903922546184,0.85631743330571,True
500,0.5,89,dml_pairs_boot,0.6313942716500545,0.22964671939594755,0.23384144528577772,0.9365679801978927,True
500,0.5,90,dml_if,0.3563376200092383,0.17394950046719326,0.01539659909353952,0.6972786409249371,True
500,0.5,90,dml_mult_boot,0.3563376200092383,0.16776680240461198,0.022648278316447636,0.6595004498536826,True
500,0.5,90,dml_pairs_boot,0.3563376200092383,0.17273620595036257,0.13565189919120949,0.7758647901760125,True
500,0.5,91,dml_if,0.6257186927243378,0.13079523286335676,0.3693600363121585,0.882077349136517,True
500,0.5,91,dml_mult_boot,0.6257186927243378,0.1232288295600389,0.38456638018652656,0.8405136771795908,True
500,0.5,91,dml_pairs_boot,0.6257186927243378,0.22750801920867098,0.2955310463811197,0.9511147695988813,True
500,0.5,92,dml_if,0.5222134625466123,0.1503587924812102,0.22751022928344028,0.8169166958097842,True
500,0.5,92,dml_mult_boot,0.5222134625466123,0.15306388765374215,0.21597547051864796,0.8141787873825419,True
500,0.5,92,dml_pairs_boot,0.5222134625466123,0.20050608058119454,0.04930332699969023,0.7997397132391421,True
500,0.5,93,dml_if,0.5365778293270197,0.12243365098829069,0.29660787338996997,0.7765477852640694,True
500,0.5,93,dml_mult_boot,0.5365778293270197,0.1211781452054127,0.28186560430733654,0.7526814164255841,True
500,0.5,93,dml_pairs_boot,0.5365778293270197,0.1831138921926584,0.09779415958684308,0.8088765780145104,True
500,0.5,94,dml_if,0.222173954778967,0.21346034331713995,-0.1962083181226273,0.6405562276805613,True
500,0.5,94,dml_mult_boot,0.222173954778967,0.21221461991370727,-0.14637676819181517,0.6602455188141853,True
500,0.5,94,dml_pairs_boot,0.222173954778967,0.1728093782473266,-0.010537977969860262,0.6238195075813378,True
500,0.5,95,dml_if,0.4795597984295754,0.132629681336736,0.21960562300957287,0.739513973849578,True
500,0.5,95,dml_mult_boot,0.4795597984295754,0.13177363202023554,0.21656118481448014,0.7303508124957558,True
500,0.5,95,dml_pairs_boot,0.4795597984295754,0.1718615983392941,0.18305505591439727,0.7572620669268124,True
500,0.5,96,dml_if,0.5682142347307498,0.11272890388847198,0.34726558310934474,0.7891628863521549,True
500,0.5,96,dml_mult_boot,0.5682142347307498,0.11037507079283285,0.37425398507422913,0.7981454275037735,True
500,0.5,96,dml_pairs_boot,0.5682142347307498,0.19336709028176255,0.196546585518264,0.9850218545718586,True
500,0.5,97,dml_if,-0.27340733167760206,0.6720050208646912,-1.5905371725723967,1.0437225092171927,True
500,0.5,97,dml_mult_boot,-0.27340733167760206,0.6831422289179043,-1.2141730652890828,0.6716594206415204,True
500,0.5,97,dml_pairs_boot,-0.27340733167760206,2.032763797726068,-5.272197809615878,0.6449356812448434,True
500,0.5,98,dml_if,0.1162641530636156,0.19763358101090714,-0.2710976657177624,0.5036259718449936,True
500,0.5,98,dml_mult_boot,0.1162641530636156,0.19416238684309578,-0.274718078423591,0.4607240194286762,False
500,0.5,98,dml_pairs_boot,0.1162641530636156,0.2791281975642874,-0.4547617577529747,0.5314177385472633,True
500,0.5,99,dml_if,-0.8746520485610815,0.9578547360459043,-2.752047331211054,1.002743234088891,True
500,0.5,99,dml_mult_boot,-0.8746520485610815,0.9564649273873073,-2.1963687328417962,0.46657348113763836,False
500,0.5,99,dml_pairs_boot,-0.8746520485610815,1.1465516543966259,-3.6728690699293547,0.5395270650738377,True
500,0.5,100,dml_if,0.40306293741404536,0.14584465809801547,0.11720740754193504,0.6889184672861557,True
500,0.5,100,dml_mult_boot,0.40306293741404536,0.15283917405757855,0.10976090158835004,0.6863890800037377,True
500,0.5,100,dml_pairs_boot,0.40306293741404536,0.16560744187155535,0.18434314168966978,0.8362293959692408,True
500,0.5,101,dml_if,0.5992490533539099,0.11231037617420177,0.37912071605247444,0.8193773906553453,True
500,0.5,101,dml_mult_boot,0.5992490533539099,0.10548825390314302,0.36596079341356086,0.7933080922525549,True
500,0.5,101,dml_pairs_boot,0.5992490533539099,0.23533422816322533,-0.15028248404007086,0.7677314832543655,True
500,0.5,102,dml_if,0.22716237860992033,0.13130219766995885,-0.030189928823198986,0.48451468604303966,False
500,0.5,102,dml_mult_boot,0.22716237860992033,0.13090275968738302,-0.010453365280931473,0.4804392866051314,False
500,0.5,102,dml_pairs_boot,0.22716237860992033,0.1936312968926578,-0.09518580317021633,0.6166226421265698,True
500,0.5,103,dml_if,0.6079763556779325,0.11159697479091353,0.389246285087742,0.826706426268123,True
500,0.5,103,dml_mult_boot,0.6079763556779325,0.11521477241898058,0.3954682525537241,0.8407391553913411,True
500,0.5,103,dml_pairs_boot,0.6079763556779325,0.14201673345151733,0.34655573733718054,0.8727257941961055,True
500,0.5,104,dml_if,0.7695681285075268,0.2948874422433149,0.19158874171062956,1.347547515304424,True
500,0.5,104,dml_mult_boot,0.7695681285075268,0.282748648702196,0.257264069976261,1.2387936364083616,True
500,0.5,104,dml_pairs_boot,0.7695681285075268,0.2237213350882465,0.31077487840193435,1.0656906689563121,True
500,0.5,105,dml_if,0.4912211272150446,0.1457264927505804,0.20559720142390703,0.7768450530061821,True
500,0.5,105,dml_mult_boot,0.4912211272150446,0.14088472071720495,0.21195839682121284,0.776892043521117,True
500,0.5,105,dml_pairs_boot,0.4912211272150446,0.14961442027081762,0.192688327580501,0.7684355339368143,True
500,0.5,106,dml_if,0.5133022986304024,0.1369653685616715,0.24485017624952632,0.7817544210112786,True
500,0.5,106,dml_mult_boot,0.5133022986304024,0.13445260250032082,0.25392535826422974,0.7900681782279168,True
500,0.5,106,dml_pairs_boot,0.5133022986304024,0.27863525279814694,0.27062083819889177,1.3183126859297214,True
500,0.5,107,dml_if,0.2625962287580086,0.15921400985615508,-0.04946323056005536,0.5746556880760725,True
500,0.5,107,dml_mult_boot,0.2625962287580086,0.15856950849740972,-0.038391942682893664,0.5820117503318271,True
500,0.5,107,dml_pairs_boot,0.2625962287580086,0.18653080290038876,-0.1390300592409742,0.6061771803613621,True
500,0.5,108,dml_if,0.5169676490461229,0.10359547323380941,0.31392052150785643,0.7200147765843894,True
500,0.5,108,dml_mult_boot,0.5169676490461229,0.09838589091815982,0.3343545251018481,0.7196240591148546,True
500,0.5,108,dml_pairs_boot,0.5169676490461229,0.1628201804501873,0.30741096772105986,0.9218993038982717,True
500,0.5,109,dml_if,0.5066644920397435,0.18004218744829217,0.15378180464109087,0.8595471794383962,True
500,0.5,109,dml_mult_boot,0.5066644920397435,0.18033201217299286,0.16618908653893355,0.8875401721418058,True
500,0.5,109,dml_pairs_boot,0.5066644920397435,0.26108708318735163,0.14373412706944402,0.9070383474453458,True
500,0.5,110,dml_if,0.5393480455523493,0.12152808472962026,0.30115299948229357,0.777543091622405,True
500,0.5,110,dml_mult_boot,0.5393480455523493,0.1239756026919848,0.3038619001997887,0.7696561776642749,True
500,0.5,110,dml_pairs_boot,0.5393480455523493,0.2059527827793574,0.2997098917935854,1.1229462721466348,True
500,0.5,111,dml_if,0.513945409648049,0.09482168729612883,0.3280949025476365,0.6997959167484615,True
500,0.5,111,dml_mult_boot,0.513945409648049,0.09583334926818174,0.3266928945711554,0.7049537075714524,True
500,0.5,111,dml_pairs_boot,0.513945409648049,0.16382737846000522,0.08033161813106872,0.7361798584496299,True
500,0.5,112,dml_if,0.5146940180651184,0.1385231379168497,0.243188667748093,0.7861993683821438,True
500,0.5,112,dml_mult_boot,0.5146940180651184,0.1386850115083541,0.24160784734971838,0.7707932099372569,True
500,0.5,112,dml_pairs_boot,0.5146940180651184,0.18712455432079822,0.16263214173317528,0.8721094135072919,True
500,0.5,113,dml_if,0.26612112206045857,0.15328848121725627,-0.03432430112536372,0.5665665452462809,True
500,0.5,113,dml_mult_boot,0.26612112206045857,0.15670164445904483,-0.05378580834989493,0.5513647762744339,True
500,0.5,113,dml_pairs_boot,0.26612112206045857,0.3202069070156149,-0.9071004309563421,0.564767080347571,True
500,0.5,114,dml_if,0.7243703747814914,0.10977783336492214,0.5092058213862439,0.9395349281767388,False
500,0.5,114,dml_mult_boot,0.7243703747814914,0.1064780664522749,0.5201097686593499,0.9388504739980926,False
500,0.5,114,dml_pairs_boot,0.7243703747814914,0.1537558560823577,0.4518945995782796,1.0793379848260913,True
500,0.5,115,dml_if,0.5333991039524293,0.17029159498446841,0.1996275777828712,0.8671706301219874,True
500,0.5,115,dml_mult_boot,0.5333991039524293,0.16888751007406289,0.2010659398354187,0.8735839275941503,True
500,0.5,115,dml_pairs_boot,0.5333991039524293,0.2393999136359982,0.07831042331237001,1.133882560606784,True
500,0.5,116,dml_if,0.40416535816100574,0.11670780628715391,0.1754180578381841,0.6329126584838274,True
500,0.5,116,dml_mult_boot,0.40416535816100574,0.11328473501142818,0.18353145016160796,0.6266859637290856,True
500,0.5,116,dml_pairs_boot,0.40416535816100574,0.20734771957175974,-0.10015919494571071,0.5927930313284681,True
500,0.5,117,dml_if,-0.9960258480638287,0.9969039336229901,-2.9499575579648893,0.957905861837232,True
500,0.5,117,dml_mult_boot,-0.9960258480638287,0.9638394891455104,-2.501069673239575,0.5354550665367255,True
500,0.5,117,dml_pairs_boot,-0.9960258480638287,2.436380362056048,-9.216223911937295,0.5161802945217145,True
500,0.5,118,dml_if,0.3685780146414971,0.15533369619423537,0.06412397010079579,0.6730320591821983,True
500,0.5,118,dml_mult_boot,0.3685780146414971,0.15864620736233875,0.07451608034372512,0.6621200031001461,True
500,0.5,118,dml_pairs_boot,0.3685780146414971,0.132781604617337,0.22902385894459354,0.7058676027841185,True
500,0.5,119,dml_if,0.17592324420257105,0.1772396603930135,-0.1714664901677354,0.5233129785728775,True
500,0.5,119,dml_mult_boot,0.17592324420257105,0.17671938416113414,-0.14233460184638613,0.4881672317795456,False
500,0.5,119,dml_pairs_boot,0.17592324420257105,0.2094807695627828,-0.022756746260584677,0.731292557201144,True
500,0.5,120,dml_if,0.5008056632264622,0.12408837062537768,0.25759245680072196,0.7440188696522025,True
500,0.5,120,dml_mult_boot,0.5008056632264622,0.12364553889115946,0.26756097202549356,0.7417465143137342,True
500,0.5,120,dml_pairs_boot,0.5008056632264622,0.16775834926538652,0.16871337763701427,0.6755359746626164,True
500,0.5,121,dml_if,0.47381639231251127,0.10099050260961678,0.27587500719766234,0.6717577774273602,True
500,0.5,121,dml_mult_boot,0.47381639231251127,0.10321171406902996,0.28401976922283645,0.6625724990411553,True
500,0.5,121,dml_pairs_boot,0.47381639231251127,0.12616360506342297,0.1706734313176729,0.6326682567232234,True
500,0.5,122,dml_if,0.8864716616085973,0.25817152950128164,0.3804554637860853,1.3924878594311092,True
500,0.5,122,dml_mult_boot,0.8864716616085973,0.26395533470136745,0.4193031943826451,1.3361067089740124,True
500,0.5,122,dml_pairs_boot,0.8864716616085973,0.36540904607015007,0.4907694212599262,1.6290963693111655,True
500,0.5,123,dml_if,0.2523801642422469,0.13531495764677942,-0.012837152745440727,0.5175974812299345,True
500,0.5,123,dml_mult_boot,0.2523801642422469,0.13863292349662235,-0.0017197662634478037,0.533576966660211,True
500,0.5,123,dml_pairs_boot,0.2523801642422469,0.19985437707958734,-0.12215838740743677,0.511980938589189,True
500,0.5,124,dml_if,0.30755829442595056,0.15680593559523,0.00021866065929976308,0.6148979281926014,True
500,0.5,124,dml_mult_boot,0.30755829442595056,0.1594988072567071,0.002011879262146363,0.6442243131574489,True
500,0.5,124,dml_pairs_boot,0.30755829442595056,0.15054618030481992,0.13910326146313515,0.7034768419957695,True
500,0.5,125,dml_if,0.11215509490516402,0.17469106818102903,-0.23023939872965288,0.4545495885399809,False
500,0.5,125,dml_mult_boot,0.11215509490516402,0.16468351872427017,-0.20566198737517657,0.42706483149046714,False
500,0.5,125,dml_pairs_boot,0.11215509490516402,0.19200888071989844,-0.2866363687745079,0.4248108170556242,False
500,0.5,126,dml_if,0.6168550809230369,0.15322533805463892,0.3165334183359446,0.9171767435101291,True
500,0.5,126,dml_mult_boot,0.6168550809230369,0.15484157868521561,0.2901867587328579,0.8974206693569186,True
500,0.5,126,dml_pairs_boot,0.6168550809230369,0.15539893615957961,0.38806047991758735,0.9697341767335542,True
500,0.5,127,dml_if,0.5697566988169342,0.1428345271203762,0.2898010256609969,0.8497123719728716,True
500,0.5,127,dml_mult_boot,0.5697566988169342,0.14962937550502697,0.27327036808561783,0.8211380882833881,True
500,0.5,127,dml_pairs_boot,0.5697566988169342,0.23792263154505564,0.044342998632063126,0.795675926722264,True
500,0.5,128,dml_if,0.385201693584498,0.12807736258626862,0.13417006291541156,0.6362333242535845,True
500,0.5,128,dml_mult_boot,0.385201693584498,0.1238172653876521,0.1499807301918878,0.627930389400547,True
500,0.5,128,dml_pairs_boot,0.385201693584498,0.15129601917242877,0.18257660581921648,0.7555933089919685,True
500,0.5,129,dml_if,0.641121549600848,0.10320126947076645,0.4388470614381458,0.8433960377635502,True
500,0.5,129,dml_mult_boot,0.641121549600848,0.1009491402956917,0.446017602597192,0.8360263505801543,True
500,0.5,129,dml_pairs_boot,0.641121549600848,0.15943648612690106,0.45501486266097163,1.140982507708399,True
500,0.5,130,dml_if,0.6862470480453644,0.13991221847424223,0.4120190998358496,0.9604749962548792,True
500,0.5,130,dml_mult_boot,0.6862470480453644,0.14274536737947405,0.4047328323869457,0.9632456425829519,True
500,0.5,130,dml_pairs_boot,0.6862470480453644,0.15067238572545044,0.3540194457791283,0.9542959819358365,True
500,0.5,131,dml_if,0.28695598765049285,0.1598351266950185,-0.02632086067174344,0.6002328359727291,True
500,0.5,131,dml_mult_boot,0.28695598765049285,0.16803531056911017,-0.05317285841035647,0.5806740066917183,True
500,0.5,131,dml_pairs_boot,0.28695598765049285,0.17010888227965199,-0.05608539950850948,0.5818306352882736,True
500,0.5,132,dml_if,0.6110276539955112,0.13470815659566257,0.34699966706801255,0.8750556409230098,True
500,0.5,132,dml_mult_boot,0.6110276539955112,0.1318961860346171,0.3466792745698644,0.8422881586579158,True
500,0.5,132,dml_pairs_boot,0.6110276539955112,0.14444924049920305,0.2421383451202617,0.8410226690331668,True
500,0.5,133,dml_if,0.570296696640433,0.16774517905772696,0.2415161456872882,0.8990772475935779,True
500,0.5,133,dml_mult_boot,0.570296696640433,0.1720394638476107,0.2548654295211897,0.8998394343987559,True
500,0.5,133,dml_pairs_boot,0.570296696640433,0.269514734190748,0.1428540122790593,1.1538826408293459,True
500,0.5,134,dml_if,0.5375457001477796,0.12592615533625168,0.2907304356887263,0.7843609646068328,True
500,0.5,134,dml_mult_boot,0.5375457001477796,0.12326129213339179,0.3112542662710637,0.7853443818769043,True
500,0.5,134,dml_pairs_boot,0.5375457001477796,0.1538758551834406,0.19324824506902322,0.8139728410376963,True
500,0.5,135,dml_if,0.6768998666175389,0.09727849607757158,0.48623401430549856,0.8675657189295791,True
500,0.5,135,dml_mult_boot,0.6768998666175389,0.09845826492920765,0.5045190250916182,0.8821175731758838,False
500,0.5,135,dml_pairs_boot,0.6768998666175389,0.2174583448407884,0.0448455761254873,0.8560979362149522,True
500,0.5,136,dml_if,0.5612092801235825,0.1550777149890393,0.2572569587450655,0.8651616015020995,True
500,0.5,136,dml_mult_boot,0.5612092801235825,0.1501411648776496,0.2635373680176416,0.8696756316658474,True
500,0.5,136,dml_pairs_boot,0.5612092801235825,0.17466567895113772,0.21996161590958968,0.9056805022193969,True
500,0.5,137,dml_if,0.7510562398273335,0.14744803121341699,0.4620580986490362,1.0400543810056309,True
500,0.5,137,dml_mult_boot,0.7510562398273335,0.15590103119649315,0.45407216422139196,1.034115680400882,True
500,0.5,137,dml_pairs_boot,0.7510562398273335,0.2640273588104406,0.21911786286798518,1.2656461875308742,True
500,0.5,138,dml_if,0.48627640863244354,0.12344200076755192,0.24433008712804177,0.7282227301368454,True
500,0.5,138,dml_mult_boot,0.48627640863244354,0.12266970263864431,0.23337000052660245,0.699450807595889,True
500,0.5,138,dml_pairs_boot,0.48627640863244354,0.26030586223460705,0.058449308906228965,1.032652347139865,True
500,0.5,139,dml_if,0.7594338389445165,0.11333825996522327,0.5372908494126789,0.9815768284763542,False
500,0.5,139,dml_mult_boot,0.7594338389445165,0.10959379206813324,0.5493811121547147,0.9709114621936442,False
500,0.5,139,dml_pairs_boot,0.7594338389445165,0.4919733138583539,0.3320493241027338,2.274053929622627,True
500,0.5,140,dml_if,0.6125824303879107,0.09860586571876577,0.4193149335791298,0.8058499271966917,True
500,0.5,140,dml_mult_boot,0.6125824303879107,0.10029647250888105,0.41713326178347626,0.79902984527416,True
500,0.5,140,dml_pairs_boot,0.6125824303879107,0.14105682205582534,0.36109031341304787,0.8967921288091419,True
500,0.5,141,dml_if,0.2985611918621955,0.14784270540159516,0.008789489275068951,0.588332894449322,True
500,0.5,141,dml_mult_boot,0.2985611918621955,0.14890827868700868,0.002890350729749341,0.5921327965144246,True
500,0.5,141,dml_pairs_boot,0.2985611918621955,0.1634946597400982,0.1264022364038205,0.7011865444596854,True
500,0.5,142,dml_if,0.33244050363733996,0.18024278443293132,-0.02083535385120544,0.6857163611258854,True
500,0.5,142,dml_mult_boot,0.33244050363733996,0.17820727033889583,0.008164644109959493,0.6639313469998805,True
500,0.5,142,dml_pairs_boot,0.33244050363733996,0.17606331095698163,0.14287519947733732,0.7684427764527512,True
500,0.5,143,dml_if,0.5345084754196688,0.1335255617459292,0.27279837439764765,0.79621857644169,True
500,0.5,143,dml_mult_boot,0.5345084754196688,0.13664185823850816,0.27236076930833825,0.8088190415391213,True
500,0.5,143,dml_pairs_boot,0.5345084754196688,1.7455653588188895,-6.127032349424832,1.0092461936324846,True
500,0.5,144,dml_if,0.5359804777928477,0.1403303796388572,0.26093293370068765,0.8110280218850079,True
500,0.5,144,dml_mult_boot,0.5359804777928477,0.1456231616676219,0.26526781880381434,0.8172869974835127,True
500,0.5,144,dml_pairs_boot,0.5359804777928477,0.21222050509965146,-0.024877329468489556,0.7630060787157127,True
500,0.5,145,dml_if,0.4097313299935249,0.18031339267995186,0.05631708034081928,0.7631455796462305,True
500,0.5,145,dml_mult_boot,0.4097313299935249,0.18221680041482644,0.06351920372238533,0.7614987209004711,True
500,0.5,145,dml_pairs_boot,0.4097313299935249,0.15759159100403144,0.2626549543065893,0.8070862555416277,True
500,0.5,146,dml_if,0.568898689341831,0.15523935309252196,0.2646295572804879,0.873167821403174,True
500,0.5,146,dml_mult_boot,0.568898689341831,0.15113320312804768,0.2430060589521231,0.833484051381636,True
500,0.5,146,dml_pairs_boot,0.568898689341831,0.2209635445101309,-0.0036841198698186334,0.8627315506560889,True
500,0.5,147,dml_if,0.6312869015712281,0.10178868652226604,0.4317810759875867,0.8307927271548696,True
500,0.5,147,dml_mult_boot,0.6312869015712281,0.10016560646538024,0.44573304834420263,0.833142670098048,True
500,0.5,147,dml_pairs_boot,0.6312869015712281,0.17335095241096884,0.243691697516806,0.928416345132054,True
500,0.5,148,dml_if,0.789787353275434,0.1436272407533676,0.5082779613988335,1.0712967451520345,False
500,0.5,148,dml_mult_boot,0.789787353275434,0.13880769678730218,0.5107730839698845,1.0590858638903822,False
500,0.5,148,dml_pairs_boot,0.789787353275434,0.405771530538494,-0.24986363435324965,1.5622982828971252,True
500,0.5,149,dml_if,0.24619619428686584,0.20705412353963218,-0.15962988785081322,0.6520222764245449,True
500,0.5,149,dml_mult_boot,0.24619619428686584,0.21694384185853605,-0.1492413093979545,0.6246713915116714,True
500,0.5,149,dml_pairs_boot,0.24619619428686584,0.23468339907940808,0.03267897882648142,0.8298560730783081,True
500,0.5,150,dml_if,0.5182099334231408,0.1236359062406472,0.2758835571914723,0.7605363096548093,True
500,0.5,150,dml_mult_boot,0.5182099334231408,0.11927106522149673,0.2912493083880476,0.7435282340627604,True
500,0.5,150,dml_pairs_boot,0.5182099334231408,0.18686338349528062,0.2510038954400797,0.9949334423453373,True
500,0.5,151,dml_if,-0.06583711720901365,0.39180127173493,-0.8337676098094764,0.7020933753914491,True
500,0.5,151,dml_mult_boot,-0.06583711720901365,0.389229351443202,-0.7466954548183561,0.5884988377490554,True
500,0.5,151,dml_pairs_boot,-0.06583711720901365,0.7928265479544945,-2.4800067176952982,0.6202012151578395,True
500,0.5,152,dml_if,0.7922697425725141,0.13887231808518063,0.5200799991255601,1.064459486019468,False
500,0.5,152,dml_mult_boot,0.7922697425725141,0.13993218182548176,0.5329156899306807,1.056776877278324,False
500,0.5,152,dml_pairs_boot,0.7922697425725141,0.13791204131246793,0.4916090893342343,0.9637518345577849,True
500,0.5,153,dml_if,0.6859725744479699,0.13545557226882568,0.4204796528010716,0.9514654960948682,True
500,0.5,153,dml_mult_boot,0.6859725744479699,0.1391318648806608,0.41352437371581835,0.9336936327242779,True
500,0.5,153,dml_pairs_boot,0.6859725744479699,0.14998755239283137,0.3394973461582178,0.875426359727313,True
500,0.5,154,dml_if,0.41300053000245696,0.14052259289322994,0.1375762479317263,0.6884248120731876,True
500,0.5,154,dml_mult_boot,0.41300053000245696,0.1437118126787924,0.1269244547921981,0.6713215312511406,True
500,0.5,154,dml_pairs_boot,0.41300053000245696,0.14459209665230374,0.1845367182288083,0.7128522093599199,True
500,0.5,155,dml_if,0.5870756468313688,0.12038917939900316,0.3511128552093226,0.8230384384534151,True
500,0.5,155,dml_mult_boot,0.5870756468313688,0.11678383127719522,0.3806270359706576,0.8183556286572936,True
500,0.5,155,dml_pairs_boot,0.5870756468313688,0.1625763545158749,0.24966713717476313,0.8067443801206068,True
500,0.5,156,dml_if,0.6671283417563223,0.1977541285110875,0.2795302498745908,1.0547264336380537,True
500,0.5,156,dml_mult_boot,0.6671283417563223,0.18837953978894192,0.31806676181928334,1.0224273760120064,True
500,0.5,156,dml_pairs_boot,0.6671283417563223,0.3160917549999257,0.006005522796480422,1.3330073202977275,True
500,0.5,157,dml_if,0.4981047901567034,0.17468974210595667,0.15571289562902835,0.8404966846843784,True
500,0.5,157,dml_mult_boot,0.4981047901567034,0.1799331716320104,0.16820024381568754,0.8646172224950122,True
500,0.5,157,dml_pairs_boot,0.4981047901567034,0.17664653449057993,0.20152116685003227,0.8039797005302902,True
500,0.5,158,dml_if,0.5297879159787947,0.1463308048264473,0.24297953851895798,0.8165962934386315,True
500,0.5,158,dml_mult_boot,0.5297879159787947,0.1449258228226564,0.2551176017479529,0.7911362653356973,True
500,0.5,158,dml_pairs_boot,0.5297879159787947,0.13169871212064732,0.36814443843891964,0.8652614041365646,True
500,0.5,159,dml_if,0.3039291907760449,0.17266739100364267,-0.0344988955910947,0.6423572771431845,True
500,0.5,159,dml_mult_boot,0.3039291907760449,0.17840108759364914,-0.04679551450524391,0.6198853285952522,True
500,0.5,159,dml_pairs_boot,0.3039291907760449,0.21676323062997682,-0.05714793918341049,0.7088799106057319,True
500,0.5,160,dml_if,0.7200162122218908,0.14476156754557076,0.4362835398325721,1.0037488846112095,True
500,0.5,160,dml_mult_boot,0.7200162122218908,0.13579835534852872,0.4571052147512833,0.9744322391890715,True
500,0.5,160,dml_pairs_boot,0.7200162122218908,0.15214214993504882,0.4481705413264044,1.097528831486322,True
500,0.5,161,dml_if,0.35157700861180324,0.18221083206174735,-0.00555622222922153,0.708710239452828,True
500,0.5,161,dml_mult_boot,0.35157700861180324,0.187864025218695,-0.016402650016118955,0.6979254005917703,True
500,0.5,161,dml_pairs_boot,0.35157700861180324,0.22965249881542535,0.05978966266455851,0.8676366806229661,True
500,0.5,162,dml_if,1.0063134597537338,0.6113622368753682,-0.19195652452198786,2.2045834440294554,True
500,0.5,162,dml_mult_boot,1.0063134597537338,0.6027971230030257,0.17662956060302176,1.8064422528048676,True
500,0.5,162,dml_pairs_boot,1.0063134597537338,0.7762592762207858,0.3170519140166708,3.179506217833299,True
500,0.5,163,dml_if,0.4309042518039122,0.10208217594469866,0.2308231869523028,0.6309853166555215,True
500,0.5,163,dml_mult_boot,0.4309042518039122,0.10597624869418207,0.21499501117164407,0.6355538247342912,True
500,0.5,163,dml_pairs_boot,0.4309042518039122,0.18976653498174237,0.00042966124911103607,0.7470013440090024,True
500,0.5,164,dml_if,0.5337072832988233,0.0967747252524149,0.3440288218040901,0.7233857447935566,True
500,0.5,164,dml_mult_boot,0.5337072832988233,0.09702208722755339,0.3428677985555986,0.7305455765652892,True
500,0.5,164,dml_pairs_boot,0.5337072832988233,0.13177109279385965,0.30179525921296235,0.8263168181288291,True
500,0.5,165,dml_if,0.5767927291183838,0.10681965746017501,0.3674262004964407,0.7861592577403268,True
500,0.5,165,dml_mult_boot,0.5767927291183838,0.10210202854156307,0.37388660816446834,0.755108965181258,True
500,0.5,165,dml_pairs_boot,0.5767927291183838,0.16990434110816865,0.24140360280878448,0.7907757469048284,True
500,0.5,166,dml_if,0.39602353458899303,0.09670692263227873,0.20647796622972672,0.5855691029482594,True
500,0.5,166,dml_mult_boot,0.39602353458899303,0.09784958860358692,0.1919025574805464,0.5707679096024845,True
500,0.5,166,dml_pairs_boot,0.39602353458899303,0.17140802308752254,0.053655433187836776,0.5802856273518412,True
500,0.5,167,dml_if,0.36878021133408134,0.11033784719159864,0.152518030838548,0.5850423918296147,True
500,0.5,167,dml_mult_boot,0.36878021133408134,0.10795183105276988,0.16969692083451618,0.5763428968901807,True
500,0.5,167,dml_pairs_boot,0.36878021133408134,0.5426961888335229,-1.5169907440532258,0.6323219510290529,True
500,0.5,168,dml_if,0.2523156625637914,0.19552921826350914,-0.13092160523268648,0.6355529303602693,True
500,0.5,168,dml_mult_boot,0.2523156625637914,0.20315158816005605,-0.11738301140106004,0.6436341648159679,True
500,0.5,168,dml_pairs_boot,0.2523156625637914,0.20666243079169336,-0.19797817571895318,0.6200809757698313,True
500,0.5,169,dml_if,0.4798230416375649,0.179193577163422,0.1286036303972578,0.8310424528778719,True
500,0.5,169,dml_mult_boot,0.4798230416375649,0.18551331812734942,0.14321788902586283,0.8214380800584122,True
500,0.5,169,dml_pairs_boot,0.4798230416375649,0.20508018113425677,-0.07008044612013253,0.7475291003262461,True
500,0.5,170,dml_if,0.6616768115933197,0.10355415120432264,0.45871067523284736,0.864642947953792,True
500,0.5,170,dml_mult_boot,0.6616768115933197,0.09981720716293917,0.4646515327362941,0.8524939464986898,True
500,0.5,170,dml_pairs_boot,0.6616768115933197,0.16163234832618695,0.31618445974421894,0.9049571586869131,True
500,0.5,171,dml_if,0.7401948000199678,0.25303997463598077,0.24423644973344555,1.2361531503064902,True
500,0.5,171,dml_mult_boot,0.7401948000199678,0.25515033770028217,0.2654662187532098,1.1932163190910121,True
500,0.5,171,dml_pairs_boot,0.7401948000199678,0.23153472785940715,0.2082309804565673,1.147092144390936,True
500,0.5,172,dml_if,0.3936137689927987,0.2238953705478412,-0.04522115728097004,0.8324486952665675,True
500,0.5,172,dml_mult_boot,0.3936137689927987,0.20954800666131132,-0.005424124944506383,0.7489353667971824,True
500,0.5,172,dml_pairs_boot,0.3936137689927987,0.2558892716795424,-0.12944874295651734,0.8923714775510717,True
500,0.5,173,dml_if,0.684881248494147,0.11218156382347776,0.4650053834001306,0.9047571135881634,True
500,0.5,173,dml_mult_boot,0.684881248494147,0.11347557587293945,0.4712734367256485,0.9031756306549212,True
500,0.5,173,dml_pairs_boot,0.684881248494147,0.19764761901298594,0.3594123559963962,1.0815477952496124,True
500,0.5,174,dml_if,0.4915173474030623,0.12462287763436714,0.24725650723970272,0.7357781875664219,True
500,0.5,174,dml_mult_boot,0.4915173474030623,0.12353742455231054,0.2673559250130927,0.7245744354094205,True
500,0.5,174,dml_pairs_boot,0.4915173474030623,0.2138989699028284,0.0025123365124209637,0.8093992311198818,True
500,0.5,175,dml_if,0.6553373754633615,0.11729803454227722,0.4254332277604981,0.8852415231662248,True
500,0.5,175,dml_mult_boot,0.6553373754633615,0.1133305007561032,0.4327104737082333,0.8924489386765005,True
500,0.5,175,dml_pairs_boot,0.6553373754633615,0.14997232723825044,0.2911374409160281,0.8272816865386755,True
500,0.5,176,dml_if,0.4595605719761677,0.11664289663287365,0.23094049457573532,0.6881806493766001,True
500,0.5,176,dml_mult_boot,0.4595605719761677,0.11584284203497258,0.22843141403414322,0.6844516243838324,True
500,0.5,176,dml_pairs_boot,0.4595605719761677,0.16092790593262027,0.2867784327957313,0.9323186354252346,True
500,0.5,177,dml_if,0.3271026754588625,0.14220703308098362,0.048376890620134616,0.6058284602975904,True
500,0.5,177,dml_mult_boot,0.3271026754588625,0.1364507697004811,0.08235893975007193,0.5843818527111135,True
500,0.5,177,dml_pairs_boot,0.3271026754588625,0.17812031265815131,-0.035845686995228276,0.6557500294505942,True
500,0.5,178,dml_if,0.5301961702728595,0.14342706830277702,0.24907911639941654,0.8113132241463024,True
500,0.5,178,dml_mult_boot,0.5301961702728595,0.14784768316765187,0.22848342068417452,0.7851131629049591,True
500,0.5,178,dml_pairs_boot,0.5301961702728595,0.1449023556289409,0.15237503871857688,0.7221416343166105,True
500,0.5,179,dml_if,0.47369983392294074,0.17135320477267224,0.13784755256850317,0.8095521152773784,True
500,0.5,179,dml_mult_boot,0.47369983392294074,0.18000291866254586,0.1116285462444573,0.829363175138179,True
500,0.5,179,dml_pairs_boot,0.47369983392294074,0.22244565074198785,0.16434897682511493,1.0305380730583908,True
500,0.5,180,dml_if,0.4933532504817803,0.10648301635604712,0.28464653842392795,0.7020599625396327,True
500,0.5,180,dml_mult_boot,0.4933532504817803,0.10646504515817483,0.2987248413336114,0.7157347564279692,True
500,0.5,180,dml_pairs_boot,0.4933532504817803,0.2704355464842474,-0.07932096602871261,0.9294922630277492,True
500,0.5,181,dml_if,0.511188804552196,0.2000170273372269,0.11915543097123121,0.9032221781331606,True
500,0.5,181,dml_mult_boot,0.511188804552196,0.20225502307533047,0.12785698199508647,0.8421799998202654,True
500,0.5,181,dml_pairs_boot,0.511188804552196,0.21914808659523904,0.07513624681753785,0.9384409791356397,True
500,0.5,182,dml_if,0.6042598486802006,0.13892975164073176,0.3319575354643663,0.8765621618960349,True
500,0.5,182,dml_mult_boot,0.6042598486802006,0.13690756686464237,0.3359019777665378,0.8600829384227349,True
500,0.5,182,dml_pairs_boot,0.6042598486802006,0.14528073975015954,0.3151581275385041,0.8626357866949886,True
500,0.5,183,dml_if,0.5804825982009698,0.1515844894469027,0.28337699888504053,0.8775881975168991,True
500,0.5,183,dml_mult_boot,0.5804825982009698,0.15717055427638948,0.26795617003641187,0.8814712845262161,True
500,0.5,183,dml_pairs_boot,0.5804825982009698,0.1729397650677941,0.30980314676482723,1.058748137136545,True
500,0.5,184,dml_if,0.4943243352496269,0.10138685657056552,0.29560609637131846,0.6930425741279354,True
500,0.5,184,dml_mult_boot,0.4943243352496269,0.10192480349071124,0.2962847045897216,0.686308870676071,True
500,0.5,184,dml_pairs_boot,0.4943243352496269,0.11982978112053216,0.2132042738181393,0.7039540777676263,True
500,0.5,185,dml_if,0.5720529814762105,0.11460030034818489,0.34743639279376815,0.7966695701586529,True
500,0.5,185,dml_mult_boot,0.5720529814762105,0.11175767077273685,0.35465648034236746,0.8017292241436057,True
500,0.5,185,dml_pairs_boot,0.5720529814762105,0.15441073838592786,0.30471001387350066,0.8511394473205441,True
500,0.5,186,dml_if,0.21690807249276112,0.1675707960222362,-0.11153068771082186,0.5453468326963441,True
500,0.5,186,dml_mult_boot,0.21690807249276112,0.1714745474959725,-0.12039057963455248,0.5097719603570147,True
500,0.5,186,dml_pairs_boot,0.21690807249276112,0.16203012266672548,-0.12032878330563679,0.5229738489724312,True
500,0.5,187,dml_if,0.6029349663074379,0.13777585142244905,0.3328942975194378,0.8729756350954381,True
500,0.5,187,dml_mult_boot,0.6029349663074379,0.13365707456464054,0.3480844099334793,0.8669202982988242,True
500,0.5,187,dml_pairs_boot,0.6029349663074379,0.1269889240229169,0.3623139636810819,0.8626899278396123,True
500,0.5,188,dml_if,0.328908507802685,0.1456858932499214,0.04336415703283908,0.6144528585725308,True
500,0.5,188,dml_mult_boot,0.328908507802685,0.15404807258062445,0.03140178403762361,0.6129501444213519,True
500,0.5,188,dml_pairs_boot,0.328908507802685,0.26352297815680004,-0.3408409663774915,0.6633650947865766,True
500,0.5,189,dml_if,0.6076171707443827,0.10569158913255679,0.4004616560445714,0.814772685444194,True
500,0.5,189,dml_mult_boot,0.6076171707443827,0.10536388536201868,0.3973597234461884,0.808857784544271,True
500,0.5,189,dml_pairs_boot,0.6076171707443827,0.17663831444198372,0.1380818650660725,0.8490006862105928,True
500,0.5,190,dml_if,0.5626474426120676,0.131619142700453,0.3046739229191797,0.8206209623049554,True
500,0.5,190,dml_mult_boot,0.5626474426120676,0.12413420334643399,0.3320116405526885,0.7995291676225759,True
500,0.5,190,dml_pairs_boot,0.5626474426120676,0.15506393467578233,0.239940065443095,0.8729222429452445,True
500,0.5,191,dml_if,0.7749406581252174,0.14851597794678742,0.4838493413495141,1.0660319749009206,True
500,0.5,191,dml_mult_boot,0.7749406581252174,0.1457778439389283,0.5034571591915359,1.0612180598422203,False
500,0.5,191,dml_pairs_boot,0.7749406581252174,0.13759166851996957,0.4636809838238076,0.9952588390738488,True
500,0.5,192,dml_if,0.49405620621257906,0.14757537239706014,0.20480847631434118,0.783303936110817,True
500,0.5,192,dml_mult_boot,0.49405620621257906,0.14655970709431917,0.21030198146433388,0.7703231078193523,True
500,0.5,192,dml_pairs_boot,0.49405620621257906,0.1669389137162438,0.1656908666061397,0.8443931421773446,True
500,0.5,193,dml_if,0.3584769728424306,0.1309792912421641,0.10175756200778896,0.6151963836770722,True
500,0.5,193,dml_mult_boot,0.3584769728424306,0.1257298725674516,0.1207028593715546,0.5949096087802763,True
500,0.5,193,dml_pairs_boot,0.3584769728424306,0.17605089069930194,-0.05023289203625851,0.6035373613068395,True
500,0.5,194,dml_if,0.5030903206165532,0.13615157984422682,0.23623322412186865,0.7699474171112378,True
500,0.5,194,dml_mult_boot,0.5030903206165532,0.13518569681004927,0.23516909468530642,0.766632751816145,True
500,0.5,194,dml_pairs_boot,0.5030903206165532,0.13432391592340479,0.17641695920240702,0.6824746391653561,True
500,0.5,195,dml_if,0.46133815661612526,0.11138323840652067,0.24302700933934474,0.6796493038929058,True
500,0.5,195,dml_mult_boot,0.46133815661612526,0.11008543210076213,0.25716675914413595,0.6800339420112549,True
500,0.5,195,dml_pairs_boot,0.46133815661612526,0.11671665136245787,0.2649771085330322,0.7061373098106791,True
500,0.5,196,dml_if,0.6600992519784131,0.22664105607738078,0.21588278206674683,1.1043157218900794,True
500,0.5,196,dml_mult_boot,0.6600992519784131,0.22015426378756714,0.27941619090698555,1.0126129070339132,True
500,0.5,196,dml_pairs_boot,0.6600992519784131,0.5374976014204134,-0.27775187850449157,1.8555309603181636,True
500,0.5,197,dml_if,0.20106615818467838,0.18923130180164682,-0.1698271933465494,0.5719595097159061,True
500,0.5,197,dml_mult_boot,0.20106615818467838,0.18052021940032298,-0.1463872507089249,0.513502609067958,True
500,0.5,197,dml_pairs_boot,0.20106615818467838,0.21946481185574945,-0.15924376859412978,0.7021815366288032,True
500,0.5,198,dml_if,0.4646586667627179,0.11913771887656756,0.23114873776464548,0.6981685957607903,True
500,0.5,198,dml_mult_boot,0.4646586667627179,0.12163718687913797,0.23180640174970324,0.6964081927970079,True
500,0.5,198,dml_pairs_boot,0.4646586667627179,0.2245349870972359,-0.23977151931452437,0.672351520150292,True
500,0.5,199,dml_if,0.6237252485197636,0.21334696608774345,0.20556519498778647,1.0418853020517407,True
500,0.5,199,dml_mult_boot,0.6237252485197636,0.21603923325006455,0.2320958804458817,1.0109300937504064,True
500,0.5,199,dml_pairs_boot,0.6237252485197636,0.18571301845456323,0.10277134633759522,0.8795010086345214,True
1000,0.0,0,dml_if,0.023580310112634922,0.08876532820876519,-0.15039973317654484,0.1975603534018147,True
1000,0.0,0,dml_mult_boot,0.023580310112634922,0.08866551193439463,-0.15047902437986535,0.18957100707565777,True
1000,0.0,0,dml_pairs_boot,0.023580310112634922,0.08413088259420615,-0.16861134493948104,0.16101613690773633,True
1000,0.0,1,dml_if,0.09938555501687807,0.10453920999189428,-0.10551129656723474,0.3042824066009909,True
1000,0.0,1,dml_mult_boot,0.09938555501687807,0.10704472405433882,-0.10502643861061739,0.31185024790067994,True
1000,0.0,1,dml_pairs_boot,0.09938555501687807,0.09686978696624914,-0.054709841560438704,0.29724761571323755,True
1000,0.0,2,dml_if,0.415437946480568,0.2481203667428975,-0.07087797233551113,0.901753865296647,True
1000,0.0,2,dml_mult_boot,0.415437946480568,0.2555704605570679,-0.039422472080819365,0.8592909600567765,True
1000,0.0,2,dml_pairs_boot,0.415437946480568,0.26380909214556625,-0.14053642871564825,0.913513956208929,True
1000,0.0,3,dml_if,0.1214018064201272,0.10822447934756267,-0.09071817310109563,0.33352178594135,True
1000,0.0,3,dml_mult_boot,0.1214018064201272,0.10965952403519323,-0.10676877426071198,0.3130683395730408,True
1000,0.0,3,dml_pairs_boot,0.1214018064201272,0.1226885034082292,-0.03138408305576374,0.4146783415209326,True
1000,0.0,4,dml_if,0.027058119541331267,0.11567799553420532,-0.19967075170571116,0.2537869907883737,True
1000,0.0,4,dml_mult_boot,0.027058119541331267,0.11338447792908268,-0.1899129997217785,0.2325424354283764,True
1000,0.0,4,dml_pairs_boot,0.027058119541331267,0.10999814458032992,-0.17754004107264898,0.2425605574375184,True
1000,0.0,5,dml_if,-0.1555713746265498,0.1000916788860346,-0.35175106524317756,0.040608315990078,True
1000,0.0,5,dml_mult_boot,-0.1555713746265498,0.09893409335194138,-0.34963679696104955,0.0491949226353686,True
1000,0.0,5,dml_pairs_boot,-0.1555713746265498,0.10813439839161153,-0.36724122183805874,0.025439636464818952,True
1000,0.0,6,dml_if,-0.12111798349926117,0.10216002551382157,-0.32135163350635143,0.07911566650782911,True
1000,0.0,6,dml_mult_boot,-0.12111798349926117,0.10082526936457112,-0.31295762024963186,0.0656912770994027,True
1000,0.0,6,dml_pairs_boot,-0.12111798349926117,0.1098062694526286,-0.3195081075886238,0.09893007409867768,True
1000,0.0,7,dml_if,-0.0044372378572128,0.1010439288348318,-0.20248333837348315,0.19360886265905752,True
1000,0.0,7,dml_mult_boot,-0.0044372378572128,0.10331886530804625,-0.19219242899213945,0.20120779726891955,True
1000,0.0,7,dml_pairs_boot,-0.0044372378572128,0.08806467993224586,-0.1359649094978168,0.1753374882206598,True
1000,0.0,8,dml_if,-0.02285328628725279,0.14080227949461227,-0.2988257540966929,0.25311918152218726,True
1000,0.0,8,dml_mult_boot,-0.02285328628725279,0.14554082032701,-0.2977685262922078,0.2502832314478955,True
1000,0.0,8,dml_pairs_boot,-0.02285328628725279,0.16011473087060749,-0.32379559557802096,0.37431990864454084,True
1000,0.0,9,dml_if,0.11300641772706391,0.12213306938940206,-0.12637439827616415,0.35238723373029196,True
1000,0.0,9,dml_mult_boot,0.11300641772706391,0.1253401431419416,-0.13819600313079636,0.3468460354714443,True
1000,0.0,9,dml_pairs_boot,0.11300641772706391,0.1438129881826414,-0.24443061625391105,0.30845303370660937,True
1000,0.0,10,dml_if,-0.12926936558930816,0.12252824899452165,-0.3694247336185706,0.11088600243995428,True
1000,0.0,10,dml_mult_boot,-0.12926936558930816,0.12300175580168159,-0.38272079044710744,0.09732889099694338,True
1000,0.0,10,dml_pairs_boot,-0.12926936558930816,0.11417788563773205,-0.3264035856362468,0.09729016176559341,True
1000,0.0,11,dml_if,-0.03493174338572749,0.10770149376749834,-0.24602667117002422,0.17616318439856923,True
1000,0.0,11,dml_mult_boot,-0.03493174338572749,0.11022404732492948,-0.25913833762641064,0.16630205658849442,True
1000,0.0,11,dml_pairs_boot,-0.03493174338572749,0.09210029314890132,-0.15365883937268732,0.22173582893258648,True
1000,0.0,12,dml_if,-0.013596666543302941,0.11778704638761887,-0.24445927746303592,0.21726594437643004,True
1000,0.0,12,dml_mult_boot,-0.013596666543302941,0.11704694434334492,-0.23994708678700866,0.20307951912664698,True
1000,0.0,12,dml_pairs_boot,-0.013596666543302941,0.1150278988652779,-0.23106814224399508,0.2457656171191351,True
1000,0.0,13,dml_if,0.067383192141811,0.07276201889383803,-0.07523036489011152,0.2099967491737335,True
1000,0.0,13,dml_mult_boot,0.067383192141811,0.07305900615733836,-0.07976627081741403,0.19561528324847408,True
1000,0.0,13,dml_pairs_boot,0.067383192141811,0.10759124218623778,-0.08690807481588958,0.3295733686959637,True
1000,0.0,14,dml_if,0.1255532073305819,0.0981986189566727,-0.0669160858244966,0.3180225004856604,True
1000,0.0,14,dml_mult_boot,0.1255532073305819,0.098568118053757,-0.07106374252934569,0.3195531736385121,True
1000,0.0,14,dml_pairs_boot,0.1255532073305819,0.11462058732860708,-0.13768458358111316,0.3139193132066592,True
1000,0.0,15,dml_if,-0.021574858011179955,0.09388825887026671,-0.2055958453969027,0.1624461293745428,True
1000,0.0,15,dml_mult_boot,-0.021574858011179955,0.09608253462505782,-0.20654154584972123,0.1569175497730599,True
1000,0.0,15,dml_pairs_boot,-0.021574858011179955,0.08157095755499161,-0.151587538667569,0.1547607693438872,True
1000,0.0,16,dml_if,-0.011256349726340318,0.09931116113465915,-0.20590622555027227,0.18339352609759163,True
1000,0.0,16,dml_mult_boot,-0.011256349726340318,0.09467653672434796,-0.18729259283208968,0.16953510968571686,True
1000,0.0,16,dml_pairs_boot,-0.011256349726340318,0.09318166560558858,-0.2589941559427874,0.11856615934996392,True
1000,0.0,17,dml_if,-0.013183440854906404,0.09202665946842811,-0.1935556934130255,0.16718881170321268,True
1000,0.0,17,dml_mult_boot,-0.013183440854906404,0.09166855770986367,-0.18962113831655905,0.15566327253449494,True
1000,0.0,17,dml_pairs_boot,-0.013183440854906404,0.09141461941007437,-0.21561405644209203,0.12121998880085902,True
1000,0.0,18,dml_if,0.14184518947878313,0.10608408450660733,-0.06607961615416724,0.3497699951117335,True
1000,0.0,18,dml_mult_boot,0.14184518947878313,0.10293023475438133,-0.060537089177717364,0.33496154958259566,True
1000,0.0,18,dml_pairs_boot,0.14184518947878313,0.10267843473170485,-0.009206384276906308,0.3978619792454746,True
1000,0.0,19,dml_if,-0.0015160269681737616,0.12182300087911443,-0.24028910869123807,0.23725705475489053,True
1000,0.0,19,dml_mult_boot,-0.0015160269681737616,0.12116077447236802,-0.23623785851808637,0.2388008553324589,True
1000,0.0,19,dml_pairs_boot,-0.0015160269681737616,0.13546820593525344,-0.32353006698896997,0.2167918778459056,True
1000,0.0,20,dml_if,-0.06594215643711533,0.11253199617382167,-0.2865048689378058,0.15462055606357517,True
1000,0.0,20,dml_mult_boot,-0.06594215643711533,0.1103112413084141,-0.25694173271589354,0.1550878278498498,True
1000,0.0,20,dml_pairs_boot,-0.06594215643711533,0.1807031254619241,-0.5047184711419392,0.13950640882311802,True
1000,0.0,21,dml_if,0.05167828493788105,0.07223606195997444,-0.08990439650366885,0.19326096637943094,True
1000,0.0,21,dml_mult_boot,0.05167828493788105,0.07493761913510494,-0.10255412979658958,0.19554648763274426,True
1000,0.0,21,dml_pairs_boot,0.05167828493788105,0.09354889495434356,-0.16779034469659282,0.2015321269082528,True
1000,0.0,22,dml_if,-0.0742212630424581,0.09855779441066327,-0.2673945400873581,0.1189520140024419,True
1000,0.0,22,dml_mult_boot,-0.0742212630424581,0.09755034959316078,-0.26732583520494013,0.11329847768270293,True
1000,0.0,22,dml_pairs_boot,-0.0742212630424581,0.11132874120843823,-0.34719772960939904,0.059176304774766104,True
1000,0.0,23,dml_if,-0.02639164053042218,0.09583247447248543,-0.2142232904964936,0.16144000943564926,True
1000,0.0,23,dml_mult_boot,-0.02639164053042218,0.09928964483708844,-0.21166862114917537,0.16921994488686812,True
1000,0.0,23,dml_pairs_boot,-0.02639164053042218,0.084165547507259,-0.1717825285745919,0.15143629440152256,True
1000,0.0,24,dml_if,0.023876368569657393,0.09158234286272751,-0.15562502344128853,0.2033777605806033,True
1000,0.0,24,dml_mult_boot,0.023876368569657393,0.09195305729213281,-0.15237216363526082,0.21772322860156731,True
1000,0.0,24,dml_pairs_boot,0.023876368569657393,0.09820040918540043,-0.15220619426160312,0.21309206955878104,True
1000,0.0,25,dml_if,-0.06619070047410501,0.10224136582692335,-0.2665837774948748,0.13420237654666473,True
1000,0.0,25,dml_mult_boot,-0.06619070047410501,0.09820990150572409,-0.2612514983468067,0.12169783378652706,True
1000,0.0,25,dml_pairs_boot,-0.06619070047410501,0.147053995273106,-0.275723453653638,0.23285044030091206,True
1000,0.0,26,dml_if,0.1030809581248126,0.09640753995332696,-0.08587782018370824,0.2920397364333335,True
1000,0.0,26,dml_mult_boot,0.1030809581248126,0.09777206032336698,-0.09689727854762009,0.2693624925379417,True
1000,0.0,26,dml_pairs_boot,0.1030809581248126,0.09483411949445056,-0.12730259910987332,0.24509175816581077,True
1000,0.0,27,dml_if,0.05947706747098674,0.1069261236987564,-0.1500981349785758,0.26905226992054926,True
1000,0.0,27,dml_mult_boot,0.05947706747098674,0.10582552829487288,-0.1268868224193168,0.25093638673297597,True
1000,0.0,27,dml_pairs_boot,0.05947706747098674,0.1162331640511765,-0.19487189759097964,0.2657498907664653,True
1000,0.0,28,dml_if,-0.06004417342743018,0.09683688936794774,-0.24984447658860776,0.1297561297337474,True
1000,0.0,28,dml_mult_boot,-0.06004417342743018,0.0971611514596709,-0.2561789655661374,0.12286340432919605,True
1000,0.0,28,dml_pairs_boot,-0.06004417342743018,0.11096646764549419,-0.2654307999397817,0.1290428882545277,True
1000,0.0,29,dml_if,0.010552541414604879,0.09066513499607447,-0.1671511231777011,0.18825620600691084,True
1000,0.0,29,dml_mult_boot,0.010552541414604879,0.09296854416620058,-0.154777138125821,0.1915324473401382,True
1000,0.0,29,dml_pairs_boot,0.010552541414604879,0.09606003219796559,-0.10021658285000211,0.24697584283753599,True
1000,0.0,30,dml_if,0.04987660416018483,0.07753913766911734,-0.10210010567128516,0.20185331399165482,True
1000,0.0,30,dml_mult_boot,0.04987660416018483,0.08046634259085413,-0.11196748022762419,0.1981640922589182,True
1000,0.0,30,dml_pairs_boot,0.04987660416018483,0.09105697553874771,-0.15854246691677434,0.19023903199091904,True
1000,0.0,31,dml_if,-0.032962287376623496,0.095998763717854,-0.22111986426361732,0.15519528951037034,True
1000,0.0,31,dml_mult_boot,-0.032962287376623496,0.08831097769585239,-0.19649976802737903,0.1395647173061466,True
1000,0.0,31,dml_pairs_boot,-0.032962287376623496,0.11408634906700926,-0.29533434443118844,0.11182155362096359,True
1000,0.0,32,dml_if,-0.003725958150862631,0.0830668834275831,-0.16653704966892552,0.15908513336720026,True
1000,0.0,32,dml_mult_boot,-0.003725958150862631,0.08514533947777955,-0.18291915313797036,0.15061310550008894,True
1000,0.0,32,dml_pairs_boot,-0.003725958150862631,0.0912652530501301,-0.1858853698155313,0.1262091846650229,True
1000,0.0,33,dml_if,-0.05836286659689166,0.10214804281388533,-0.2585730305121069,0.14184729731832357,True
1000,0.0,33,dml_mult_boot,-0.05836286659689166,0.10083388343828037,-0.2451535670609496,0.13530908501460853,True
1000,0.0,33,dml_pairs_boot,-0.05836286659689166,0.09999004994035025,-0.2296427471337171,0.17913819896684194,True
1000,0.0,34,dml_if,-0.171685218226867,0.12988471721034217,-0.42625926395913766,0.08288882750540366,True
1000,0.0,34,dml_mult_boot,-0.171685218226867,0.13101505641037275,-0.4249167452090201,0.0756466213832045,True
1000,0.0,34,dml_pairs_boot,-0.171685218226867,0.12394459902442641,-0.3812481920537574,0.13519913890162483,True
1000,0.0,35,dml_if,-0.013211524531713604,0.09557462789406863,-0.2005377952040881,0.17411474614066091,True
1000,0.0,35,dml_mult_boot,-0.013211524531713604,0.092944157087733,-0.2013040095830744,0.15778405650696264,True
1000,0.0,35,dml_pairs_boot,-0.013211524531713604,0.12089109909145128,-0.2797897563238916,0.17717047435984007,True
1000,0.0,36,dml_if,0.018266630473463708,0.09889785100373134,-0.17557315749384972,0.21210641844077716,True
1000,0.0,36,dml_mult_boot,0.018266630473463708,0.10121580473327414,-0.16896193531684828,0.21834255264672947,True
1000,0.0,36,dml_pairs_boot,0.018266630473463708,0.0930841716390826,-0.14363441774610156,0.18507033893501032,True
1000,0.0,37,dml_if,0.08978515790901377,0.07878476560402452,-0.06463298267487429,0.24420329849290184,True
1000,0.0,37,dml_mult_boot,0.08978515790901377,0.08038512465579993,-0.05681313481820873,0.2469332266543192,True
1000,0.0,37,dml_pairs_boot,0.08978515790901377,0.10143779378200367,-0.17364947714675882,0.2225627172391494,True
1000,0.0,38,dml_if,0.015207028867607334,0.10977942099674935,-0.1999606362860214,0.23037469402123606,True
1000,0.0,38,dml_mult_boot,0.015207028867607334,0.11368248662067462,-0.20410544665964508,0.2212555534593247,True
1000,0.0,38,dml_pairs_boot,0.015207028867607334,0.09772593246333006,-0.15435851022080205,0.2151537673683373,True
1000,0.0,39,dml_if,-0.11633413572170861,0.09999436476855604,-0.31232309066807845,0.07965481922466122,True
1000,0.0,39,dml_mult_boot,-0.11633413572170861,0.09965138845791907,-0.31307313951230376,0.08665075922445054,True
1000,0.0,39,dml_pairs_boot,-0.11633413572170861,0.08898365305976863,-0.2154428360003667,0.11084660188252338,True
1000,0.0,40,dml_if,0.016212083987752934,0.11223754419284131,-0.20377350263021604,0.2361976706057219,True
1000,0.0,40,dml_mult_boot,0.016212083987752934,0.11478944668797256,-0.21313101895552083,0.2287996622310128,True
1000,0.0,40,dml_pairs_boot,0.016212083987752934,0.10583453926682679,-0.18493669718329322,0.1639424952673137,True
1000,0.0,41,dml_if,-0.04915434792746731,0.06860313155445133,-0.18361648577419193,0.0853077899192573,True
1000,0.0,41,dml_mult_boot,-0.04915434792746731,0.06964585823642827,-0.18397464301432975,0.08974619500509566,True
1000,0.0,41,dml_pairs_boot,-0.04915434792746731,0.08086138354051442,-0.2116000074804726,0.09417547892606756,True
1000,0.0,42,dml_if,-0.004573451073267748,0.08939440188092539,-0.17978647875988152,0.170639576613346,True
1000,0.0,42,dml_mult_boot,-0.004573451073267748,0.08695668941758028,-0.18626672906072092,0.16680612062132927,True
1000,0.0,42,dml_pairs_boot,-0.004573451073267748,0.10052066113607547,-0.2716912257566571,0.09286739532959205,True
1000,0.0,43,dml_if,0.1579711538567624,0.14678367213835383,-0.12972484353441113,0.4456671512479359,True
1000,0.0,43,dml_mult_boot,0.1579711538567624,0.14477107619266655,-0.11614623449770396,0.41698783334200784,True
1000,0.0,43,dml_pairs_boot,0.1579711538567624,0.16518195469754082,-0.18446199712446373,0.43977316501933283,True
1000,0.0,44,dml_if,0.005811374785139158,0.11755046574502843,-0.22458753807511658,0.2362102876453949,True
1000,0.0,44,dml_mult_boot,0.005811374785139158,0.11846332722365763,-0.22221793468788692,0.2485128210327787,True
1000,0.0,44,dml_pairs_boot,0.005811374785139158,0.17664491358733078,-0.19085781344412103,0.45895029492205486,True
1000,0.0,45,dml_if,-0.02135329960529479,0.10228315338891418,-0.22182828024756657,0.179121681036977,True
1000,0.0,45,dml_mult_boot,-0.02135329960529479,0.10230703416925166,-0.21671338718694103,0.16610311381068235,True
1000,0.0,45,dml_pairs_boot,-0.02135329960529479,0.10863110051070267,-0.22828853348146816,0.15912319823036367,True
1000,0.0,46,dml_if,-0.22688239328070478,0.08906010795278063,-0.4014402048681548,-0.05232458169325474,False
1000,0.0,46,dml_mult_boot,-0.22688239328070478,0.0941894639036504,-0.4171579454306873,-0.05410028188505082,False
1000,0.0,46,dml_pairs_boot,-0.22688239328070478,0.08507044730924293,-0.37784855127786304,-0.03855965391428723,False
1000,0.0,47,dml_if,0.10145136075136627,0.0985957050060967,-0.09179622106058327,0.2946989425633158,True
1000,0.0,47,dml_mult_boot,0.10145136075136627,0.1016083147607881,-0.07698198656898202,0.28955319950484637,True
1000,0.0,47,dml_pairs_boot,0.10145136075136627,0.08946527979126184,-0.06034449369923013,0.2718866575100758,True
1000,0.0,48,dml_if,0.031013337182902362,0.10740653134092029,-0.17950346424530142,0.24153013861110614,True
1000,0.0,48,dml_mult_boot,0.031013337182902362,0.10732791659363641,-0.15018224273051306,0.2514395378800228,True
1000,0.0,48,dml_pairs_boot,0.031013337182902362,0.14102932066832904,-0.24320472053208,0.32596542539914763,True
1000,0.0,49,dml_if,-0.16165665121567768,0.11307842234407367,-0.38329035901006203,0.059977056578706694,True
1000,0.0,49,dml_mult_boot,-0.16165665121567768,0.11390565435385318,-0.3573102913911062,0.049149171394441374,True
1000,0.0,49,dml_pairs_boot,-0.16165665121567768,0.11176772868519634,-0.4167432640585798,0.03520947473679707,True
1000,0.0,50,dml_if,0.13271429109119734,0.09394564729741738,-0.051419177611740724,0.3168477597941354,True
1000,0.0,50,dml_mult_boot,0.13271429109119734,0.08848291708963661,-0.05013847245778311,0.29384979948505674,True
1000,0.0,50,dml_pairs_boot,0.13271429109119734,0.10200377109382568,-0.042234812325769,0.29651428207599306,True
1000,0.0,51,dml_if,-0.025845741888544434,0.09770865503386135,-0.21735470575491267,0.1656632219778238,True
1000,0.0,51,dml_mult_boot,-0.025845741888544434,0.10410009778083283,-0.2331944512000946,0.16200146633980025,True
1000,0.0,51,dml_pairs_boot,-0.025845741888544434,0.26541733678133594,-0.18225761485911476,0.722422579856514,True
1000,0.0,52,dml_if,-0.0955810349112812,0.1635435773267461,-0.4161264464717035,0.22496437664914112,True
1000,0.0,52,dml_mult_boot,-0.0955810349112812,0.15692586724277646,-0.3785605247296403,0.17863162301040153,True
1000,0.0,52,dml_pairs_boot,-0.0955810349112812,0.16985237093984817,-0.5264625482083143,0.19783050358328272,True
1000,0.0,53,dml_if,-0.04644849677037081,0.11787898943304356,-0.2774913160591362,0.18459432251839458,True
1000,0.0,53,dml_mult_boot,-0.04644849677037081,0.1134446253122729,-0.26351672161094486,0.1810291240541332,True
1000,0.0,53,dml_pairs_boot,-0.04644849677037081,0.1036295443037965,-0.23910394396583085,0.12308867875274689,True
1000,0.0,54,dml_if,-0.05263468137125277,0.09057931146359761,-0.2301701318399041,0.12490076909739856,True
1000,0.0,54,dml_mult_boot,-0.05263468137125277,0.09108374264088757,-0.23208902550619498,0.11452661844942406,True
1000,0.0,54,dml_pairs_boot,-0.05263468137125277,0.19685951893451148,-0.1584390140815304,0.5357138514275283,True
1000,0.0,55,dml_if,0.06027521599714179,0.1279682243376939,-0.19054250370473824,0.31109293569902186,True
1000,0.0,55,dml_mult_boot,0.06027521599714179,0.12326788209496037,-0.1767534241744191,0.30819020227896493,True
1000,0.0,55,dml_pairs_boot,0.06027521599714179,0.11542092942852522,-0.19445362436421149,0.23416727825184122,True
1000,0.0,56,dml_if,0.060860704931583215,0.08641122758292441,-0.10850530113094864,0.23022671099411507,True
1000,0.0,56,dml_mult_boot,0.060860704931583215,0.08723409139551508,-0.10088460164886795,0.22632797262650395,True
1000,0.0,56,dml_pairs_boot,0.060860704931583215,0.11060247296384094,-0.12344053882205636,0.28385223504089224,True
1000,0.0,57,dml_if,-0.013501552739214233,0.11256230934625464,-0.23412367905787332,0.20712057357944483,True
1000,0.0,57,dml_mult_boot,-0.013501552739214233,0.11777367890178533,-0.22555244853944034,0.22607907125801102,True
1000,0.0,57,dml_pairs_boot,-0.013501552739214233,0.11775379375735975,-0.20323815267530043,0.21329245874290326,True
1000,0.0,58,dml_if,0.047045302911006164,0.13051695080325784,-0.20876792066337918,0.3028585264853915,True
1000,0.0,58,dml_mult_boot,0.047045302911006164,0.13314786674953105,-0.22838486544219602,0.30231063051490686,True
1000,0.0,58,dml_pairs_boot,0.047045302911006164,0.1240985817226964,-0.1372749419419167,0.3185959550427471,True
1000,0.0,59,dml_if,0.09385685912862923,0.09895000603895963,-0.10008515270773163,0.28779887096499013,True
1000,0.0,59,dml_mult_boot,0.09385685912862923,0.09940012231566094,-0.0878984293412342,0.28953226143336364,True
1000,0.0,59,dml_pairs_boot,0.09385685912862923,0.08988433655839882,-0.08379130334360521,0.24500548691699425,True
1000,0.0,60,dml_if,-0.026030848425278905,0.09762933564433422,-0.217384346288174,0.16532264943761615,True
1000,0.0,60,dml_mult_boot,-0.026030848425278905,0.09947592759902547,-0.21224516429692275,0.15380879471877257,True
1000,0.0,60,dml_pairs_boot,-0.026030848425278905,0.1162168855107885,-0.23817142862667903,0.20111954762629577,True
1000,0.0,61,dml_if,0.029050588400791326,0.1057711182436043,-0.1782608033566731,0.23636198015825577,True
1000,0.0,61,dml_mult_boot,0.029050588400791326,0.10568835601311118,-0.18972005280566853,0.23849146010680866,True
1000,0.0,61,dml_pairs_boot,0.029050588400791326,0.09791720433045484,-0.1130576968753722,0.2556524835909501,True
1000,0.0,62,dml_if,0.00632235863193388,0.09535453779080598,-0.18057253543804586,0.1932172527019136,True
1000,0.0,62,dml_mult_boot,0.00632235863193388,0.09119741967251431,-0.17843138491133514,0.1873282893059321,True
1000,0.0,62,dml_pairs_boot,0.00632235863193388,0.11153690503159815,-0.3002425889621772,0.13706001817716987,True
1000,0.0,63,dml_if,0.03423117295909508,0.09856178952563903,-0.1589499345111574,0.22741228042934758,True
1000,0.0,63,dml_mult_boot,0.03423117295909508,0.10318292635956791,-0.16309418396795883,0.2363523297861744,True
1000,0.0,63,dml_pairs_boot,0.03423117295909508,0.11680510402521306,-0.17167353946083322,0.2810686297880422,True
1000,0.0,64,dml_if,0.03381003872073426,0.10306311441843455,-0.16819366553939744,0.23581374298086596,True
1000,0.0,64,dml_mult_boot,0.03381003872073426,0.10041903776198721,-0.1597466505706212,0.26322460518252006,True
1000,0.0,64,dml_pairs_boot,0.03381003872073426,0.16232364313611786,-0.1873087309015611,0.42085717540507667,True
1000,0.0,65,dml_if,0.018068807239900522,0.10545514366609421,-0.18862327434564413,0.22476088882544515,True
1000,0.0,65,dml_mult_boot,0.018068807239900522,0.1063452289760829,-0.19445766845214676,0.23053683665118885,True
1000,0.0,65,dml_pairs_boot,0.018068807239900522,0.10934403305646033,-0.269294607613381,0.17136307877313933,True
1000,0.0,66,dml_if,-0.049764306163058186,0.10220685284120358,-0.2500897377318172,0.15056112540570082,True
1000,0.0,66,dml_mult_boot,-0.049764306163058186,0.09848446346556708,-0.22953081225056882,0.15134038144073725,True
1000,0.0,66,dml_pairs_boot,-0.049764306163058186,0.09795641684845201,-0.2634806352115685,0.10550141379257372,True
1000,0.0,67,dml_if,0.08098168002999864,0.0793202907856413,-0.0744860899098583,0.2364494499698556,True
1000,0.0,67,dml_mult_boot,0.08098168002999864,0.07984832549935805,-0.09400750251578441,0.23431439049716993,True
1000,0.0,67,dml_pairs_boot,0.08098168002999864,0.08837841133649427,-0.0954241350720939,0.2538113838428751,True
1000,0.0,68,dml_if,-0.10168632632258782,0.1389037626197412,-0.3739377010572806,0.1705650484121049,True
1000,0.0,68,dml_mult_boot,-0.10168632632258782,0.14216323511359807,-0.3673848011941753,0.17174960663106864,True
1000,0.0,68,dml_pairs_boot,-0.10168632632258782,0.112678107476563,-0.3164887516325554,0.09076398361732446,True
1000,0.0,69,dml_if,0.21347560675874222,0.12246900697914606,-0.026563646920384043,0.4535148604378685,True
1000,0.0,69,dml_mult_boot,0.21347560675874222,0.12677513220767425,-0.021249557866660697,0.462272520304403,True
1000,0.0,69,dml_pairs_boot,0.21347560675874222,0.14204554647931494,-0.1220977058801198,0.45676088261873393,True
1000,0.0,70,dml_if,-0.08065904311821574,0.13356653864550921,-0.3424494588634138,0.1811313726269823,True
1000,0.0,70,dml_mult_boot,-0.08065904311821574,0.1372480234769651,-0.3470134019378838,0.1698484268886267,True
1000,0.0,70,dml_pairs_boot,-0.08065904311821574,0.11769635057974825,-0.35131426177386393,0.12794786487852697,True
1000,0.0,71,dml_if,-0.07311074794209818,0.10919093363034499,-0.28712497785757435,0.140903481973378,True
1000,0.0,71,dml_mult_boot,-0.07311074794209818,0.11210676648552194,-0.27716779859247326,0.14793654985091953,True
1000,0.0,71,dml_pairs_boot,-0.07311074794209818,0.11982992294301695,-0.32727372997469867,0.13728467542418699,True
1000,0.0,72,dml_if,0.029156573666804866,0.09291145343101077,-0.15294987505797625,0.21126302239158595,True
1000,0.0,72,dml_mult_boot,0.029156573666804866,0.09406895056610785,-0.15479239407306228,0.20709030791817423,True
1000,0.0,72,dml_pairs_boot,0.029156573666804866,0.11158976697636387,-0.14758139583344143,0.26284903582829044,True
1000,0.0,73,dml_if,0.07686870501435371,0.09289255751417495,-0.1052007077134292,0.2589381177421366,True
1000,0.0,73,dml_mult_boot,0.07686870501435371,0.09151026693135048,-0.11028072858343747,0.2502682586551849,True
1000,0.0,73,dml_pairs_boot,0.07686870501435371,0.10661611313283197,-0.09284893046883219,0.3028242134622339,True
1000,0.0,74,dml_if,-0.15626209108515088,0.1528830196690161,-0.45591280963642244,0.1433886274661207,True
1000,0.0,74,dml_mult_boot,-0.15626209108515088,0.160717989778708,-0.44310768654388616,0.114075061527096,True
1000,0.0,74,dml_pairs_boot,-0.15626209108515088,0.1944412909756388,-0.6724880344519152,0.09900672087098547,True
1000,0.0,75,dml_if,0.1941327562760189,0.09642811682869683,0.005133647291773125,0.38313186526026466,False
1000,0.0,75,dml_mult_boot,0.1941327562760189,0.10009027524013875,0.012001329549189341,0.3856378134098105,False
1000,0.0,75,dml_pairs_boot,0.1941327562760189,0.09818887892094197,0.032237726171178344,0.4239215480493986,False
1000,0.0,76,dml_if,0.03165874513112249,0.12849965062993463,-0.22020057010354938,0.28351806036579436,True
1000,0.0,76,dml_mult_boot,0.03165874513112249,0.13336004212196745,-0.215374462637775,0.30728550482111894,True
1000,0.0,76,dml_pairs_boot,0.03165874513112249,0.12326860387017972,-0.19009595214322939,0.2522790032589245,True
1000,0.0,77,dml_if,0.10932813701637156,0.0951042532311227,-0.07707619931662893,0.295732473349372,True
1000,0.0,77,dml_mult_boot,0.10932813701637156,0.09692212971537682,-0.09116695197768555,0.2928861094619397,True
1000,0.0,77,dml_pairs_boot,0.10932813701637156,0.10153807294641695,-0.06143858071878784,0.32207752385129057,True
1000,0.0,78,dml_if,0.17328584635246017,0.10045420715544995,-0.02360439967222172,0.37017609237714205,True
1000,0.0,78,dml_mult_boot,0.17328584635246017,0.10068713741519052,-0.01531691290064608,0.35437800665843106,True
1000,0.0,78,dml_pairs_boot,0.17328584635246017,0.12452739308868221,0.007276721754523264,0.47903789860482315,False
1000,0.0,79,dml_if,0.06452352922708088,0.09363996290117366,-0.11901079805921949,0.24805785651338125,True
1000,0.0,79,dml_mult_boot,0.06452352922708088,0.09196962727741205,-0.10946952161547867,0.2364355229909084,True
1000,0.0,79,dml_pairs_boot,0.06452352922708088,0.08642765041396222,-0.08195071193234837,0.22577121572560382,True
1000,0.0,80,dml_if,0.02407614112293728,0.0819722987788318,-0.13658956448357307,0.1847418467294476,True
1000,0.0,80,dml_mult_boot,0.02407614112293728,0.08196225646662954,-0.13638491215830217,0.19173158512388483,True
1000,0.0,80,dml_pairs_boot,0.02407614112293728,0.14281473591423077,-0.24196064806582618,0.25965070627897646,True
1000,0.0,81,dml_if,0.046297135771012195,0.08200146023835309,-0.11442572629615985,0.20701999783818423,True
1000,0.0,81,dml_mult_boot,0.046297135771012195,0.07981670772632804,-0.1022433407603777,0.19517950885087548,True
1000,0.0,81,dml_pairs_boot,0.046297135771012195,0.12267245979540349,-0.19901292434887946,0.2827223563483635,True
1000,0.0,82,dml_if,-0.06337192622618398,0.142039795349253,-0.3417699251107199,0.21502607265835194,True
1000,0.0,82,dml_mult_boot,-0.06337192622618398,0.14271790637190296,-0.32651143994467086,0.20187189294972097,True
1000,0.0,82,dml_pairs_boot,-0.06337192622618398,0.16892776404888366,-0.24188022178231375,0.32825579032534097,True
1000,0.0,83,dml_if,-0.013175361624954529,0.09316872509494491,-0.19578606281104655,0.1694353395611375,True
1000,0.0,83,dml_mult_boot,-0.013175361624954529,0.09390902050279995,-0.20098819396718098,0.1649039866751379,True
1000,0.0,83,dml_pairs_boot,-0.013175361624954529,0.21460002010397863,-0.1919891670561087,0.6102749322588953,True
1000,0.0,84,dml_if,0.2865125472937979,0.08828967854316544,0.11346477734919364,0.4595603172384021,False
1000,0.0,84,dml_mult_boot,0.2865125472937979,0.08563135393258857,0.12217355446669283,0.44683085044941806,False
1000,0.0,84,dml_pairs_boot,0.2865125472937979,0.08878414977164581,0.09188424356049676,0.3997679593715596,False
1000,0.0,85,dml_if,-0.1135459186758274,0.14222120472770625,-0.39229947994213166,0.16520764259047682,True
1000,0.0,85,dml_mult_boot,-0.1135459186758274,0.1367882602596085,-0.36692429179395053,0.14924264285502561,True
1000,0.0,85,dml_pairs_boot,-0.1135459186758274,0.13342734184325597,-0.3333990724500436,0.13515901778290693,True
1000,0.0,86,dml_if,0.061435926242234956,0.09089499170691798,-0.11671825750332426,0.23959010998779418,True
1000,0.0,86,dml_mult_boot,0.061435926242234956,0.09100252519625719,-0.10936012098066364,0.2472079260421384,True
1000,0.0,86,dml_pairs_boot,0.061435926242234956,0.11655341480412154,-0.18587075038351164,0.26190427644692515,True
1000,0.0,87,dml_if,-0.16772844879719714,0.08462345587404754,-0.3335904223103303,-0.0018664752840639731,False
1000,0.0,87,dml_mult_boot,-0.16772844879719714,0.0848527136051035,-0.33792523326339324,-0.006377029866911478,False
1000,0.0,87,dml_pairs_boot,-0.16772844879719714,0.08920824095448725,-0.2929293030242017,0.0496115174239288,True
1000,0.0,88,dml_if,-0.13776263323344273,0.10853080679106084,-0.35048301454392194,0.0749577480770365,True
1000,0.0,88,dml_mult_boot,-0.13776263323344273,0.10868220252588447,-0.34388855350113584,0.0899936064650162,True
1000,0.0,88,dml_pairs_boot,-0.13776263323344273,0.13689714565603905,-0.3860526681022958,0.0901072133028541,True
1000,0.0,89,dml_if,0.039639108135037716,0.07761623898728419,-0.11248872028003931,0.19176693655011473,True
1000,0.0,89,dml_mult_boot,0.039639108135037716,0.07673419559331629,-0.09672082495388307,0.20321005870769585,True
1000,0.0,89,dml_pairs_boot,0.039639108135037716,0.08882489804434647,-0.16347220023779188,0.21157470768811126,True
1000,0.0,90,dml_if,0.12852268314965618,0.114405182213471,-0.09571147398874699,0.3527568402880593,True
1000,0.0,90,dml_mult_boot,0.12852268314965618,0.11860818803916913,-0.1008927020963262,0.3476065075623913,True
1000,0.0,90,dml_pairs_boot,0.12852268314965618,0.1400936277009077,-0.06457565378378347,0.3776487369710918,True
1000,0.0,91,dml_if,0.24506626329001566,0.11038972773160642,0.028702396936067076,0.46143012964396424,False
1000,0.0,91,dml_mult_boot,0.24506626329001566,0.1144992213900142,0.03497958713347011,0.4633063208422694,False
1000,0.0,91,dml_pairs_boot,0.24506626329001566,0.11055238068666279,-0.02997278492140227,0.39831534869260654,True
1000,0.0,92,dml_if,-0.11809345101545617,0.08345563529142266,-0.2816664961866446,0.04547959415573226,True
1000,0.0,92,dml_mult_boot,-0.11809345101545617,0.0800030297457252,-0.27122470831263257,0.04178014814022003,True
1000,0.0,92,dml_pairs_boot,-0.11809345101545617,0.09958097722353777,-0.3537424425457378,0.03686454108434766,True
1000,0.0,93,dml_if,-0.14649635380604115,0.0871490337874776,-0.3173084600294972,0.024315752417414932,True
1000,0.0,93,dml_mult_boot,-0.14649635380604115,0.08435338491354928,-0.30461564025015625,0.015008719466218375,True
1000,0.0,93,dml_pairs_boot,-0.14649635380604115,0.08974497024968038,-0.3017896970852487,0.03519462064550581,True
1000,0.0,94,dml_if,0.03424536793839026,0.07793160375641081,-0.11850057542417494,0.18699131130095545,True
1000,0.0,94,dml_mult_boot,0.03424536793839026,0.08015751551290362,-0.11687405840636747,0.1950900116924202,True
1000,0.0,94,dml_pairs_boot,0.03424536793839026,0.0836966426919578,-0.09819931490105786,0.24516463534496347,True
1000,0.0,95,dml_if,0.05432373666118311,0.13082481119140205,-0.2020928932739649,0.31074036659633114,True
1000,0.0,95,dml_mult_boot,0.05432373666118311,0.1320040816433371,-0.18883333416492068,0.28577299900525466,True
1000,0.0,95,dml_pairs_boot,0.05432373666118311,0.12958662949117586,-0.18914451974872376,0.3233119675179662,True
1000,0.0,96,dml_if,-0.09290545016812383,0.08598723979793808,-0.26144044017208246,0.0756295398358348,True
1000,0.0,96,dml_mult_boot,-0.09290545016812383,0.08784721913836077,-0.2701343197843822,0.08514112704413652,True
1000,0.0,96,dml_pairs_boot,-0.09290545016812383,0.07710674548252779,-0.22694419962852724,0.05428908601949726,True
1000,0.0,97,dml_if,0.02000795942001035,0.114109575269589,-0.20364680810838406,0.24366272694840477,True
1000,0.0,97,dml_mult_boot,0.02000795942001035,0.11589824196864648,-0.19924034606275623,0.249414973254948,True
1000,0.0,97,dml_pairs_boot,0.02000795942001035,0.10302021375913234,-0.13522504024586784,0.2474488945869199,True
1000,0.0,98,dml_if,0.006564068183988816,0.08644010194596334,-0.16285853163009933,0.17598666799807694,True
1000,0.0,98,dml_mult_boot,0.006564068183988816,0.08435504753509465,-0.15759326309513666,0.16653931777863226,True
1000,0.0,98,dml_pairs_boot,0.006564068183988816,0.0810726922329478,-0.14324208983064668,0.16641993191440144,True
1000,0.0,99,dml_if,-0.14164872104356124,0.08170572648093911,-0.3017919449462019,0.018494502859079415,True
1000,0.0,99,dml_mult_boot,-0.14164872104356124,0.08671695470068205,-0.3265313160845293,0.034759195527117745,True
1000,0.0,99,dml_pairs_boot,-0.14164872104356124,0.12140708833322104,-0.41675595239158186,0.016358004390991745,True
1000,0.0,100,dml_if,0.015579794263144396,0.12929799709933856,-0.2378442800515592,0.26900386857784797,True
1000,0.0,100,dml_mult_boot,0.015579794263144396,0.13066028130244048,-0.23106799218046803,0.2753278003924678,True
1000,0.0,100,dml_pairs_boot,0.015579794263144396,0.1347408195335241,-0.27533709003274326,0.17114515716120154,True
1000,0.0,101,dml_if,-0.037190164813976474,0.08321127006962323,-0.200284254150438,0.12590392452248506,True
1000,0.0,101,dml_mult_boot,-0.037190164813976474,0.07943686390751317,-0.1819762830207745,0.12355161068496273,True
1000,0.0,101,dml_pairs_boot,-0.037190164813976474,0.08997120951835567,-0.22335443562842733,0.09438916748282278,True
1000,0.0,102,dml_if,0.01135218428088641,0.08857967542219387,-0.1622639795466136,0.18496834810838642,True
1000,0.0,102,dml_mult_boot,0.01135218428088641,0.08958253816570039,-0.16090042073294647,0.18217104062545098,True
1000,0.0,102,dml_pairs_boot,0.01135218428088641,0.08230167131151064,-0.1686496847275209,0.13434377498708283,True
1000,0.0,103,dml_if,0.06940797029089939,0.11043217055345353,-0.1470390839938695,0.2858550245756683,True
1000,0.0,103,dml_mult_boot,0.06940797029089939,0.10884430813166539,-0.14837276404644195,0.25876664714062475,True
1000,0.0,103,dml_pairs_boot,0.06940797029089939,0.11534781524371658,-0.18309136998756464,0.26493878760465794,True
1000,0.0,104,dml_if,-0.09836189028756989,0.08612328050284367,-0.2671635200731435,0.0704397394980037,True
1000,0.0,104,dml_mult_boot,-0.09836189028756989,0.08738962712186851,-0.267432893344125,0.06703382175659116,True
1000,0.0,104,dml_pairs_boot,-0.09836189028756989,0.08960107336893457,-0.2579202006561219,0.08465705697737307,True
1000,0.0,105,dml_if,-0.10590013351714693,0.10376566810801757,-0.3092808430088614,0.09748057597456751,True
1000,0.0,105,dml_mult_boot,-0.10590013351714693,0.10001447512146112,-0.29292757692830557,0.07835908614951967,True
1000,0.0,105,dml_pairs_boot,-0.10590013351714693,0.09611189134589897,-0.28881678083032575,0.07340606319935106,True
1000,0.0,106,dml_if,-0.13188044007300215,0.08895885635515012,-0.3062397985290964,0.04247891838309209,True
1000,0.0,106,dml_mult_boot,-0.13188044007300215,0.08894783265488339,-0.2972583318142424,0.02962904064196788,True
1000,0.0,106,dml_pairs_boot,-0.13188044007300215,0.10143629590836543,-0.31490762575438264,0.10212328978130811,True
1000,0.0,107,dml_if,0.1551387943328704,0.10586608092410002,-0.05235872427836563,0.3626363129441064,True
1000,0.0,107,dml_mult_boot,0.1551387943328704,0.1080085435264577,-0.06281245945668731,0.35879169407966455,True
1000,0.0,107,dml_pairs_boot,0.1551387943328704,0.1140330666063995,-0.023415722200821762,0.33876265910608,True
1000,0.0,108,dml_if,0.43248083289738054,0.465847103642209,-0.4805794902413491,1.3455411560361101,True
1000,0.0,108,dml_mult_boot,0.43248083289738054,0.4660228248396489,-0.19793331645431547,1.0517236820470897,True
1000,0.0,108,dml_pairs_boot,0.43248083289738054,0.44453032312672275,-0.11417389058356192,1.5197483549961752,True
1000,0.0,109,dml_if,-0.02977369539644309,0.08524056874977275,-0.19684521014599768,0.1372978193531115,True
1000,0.0,109,dml_mult_boot,-0.02977369539644309,0.0866830930069677,-0.19785745951464995,0.14032236059085343,True
1000,0.0,109,dml_pairs_boot,-0.02977369539644309,0.1897902698867924,-0.39557252926185016,0.22833751230203797,True
1000,0.0,110,dml_if,0.09889855998500198,0.0905466763207315,-0.07857292560363176,0.2763700455736357,True
1000,0.0,110,dml_mult_boot,0.09889855998500198,0.09136409270368336,-0.07442870195114007,0.27757735475405876,True
1000,0.0,110,dml_pairs_boot,0.09889855998500198,0.10330379940140774,-0.05022610517800587,0.310760505313113,True
1000,0.0,111,dml_if,0.0862205562332451,0.07441757649327826,-0.0596378936935803,0.2320790061600705,True
1000,0.0,111,dml_mult_boot,0.0862205562332451,0.07652804935884336,-0.07717139336815791,0.23251457805204848,True
1000,0.0,111,dml_pairs_boot,0.0862205562332451,0.09006063824685231,-0.095869140395098,0.25129300501728213,True
1000,0.0,112,dml_if,-0.11517385296578575,0.07523640140372773,-0.2626371997170921,0.032289493785520595,True
1000,0.0,112,dml_mult_boot,-0.11517385296578575,0.07095928034905802,-0.2539975213818771,0.024425649205313895,True
1000,0.0,112,dml_pairs_boot,-0.11517385296578575,0.09794172004366586,-0.26815231536764145,0.09385378090103592,True
1000,0.0,113,dml_if,-0.1897707586900421,0.0992441936239583,-0.38428937819300035,0.0047478608129161715,True
1000,0.0,113,dml_mult_boot,-0.1897707586900421,0.09783490093476534,-0.38291805591598693,-0.010024046507192387,False
1000,0.0,113,dml_pairs_boot,-0.1897707586900421,0.10117846120730066,-0.36045802636667595,0.03479236811186226,True
1000,0.0,114,dml_if,0.013802477645094754,0.11427093383381134,-0.21016855266917547,0.237773507959365,True
1000,0.0,114,dml_mult_boot,0.013802477645094754,0.11617995981992933,-0.21352051301414562,0.22828876022912978,True
1000,0.0,114,dml_pairs_boot,0.013802477645094754,0.0994618765149005,-0.15623589040589808,0.23456059695549705,True
1000,0.0,115,dml_if,0.058022759381252904,0.08478233439769944,-0.108150616038238,0.2241961348007438,True
1000,0.0,115,dml_mult_boot,0.058022759381252904,0.08357073317870442,-0.1006928141434433,0.21209584435974674,True
1000,0.0,115,dml_pairs_boot,0.058022759381252904,0.09827427846675243,-0.1405528064741651,0.24433521790866936,True
1000,0.0,116,dml_if,-0.08171172466048793,0.09232213469311254,-0.2626631086589885,0.09923965933801265,True
1000,0.0,116,dml_mult_boot,-0.08171172466048793,0.09814553920516225,-0.2806365592733736,0.1257415962209661,True
1000,0.0,116,dml_pairs_boot,-0.08171172466048793,0.11546573330665363,-0.26359022546130617,0.14491606730474316,True
1000,0.0,117,dml_if,-0.23786703460590952,0.08076990442344516,-0.39617604727586203,-0.07955802193595701,False
1000,0.0,117,dml_mult_boot,-0.23786703460590952,0.07670287695096381,-0.38157975716066006,-0.08609967493734802,False
1000,0.0,117,dml_pairs_boot,-0.23786703460590952,0.09109690929010049,-0.4369607518491905,-0.08644238574796179,False
1000,0.0,118,dml_if,0.15454079659099884,0.07857559657572269,0.0005326273025823836,0.30854896587941527,False
1000,0.0,118,dml_mult_boot,0.15454079659099884,0.07836055173696889,0.008322663846020952,0.3067656496543143,False
1000,0.0,118,dml_pairs_boot,0.15454079659099884,0.08536432302865012,-0.08337049846141552,0.24766327256188747,True
1000,0.0,119,dml_if,0.21390171970351404,0.17958464240870245,-0.13808417941754278,0.5658876188245708,True
1000,0.0,119,dml_mult_boot,0.21390171970351404,0.1807491616095138,-0.10889288797896092,0.5372776628537375,True
1000,0.0,119,dml_pairs_boot,0.21390171970351404,0.12925084477527798,-0.0691721872507129,0.43663137891416876,True
1000,0.0,120,dml_if,-0.05746583046589281,0.14408468771526797,-0.33987181838781805,0.2249401574560324,True
1000,0.0,120,dml_mult_boot,-0.05746583046589281,0.1475352454468399,-0.30567801792394317,0.21514595869225994,True
1000,0.0,120,dml_pairs_boot,-0.05746583046589281,0.16188286473880856,-0.32760863734537365,0.17870667105282267,True
1000,0.0,121,dml_if,-0.028305931598330298,0.10504573060979427,-0.23419556359352708,0.17758370039686647,True
1000,0.0,121,dml_mult_boot,-0.028305931598330298,0.10117718899400018,-0.22307367845644704,0.16214998840222372,True
1000,0.0,121,dml_pairs_boot,-0.028305931598330298,0.08677812523141185,-0.1768315635322921,0.1704817966338527,True
1000,0.0,122,dml_if,0.08345338870779903,0.08457460089476858,-0.08231282904594739,0.24921960646154545,True
1000,0.0,122,dml_mult_boot,0.08345338870779903,0.08314229006420912,-0.07569110076480869,0.24856713705340308,True
1000,0.0,122,dml_pairs_boot,0.08345338870779903,0.09753947921172851,-0.12586398939915316,0.2477432353268675,True
1000,0.0,123,dml_if,0.3012984914618179,0.15183310966519217,0.0037055965180412542,0.5988913864055946,False
1000,0.0,123,dml_mult_boot,0.3012984914618179,0.14924869422755563,0.03524725782218477,0.5751719739671798,False
1000,0.0,123,dml_pairs_boot,0.3012984914618179,0.21277825483235754,0.03637752539985041,0.8818994492558498,False
1000,0.0,124,dml_if,-0.022590661091275097,0.10559134367277861,-0.2295496946899212,0.18436837250737098,True
1000,0.0,124,dml_mult_boot,-0.022590661091275097,0.10058983145179987,-0.21782784625000476,0.16203449489783558,True
1000,0.0,124,dml_pairs_boot,-0.022590661091275097,0.10705032292242099,-0.21192587257819895,0.1450756973793341,True
1000,0.0,125,dml_if,0.08798697920119719,0.08519382075858359,-0.07899290948562665,0.25496686788802103,True
1000,0.0,125,dml_mult_boot,0.08798697920119719,0.07991465833267244,-0.04781573737894053,0.2400207836368589,True
1000,0.0,125,dml_pairs_boot,0.08798697920119719,0.10799050754637955,-0.2335921165895229,0.18500466208034821,True
1000,0.0,126,dml_if,-0.22762155985701485,0.08524907325047444,-0.39470974342794474,-0.06053337628608493,False
1000,0.0,126,dml_mult_boot,-0.22762155985701485,0.08848758791105486,-0.399988423909044,-0.04404505770295831,False
1000,0.0,126,dml_pairs_boot,-0.22762155985701485,0.08427382006516762,-0.40055196202263615,-0.09355546578927801,False
1000,0.0,127,dml_if,0.20553962476802928,0.15393670063706033,-0.09617630848060899,0.5072555580166676,True
1000,0.0,127,dml_mult_boot,0.20553962476802928,0.1562169045558673,-0.09959165915220497,0.5176651322516344,True
1000,0.0,127,dml_pairs_boot,0.20553962476802928,0.1373472617796872,-0.046691593102413984,0.4712709690045007,True
1000,0.0,128,dml_if,0.22283152272843812,0.07971845466854707,0.06658335157808587,0.37907969387879037,False
1000,0.0,128,dml_mult_boot,0.22283152272843812,0.08377803845327461,0.0568095140155792,0.3706149593905952,False
1000,0.0,128,dml_pairs_boot,0.22283152272843812,0.09715256655275534,0.055590935959191096,0.39457542717063837,False
1000,0.0,129,dml_if,0.07643630071472321,0.11112215658692279,-0.14136312619564545,0.29423572762509187,True
1000,0.0,129,dml_mult_boot,0.07643630071472321,0.11343979578761268,-0.15358619482192148,0.2721726624858995,True
1000,0.0,129,dml_pairs_boot,0.07643630071472321,0.12595405216766487,-0.1317904814094761,0.3447076434899369,True
1000,0.0,130,dml_if,-0.11266727498828195,0.16364412839805634,-0.43340976664847236,0.20807521667190848,True
1000,0.0,130,dml_mult_boot,-0.11266727498828195,0.1606087766328196,-0.44057622792749146,0.17997780690940873,True
1000,0.0,130,dml_pairs_boot,-0.11266727498828195,0.13332523728165147,-0.34429539408431226,0.20947891144656045,True
1000,0.0,131,dml_if,-0.20114184464688525,0.0865756071789664,-0.3708300347176594,-0.03145365457611113,False
1000,0.0,131,dml_mult_boot,-0.20114184464688525,0.08526166543693718,-0.380427707877391,-0.028545064187610377,False
1000,0.0,131,dml_pairs_boot,-0.20114184464688525,0.10040071201329455,-0.35128226874081736,0.048621683740209476,True
1000,0.0,132,dml_if,0.08000090505658503,0.070694836574017,-0.05856097462848828,0.21856278474165833,True
1000,0.0,132,dml_mult_boot,0.08000090505658503,0.07125648198264507,-0.06501432324357785,0.21483899482931434,True
1000,0.0,132,dml_pairs_boot,0.08000090505658503,0.09147813586057305,-0.1208938018226044,0.2709333510234286,True
1000,0.0,133,dml_if,0.09003068923065648,0.08252787248419728,-0.07172394083837018,0.2517853192996831,True
1000,0.0,133,dml_mult_boot,0.09003068923065648,0.08119144769522689,-0.05855349061845975,0.2554184689699617,True
1000,0.0,133,dml_pairs_boot,0.09003068923065648,0.08980559968406875,-0.0865326849565598,0.28129769682502204,True
1000,0.0,134,dml_if,0.11429487248043367,0.099315479484182,-0.08036346730856304,0.3089532122694304,True
1000,0.0,134,dml_mult_boot,0.11429487248043367,0.10209693652750804,-0.07814335678148855,0.3026633596979897,True
1000,0.0,134,dml_pairs_boot,0.11429487248043367,0.10586905359988993,-0.0951802344459407,0.29059612747232627,True
1000,0.0,135,dml_if,-0.21151352417003438,0.17625687005773566,-0.5569769894831963,0.13394994114312753,True
1000,0.0,135,dml_mult_boot,-0.21151352417003438,0.17272502893593067,-0.5277867030909943,0.08464310430972159,True
1000,0.0,135,dml_pairs_boot,-0.21151352417003438,0.2109965441800842,-0.7386825470885524,0.0943735866261275,True
1000,0.0,136,dml_if,-0.008080154034275281,0.09876391192325065,-0.20165742140384657,0.185497113335296,True
1000,0.0,136,dml_mult_boot,-0.008080154034275281,0.09601963105154225,-0.18744000626983132,0.18922197559907028,True
1000,0.0,136,dml_pairs_boot,-0.008080154034275281,0.10847167242711929,-0.16718394517320628,0.19647738851501625,True
1000,0.0,137,dml_if,0.0406795526115756,0.08477953465578518,-0.12548833531376336,0.20684744053691456,True
1000,0.0,137,dml_mult_boot,0.0406795526115756,0.08427816308697461,-0.10768387285655473,0.20432112660418814,True
1000,0.0,137,dml_pairs_boot,0.0406795526115756,0.08771639540225942,-0.07017096987371071,0.2454073043741992,True
1000,0.0,138,dml_if,0.05595085924264039,0.07935736676328055,-0.09958957961338946,0.21149129809867026,True
1000,0.0,138,dml_mult_boot,0.05595085924264039,0.07810505480028028,-0.0917015585579204,0.2100447574877331,True
1000,0.0,138,dml_pairs_boot,0.05595085924264039,0.09345161685256519,-0.11312360582370765,0.22938318172220687,True
1000,0.0,139,dml_if,0.023716249018449015,0.0863650923020468,-0.1455593318935627,0.19299182993046074,True
1000,0.0,139,dml_mult_boot,0.023716249018449015,0.0909683721178659,-0.15048210276707716,0.19101597735963055,True
1000,0.0,139,dml_pairs_boot,0.023716249018449015,0.09494035415911345,-0.17201121500607508,0.16198399495723226,True
1000,0.0,140,dml_if,-0.0056049684675059585,0.08877223257000931,-0.17959854430472422,0.16838860736971228,True
1000,0.0,140,dml_mult_boot,-0.0056049684675059585,0.0881392667916662,-0.17190011416227716,0.1658731678795674,True
1000,0.0,140,dml_pairs_boot,-0.0056049684675059585,0.08042479909898997,-0.10732754427714401,0.1725836482218317,True
1000,0.0,141,dml_if,0.024347797774471474,0.0943878823912346,-0.16065245171234835,0.20934804726129128,True
1000,0.0,141,dml_mult_boot,0.024347797774471474,0.10056339093068137,-0.18852551666189063,0.2334476464678396,True
1000,0.0,141,dml_pairs_boot,0.024347797774471474,0.10131639915483934,-0.1256153254010415,0.24613461620492644,True
1000,0.0,142,dml_if,-0.06038019496999146,0.0813162617871658,-0.21976006807283643,0.09899967813285353,True
1000,0.0,142,dml_mult_boot,-0.06038019496999146,0.07619845272570244,-0.20126214542560342,0.08832393057624163,True
1000,0.0,142,dml_pairs_boot,-0.06038019496999146,0.09105792143899114,-0.19689493538150588,0.127316419123618,True
1000,0.0,143,dml_if,-0.16597517126739064,0.09911956472190371,-0.3602495181223219,0.028299175587540637,True
1000,0.0,143,dml_mult_boot,-0.16597517126739064,0.10100053469385252,-0.3445882018566516,0.03483907289371524,True
1000,0.0,143,dml_pairs_boot,-0.16597517126739064,0.12231330032186137,-0.3708597881479416,0.09676743477129258,True
1000,0.0,144,dml_if,0.050274138868022164,0.0866078611857173,-0.11947726905598373,0.22002554679202807,True
1000,0.0,144,dml_mult_boot,0.050274138868022164,0.08839025680604508,-0.11859942204031051,0.22011915326522596,True
1000,0.0,144,dml_pairs_boot,0.050274138868022164,0.0875411445894398,-0.07102462751501437,0.23899868727493775,True
1000,0.0,145,dml_if,0.13973944498843616,0.10662301212964377,-0.06924165878566563,0.34872054876253794,True
1000,0.0,145,dml_mult_boot,0.13973944498843616,0.10734402251739802,-0.05515489407176857,0.33520373170508666,True
1000,0.0,145,dml_pairs_boot,0.13973944498843616,0.10052406975795128,-0.15355581649735933,0.2503445509741585,True
1000,0.0,146,dml_if,-0.161325288857307,0.18788133919271624,-0.5295727136750308,0.20692213596041684,True
1000,0.0,146,dml_mult_boot,-0.161325288857307,0.18506745203945235,-0.5174966528968188,0.1777748942757571,True
1000,0.0,146,dml_pairs_boot,-0.161325288857307,0.2190728373982886,-0.7385372537648802,0.2896697086839745,True
1000,0.0,147,dml_if,0.09542690309470413,0.10229975792018335,-0.10508062242885523,0.29593442861826347,True
1000,0.0,147,dml_mult_boot,0.09542690309470413,0.1068001946413617,-0.1244577084847185,0.28585695958881924,True
1000,0.0,147,dml_pairs_boot,0.09542690309470413,0.14852437309193203,-0.1743870470523019,0.4291448120632087,True
1000,0.0,148,dml_if,0.1641623042210795,0.1408342249021424,-0.11187277658711961,0.44019738502927863,True
1000,0.0,148,dml_mult_boot,0.1641623042210795,0.1319105141561194,-0.0763849051531928,0.41615633679572206,True
1000,0.0,148,dml_pairs_boot,0.1641623042210795,0.11308920214382656,-0.05684402978473238,0.406191373775063,True
1000,0.0,149,dml_if,-0.027967416020054082,0.12872433415185863,-0.280267110957697,0.22433227891758883,True
1000,0.0,149,dml_mult_boot,-0.027967416020054082,0.1278984934958322,-0.24159931159237544,0.20327928259643074,True
1000,0.0,149,dml_pairs_boot,-0.027967416020054082,0.1930998597292128,-0.5331147226712109,0.220594084613518,True
1000,0.0,150,dml_if,-0.08900226596758014,0.11226345846257105,-0.30903864455421937,0.13103411261905912,True
1000,0.0,150,dml_mult_boot,-0.08900226596758014,0.11703253099964102,-0.31519655404294694,0.15941393103772097,True
1000,0.0,150,dml_pairs_boot,-0.08900226596758014,0.11002053201117185,-0.28817358112083297,0.12708235002105756,True
1000,0.0,151,dml_if,-0.10101546583285428,0.07801066020881649,-0.25391635984213456,0.051885428176426024,True
1000,0.0,151,dml_mult_boot,-0.10101546583285428,0.07711721025561202,-0.2422898518912921,0.03662987815148248,True
1000,0.0,151,dml_pairs_boot,-0.10101546583285428,0.10257489239545907,-0.2972641520711968,0.08549589234465202,True
1000,0.0,152,dml_if,0.22954534008519806,0.07888291791928091,0.07493482096340748,0.38415585920698864,False
1000,0.0,152,dml_mult_boot,0.22954534008519806,0.08152089406771432,0.08177503744524549,0.4022022738651991,False
1000,0.0,152,dml_pairs_boot,0.22954534008519806,0.0932584348695485,0.06800303110930188,0.42058707759225594,False
1000,0.0,153,dml_if,-0.10737834831425389,0.09467890877687063,-0.2929490095169203,0.07819231288841255,True
1000,0.0,153,dml_mult_boot,-0.10737834831425389,0.0925055948485334,-0.2995536870058551,0.06674843954197067,True
1000,0.0,153,dml_pairs_boot,-0.10737834831425389,0.10190656220515462,-0.26857886586503343,0.14074886945613183,True
1000,0.0,154,dml_if,-0.02177674596724638,0.09995243761762257,-0.21768352369778662,0.17413003176329386,True
1000,0.0,154,dml_mult_boot,-0.02177674596724638,0.10048253926545166,-0.21894948581214083,0.1682643575979746,True
1000,0.0,154,dml_pairs_boot,-0.02177674596724638,0.09581340177183077,-0.19769523421097948,0.15789154303221015,True
1000,0.0,155,dml_if,-0.13682789125370892,0.0817904959049055,-0.2971372632273237,0.023481480719905856,True
1000,0.0,155,dml_mult_boot,-0.13682789125370892,0.08536687084783084,-0.29113991541987716,0.026972717878253855,True
1000,0.0,155,dml_pairs_boot,-0.13682789125370892,0.09612150010693495,-0.3401552166462984,0.016244013671245068,True
1000,0.0,156,dml_if,0.00622457661230662,0.10105366950703167,-0.19184061562147542,0.20428976884608868,True
1000,0.0,156,dml_mult_boot,0.00622457661230662,0.10248813471991779,-0.19409504098845026,0.19741258748828439,True
1000,0.0,156,dml_pairs_boot,0.00622457661230662,0.09236836111872937,-0.2075426677650239,0.14661707242906338,True
1000,0.0,157,dml_if,0.03508206916217848,0.10742620562928328,-0.17547329387121674,0.2456374321955737,True
1000,0.0,157,dml_mult_boot,0.03508206916217848,0.10913331089248247,-0.18608765002302083,0.23698748722251975,True
1000,0.0,157,dml_pairs_boot,0.03508206916217848,0.1181753056717335,-0.23533133638995624,0.24625772824385744,True
1000,0.0,158,dml_if,-0.2106091180564281,0.11997381363907107,-0.4457577927890074,0.02453955667615121,True
1000,0.0,158,dml_mult_boot,-0.2106091180564281,0.1230407242522785,-0.45180372993999046,0.01577384910849527,True
1000,0.0,158,dml_pairs_boot,-0.2106091180564281,0.13917182243531792,-0.46177827206851013,-0.04107645507673935,False
1000,0.0,159,dml_if,0.1303865961645268,0.08128205724904053,-0.028926236043592624,0.28969942837264623,True
1000,0.0,159,dml_mult_boot,0.1303865961645268,0.08339593608276909,-0.03606653929570774,0.29186848518859443,True
1000,0.0,159,dml_pairs_boot,0.1303865961645268,0.07367923797838288,0.004570493942356832,0.27981277868965565,False
1000,0.0,160,dml_if,-0.09179090437299757,0.1054150892602037,-0.2984044793229968,0.11482267057700167,True
1000,0.0,160,dml_mult_boot,-0.09179090437299757,0.1001780452029462,-0.28395520658887324,0.09887326933080216,True
1000,0.0,160,dml_pairs_boot,-0.09179090437299757,0.09915829078871681,-0.2521970947437809,0.1393828205057232,True
1000,0.0,161,dml_if,0.013197068206896312,0.09881303642569941,-0.18047648318747453,0.20687061960126715,True
1000,0.0,161,dml_mult_boot,0.013197068206896312,0.09827251079047516,-0.1507638769822787,0.20869583106443154,True
1000,0.0,161,dml_pairs_boot,0.013197068206896312,0.1574647605845354,-0.2285272722318464,0.4166129863274253,True
1000,0.0,162,dml_if,0.02679042066004552,0.08911617965041616,-0.14787729145477013,0.2014581327748612,True
1000,0.0,162,dml_mult_boot,0.02679042066004552,0.08524979573114105,-0.13042476390356153,0.18924592628003986,True
1000,0.0,162,dml_pairs_boot,0.02679042066004552,0.08159266181143433,-0.11421327456913229,0.1617210514811439,True
1000,0.0,163,dml_if,-0.09606400037779889,0.09436993599835336,-0.28102907493457147,0.0889010741789737,True
1000,0.0,163,dml_mult_boot,-0.09606400037779889,0.09302218117091647,-0.27981742739028526,0.0774689543227586,True
1000,0.0,163,dml_pairs_boot,-0.09606400037779889,0.08541334038123849,-0.24578513690498796,0.04184976112030958,True
1000,0.0,164,dml_if,0.04216600153252016,0.11323140832226784,-0.17976755877912481,0.2640995618441651,True
1000,0.0,164,dml_mult_boot,0.04216600153252016,0.11385881370728225,-0.18906240203156932,0.2575431761338781,True
1000,0.0,164,dml_pairs_boot,0.04216600153252016,0.1260546157390861,-0.3313537926335851,0.19954094612863826,True
1000,0.0,165,dml_if,-0.11800026652027114,0.19940122554638406,-0.5088266685911839,0.2728261355506416,True
1000,0.0,165,dml_mult_boot,-0.11800026652027114,0.20318666843175495,-0.46481462087777486,0.22387907677208888,True
1000,0.0,165,dml_pairs_boot,-0.11800026652027114,0.17449892622573823,-0.41759628262480875,0.19986182191766794,True
1000,0.0,166,dml_if,0.07159655681357623,0.09919181341104207,-0.12281939747206623,0.2660125110992187,True
1000,0.0,166,dml_mult_boot,0.07159655681357623,0.09218489038771203,-0.10750494231834089,0.24734039549487394,True
1000,0.0,166,dml_pairs_boot,0.07159655681357623,0.16597535923187864,-0.27925596274017733,0.31356298260207927,True
1000,0.0,167,dml_if,0.03428503554723308,0.11206597325497976,-0.18536427203252723,0.25393434312699337,True
1000,0.0,167,dml_mult_boot,0.03428503554723308,0.10998186346534378,-0.16499325514309843,0.2470232897817393,True
1000,0.0,167,dml_pairs_boot,0.03428503554723308,0.09910484856604286,-0.1112673868154471,0.26614701062140744,True
1000,0.0,168,dml_if,0.11178087336459089,0.11391512997536313,-0.11149278138712085,0.33505452811630265,True
1000,0.0,168,dml_mult_boot,0.11178087336459089,0.11526485208080339,-0.09736460489033552,0.3395322303543737,True
1000,0.0,168,dml_pairs_boot,0.11178087336459089,0.10697993736985954,-0.07366592287793786,0.28286021226890884,True
1000,0.0,169,dml_if,0.14437685036683548,0.0984112347644713,-0.04850916977152828,0.3372628705051992,True
1000,0.0,169,dml_mult_boot,0.14437685036683548,0.1034454737859569,-0.05452842081527821,0.344241961894872,True
1000,0.0,169,dml_pairs_boot,0.14437685036683548,0.09563781457743625,-0.07383957744447076,0.3023759175934666,True
1000,0.0,170,dml_if,-0.048095008544418096,0.12629369632552856,-0.2956306533424541,0.19944063625361788,True
1000,0.0,170,dml_mult_boot,-0.048095008544418096,0.12165871897765067,-0.27507328916177476,0.18000486116917208,True
1000,0.0,170,dml_pairs_boot,-0.048095008544418096,0.12907524281159197,-0.2351922111619747,0.23726717639490047,True
1000,0.0,171,dml_if,-0.022040697738615066,0.12439164415814087,-0.2658483202885712,0.22176692481134105,True
1000,0.0,171,dml_mult_boot,-0.022040697738615066,0.13277700588140648,-0.25778181298124186,0.2290689226514148,True
1000,0.0,171,dml_pairs_boot,-0.022040697738615066,0.09906465538726139,-0.25350854640124804,0.0889347657894839,True
1000,0.0,172,dml_if,0.1360003674640254,0.10239098427630965,-0.06468596171754148,0.3366866966455923,True
1000,0.0,172,dml_mult_boot,0.1360003674640254,0.10216528997482813,-0.06855663875544336,0.33457670418304464,True
1000,0.0,172,dml_pairs_boot,0.1360003674640254,0.10002395040317497,-0.0386536352234872,0.34553574305671747,True
1000,0.0,173,dml_if,0.05009133615012046,0.10148402988018598,-0.14881736241504406,0.24900003471528498,True
1000,0.0,173,dml_mult_boot,0.05009133615012046,0.1032294998309482,-0.13058263059185105,0.2650552266800342,True
1000,0.0,173,dml_pairs_boot,0.05009133615012046,0.09482390939620042,-0.10803587717809378,0.23095549949994743,True
1000,0.0,174,dml_if,0.17888035974238378,0.09778550613915771,-0.012779232290365317,0.3705399517751329,True
1000,0.0,174,dml_mult_boot,0.17888035974238378,0.09349884450577506,-0.006364800528986366,0.35235443655003146,True
1000,0.0,174,dml_pairs_boot,0.17888035974238378,0.11881727628738688,-0.07105653744668197,0.3598567309374624,True
1000,0.0,175,dml_if,0.020704665297774157,0.1598185690259023,-0.2925397299929944,0.3339490605885427,True
1000,0.0,175,dml_mult_boot,0.020704665297774157,0.1572022849493563,-0.28010847840975894,0.3138433970660379,True
1000,0.0,175,dml_pairs_boot,0.020704665297774157,0.12565145593311708,-0.24869403154829045,0.19164328219679022,True
1000,0.0,176,dml_if,0.09410236015471031,0.09281127590704301,-0.08780774062309397,0.2760124609325146,True
1000,0.0,176,dml_mult_boot,0.09410236015471031,0.096500698382071,-0.09820013313950787,0.2971111343769359,True
1000,0.0,176,dml_pairs_boot,0.09410236015471031,0.09390778425012906,-0.07878147839307244,0.27440244172745737,True
1000,0.0,177,dml_if,0.03130799606683178,0.10262446202893616,-0.16983594950988307,0.23245194164354666,True
1000,0.0,177,dml_mult_boot,0.03130799606683178,0.0952582009449266,-0.15924087811832835,0.21123585851259055,True
1000,0.0,177,dml_pairs_boot,0.03130799606683178,0.0844346369655395,-0.05064369899957941,0.2679814410528189,True
1000,0.0,178,dml_if,0.038777212725788164,0.10399713634599582,-0.16505717451236365,0.24261159996393997,True
1000,0.0,178,dml_mult_boot,0.038777212725788164,0.0988539612716214,-0.13280020717819377,0.23608617632692613,True
1000,0.0,178,dml_pairs_boot,0.038777212725788164,0.10764086913307079,-0.1924701190626435,0.22627440425240036,True
1000,0.0,179,dml_if,-0.09645018496508251,0.08994687654151512,-0.2727460629864521,0.07984569305628711,True
1000,0.0,179,dml_mult_boot,-0.09645018496508251,0.0873549548252094,-0.2589104985403818,0.06923821366862179,True
1000,0.0,179,dml_pairs_boot,-0.09645018496508251,0.10892342649618776,-0.2699062467764031,0.14634058907349565,True
1000,0.0,180,dml_if,0.00979147610794618,0.08614737849979923,-0.1590573857516603,0.17864033796755266,True
1000,0.0,180,dml_mult_boot,0.00979147610794618,0.08934711475237529,-0.17207770817093251,0.17964817144751835,True
1000,0.0,180,dml_pairs_boot,0.00979147610794618,0.11456849001806983,-0.15620056993065404,0.2192782108120303,True
1000,0.0,181,dml_if,-0.12393080265175349,0.0857137129843891,-0.2919296801011561,0.044068074797649126,True
1000,0.0,181,dml_mult_boot,-0.12393080265175349,0.0890687220064068,-0.30635254417029567,0.03947962226740547,True
1000,0.0,181,dml_pairs_boot,-0.12393080265175349,0.1015145966939792,-0.3248584945868818,0.05319029704639156,True
1000,0.0,182,dml_if,-0.14845821837481735,0.11527341014144407,-0.3743941022520477,0.07747766550241303,True
1000,0.0,182,dml_mult_boot,-0.14845821837481735,0.11100890245402861,-0.3550807588485378,0.0760850722141365,True
1000,0.0,182,dml_pairs_boot,-0.14845821837481735,0.1175624812123216,-0.3564513359570931,0.0760633267625462,True
1000,0.0,183,dml_if,0.012225819946936592,0.07652350129982624,-0.13776024260072284,0.162211882494596,True
1000,0.0,183,dml_mult_boot,0.012225819946936592,0.07390891616120156,-0.11888139165583221,0.1730464893332485,True
1000,0.0,183,dml_pairs_boot,0.012225819946936592,0.10950112807319762,-0.26388903902298977,0.15435448268852583,True
1000,0.0,184,dml_if,0.07638889629737819,0.08612537217889307,-0.09241683317325222,0.2451946257680086,True
1000,0.0,184,dml_mult_boot,0.07638889629737819,0.08638647487870997,-0.0840376963008623,0.25292818557487223,True
1000,0.0,184,dml_pairs_boot,0.07638889629737819,0.09918901014431948,-0.11084254817391709,0.25238850733659257,True
1000,0.0,185,dml_if,0.07225164459966987,0.08909698337307058,-0.10237844281154845,0.2468817320108882,True
1000,0.0,185,dml_mult_boot,0.07225164459966987,0.08790711663298935,-0.09338702144332306,0.25614546841529756,True
1000,0.0,185,dml_pairs_boot,0.07225164459966987,0.09448391938158038,-0.07807953200212321,0.25783468656356345,True
1000,0.0,186,dml_if,0.06277251339298112,0.19315453812901423,-0.31581038133988676,0.441355408125849,True
1000,0.0,186,dml_mult_boot,0.06277251339298112,0.18866305090987226,-0.29618496333907013,0.4070307897028619,True
1000,0.0,186,dml_pairs_boot,0.06277251339298112,0.18296759484517824,-0.2517490284563876,0.4899321321436006,True
1000,0.0,187,dml_if,-0.19351894717945198,0.08774144228277367,-0.3654921740536884,-0.021545720305215593,False
1000,0.0,187,dml_mult_boot,-0.19351894717945198,0.08638340947264239,-0.34449175477882543,-0.03723808995948818,False
1000,0.0,187,dml_pairs_boot,-0.19351894717945198,0.1252832071572951,-0.5342498411296811,-0.026844245391731993,False
1000,0.0,188,dml_if,0.19635879419642283,0.12501985538531843,-0.04868012235880129,0.4413977107516469,True
1000,0.0,188,dml_mult_boot,0.19635879419642283,0.1297836724308542,-0.0467564741122471,0.4594275586965538,True
1000,0.0,188,dml_pairs_boot,0.19635879419642283,0.12119379968093413,-0.09130860615847924,0.36777272161865365,True
1000,0.0,189,dml_if,0.09662186826770752,0.0944929283056153,-0.08858427121129847,0.2818280077467135,True
1000,0.0,189,dml_mult_boot,0.09662186826770752,0.09781473115990506,-0.10120270508707159,0.27918630071564654,True
1000,0.0,189,dml_pairs_boot,0.09662186826770752,0.09372225830500298,-0.039898043771436145,0.33067621650691476,True
1000,0.0,190,dml_if,-0.050057498512536706,0.08159894510749673,-0.2099914309232303,0.10987643389815688,True
1000,0.0,190,dml_mult_boot,-0.050057498512536706,0.07875122967968158,-0.1853110714917143,0.12105383709674541,True
1000,0.0,190,dml_pairs_boot,-0.050057498512536706,0.09797283085935375,-0.26442228148946434,0.10381680937321619,True
1000,0.0,191,dml_if,0.1330066826660463,0.09344255219089187,-0.050140719628101765,0.31615408496019437,True
1000,0.0,191,dml_mult_boot,0.1330066826660463,0.09478514428571698,-0.024774977961590804,0.32548970730638965,True
1000,0.0,191,dml_pairs_boot,0.1330066826660463,0.09978809222235478,-0.09609896885613661,0.2732870467246103,True
1000,0.0,192,dml_if,-0.060754546248971836,0.09014154144994288,-0.23743196749085987,0.1159228749929162,True
1000,0.0,192,dml_mult_boot,-0.060754546248971836,0.0880113354394791,-0.23143846770049356,0.10003703504855783,True
1000,0.0,192,dml_pairs_boot,-0.060754546248971836,0.11175210495978873,-0.3039265908405467,0.14441435255962543,True
1000,0.0,193,dml_if,-0.11972522178136104,0.14611489330660074,-0.40611041266229847,0.16665996909957642,True
1000,0.0,193,dml_mult_boot,-0.11972522178136104,0.14303780398441263,-0.39494239062133935,0.17301232354662152,True
1000,0.0,193,dml_pairs_boot,-0.11972522178136104,0.13389983748236278,-0.36450745853885375,0.19440034847063586,True
1000,0.0,194,dml_if,0.1003365716314347,0.09080759595999657,-0.0776463164501586,0.27831945971302796,True
1000,0.0,194,dml_mult_boot,0.1003365716314347,0.09392006014106437,-0.0767394718449786,0.27767081531677035,True
1000,0.0,194,dml_pairs_boot,0.1003365716314347,0.08422094621387967,-0.010819905279596679,0.30927617153178066,True
1000,0.0,195,dml_if,-0.04815729675323154,0.10221254421684471,-0.24849388341824719,0.1521792899117841,True
1000,0.0,195,dml_mult_boot,-0.04815729675323154,0.10649199557934096,-0.25293218953218144,0.16457412084110443,True
1000,0.0,195,dml_pairs_boot,-0.04815729675323154,0.11571114231183982,-0.3157411889338303,0.10271766607494896,True
1000,0.0,196,dml_if,0.08484242123690461,0.07757707675149385,-0.06720864919602332,0.23689349166983253,True
1000,0.0,196,dml_mult_boot,0.08484242123690461,0.07660239632867817,-0.07818536821986169,0.22882448497998986,True
1000,0.0,196,dml_pairs_boot,0.08484242123690461,0.101169380666257,-0.17637125126027342,0.2522883954985906,True
1000,0.0,197,dml_if,-0.015783165656972273,0.0954173565236704,-0.20280118444336623,0.1712348531294217,True
1000,0.0,197,dml_mult_boot,-0.015783165656972273,0.09588728651214076,-0.19649567872332754,0.16137101965916026,True
1000,0.0,197,dml_pairs_boot,-0.015783165656972273,0.1312687916208561,-0.363629466701008,0.1261311009026432,True
1000,0.0,198,dml_if,0.0698009704161594,0.0787563373183419,-0.08456145072779073,0.22416339156010953,True
1000,0.0,198,dml_mult_boot,0.0698009704161594,0.08168010317859309,-0.09060796394516173,0.23067572384940765,True
1000,0.0,198,dml_pairs_boot,0.0698009704161594,0.0893167683149815,-0.10082323456952573,0.2586528545052887,True
1000,0.0,199,dml_if,-0.04830692032596977,0.09757025675888684,-0.23954462357338796,0.14293078292144845,True
1000,0.0,199,dml_mult_boot,-0.04830692032596977,0.09655408260857345,-0.2400570026141463,0.1339607233173374,True
1000,0.0,199,dml_pairs_boot,-0.04830692032596977,0.0951733013004424,-0.26639800066936825,0.12334693052298137,True
1000,0.5,0,dml_if,0.4379824857907426,0.08672305579277666,0.2680052964369004,0.6079596751445848,True
1000,0.5,0,dml_mult_boot,0.4379824857907426,0.08668248912939865,0.2701892340788656,0.5995185451360084,True
1000,0.5,0,dml_pairs_boot,0.4379824857907426,0.09953767130966149,0.326707427027501,0.700777026265277,True
1000,0.5,1,dml_if,0.5226650058970672,0.12634829544553855,0.27502234682381166,0.7703076649703228,True
1000,0.5,1,dml_mult_boot,0.5226650058970672,0.12689312727146324,0.2787330911580507,0.7642587551398016,True
1000,0.5,1,dml_pairs_boot,0.5226650058970672,0.13576181525484282,0.36276346948113236,0.9046784018461702,True
1000,0.5,2,dml_if,0.44731630950465967,0.11698755808766541,0.21802069565283547,0.6766119233564839,True
1000,0.5,2,dml_mult_boot,0.44731630950465967,0.1207491212248106,0.20890631298642104,0.6775000762877015,True
1000,0.5,2,dml_pairs_boot,0.44731630950465967,0.11265121439729087,0.1926396600551805,0.6134547122138865,True
1000,0.5,3,dml_if,0.4317793836979721,0.09067093031271643,0.25406436028504786,0.6094944071108963,True
1000,0.5,3,dml_mult_boot,0.4317793836979721,0.09123420919645067,0.27255260171815265,0.6212640213708838,True
1000,0.5,3,dml_pairs_boot,0.4317793836979721,0.08926550670659462,0.29902735168186617,0.6077605170710849,True
1000,0.5,4,dml_if,0.501779959663347,0.1392299439471877,0.22888926952685906,0.7746706497998349,True
1000,0.5,4,dml_mult_boot,0.501779959663347,0.13118245061419362,0.25254036578114547,0.7727588148990565,True
1000,0.5,4,dml_pairs_boot,0.501779959663347,0.11665310955289132,0.26858662270623024,0.6679491194579684,True
1000,0.5,5,dml_if,0.5475580259615497,0.07349709461000513,0.40350372052593964,0.6916123313971597,True
1000,0.5,5,dml_mult_boot,0.5475580259615497,0.07428204487293431,0.40270119906880664,0.6878284506802228,True
1000,0.5,5,dml_pairs_boot,0.5475580259615497,0.08878043351083789,0.37867556469946323,0.7283134757736818,True
1000,0.5,6,dml_if,0.7112421220269287,0.08998364734010848,0.534874173240316,0.8876100708135414,False
1000,0.5,6,dml_mult_boot,0.7112421220269287,0.09187950713916193,0.5352109328148368,0.8941974364929806,False
1000,0.5,6,dml_pairs_boot,0.7112421220269287,0.08353935597371691,0.569596982993225,0.9027960493356312,False
1000,0.5,7,dml_if,0.5650784935543552,0.10003683686263508,0.36900629330359047,0.76115069380512,True
1000,0.5,7,dml_mult_boot,0.5650784935543552,0.10007644047403225,0.37299662405592937,0.7578881991675267,True
1000,0.5,7,dml_pairs_boot,0.5650784935543552,0.08949313308308533,0.3779038042045161,0.7185634854420259,True
1000,0.5,8,dml_if,0.5366814041692721,0.09481648908438049,0.3508410855638864,0.7225217227746579,True
1000,0.5,8,dml_mult_boot,0.5366814041692721,0.08699451020836492,0.37219194167825237,0.7065475848906598,True
1000,0.5,8,dml_pairs_boot,0.5366814041692721,0.16714388361341462,0.13457015934752511,0.8425900553850417,True
1000,0.5,9,dml_if,0.46872311148143675,0.1185261817485209,0.23641179525433578,0.7010344277085377,True
1000,0.5,9,dml_mult_boot,0.46872311148143675,0.11813262734306743,0.25084705080792047,0.6975649498450766,True
1000,0.5,9,dml_pairs_boot,0.46872311148143675,0.1479517909827685,0.26771982325912835,0.821223263734936,True
1000,0.5,10,dml_if,0.33768768500435364,0.1334287771284919,0.07616728183250948,0.5992080881761979,True
1000,0.5,10,dml_mult_boot,0.33768768500435364,0.13519466838671085,0.09438740136938802,0.5886923743250959,True
1000,0.5,10,dml_pairs_boot,0.33768768500435364,0.15300893730379234,0.02874056005878992,0.5417627447920911,True
1000,0.5,11,dml_if,0.5579278942346432,0.09076935081711704,0.3800199666330938,0.7358358218361926,True
1000,0.5,11,dml_mult_boot,0.5579278942346432,0.09204382324711174,0.37514706783794427,0.7335434144240546,True
1000,0.5,11,dml_pairs_boot,0.5579278942346432,0.09785612255298708,0.3470300194495866,0.7199863066496701,True
1000,0.5,12,dml_if,0.6689394169110512,0.07809676435682696,0.5158697587716703,0.8220090750504321,False
1000,0.5,12,dml_mult_boot,0.6689394169110512,0.07537742156486556,0.5209047341667683,0.8174668061559984,False
1000,0.5,12,dml_pairs_boot,0.6689394169110512,0.09987719141882626,0.4374354313284954,0.819117127345027,True
1000,0.5,13,dml_if,0.611701614639399,0.11455753978868075,0.3871688366535847,0.8362343926252133,True
1000,0.5,13,dml_mult_boot,0.611701614639399,0.11131958089671345,0.4069873479132354,0.8256146691744677,True
1000,0.5,13,dml_pairs_boot,0.611701614639399,0.11645830070002787,0.35491719499337687,0.7933079090036516,True
1000,0.5,14,dml_if,0.5876051172997582,0.1254636029084363,0.341696455599223,0.8335137790002933,True
1000,0.5,14,dml_mult_boot,0.5876051172997582,0.12377838188508701,0.3401963254651212,0.8137219401827726,True
1000,0.5,14,dml_pairs_boot,0.5876051172997582,0.11761231234258855,0.3585272809004981,0.8088181587813441,True
1000,0.5,15,dml_if,0.5593867120469078,0.09733191033239871,0.36861616779540635,0.7501572562984093,True
1000,0.5,15,dml_mult_boot,0.5593867120469078,0.0998701918558625,0.36096602705014363,0.7562595910883819,True
1000,0.5,15,dml_pairs_boot,0.5593867120469078,0.09517289007973696,0.38420248145656105,0.743481691507638,True
1000,0.5,16,dml_if,0.4859343304370543,0.11881264092789738,0.25306155421837545,0.7188071066557331,True
1000,0.5,16,dml_mult_boot,0.4859343304370543,0.12177877780610974,0.25101337254900785,0.7203068163848091,True
1000,0.5,16,dml_pairs_boot,0.4859343304370543,0.10869540870069663,0.26872179180465566,0.6636482198663093,True
1000,0.5,17,dml_if,0.5013772693871106,0.11485058571834272,0.27627012137915885,0.7264844173950623,True
1000,0.5,17,dml_mult_boot,0.5013772693871106,0.1102619497907856,0.29376304813144005,0.7075355246069253,True
1000,0.5,17,dml_pairs_boot,0.5013772693871106,0.11120545923149001,0.3042104363936848,0.7264642582521482,True
1000,0.5,18,dml_if,0.5264113919397274,0.12952465707779517,0.2725430640672489,0.780279719812206,True
1000,0.5,18,dml_mult_boot,0.5264113919397274,0.1351403475957386,0.26194399089109854,0.778728583581099,True
1000,0.5,18,dml_pairs_boot,0.5264113919397274,0.13643130741603327,0.3402909654063331,0.8418567118692274,True
1000,0.5,19,dml_if,0.4876918827423018,0.08930516103521408,0.3126537671132822,0.6627299983713214,True
1000,0.5,19,dml_mult_boot,0.4876918827423018,0.08738582738235308,0.32843621748726864,0.6591832688374076,True
1000,0.5,19,dml_pairs_boot,0.4876918827423018,0.10234219109834292,0.27459975918827856,0.648091203741879,True
1000,0.5,20,dml_if,0.550693994994948,0.11959716763260489,0.3162835464350424,0.7851044435548535,True
1000,0.5,20,dml_mult_boot,0.550693994994948,0.1129897339387232,0.3507140894883917,0.769490732823474,True
1000,0.5,20,dml_pairs_boot,0.550693994994948,0.11624923731615468,0.28043977134134307,0.7169743183723268,True
1000,0.5,21,dml_if,0.5852943898052612,0.12606577169165234,0.3382054772896226,0.8323833023208997,True
1000,0.5,21,dml_mult_boot,0.5852943898052612,0.12608898996686638,0.3406997354464062,0.8119349639465119,True
1000,0.5,21,dml_pairs_boot,0.5852943898052612,0.12410114201467949,0.3883959945395105,0.8804862251737564,True
1000,0.5,22,dml_if,0.595662589250179,0.0913458658973024,0.41662469209146635,0.7747004864088917,True
1000,0.5,22,dml_mult_boot,0.595662589250179,0.09157564049272299,0.4084814838659247,0.7685568316927083,True
1000,0.5,22,dml_pairs_boot,0.595662589250179,0.1143345424699684,0.3742444139753214,0.7665841947138821,True
1000,0.5,23,dml_if,0.4442145496884326,0.10589491929162535,0.23666050787684692,0.6517685915000183,True
1000,0.5,23,dml_mult_boot,0.4442145496884326,0.10231988760183237,0.24477642839482258,0.6318266474327602,True
1000,0.5,23,dml_pairs_boot,0.4442145496884326,0.10136946091814071,0.29711805066150704,0.6621554095225085,True
1000,0.5,24,dml_if,0.4813802653918998,0.10916235136929184,0.26742205670808783,0.6953384740757118,True
1000,0.5,24,dml_mult_boot,0.4813802653918998,0.104722988364942,0.2736698167394083,0.6706335524019105,True
1000,0.5,24,dml_pairs_boot,0.4813802653918998,0.11609527233332038,0.27342505877586754,0.7220065095733836,True
1000,0.5,25,dml_if,0.608594664772891,0.19332273885158055,0.22968209662379319,0.9875072329219889,True
1000,0.5,25,dml_mult_boot,0.608594664772891,0.19330924722161144,0.2576910362171957,0.9378245735708702,True
1000,0.5,25,dml_pairs_boot,0.608594664772891,0.1581087014455718,0.3384231364444387,0.8991161362951866,True
1000,0.5,26,dml_if,0.3984202359073985,0.10393918594381359,0.19469943145752389,0.6021410403572731,True
1000,0.5,26,dml_mult_boot,0.3984202359073985,0.09960170494611952,0.20969893814710605,0.5703670816591145,True
1000,0.5,26,dml_pairs_boot,0.3984202359073985,0.1116163767943505,0.1699478784535857,0.618115412383046,True
1000,0.5,27,dml_if,0.6109609977791429,0.09200067258604538,0.430639679510494,0.7912823160477919,True
1000,0.5,27,dml_mult_boot,0.6109609977791429,0.09235565097864597,0.43156727858544,0.7823359469265293,True
1000,0.5,27,dml_pairs_boot,0.6109609977791429,0.10838366902264315,0.4518884722331014,0.8128497417990711,True
1000,0.5,28,dml_if,0.626265541640644,0.09891857701630719,0.4323851306886819,0.820145952592606,True
1000,0.5,28,dml_mult_boot,0.626265541640644,0.0911913778693498,0.47583829756310647,0.8172326592794101,True
1000,0.5,28,dml_pairs_boot,0.626265541640644,0.16619414118031084,0.1132178432450683,0.7886096541949288,True
1000,0.5,29,dml_if,0.4879228689729529,0.11903085461507257,0.2546223939274107,0.7212233440184951,True
1000,0.5,29,dml_mult_boot,0.4879228689729529,0.12122093697847769,0.2489972379611531,0.7028813610451382,True
1000,0.5,29,dml_pairs_boot,0.4879228689729529,0.10973456947195064,0.27857559212081995,0.7012747129477881,True
1000,0.5,30,dml_if,0.573893060555728,0.08613624210850455,0.4050660260230591,0.7427200950883969,True
1000,0.5,30,dml_mult_boot,0.573893060555728,0.08243557405891647,0.41048382410312434,0.7335256315740311,True
1000,0.5,30,dml_pairs_boot,0.573893060555728,0.08693487697743804,0.39942923430203364,0.6991968110333704,True
1000,0.5,31,dml_if,0.5517300733211089,0.10019257367496012,0.3553526289181871,0.7481075177240307,True
1000,0.5,31,dml_mult_boot,0.5517300733211089,0.10375145844822942,0.3507735594085168,0.7521054206853747,True
1000,0.5,31,dml_pairs_boot,0.5517300733211089,0.09630715147960706,0.44309068804622515,0.7935294455053106,True
1000,0.5,32,dml_if,0.503792967407245,0.07608704523492875,0.35466235874678465,0.6529235760677053,True
1000,0.5,32,dml_mult_boot,0.503792967407245,0.07488395627818094,0.3708300497343441,0.6639213721264883,True
1000,0.5,32,dml_pairs_boot,0.503792967407245,0.11541895664258084,0.19661833443760682,0.6842244811551911,True
1000,0.5,33,dml_if,0.4467896382813308,0.0767393105841284,0.2963805895364391,0.5971986870262225,True
1000,0.5,33,dml_mult_boot,0.4467896382813308,0.07772039372146725,0.2952354094278206,0.591409800441561,True
1000,0.5,33,dml_pairs_boot,0.4467896382813308,0.09679869439649522,0.2929595509782097,0.6697822134598509,True
1000,0.5,34,dml_if,0.3216967347374795,0.09857511538208107,0.12848950858860061,0.5149039608863584,True
1000,0.5,34,dml_mult_boot,0.3216967347374795,0.10325020148912813,0.10092792728576899,0.5092471265564699,True
1000,0.5,34,dml_pairs_boot,0.3216967347374795,0.12316248197029565,0.0771018453023551,0.5335611411711123,True
1000,0.5,35,dml_if,0.5126249848436865,0.09192234142191295,0.33245719565673704,0.6927927740306359,True
1000,0.5,35,dml_mult_boot,0.5126249848436865,0.09084201532261582,0.35778948401171506,0.7098884150645534,True
1000,0.5,35,dml_pairs_boot,0.5126249848436865,0.0926921492940197,0.3354833299803129,0.6700630658525887,True
1000,0.5,36,dml_if,0.6499691484128939,0.08660169116700889,0.4802298337255565,0.8197084631002313,True
1000,0.5,36,dml_mult_boot,0.6499691484128939,0.0862033112731921,0.4718184556206609,0.8125447874869491,True
1000,0.5,36,dml_pairs_boot,0.6499691484128939,0.08503251531909312,0.49424821958655657,0.8242301318262611,True
1000,0.5,37,dml_if,0.3920080172093352,0.10107277111720941,0.19390538581960476,0.5901106485990657,True
1000,0.5,37,dml_mult_boot,0.3920080172093352,0.09690505822046543,0.21588208894489663,0.5928739236582482,True
1000,0.5,37,dml_pairs_boot,0.3920080172093352,0.09451242230702495,0.2561742040339994,0.6242840090517877,True
1000,0.5,38,dml_if,0.5043293613481779,0.10626857987389535,0.296042944795343,0.7126157779010127,True
1000,0.5,38,dml_mult_boot,0.5043293613481779,0.10656559919707398,0.28330406779183837,0.6978635757608472,True
1000,0.5,38,dml_pairs_boot,0.5043293613481779,0.10314756964531652,0.3071505365874176,0.7013064300225252,True
1000,0.5,39,dml_if,0.45224848643605703,0.13892690320345052,0.17995175615729403,0.7245452167148201,True
1000,0.5,39,dml_mult_boot,0.45224848643605703,0.13534995212998685,0.1920549579809619,0.7186469931356485,True
1000,0.5,39,dml_pairs_boot,0.45224848643605703,0.1097134699830715,0.20740551024081486,0.6560049642445485,True
1000,0.5,40,dml_if,0.48093760530642066,0.08157533128434158,0.3210499559891111,0.6408252546237302,True
1000,0.5,40,dml_mult_boot,0.48093760530642066,0.07786499400717381,0.33939782700706844,0.6377602422157647,True
1000,0.5,40,dml_pairs_boot,0.48093760530642066,0.10130337909653463,0.22365683678196024,0.6246609383244749,True
1000,0.5,41,dml_if,0.28038672725078195,0.11475564847378801,0.05546565624215746,0.5053077982594064,True
1000,0.5,41,dml_mult_boot,0.28038672725078195,0.11976208932130487,0.04780829254396546,0.5122893590677591,True
1000,0.5,41,dml_pairs_boot,0.28038672725078195,0.1279019071843275,0.09634692209236484,0.5417332333377871,True
1000,0.5,42,dml_if,0.5143807432464762,0.09257298107741799,0.33293770033473696,0.6958237861582155,True
1000,0.5,42,dml_mult_boot,0.5143807432464762,0.09706014978018777,0.31751385236710783,0.69789576627907,True
1000,0.5,42,dml_pairs_boot,0.5143807432464762,0.09393643173321671,0.3361210411583633,0.7019016409743798,True
1000,0.5,43,dml_if,0.43810929596436926,0.10596154589354065,0.2304246660130296,0.6457939259157089,True
1000,0.5,43,dml_mult_boot,0.43810929596436926,0.10386016272218894,0.2391725964563895,0.6340901897736567,True
1000,0.5,43,dml_pairs_boot,0.43810929596436926,0.1030500095865957,0.287060264111876,0.7257936680707426,True
1000,0.5,44,dml_if,0.5338728110693409,0.12595475839530818,0.2870014846145369,0.780744137524145,True
1000,0.5,44,dml_mult_boot,0.5338728110693409,0.12509820731452387,0.3004201163643162,0.7814144757535414,True
1000,0.5,44,dml_pairs_boot,0.5338728110693409,0.1119520589624417,0.3426610741358262,0.7801736011361275,True
1000,0.5,45,dml_if,0.3959501617712623,0.1532847515276483,0.09551204877707159,0.6963882747654531,True
1000,0.5,45,dml_mult_boot,0.3959501617712623,0.15553696583372073,0.0974901825905079,0.6944212598072304,True
1000,0.5,45,dml_pairs_boot,0.3959501617712623,0.14523743873640607,0.14590005325577224,0.7325542737784615,True
1000,0.5,46,dml_if,0.4910042861470251,0.10830855126585591,0.27871952566594754,0.7032890466281028,True
1000,0.5,46,dml_mult_boot,0.4910042861470251,0.11007146454970052,0.2892101496169529,0.6923724400420621,True
1000,0.5,46,dml_pairs_boot,0.4910042861470251,0.11141971291192915,0.2542482736533817,0.711250236529872,True
1000,0.5,47,dml_if,0.47792265431801195,0.1039654573907311,0.274150357832179,0.6816949508038449,True
1000,0.5,47,dml_mult_boot,0.47792265431801195,0.10569647565230533,0.27364822478797635,0.6737598875466615,True
1000,0.5,47,dml_pairs_boot,0.47792265431801195,0.10243454375124719,0.27768537531297977,0.6520633940810098,True
1000,0.5,48,dml_if,0.39926543469548076,0.09662106853100026,0.20988814037472026,0.5886427290162413,True
1000,0.5,48,dml_mult_boot,0.39926543469548076,0.09552829947705016,0.1909129092813068,0.5764655554342816,True
1000,0.5,48,dml_pairs_boot,0.39926543469548076,0.12155091503174112,0.24661156137803605,0.6563629903337331,True
1000,0.5,49,dml_if,0.506473889725737,0.09751631553001736,0.31534191128690303,0.697605868164571,True
1000,0.5,49,dml_mult_boot,0.506473889725737,0.0960281428384399,0.33488597178368634,0.7037620917907103,True
1000,0.5,49,dml_pairs_boot,0.506473889725737,0.09622418710444389,0.28922935023057483,0.6779340561976777,True
1000,0.5,50,dml_if,0.47887185320547454,0.09093429021569344,0.3006406443827154,0.6571030620282337,True
1000,0.5,50,dml_mult_boot,0.47887185320547454,0.08790587027150319,0.30106509299652945,0.6544661983247878,True
1000,0.5,50,dml_pairs_boot,0.47887185320547454,0.10013155360439188,0.328789862376612,0.6928097862663308,True
1000,0.5,51,dml_if,0.4364060873069791,0.08118116273942365,0.27729100833770876,0.5955211662762494,True
1000,0.5,51,dml_mult_boot,0.4364060873069791,0.07773928229355366,0.28098033625001756,0.5873949986609082,True
1000,0.5,51,dml_pairs_boot,0.4364060873069791,0.08797845473069281,0.25902866126972457,0.6252228250625247,True
1000,0.5,52,dml_if,0.47545110285744874,0.0737828646721382,0.33083668810005784,0.6200655176148396,True
1000,0.5,52,dml_mult_boot,0.47545110285744874,0.07525143761126271,0.328624635114788,0.6227382615850144,True
1000,0.5,52,dml_pairs_boot,0.47545110285744874,0.08666097134889417,0.2965330801374804,0.6401575229341846,True
1000,0.5,53,dml_if,0.4800223241657068,0.09769054470758887,0.2885488565388326,0.671495791792581,True
1000,0.5,53,dml_mult_boot,0.4800223241657068,0.09903852362844602,0.2967958243143921,0.6723728392493087,True
1000,0.5,53,dml_pairs_boot,0.4800223241657068,0.11576437257506998,0.27164137407405486,0.6847023309254099,True
1000,0.5,54,dml_if,0.4594097537201258,0.10955420974521364,0.24468350261950708,0.6741360048207445,True
1000,0.5,54,dml_mult_boot,0.4594097537201258,0.10476853931270277,0.25128660196182756,0.6625775917675236,True
1000,0.5,54,dml_pairs_boot,0.4594097537201258,0.11057403763345448,0.3177241132606527,0.7425472205973755,True
1000,0.5,55,dml_if,0.40841021262523336,0.13628238348911342,0.14129674098657108,0.6755236842638956,True
1000,0.5,55,dml_mult_boot,0.40841021262523336,0.13428024219533233,0.15853930457379745,0.6625544034425592,True
1000,0.5,55,dml_pairs_boot,0.40841021262523336,0.1908143931641155,-0.06385506297053636,0.6503933594283672,True
1000,0.5,56,dml_if,0.39082779462369477,0.08184968114273886,0.23040241958392663,0.5512531696634629,True
1000,0.5,56,dml_mult_boot,0.39082779462369477,0.08468907974047968,0.21656949909309553,0.5485027554627814,True
1000,0.5,56,dml_pairs_boot,0.39082779462369477,0.09660871547889863,0.2083382500929086,0.5583779979244282,True
1000,0.5,57,dml_if,0.4404648547427083,0.09346125953823313,0.2572807860477714,0.6236489234376452,True
1000,0.5,57,dml_mult_boot,0.4404648547427083,0.09205408256807054,0.24758199567038114,0.6007142176431698,True
1000,0.5,57,dml_pairs_boot,0.4404648547427083,0.0979157541076473,0.27253450664677564,0.654705554622068,True
1000,0.5,58,dml_if,0.44450903284194737,0.10674871975531719,0.2352815421215257,0.6537365235623691,True
1000,0.5,58,dml_mult_boot,0.44450903284194737,0.1109563135370962,0.23008269003444942,0.672444684446018,True
1000,0.5,58,dml_pairs_boot,0.44450903284194737,0.0969741175146721,0.33853332530864966,0.6988059151930002,True
1000,0.5,59,dml_if,0.3679099993202079,0.11108993221113639,0.15017373218638058,0.5856462664540352,True
1000,0.5,59,dml_mult_boot,0.3679099993202079,0.10427263276812657,0.16295737406050229,0.5650607847802924,True
1000,0.5,59,dml_pairs_boot,0.3679099993202079,0.20591814188097826,0.21179271111065168,0.949302863705087,True
1000,0.5,60,dml_if,0.5007076580602814,0.08867401541388582,0.3269065878490652,0.6745087282714977,True
1000,0.5,60,dml_mult_boot,0.5007076580602814,0.08545044522409802,0.3373501179357653,0.6684361776346049,True
1000,0.5,60,dml_pairs_boot,0.5007076580602814,0.10607711425563608,0.29082269143467065,0.6922369599290586,True
1000,0.5,61,dml_if,0.4140639453741805,0.0908808756652206,0.23593742907034815,0.5921904616780129,True
1000,0.5,61,dml_mult_boot,0.4140639453741805,0.08745866889391322,0.24287293356355247,0.5901782070578008,True
1000,0.5,61,dml_pairs_boot,0.4140639453741805,0.12093320615085576,0.28547395715547874,0.7416286193823576,True
1000,0.5,62,dml_if,0.44961126539249985,0.10284373350029015,0.24803754773193115,0.6511849830530685,True
1000,0.5,62,dml_mult_boot,0.44961126539249985,0.10323172785243923,0.24659353206213733,0.6469763744119383,True
1000,0.5,62,dml_pairs_boot,0.44961126539249985,0.10481100869551795,0.26372028938587416,0.6581815509732297,True
1000,0.5,63,dml_if,0.5231374691898566,0.09934352961991232,0.3284241511348285,0.7178507872448847,True
1000,0.5,63,dml_mult_boot,0.5231374691898566,0.09877431815550965,0.31680972680508124,0.7117810474097352,True
1000,0.5,63,dml_pairs_boot,0.5231374691898566,0.09087976288747529,0.39016111413480764,0.712614152811226,True
1000,0.5,64,dml_if,0.6905702139344359,0.08122531068496461,0.5313686049919052,0.8497718228769665,False
1000,0.5,64,dml_mult_boot,0.6905702139344359,0.08131954131076347,0.5425374929838535,0.8606675417584505,False
1000,0.5,64,dml_pairs_boot,0.6905702139344359,0.1376203304942498,0.3891843265650434,0.9174306836139448,True
1000,0.5,65,dml_if,0.3974601238236624,0.1390442982344691,0.12493329928410302,0.6699869483632218,True
1000,0.5,65,dml_mult_boot,0.3974601238236624,0.13844497732870173,0.13871307038941724,0.6575432728235131,True
1000,0.5,65,dml_pairs_boot,0.3974601238236624,0.129905434969864,0.19431708947382306,0.6640019350585195,True
1000,0.5,66,dml_if,0.4334268962101505,0.08872277408400027,0.25953025900550997,0.6073235334147911,True
1000,0.5,66,dml_mult_boot,0.4334268962101505,0.09179711881671271,0.2520661972939169,0.6039500450098065,True
1000,0.5,66,dml_pairs_boot,0.4334268962101505,0.10942782679325999,0.17305423213748394,0.6000562960481901,True
1000,0.5,67,dml_if,0.3320891140987952,0.17261959631018534,-0.006245294669168067,0.6704235228667585,True
1000,0.5,67,dml_mult_boot,0.3320891140987952,0.1732574882252078,0.04214416444770769,0.6285182373630345,True
1000,0.5,67,dml_pairs_boot,0.3320891140987952,0.18060689434651087,-0.04606716202200165,0.6633344339011019,True
1000,0.5,68,dml_if,0.5220054718593139,0.09359284305263536,0.3385634994761486,0.7054474442424792,True
1000,0.5,68,dml_mult_boot,0.5220054718593139,0.09786488245978436,0.3382278631268851,0.7140247879858735,True
1000,0.5,68,dml_pairs_boot,0.5220054718593139,0.09115015875588715,0.3494755951717483,0.684676693890313,True
1000,0.5,69,dml_if,0.3879457319883643,0.10292238115351589,0.18621786492747316,0.5896735990492554,True
1000,0.5,69,dml_mult_boot,0.3879457319883643,0.10024053139150525,0.20131773463105454,0.5988585118761053,True
1000,0.5,69,dml_pairs_boot,0.3879457319883643,0.11559666730568849,0.20216346997113332,0.6287320889088883,True
1000,0.5,70,dml_if,0.42365633784889056,0.09074574535333055,0.2457946769563627,0.6015179987414184,True
1000,0.5,70,dml_mult_boot,0.42365633784889056,0.08794270618322761,0.2636309309197187,0.5981785584709399,True
1000,0.5,70,dml_pairs_boot,0.42365633784889056,0.09407149722229473,0.23717462697928549,0.5877901147887402,True
1000,0.5,71,dml_if,0.741240143856362,0.10078698033596858,0.5436976623978637,0.9387826253148605,False
1000,0.5,71,dml_mult_boot,0.741240143856362,0.09895665258306305,0.5335424873929431,0.9370869531260256,False
1000,0.5,71,dml_pairs_boot,0.741240143856362,0.09602377554563878,0.5960071508609105,0.9628485591949056,False
1000,0.5,72,dml_if,0.5585500677344344,0.09971961625302503,0.36309961987850536,0.7540005155903634,True
1000,0.5,72,dml_mult_boot,0.5585500677344344,0.10093531042047114,0.37144210094495295,0.7463489934155342,True
1000,0.5,72,dml_pairs_boot,0.5585500677344344,0.10890852941994006,0.282595788735534,0.6780967559780849,True
1000,0.5,73,dml_if,0.499399811410648,0.08890310584147906,0.325149723961349,0.673649898859947,True
1000,0.5,73,dml_mult_boot,0.499399811410648,0.09340106335921877,0.3108841213519477,0.6632215060242466,True
1000,0.5,73,dml_pairs_boot,0.499399811410648,0.10735697466180384,0.31489151627926004,0.7435954533462742,True
1000,0.5,74,dml_if,0.6487532412198704,0.09785101257778701,0.4569652565674079,0.840541225872333,True
1000,0.5,74,dml_mult_boot,0.6487532412198704,0.09640591106024379,0.43813338825414316,0.8205792709015302,True
1000,0.5,74,dml_pairs_boot,0.6487532412198704,0.10623804844557831,0.49955944291113913,0.870918230371896,True
1000,0.5,75,dml_if,0.4804007456562107,0.07051314222107295,0.3421949869029077,0.6186065044095137,True
1000,0.5,75,dml_mult_boot,0.4804007456562107,0.07032008021793994,0.3396090929225845,0.6202142752452934,True
1000,0.5,75,dml_pairs_boot,0.4804007456562107,0.09128611783771406,0.2727367588551847,0.6393717228493088,True
1000,0.5,76,dml_if,0.30019986320931136,0.10809212281849911,0.08833930248505309,0.5120604239335697,True
1000,0.5,76,dml_mult_boot,0.30019986320931136,0.10745547821888919,0.07736147634055277,0.49598314969042656,False
1000,0.5,76,dml_pairs_boot,0.30019986320931136,0.10182198003595945,0.06693487050217074,0.45036721060610024,False
1000,0.5,77,dml_if,0.4489935377254833,0.10697554576666417,0.2393214680228215,0.6586656074281451,True
1000,0.5,77,dml_mult_boot,0.4489935377254833,0.10664002518692088,0.23510088399939472,0.6541511603560825,True
1000,0.5,77,dml_pairs_boot,0.4489935377254833,0.09932976286671931,0.26082103553628266,0.6269363001359298,True
1000,0.5,78,dml_if,0.5065559651604885,0.08815444807599691,0.33377324693153454,0.6793386833894425,True
1000,0.5,78,dml_mult_boot,0.5065559651604885,0.08933299893732148,0.3309047586645831,0.6668877867514662,True
1000,0.5,78,dml_pairs_boot,0.5065559651604885,0.0874930691072762,0.3518506299253991,0.676181984351552,True
1000,0.5,79,dml_if,0.5553770725313584,0.09334604566777856,0.3724188230225124,0.7383353220402044,True
1000,0.5,79,dml_mult_boot,0.5553770725313584,0.0920516541234712,0.3939328667300176,0.7437712365709873,True
1000,0.5,79,dml_pairs_boot,0.5553770725313584,0.10290574183424397,0.31994743923783703,0.7152925383639064,True
1000,0.5,80,dml_if,0.5375304358240689,0.07849040646298759,0.38368923915661324,0.6913716324915246,True
1000,0.5,80,dml_mult_boot,0.5375304358240689,0.0777176167883159,0.39518250139756017,0.6934982007787996,True
1000,0.5,80,dml_pairs_boot,0.5375304358240689,0.09670416987229587,0.3683648431752981,0.7405094963664369,True
1000,0.5,81,dml_if,0.5451127419534337,0.09446769014829398,0.35995606926277757,0.7302694146440899,True
1000,0.5,81,dml_mult_boot,0.5451127419534337,0.0938901867076115,0.3531318782715774,0.7175850185959912,True
1000,0.5,81,dml_pairs_boot,0.5451127419534337,0.09556024183621728,0.36447229108162615,0.7393771153136872,True
1000,0.5,82,dml_if,0.5682413989696002,0.07983679984041292,0.41176127128239093,0.7247215266568096,True
1000,0.5,82,dml_mult_boot,0.5682413989696002,0.08064632652617673,0.40792072646593497,0.719612776854589,True
1000,0.5,82,dml_pairs_boot,0.5682413989696002,0.09469419736750609,0.37611627457391117,0.7313287203035915,True
1000,0.5,83,dml_if,0.5023431062512485,0.09317390428951916,0.31972225384379094,0.684963958658706,True
1000,0.5,83,dml_mult_boot,0.5023431062512485,0.09913435960720506,0.29374050287824427,0.6842313268587802,True
1000,0.5,83,dml_pairs_boot,0.5023431062512485,0.09637062120466723,0.3428026895637304,0.6728445330924817,True
1000,0.5,84,dml_if,0.34663060580602395,0.135126784283763,0.08178210860984847,0.6114791030021994,True
1000,0.5,84,dml_mult_boot,0.34663060580602395,0.13831652883258913,0.08400372807525795,0.6053300624616186,True
1000,0.5,84,dml_pairs_boot,0.34663060580602395,0.12499163293279131,0.14480374102510032,0.6097455411291103,True
1000,0.5,85,dml_if,0.4766464236462797,0.08000271334255027,0.31984110549488115,0.6334517417976782,True
1000,0.5,85,dml_mult_boot,0.4766464236462797,0.08446658589540475,0.30464166038227875,0.6423285576007419,True
1000,0.5,85,dml_pairs_boot,0.4766464236462797,0.08368298356340509,0.3805447564301058,0.6905628241595881,True
1000,0.5,86,dml_if,0.47988612025438365,0.08464596042046423,0.3139800378302738,0.6457922026784935,True
1000,0.5,86,dml_mult_boot,0.47988612025438365,0.08416574520980759,0.315405982294866,0.649725092193847,True
1000,0.5,86,dml_pairs_boot,0.47988612025438365,0.09323343365463033,0.33291121775639226,0.6751928771700703,True
1000,0.5,87,dml_if,0.34191925193907996,0.15299622717318376,0.04204664667963981,0.6417918571985202,True
1000,0.5,87,dml_mult_boot,0.34191925193907996,0.1565560893979799,0.04944777766939643,0.6365350052295639,True
1000,0.5,87,dml_pairs_boot,0.34191925193907996,0.1495980543587706,0.022311203063766903,0.6310109793573263,True
1000,0.5,88,dml_if,0.29694094757537504,0.12781810238796454,0.046417466894964565,0.5474644282557855,True
1000,0.5,88,dml_mult_boot,0.29694094757537504,0.133909989837263,0.040071543298979904,0.5521633212926256,True
1000,0.5,88,dml_pairs_boot,0.29694094757537504,0.11691459937513207,0.1167831501827443,0.5363529126636336,True
1000,0.5,89,dml_if,0.5916081150202374,0.11825189696628975,0.3598343969663095,0.8233818330741652,True
1000,0.5,89,dml_mult_boot,0.5916081150202374,0.12004200618341816,0.3599340749413598,0.8265641648331632,True
1000,0.5,89,dml_pairs_boot,0.5916081150202374,0.11339567131960258,0.4011051659022279,0.8354434620346713,True
1000,0.5,90,dml_if,0.5884364828294462,0.10583307389658983,0.3810036579921301,0.7958693076667622,True
1000,0.5,90,dml_mult_boot,0.5884364828294462,0.10562538385030597,0.3934301981004329,0.7899413290020364,True
1000,0.5,90,dml_pairs_boot,0.5884364828294462,0.13552663473774743,0.35455019727943915,0.8368643245193956,True
1000,0.5,91,dml_if,0.522617949734582,0.0825163547308338,0.36088589446214775,0.6843500050070161,True
1000,0.5,91,dml_mult_boot,0.522617949734582,0.07761581253345591,0.3717649156486328,0.668405296967771,True
1000,0.5,91,dml_pairs_boot,0.522617949734582,0.1019107457503756,0.3137396036940395,0.7591419111996691,True
1000,0.5,92,dml_if,0.34008390794082255,0.0870744297708612,0.1694180255899346,0.5107497902917105,True
1000,0.5,92,dml_mult_boot,0.34008390794082255,0.0860546658044926,0.17031823846183855,0.5097483682746493,True
1000,0.5,92,dml_pairs_boot,0.34008390794082255,0.10536294688052524,0.04486933028450367,0.4729190229961571,False
1000,0.5,93,dml_if,0.41679615571773354,0.0883251879035656,0.24367878742674498,0.5899135240087221,True
1000,0.5,93,dml_mult_boot,0.41679615571773354,0.08965171210456964,0.2617397639321326,0.5914826684168681,True
1000,0.5,93,dml_pairs_boot,0.41679615571773354,0.09056714720521958,0.28208386670478375,0.6361841559214662,True
1000,0.5,94,dml_if,0.5783698556287773,0.09153553734624292,0.3989602024301412,0.7577795088274134,True
1000,0.5,94,dml_mult_boot,0.5783698556287773,0.100232881912687,0.3926540659761688,0.780799173799869,True
1000,0.5,94,dml_pairs_boot,0.5783698556287773,0.08404957573819234,0.3619120971186179,0.6965869926569861,True
1000,0.5,95,dml_if,0.43656896057071987,0.1081390348740164,0.22461645221764773,0.648521468923792,True
1000,0.5,95,dml_mult_boot,0.43656896057071987,0.1015667939032459,0.23764890972854547,0.6286720757765725,True
1000,0.5,95,dml_pairs_boot,0.43656896057071987,0.15311435453979189,0.03017001323059832,0.6146267134996238,True
1000,0.5,96,dml_if,0.3750828810703756,0.12144482074772711,0.13705103240483044,0.6131147297359207,True
1000,0.5,96,dml_mult_boot,0.3750828810703756,0.12160466921161203,0.1483697001178094,0.5958867771042932,True
1000,0.5,96,dml_pairs_boot,0.3750828810703756,0.14840625370790508,0.061109967804875084,0.5979495467498812,True
1000,0.5,97,dml_if,0.5461796124027412,0.10354087609611899,0.34323949525434794,0.7491197295511344,True
1000,0.5,97,dml_mult_boot,0.5461796124027412,0.1000406303355103,0.35015410171126726,0.7350237803311569,True
1000,0.5,97,dml_pairs_boot,0.5461796124027412,0.1137154132439482,0.3030351710086561,0.7170456857841809,True
1000,0.5,98,dml_if,0.5144151618508778,0.10000269935084527,0.31840987112322106,0.7104204525785345,True
1000,0.5,98,dml_mult_boot,0.5144151618508778,0.10348132744826341,0.31600550940460115,0.7084751423529001,True
1000,0.5,98,dml_pairs_boot,0.5144151618508778,0.10440319301192355,0.32363266737250856,0.7161552213721564,True
1000,0.5,99,dml_if,0.2504240520368031,0.2139674849435628,-0.16895221845257996,0.6698003225261862,True
1000,0.5,99,dml_mult_boot,0.2504240520368031,0.2228313887003746,-0.14659263018772123,0.6097961792225461,True
1000,0.5,99,dml_pairs_boot,0.2504240520368031,0.20146304477492324,-0.07633230220826988,0.5896094541981413,True
1000,0.5,100,dml_if,0.36839658346822624,0.14050692080703797,0.0930030186864318,0.6437901482500207,True
1000,0.5,100,dml_mult_boot,0.36839658346822624,0.14162144850011998,0.0937721774201847,0.6354338555574026,True
1000,0.5,100,dml_pairs_boot,0.36839658346822624,0.1840231756806817,0.020158730984218682,0.6582442933913375,True
1000,0.5,101,dml_if,0.4844017549160182,0.08704613731568464,0.3137913257772763,0.6550121840547601,True
1000,0.5,101,dml_mult_boot,0.4844017549160182,0.08960338021730288,0.31255209757650104,0.66234310028415,True
1000,0.5,101,dml_pairs_boot,0.4844017549160182,0.09158981498794277,0.3828142801374428,0.7075784354477813,True
1000,0.5,102,dml_if,0.5113148464393031,0.08043293652642254,0.353666290847515,0.6689634020310913,True
1000,0.5,102,dml_mult_boot,0.5113148464393031,0.07808368511705692,0.36281198100439505,0.6609225810975198,True
1000,0.5,102,dml_pairs_boot,0.5113148464393031,0.09021960139080923,0.33818739414660015,0.6774797884325348,True
1000,0.5,103,dml_if,0.4814137804911234,0.12922748635248787,0.22812790724024717,0.7346996537419996,True
1000,0.5,103,dml_mult_boot,0.4814137804911234,0.1261548105124101,0.23705704387224816,0.7202801627655754,True
1000,0.5,103,dml_pairs_boot,0.4814137804911234,0.10886377222383016,0.2703707590611267,0.6939749876842716,True
1000,0.5,104,dml_if,0.47728449140260704,0.13790156004689214,0.20699743371069845,0.7475715490945156,True
1000,0.5,104,dml_mult_boot,0.47728449140260704,0.14020833813587474,0.21368630315672635,0.7414609755398248,True
1000,0.5,104,dml_pairs_boot,0.47728449140260704,0.16289533938939285,0.12218237252703523,0.8036462599715792,True
1000,0.5,105,dml_if,0.47928635557512006,0.09232039236203127,0.2983383865455388,0.6602343246047013,True
1000,0.5,105,dml_mult_boot,0.47928635557512006,0.097040698134225,0.2889714676947969,0.6643238732052645,True
1000,0.5,105,dml_pairs_boot,0.47928635557512006,0.1286892367670045,0.2880556702717676,0.7732728450448316,True
1000,0.5,106,dml_if,0.34159507134051237,0.10648038935623508,0.13289350820229162,0.5502966344787331,True
1000,0.5,106,dml_mult_boot,0.34159507134051237,0.10696867933131825,0.1286976309815226,0.5341698736338186,True
1000,0.5,106,dml_pairs_boot,0.34159507134051237,0.10202416076767383,0.1631989356278195,0.5527666942341454,True
1000,0.5,107,dml_if,0.5788724272380388,0.0828086792872729,0.4165674158349839,0.7411774386410936,True
1000,0.5,107,dml_mult_boot,0.5788724272380388,0.08210775825331346,0.4204213384003923,0.7292409651537864,True
1000,0.5,107,dml_pairs_boot,0.5788724272380388,0.08915765523308108,0.40414176146284747,0.7140265259393536,True
1000,0.5,108,dml_if,0.5439296087717438,0.11280238116311073,0.3228369416920468,0.7650222758514408,True
1000,0.5,108,dml_mult_boot,0.5439296087717438,0.11308731267299574,0.33835698776282686,0.7497463271838297,True
1000,0.5,108,dml_pairs_boot,0.5439296087717438,0.09239124508862544,0.3727929107410026,0.7417017357574559,True
1000,0.5,109,dml_if,0.4241886238264009,0.07855253159101067,0.27022566190802,0.5781515857447818,True
1000,0.5,109,dml_mult_boot,0.4241886238264009,0.08154470363535596,0.2643227137656382,0.5693366860502826,True
1000,0.5,109,dml_pairs_boot,0.4241886238264009,0.09459602140524362,0.2463096863316987,0.6188123548533371,True
1000,0.5,110,dml_if,0.6459698179696339,0.07574425511690186,0.4975110779405063,0.7944285579987616,True
1000,0.5,110,dml_mult_boot,0.6459698179696339,0.07348593155574307,0.49306196846377276,0.7820365754257804,True
1000,0.5,110,dml_pairs_boot,0.6459698179696339,0.131212795982161,0.3961652476435748,0.9300430602811136,True
1000,0.5,111,dml_if,0.47287639897137673,0.07985926650185528,0.31635223662774037,0.6294005613150131,True
1000,0.5,111,dml_mult_boot,0.47287639897137673,0.07821413757466929,0.316112430992245,0.6233080295290085,True
1000,0.5,111,dml_pairs_boot,0.47287639897137673,0.11227814615824563,0.3104781941522731,0.7579583578628648,True
1000,0.5,112,dml_if,0.6318025182666837,0.10431917882074826,0.4273369277780171,0.8362681087553503,True
1000,0.5,112,dml_mult_boot,0.6318025182666837,0.1023297621755503,0.4476197188417646,0.8523331341497001,True
1000,0.5,112,dml_pairs_boot,0.6318025182666837,0.09304380924496822,0.41988137153384186,0.786962883268382,True
1000,0.5,113,dml_if,0.6564654030885415,0.15389137071380482,0.35483831648948405,0.958092489687599,True
1000,0.5,113,dml_mult_boot,0.6564654030885415,0.15665756175265247,0.40398947201959784,0.9324102835991523,True
1000,0.5,113,dml_pairs_boot,0.6564654030885415,0.1270533827586853,0.33403747078739304,0.8501457750352233,True
1000,0.5,114,dml_if,0.5731735220977405,0.07271415055786368,0.4306537870043277,0.7156932571911534,True
1000,0.5,114,dml_mult_boot,0.5731735220977405,0.06970643438853227,0.4404102568267185,0.7164938348394615,True
1000,0.5,114,dml_pairs_boot,0.5731735220977405,0.08076624707067662,0.42014865480955804,0.7378721118344654,True
1000,0.5,115,dml_if,0.5710726375255585,0.08880076132582966,0.39702314532693234,0.7451221297241846,True
1000,0.5,115,dml_mult_boot,0.5710726375255585,0.09131501769482465,0.38991924674432066,0.7608584896516704,True
1000,0.5,115,dml_pairs_boot,0.5710726375255585,0.09233153945040545,0.4002402642809732,0.7383483041208171,True
1000,0.5,116,dml_if,0.657795674730344,0.07639645357574111,0.5080586257218913,0.8075327237387966,False
1000,0.5,116,dml_mult_boot,0.657795674730344,0.07534786606949632,0.5157294819260859,0.8023612944893727,False
1000,0.5,116,dml_pairs_boot,0.657795674730344,0.09787889516067555,0.42799637569100435,0.7897297572322086,True
1000,0.5,117,dml_if,0.4160614036596352,0.11075007523971367,0.19899125618979638,0.633131551129474,True
1000,0.5,117,dml_mult_boot,0.4160614036596352,0.1147256915249919,0.19497582612162878,0.6334179566929143,True
1000,0.5,117,dml_pairs_boot,0.4160614036596352,0.09800037266633864,0.2050535255517125,0.620270653477041,True
1000,0.5,118,dml_if,0.41840803708195745,0.10794368558279957,0.2068384133396703,0.6299776608242447,True
1000,0.5,118,dml_mult_boot,0.41840803708195745,0.10741753731669308,0.1994078481112155,0.6096902295939255,True
1000,0.5,118,dml_pairs_boot,0.41840803708195745,0.118836563781416,0.30405474873614236,0.7655467895250005,True
1000,0.5,119,dml_if,0.27112908129359414,0.11893884117910107,0.038008952582556044,0.5042492100046323,True
1000,0.5,119,dml_mult_boot,0.27112908129359414,0.11797000009795627,0.03851024909296941,0.5039423107398745,True
1000,0.5,119,dml_pairs_boot,0.27112908129359414,0.14856389540299128,-0.07805313068418555,0.5342394822361893,True
1000,0.5,120,dml_if,0.5221779479688703,0.10906880103529473,0.3084030979396926,0.735952797998048,True
1000,0.5,120,dml_mult_boot,0.5221779479688703,0.1071374285001994,0.32305379078908836,0.7211533628047728,True
1000,0.5,120,dml_pairs_boot,0.5221779479688703,0.11542181460463109,0.3249609465069389,0.7640534159604107,True
1000,0.5,121,dml_if,0.4447894404808302,0.08091780039454699,0.28619055170751806,0.6033883292541423,True
1000,0.5,121,dml_mult_boot,0.4447894404808302,0.07789232206316576,0.2841475280088512,0.5937948916320167,True
1000,0.5,121,dml_pairs_boot,0.4447894404808302,0.20474244091656416,-0.21825786777891037,0.5678207191322414,True
1000,0.5,122,dml_if,0.37486593879635677,0.09925874313984225,0.18031880224226596,0.5694130753504476,True
1000,0.5,122,dml_mult_boot,0.37486593879635677,0.09647365385226352,0.1907024558410188,0.5739647652410036,True
1000,0.5,122,dml_pairs_boot,0.37486593879635677,0.10624728738285537,0.20743744509662357,0.626786589198798,True
1000,0.5,123,dml_if,0.4128685344060262,0.08753565980030219,0.24129864119743394,0.5844384276146185,True
1000,0.5,123,dml_mult_boot,0.4128685344060262,0.08719363188059326,0.2442026551678095,0.576128216610693,True
1000,0.5,123,dml_pairs_boot,0.4128685344060262,0.09862006476990785,0.224664690326557,0.5714713102517486,True
1000,0.5,124,dml_if,0.45595082637585654,0.09453083413552878,0.27067039147022015,0.641231261281493,True
1000,0.5,124,dml_mult_boot,0.45595082637585654,0.09565949519950567,0.29131895766619675,0.6647768905708309,True
1000,0.5,124,dml_pairs_boot,0.45595082637585654,0.08166683914554773,0.3065092245189931,0.6081420490601216,True
1000,0.5,125,dml_if,0.4533622431065685,0.08480837761584564,0.287137822979511,0.619586663233626,True
1000,0.5,125,dml_mult_boot,0.4533622431065685,0.08374683250631705,0.27355359041771377,0.6068493830010777,True
1000,0.5,125,dml_pairs_boot,0.4533622431065685,0.09606033840623657,0.2899575629206727,0.6547044894089125,True
1000,0.5,126,dml_if,0.43018856824206225,0.08900875029434678,0.25573141766514257,0.604645718818982,True
1000,0.5,126,dml_mult_boot,0.43018856824206225,0.09128162013954694,0.26469700212297376,0.6036697167366153,True
1000,0.5,126,dml_pairs_boot,0.43018856824206225,0.09450389733987948,0.27951565013013524,0.6129044460637382,True
1000,0.5,127,dml_if,0.5092743159540792,0.10642734362878978,0.3006767224416513,0.7178719094665071,True
1000,0.5,127,dml_mult_boot,0.5092743159540792,0.10735664007166602,0.29298047347913186,0.7047893973579095,True
1000,0.5,127,dml_pairs_boot,0.5092743159540792,0.0992801592677041,0.3200339191163935,0.7113516542325644,True
1000,0.5,128,dml_if,0.7293257846773438,0.11305362208076972,0.5077406853990352,0.9509108839556524,False
1000,0.5,128,dml_mult_boot,0.7293257846773438,0.10773243996517975,0.5168455657616466,0.9193669684713904,False
1000,0.5,128,dml_pairs_boot,0.7293257846773438,0.11997299049777675,0.516015369161706,0.946207480326743,False
1000,0.5,129,dml_if,0.6156659065145665,0.08902900474905087,0.44116905720642685,0.7901627558227062,True
1000,0.5,129,dml_mult_boot,0.6156659065145665,0.0899082746669614,0.4370450287843053,0.7868877751625336,True
1000,0.5,129,dml_pairs_boot,0.6156659065145665,0.09833441898527012,0.46406149516357614,0.8156766137413849,True
1000,0.5,130,dml_if,0.442502605425916,0.10240527093124933,0.24178827440066733,0.6432169364511647,True
1000,0.5,130,dml_mult_boot,0.442502605425916,0.10008752385842769,0.23437838376397735,0.632806312079937,True
1000,0.5,130,dml_pairs_boot,0.442502605425916,0.09350072118904909,0.28675261951199127,0.6333084854616887,True
1000,0.5,131,dml_if,0.4358413942923404,0.08629272682898548,0.2667076497075289,0.6049751388771519,True
1000,0.5,131,dml_mult_boot,0.4358413942923404,0.08382466683797059,0.2653467879597959,0.591139284193483,True
1000,0.5,131,dml_pairs_boot,0.4358413942923404,0.1766235728100413,-0.08647625309782775,0.595840441502484,True
1000,0.5,132,dml_if,0.33037550452821535,0.07483198274607278,0.1837048183459127,0.477046190710518,False
1000,0.5,132,dml_mult_boot,0.33037550452821535,0.0750950163319651,0.17948166162761456,0.47397185643565337,False
1000,0.5,132,dml_pairs_boot,0.33037550452821535,0.09741803198748146,0.10927612254132373,0.49769276941269,False
1000,0.5,133,dml_if,0.5606920268772823,0.07711616671805284,0.4095443401098987,0.7118397136446658,True
1000,0.5,133,dml_mult_boot,0.5606920268772823,0.07842080729013795,0.41161080895359103,0.7137085229236657,True
1000,0.5,133,dml_pairs_boot,0.5606920268772823,0.08949671077021114,0.32559637743122866,0.6661965205897247,True
1000,0.5,134,dml_if,0.24148655913005057,0.19351391983051117,-0.13780072373775132,0.6207738419978525,True
1000,0.5,134,dml_mult_boot,0.24148655913005057,0.195424734688811,-0.14125866344675103,0.5944219975926133,True
1000,0.5,134,dml_pairs_boot,0.24148655913005057,0.22064897587368654,-0.24185255457638946,0.6112950952076186,True
1000,0.5,135,dml_if,0.5851986301840225,0.11975190571003957,0.3504848949923449,0.8199123653757001,True
1000,0.5,135,dml_mult_boot,0.5851986301840225,0.11442434860330213,0.36829602454562094,0.7852069911544223,True
1000,0.5,135,dml_pairs_boot,0.5851986301840225,0.10828568839750777,0.3805203039632194,0.8092894216338961,True
1000,0.5,136,dml_if,0.4121587087391368,0.08488693817928405,0.24578030990774005,0.5785371075705336,True
1000,0.5,136,dml_mult_boot,0.4121587087391368,0.08310636647584846,0.26015793780210444,0.564364459106944,True
1000,0.5,136,dml_pairs_boot,0.4121587087391368,0.12838773455403016,0.20130517560207015,0.719008085008287,True
1000,0.5,137,dml_if,0.5634064205997208,0.11538454401402173,0.3372527143322382,0.7895601268672034,True
1000,0.5,137,dml_mult_boot,0.5634064205997208,0.11094856079760125,0.35112024246693496,0.7738187733990751,True
1000,0.5,137,dml_pairs_boot,0.5634064205997208,0.14057450118530418,0.3263672927990472,0.7985961475192855,True
1000,0.5,138,dml_if,0.5330456304392706,0.15032156781899167,0.2384153575140469,0.8276759033644943,True
1000,0.5,138,dml_mult_boot,0.5330456304392706,0.14638907827943326,0.2601035280647649,0.7913888829239849,True
1000,0.5,138,dml_pairs_boot,0.5330456304392706,0.20843136726889977,0.1739034006187195,0.9654243955782709,True
1000,0.5,139,dml_if,0.5415829437514635,0.08218814147935773,0.3804941864519224,0.7026717010510046,True
1000,0.5,139,dml_mult_boot,0.5415829437514635,0.08361711796249406,0.3755663335976882,0.7059478864676587,True
1000,0.5,139,dml_pairs_boot,0.5415829437514635,0.08245899651867097,0.38946467541420365,0.7095267365352449,True
1000,0.5,140,dml_if,0.5198340588076042,0.09931309205293182,0.3251803983838579,0.7144877192313506,True
1000,0.5,140,dml_mult_boot,0.5198340588076042,0.0978715877882317,0.31049863305626296,0.703262030925793,True
1000,0.5,140,dml_pairs_boot,0.5198340588076042,0.09778187545372483,0.2828762882004886,0.6995426624140911,True
1000,0.5,141,dml_if,0.3283821214916086,0.11224621855240938,0.10837953312888624,0.548384709854331,True
1000,0.5,141,dml_mult_boot,0.3283821214916086,0.10839950980870795,0.1259512511579721,0.5260544438345728,True
1000,0.5,141,dml_pairs_boot,0.3283821214916086,0.09010043116833641,0.15953682323134555,0.5002743530338848,True
1000,0.5,142,dml_if,0.4883984067215181,0.0909628515274833,0.3101112177276508,0.6666855957153853,True
1000,0.5,142,dml_mult_boot,0.4883984067215181,0.09480016846059142,0.31945615238873043,0.7038188562892329,True
1000,0.5,142,dml_pairs_boot,0.4883984067215181,0.10299046840837123,0.339383601173994,0.7071817882637,True
1000,0.5,143,dml_if,0.39908226161895066,0.10715343113061437,0.1890615366029465,0.6091029866349549,True
1000,0.5,143,dml_mult_boot,0.39908226161895066,0.10878691757100281,0.19627835918097858,0.6196533163829776,True
1000,0.5,143,dml_pairs_boot,0.39908226161895066,0.12456469107696264,0.11794422859056297,0.5525744150302415,True
1000,0.5,144,dml_if,0.4494688107160528,0.09668492832437767,0.25996635120027256,0.6389712702318331,True
1000,0.5,144,dml_mult_boot,0.4494688107160528,0.09522359055945853,0.26498243742307886,0.6306578238110326,True
1000,0.5,144,dml_pairs_boot,0.4494688107160528,0.09602326081722563,0.24394160391385705,0.628735001423167,True
1000,0.5,145,dml_if,0.469495443521738,0.09481318992755496,0.28366159126373025,0.6553292957797457,True
1000,0.5,145,dml_mult_boot,0.469495443521738,0.09544522163379397,0.29507359575823516,0.6577845014378184,True
1000,0.5,145,dml_pairs_boot,0.469495443521738,0.09595815598514244,0.33667132146316586,0.6867112347554628,True
1000,0.5,146,dml_if,0.4388518696860922,0.20316785043197447,0.040642882839422245,0.8370608565327622,True
1000,0.5,146,dml_mult_boot,0.4388518696860922,0.2011813856488939,0.07192423538886288,0.8066642618579539,True
1000,0.5,146,dml_pairs_boot,0.4388518696860922,0.217615442571222,0.12148705172984604,0.9655782233012515,True
1000,0.5,147,dml_if,0.5014703750151677,0.11818480552995837,0.2698281561764493,0.733112593853886,True
1000,0.5,147,dml_mult_boot,0.5014703750151677,0.11879989189394143,0.28193003162132013,0.7327262621550216,True
1000,0.5,147,dml_pairs_boot,0.5014703750151677,0.13665420519988467,0.18765229636711045,0.6908533092854157,True
1000,0.5,148,dml_if,0.32189498265379085,0.08865126047879343,0.14813851211535572,0.495651453192226,False
1000,0.5,148,dml_mult_boot,0.32189498265379085,0.08511435572601102,0.1651110943543492,0.49577856341273113,False
1000,0.5,148,dml_pairs_boot,0.32189498265379085,0.08857804686750212,0.18372012441102983,0.5041307251284447,True
1000,0.5,149,dml_if,0.44098166979216014,0.1279217042861914,0.19025512939122502,0.6917082101930953,True
1000,0.5,149,dml_mult_boot,0.44098166979216014,0.12813750266733853,0.19477289837379078,0.6954531087089044,True
1000,0.5,149,dml_pairs_boot,0.44098166979216014,0.12862709350144413,0.17444720246475584,0.6529360930362202,True
1000,0.5,150,dml_if,0.5200400373914524,0.11499450877345763,0.2946508001954755,0.7454292745874294,True
1000,0.5,150,dml_mult_boot,0.5200400373914524,0.11727296124541302,0.2918714796437,0.736139928109365,True
1000,0.5,150,dml_pairs_boot,0.5200400373914524,0.113956753666882,0.33246405192198736,0.7467398018098305,True
1000,0.5,151,dml_if,0.47547315094083215,0.09043169988972549,0.2982270191569702,0.6527192827246941,True
1000,0.5,151,dml_mult_boot,0.47547315094083215,0.09117920311381994,0.3013685140370263,0.6481403185792665,True
1000,0.5,151,dml_pairs_boot,0.47547315094083215,0.10051497374090038,0.28439296695769634,0.6550590773090288,True
1000,0.5,152,dml_if,0.6305555901454745,0.09750870023886551,0.43943853767729807,0.8216726426136509,True
1000,0.5,152,dml_mult_boot,0.6305555901454745,0.09944037098129516,0.4386101556422174,0.8183106090429009,True
1000,0.5,152,dml_pairs_boot,0.6305555901454745,0.15931840956097282,0.4008503790324409,1.0367839268953805,True
1000,0.5,153,dml_if,0.3978931675523829,0.11914787193284382,0.16436333856400903,0.6314229965407567,True
1000,0.5,153,dml_mult_boot,0.3978931675523829,0.1214617455681762,0.1511873967568448,0.6317971012224675,True
1000,0.5,153,dml_pairs_boot,0.3978931675523829,0.12280237417847441,0.18397878925099723,0.6186520154230175,True
1000,0.5,154,dml_if,0.3785030008249963,0.07197294573275113,0.2374360271888041,0.5195699744611886,True
1000,0.5,154,dml_mult_boot,0.3785030008249963,0.07157106554125325,0.2373702854533157,0.5133315587442244,True
1000,0.5,154,dml_pairs_boot,0.3785030008249963,0.0809857686968253,0.2429043058440474,0.5499569237057049,True
1000,0.5,155,dml_if,0.5509132067405899,0.10064431094927145,0.3536503572800178,0.7481760562011619,True
1000,0.5,155,dml_mult_boot,0.5509132067405899,0.09725505816616457,0.36973916488600556,0.7442185497101717,True
1000,0.5,155,dml_pairs_boot,0.5509132067405899,0.11414477967989103,0.42630408548234455,0.824263420998592,True
1000,0.5,156,dml_if,0.42710234236788014,0.08671813604621686,0.2571347957172951,0.5970698890184651,True
1000,0.5,156,dml_mult_boot,0.42710234236788014,0.0872977860442417,0.2608083819138735,0.5907585047873286,True
1000,0.5,156,dml_pairs_boot,0.42710234236788014,0.08369193876744682,0.23565412162456556,0.5532533615828857,True
1000,0.5,157,dml_if,0.6466443136254623,0.14142670825704734,0.3694479654416495,0.923840661809275,True
1000,0.5,157,dml_mult_boot,0.6466443136254623,0.14243109445151966,0.3859408687539052,0.9244247127457752,True
1000,0.5,157,dml_pairs_boot,0.6466443136254623,0.09239733352176387,0.42007170176486186,0.8073163941160343,True
1000,0.5,158,dml_if,0.45137171571819895,0.09891289149836739,0.2575024483813989,0.645240983054999,True
1000,0.5,158,dml_mult_boot,0.45137171571819895,0.10090560613218909,0.2519720836184455,0.6451404301461724,True
1000,0.5,158,dml_pairs_boot,0.45137171571819895,0.09406156496305369,0.2910344314095485,0.62202024408327,True
1000,0.5,159,dml_if,0.49802894965162736,0.07780629557261215,0.34552861032930754,0.6505292889739471,True
1000,0.5,159,dml_mult_boot,0.49802894965162736,0.07465608758174744,0.35629236545560516,0.6397441672389934,True
1000,0.5,159,dml_pairs_boot,0.49802894965162736,0.0808557832286886,0.3349123786633497,0.6325296511910111,True
1000,0.5,160,dml_if,0.7741191744082425,0.11116442114745718,0.5562369089592265,0.9920014398572585,False
1000,0.5,160,dml_mult_boot,0.7741191744082425,0.10672800077785655,0.5864198621277306,0.979849358027801,False
1000,0.5,160,dml_pairs_boot,0.7741191744082425,0.10478621494047466,0.5272349606271375,0.9298725228905814,False
1000,0.5,161,dml_if,0.40714347744313795,0.09205094184350733,0.22672363142986357,0.5875633234564124,True
1000,0.5,161,dml_mult_boot,0.40714347744313795,0.09268302001625059,0.2271054710544403,0.570996375484112,True
1000,0.5,161,dml_pairs_boot,0.40714347744313795,0.10064410128373177,0.18359390124035638,0.5750934649750614,True
1000,0.5,162,dml_if,0.464252861216337,0.08494667798006178,0.29775737237541594,0.6307483500572582,True
1000,0.5,162,dml_mult_boot,0.464252861216337,0.08338233014298083,0.3034287935904259,0.6322125790993073,True
1000,0.5,162,dml_pairs_boot,0.464252861216337,0.07658655794685358,0.30023840185187417,0.6063666678359071,True
1000,0.5,163,dml_if,0.4693104754294991,0.09116025205271078,0.290636381406186,0.6479845694528122,True
1000,0.5,163,dml_mult_boot,0.4693104754294991,0.0923342093033467,0.3067763204926537,0.6427537579972852,True
1000,0.5,163,dml_pairs_boot,0.4693104754294991,0.11440499477863399,0.1570324444701634,0.6032904623863683,True
1000,0.5,164,dml_if,0.40696049239792226,0.11865713466485989,0.1743925084547969,0.6395284763410476,True
1000,0.5,164,dml_mult_boot,0.40696049239792226,0.10988578734691,0.20425847642635986,0.6206537406777591,True
1000,0.5,164,dml_pairs_boot,0.40696049239792226,0.14078881374793778,0.09965542792874821,0.6425354283229271,True
1000,0.5,165,dml_if,0.5699178276010248,0.08860972581511815,0.3962427650033933,0.7435928901986564,True
1000,0.5,165,dml_mult_boot,0.5699178276010248,0.09193186314081604,0.36537328070411657,0.7418221732016801,True
1000,0.5,165,dml_pairs_boot,0.5699178276010248,0.0932680793206821,0.4051356801833808,0.7551380846523781,True
1000,0.5,166,dml_if,0.512148973469315,0.1199365174322123,0.2770733993021789,0.7472245476364511,True
1000,0.5,166,dml_mult_boot,0.512148973469315,0.12072575825147527,0.28655891520389914,0.7349059759390485,True
1000,0.5,166,dml_pairs_boot,0.512148973469315,0.12173449201896162,0.27182297892056434,0.6984110572818684,True
1000,0.5,167,dml_if,0.5917716412062723,0.09008738158446587,0.41520037330071924,0.7683429091118255,True
1000,0.5,167,dml_mult_boot,0.5917716412062723,0.08669017502873061,0.4371726211688706,0.752140100278462,True
1000,0.5,167,dml_pairs_boot,0.5917716412062723,0.09323333543215973,0.36952007745299403,0.7529457063457444,True
1000,0.5,168,dml_if,0.5543050481005153,0.0881356281662645,0.3815592168946369,0.7270508793063937,True
1000,0.5,168,dml_mult_boot,0.5543050481005153,0.08431003815460655,0.3946540426483061,0.704761715571716,True
1000,0.5,168,dml_pairs_boot,0.5543050481005153,0.1279112106737413,0.3165296134934845,0.8195655269775833,True
1000,0.5,169,dml_if,0.627558424151228,0.08709170774136271,0.4568586769781571,0.7982581713242989,True
1000,0.5,169,dml_mult_boot,0.627558424151228,0.0884834249881856,0.4413228583804764,0.78413916347582,True
1000,0.5,169,dml_pairs_boot,0.627558424151228,0.08422152826905255,0.4972633823182865,0.835672879368646,True
1000,0.5,170,dml_if,0.41784870540204294,0.08171727955092802,0.25768283748222404,0.5780145733218618,True
1000,0.5,170,dml_mult_boot,0.41784870540204294,0.08218858060332024,0.26450971990372524,0.5793809223409543,True
1000,0.5,170,dml_pairs_boot,0.41784870540204294,0.08876103247795869,0.2796759307441636,0.5757926600751271,True
1000,0.5,171,dml_if,0.5249018415534493,0.08115073517943636,0.3658464006017541,0.6839572825051445,True
1000,0.5,171,dml_mult_boot,0.5249018415534493,0.0786390023506307,0.3670137987453536,0.6797356943419657,True
1000,0.5,171,dml_pairs_boot,0.5249018415534493,0.10014796844466067,0.2555720378972043,0.6267972470673102,True
1000,0.5,172,dml_if,0.5320378413369362,0.08709248667692007,0.36133656745017284,0.7027391152236996,True
1000,0.5,172,dml_mult_boot,0.5320378413369362,0.086348815380979,0.37320793074662073,0.6989663863837192,True
1000,0.5,172,dml_pairs_boot,0.5320378413369362,0.09572965241787681,0.37060635716095,0.7331071653247031,True
1000,0.5,173,dml_if,0.6766142752998494,0.07709743614350091,0.5255033004585876,0.8277252501411112,False
1000,0.5,173,dml_mult_boot,0.6766142752998494,0.07604662577160068,0.5190487298181268,0.8155998148667645,False
1000,0.5,173,dml_pairs_boot,0.6766142752998494,0.09558303851338118,0.4898473450226171,0.8132150343062002,True
1000,0.5,174,dml_if,0.35448723503282964,0.10372494009186753,0.1511863524527693,0.55778811761289,True
1000,0.5,174,dml_mult_boot,0.35448723503282964,0.10085550439488748,0.17232891529176841,0.5552515461486968,True
1000,0.5,174,dml_pairs_boot,0.35448723503282964,0.1090117239474067,0.20474510908292498,0.6037012616214353,True
1000,0.5,175,dml_if,0.6430497710614641,0.08348999446687631,0.47940938190638654,0.8066901602165417,True
1000,0.5,175,dml_mult_boot,0.6430497710614641,0.08653782436709821,0.4730750655861989,0.8022097663688732,True
1000,0.5,175,dml_pairs_boot,0.6430497710614641,0.1668521789504762,0.5538771082729662,1.1578300776397892,False
1000,0.5,176,dml_if,0.503738668633626,0.09039857906125968,0.32655745367355704,0.680919883593695,True
1000,0.5,176,dml_mult_boot,0.503738668633626,0.08901903739556781,0.33029882485729484,0.681261131171637,True
1000,0.5,176,dml_pairs_boot,0.503738668633626,0.08441122129812251,0.40536614629560647,0.7451831542611148,True
1000,0.5,177,dml_if,0.2209766405572094,0.12035806758698366,-0.014925171913278579,0.45687845302769736,False
1000,0.5,177,dml_mult_boot,0.2209766405572094,0.12545122890164137,-0.026150797496866662,0.46147094486960416,False
1000,0.5,177,dml_pairs_boot,0.2209766405572094,0.17295176162533282,-0.11620346827009703,0.4644484277048972,False
1000,0.5,178,dml_if,0.378765597522083,0.11274348848217484,0.1577883600970203,0.5997428349471456,True
1000,0.5,178,dml_mult_boot,0.378765597522083,0.11211832325269576,0.14904980673097165,0.6057286456082044,True
1000,0.5,178,dml_pairs_boot,0.378765597522083,0.11281544528487751,0.18183403120937472,0.5915267220651677,True
1000,0.5,179,dml_if,0.7145647614025985,0.11504220227587542,0.4890820449418827,0.9400474778633143,True
1000,0.5,179,dml_mult_boot,0.7145647614025985,0.11745300071208316,0.4945500692417158,0.9358777365652718,True
1000,0.5,179,dml_pairs_boot,0.7145647614025985,0.11640771405704116,0.4797753762521164,0.9333476533362983,True
1000,0.5,180,dml_if,0.4678654477569993,0.1292295579053401,0.21457551426253269,0.7211553812514659,True
1000,0.5,180,dml_mult_boot,0.4678654477569993,0.13094520565884002,0.21559694235186116,0.7171389514312642,True
1000,0.5,180,dml_pairs_boot,0.4678654477569993,0.139854867960793,0.25156514619430514,0.8197073215617707,True
1000,0.5,181,dml_if,0.49867540700800034,0.07941111237990477,0.343029626743387,0.6543211872726137,True
1000,0.5,181,dml_mult_boot,0.49867540700800034,0.07660303094383455,0.3471081204199416,0.6533468888804517,True
1000,0.5,181,dml_pairs_boot,0.49867540700800034,0.08528972199113094,0.3342361031802818,0.64787400024963,True
1000,0.5,182,dml_if,0.41271517031241806,0.13856875556378703,0.14112040940739545,0.6843099312174407,True
1000,0.5,182,dml_mult_boot,0.41271517031241806,0.14509098712560287,0.14253517737909166,0.6824179434281048,True
1000,0.5,182,dml_pairs_boot,0.41271517031241806,0.16032149350911445,0.04711017185141109,0.6320058256168465,True
1000,0.5,183,dml_if,0.5131557113980773,0.11806224425423587,0.281753712659775,0.7445577101363795,True
1000,0.5,183,dml_mult_boot,0.5131557113980773,0.12048986471994251,0.2882733772707475,0.7538642732649502,True
1000,0.5,183,dml_pairs_boot,0.5131557113980773,0.11970746504271759,0.26831113539833135,0.7391176504786917,True
1000,0.5,184,dml_if,0.49954828711981597,0.10958967408134072,0.28475252592038813,0.7143440483192438,True
1000,0.5,184,dml_mult_boot,0.49954828711981597,0.11058426258413642,0.28221575861218395,0.7118705900151528,True
1000,0.5,184,dml_pairs_boot,0.49954828711981597,0.09864300259806993,0.34907452824590934,0.748333794869188,True
1000,0.5,185,dml_if,0.37780617606703676,0.11019672767859945,0.16182058981698183,0.5937917623170916,True
1000,0.5,185,dml_mult_boot,0.37780617606703676,0.11021771400794891,0.15103604535116494,0.5927753732286818,True
1000,0.5,185,dml_pairs_boot,0.37780617606703676,0.12011627038539005,0.14707387183555035,0.5848709515944969,True
1000,0.5,186,dml_if,0.5260189155320906,0.11342781924463931,0.3037003898125975,0.7483374412515836,True
1000,0.5,186,dml_mult_boot,0.5260189155320906,0.1109208719213903,0.31272403446736047,0.7431675236450407,True
1000,0.5,186,dml_pairs_boot,0.5260189155320906,0.10260495638229704,0.3815619046007862,0.763723324326699,True
1000,0.5,187,dml_if,0.4260219470647757,0.1413658783049744,0.14894482558702588,0.7030990685425256,True
1000,0.5,187,dml_mult_boot,0.4260219470647757,0.1440013774497678,0.15567837592105327,0.6697892413186762,True
1000,0.5,187,dml_pairs_boot,0.4260219470647757,0.1680853142038812,0.054425052578968944,0.6377264113563786,True
1000,0.5,188,dml_if,0.48527212501752015,0.11129224587687181,0.2671393230988514,0.7034049269361888,True
1000,0.5,188,dml_mult_boot,0.48527212501752015,0.11550639152486226,0.26954088617784716,0.688574234245241,True
1000,0.5,188,dml_pairs_boot,0.48527212501752015,0.16071125783736598,0.27785735579815357,0.8267993589549526,True
1000,0.5,189,dml_if,0.4433533559999462,0.10778653709393818,0.23209174329582735,0.654614968704065,True
1000,0.5,189,dml_mult_boot,0.4433533559999462,0.10692975604880582,0.2189674845345978,0.6505860896531246,True
1000,0.5,189,dml_pairs_boot,0.4433533559999462,0.11812562492748256,0.23959195021300794,0.6817107151342081,True
1000,0.5,190,dml_if,0.49729785137257954,0.1026853231272165,0.2960346180432352,0.6985610847019239,True
1000,0.5,190,dml_mult_boot,0.49729785137257954,0.10433144044513044,0.2995262215429723,0.7014005388631529,True
1000,0.5,190,dml_pairs_boot,0.49729785137257954,0.1411135234096763,0.26072450411292497,0.7192875032888102,True
1000,0.5,191,dml_if,0.6447004772390453,0.07636233095215482,0.49503030857282193,0.7943706459052687,True
1000,0.5,191,dml_mult_boot,0.6447004772390453,0.07489882565581342,0.5118084036530524,0.7865890607664204,False
1000,0.5,191,dml_pairs_boot,0.6447004772390453,0.09415120148235481,0.47697229618563747,0.8461894921869154,True
1000,0.5,192,dml_if,0.4334327552383807,0.194698702226119,0.05182329887518744,0.815042211601574,True
1000,0.5,192,dml_mult_boot,0.4334327552383807,0.19195350505136458,0.07923773826489248,0.7922449941924177,True
1000,0.5,192,dml_pairs_boot,0.4334327552383807,0.17651461838895577,0.12023807752749768,0.7636028513584828,True
1000,0.5,193,dml_if,0.40996925448659377,0.1692735192127828,0.07819315682953948,0.7417453521436481,True
1000,0.5,193,dml_mult_boot,0.40996925448659377,0.16737965343454234,0.10314406137750266,0.7055467377784517,True
1000,0.5,193,dml_pairs_boot,0.40996925448659377,0.1779568223606363,0.18441049402695686,0.9148791015178843,True
1000,0.5,194,dml_if,0.5487919046956933,0.10946515608838045,0.3342401987624676,0.763343610628919,True
1000,0.5,194,dml_mult_boot,0.5487919046956933,0.1145093738051338,0.33081388416188034,0.7828572043011803,True
1000,0.5,194,dml_pairs_boot,0.5487919046956933,0.11697569175883435,0.33354479365107764,0.715009937898457,True
1000,0.5,195,dml_if,0.4686907035769684,0.11546851709814382,0.24237241006460652,0.6950089970893303,True
1000,0.5,195,dml_mult_boot,0.4686907035769684,0.11623123913450298,0.26094149350069473,0.7123483788951597,True
1000,0.5,195,dml_pairs_boot,0.4686907035769684,0.11531165825634679,0.22025623674475425,0.6512783999499274,True
1000,0.5,196,dml_if,0.6505581410748763,0.08689342181459615,0.4802470343182679,0.8208692478314847,True
1000,0.5,196,dml_mult_boot,0.6505581410748763,0.08526473216707564,0.47731086041326903,0.806462835056939,True
1000,0.5,196,dml_pairs_boot,0.6505581410748763,0.13796973471194243,0.48174441389740197,0.8974648410744911,True
1000,0.5,197,dml_if,0.4427571931680395,0.08616312419642612,0.27387746974304433,0.6116369165930347,True
1000,0.5,197,dml_mult_boot,0.4427571931680395,0.08558243381168383,0.2790930498186832,0.6015342166922468,True
1000,0.5,197,dml_pairs_boot,0.4427571931680395,0.1083624554646175,0.16851307321887266,0.6180379405470939,True
1000,0.5,198,dml_if,0.2793430264394311,0.13108470146446236,0.022417011569084877,0.5362690413097773,True
1000,0.5,198,dml_mult_boot,0.2793430264394311,0.13843760039654338,0.007434539532108226,0.5310507257380103,True
1000,0.5,198,dml_pairs_boot,0.2793430264394311,0.12478681551173806,0.06825029217440398,0.5561732771233352,True
1000,0.5,199,dml_if,0.5331190563043845,0.08444118916407317,0.36761432554280105,0.698623787065968,True
1000,0.5,199,dml_mult_boot,0.5331190563043845,0.08290825141732035,0.3788669015470229,0.696009377272702,True
1000,0.5,199,dml_pairs_boot,0.5331190563043845,0.0926311649119788,0.3967270969760921,0.7164238564338293,True
2000,0.0,0,dml_if,0.06764807557066836,0.06032092334456111,-0.05058093418467141,0.18587708532600813,True
2000,0.0,0,dml_mult_boot,0.06764807557066836,0.05914022544830347,-0.051160512260911555,0.17549017769660089,True
2000,0.0,0,dml_pairs_boot,0.06764807557066836,0.05046106125641937,-0.026335071813985055,0.17494373911081915,True
2000,0.0,1,dml_if,-0.011332345496404916,0.07219571735075458,-0.1528359515038839,0.13017126051107408,True
2000,0.0,1,dml_mult_boot,-0.011332345496404916,0.07290897730754925,-0.14675725311042725,0.13508276361451269,True
2000,0.0,1,dml_pairs_boot,-0.011332345496404916,0.0760567841919176,-0.18848997054949587,0.14021647748206173,True
2000,0.0,2,dml_if,0.07116802667058944,0.07051615431331233,-0.06704363578350273,0.2093796891246816,True
2000,0.0,2,dml_mult_boot,0.07116802667058944,0.0710791456231292,-0.06975131312580773,0.1888852554777462,True
2000,0.0,2,dml_pairs_boot,0.07116802667058944,0.06445830484693786,-0.06853453589052913,0.18487844560020486,True
2000,0.0,3,dml_if,-0.04199723542270192,0.0792895488280019,-0.19740475112558564,0.1134102802801818,True
2000,0.0,3,dml_mult_boot,-0.04199723542270192,0.07886851151493825,-0.19279672921332291,0.11681365325755895,True
2000,0.0,3,dml_pairs_boot,-0.04199723542270192,0.0961309579750711,-0.1636405641034359,0.19705231769114648,True
2000,0.0,4,dml_if,0.009451607244437426,0.055517322864631874,-0.09936234557024104,0.1182655600591159,True
2000,0.0,4,dml_mult_boot,0.009451607244437426,0.056036480605046304,-0.0942459299641389,0.11594467684026886,True
2000,0.0,4,dml_pairs_boot,0.009451607244437426,0.061324962384944226,-0.09354091815845386,0.1267020919045537,True
2000,0.0,5,dml_if,-0.08627264013149352,0.10612459160814748,-0.2942768396834626,0.12173155942047553,True
2000,0.0,5,dml_mult_boot,-0.08627264013149352,0.1097198260860669,-0.2875289861040736,0.11249303445510625,True
2000,0.0,5,dml_pairs_boot,-0.08627264013149352,0.09411465144966087,-0.23925593579297286,0.09576196367564924,True
2000,0.0,6,dml_if,0.003080332778034922,0.09531069649771244,-0.18372863235748144,0.1898892979135513,True
2000,0.0,6,dml_mult_boot,0.003080332778034922,0.09516033657701412,-0.16890567578798424,0.16844286703044706,True
2000,0.0,6,dml_pairs_boot,0.003080332778034922,0.08290386988438969,-0.1456790912794916,0.1745464728426605,True
2000,0.0,7,dml_if,-0.01723400224858073,0.06153888686143656,-0.13785022049699638,0.10338221599983494,True
2000,0.0,7,dml_mult_boot,-0.01723400224858073,0.05831023300997317,-0.12432945533267627,0.10199836488818785,True
2000,0.0,7,dml_pairs_boot,-0.01723400224858073,0.06488645400049292,-0.14033247603786841,0.09491445652241959,True
2000,0.0,8,dml_if,-0.06887814615697148,0.06952894356716213,-0.20515487554860928,0.06739858323466631,True
2000,0.0,8,dml_mult_boot,-0.06887814615697148,0.06904667450258307,-0.20961709100139653,0.07440611862878062,True
2000,0.0,8,dml_pairs_boot,-0.06887814615697148,0.07357468093325369,-0.18473832708784121,0.09119001335838584,True
2000,0.0,9,dml_if,0.02930060360044123,0.06433544875372248,-0.09679687595685482,0.1553980831577373,True
2000,0.0,9,dml_mult_boot,0.02930060360044123,0.06724469482259494,-0.09621525511432098,0.17629225086529826,True
2000,0.0,9,dml_pairs_boot,0.02930060360044123,0.07119534531637915,-0.1368790327879999,0.16116140392767608,True
2000,0.0,10,dml_if,-0.014716707438176005,0.05736539651857164,-0.1271528846145764,0.09771946973822442,True
2000,0.0,10,dml_mult_boot,-0.014716707438176005,0.05727163446963974,-0.1368194767511802,0.09618205259328508,True
2000,0.0,10,dml_pairs_boot,-0.014716707438176005,0.0598428156756386,-0.13274795237646209,0.08658045693007256,True
2000,0.0,11,dml_if,0.028354479716535087,0.06483917468232252,-0.09873030266081705,0.15543926209388723,True
2000,0.0,11,dml_mult_boot,0.028354479716535087,0.06736582566571803,-0.10150272710460095,0.16068293140663276,True
2000,0.0,11,dml_pairs_boot,0.028354479716535087,0.05753793048141562,-0.08770423017044682,0.1463512558173198,True
2000,0.0,12,dml_if,-0.10194984774088868,0.07708717364336036,-0.253040708081875,0.049141012600097636,True
2000,0.0,12,dml_mult_boot,-0.10194984774088868,0.07950732307921515,-0.2579831359071591,0.04898026229663286,True
2000,0.0,12,dml_pairs_boot,-0.10194984774088868,0.07396370708820288,-0.2456132556456998,0.03755142519618057,True
2000,0.0,13,dml_if,-0.0617837778708506,0.06927705970438902,-0.19756681489145309,0.07399925914975189,True
2000,0.0,13,dml_mult_boot,-0.0617837778708506,0.0707826512417136,-0.20838395741072838,0.07337913735724107,True
2000,0.0,13,dml_pairs_boot,-0.0617837778708506,0.06746689374012056,-0.17198109979141804,0.07795401039365359,True
2000,0.0,14,dml_if,0.04043483116267021,0.06658648976356997,-0.09007468877392694,0.17094435109926737,True
2000,0.0,14,dml_mult_boot,0.04043483116267021,0.06377136354444116,-0.08617503482604931,0.15785483914832804,True
2000,0.0,14,dml_pairs_boot,0.04043483116267021,0.06602546330558154,-0.09566649839159236,0.1719484416738036,True
2000,0.0,15,dml_if,0.05689691247320741,0.0772639373659798,-0.09454040476411302,0.20833422971052784,True
2000,0.0,15,dml_mult_boot,0.05689691247320741,0.07860524067416653,-0.1126621118584013,0.20071267169190626,True
2000,0.0,15,dml_pairs_boot,0.05689691247320741,0.07609305200337071,-0.07311790310914829,0.2198009637170259,True
2000,0.0,16,dml_if,-0.16005781369710562,0.09353967677883489,-0.343395580183622,0.02327995278941075,True
2000,0.0,16,dml_mult_boot,-0.16005781369710562,0.09233124560153438,-0.3455655264544995,0.0015626194643301545,True
2000,0.0,16,dml_pairs_boot,-0.16005781369710562,0.09221536860681057,-0.3427948951320568,0.018364347700230366,True
2000,0.0,17,dml_if,0.02226849084694816,0.06114697111890228,-0.09757957254610031,0.1421165542399966,True
2000,0.0,17,dml_mult_boot,0.02226849084694816,0.05862858099669139,-0.09204779877082651,0.13120100982100158,True
2000,0.0,17,dml_pairs_boot,0.02226849084694816,0.06694923533265372,-0.1426778365085881,0.10440072408602452,True
2000,0.0,18,dml_if,0.07651288074430652,0.05305696842709252,-0.027478777372794805,0.18050453886140785,True
2000,0.0,18,dml_mult_boot,0.07651288074430652,0.05527201227135625,-0.023751083581454606,0.1890522433159235,True
2000,0.0,18,dml_pairs_boot,0.07651288074430652,0.06179589173723288,-0.030066245514905818,0.19376635550093788,True
2000,0.0,19,dml_if,-0.1308569953708299,0.08004340501378168,-0.28774206919784195,0.026028078456182185,True
2000,0.0,19,dml_mult_boot,-0.1308569953708299,0.07636407622009596,-0.27778635540126995,0.011421289458273722,True
2000,0.0,19,dml_pairs_boot,-0.1308569953708299,0.07340980359730379,-0.27469885730223437,0.01860405439745899,True
2000,0.0,20,dml_if,-0.14685742496759172,0.06897350200224783,-0.28204548889199743,-0.011669361043185972,False
2000,0.0,20,dml_mult_boot,-0.14685742496759172,0.06670298482502926,-0.27549030669491975,-0.02025246210995445,False
2000,0.0,20,dml_pairs_boot,-0.14685742496759172,0.062147408566582546,-0.2634039776593385,-0.018991322231513744,False
2000,0.0,21,dml_if,0.035549443308325865,0.0898628849006724,-0.14058181109699203,0.21168069771364378,True
2000,0.0,21,dml_mult_boot,0.035549443308325865,0.0935780180735781,-0.1325615970311458,0.22867293077000816,True
2000,0.0,21,dml_pairs_boot,0.035549443308325865,0.07990190088173545,-0.11319716198496342,0.16991678426750176,True
2000,0.0,22,dml_if,-0.0037946297390698616,0.06610154405777488,-0.13335365609230862,0.1257643966141689,True
2000,0.0,22,dml_mult_boot,-0.0037946297390698616,0.0639190889412541,-0.13076221629600382,0.12032769629537417,True
2000,0.0,22,dml_pairs_boot,-0.0037946297390698616,0.06950772992838755,-0.14060151295629209,0.12459525385396197,True
2000,0.0,23,dml_if,0.060611266575055514,0.05216924231772278,-0.041640448367681146,0.16286298151779216,True
2000,0.0,23,dml_mult_boot,0.060611266575055514,0.0519756261533435,-0.04053428472907814,0.15963365350054376,True
2000,0.0,23,dml_pairs_boot,0.060611266575055514,0.05303146242951868,-0.0375682853325355,0.16146409022493788,True
2000,0.0,24,dml_if,0.1297775983839962,0.07034655113053004,-0.00810164183184267,0.267656838599835,True
2000,0.0,24,dml_mult_boot,0.1297775983839962,0.06839897872366292,0.0060478761651754625,0.27709542746708704,False
2000,0.0,24,dml_pairs_boot,0.1297775983839962,0.06346990820506333,0.022878093818536033,0.24345607166335176,False
2000,0.0,25,dml_if,-0.04716490240404848,0.0600011427069892,-0.1647671421097473,0.07043733730165036,True
2000,0.0,25,dml_mult_boot,-0.04716490240404848,0.058156283820939084,-0.16254955199259785,0.0651828495533643,True
2000,0.0,25,dml_pairs_boot,-0.04716490240404848,0.07375548904595125,-0.19197616952552715,0.081311785279015,True
2000,0.0,26,dml_if,0.025163597688184824,0.057236583889775296,-0.08702010673577475,0.1373473021121444,True
2000,0.0,26,dml_mult_boot,0.025163597688184824,0.058756558943642095,-0.08997771785150284,0.13297108338305336,True
2000,0.0,26,dml_pairs_boot,0.025163597688184824,0.05589295897245276,-0.08201534210038756,0.12161648038891491,True
2000,0.0,27,dml_if,-0.02965478852189783,0.09487860552108418,-0.2156168553432228,0.15630727829942717,True
2000,0.0,27,dml_mult_boot,-0.02965478852189783,0.09390550639463553,-0.20766464640463375,0.14722960871144522,True
2000,0.0,27,dml_pairs_boot,-0.02965478852189783,0.09542531531224234,-0.2226557479503708,0.1620642810754951,True
2000,0.0,28,dml_if,-0.10949600895301521,0.06362340922109289,-0.23419789102635727,0.01520587312032684,True
2000,0.0,28,dml_mult_boot,-0.10949600895301521,0.06282606559607927,-0.23409295138540082,0.014441246097147947,True
2000,0.0,28,dml_pairs_boot,-0.10949600895301521,0.07399053791942944,-0.2647336888494705,0.009069074253925922,True
2000,0.0,29,dml_if,0.01020132736065296,0.07268379127107533,-0.13225890353065467,0.1526615582519606,True
2000,0.0,29,dml_mult_boot,0.01020132736065296,0.07717265737286653,-0.15029906953808161,0.15879187167519818,True
2000,0.0,29,dml_pairs_boot,0.01020132736065296,0.06899725813765557,-0.14304973249063374,0.12641731418622612,True
2000,0.0,30,dml_if,-0.006213462906275318,0.06128231557075445,-0.12632680142495403,0.11389987561240339,True
2000,0.0,30,dml_mult_boot,-0.006213462906275318,0.06323623514912552,-0.13467691420911637,0.11263575340141141,True
2000,0.0,30,dml_pairs_boot,-0.006213462906275318,0.07090472259108473,-0.13387569033455213,0.12746750997396006,True
2000,0.0,31,dml_if,0.007955284330928358,0.06508197296461703,-0.119605382679721,0.1355159513415777,True
2000,0.0,31,dml_mult_boot,0.007955284330928358,0.06397387843410669,-0.1225519083371011,0.12317253539651878,True
2000,0.0,31,dml_pairs_boot,0.007955284330928358,0.06985599473781377,-0.1451223294166647,0.11834848596872545,True
2000,0.0,32,dml_if,-0.13488979841016874,0.08880075996525415,-0.3089392879420669,0.0391596911217294,True
2000,0.0,32,dml_mult_boot,-0.13488979841016874,0.08560415822753618,-0.29819787904562006,0.03704602580675639,True
2000,0.0,32,dml_pairs_boot,-0.13488979841016874,0.07970728226869771,-0.29244963024331844,0.018560787212085775,True
2000,0.0,33,dml_if,-0.023512929749467695,0.06311066190108655,-0.14720982707559732,0.10018396757666194,True
2000,0.0,33,dml_mult_boot,-0.023512929749467695,0.06377941556867693,-0.15445039574911157,0.09980701919017447,True
2000,0.0,33,dml_pairs_boot,-0.023512929749467695,0.07478607052168113,-0.18750582393779552,0.10322560050430361,True
2000,0.0,34,dml_if,0.0897865394447772,0.08175603390357497,-0.07045528700622973,0.25002836589578414,True
2000,0.0,34,dml_mult_boot,0.0897865394447772,0.0803692606846946,-0.07381878011197758,0.24461912767386698,True
2000,0.0,34,dml_pairs_boot,0.0897865394447772,0.08297969981328084,-0.05984814207656865,0.2546319186681321,True
2000,0.0,35,dml_if,0.013391360673029894,0.06891143787830666,-0.12167505756845115,0.14845777891451095,True
2000,0.0,35,dml_mult_boot,0.013391360673029894,0.07001717841786949,-0.1270451621512944,0.14513567477180594,True
2000,0.0,35,dml_pairs_boot,0.013391360673029894,0.08054805276196213,-0.13474072630913955,0.20069208778240996,True
2000,0.0,36,dml_if,-0.17545047761783603,0.07547026544221024,-0.32337219788456806,-0.027528757351103966,False
2000,0.0,36,dml_mult_boot,-0.17545047761783603,0.07412272274714513,-0.3221247809592723,-0.02732853663146243,False
2000,0.0,36,dml_pairs_boot,-0.17545047761783603,0.08241124665517006,-0.3189707209685281,0.0008708348958303171,True
2000,0.0,37,dml_if,0.019547079975417554,0.07588630379385526,-0.12919007546053876,0.16828423541137386,True
2000,0.0,37,dml_mult_boot,0.019547079975417554,0.07326286646441439,-0.11419632243429514,0.16565183080065435,True
2000,0.0,37,dml_pairs_boot,0.019547079975417554,0.07774374598083116,-0.10312172315081966,0.1726097079021959,True
2000,0.0,38,dml_if,0.03468516135239914,0.06523364165229716,-0.09317277628610329,0.16254309899090155,True
2000,0.0,38,dml_mult_boot,0.03468516135239914,0.06364904904342954,-0.08293646544610567,0.15283707836637944,True
2000,0.0,38,dml_pairs_boot,0.03468516135239914,0.06476324319895407,-0.1166749371476821,0.1405925741424965,True
2000,0.0,39,dml_if,-0.025131025319534928,0.07655375612066043,-0.17517638731602936,0.1249143366769595,True
2000,0.0,39,dml_mult_boot,-0.025131025319534928,0.07768900825451001,-0.17640209723421194,0.1278128702125842,True
2000,0.0,39,dml_pairs_boot,-0.025131025319534928,0.07582755978022043,-0.15757897095774528,0.11208438581086139,True
2000,0.0,40,dml_if,0.04287820845936467,0.08187612425498088,-0.11759899508039785,0.2033554119991272,True
2000,0.0,40,dml_mult_boot,0.04287820845936467,0.08315404401354734,-0.11926130710130502,0.2062866848898359,True
2000,0.0,40,dml_pairs_boot,0.04287820845936467,0.07981658923201512,-0.1043511480794666,0.19928307465302955,True
2000,0.0,41,dml_if,-0.25207236438105746,0.07424267649039605,-0.3975880103022337,-0.10655671845988121,False
2000,0.0,41,dml_mult_boot,-0.25207236438105746,0.07153793371668572,-0.3832291627067134,-0.11503677623161308,False
2000,0.0,41,dml_pairs_boot,-0.25207236438105746,0.0717877265231137,-0.37678624901165303,-0.0844722063786511,False
2000,0.0,42,dml_if,0.14179715620003538,0.12517956363363697,-0.10355478852189307,0.38714910092196386,True
2000,0.0,42,dml_mult_boot,0.14179715620003538,0.11582280883408518,-0.06756084086649428,0.34357660939894985,True
2000,0.0,42,dml_pairs_boot,0.14179715620003538,0.15494772085747832,-0.07087689549263354,0.5331506233389417,True
2000,0.0,43,dml_if,-0.09454223392847905,0.07072485576953329,-0.23316295123676428,0.04407848337980619,True
2000,0.0,43,dml_mult_boot,-0.09454223392847905,0.06835336148133618,-0.2389590394858909,0.031128796630577507,True
2000,0.0,43,dml_pairs_boot,-0.09454223392847905,0.06686489750672929,-0.21401437896200848,0.045688676280304284,True
2000,0.0,44,dml_if,0.014574883105605873,0.07362344699159366,-0.12972707299791772,0.15887683920912946,True
2000,0.0,44,dml_mult_boot,0.014574883105605873,0.0741189992391881,-0.13333041113438662,0.1615981966430519,True
2000,0.0,44,dml_pairs_boot,0.014574883105605873,0.09061858488680645,-0.11444243237367721,0.23683443201450322,True
2000,0.0,45,dml_if,-0.07866423390371328,0.07265867165610064,-0.22107523034967053,0.06374676254224397,True
2000,0.0,45,dml_mult_boot,-0.07866423390371328,0.0749665360379241,-0.22549856488064582,0.07103071114907199,True
2000,0.0,45,dml_pairs_boot,-0.07866423390371328,0.0778745574779234,-0.2036691929623123,0.09819012788296598,True
2000,0.0,46,dml_if,-0.031199913763610886,0.07321164792127093,-0.1746947436893019,0.11229491616208012,True
2000,0.0,46,dml_mult_boot,-0.031199913763610886,0.07416976060811145,-0.17393472668567236,0.11167138553929326,True
2000,0.0,46,dml_pairs_boot,-0.031199913763610886,0.06720944268315739,-0.13542818735710385,0.11074453435474223,True
2000,0.0,47,dml_if,0.08283624528234175,0.07034759442619513,-0.0550450397930007,0.2207175303576842,True
2000,0.0,47,dml_mult_boot,0.08283624528234175,0.07045211556459287,-0.04908185276987134,0.23935490473744797,True
2000,0.0,47,dml_pairs_boot,0.08283624528234175,0.06643169142156455,-0.03168468810465323,0.19766991761247907,True
2000,0.0,48,dml_if,0.000889548334882825,0.06107528008648444,-0.11881800063462668,0.12059709730439232,True
2000,0.0,48,dml_mult_boot,0.000889548334882825,0.06290217940651126,-0.11644409874128647,0.12673961379283338,True
2000,0.0,48,dml_pairs_boot,0.000889548334882825,0.07825322641313835,-0.16405446098862056,0.14641087023732763,True
2000,0.0,49,dml_if,0.029230843343852835,0.0721127217023825,-0.11211009119281687,0.17057177788052255,True
2000,0.0,49,dml_mult_boot,0.029230843343852835,0.07241228047360464,-0.11102562134105098,0.15709089841856558,True
2000,0.0,49,dml_pairs_boot,0.029230843343852835,0.07772815560309607,-0.08930496246253045,0.1796944341033723,True
2000,0.0,50,dml_if,-0.07999942163871222,0.060754155586665345,-0.19907756658857628,0.03907872331115185,True
2000,0.0,50,dml_mult_boot,-0.07999942163871222,0.0591390551167988,-0.1837063282353477,0.04275815070033726,True
2000,0.0,50,dml_pairs_boot,-0.07999942163871222,0.07103431356320873,-0.19497912594945038,0.0682448469206861,True
2000,0.0,51,dml_if,-0.035155837284555194,0.07424231904723884,-0.1806707826171433,0.11035910804803294,True
2000,0.0,51,dml_mult_boot,-0.035155837284555194,0.07232713874043441,-0.16247101288883514,0.11956326988481035,True
2000,0.0,51,dml_pairs_boot,-0.035155837284555194,0.07338009158150892,-0.1729008992113109,0.11565746280753944,True
2000,0.0,52,dml_if,0.09559504722037061,0.06115851886820861,-0.02427564976131827,0.2154657442020595,True
2000,0.0,52,dml_mult_boot,0.09559504722037061,0.05967815751664053,-0.02265204493625572,0.20667570317326228,True
2000,0.0,52,dml_pairs_boot,0.09559504722037061,0.06710526471042345,-0.002007498245227672,0.26152466348393777,True
2000,0.0,53,dml_if,0.029663206959131473,0.06030853605844212,-0.08854152371541507,0.14786793763367803,True
2000,0.0,53,dml_mult_boot,0.029663206959131473,0.05886681983286711,-0.09047983011178459,0.14516570243123114,True
2000,0.0,53,dml_pairs_boot,0.029663206959131473,0.05813711891859942,-0.08197658305963128,0.13091341771817827,True
2000,0.0,54,dml_if,0.06597967134295502,0.07255103901246374,-0.0762203651214739,0.20817970780738393,True
2000,0.0,54,dml_mult_boot,0.06597967134295502,0.07461130418188168,-0.07605700269847733,0.21379914732885044,True
2000,0.0,54,dml_pairs_boot,0.06597967134295502,0.0653953558520253,-0.04392221306107821,0.18513643764264284,True
2000,0.0,55,dml_if,-0.012050598161180684,0.05701633408971873,-0.1238026129770294,0.09970141665466802,True
2000,0.0,55,dml_mult_boot,-0.012050598161180684,0.05994721033784756,-0.12521401433154075,0.10285953873538192,True
2000,0.0,55,dml_pairs_boot,-0.012050598161180684,0.05545561716534016,-0.13309561272808068,0.09384747821238189,True
2000,0.0,56,dml_if,0.010127182015729798,0.06385295304150332,-0.1150246059456167,0.13527896997707628,True
2000,0.0,56,dml_mult_boot,0.010127182015729798,0.06414279130929983,-0.10929425619065225,0.13071747696634053,True
2000,0.0,56,dml_pairs_boot,0.010127182015729798,0.15112598401966862,-0.1300082173752828,0.29421734070240113,True
2000,0.0,57,dml_if,0.1148678935610225,0.06942576822479231,-0.021206612159570426,0.25094239928161544,True
2000,0.0,57,dml_mult_boot,0.1148678935610225,0.0692953842675349,-0.03274506488984799,0.2415606202330815,True
2000,0.0,57,dml_pairs_boot,0.1148678935610225,0.06331088108223386,0.023073796964012905,0.25500938610457397,False
2000,0.0,58,dml_if,-0.035984655455038234,0.05844800000655216,-0.15054273546788047,0.078573424557804,True
2000,0.0,58,dml_mult_boot,-0.035984655455038234,0.0593930244404016,-0.15678497767442676,0.0765892269650754,True
2000,0.0,58,dml_pairs_boot,-0.035984655455038234,0.07020461708193015,-0.1431265622902071,0.12812067323137274,True
2000,0.0,59,dml_if,0.0780534456736738,0.06854017367404246,-0.056285294727449406,0.21239218607479698,True
2000,0.0,59,dml_mult_boot,0.0780534456736738,0.06523500573165138,-0.05900442040136847,0.20244285959412833,True
2000,0.0,59,dml_pairs_boot,0.0780534456736738,0.07152913360827005,-0.0448293943595704,0.22159044417882057,True
2000,0.0,60,dml_if,-0.009793510118774662,0.058349516430289135,-0.12415856232214137,0.10457154208459205,True
2000,0.0,60,dml_mult_boot,-0.009793510118774662,0.06066554048698011,-0.11788213317361407,0.0972168954408498,True
2000,0.0,60,dml_pairs_boot,-0.009793510118774662,0.07448701427801335,-0.12056103573790843,0.15542121360687083,True
2000,0.0,61,dml_if,-0.029714003321010558,0.07822719118351518,-0.18303929804070032,0.1236112913986792,True
2000,0.0,61,dml_mult_boot,-0.029714003321010558,0.07952132397349505,-0.18038683419017423,0.1276742157082715,True
2000,0.0,61,dml_pairs_boot,-0.029714003321010558,0.07471714999828427,-0.16597218476617973,0.11849684081832276,True
2000,0.0,62,dml_if,-0.03810540550551823,0.06419014803122326,-0.16391809564671583,0.08770728463567935,True
2000,0.0,62,dml_mult_boot,-0.03810540550551823,0.06672694664608876,-0.15261631097297693,0.10558186623422379,True
2000,0.0,62,dml_pairs_boot,-0.03810540550551823,0.05986287578182674,-0.16643792062752583,0.03550616492625492,True
2000,0.0,63,dml_if,0.08097558889273586,0.06138699286622624,-0.03934291712506757,0.2012940949105393,True
2000,0.0,63,dml_mult_boot,0.08097558889273586,0.06000241949860563,-0.03640212756074249,0.19845096057973038,True
2000,0.0,63,dml_pairs_boot,0.08097558889273586,0.06946841341615405,-0.06187327325416382,0.21310989182077472,True
2000,0.0,64,dml_if,0.026592714651258675,0.075692573997157,-0.12176473038316904,0.1749501596856864,True
2000,0.0,64,dml_mult_boot,0.026592714651258675,0.07587994425676327,-0.1171541429011743,0.1708975475934887,True
2000,0.0,64,dml_pairs_boot,0.026592714651258675,0.0804791933616223,-0.13692791012322403,0.16603651879175482,True
2000,0.0,65,dml_if,0.006317828943172504,0.05900728175639519,-0.10933644329936207,0.12197210118570709,True
2000,0.0,65,dml_mult_boot,0.006317828943172504,0.061882349326155196,-0.11372254720254513,0.12541342869555172,True
2000,0.0,65,dml_pairs_boot,0.006317828943172504,0.06891814591116263,-0.09918058387650351,0.16068713412002497,True
2000,0.0,66,dml_if,0.024149484125110497,0.058144620016062375,-0.08981397110637176,0.13811293935659275,True
2000,0.0,66,dml_mult_boot,0.024149484125110497,0.05470941022751011,-0.08416826090542541,0.12321443249324207,True
2000,0.0,66,dml_pairs_boot,0.024149484125110497,0.06502999977874777,-0.06302079900148383,0.15796849363262716,True
2000,0.0,67,dml_if,-0.019376089088161054,0.056327859789488455,-0.1297786942755584,0.09102651609923632,True
2000,0.0,67,dml_mult_boot,-0.019376089088161054,0.05853338212552159,-0.12622311344490128,0.10309220440904894,True
2000,0.0,67,dml_pairs_boot,-0.019376089088161054,0.05825578128893139,-0.12833807694316426,0.08235756655182558,True
2000,0.0,68,dml_if,0.026430776754282986,0.05855703987713003,-0.08834102140489186,0.14120257491345783,True
2000,0.0,68,dml_mult_boot,0.026430776754282986,0.05884267098722197,-0.07856663182483536,0.1486719851386501,True
2000,0.0,68,dml_pairs_boot,0.026430776754282986,0.05465017968938031,-0.08221422394908032,0.11652399704554506,True
2000,0.0,69,dml_if,0.12023864456237732,0.07093667503269706,-0.01879723850170892,0.2592745276264635,True
2000,0.0,69,dml_mult_boot,0.12023864456237732,0.07049861004863445,-0.021193125509217953,0.2567835833866642,True
2000,0.0,69,dml_pairs_boot,0.12023864456237732,0.07262180037107385,-0.027147639415276877,0.24001173584526547,True
2000,0.0,70,dml_if,-0.07091979035672182,0.08535985685233134,-0.23822510978729122,0.0963855290738476,True
2000,0.0,70,dml_mult_boot,-0.07091979035672182,0.08723786285707705,-0.24279276488862053,0.09161764915976521,True
2000,0.0,70,dml_pairs_boot,-0.07091979035672182,0.1027841195774482,-0.3610863586476122,0.031518969431737175,True
2000,0.0,71,dml_if,0.03849985620623151,0.06947465165767112,-0.09767046104280389,0.1746701734552669,True
2000,0.0,71,dml_mult_boot,0.03849985620623151,0.06931417157128533,-0.09180243967904335,0.18236995400684952,True
2000,0.0,71,dml_pairs_boot,0.03849985620623151,0.07267111429826215,-0.053686401352926995,0.2274260665544245,True
2000,0.0,72,dml_if,-0.18294431183439713,0.2490305633560281,-0.6710442160122122,0.30515559234341794,True
2000,0.0,72,dml_mult_boot,-0.18294431183439713,0.24888391589269326,-0.5195328167923496,0.16049787200789142,True
2000,0.0,72,dml_pairs_boot,-0.18294431183439713,0.25895380817416525,-0.700306196768398,0.15912290305693375,True
2000,0.0,73,dml_if,-0.07305916371534003,0.13089326612437127,-0.32960996531910774,0.18349163788842765,True
2000,0.0,73,dml_mult_boot,-0.07305916371534003,0.13048902636254253,-0.29714143960823397,0.16181180667384912,True
2000,0.0,73,dml_pairs_boot,-0.07305916371534003,0.13098614202057476,-0.37970990236080043,0.131274290605846,True
2000,0.0,74,dml_if,0.0048298462204842355,0.06984864277791045,-0.13207349362422025,0.14173318606518873,True
2000,0.0,74,dml_mult_boot,0.0048298462204842355,0.06754650360999562,-0.13620148417160263,0.1282869341891479,True
2000,0.0,74,dml_pairs_boot,0.0048298462204842355,0.07375797585697347,-0.1473873088959369,0.1280696626006882,True
2000,0.0,75,dml_if,-0.008111639190117337,0.07226236407044694,-0.14974587276819334,0.13352259438795866,True
2000,0.0,75,dml_mult_boot,-0.008111639190117337,0.06765384993232496,-0.13025341445181365,0.13537666911137183,True
2000,0.0,75,dml_pairs_boot,-0.008111639190117337,0.06668964861859485,-0.1448232148097311,0.1116204551672851,True
2000,0.0,76,dml_if,-0.017576997146600548,0.10205704768948617,-0.21760881061799345,0.18245481632479235,True
2000,0.0,76,dml_mult_boot,-0.017576997146600548,0.10091418029031055,-0.210506716108779,0.17418962139141814,True
2000,0.0,76,dml_pairs_boot,-0.017576997146600548,0.09669733829641974,-0.165513172549993,0.1760042496109471,True
2000,0.0,77,dml_if,0.013470956890332914,0.08833680157745982,-0.15966917420148832,0.18661108798215417,True
2000,0.0,77,dml_mult_boot,0.013470956890332914,0.08871237047376045,-0.161575679965814,0.18451929690944077,True
2000,0.0,77,dml_pairs_boot,0.013470956890332914,0.10481971410827236,-0.14604963923034908,0.23443353172111192,True
2000,0.0,78,dml_if,-0.04198854038094056,0.07004993483214077,-0.17928641265193646,0.09530933189005535,True
2000,0.0,78,dml_mult_boot,-0.04198854038094056,0.07290205792543784,-0.1810529049923888,0.10285728972562289,True
2000,0.0,78,dml_pairs_boot,-0.04198854038094056,0.07553974836968158,-0.17910857924664692,0.08315289272426835,True
2000,0.0,79,dml_if,-0.014575393372012819,0.06759209282849428,-0.1470558953158616,0.11790510857183596,True
2000,0.0,79,dml_mult_boot,-0.014575393372012819,0.06459445262179127,-0.13743215942579584,0.10896919213783225,True
2000,0.0,79,dml_pairs_boot,-0.014575393372012819,0.0645337690660188,-0.10229187832622075,0.13456726674122527,True
2000,0.0,80,dml_if,0.023117348082349266,0.16884479301956495,-0.307818446235998,0.3540531424006966,True
2000,0.0,80,dml_mult_boot,0.023117348082349266,0.1727967532921833,-0.28085004397835744,0.34699881527529713,True
2000,0.0,80,dml_pairs_boot,0.023117348082349266,0.14910637464483967,-0.3425129760570714,0.24418086871894076,True
2000,0.0,81,dml_if,-0.03665841283869449,0.07436719455750075,-0.18241811417139597,0.10910128849400698,True
2000,0.0,81,dml_mult_boot,-0.03665841283869449,0.07025962737183267,-0.16972698127266983,0.09938735200793573,True
2000,0.0,81,dml_pairs_boot,-0.03665841283869449,0.07189571937052215,-0.1727200029049549,0.08650277071884471,True
2000,0.0,82,dml_if,0.007353776495159904,0.0625089996785659,-0.11516386287482924,0.12987141586514905,True
2000,0.0,82,dml_mult_boot,0.007353776495159904,0.0657277349332736,-0.12292421744508415,0.1290552510706141,True
2000,0.0,82,dml_pairs_boot,0.007353776495159904,0.07041877118544795,-0.11924575661414721,0.14228191044519783,True
2000,0.0,83,dml_if,-0.1116732998177841,0.06326875033977189,-0.235680050483737,0.012333450848168809,True
2000,0.0,83,dml_mult_boot,-0.1116732998177841,0.06334275238752048,-0.23462735246970862,0.007949931567062946,True
2000,0.0,83,dml_pairs_boot,-0.1116732998177841,0.0707695431552588,-0.26896720970977583,0.01293430728422464,True
2000,0.0,84,dml_if,0.1500366183947189,0.07359380085772012,0.005792768713587471,0.29428046807585034,False
2000,0.0,84,dml_mult_boot,0.1500366183947189,0.0733816659494153,-0.00609346792167513,0.2811337650279985,True
2000,0.0,84,dml_pairs_boot,0.1500366183947189,0.07330171959540058,0.019806533112883606,0.26234284247602585,False
2000,0.0,85,dml_if,0.04749413361325136,0.05926252955846472,-0.0686604243213395,0.16364869154784223,True
2000,0.0,85,dml_mult_boot,0.04749413361325136,0.059213999154882714,-0.05852848742813838,0.15679351397717445,True
2000,0.0,85,dml_pairs_boot,0.04749413361325136,0.06390078162354727,-0.09070775695316123,0.14434029192359996,True
2000,0.0,86,dml_if,-0.12320595118128748,0.06515295775120872,-0.2509057483736566,0.0044938460110816175,True
2000,0.0,86,dml_mult_boot,-0.12320595118128748,0.06535928915629395,-0.254486941044306,0.0020213566695412256,True
2000,0.0,86,dml_pairs_boot,-0.12320595118128748,0.07522107400719548,-0.26249506992604754,0.020655236099437556,True
2000,0.0,87,dml_if,0.0490206613068263,0.0608637039640273,-0.07027219846266722,0.1683135210763198,True
2000,0.0,87,dml_mult_boot,0.0490206613068263,0.06050298345055596,-0.06078461029997583,0.1650413871858328,True
2000,0.0,87,dml_pairs_boot,0.0490206613068263,0.06710563408775644,-0.05998061433142454,0.16133282701180626,True
2000,0.0,88,dml_if,0.026329749578147012,0.06824543573144126,-0.10743130445547786,0.1600908036117719,True
2000,0.0,88,dml_mult_boot,0.026329749578147012,0.06504651509391174,-0.09223214305693475,0.15808803647448805,True
2000,0.0,88,dml_pairs_boot,0.026329749578147012,0.06861323782305356,-0.10026369048849214,0.1649630091979697,True
2000,0.0,89,dml_if,-0.05558472392735499,0.07461706445865178,-0.20183417026631245,0.09066472241160249,True
2000,0.0,89,dml_mult_boot,-0.05558472392735499,0.07195833227863872,-0.19328107022239246,0.07960880072811921,True
2000,0.0,89,dml_pairs_boot,-0.05558472392735499,0.07890415014055438,-0.17818011574679982,0.1118137259158149,True
2000,0.0,90,dml_if,-0.007593242643498549,0.0756372835739966,-0.15584231844853189,0.14065583316153477,True
2000,0.0,90,dml_mult_boot,-0.007593242643498549,0.07701513131082355,-0.15448011838860642,0.13975324847908843,True
2000,0.0,90,dml_pairs_boot,-0.007593242643498549,0.0787605168419118,-0.1837691587001866,0.12586217413054293,True
2000,0.0,91,dml_if,-0.06635710671135066,0.08214454503799878,-0.22736041498582826,0.09464620156312696,True
2000,0.0,91,dml_mult_boot,-0.06635710671135066,0.08359284301582948,-0.2056955259807687,0.09188703026411482,True
2000,0.0,91,dml_pairs_boot,-0.06635710671135066,0.090543973073426,-0.28440345208512413,0.04722893812994681,True
2000,0.0,92,dml_if,0.06501266438166232,0.07120144572188415,-0.0745421692332306,0.20456749799655527,True
2000,0.0,92,dml_mult_boot,0.06501266438166232,0.06849273903248483,-0.0661954315077806,0.19336557042237698,True
2000,0.0,92,dml_pairs_boot,0.06501266438166232,0.06268005031756649,-0.04220361455940193,0.18868357568932914,True
2000,0.0,93,dml_if,-0.04771958328833841,0.06923000675874164,-0.18341039653547203,0.0879712299587952,True
2000,0.0,93,dml_mult_boot,-0.04771958328833841,0.07145669820982198,-0.18780121561293514,0.08882049932286232,True
2000,0.0,93,dml_pairs_boot,-0.04771958328833841,0.07092243448633086,-0.22164951085245038,0.057728585369844876,True
2000,0.0,94,dml_if,-0.05131592314886862,0.06995532444417217,-0.18842835905944608,0.08579651276170883,True
2000,0.0,94,dml_mult_boot,-0.05131592314886862,0.06987031131573007,-0.20525580941685895,0.07575767894111894,True
2000,0.0,94,dml_pairs_boot,-0.05131592314886862,0.07526838076752557,-0.17906684548159216,0.08647240093878802,True
2000,0.0,95,dml_if,0.05475310029467818,0.062096538570045545,-0.06695611530261109,0.17646231589196745,True
2000,0.0,95,dml_mult_boot,0.05475310029467818,0.06318451141656126,-0.06749414108883156,0.1755349686996053,True
2000,0.0,95,dml_pairs_boot,0.05475310029467818,0.06695426946537748,-0.0690757094748268,0.18833970729767902,True
2000,0.0,96,dml_if,-0.008503965444931174,0.06931762190035755,-0.14436650436963197,0.12735857347976962,True
2000,0.0,96,dml_mult_boot,-0.008503965444931174,0.07231691210756068,-0.15210462107434264,0.12391376295028389,True
2000,0.0,96,dml_pairs_boot,-0.008503965444931174,0.06378083420259636,-0.15241988121035957,0.09103965216313349,True
2000,0.0,97,dml_if,-0.03649093931984626,0.06927087640041425,-0.17226185706465819,0.09927997842496566,True
2000,0.0,97,dml_mult_boot,-0.03649093931984626,0.07119884098095389,-0.17645061540172222,0.09751664260925903,True
2000,0.0,97,dml_pairs_boot,-0.03649093931984626,0.07135241049891136,-0.18738571596946804,0.11205043937805038,True
2000,0.0,98,dml_if,0.019792726775943528,0.0690417729868944,-0.1155291482783695,0.15511460183025655,True
2000,0.0,98,dml_mult_boot,0.019792726775943528,0.06908839005606716,-0.10338303184876634,0.15021455794796834,True
2000,0.0,98,dml_pairs_boot,0.019792726775943528,0.06473326937117362,-0.08683557142728895,0.1487370945413934,True
2000,0.0,99,dml_if,0.16791151991827144,0.07703947783425259,0.016914143363136375,0.3189088964734065,False
2000,0.0,99,dml_mult_boot,0.16791151991827144,0.07451926750827319,0.006782163846167403,0.30355792364176637,False
2000,0.0,99,dml_pairs_boot,0.16791151991827144,0.06875279024197431,0.015836282478110295,0.2666636844762984,False
2000,0.0,100,dml_if,0.09373385939757156,0.08758389573947212,-0.07793057625179378,0.2653982950469369,True
2000,0.0,100,dml_mult_boot,0.09373385939757156,0.08782329484277175,-0.08645540687960239,0.2554443386548033,True
2000,0.0,100,dml_pairs_boot,0.09373385939757156,0.07965958675916657,-0.0633372776072265,0.24287276744104092,True
2000,0.0,101,dml_if,0.054061830030269487,0.06876891596106728,-0.0807252452534224,0.18884890531396137,True
2000,0.0,101,dml_mult_boot,0.054061830030269487,0.06921426483846291,-0.08027465952419226,0.18340917195456752,True
2000,0.0,101,dml_pairs_boot,0.054061830030269487,0.06330664333245262,-0.08691747405560118,0.14776479582362703,True
2000,0.0,102,dml_if,0.03341921009869823,0.06360781318794068,-0.0912521037496655,0.15809052394706194,True
2000,0.0,102,dml_mult_boot,0.03341921009869823,0.06535814088270073,-0.10139914197770458,0.158682826912063,True
2000,0.0,102,dml_pairs_boot,0.03341921009869823,0.05833621495672136,-0.08124532106369896,0.15899146880829482,True
2000,0.0,103,dml_if,0.04972285285629584,0.06746094098410513,-0.08250059147255022,0.18194629718514188,True
2000,0.0,103,dml_mult_boot,0.04972285285629584,0.07132676651380947,-0.08883291665427064,0.18377737268605443,True
2000,0.0,103,dml_pairs_boot,0.04972285285629584,0.07463179249145342,-0.11444398675478754,0.1741330807293,True
2000,0.0,104,dml_if,-0.03886010423371213,0.08235274873142946,-0.20027149174731387,0.1225512832798896,True
2000,0.0,104,dml_mult_boot,-0.03886010423371213,0.08214284422795602,-0.18782932025949983,0.1364450477639875,True
2000,0.0,104,dml_pairs_boot,-0.03886010423371213,0.0790064683324329,-0.18372517068019345,0.11306640355424832,True
2000,0.0,105,dml_if,0.0438385367728376,0.08448987306638367,-0.12176161443727439,0.20943868798294957,True
2000,0.0,105,dml_mult_boot,0.0438385367728376,0.08651485242490954,-0.1110233478424052,0.22458779028584988,True
2000,0.0,105,dml_pairs_boot,0.0438385367728376,0.07364113179856371,-0.10210306192716181,0.17811855092466766,True
2000,0.0,106,dml_if,0.03010708954952709,0.11186869661283139,-0.1891555558116224,0.2493697349106766,True
2000,0.0,106,dml_mult_boot,0.03010708954952709,0.1132028079846033,-0.18486478759447875,0.24411910061759487,True
2000,0.0,106,dml_pairs_boot,0.03010708954952709,0.10294583317985286,-0.18446022095850026,0.22336286614944326,True
2000,0.0,107,dml_if,0.005376875680814759,0.05520758225857337,-0.10282998554598904,0.11358373690761855,True
2000,0.0,107,dml_mult_boot,0.005376875680814759,0.05314963418900454,-0.09681745680955395,0.10776386251086822,True
2000,0.0,107,dml_pairs_boot,0.005376875680814759,0.06397316173579794,-0.13994868280558992,0.11044549429449238,True
2000,0.0,108,dml_if,0.0914671158160804,0.11357259841137454,-0.13113517707021372,0.3140694087023745,True
2000,0.0,108,dml_mult_boot,0.0914671158160804,0.11435063225810335,-0.1126049393456187,0.2936735731606052,True
2000,0.0,108,dml_pairs_boot,0.0914671158160804,0.11033033238735297,-0.1051848509532821,0.2820890402446236,True
2000,0.0,109,dml_if,0.014043858025297154,0.08108591353499792,-0.14488453250329877,0.17297224855389307,True
2000,0.0,109,dml_mult_boot,0.014043858025297154,0.07991840481754632,-0.13235245472098375,0.16755080190218724,True
2000,0.0,109,dml_pairs_boot,0.014043858025297154,0.06520079528040414,-0.13383538883700632,0.1290162842147862,True
2000,0.0,110,dml_if,0.11710768349351129,0.06264190431443163,-0.005670448962774702,0.2398858159497973,True
2000,0.0,110,dml_mult_boot,0.11710768349351129,0.06338298907842944,0.008861211918598868,0.23633060601793382,False
2000,0.0,110,dml_pairs_boot,0.11710768349351129,0.06973579900640196,-0.027056472210305053,0.24978991466111541,True
2000,0.0,111,dml_if,0.02614904114237434,0.055824075908852584,-0.08326614763897672,0.1355642299237254,True
2000,0.0,111,dml_mult_boot,0.02614904114237434,0.0539630221618019,-0.08192350590071319,0.1327381892998281,True
2000,0.0,111,dml_pairs_boot,0.02614904114237434,0.06470047442821933,-0.0937575178305596,0.14375557137083358,True
2000,0.0,112,dml_if,0.02194774993770791,0.060078557550436666,-0.09580622286114795,0.13970172273656378,True
2000,0.0,112,dml_mult_boot,0.02194774993770791,0.05852616686612188,-0.08392530024071836,0.13959176020641634,True
2000,0.0,112,dml_pairs_boot,0.02194774993770791,0.059133182479887914,-0.07355705801760819,0.1326662080583439,True
2000,0.0,113,dml_if,-0.08938479947581862,0.07753651135697222,-0.24135636173548417,0.06258676278384692,True
2000,0.0,113,dml_mult_boot,-0.08938479947581862,0.07967593501943875,-0.23385149518444082,0.06918243684578557,True
2000,0.0,113,dml_pairs_boot,-0.08938479947581862,0.07396045202860842,-0.2439046809355281,0.0524779005587402,True
2000,0.0,114,dml_if,0.12634370533006248,0.06247821208264627,0.003886409648075795,0.24880100101204916,False
2000,0.0,114,dml_mult_boot,0.12634370533006248,0.06208098564314775,0.006451849039964777,0.24717788692941442,False
2000,0.0,114,dml_pairs_boot,0.12634370533006248,0.07103894816708853,-0.03442855329177138,0.23526946357777426,True
2000,0.0,115,dml_if,-0.05576438514613802,0.06377353546808813,-0.18076051466359075,0.06923174437131471,True
2000,0.0,115,dml_mult_boot,-0.05576438514613802,0.06413648774602648,-0.18298146020037678,0.06394445842597204,True
2000,0.0,115,dml_pairs_boot,-0.05576438514613802,0.05506813520089904,-0.16745681296937523,0.03515514017366718,True
2000,0.0,116,dml_if,0.014698321875555934,0.08278447353015567,-0.14755924624354916,0.17695588999466105,True
2000,0.0,116,dml_mult_boot,0.014698321875555934,0.08028495728800629,-0.1435902881358346,0.17930812367759294,True
2000,0.0,116,dml_pairs_boot,0.014698321875555934,0.08530236390756872,-0.15197611449877446,0.18079692703716402,True
2000,0.0,117,dml_if,-0.005478876132369333,0.1050871162493143,-0.21144962398102535,0.20049187171628668,True
2000,0.0,117,dml_mult_boot,-0.005478876132369333,0.10066058239537314,-0.18637205116610397,0.19231280698773717,True
2000,0.0,117,dml_pairs_boot,-0.005478876132369333,0.0883099413580534,-0.19101752851166123,0.17194234587787013,True
2000,0.0,118,dml_if,0.10724887370546994,0.06473079357239922,-0.019623481696432535,0.23412122910737243,True
2000,0.0,118,dml_mult_boot,0.10724887370546994,0.063214102839169,-0.014075179786472325,0.23590074104151018,True
2000,0.0,118,dml_pairs_boot,0.10724887370546994,0.05919045326860469,-0.006672327107680821,0.21694642342348647,True
2000,0.0,119,dml_if,-0.0009236817052286312,0.07741689416396974,-0.15266079426660933,0.15081343085615206,True
2000,0.0,119,dml_mult_boot,-0.0009236817052286312,0.08224121515722548,-0.15675489349672198,0.1532627576322077,True
2000,0.0,119,dml_pairs_boot,-0.0009236817052286312,0.05923338968430522,-0.09286067980641041,0.13258323938553002,True
2000,0.0,120,dml_if,-0.14137457157072078,0.1116545213406,-0.3602174333982968,0.07746829025685523,True
2000,0.0,120,dml_mult_boot,-0.14137457157072078,0.11808336672077054,-0.3452465841494829,0.07018302487660062,True
2000,0.0,120,dml_pairs_boot,-0.14137457157072078,0.10887316287290191,-0.34920826688044787,0.06369410098552984,True
2000,0.0,121,dml_if,-0.067014678464996,0.08492220345236805,-0.23346219723163736,0.09943284030164538,True
2000,0.0,121,dml_mult_boot,-0.067014678464996,0.08090242181744602,-0.23755274402149884,0.07406668490725687,True
2000,0.0,121,dml_pairs_boot,-0.067014678464996,0.08630512720053447,-0.2127420915714761,0.1141714460895048,True
2000,0.0,122,dml_if,0.10036432843341188,0.08106375152062383,-0.058520624547010805,0.2592492814138346,True
2000,0.0,122,dml_mult_boot,0.10036432843341188,0.08136260573501014,-0.0409064006015795,0.24563300586537798,True
2000,0.0,122,dml_pairs_boot,0.10036432843341188,0.12094050414803582,-0.04829184085746316,0.4685936854262443,True
2000,0.0,123,dml_if,-0.10209772099930627,0.07382767490624773,-0.2467999638155518,0.042604521816939286,True
2000,0.0,123,dml_mult_boot,-0.10209772099930627,0.07570456424554495,-0.2543443570613224,0.042653436801902166,True
2000,0.0,123,dml_pairs_boot,-0.10209772099930627,0.07185986427233672,-0.22433868913113691,0.04668510642673622,True
2000,0.0,124,dml_if,-0.026023241765454137,0.0652929707711026,-0.15399746447681525,0.10195098094590697,True
2000,0.0,124,dml_mult_boot,-0.026023241765454137,0.0656268506192697,-0.15532331301402771,0.10057790951607162,True
2000,0.0,124,dml_pairs_boot,-0.026023241765454137,0.05914899132063091,-0.13846698431743246,0.07133566393394093,True
2000,0.0,125,dml_if,-0.07417676997790519,0.06883016802147766,-0.20908389930000143,0.060730359344191034,True
2000,0.0,125,dml_mult_boot,-0.07417676997790519,0.06808767935270087,-0.21370523799526062,0.052725525235358596,True
2000,0.0,125,dml_pairs_boot,-0.07417676997790519,0.0703881091133637,-0.2067668465405737,0.056360404947477835,True
2000,0.0,126,dml_if,-0.03848446483155423,0.07390017073906874,-0.18332879948012895,0.10635986981702047,True
2000,0.0,126,dml_mult_boot,-0.03848446483155423,0.07336583629549319,-0.17495422413600617,0.10810386276635317,True
2000,0.0,126,dml_pairs_boot,-0.03848446483155423,0.07176992202725495,-0.16563697877061426,0.12083364523427226,True
2000,0.0,127,dml_if,0.1072273740072899,0.06598155071258878,-0.02209646538938409,0.2365512134039639,True
2000,0.0,127,dml_mult_boot,0.1072273740072899,0.06703378513956916,-0.022805202936658456,0.2367937420282889,True
2000,0.0,127,dml_pairs_boot,0.1072273740072899,0.07723397383376558,-0.05178883028269346,0.2458981999778435,True
2000,0.0,128,dml_if,-0.08191967522764358,0.10345757182389806,-0.2846965160024838,0.12085716554719662,True
2000,0.0,128,dml_mult_boot,-0.08191967522764358,0.10122691994445983,-0.2612772492600938,0.09910680177923555,True
2000,0.0,128,dml_pairs_boot,-0.08191967522764358,0.09952887646471371,-0.27749814811934637,0.07442577919345458,True
2000,0.0,129,dml_if,-0.014043697805079866,0.06753845408813698,-0.14641906781782835,0.11833167220766862,True
2000,0.0,129,dml_mult_boot,-0.014043697805079866,0.06932458810331352,-0.15081199082468613,0.11474425076650234,True
2000,0.0,129,dml_pairs_boot,-0.014043697805079866,0.06787664575452981,-0.16650700263373944,0.07197167958737762,True
2000,0.0,130,dml_if,-0.024839447867170763,0.06925249287149489,-0.16057433389530074,0.1108954381609592,True
2000,0.0,130,dml_mult_boot,-0.024839447867170763,0.07256665100715981,-0.15941342117592908,0.11188879779604503,True
2000,0.0,130,dml_pairs_boot,-0.024839447867170763,0.06924066524144595,-0.15688902598798274,0.09849679494806747,True
2000,0.0,131,dml_if,-0.02299545148315294,0.07975225648566335,-0.1793098741950531,0.13331897122874722,True
2000,0.0,131,dml_mult_boot,-0.02299545148315294,0.08070865369946874,-0.1856592609558166,0.13601803471477764,True
2000,0.0,131,dml_pairs_boot,-0.02299545148315294,0.06901192142792842,-0.16008155422029033,0.09955499530420067,True
2000,0.0,132,dml_if,-0.10396885023350726,0.11216915567052053,-0.3238203953477275,0.115882694880713,True
2000,0.0,132,dml_mult_boot,-0.10396885023350726,0.11554067454217518,-0.30229277611075905,0.0842930314589804,True
2000,0.0,132,dml_pairs_boot,-0.10396885023350726,0.09000469157554801,-0.25974255843458954,0.08407538767989313,True
2000,0.0,133,dml_if,0.07064281369810813,0.07237505113768461,-0.07121228653175371,0.21249791392796996,True
2000,0.0,133,dml_mult_boot,0.07064281369810813,0.06895824747738742,-0.06607647379145988,0.2083582206006228,True
2000,0.0,133,dml_pairs_boot,0.07064281369810813,0.08456832090907714,-0.05244934978537319,0.292339019940958,True
2000,0.0,134,dml_if,-0.09342801692684982,0.07856140615445383,-0.24740837298957932,0.06055233913587968,True
2000,0.0,134,dml_mult_boot,-0.09342801692684982,0.08297971555543754,-0.2512550917646799,0.060077162754445114,True
2000,0.0,134,dml_pairs_boot,-0.09342801692684982,0.08273634440885455,-0.24561521437270636,0.06386482438270025,True
2000,0.0,135,dml_if,0.08436147721288932,0.0661444979633317,-0.04528173879524082,0.21400469322101945,True
2000,0.0,135,dml_mult_boot,0.08436147721288932,0.06584449620499262,-0.05100464087813193,0.20586501052238335,True
2000,0.0,135,dml_pairs_boot,0.08436147721288932,0.06707481380613581,-0.039952754206712134,0.22203266173149325,True
2000,0.0,136,dml_if,-0.09531194596382374,0.08130794110512626,-0.2546755105298712,0.06405161860222373,True
2000,0.0,136,dml_mult_boot,-0.09531194596382374,0.08582483163885464,-0.2558196164807724,0.054899305994724555,True
2000,0.0,136,dml_pairs_boot,-0.09531194596382374,0.07458030655840528,-0.22596113051984903,0.06630047088643139,True
2000,0.0,137,dml_if,-0.06818718547552917,0.07192392292527244,-0.20915807440906314,0.07278370345800482,True
2000,0.0,137,dml_mult_boot,-0.06818718547552917,0.0702967962139282,-0.1920759259549141,0.07345930524523912,True
2000,0.0,137,dml_pairs_boot,-0.06818718547552917,0.07553053430663487,-0.18491072146717902,0.11274778097152095,True
2000,0.0,138,dml_if,-0.07550816518672167,0.07003008749117405,-0.21276713666942282,0.06175080629597947,True
2000,0.0,138,dml_mult_boot,-0.07550816518672167,0.07153133365841279,-0.2221635997414416,0.06440153485485088,True
2000,0.0,138,dml_pairs_boot,-0.07550816518672167,0.06437158967856095,-0.1998747159439934,0.05001253174359173,True
2000,0.0,139,dml_if,-0.04968093196838175,0.07910719307529128,-0.20473103039595264,0.10536916645918915,True
2000,0.0,139,dml_mult_boot,-0.04968093196838175,0.07413352502036813,-0.19224271384600175,0.09259952665588866,True
2000,0.0,139,dml_pairs_boot,-0.04968093196838175,0.07208522141133507,-0.1782837137861503,0.08523916650062778,True
2000,0.0,140,dml_if,0.06179130055390148,0.06481103701438214,-0.06523833199428752,0.18882093310209047,True
2000,0.0,140,dml_mult_boot,0.06179130055390148,0.06396179354708677,-0.0536343614011295,0.1780989276896352,True
2000,0.0,140,dml_pairs_boot,0.06179130055390148,0.06361362060650363,-0.033746068144263716,0.19122416075681073,True
2000,0.0,141,dml_if,-0.07492814559700489,0.06962694137124681,-0.21139695068464864,0.06154065949063886,True
2000,0.0,141,dml_mult_boot,-0.07492814559700489,0.07012376554784881,-0.20911380509815317,0.06285149951537584,True
2000,0.0,141,dml_pairs_boot,-0.07492814559700489,0.0663797639345638,-0.2022222350121904,0.06418208007203735,True
2000,0.0,142,dml_if,0.0220060778267664,0.08278110420285748,-0.14024488641083427,0.18425704206436705,True
2000,0.0,142,dml_mult_boot,0.0220060778267664,0.08372993318349542,-0.125906465522835,0.1751278163762254,True
2000,0.0,142,dml_pairs_boot,0.0220060778267664,0.06938378357084816,-0.09571501309780854,0.15220042775659662,True
2000,0.0,143,dml_if,-0.009378071772284148,0.07608442549937057,-0.15850354575105047,0.13974740220648219,True
2000,0.0,143,dml_mult_boot,-0.009378071772284148,0.07306392142289454,-0.1441301823097874,0.14151112502731897,True
2000,0.0,143,dml_pairs_boot,-0.009378071772284148,0.08088642732704766,-0.1999797682442632,0.11424180698555826,True
2000,0.0,144,dml_if,0.05812370898256993,0.0695448451152397,-0.07818418744329989,0.19443160540843976,True
2000,0.0,144,dml_mult_boot,0.05812370898256993,0.07223349795066257,-0.10072975539891242,0.19503742732646548,True
2000,0.0,144,dml_pairs_boot,0.05812370898256993,0.0685675600945313,-0.10069863388860106,0.16258106606330963,True
2000,0.0,145,dml_if,-0.05758142118529922,0.06917295378027004,-0.1931604105946285,0.07799756822403006,True
2000,0.0,145,dml_mult_boot,-0.05758142118529922,0.06842322244480219,-0.17859473581869034,0.08679135234976297,True
2000,0.0,145,dml_pairs_boot,-0.05758142118529922,0.06660237503416859,-0.19032578866856328,0.08148167815585126,True
2000,0.0,146,dml_if,-0.0652115929750419,0.06668777052090312,-0.195919623196012,0.06549643724592821,True
2000,0.0,146,dml_mult_boot,-0.0652115929750419,0.06896972096128877,-0.19267874264095428,0.08546776763057728,True
2000,0.0,146,dml_pairs_boot,-0.0652115929750419,0.06549957132156964,-0.2159294643883141,0.03576231925938246,True
2000,0.0,147,dml_if,0.004062966198832982,0.11952987862832659,-0.23021559591268714,0.2383415283103531,True
2000,0.0,147,dml_mult_boot,0.004062966198832982,0.11695695066322703,-0.2121371820306608,0.2115727112758214,True
2000,0.0,147,dml_pairs_boot,0.004062966198832982,0.10866539585664557,-0.21357919515849944,0.16762930455300185,True
2000,0.0,148,dml_if,-0.00950627378708377,0.056841453282382895,-0.12091552222055424,0.1019029746463867,True
2000,0.0,148,dml_mult_boot,-0.00950627378708377,0.05641821203540473,-0.10907545226005039,0.10170002905858229,True
2000,0.0,148,dml_pairs_boot,-0.00950627378708377,0.06408346579204773,-0.09216301746756625,0.14712019797931508,True
2000,0.0,149,dml_if,-0.006597311800696766,0.07180745211370433,-0.14733991794355725,0.13414529434216374,True
2000,0.0,149,dml_mult_boot,-0.006597311800696766,0.07126489261354071,-0.13676729977816893,0.1366557316883963,True
2000,0.0,149,dml_pairs_boot,-0.006597311800696766,0.0667364070653898,-0.14912368414168947,0.1165066881968428,True
2000,0.0,150,dml_if,-0.1574698381221366,0.05929769274623088,-0.2736933159047491,-0.041246360339524085,False
2000,0.0,150,dml_mult_boot,-0.1574698381221366,0.06147443671456988,-0.2848167382241643,-0.04035819428647024,False
2000,0.0,150,dml_pairs_boot,-0.1574698381221366,0.05302397290977688,-0.2539352275680851,-0.05377096923633527,False
2000,0.0,151,dml_if,0.08612735689007238,0.07379675262720349,-0.05851427825924645,0.23076899203939122,True
2000,0.0,151,dml_mult_boot,0.08612735689007238,0.07413484391955719,-0.05346788853907749,0.23758012410226811,True
2000,0.0,151,dml_pairs_boot,0.08612735689007238,0.07264066088263493,-0.09401952455243409,0.19192203338140607,True
2000,0.0,152,dml_if,-0.3247633349348168,0.2729565615411912,-0.8597581955555516,0.21023152568591796,True
2000,0.0,152,dml_mult_boot,-0.3247633349348168,0.2747060587844252,-0.7095086572985416,0.07929177231895003,True
2000,0.0,152,dml_pairs_boot,-0.3247633349348168,0.26562539610152647,-0.8156956979346094,0.04415379759667315,True
2000,0.0,153,dml_if,-0.04026964876982024,0.06979991206244172,-0.177077476412206,0.09653817887256554,True
2000,0.0,153,dml_mult_boot,-0.04026964876982024,0.07196107308289293,-0.18696349664568843,0.10592972818324353,True
2000,0.0,153,dml_pairs_boot,-0.04026964876982024,0.07929267889696365,-0.12443702206281794,0.1701407012572939,True
2000,0.0,154,dml_if,0.0992701253950099,0.06644646622236841,-0.030964948400832193,0.229505199190852,True
2000,0.0,154,dml_mult_boot,0.0992701253950099,0.06615582961063965,-0.02912916529496909,0.2248903117454923,True
2000,0.0,154,dml_pairs_boot,0.0992701253950099,0.06276379506416693,-0.005736294128316569,0.2470543901975364,True
2000,0.0,155,dml_if,0.0769310005689293,0.08717084109234959,-0.09392384797207588,0.2477858491099345,True
2000,0.0,155,dml_mult_boot,0.0769310005689293,0.08771693430332758,-0.10119697606619117,0.24000937821825946,True
2000,0.0,155,dml_pairs_boot,0.0769310005689293,0.08162829260346305,-0.09935988532106066,0.20737664472604617,True
2000,0.0,156,dml_if,-0.055012547469061625,0.07417238883796959,-0.200390429591482,0.09036533465335878,True
2000,0.0,156,dml_mult_boot,-0.055012547469061625,0.07207051262386997,-0.18382331599880544,0.09048606472222259,True
2000,0.0,156,dml_pairs_boot,-0.055012547469061625,0.06926019940299813,-0.1816956167528598,0.06407035957665755,True
2000,0.0,157,dml_if,-0.0015363534723141683,0.08907373531455708,-0.17612087468884605,0.1730481677442177,True
2000,0.0,157,dml_mult_boot,-0.0015363534723141683,0.08963991701939084,-0.18715303090452276,0.16604958665029085,True
2000,0.0,157,dml_pairs_boot,-0.0015363534723141683,0.08376186779459746,-0.1299512928613282,0.18261650022480483,True
2000,0.0,158,dml_if,-0.0006039560594462046,0.06785081132749599,-0.13359154626133835,0.13238363414244592,True
2000,0.0,158,dml_mult_boot,-0.0006039560594462046,0.06715143796071017,-0.12324000470077305,0.13788596087234697,True
2000,0.0,158,dml_pairs_boot,-0.0006039560594462046,0.06974905423308933,-0.12519793718728042,0.14378029152578636,True
2000,0.0,159,dml_if,0.008256862317948048,0.06707442231120775,-0.12320900541201914,0.13972273004791524,True
2000,0.0,159,dml_mult_boot,0.008256862317948048,0.06685492738936634,-0.1092387400497782,0.14489405420364454,True
2000,0.0,159,dml_pairs_boot,0.008256862317948048,0.07296453066053643,-0.1297466534210064,0.13334908240192606,True
2000,0.0,160,dml_if,-0.07469009513720473,0.06939185690428895,-0.21069813466961107,0.06131794439520161,True
2000,0.0,160,dml_mult_boot,-0.07469009513720473,0.07240313321254244,-0.21795206276697388,0.05871911844930827,True
2000,0.0,160,dml_pairs_boot,-0.07469009513720473,0.06262837349196985,-0.16860869083326288,0.059849123946301375,True
2000,0.0,161,dml_if,0.03670362623335882,0.07603848388804485,-0.11233180218720909,0.18573905465392673,True
2000,0.0,161,dml_mult_boot,0.03670362623335882,0.07659381122745954,-0.10769968741993861,0.17467728329834398,True
2000,0.0,161,dml_pairs_boot,0.03670362623335882,0.11310479135254203,-0.28022270515027875,0.19677007692973505,True
2000,0.0,162,dml_if,0.03742411331285788,0.07854476870212067,-0.11652363334329863,0.1913718599690144,True
2000,0.0,162,dml_mult_boot,0.03742411331285788,0.07965940930612575,-0.12379491471301339,0.18435645814394255,True
2000,0.0,162,dml_pairs_boot,0.03742411331285788,0.07848838164538305,-0.09426558478395651,0.20497068665326895,True
2000,0.0,163,dml_if,0.06078202734814235,0.10086829211471436,-0.13691982519669782,0.2584838798929825,True
2000,0.0,163,dml_mult_boot,0.06078202734814235,0.1030587699532891,-0.12896678607872603,0.2360143218894439,True
2000,0.0,163,dml_pairs_boot,0.06078202734814235,0.08485973240737776,-0.10459741558187621,0.2078224695104349,True
2000,0.0,164,dml_if,0.07368734313947727,0.07070477521711374,-0.06489401628606566,0.21226870256502017,True
2000,0.0,164,dml_mult_boot,0.07368734313947727,0.07302256324948424,-0.06472112903111499,0.22361573361069884,True
2000,0.0,164,dml_pairs_boot,0.07368734313947727,0.0661078450842263,-0.07140604589808205,0.20735667075901407,True
2000,0.0,165,dml_if,-0.07403930952731344,0.11918375223532135,-0.30763946390854324,0.1595608448539164,True
2000,0.0,165,dml_mult_boot,-0.07403930952731344,0.11796571091301315,-0.2915746173422551,0.13507396097722082,True
2000,0.0,165,dml_pairs_boot,-0.07403930952731344,0.1348035616573109,-0.3733398870108367,0.11580942621231878,True
2000,0.0,166,dml_if,0.02005946129819487,0.06115620385524405,-0.09980669825808346,0.1399256208544732,True
2000,0.0,166,dml_mult_boot,0.02005946129819487,0.06163831175926026,-0.09798881091489815,0.13480078693666464,True
2000,0.0,166,dml_pairs_boot,0.02005946129819487,0.06184985792364651,-0.13135101638972702,0.11405610352497873,True
2000,0.0,167,dml_if,-0.10147259533591126,0.07479596051431082,-0.24807267794396048,0.04512748727213796,True
2000,0.0,167,dml_mult_boot,-0.10147259533591126,0.07272906269366687,-0.23892046504595846,0.036311672313468345,True
2000,0.0,167,dml_pairs_boot,-0.10147259533591126,0.06901848664936638,-0.23872339489195754,0.020311327950997632,True
2000,0.0,168,dml_if,-0.05804948069522095,0.08756118021311171,-0.2296693939129199,0.113570432522478,True
2000,0.0,168,dml_mult_boot,-0.05804948069522095,0.08899368203961128,-0.22200772163924667,0.12119784153503389,True
2000,0.0,168,dml_pairs_boot,-0.05804948069522095,0.08503482606162101,-0.22657715772689202,0.11378930177211029,True
2000,0.0,169,dml_if,0.007807735177083249,0.06199217949376344,-0.1136969366306931,0.1293124069848596,True
2000,0.0,169,dml_mult_boot,0.007807735177083249,0.061645236479862114,-0.11032212450735024,0.13309597651235644,True
2000,0.0,169,dml_pairs_boot,0.007807735177083249,0.0701944813585227,-0.0898063705695568,0.17387262284960137,True
2000,0.0,170,dml_if,-0.038620336084767955,0.08343765719705581,-0.20215814419099734,0.12491747202146145,True
2000,0.0,170,dml_mult_boot,-0.038620336084767955,0.08034614885982733,-0.20748768158382624,0.11745888423095126,True
2000,0.0,170,dml_pairs_boot,-0.038620336084767955,0.08282925537932673,-0.17201199488596,0.13126210283140358,True
2000,0.0,171,dml_if,-0.09558799399786717,0.07528261167177512,-0.2431419128745464,0.05196592487881206,True
2000,0.0,171,dml_mult_boot,-0.09558799399786717,0.07732606177826483,-0.2403861682671051,0.055802330501564516,True
2000,0.0,171,dml_pairs_boot,-0.09558799399786717,0.06567693915681222,-0.19066830020845202,0.052272120377904,True
2000,0.0,172,dml_if,-0.021005286155729764,0.085054262339526,-0.18771164034120072,0.14570106802974117,True
2000,0.0,172,dml_mult_boot,-0.021005286155729764,0.08612987794826756,-0.18421210625951287,0.13824316913983142,True
2000,0.0,172,dml_pairs_boot,-0.021005286155729764,0.11240361860389851,-0.2725490765815796,0.12148302913024389,True
2000,0.0,173,dml_if,-0.016281250878806802,0.06631812803105765,-0.14626478181967978,0.11370228006206617,True
2000,0.0,173,dml_mult_boot,-0.016281250878806802,0.0662405144674642,-0.13901294827743915,0.10566291839744298,True
2000,0.0,173,dml_pairs_boot,-0.016281250878806802,0.06632134116500908,-0.15102564521502593,0.11973325437256044,True
2000,0.0,174,dml_if,0.04774568110212998,0.058059958603002775,-0.06605183775975546,0.16154319996401542,True
2000,0.0,174,dml_mult_boot,0.04774568110212998,0.05656583793136359,-0.06016796162044239,0.146004932978905,True
2000,0.0,174,dml_pairs_boot,0.04774568110212998,0.05978464864486273,-0.054215475898048725,0.1712296174788404,True
2000,0.0,175,dml_if,-0.006531309684466595,0.06303519048187245,-0.1300802830289366,0.11701766366000341,True
2000,0.0,175,dml_mult_boot,-0.006531309684466595,0.06353698288637845,-0.13367741088386412,0.1067363409123656,True
2000,0.0,175,dml_pairs_boot,-0.006531309684466595,0.06721778133150959,-0.1416534425552237,0.10622877677819302,True
2000,0.0,176,dml_if,0.009768099689231789,0.10941682439568426,-0.20468887612630937,0.22422507550477294,True
2000,0.0,176,dml_mult_boot,0.009768099689231789,0.11270312351271046,-0.18565355988066673,0.2003295063146569,True
2000,0.0,176,dml_pairs_boot,0.009768099689231789,0.10283959784211079,-0.16686297595022118,0.1866185705784802,True
2000,0.0,177,dml_if,-0.013153410335914948,0.0758504828338234,-0.1618203566902088,0.13551353601837893,True
2000,0.0,177,dml_mult_boot,-0.013153410335914948,0.07380753956421993,-0.16298968966562644,0.12479875239078538,True
2000,0.0,177,dml_pairs_boot,-0.013153410335914948,0.06603426219322248,-0.11712325666840952,0.13408112886513063,True
2000,0.0,178,dml_if,0.10551789912483618,0.063045838123308,-0.01805194359684749,0.22908774184651987,True
2000,0.0,178,dml_mult_boot,0.10551789912483618,0.06353201304718609,-0.02172701502661108,0.22084873254150156,True
2000,0.0,178,dml_pairs_boot,0.10551789912483618,0.0837335500727291,-0.06340783022640492,0.28199090374898633,True
2000,0.0,179,dml_if,-0.029219813536997256,0.06219588332287524,-0.15112374484983274,0.09268411777583821,True
2000,0.0,179,dml_mult_boot,-0.029219813536997256,0.06418279363861637,-0.16261213682148895,0.09394197824250525,True
2000,0.0,179,dml_pairs_boot,-0.029219813536997256,0.05942675067084445,-0.15730730138430057,0.0667569197630686,True
2000,0.0,180,dml_if,-0.04302552612580591,0.05552764528856279,-0.15185971089138897,0.06580865863977717,True
2000,0.0,180,dml_mult_boot,-0.04302552612580591,0.05680994562630334,-0.1559138170125728,0.06839232427971277,True
2000,0.0,180,dml_pairs_boot,-0.04302552612580591,0.06740203793891125,-0.1919346077394724,0.07664254930962427,True
2000,0.0,181,dml_if,0.08674017684977846,0.0627936766271837,-0.036335429339501596,0.2098157830390585,True
2000,0.0,181,dml_mult_boot,0.08674017684977846,0.06690382381645364,-0.02891540652374065,0.22822652182570985,True
2000,0.0,181,dml_pairs_boot,0.08674017684977846,0.0779749722543116,-0.02307421587667134,0.27023963727184325,True
2000,0.0,182,dml_if,0.041137011934333674,0.06999084007898064,-0.09604503462046837,0.1783190584891357,True
2000,0.0,182,dml_mult_boot,0.041137011934333674,0.06890369981332689,-0.09654274870456984,0.17021009727673442,True
2000,0.0,182,dml_pairs_boot,0.041137011934333674,0.06660116514063212,-0.06888915056496711,0.16143582878182075,True
2000,0.0,183,dml_if,0.020746814863267727,0.055292939407314376,-0.08762734637506846,0.12912097610160392,True
2000,0.0,183,dml_mult_boot,0.020746814863267727,0.05281963616396983,-0.07301002877199406,0.13724127067909156,True
2000,0.0,183,dml_pairs_boot,0.020746814863267727,0.06821689458259331,-0.08738443254766876,0.17286527793817646,True
2000,0.0,184,dml_if,-0.09556139591301757,0.08330023038643568,-0.2588298474704315,0.06770705564439636,True
2000,0.0,184,dml_mult_boot,-0.09556139591301757,0.08298093843595147,-0.25326364359375364,0.051177668751471804,True
2000,0.0,184,dml_pairs_boot,-0.09556139591301757,0.07641519616268551,-0.20478786734948093,0.07906402803219734,True
2000,0.0,185,dml_if,-0.008476079464233625,0.06831743371563331,-0.14237824954687492,0.12542609061840768,True
2000,0.0,185,dml_mult_boot,-0.008476079464233625,0.07296337566069265,-0.14918541171054983,0.13510015706500111,True
2000,0.0,185,dml_pairs_boot,-0.008476079464233625,0.06946215237440323,-0.09364576879568379,0.16888337108732,True
2000,0.0,186,dml_if,-0.03306352557888439,0.06587575159900211,-0.1621799987129285,0.09605294755515972,True
2000,0.0,186,dml_mult_boot,-0.03306352557888439,0.06674047779273276,-0.1541668340155375,0.10492184147322145,True
2000,0.0,186,dml_pairs_boot,-0.03306352557888439,0.06495483184773249,-0.14537987344550157,0.09941276744312799,True
2000,0.0,187,dml_if,-0.03368216225621473,0.05290075688504596,-0.13736764575090482,0.07000332123847534,True
2000,0.0,187,dml_mult_boot,-0.03368216225621473,0.05008260503979742,-0.13665263919795193,0.060505218419181724,True
2000,0.0,187,dml_pairs_boot,-0.03368216225621473,0.06682498275314727,-0.18325387802201673,0.07679815836902366,True
2000,0.0,188,dml_if,-0.10322192956196963,0.07989006476037204,-0.25980645649229883,0.05336259736835958,True
2000,0.0,188,dml_mult_boot,-0.10322192956196963,0.07410146152808329,-0.24277457765451554,0.0385473635876397,True
2000,0.0,188,dml_pairs_boot,-0.10322192956196963,0.07874509650138506,-0.23011929471214673,0.09514852562470533,True
2000,0.0,189,dml_if,0.06055012654214463,0.06071286552251179,-0.05844708988197847,0.17954734296626773,True
2000,0.0,189,dml_mult_boot,0.06055012654214463,0.06185346146930812,-0.06437386794125831,0.17575761827021266,True
2000,0.0,189,dml_pairs_boot,0.06055012654214463,0.06512640163924166,-0.05720910156725911,0.18942678984573832,True
2000,0.0,190,dml_if,-0.0642614832493884,0.0688676642034721,-0.19924210508819368,0.0707191385894169,True
2000,0.0,190,dml_mult_boot,-0.0642614832493884,0.0698268068828362,-0.19624141628805636,0.06939828919137232,True
2000,0.0,190,dml_pairs_boot,-0.0642614832493884,0.058861784759905146,-0.1457948619088051,0.05663935645195366,True
2000,0.0,191,dml_if,0.06010711745691898,0.07286411920429438,-0.08270655618349798,0.20292079109733596,True
2000,0.0,191,dml_mult_boot,0.06010711745691898,0.07533301750499724,-0.0922517594359858,0.19592164831227019,True
2000,0.0,191,dml_pairs_boot,0.06010711745691898,0.07796475762095521,-0.0893561442640036,0.18459853428947834,True
2000,0.0,192,dml_if,-0.029240464297175348,0.06514121979075987,-0.15691725508706472,0.09843632649271401,True
2000,0.0,192,dml_mult_boot,-0.029240464297175348,0.06233718672864593,-0.15452733939432495,0.07896722297220297,True
2000,0.0,192,dml_pairs_boot,-0.029240464297175348,0.06644923041817681,-0.143190763960563,0.09658270772896554,True
2000,0.0,193,dml_if,0.04032603446539452,0.07190865386594585,-0.10061492711185935,0.18126699604264837,True
2000,0.0,193,dml_mult_boot,0.04032603446539452,0.0718065683198465,-0.10159738863246216,0.1699363348229895,True
2000,0.0,193,dml_pairs_boot,0.04032603446539452,0.0753587177951929,-0.1111375358568844,0.15881327107857937,True
2000,0.0,194,dml_if,-0.1477057476439677,0.06670103131832972,-0.27843976902789397,-0.016971726260041453,False
2000,0.0,194,dml_mult_boot,-0.1477057476439677,0.06556943790771413,-0.2808580315531807,-0.018480873715474078,False
2000,0.0,194,dml_pairs_boot,-0.1477057476439677,0.06703917308865918,-0.25607822152619103,-0.016471454299650155,False
2000,0.0,195,dml_if,-0.045656148067284706,0.06180103832042816,-0.1667861831753239,0.07547388704075447,True
2000,0.0,195,dml_mult_boot,-0.045656148067284706,0.0617712460385595,-0.17013962443679867,0.06552037482491756,True
2000,0.0,195,dml_pairs_boot,-0.045656148067284706,0.06475767780009752,-0.1697910369047356,0.06745206949682793,True
2000,0.0,196,dml_if,0.02839101833184047,0.06456433582821235,-0.09815507989145572,0.15493711655513664,True
2000,0.0,196,dml_mult_boot,0.02839101833184047,0.06292845716272233,-0.08710442029038948,0.15876361328222202,True
2000,0.0,196,dml_pairs_boot,0.02839101833184047,0.05988594210632834,-0.08568530215574416,0.14421419532550336,True
2000,0.0,197,dml_if,0.05472976193320777,0.08596700441254147,-0.1137655667153735,0.22322509058178905,True
2000,0.0,197,dml_mult_boot,0.05472976193320777,0.08518362524374999,-0.10839187811706014,0.23500517618259747,True
2000,0.0,197,dml_pairs_boot,0.05472976193320777,0.09190163761053324,-0.09111439540886083,0.2623320341134309,True
2000,0.0,198,dml_if,-0.12410705588544219,0.08494966839609179,-0.29060840594178206,0.04239429417089771,True
2000,0.0,198,dml_mult_boot,-0.12410705588544219,0.08430093884832064,-0.2843600467148704,0.030786496839006267,True
2000,0.0,198,dml_pairs_boot,-0.12410705588544219,0.07867031830666636,-0.3015920877260069,-7.548163873557362e-05,False
2000,0.0,199,dml_if,0.05052748276531536,0.06496061309259157,-0.07679531889616414,0.17785028442679485,True
2000,0.0,199,dml_mult_boot,0.05052748276531536,0.06796776680452878,-0.09015337384989268,0.17525747180287465,True
2000,0.0,199,dml_pairs_boot,0.05052748276531536,0.06453011203839248,-0.07338368665934779,0.17224747139074564,True
2000,0.5,0,dml_if,0.446731383935772,0.06503216934728896,0.31926833201508564,0.5741944358564584,True
2000,0.5,0,dml_mult_boot,0.446731383935772,0.06569886809573801,0.3253042735459743,0.5804458917497578,True
2000,0.5,0,dml_pairs_boot,0.446731383935772,0.06550957530366042,0.311261864023671,0.5678054240160293,True
2000,0.5,1,dml_if,0.5884686840469481,0.10476320918102672,0.38313279405213574,0.7938045740417604,True
2000,0.5,1,dml_mult_boot,0.5884686840469481,0.10805523378929369,0.3737641479168196,0.7769690478532766,True
2000,0.5,1,dml_pairs_boot,0.5884686840469481,0.11856184253540179,0.36867126393424116,0.8287299620471806,True
2000,0.5,2,dml_if,0.5177551952159308,0.06126506387376317,0.397675670023355,0.6378347204085066,True
2000,0.5,2,dml_mult_boot,0.5177551952159308,0.05869454041084717,0.40667511941569273,0.6304279318387388,True
2000,0.5,2,dml_pairs_boot,0.5177551952159308,0.06733440443841808,0.39580808827005093,0.6319899868853153,True
2000,0.5,3,dml_if,0.5577932723129354,0.06725026605105028,0.42598275085287685,0.689603793772994,True
2000,0.5,3,dml_mult_boot,0.5577932723129354,0.07041810244955457,0.43040758492273,0.6894517439325204,True
2000,0.5,3,dml_pairs_boot,0.5577932723129354,0.06109727778116212,0.44359237429282045,0.6835029289697893,True
2000,0.5,4,dml_if,0.5234899905276489,0.06604300022944484,0.394045710077937,0.6529342709773608,True
2000,0.5,4,dml_mult_boot,0.5234899905276489,0.06946216823517809,0.39162699111675947,0.6569655545266151,True
2000,0.5,4,dml_pairs_boot,0.5234899905276489,0.06764179109161614,0.38972207320668945,0.6453120484548119,True
2000,0.5,5,dml_if,0.5052358023502548,0.07690759876648694,0.3544969087679404,0.6559746959325692,True
2000,0.5,5,dml_mult_boot,0.5052358023502548,0.082857455583635,0.33817041209793397,0.6564424908967943,True
2000,0.5,5,dml_pairs_boot,0.5052358023502548,0.08092079371325808,0.34641596433701644,0.6676035060296119,True
2000,0.5,6,dml_if,0.5366759072144178,0.08429384629266953,0.37145996848078555,0.7018918459480501,True
2000,0.5,6,dml_mult_boot,0.5366759072144178,0.07912289146272594,0.387074018223509,0.6919276063326897,True
2000,0.5,6,dml_pairs_boot,0.5366759072144178,0.08194962957176043,0.37415857934695146,0.6555918049189429,True
2000,0.5,7,dml_if,0.07373441718717397,0.5477536620861633,-0.999862760501706,1.1473315948760539,True
2000,0.5,7,dml_mult_boot,0.07373441718717397,0.5467532779204667,-0.5625303087114645,0.7202478307494163,True
2000,0.5,7,dml_pairs_boot,0.07373441718717397,0.35491355655350454,-0.49835663347611414,0.7306644183461429,True
2000,0.5,8,dml_if,0.5090166513877248,0.06759214033771108,0.3765360563258111,0.6414972464496385,True
2000,0.5,8,dml_mult_boot,0.5090166513877248,0.06506053417944745,0.3889854152366107,0.6313520247337332,True
2000,0.5,8,dml_pairs_boot,0.5090166513877248,0.06715313063150251,0.43596642554535325,0.663276635038536,True
2000,0.5,9,dml_if,0.5813066046800401,0.07658345786338429,0.4312030272678069,0.7314101820922734,True
2000,0.5,9,dml_mult_boot,0.5813066046800401,0.07720453461314528,0.4389803704333906,0.7302618025263632,True
2000,0.5,9,dml_pairs_boot,0.5813066046800401,0.07957049788130466,0.43137294859910924,0.7239326899206063,True
2000,0.5,10,dml_if,0.6048045402298435,0.06657237375619111,0.47432268766770896,0.7352863927919782,True
2000,0.5,10,dml_mult_boot,0.6048045402298435,0.06677513256538635,0.48065837461253025,0.7361768816089743,True
2000,0.5,10,dml_pairs_boot,0.6048045402298435,0.06710431191111214,0.47805238820359675,0.7637050900774612,True
2000,0.5,11,dml_if,0.41343770456752965,0.06848659240064123,0.2792039834622728,0.5476714256727865,True
2000,0.5,11,dml_mult_boot,0.41343770456752965,0.06856392571679341,0.27011844244234295,0.5454239215968849,True
2000,0.5,11,dml_pairs_boot,0.41343770456752965,0.06281161053764925,0.2963336990079053,0.5457103639907869,True
2000,0.5,12,dml_if,0.45432485028215996,0.0564732162066884,0.3436373465170507,0.5650123540472692,True
2000,0.5,12,dml_mult_boot,0.45432485028215996,0.056355823466927496,0.3438740467296657,0.5546696944588146,True
2000,0.5,12,dml_pairs_boot,0.45432485028215996,0.0615842763837087,0.3415894033295402,0.5797637795211125,True
2000,0.5,13,dml_if,0.5619434061947748,0.07594098988229253,0.4130990660254814,0.7107877463640682,True
2000,0.5,13,dml_mult_boot,0.5619434061947748,0.07524197140196949,0.41484260460955896,0.7031001348336848,True
2000,0.5,13,dml_pairs_boot,0.5619434061947748,0.08616893765218268,0.4107233704201481,0.7551230640848295,True
2000,0.5,14,dml_if,0.4744161436966148,0.09734690252094384,0.28361621475556487,0.6652160726376647,True
2000,0.5,14,dml_mult_boot,0.4744161436966148,0.0986984637650317,0.28322000902567335,0.6468651671727781,True
2000,0.5,14,dml_pairs_boot,0.4744161436966148,0.09240001025910644,0.2911266830804392,0.6543508707243668,True
2000,0.5,15,dml_if,0.4941133399772333,0.0668901837013484,0.3630085799225904,0.6252181000318762,True
2000,0.5,15,dml_mult_boot,0.4941133399772333,0.06448938390988165,0.3531290112895948,0.6297793325131137,True
2000,0.5,15,dml_pairs_boot,0.4941133399772333,0.06905696987635182,0.36139590669635,0.6294399595191987,True
2000,0.5,16,dml_if,0.5691603274999656,0.07089172753745944,0.4302125415265451,0.7081081134733861,True
2000,0.5,16,dml_mult_boot,0.5691603274999656,0.07536935134431048,0.4227389545936524,0.7176085583159787,True
2000,0.5,16,dml_pairs_boot,0.5691603274999656,0.07419307003254699,0.44541898348573866,0.7131209231328657,True
2000,0.5,17,dml_if,0.4874231244167777,0.1110483683037375,0.2697683225414522,0.7050779262921032,True
2000,0.5,17,dml_mult_boot,0.4874231244167777,0.11374027842923959,0.27021787470626246,0.7083745182052874,True
2000,0.5,17,dml_pairs_boot,0.4874231244167777,0.11640554258046082,0.27899665037667337,0.757281067652303,True
2000,0.5,18,dml_if,0.5363874422687414,0.07514371256016696,0.3891057656508141,0.6836691188866686,True
2000,0.5,18,dml_mult_boot,0.5363874422687414,0.07541697446936027,0.38295753533452165,0.6841755824288506,True
2000,0.5,18,dml_pairs_boot,0.5363874422687414,0.09257664606487816,0.3865647276352329,0.7182287990597678,True
2000,0.5,19,dml_if,0.5533381360348644,0.057404033713632015,0.4408262299561456,0.6658500421135831,True
2000,0.5,19,dml_mult_boot,0.5533381360348644,0.05750202881988568,0.4586063002642331,0.670859354095896,True
2000,0.5,19,dml_pairs_boot,0.5533381360348644,0.06349574782871913,0.43796033442984245,0.6816012576898325,True
2000,0.5,20,dml_if,0.5098820284629554,0.07372088689217088,0.36538909015430043,0.6543749667716103,True
2000,0.5,20,dml_mult_boot,0.5098820284629554,0.07435776447390183,0.35533968535848853,0.6524994782701778,True
2000,0.5,20,dml_pairs_boot,0.5098820284629554,0.09447419707317918,0.2962706879013428,0.6813651771526672,True
2000,0.5,21,dml_if,0.5168891596041172,0.10885158021624965,0.30354006238026787,0.7302382568279665,True
2000,0.5,21,dml_mult_boot,0.5168891596041172,0.10760814452842013,0.32968419102675545,0.7199731520918405,True
2000,0.5,21,dml_pairs_boot,0.5168891596041172,0.08826186141323887,0.3450534801565571,0.6903249085825273,True
2000,0.5,22,dml_if,0.3729687682769949,0.06937395456952036,0.23699581732073496,0.5089417192332548,True
2000,0.5,22,dml_mult_boot,0.3729687682769949,0.07096455988301252,0.23372496832252546,0.5108429884118336,True
2000,0.5,22,dml_pairs_boot,0.3729687682769949,0.06561659277126536,0.28687847360632684,0.5374207673333771,True
2000,0.5,23,dml_if,0.6771413300511399,0.1194678519654301,0.4429843401988969,0.9112983199033828,True
2000,0.5,23,dml_mult_boot,0.6771413300511399,0.1209914457490539,0.4794674826743668,0.8802740757540156,True
2000,0.5,23,dml_pairs_boot,0.6771413300511399,0.09177482292728026,0.48924584594467196,0.8191419510570419,True
2000,0.5,24,dml_if,0.42177171283884457,0.1523252250398704,0.1232142717606986,0.7203291539169905,True
2000,0.5,24,dml_mult_boot,0.42177171283884457,0.14969744505419122,0.18549322958048814,0.6733680293475692,True
2000,0.5,24,dml_pairs_boot,0.42177171283884457,0.11211492707368029,0.22839629911024392,0.6472622430796766,True
2000,0.5,25,dml_if,0.47606806810220254,0.07899478371247393,0.3212382920257536,0.6308978441786515,True
2000,0.5,25,dml_mult_boot,0.47606806810220254,0.08288687199684579,0.3285730841881475,0.6343869549118226,True
2000,0.5,25,dml_pairs_boot,0.47606806810220254,0.07539988813460942,0.31307755111870517,0.6001878551728551,True
2000,0.5,26,dml_if,0.45303627262362567,0.07076575060221607,0.3143354014432822,0.5917371438039691,True
2000,0.5,26,dml_mult_boot,0.45303627262362567,0.07032740117661973,0.29848833945618436,0.5805283678207043,True
2000,0.5,26,dml_pairs_boot,0.45303627262362567,0.06706009603416703,0.314241096256324,0.5882703098768489,True
2000,0.5,27,dml_if,0.47996423648093245,0.05805075140732639,0.3661847637225727,0.5937437092392922,True
2000,0.5,27,dml_mult_boot,0.47996423648093245,0.05562774173679758,0.3748787764017982,0.5887562237771393,True
2000,0.5,27,dml_pairs_boot,0.47996423648093245,0.05479977007098924,0.36157157399962175,0.5646500387492565,True
2000,0.5,28,dml_if,0.6750525291703998,0.1322623757536121,0.4158182726933201,0.9342867856474795,True
2000,0.5,28,dml_mult_boot,0.6750525291703998,0.13157844436733332,0.4545151190530501,0.8944605507993847,True
2000,0.5,28,dml_pairs_boot,0.6750525291703998,0.1327316661989564,0.42137139943885604,0.9166657165781018,True
2000,0.5,29,dml_if,0.5014181913340886,0.06606871091374629,0.3719235179431459,0.6309128647250313,True
2000,0.5,29,dml_mult_boot,0.5014181913340886,0.06821056170732753,0.3646672911984609,0.6284465955416824,True
2000,0.5,29,dml_pairs_boot,0.5014181913340886,0.06829839442646471,0.3822126805871331,0.640786446846175,True
2000,0.5,30,dml_if,0.620856169583003,0.07319245101236418,0.47739896559876926,0.7643133735672368,True
2000,0.5,30,dml_mult_boot,0.620856169583003,0.07036360648831179,0.47889403740097575,0.7449702038688968,True
2000,0.5,30,dml_pairs_boot,0.620856169583003,0.08527664884283827,0.5008421455865906,0.8417702063300571,False
2000,0.5,31,dml_if,0.49352012565698244,0.07306605023779753,0.3503106671908993,0.6367295841230656,True
2000,0.5,31,dml_mult_boot,0.49352012565698244,0.07430283814568787,0.3458885880577014,0.6279559343334403,True
2000,0.5,31,dml_pairs_boot,0.49352012565698244,0.07252485116648871,0.33933492131133347,0.6326462156793369,True
2000,0.5,32,dml_if,0.4693076643597614,0.08613409742413397,0.30048483340845883,0.638130495311064,True
2000,0.5,32,dml_mult_boot,0.4693076643597614,0.08550003018381201,0.31912174325840675,0.6451959865521968,True
2000,0.5,32,dml_pairs_boot,0.4693076643597614,0.06947967048185681,0.32420609643129417,0.6007008841318559,True
2000,0.5,33,dml_if,0.5167888749531504,0.0720281588066675,0.3756136836920821,0.6579640662142188,True
2000,0.5,33,dml_mult_boot,0.5167888749531504,0.07041075285706332,0.3905033077356731,0.6571518393941221,True
2000,0.5,33,dml_pairs_boot,0.5167888749531504,0.0733969286872457,0.3736367558239599,0.665792814053488,True
2000,0.5,34,dml_if,0.6358372056232886,0.17204519882844238,0.29862861591954154,0.9730457953270357,True
2000,0.5,34,dml_mult_boot,0.6358372056232886,0.16888789884777333,0.3504082463684676,0.9404828330703,True
2000,0.5,34,dml_pairs_boot,0.6358372056232886,0.1679079817690309,0.36864296129375634,1.0007436613988738,True
2000,0.5,35,dml_if,0.409642224850714,0.06491015823781772,0.2824183147045913,0.5368661349968367,True
2000,0.5,35,dml_mult_boot,0.409642224850714,0.06336415153397668,0.29115911102330677,0.5337889657780909,True
2000,0.5,35,dml_pairs_boot,0.409642224850714,0.07018573765356068,0.2874255886711542,0.5614321816167409,True
2000,0.5,36,dml_if,0.4401526916620287,0.06063477258366745,0.3213085373980405,0.5589968459260168,True
2000,0.5,36,dml_mult_boot,0.4401526916620287,0.06074418037829569,0.33506876898299803,0.5682420227858463,True
2000,0.5,36,dml_pairs_boot,0.4401526916620287,0.07115475327227411,0.29758126183625266,0.5464357791349606,True
2000,0.5,37,dml_if,0.5129387661228006,0.06827837387148021,0.3791131533346994,0.6467643789109019,True
2000,0.5,37,dml_mult_boot,0.5129387661228006,0.06597655159749377,0.3762579422876536,0.6339901951715433,True
2000,0.5,37,dml_pairs_boot,0.5129387661228006,0.06241783753526769,0.3943694478928702,0.6410712668191716,True
2000,0.5,38,dml_if,0.46430968457745725,0.06118016245872612,0.34439656615835407,0.5842228029965605,True
2000,0.5,38,dml_mult_boot,0.46430968457745725,0.06268167107152219,0.332114370612988,0.5841400305546113,True
2000,0.5,38,dml_pairs_boot,0.46430968457745725,0.05668583540852967,0.37290670385274055,0.5882825636493259,True
2000,0.5,39,dml_if,0.48775024874629686,0.08038699626840204,0.3301917360602289,0.6453087614323648,True
2000,0.5,39,dml_mult_boot,0.48775024874629686,0.08180947241158622,0.33137758738355877,0.6696494705843569,True
2000,0.5,39,dml_pairs_boot,0.48775024874629686,0.06958084126339345,0.31345881345725335,0.5724841603944735,True
2000,0.5,40,dml_if,0.40119995484459436,0.07673815048625855,0.2507931798915276,0.5516067297976611,True
2000,0.5,40,dml_mult_boot,0.40119995484459436,0.0751395937268311,0.25559311382257377,0.5432857476528333,True
2000,0.5,40,dml_pairs_boot,0.40119995484459436,0.07528768130282339,0.266895979202618,0.5792717202280524,True
2000,0.5,41,dml_if,0.4886444717807657,0.05634988519506392,0.3781986967984404,0.599090246763091,True
2000,0.5,41,dml_mult_boot,0.4886444717807657,0.05901777293526149,0.37525868469753954,0.6116177946319792,True
2000,0.5,41,dml_pairs_boot,0.4886444717807657,0.056130505040337994,0.348996812034296,0.5647579690955623,True
2000,0.5,42,dml_if,0.5396476682261983,0.06587928246994064,0.4105242745851146,0.668771061867282,True
2000,0.5,42,dml_mult_boot,0.5396476682261983,0.0648086272338594,0.4105560996883157,0.6548820034521382,True
2000,0.5,42,dml_pairs_boot,0.5396476682261983,0.07199249991549425,0.4206613727232973,0.6751537170837759,True
2000,0.5,43,dml_if,0.6659273959978248,0.05922927423702532,0.5498380184932552,0.7820167735023944,False
2000,0.5,43,dml_mult_boot,0.6659273959978248,0.062088358366506904,0.5388359444894975,0.7875654876006783,False
2000,0.5,43,dml_pairs_boot,0.6659273959978248,0.08159842499862362,0.501508425655224,0.8093796438448222,False
2000,0.5,44,dml_if,0.4133645009757053,0.09775402930864248,0.22176660353076608,0.6049623984206446,True
2000,0.5,44,dml_mult_boot,0.4133645009757053,0.0957237110630673,0.23595245737247347,0.5759416670518904,True
2000,0.5,44,dml_pairs_boot,0.4133645009757053,0.11182896154144958,0.12334959798236073,0.5646598742175554,True
2000,0.5,45,dml_if,0.44820610030031405,0.072254987711077,0.30658632438660316,0.5898258762140249,True
2000,0.5,45,dml_mult_boot,0.44820610030031405,0.07429448338757348,0.3085929763664065,0.5995486275237203,True
2000,0.5,45,dml_pairs_boot,0.44820610030031405,0.06319227106851123,0.28767387402256717,0.5531700751695525,True
2000,0.5,46,dml_if,0.5168356321575939,0.05585908327961443,0.4073518289295496,0.6263194353856382,True
2000,0.5,46,dml_mult_boot,0.5168356321575939,0.05444979225948188,0.4106685939128819,0.6288051106722753,True
2000,0.5,46,dml_pairs_boot,0.5168356321575939,0.06407522789606973,0.3875714929946633,0.6253533019544085,True
2000,0.5,47,dml_if,0.4717081226186102,0.1388374371725821,0.19958674576034935,0.743829499476871,True
2000,0.5,47,dml_mult_boot,0.4717081226186102,0.14029899516335334,0.2249141572038066,0.6905449201510848,True
2000,0.5,47,dml_pairs_boot,0.4717081226186102,0.1400251637020082,0.2091405191508029,0.7233449501231075,True
2000,0.5,48,dml_if,0.3912537767661133,0.0956190199612863,0.20384049764199214,0.5786670558902345,True
2000,0.5,48,dml_mult_boot,0.3912537767661133,0.0962892113228289,0.21622972603843427,0.5914778914515385,True
2000,0.5,48,dml_pairs_boot,0.3912537767661133,0.09401650354915277,0.2381877505825351,0.5550704026544223,True
2000,0.5,49,dml_if,0.554967333022769,0.07109956048949131,0.41561219446336606,0.694322471582172,True
2000,0.5,49,dml_mult_boot,0.554967333022769,0.0704899484440078,0.4210041142502288,0.6839054420517682,True
2000,0.5,49,dml_pairs_boot,0.554967333022769,0.0674281673618917,0.41263852988340305,0.659166053443894,True
2000,0.5,50,dml_if,0.4366832539914648,0.07154123800029988,0.29646242751087704,0.5769040804720525,True
2000,0.5,50,dml_mult_boot,0.4366832539914648,0.06998396724588798,0.2980696583595836,0.5719473147606123,True
2000,0.5,50,dml_pairs_boot,0.4366832539914648,0.08151646601485832,0.25819482529560067,0.5392601749991752,True
2000,0.5,51,dml_if,0.4576950585146044,0.08351768431661295,0.29400039725404303,0.6213897197751658,True
2000,0.5,51,dml_mult_boot,0.4576950585146044,0.08341917088822923,0.29778308425462335,0.6166187408389944,True
2000,0.5,51,dml_pairs_boot,0.4576950585146044,0.08383377401994924,0.2861725729422449,0.596591595604326,True
2000,0.5,52,dml_if,0.5600879300303259,0.06111416776081227,0.44030416121913385,0.6798716988415179,True
2000,0.5,52,dml_mult_boot,0.5600879300303259,0.060487087385422376,0.44720264693729034,0.6715882797916802,True
2000,0.5,52,dml_pairs_boot,0.5600879300303259,0.08166600468953451,0.38741191251498175,0.6956034815360568,True
2000,0.5,53,dml_if,0.3209654114103213,0.0864967081058679,0.15143186352282023,0.4904989592978224,False
2000,0.5,53,dml_mult_boot,0.3209654114103213,0.09255429292145509,0.1421935677937251,0.4728053960380681,False
2000,0.5,53,dml_pairs_boot,0.3209654114103213,0.0935565835258121,0.11984446831303486,0.5101715450779651,True
2000,0.5,54,dml_if,0.5476752996576102,0.06470706866372632,0.42084944507670663,0.6745011542385138,True
2000,0.5,54,dml_mult_boot,0.5476752996576102,0.06677103715483748,0.4035926997528562,0.678079229332876,True
2000,0.5,54,dml_pairs_boot,0.5476752996576102,0.07622078991637711,0.37648123972651965,0.6839536573123801,True
2000,0.5,55,dml_if,0.4140252329616568,0.07346691091964412,0.2700300875591543,0.5580203783641593,True
2000,0.5,55,dml_mult_boot,0.4140252329616568,0.07250979450034742,0.279013444417105,0.5576941619966534,True
2000,0.5,55,dml_pairs_boot,0.4140252329616568,0.07425688611755903,0.2884081195715187,0.5419581239982968,True
2000,0.5,56,dml_if,0.5846005049802526,0.06562922948037406,0.45596721519871947,0.7132337947617857,True
2000,0.5,56,dml_mult_boot,0.5846005049802526,0.06347390312865522,0.46537604836212254,0.6997577944533386,True
2000,0.5,56,dml_pairs_boot,0.5846005049802526,0.06723014928992321,0.4785803688204428,0.7069201318191946,True
2000,0.5,57,dml_if,0.4503591145366543,0.06056764776366041,0.3316465249198799,0.5690717041534287,True
2000,0.5,57,dml_mult_boot,0.4503591145366543,0.057548412912954955,0.34089313612385436,0.572624609201916,True
2000,0.5,57,dml_pairs_boot,0.4503591145366543,0.05643995343212483,0.33255064691384423,0.5609470234091014,True
2000,0.5,58,dml_if,0.42004852334243964,0.08592529898813203,0.25163493732570086,0.5884621093591784,True
2000,0.5,58,dml_mult_boot,0.42004852334243964,0.08506014325423929,0.25708622430849354,0.579065560768001,True
2000,0.5,58,dml_pairs_boot,0.42004852334243964,0.08210049247706827,0.29321810871569554,0.5915714078129202,True
2000,0.5,59,dml_if,0.4749369322132821,0.07642372108564463,0.3251464388854186,0.6247274255411456,True
2000,0.5,59,dml_mult_boot,0.4749369322132821,0.07746441035581786,0.32315358636060215,0.6194074469151921,True
2000,0.5,59,dml_pairs_boot,0.4749369322132821,0.06890420721711421,0.35568522078395665,0.6213680385738686,True
2000,0.5,60,dml_if,0.4427128209796712,0.06760916690887221,0.31019885383828166,0.5752267881210607,True
2000,0.5,60,dml_mult_boot,0.4427128209796712,0.06885204587921002,0.3051939106549707,0.5710350168558793,True
2000,0.5,60,dml_pairs_boot,0.4427128209796712,0.0712562084328906,0.31812785530797527,0.5811424128877194,True
2000,0.5,61,dml_if,0.42375849263364695,0.06030397264830636,0.3055627062429665,0.5419542790243275,True
2000,0.5,61,dml_mult_boot,0.42375849263364695,0.059775774105582276,0.3051391581187894,0.5458610497782289,True
2000,0.5,61,dml_pairs_boot,0.42375849263364695,0.060500620283748814,0.3098321245613296,0.5284607280285855,True
2000,0.5,62,dml_if,0.5404837505250774,0.06641934625305294,0.4103018318690936,0.6706656691810611,True
2000,0.5,62,dml_mult_boot,0.5404837505250774,0.06601301101025563,0.39401897769446104,0.6607157113652771,True
2000,0.5,62,dml_pairs_boot,0.5404837505250774,0.08272280896992015,0.3937514379749066,0.7097394576197779,True
2000,0.5,63,dml_if,0.41993656871525936,0.05666120406322796,0.30888060875133255,0.5309925286791861,True
2000,0.5,63,dml_mult_boot,0.41993656871525936,0.057646590381438524,0.3082357083504421,0.5373221479798438,True
2000,0.5,63,dml_pairs_boot,0.41993656871525936,0.06756164208886077,0.2814020953081922,0.548523856599395,True
2000,0.5,64,dml_if,0.5692214536062841,0.06362888455174015,0.4445088398848734,0.6939340673276948,True
2000,0.5,64,dml_mult_boot,0.5692214536062841,0.060889531975335094,0.4572574401252115,0.6864349433154373,True
2000,0.5,64,dml_pairs_boot,0.5692214536062841,0.059221961085638264,0.4453524977950227,0.6597146948623106,True
2000,0.5,65,dml_if,0.49710862066082057,0.06539369644468164,0.36893697562924455,0.6252802656923966,True
2000,0.5,65,dml_mult_boot,0.49710862066082057,0.06519773821921497,0.3603058556542972,0.6133900907892222,True
2000,0.5,65,dml_pairs_boot,0.49710862066082057,0.05896276655156823,0.38350157507137395,0.6153942662260291,True
2000,0.5,66,dml_if,0.5336088972396251,0.05904064619119643,0.41788923070488015,0.6493285637743701,True
2000,0.5,66,dml_mult_boot,0.5336088972396251,0.05700850019273549,0.43368459951446703,0.6448459393047477,True
2000,0.5,66,dml_pairs_boot,0.5336088972396251,0.051192392737164034,0.43936500090603736,0.6180861946846,True
2000,0.5,67,dml_if,0.45674681669321027,0.09547858267662074,0.26960879464703363,0.643884838739387,True
2000,0.5,67,dml_mult_boot,0.45674681669321027,0.09267448097076962,0.27894966169084473,0.6423655112510209,True
2000,0.5,67,dml_pairs_boot,0.45674681669321027,0.07802906793042305,0.3155698941278339,0.6077403950638962,True
2000,0.5,68,dml_if,0.37849427985835454,0.07939734595926498,0.2228754817781952,0.5341130779385139,True
2000,0.5,68,dml_mult_boot,0.37849427985835454,0.0774205268320991,0.23218102613617136,0.5249916266123915,True
2000,0.5,68,dml_pairs_boot,0.37849427985835454,0.08010038062343525,0.242427730503466,0.5348254948806774,True
2000,0.5,69,dml_if,0.4526810032235305,0.07664557145706363,0.3024556831676858,0.6029063232793752,True
2000,0.5,69,dml_mult_boot,0.4526810032235305,0.0775893290321644,0.3077889386799397,0.6006167051099925,True
2000,0.5,69,dml_pairs_boot,0.4526810032235305,0.06632523874431445,0.30587014673874585,0.5491293888757136,True
2000,0.5,70,dml_if,0.4368363440585489,0.10532116211235511,0.23040686631833288,0.6432658217987649,True
2000,0.5,70,dml_mult_boot,0.4368363440585489,0.10867734605929229,0.23748652393650369,0.6343997712542467,True
2000,0.5,70,dml_pairs_boot,0.4368363440585489,0.08308144590101589,0.3245759921842437,0.6154480744696331,True
2000,0.5,71,dml_if,0.5098769746728863,0.07461419897595234,0.3636331446800197,0.6561208046657528,True
2000,0.5,71,dml_mult_boot,0.5098769746728863,0.07469352979573776,0.333947337979342,0.6439856045005785,True
2000,0.5,71,dml_pairs_boot,0.5098769746728863,0.06663294274683543,0.36127810424272894,0.599287531794147,True
2000,0.5,72,dml_if,0.48766410011688266,0.06846038988639552,0.35348173593954746,0.6218464642942179,True
2000,0.5,72,dml_mult_boot,0.48766410011688266,0.06724575501735794,0.36071794953010716,0.6163337824173099,True
2000,0.5,72,dml_pairs_boot,0.48766410011688266,0.06628064795265275,0.37159165733216326,0.6188210318768065,True
2000,0.5,73,dml_if,0.4807591960373777,0.06770345594291645,0.3480604223892615,0.6134579696854939,True
2000,0.5,73,dml_mult_boot,0.4807591960373777,0.0714388387620975,0.34831330435830715,0.6244744146524092,True
2000,0.5,73,dml_pairs_boot,0.4807591960373777,0.055845938988029344,0.37649894082676205,0.6033857942339547,True
2000,0.5,74,dml_if,0.5441585787423964,0.06535741235825766,0.4160580505202114,0.6722591069645814,True
2000,0.5,74,dml_mult_boot,0.5441585787423964,0.06710143690098468,0.40834917656924646,0.6719865172480028,True
2000,0.5,74,dml_pairs_boot,0.5441585787423964,0.058543992602979975,0.44346754159764606,0.6571387951543028,True
2000,0.5,75,dml_if,0.5506299839532799,0.09722366984524643,0.3600715910565969,0.7411883768499629,True
2000,0.5,75,dml_mult_boot,0.5506299839532799,0.09174460740701204,0.3728961593875005,0.7257359307890549,True
2000,0.5,75,dml_pairs_boot,0.5506299839532799,0.09568667010573156,0.3938405775848166,0.7588675510096276,True
2000,0.5,76,dml_if,0.43360107340540865,0.05806596403126885,0.3197917839041217,0.5474103629066956,True
2000,0.5,76,dml_mult_boot,0.43360107340540865,0.054718833748482805,0.31546274343298625,0.536504521399601,True
2000,0.5,76,dml_pairs_boot,0.43360107340540865,0.04936153094341964,0.34452626738188097,0.5331532146762351,True
2000,0.5,77,dml_if,0.627266123890998,0.11047290824622216,0.41073922372840255,0.8437930240535935,True
2000,0.5,77,dml_mult_boot,0.627266123890998,0.10931136389312944,0.42914139073932595,0.810364141882399,True
2000,0.5,77,dml_pairs_boot,0.627266123890998,0.09155917224868791,0.4332538127544596,0.7929866845045359,True
2000,0.5,78,dml_if,0.5372537662201196,0.07097016786998342,0.3981522371949521,0.676355295245287,True
2000,0.5,78,dml_mult_boot,0.5372537662201196,0.0699520996094631,0.3970120633956953,0.6737581125916651,True
2000,0.5,78,dml_pairs_boot,0.5372537662201196,0.06978453365190304,0.3714701798702281,0.6542235469570583,True
2000,0.5,79,dml_if,0.5001113058556255,0.07263121165457877,0.3577541310126511,0.6424684806985999,True
2000,0.5,79,dml_mult_boot,0.5001113058556255,0.06915309408266294,0.360744369431576,0.6325591107993754,True
2000,0.5,79,dml_pairs_boot,0.5001113058556255,0.08080367746253811,0.3757153301133249,0.6989202027019826,True
2000,0.5,80,dml_if,0.7994650430193797,0.23772721190196647,0.33351970769152545,1.265410378347234,True
2000,0.5,80,dml_mult_boot,0.7994650430193797,0.2353233343621959,0.38066574118943697,1.2025906941363183,True
2000,0.5,80,dml_pairs_boot,0.7994650430193797,0.20753997193601723,0.44240308592250643,1.1689140174569508,True
2000,0.5,81,dml_if,0.537619276239833,0.07015105408017974,0.40012321024268066,0.6751153422369853,True
2000,0.5,81,dml_mult_boot,0.537619276239833,0.0681119214285823,0.41918809009035135,0.6716110785916207,True
2000,0.5,81,dml_pairs_boot,0.537619276239833,0.067426595796002,0.4072446465483241,0.6579749010492156,True
2000,0.5,82,dml_if,0.819410618366648,0.29987857435038234,0.23164861263989855,1.4071726240933975,True
2000,0.5,82,dml_mult_boot,0.819410618366648,0.2995336417331371,0.424672611908941,1.2113976858209126,True
2000,0.5,82,dml_pairs_boot,0.819410618366648,0.28792131832359313,0.42458204916778963,1.3493676836532325,True
2000,0.5,83,dml_if,0.5498398693647414,0.10479411963601018,0.34444339487816145,0.7552363438513213,True
2000,0.5,83,dml_mult_boot,0.5498398693647414,0.10059560432761798,0.3648455349643812,0.7347184558468108,True
2000,0.5,83,dml_pairs_boot,0.5498398693647414,0.08819007119681038,0.3835441477718897,0.735512731871243,True
2000,0.5,84,dml_if,0.3209434774105082,0.07895130739737309,0.16619891491165695,0.4756880399093595,False
2000,0.5,84,dml_mult_boot,0.3209434774105082,0.07824239502035381,0.16542404545010947,0.46763862349773244,False
2000,0.5,84,dml_pairs_boot,0.3209434774105082,0.08797808546137295,0.12562884206433445,0.45025320101908267,False
2000,0.5,85,dml_if,0.4742954327557128,0.06247841629398235,0.35183773681950736,0.5967531286919182,True
2000,0.5,85,dml_mult_boot,0.4742954327557128,0.062158951945116114,0.3528861368134951,0.5952024322912475,True
2000,0.5,85,dml_pairs_boot,0.4742954327557128,0.05726244698573396,0.3454045419737459,0.5667782321772123,True
2000,0.5,86,dml_if,0.36740061899617216,0.08809775029878605,0.1947290284105515,0.5400722095817928,True
2000,0.5,86,dml_mult_boot,0.36740061899617216,0.08601203520037501,0.20074671541891226,0.5399374960625158,True
2000,0.5,86,dml_pairs_boot,0.36740061899617216,0.08705055231040555,0.16071316486341425,0.5484103819786394,True
2000,0.5,87,dml_if,0.5122115563985206,0.07563647533447887,0.36396406474294196,0.6604590480540992,True
2000,0.5,87,dml_mult_boot,0.5122115563985206,0.0751352146756991,0.3770641199246459,0.6622742594790024,True
2000,0.5,87,dml_pairs_boot,0.5122115563985206,0.08091904235800966,0.3470189551851027,0.6615937628374305,True
2000,0.5,88,dml_if,0.5350735251317746,0.06945838312872737,0.398935094199469,0.6712119560640804,True
2000,0.5,88,dml_mult_boot,0.5350735251317746,0.07002380931634065,0.405105252403872,0.6727664623976256,True
2000,0.5,88,dml_pairs_boot,0.5350735251317746,0.07638185004337705,0.3927923448137038,0.6831739429122505,True
2000,0.5,89,dml_if,0.14345712820087694,0.3192770055804414,-0.48232580273678816,0.7692400591385421,True
2000,0.5,89,dml_mult_boot,0.14345712820087694,0.31544758433551223,-0.3385796108645832,0.6467432270845435,True
2000,0.5,89,dml_pairs_boot,0.14345712820087694,0.18978815606245353,-0.05553791421466705,0.6057790707543343,True
2000,0.5,90,dml_if,0.5151485902619679,0.06082125239268697,0.3959389355723014,0.6343582449516344,True
2000,0.5,90,dml_mult_boot,0.5151485902619679,0.060702385433508824,0.3960755514473274,0.6309397571573521,True
2000,0.5,90,dml_pairs_boot,0.5151485902619679,0.06208504529051423,0.38078250812496056,0.6017750432349507,True
2000,0.5,91,dml_if,0.5202772726270427,0.0816035947536166,0.3603342269099542,0.6802203183441312,True
2000,0.5,91,dml_mult_boot,0.5202772726270427,0.08014529855432415,0.3664238260817589,0.6730270249055207,True
2000,0.5,91,dml_pairs_boot,0.5202772726270427,0.09380362117890788,0.3908544527775565,0.7302063788585246,True
2000,0.5,92,dml_if,0.4938300007520388,0.052298365550434156,0.39132520427318784,0.5963347972308898,True
2000,0.5,92,dml_mult_boot,0.4938300007520388,0.04895746479612724,0.4074276564141986,0.589619441316221,True
2000,0.5,92,dml_pairs_boot,0.4938300007520388,0.05826271826031213,0.3887984936317671,0.5848734852065169,True
2000,0.5,93,dml_if,0.5310568716531553,0.07890329514614014,0.37640641316672063,0.68570733013959,True
2000,0.5,93,dml_mult_boot,0.5310568716531553,0.0800841397563586,0.3669660073049151,0.6717045327519655,True
2000,0.5,93,dml_pairs_boot,0.5310568716531553,0.09077704744467868,0.41363363454726443,0.7566030185104753,True
2000,0.5,94,dml_if,0.593927805814329,0.07990670858573411,0.4373106569862902,0.7505449546423679,True
2000,0.5,94,dml_mult_boot,0.593927805814329,0.0801895533438053,0.4544819606709716,0.7633346462949825,True
2000,0.5,94,dml_pairs_boot,0.593927805814329,0.07073028672066259,0.4177509710134015,0.6901782692887135,True
2000,0.5,95,dml_if,0.6121554393644456,0.05689395044947799,0.5006432964834687,0.7236675822454225,False
2000,0.5,95,dml_mult_boot,0.6121554393644456,0.05753907707518253,0.49007830197673263,0.7291179602039115,True
2000,0.5,95,dml_pairs_boot,0.6121554393644456,0.050960846495288196,0.5015670576586528,0.6809213047189305,False
2000,0.5,96,dml_if,0.5176085760904455,0.061197776104723135,0.39766093492518817,0.6375562172557029,True
2000,0.5,96,dml_mult_boot,0.5176085760904455,0.060643753374212545,0.39812171663549,0.630349537781712,True
2000,0.5,96,dml_pairs_boot,0.5176085760904455,0.05267898235171462,0.41172051827977835,0.6179234538993312,True
2000,0.5,97,dml_if,0.40350466442173033,0.06882266302912954,0.2686122448846364,0.5383970839588242,True
2000,0.5,97,dml_mult_boot,0.40350466442173033,0.0645181034292323,0.28818816771322,0.5414168152795353,True
2000,0.5,97,dml_pairs_boot,0.40350466442173033,0.07927307692114344,0.2439958416890888,0.5595800547100542,True
2000,0.5,98,dml_if,0.43358767737932924,0.08197787923450574,0.27291103407969797,0.5942643206789605,True
2000,0.5,98,dml_mult_boot,0.43358767737932924,0.07943957433792412,0.28129602373294216,0.5900344694639762,True
2000,0.5,98,dml_pairs_boot,0.43358767737932924,0.08962200395791507,0.2595041653838132,0.5853101192187476,True
2000,0.5,99,dml_if,0.4539029644244293,0.06670472209689134,0.32316170911452224,0.5846442197343363,True
2000,0.5,99,dml_mult_boot,0.4539029644244293,0.07320267617519544,0.3143481994246245,0.5948878842036655,True
2000,0.5,99,dml_pairs_boot,0.4539029644244293,0.06525081148837665,0.3350978497620537,0.5908977532704328,True
2000,0.5,100,dml_if,0.5276104614646477,0.06266214349399474,0.4047926602164181,0.6504282627128775,True
2000,0.5,100,dml_mult_boot,0.5276104614646477,0.06243384505980305,0.38989751174349224,0.6334028025024268,True
2000,0.5,100,dml_pairs_boot,0.5276104614646477,0.06193584645321536,0.42724886071849966,0.6669709204365707,True
2000,0.5,101,dml_if,0.4975542759894688,0.08586726939673095,0.3292544279718761,0.6658541240070615,True
2000,0.5,101,dml_mult_boot,0.4975542759894688,0.08667404541244905,0.3340764830340215,0.6552683376466039,True
2000,0.5,101,dml_pairs_boot,0.4975542759894688,0.08367942532219556,0.3305124361896696,0.6454324881511875,True
2000,0.5,102,dml_if,0.49989325385257555,0.07905451539529691,0.3449464036777936,0.6548401040273575,True
2000,0.5,102,dml_mult_boot,0.49989325385257555,0.07779159755051634,0.3604270999372681,0.6467354449102035,True
2000,0.5,102,dml_pairs_boot,0.49989325385257555,0.09870737784759044,0.2841904193008801,0.6628624887274932,True
2000,0.5,103,dml_if,0.6166615531888101,0.08941350671909085,0.44141108001939205,0.7919120263582282,True
2000,0.5,103,dml_mult_boot,0.6166615531888101,0.08757409947691012,0.44860303890063447,0.7805266926171844,True
2000,0.5,103,dml_pairs_boot,0.6166615531888101,0.08490498849303033,0.46709345095599486,0.7894975540798727,True
2000,0.5,104,dml_if,0.6067823526390327,0.07802523646984788,0.4538528891581308,0.7597118161199345,True
2000,0.5,104,dml_mult_boot,0.6067823526390327,0.07491302241614445,0.4660828075172063,0.7437296841578437,True
2000,0.5,104,dml_pairs_boot,0.6067823526390327,0.06263276309171872,0.4759292643155747,0.7057441699100744,True
2000,0.5,105,dml_if,0.5127692164137706,0.08267336088113073,0.3507294290867544,0.6748090037407868,True
2000,0.5,105,dml_mult_boot,0.5127692164137706,0.08005983082461123,0.353177393684346,0.6703486035573726,True
2000,0.5,105,dml_pairs_boot,0.5127692164137706,0.08270326377367034,0.3679320062759389,0.6693318477245779,True
2000,0.5,106,dml_if,0.4613370824692817,0.07365239968256286,0.3169783790914585,0.6056957858471048,True
2000,0.5,106,dml_mult_boot,0.4613370824692817,0.0783719455379845,0.31818697381368904,0.631281736915413,True
2000,0.5,106,dml_pairs_boot,0.4613370824692817,0.07774213929106703,0.3223417450075621,0.6275306929913654,True
2000,0.5,107,dml_if,0.5315150462739577,0.06464595354487349,0.40480897732600574,0.6582211152219097,True
2000,0.5,107,dml_mult_boot,0.5315150462739577,0.06362929353496569,0.4008976304564056,0.648442607169724,True
2000,0.5,107,dml_pairs_boot,0.5315150462739577,0.07099332050098142,0.39311136384634915,0.6835822539769434,True
2000,0.5,108,dml_if,0.4337126342920275,0.05867898655313553,0.3187018206478819,0.5487234479361731,True
2000,0.5,108,dml_mult_boot,0.4337126342920275,0.058751284380016484,0.31534030523064316,0.547286999830464,True
2000,0.5,108,dml_pairs_boot,0.4337126342920275,0.06997306450952795,0.31291549831206433,0.5902166282987337,True
2000,0.5,109,dml_if,0.4737547979629779,0.062461140702848854,0.35133096218539417,0.5961786337405617,True
2000,0.5,109,dml_mult_boot,0.4737547979629779,0.06317264906928421,0.3525158391900774,0.5973992885594905,True
2000,0.5,109,dml_pairs_boot,0.4737547979629779,0.06644966312837886,0.34004911661554216,0.603267795416179,True
2000,0.5,110,dml_if,0.40922716659488023,0.11778041587815971,0.1783775514736872,0.6400767817160733,True
2000,0.5,110,dml_mult_boot,0.40922716659488023,0.1175968975943794,0.20544444476190438,0.6267176714347039,True
2000,0.5,110,dml_pairs_boot,0.40922716659488023,0.14418641992048917,0.18343192323641,0.6113985030006556,True
2000,0.5,111,dml_if,0.5361336492606481,0.06163431425116634,0.4153303933283621,0.6569369051929341,True
2000,0.5,111,dml_mult_boot,0.5361336492606481,0.059976381060365,0.4224835381227887,0.6451847360362559,True
2000,0.5,111,dml_pairs_boot,0.5361336492606481,0.06888195709598148,0.38896861907581376,0.6463145229114378,True
2000,0.5,112,dml_if,0.4213153088278524,0.06150909802875569,0.3007574766914912,0.5418731409642136,True
2000,0.5,112,dml_mult_boot,0.4213153088278524,0.0613581378803981,0.3142647271775089,0.5446601341983847,True
2000,0.5,112,dml_pairs_boot,0.4213153088278524,0.07103845579691921,0.2961081524061654,0.5677994340607828,True
2000,0.5,113,dml_if,0.46491665264196924,0.09061236550550295,0.2873164162511835,0.6425168890327551,True
2000,0.5,113,dml_mult_boot,0.46491665264196924,0.08823520777730583,0.2884391784140957,0.6323082522106076,True
2000,0.5,113,dml_pairs_boot,0.46491665264196924,0.09271543665511671,0.26115345949532576,0.6082893785335723,True
2000,0.5,114,dml_if,0.47829504372245707,0.07866372115824519,0.3241141502522965,0.6324759371926176,True
2000,0.5,114,dml_mult_boot,0.47829504372245707,0.08125412176560243,0.33556717785617785,0.6473853338940339,True
2000,0.5,114,dml_pairs_boot,0.47829504372245707,0.06902500483394529,0.35795806871326513,0.6199571049356721,True
2000,0.5,115,dml_if,0.23582771058720695,0.3042641131178963,-0.36052995112386976,0.8321853722982837,True
2000,0.5,115,dml_mult_boot,0.23582771058720695,0.3028712069773171,-0.1863277133746632,0.640307857100522,True
2000,0.5,115,dml_pairs_boot,0.23582771058720695,0.33091870819121016,-0.5257274995846664,0.6248397136909805,True
2000,0.5,116,dml_if,0.5371487052827093,0.07745121929566691,0.38534431546320214,0.6889530951022165,True
2000,0.5,116,dml_mult_boot,0.5371487052827093,0.07787989089363427,0.3954536970274879,0.6865732847364585,True
2000,0.5,116,dml_pairs_boot,0.5371487052827093,0.08418300095588477,0.3545327924389252,0.6940148724860356,True
2000,0.5,117,dml_if,0.5674080918589021,0.07079406013867205,0.4286517339871049,0.7061644497306993,True
2000,0.5,117,dml_mult_boot,0.5674080918589021,0.06351177397382379,0.44019638310791187,0.6913740466679582,True
2000,0.5,117,dml_pairs_boot,0.5674080918589021,0.05719682732308024,0.46566154138414956,0.6810062453461595,True
2000,0.5,118,dml_if,0.4491708215504714,0.08564105886619879,0.2813143461727218,0.617027296928221,True
2000,0.5,118,dml_mult_boot,0.4491708215504714,0.07892034383672733,0.3069797026645389,0.6007403194861679,True
2000,0.5,118,dml_pairs_boot,0.4491708215504714,0.08418904476241419,0.33640697093128463,0.6455263633535706,True
2000,0.5,119,dml_if,0.5420500832662374,0.06994157328525867,0.4049645996271304,0.6791355669053444,True
2000,0.5,119,dml_mult_boot,0.5420500832662374,0.06808875289476596,0.40904412595632134,0.6748902844635081,True
2000,0.5,119,dml_pairs_boot,0.5420500832662374,0.07364168544790449,0.4036598725485487,0.6770898356272678,True
2000,0.5,120,dml_if,0.3186053787314334,0.06728141826121095,0.18673379893945993,0.45047695852340686,False
2000,0.5,120,dml_mult_boot,0.3186053787314334,0.06719448525813673,0.17678214579404702,0.45052336434335183,False
2000,0.5,120,dml_pairs_boot,0.3186053787314334,0.06364746126000714,0.18485642325358242,0.42046983182847114,False
2000,0.5,121,dml_if,0.4195916092943982,0.06798403446516345,0.28634290174267785,0.5528403168461186,True
2000,0.5,121,dml_mult_boot,0.4195916092943982,0.06964150417487495,0.2779661745652455,0.5450506984320987,True
2000,0.5,121,dml_pairs_boot,0.4195916092943982,0.06238920885282558,0.29482364555148666,0.5251630165806515,True
2000,0.5,122,dml_if,0.437146403033088,0.07286425210587719,0.29433246890556874,0.5799603371606072,True
2000,0.5,122,dml_mult_boot,0.437146403033088,0.07257374790403037,0.29577338092335864,0.5652852658552934,True
2000,0.5,122,dml_pairs_boot,0.437146403033088,0.06872742115637916,0.2839106776416415,0.5390279265600811,True
2000,0.5,123,dml_if,0.45069669480181485,0.07248718104446318,0.308621819954667,0.5927715696489627,True
2000,0.5,123,dml_mult_boot,0.45069669480181485,0.07118282448463223,0.3177783076590225,0.5921533444954259,True
2000,0.5,123,dml_pairs_boot,0.45069669480181485,0.07157558382503473,0.2976701112147927,0.5987776520409335,True
2000,0.5,124,dml_if,0.41809429196679615,0.06642603467656233,0.28789926400073396,0.5482893199328583,True
2000,0.5,124,dml_mult_boot,0.41809429196679615,0.06866979581439013,0.2873110391133484,0.539486631406687,True
2000,0.5,124,dml_pairs_boot,0.41809429196679615,0.06467945348647523,0.2973486582654017,0.5336586432131776,True
2000,0.5,125,dml_if,0.5461496228250963,0.09227568023086323,0.3652892895726043,0.7270099560775882,True
2000,0.5,125,dml_mult_boot,0.5461496228250963,0.090386475555894,0.3748685620627168,0.7116902645600023,True
2000,0.5,125,dml_pairs_boot,0.5461496228250963,0.08601576392997105,0.37813140289889496,0.7002506645870047,True
2000,0.5,126,dml_if,0.5246142469313998,0.13581363711891065,0.2584195181783349,0.7908089756844647,True
2000,0.5,126,dml_mult_boot,0.5246142469313998,0.1398036111331099,0.2672790188365446,0.8096633303499553,True
2000,0.5,126,dml_pairs_boot,0.5246142469313998,0.11043030812669838,0.30954229680035195,0.7348122914276568,True
2000,0.5,127,dml_if,0.48047749481458785,0.0847680639830136,0.31433208940788115,0.6466229002212945,True
2000,0.5,127,dml_mult_boot,0.48047749481458785,0.0818731839882974,0.32797722037600296,0.6382651968773801,True
2000,0.5,127,dml_pairs_boot,0.48047749481458785,0.08283524389824438,0.2876785269223368,0.6276000607113911,True
2000,0.5,128,dml_if,0.5106400938177634,0.07219101347361229,0.3691457074094834,0.6521344802260435,True
2000,0.5,128,dml_mult_boot,0.5106400938177634,0.07140149585254883,0.3775711176696959,0.6592775777920893,True
2000,0.5,128,dml_pairs_boot,0.5106400938177634,0.05820749348723576,0.38800796805300897,0.6175948914248519,True
2000,0.5,129,dml_if,0.4197675377924719,0.06689990204752279,0.28864372977932723,0.5508913458056166,True
2000,0.5,129,dml_mult_boot,0.4197675377924719,0.06759564439555116,0.29226389595184366,0.5510026023889019,True
2000,0.5,129,dml_pairs_boot,0.4197675377924719,0.05798619020046434,0.3151391007103075,0.5298064762844191,True
2000,0.5,130,dml_if,0.5522177592192674,0.06414188704924523,0.4264996606027468,0.677935857835788,True
2000,0.5,130,dml_mult_boot,0.5522177592192674,0.06503135877631584,0.42537248237817044,0.6822342219406221,True
2000,0.5,130,dml_pairs_boot,0.5522177592192674,0.058890641249249955,0.4488576298525665,0.6827215569973971,True
2000,0.5,131,dml_if,0.49284979380893695,0.06791055015256008,0.35974511550991917,0.6259544721079547,True
2000,0.5,131,dml_mult_boot,0.49284979380893695,0.06975199197561394,0.35342844735581214,0.6277412893183714,True
2000,0.5,131,dml_pairs_boot,0.49284979380893695,0.07225960390725512,0.365560754772645,0.6307801996358327,True
2000,0.5,132,dml_if,0.5797833567413545,0.06130065820963037,0.459634066650479,0.69993264683223,True
2000,0.5,132,dml_mult_boot,0.5797833567413545,0.06069706769942883,0.46780307032518514,0.708323884614962,True
2000,0.5,132,dml_pairs_boot,0.5797833567413545,0.06522677119993077,0.47582482350638544,0.712004377651672,True
2000,0.5,133,dml_if,0.5708130393919607,0.07846630689525226,0.4170190778772663,0.7246070009066552,True
2000,0.5,133,dml_mult_boot,0.5708130393919607,0.07810930912340813,0.4136325112139128,0.7091894693955195,True
2000,0.5,133,dml_pairs_boot,0.5708130393919607,0.07618803414467087,0.422916122420042,0.7100850051214784,True
2000,0.5,134,dml_if,0.6256078240181454,0.07983126535763713,0.46913854391717663,0.7820771041191141,True
2000,0.5,134,dml_mult_boot,0.6256078240181454,0.08039272793369909,0.4679972648921835,0.7792518201354228,True
2000,0.5,134,dml_pairs_boot,0.6256078240181454,0.07509083405403408,0.5159213792481395,0.7842232831147153,False
2000,0.5,135,dml_if,0.5792457340815517,0.06308945598211645,0.4555904003566034,0.7029010678064999,True
2000,0.5,135,dml_mult_boot,0.5792457340815517,0.06279779325797571,0.4638078832836763,0.7009441950228763,True
2000,0.5,135,dml_pairs_boot,0.5792457340815517,0.06468084528801282,0.46196248748442437,0.6986083409140257,True
2000,0.5,136,dml_if,0.4485158666665375,0.0676310965014399,0.3159589175237153,0.5810728158093597,True
2000,0.5,136,dml_mult_boot,0.4485158666665375,0.06906656133143392,0.3163723256957021,0.5755064655678631,True
2000,0.5,136,dml_pairs_boot,0.4485158666665375,0.06721458684259828,0.31577474989589716,0.5813780146652522,True
2000,0.5,137,dml_if,0.5217449828233905,0.07020963306066032,0.3841341020244963,0.6593558636222847,True
2000,0.5,137,dml_mult_boot,0.5217449828233905,0.06867612212855471,0.38545163300991414,0.6599001147797297,True
2000,0.5,137,dml_pairs_boot,0.5217449828233905,0.0711420305256353,0.3549130340218554,0.6366769571051095,True
2000,0.5,138,dml_if,0.427278837187095,0.0656913055575234,0.2985238782943491,0.5560337960798408,True
2000,0.5,138,dml_mult_boot,0.427278837187095,0.06476360969687606,0.29773102409745306,0.5561630945593838,True
2000,0.5,138,dml_pairs_boot,0.427278837187095,0.057320019302228055,0.333679489512994,0.5794784120775837,True
2000,0.5,139,dml_if,0.4422773531801636,0.0718378030188417,0.3014752592632339,0.5830794470970933,True
2000,0.5,139,dml_mult_boot,0.4422773531801636,0.07088815089853835,0.3050225362393447,0.5785326520158944,True
2000,0.5,139,dml_pairs_boot,0.4422773531801636,0.07859712457754928,0.33471003937546345,0.6506948336285193,True
2000,0.5,140,dml_if,0.33562013343008595,0.17877989093302793,-0.014788452798648766,0.6860287196588206,True
2000,0.5,140,dml_mult_boot,0.33562013343008595,0.17781659211191778,0.03898520521950063,0.6060709160212332,True
2000,0.5,140,dml_pairs_boot,0.33562013343008595,0.17684080031249888,-0.030016832270182533,0.6222229930451513,True
2000,0.5,141,dml_if,0.452948856666699,0.055162150034434136,0.34483104259920805,0.5610666707341899,True
2000,0.5,141,dml_mult_boot,0.452948856666699,0.05392718689593044,0.3476833503675326,0.5617084517408834,True
2000,0.5,141,dml_pairs_boot,0.452948856666699,0.05914881960624687,0.33086448973569166,0.5301196853905059,True
2000,0.5,142,dml_if,0.48295899447069546,0.09344016448384185,0.29981627208236544,0.6661017168590255,True
2000,0.5,142,dml_mult_boot,0.48295899447069546,0.09511160681232322,0.30318860066009723,0.6722839624563575,True
2000,0.5,142,dml_pairs_boot,0.48295899447069546,0.08077253965747196,0.370193817958974,0.6751421982949406,True
2000,0.5,143,dml_if,0.4721030700415438,0.0875982799385218,0.3004104413620411,0.6437956987210465,True
2000,0.5,143,dml_mult_boot,0.4721030700415438,0.08656198239591166,0.3019363948945219,0.6351939036916615,True
2000,0.5,143,dml_pairs_boot,0.4721030700415438,0.0807053340871027,0.32759583077150567,0.6496836681769008,True
2000,0.5,144,dml_if,0.4195477861639047,0.06612915618554989,0.28993464004022695,0.5491609322875824,True
2000,0.5,144,dml_mult_boot,0.4195477861639047,0.06653538257464099,0.28945911106052485,0.5436520274476947,True
2000,0.5,144,dml_pairs_boot,0.4195477861639047,0.07337836573654455,0.29968900415379446,0.5948651107585845,True
2000,0.5,145,dml_if,0.6535877571303063,0.07885568370357575,0.4990306170712978,0.8081448971893147,True
2000,0.5,145,dml_mult_boot,0.6535877571303063,0.07750251625315367,0.505448793540972,0.8037712714452868,False
2000,0.5,145,dml_pairs_boot,0.6535877571303063,0.09202611728565292,0.4874771700219244,0.8127979255769412,True
2000,0.5,146,dml_if,0.5526647630805606,0.0740744118781146,0.40747891579945594,0.6978506103616652,True
2000,0.5,146,dml_mult_boot,0.5526647630805606,0.06958101087652888,0.42236088014293194,0.6885324108546502,True
2000,0.5,146,dml_pairs_boot,0.5526647630805606,0.07411814183833396,0.43547192512983585,0.6954460842503637,True
2000,0.5,147,dml_if,0.380245647649366,0.07549901497863719,0.23226757829123715,0.5282237170074949,True
2000,0.5,147,dml_mult_boot,0.380245647649366,0.07682979040515354,0.22984476081664354,0.5229781523364213,True
2000,0.5,147,dml_pairs_boot,0.380245647649366,0.07263728617009713,0.26438778175750305,0.5259528370010083,True
2000,0.5,148,dml_if,0.5263955786939958,0.09796420656366166,0.33438573382921893,0.7184054235587727,True
2000,0.5,148,dml_mult_boot,0.5263955786939958,0.09322939400152591,0.3500529750627191,0.7028517406378996,True
2000,0.5,148,dml_pairs_boot,0.5263955786939958,0.08975544838600545,0.35285135623953917,0.6868299316894955,True
2000,0.5,149,dml_if,0.41397502218816373,0.06682630694789088,0.2829954605702976,0.5449545838060299,True
2000,0.5,149,dml_mult_boot,0.41397502218816373,0.06635146595035493,0.29048022528723216,0.5546692854489463,True
2000,0.5,149,dml_pairs_boot,0.41397502218816373,0.06588217417727671,0.26452604605379965,0.5123079444892349,True
2000,0.5,150,dml_if,0.580179181296911,0.06089164721640236,0.46083155275276244,0.6995268098410596,True
2000,0.5,150,dml_mult_boot,0.580179181296911,0.06266799658241212,0.46197210803563543,0.7086466777016663,True
2000,0.5,150,dml_pairs_boot,0.580179181296911,0.07011611426035591,0.46240033761304705,0.6979932880143138,True
2000,0.5,151,dml_if,0.6143122847736432,0.0946667235803393,0.4287655065561782,0.7998590629911082,True
2000,0.5,151,dml_mult_boot,0.6143122847736432,0.09673163337751266,0.4157810573451033,0.7912654471668561,True
2000,0.5,151,dml_pairs_boot,0.6143122847736432,0.0959678693452518,0.4647942727776924,0.8367892693544715,True
2000,0.5,152,dml_if,0.49225794092057074,0.06681086719077042,0.36130864122666073,0.6232072406144807,True
2000,0.5,152,dml_mult_boot,0.49225794092057074,0.06593836194269201,0.36547468276549216,0.6226993112706594,True
2000,0.5,152,dml_pairs_boot,0.49225794092057074,0.07181712361067583,0.3526840927338572,0.6376732661985636,True
2000,0.5,153,dml_if,0.43576144093206226,0.09241730620473124,0.25462352077078904,0.6168993610933355,True
2000,0.5,153,dml_mult_boot,0.43576144093206226,0.08909770516352866,0.2745095993081703,0.598615055287033,True
2000,0.5,153,dml_pairs_boot,0.43576144093206226,0.08914696107909167,0.2693259975232017,0.6087809383562232,True
2000,0.5,154,dml_if,0.4893208822219066,0.07957170281534665,0.3333603447038272,0.6452814197399861,True
2000,0.5,154,dml_mult_boot,0.4893208822219066,0.07697425766203049,0.333946208715851,0.639724362281166,True
2000,0.5,154,dml_pairs_boot,0.4893208822219066,0.07896100353967019,0.3456269493090011,0.622084994759739,True
2000,0.5,155,dml_if,0.47510434144725844,0.06550855884599519,0.3467075661091079,0.603501116785409,True
2000,0.5,155,dml_mult_boot,0.47510434144725844,0.06522844803649364,0.3408633944927871,0.6007994565248419,True
2000,0.5,155,dml_pairs_boot,0.47510434144725844,0.060286438712170216,0.37937882878444845,0.588132288532364,True
2000,0.5,156,dml_if,0.539553085107062,0.06787430989621429,0.40651943771048205,0.672586732503642,True
2000,0.5,156,dml_mult_boot,0.539553085107062,0.06851031514999927,0.3951437553575108,0.6659044692048176,True
2000,0.5,156,dml_pairs_boot,0.539553085107062,0.0689185647874843,0.418154673807352,0.6823854036184286,True
2000,0.5,157,dml_if,0.365005036090665,0.06775032671699455,0.23221439572535568,0.4977956764559743,False
2000,0.5,157,dml_mult_boot,0.365005036090665,0.06642165383025599,0.2361228688470794,0.4842268592249937,False
2000,0.5,157,dml_pairs_boot,0.365005036090665,0.07311295680312174,0.21090475657352034,0.49081918781727607,False
2000,0.5,158,dml_if,0.5081016836709373,0.06302619324291754,0.38457034491481895,0.6316330224270557,True
2000,0.5,158,dml_mult_boot,0.5081016836709373,0.06449229356502961,0.376774277886825,0.6272158131673157,True
2000,0.5,158,dml_pairs_boot,0.5081016836709373,0.07270863042404867,0.3686352363770424,0.6348764285845426,True
2000,0.5,159,dml_if,0.4368463042060321,0.07075709870965775,0.29816239073510287,0.5755302176769613,True
2000,0.5,159,dml_mult_boot,0.4368463042060321,0.07414841405119843,0.3031407280709053,0.5899972777295983,True
2000,0.5,159,dml_pairs_boot,0.4368463042060321,0.07026650209027965,0.3254210846237007,0.5694375461032234,True
2000,0.5,160,dml_if,0.4027569098896438,0.14450272081063065,0.11953157710080775,0.6859822426784798,True
2000,0.5,160,dml_mult_boot,0.4027569098896438,0.14863876998997233,0.15704094590882706,0.65813840503502,True
2000,0.5,160,dml_pairs_boot,0.4027569098896438,0.14391502317420118,0.0916160910401471,0.6732764264244732,True
2000,0.5,161,dml_if,0.5474483882789637,0.08082030539143313,0.38904058971175476,0.7058561868461726,True
2000,0.5,161,dml_mult_boot,0.5474483882789637,0.08408932740662335,0.3961509972278067,0.707023955004655,True
2000,0.5,161,dml_pairs_boot,0.5474483882789637,0.08044142444466897,0.3996067749852261,0.7100060556743443,True
2000,0.5,162,dml_if,0.40798008534430424,0.059365364157850806,0.29162397159491665,0.5243361990936918,True
2000,0.5,162,dml_mult_boot,0.40798008534430424,0.06082517552070409,0.2851966429775633,0.5245660678699755,True
2000,0.5,162,dml_pairs_boot,0.40798008534430424,0.05926167932117615,0.27217185374441477,0.49234385058582936,False
2000,0.5,163,dml_if,0.588391097577123,0.05961851988336543,0.4715387986057268,0.7052433965485193,True
2000,0.5,163,dml_mult_boot,0.588391097577123,0.06075369094560161,0.47233088595142225,0.7038409089767125,True
2000,0.5,163,dml_pairs_boot,0.588391097577123,0.06933890952519826,0.4391315555274587,0.7243243814197606,True
2000,0.5,164,dml_if,0.4759295684736793,0.09226701625089336,0.29508621662192835,0.6567729203254302,True
2000,0.5,164,dml_mult_boot,0.4759295684736793,0.09309166655806302,0.2985247867585109,0.6652799148746056,True
2000,0.5,164,dml_pairs_boot,0.4759295684736793,0.07869697215554564,0.32464223499729467,0.6357087086443566,True
2000,0.5,165,dml_if,0.5307355109394039,0.06416839082274114,0.4049654649268312,0.6565055569519764,True
2000,0.5,165,dml_mult_boot,0.5307355109394039,0.06103794424982863,0.4107700797168732,0.665423461961852,True
2000,0.5,165,dml_pairs_boot,0.5307355109394039,0.06312753680266846,0.4175044109978779,0.6481058210717235,True
2000,0.5,166,dml_if,0.5957472148714148,0.07364118397138458,0.451410494287501,0.7400839354553286,True
2000,0.5,166,dml_mult_boot,0.5957472148714148,0.0713852487901158,0.4736782437329881,0.7443987784837288,True
2000,0.5,166,dml_pairs_boot,0.5957472148714148,0.07065410943600624,0.4399967770660489,0.7236408803247876,True
2000,0.5,167,dml_if,0.5402934835876281,0.06560214556325694,0.41171327828364446,0.6688736888916117,True
2000,0.5,167,dml_mult_boot,0.5402934835876281,0.06271099190136195,0.426898812377441,0.6679752381765734,True
2000,0.5,167,dml_pairs_boot,0.5402934835876281,0.06350159241277521,0.40919148504269764,0.6413224888424635,True
2000,0.5,168,dml_if,0.4447502200374436,0.07601543723371418,0.2957599630593638,0.5937404770155233,True
2000,0.5,168,dml_mult_boot,0.4447502200374436,0.0733133621864178,0.2994431180858761,0.5811046210986185,True
2000,0.5,168,dml_pairs_boot,0.4447502200374436,0.08654687724308344,0.26937399002530266,0.5779868244473001,True
2000,0.5,169,dml_if,0.5266900083788587,0.06050479230366075,0.40810061546368365,0.6452794012940338,True
2000,0.5,169,dml_mult_boot,0.5266900083788587,0.059239926241172816,0.4139981412641092,0.6349058566356502,True
2000,0.5,169,dml_pairs_boot,0.5266900083788587,0.06958076633136194,0.40671609928768887,0.6482264348193081,True
2000,0.5,170,dml_if,0.5661222551875985,0.07647602219058316,0.4162292516940555,0.7160152586811415,True
2000,0.5,170,dml_mult_boot,0.5661222551875985,0.07202865160912963,0.4237333031191518,0.7046018980622926,True
2000,0.5,170,dml_pairs_boot,0.5661222551875985,0.06674803570471609,0.4033477694764793,0.6322803206068252,True
2000,0.5,171,dml_if,0.3911414601040932,0.06424557245617915,0.265220138089982,0.5170627821182043,True
2000,0.5,171,dml_mult_boot,0.3911414601040932,0.06425610119389842,0.2593715210050802,0.5054183008672971,True
2000,0.5,171,dml_pairs_boot,0.3911414601040932,0.07217325437227562,0.28207973738922165,0.5460860479374923,True
2000,0.5,172,dml_if,0.49067487551545663,0.07473363907910073,0.3441969429204192,0.637152808110494,True
2000,0.5,172,dml_mult_boot,0.49067487551545663,0.08281822646181836,0.2937557658065134,0.6308974038932674,True
2000,0.5,172,dml_pairs_boot,0.49067487551545663,0.062071993265281046,0.4052678407842746,0.6314939330498781,True
2000,0.5,173,dml_if,0.5430041530392975,0.09263325432448251,0.36144297456331176,0.7245653315152832,True
2000,0.5,173,dml_mult_boot,0.5430041530392975,0.08999542137593534,0.37748338231676715,0.7173606260083151,True
2000,0.5,173,dml_pairs_boot,0.5430041530392975,0.09118497901969866,0.4026922317121987,0.772350331555179,True
2000,0.5,174,dml_if,0.5340293859012292,0.058658746080279225,0.4190582435838819,0.6490005282185765,True
2000,0.5,174,dml_mult_boot,0.5340293859012292,0.059795082672259595,0.4213480366270224,0.6495307094700216,True
2000,0.5,174,dml_pairs_boot,0.5340293859012292,0.07707207201621384,0.3948596191844145,0.6859329366522672,True
2000,0.5,175,dml_if,0.5337080837917665,0.07555849246395814,0.38561343856240854,0.6818027290211244,True
2000,0.5,175,dml_mult_boot,0.5337080837917665,0.07896436807683664,0.380460694785922,0.6952246056559568,True
2000,0.5,175,dml_pairs_boot,0.5337080837917665,0.0813828846241745,0.38370311655675343,0.6763626554597825,True
2000,0.5,176,dml_if,0.5293651803209752,0.09362959530204609,0.3458511735289649,0.7128791871129856,True
2000,0.5,176,dml_mult_boot,0.5293651803209752,0.09440034630170906,0.36065998401714816,0.7152845137676666,True
2000,0.5,176,dml_pairs_boot,0.5293651803209752,0.08811287453414461,0.3830512044727141,0.7035202272776434,True
2000,0.5,177,dml_if,0.5503444069895589,0.05925318868104921,0.43420815717470246,0.6664806568044154,True
2000,0.5,177,dml_mult_boot,0.5503444069895589,0.0601361777816163,0.4367092956486446,0.6763014940583901,True
2000,0.5,177,dml_pairs_boot,0.5503444069895589,0.06175059451518571,0.418491421214867,0.6663428490672769,True
2000,0.5,178,dml_if,0.5380791303585886,0.06830104721599488,0.4042090778152386,0.6719491829019385,True
2000,0.5,178,dml_mult_boot,0.5380791303585886,0.06909366763138174,0.39379747300797224,0.675766902617491,True
2000,0.5,178,dml_pairs_boot,0.5380791303585886,0.07103306915155568,0.41024746387800015,0.6729686778998782,True
2000,0.5,179,dml_if,0.3717894589470327,0.10459870608882282,0.16677599501293996,0.5768029228811254,True
2000,0.5,179,dml_mult_boot,0.3717894589470327,0.10557637241626973,0.19147740817886263,0.5599342151435698,True
2000,0.5,179,dml_pairs_boot,0.3717894589470327,0.08981960795614842,0.21789280008169853,0.5686563507119352,True
2000,0.5,180,dml_if,0.4318363091415358,0.10240256787215082,0.2311272761121202,0.6325453421709515,True
2000,0.5,180,dml_mult_boot,0.4318363091415358,0.10236938260592919,0.23607471485709688,0.6212701602413929,True
2000,0.5,180,dml_pairs_boot,0.4318363091415358,0.10069657880145375,0.24287382340476152,0.6286780321134408,True
2000,0.5,181,dml_if,0.5327691250656144,0.06301561018314797,0.40925852910664434,0.6562797210245843,True
2000,0.5,181,dml_mult_boot,0.5327691250656144,0.0635178424771167,0.4167302190120214,0.6602580798188983,True
2000,0.5,181,dml_pairs_boot,0.5327691250656144,0.06136559337812744,0.4404355407496511,0.6449158783494945,True
2000,0.5,182,dml_if,0.5620852711139261,0.05525060347125643,0.4537940883102635,0.6703764539175887,True
2000,0.5,182,dml_mult_boot,0.5620852711139261,0.0559248280240126,0.45130721221352504,0.6664789378261924,True
2000,0.5,182,dml_pairs_boot,0.5620852711139261,0.07826955927894538,0.47675204666171445,0.7598107009265014,True
2000,0.5,183,dml_if,0.5740231400895152,0.10557368559044446,0.367098716332244,0.7809475638467863,True
2000,0.5,183,dml_mult_boot,0.5740231400895152,0.10474965448804693,0.36909757612061256,0.7690763906859442,True
2000,0.5,183,dml_pairs_boot,0.5740231400895152,0.10449571897526211,0.3102667807221682,0.7055876616940077,True
2000,0.5,184,dml_if,0.5489589663120766,0.07257019464692296,0.40672138480410763,0.6911965478200457,True
2000,0.5,184,dml_mult_boot,0.5489589663120766,0.0741282153399004,0.4016838713195566,0.6859327702249837,True
2000,0.5,184,dml_pairs_boot,0.5489589663120766,0.07467157004156429,0.4088060422642039,0.7043540497226689,True
2000,0.5,185,dml_if,0.5629390249865017,0.06498857135745947,0.43556142512588114,0.6903166248471223,True
2000,0.5,185,dml_mult_boot,0.5629390249865017,0.062307415237524054,0.43700079214136545,0.6826607805832791,True
2000,0.5,185,dml_pairs_boot,0.5629390249865017,0.06232365851680043,0.4524325478880783,0.6980921773248414,True
2000,0.5,186,dml_if,0.506625911351605,0.11074724479751548,0.28956131154847464,0.7236905111547353,True
2000,0.5,186,dml_mult_boot,0.506625911351605,0.11489545505610657,0.2897518215319088,0.7257981168895485,True
2000,0.5,186,dml_pairs_boot,0.506625911351605,0.09633848650841086,0.36320100870934985,0.6959255498460317,True
2000,0.5,187,dml_if,0.5701364318685289,0.05552387157066284,0.46130964359002974,0.678963220147028,True
2000,0.5,187,dml_mult_boot,0.5701364318685289,0.05652950488280214,0.46525396981738815,0.6745256967288784,True
2000,0.5,187,dml_pairs_boot,0.5701364318685289,0.06291688976106487,0.4749325808508055,0.7299630537806254,True
2000,0.5,188,dml_if,0.5510218855119351,0.07509277524220938,0.4038400460372047,0.6982037249866655,True
2000,0.5,188,dml_mult_boot,0.5510218855119351,0.07442658966106916,0.4003033814631339,0.6878607260613849,True
2000,0.5,188,dml_pairs_boot,0.5510218855119351,0.07331925485049547,0.3893565694127477,0.6884452656627803,True
2000,0.5,189,dml_if,0.436313939422327,0.07947346588047914,0.2805459462965879,0.5920819325480661,True
2000,0.5,189,dml_mult_boot,0.436313939422327,0.07477812533267364,0.2930460092904405,0.5823643352870481,True
2000,0.5,189,dml_pairs_boot,0.436313939422327,0.07961167803860247,0.2857160263010496,0.5886464579005141,True
2000,0.5,190,dml_if,0.6010921749868612,0.07747399049211676,0.4492431536223124,0.75294119635141,True
2000,0.5,190,dml_mult_boot,0.6010921749868612,0.0805373180685133,0.4516603510989458,0.7531202489372919,True
2000,0.5,190,dml_pairs_boot,0.6010921749868612,0.08485209929732251,0.43002262018091775,0.7020529293627953,True
2000,0.5,191,dml_if,0.4470058016463543,0.056872862719008016,0.3355349907170986,0.55847661257561,True
2000,0.5,191,dml_mult_boot,0.4470058016463543,0.05667004671121567,0.3289101167351312,0.5480909218667642,True
2000,0.5,191,dml_pairs_boot,0.4470058016463543,0.056715872271558714,0.3439694039303177,0.5441552096507444,True
2000,0.5,192,dml_if,0.5324832140803168,0.09987123957268108,0.3367355845178619,0.7282308436427718,True
2000,0.5,192,dml_mult_boot,0.5324832140803168,0.10001303072190719,0.3499622026606618,0.714960645814666,True
2000,0.5,192,dml_pairs_boot,0.5324832140803168,0.09642043082804802,0.3562327344630531,0.7101639177491393,True
2000,0.5,193,dml_if,0.49505723560037096,0.10061729993732162,0.2978473277232206,0.6922671434775214,True
2000,0.5,193,dml_mult_boot,0.49505723560037096,0.09848387830399673,0.3193142457090162,0.6910949498878178,True
2000,0.5,193,dml_pairs_boot,0.49505723560037096,0.11495287355797777,0.2554090847434155,0.6741502854571462,True
2000,0.5,194,dml_if,0.5975574012884194,0.06397225135194884,0.47217178863859965,0.7229430139382391,True
2000,0.5,194,dml_mult_boot,0.5975574012884194,0.06128923252542792,0.4863139770161337,0.7250242258108461,True
2000,0.5,194,dml_pairs_boot,0.5975574012884194,0.07254312213716825,0.4494222961113587,0.7452329181426948,True
2000,0.5,195,dml_if,0.5305698446417344,0.09567662519950845,0.3430436592506978,0.718096030032771,True
2000,0.5,195,dml_mult_boot,0.5305698446417344,0.09669218724111617,0.33502176203626294,0.7211881224782088,True
2000,0.5,195,dml_pairs_boot,0.5305698446417344,0.07999199635326174,0.4004324645609231,0.67992238153752,True
2000,0.5,196,dml_if,0.3839726609377437,0.059706607779196744,0.26694770969051806,0.5009976121849693,True
2000,0.5,196,dml_mult_boot,0.3839726609377437,0.06075786164158243,0.26304992563890406,0.4923369802163323,False
2000,0.5,196,dml_pairs_boot,0.3839726609377437,0.05948109979544621,0.28812215844214883,0.5110917170070944,True
2000,0.5,197,dml_if,0.43297818605742816,0.06726836946613139,0.30113218190381064,0.5648241902110457,True
2000,0.5,197,dml_mult_boot,0.43297818605742816,0.06541649807871482,0.30509070326869675,0.5700035573028833,True
2000,0.5,197,dml_pairs_boot,0.43297818605742816,0.05915434311626021,0.3254035861221739,0.542546881881223,True
2000,0.5,198,dml_if,0.4056688865923456,0.06701443170640362,0.27432060044779455,0.5370171727368966,True
2000,0.5,198,dml_mult_boot,0.4056688865923456,0.06467380701253715,0.28511935407160355,0.5277044791845182,True
2000,0.5,198,dml_pairs_boot,0.4056688865923456,0.062488784027410704,0.2965688706886789,0.522032196024,True
2000,0.5,199,dml_if,0.6398066600472381,0.11188201171000914,0.42051791709562014,0.859095402998856,True
2000,0.5,199,dml_mult_boot,0.6398066600472381,0.11419176431216448,0.444752669499803,0.839599104484345,True
2000,0.5,199,dml_pairs_boot,0.6398066600472381,0.0985440436722545,0.47758693151502074,0.8467559937497217,True
