n,theta_true,rep,estimator,theta_hat,se,ci_low,ci_high,covers
500,0.0,0,dml_if,0.1824409574652684,0.10486242336828458,-0.02308939233656937,0.38797130726710616,True
500,0.0,0,dml_mult_boot,0.1824409574652684,0.10208347639639594,-0.03091178746008562,0.38746772041387995,True
500,0.0,0,dml_pairs_boot,0.1824409574652684,0.10347629058265753,-0.013031580330413767,0.40391093396378547,True
500,0.0,1,dml_if,0.2541832020453868,0.14216247737993237,-0.024455253619280637,0.5328216577100542,True
500,0.0,1,dml_mult_boot,0.2541832020453868,0.13721845537677618,-0.003959370612842901,0.5275666638625585,True
500,0.0,1,dml_pairs_boot,0.2541832020453868,0.16499123706810642,-0.07882342568672544,0.5278056963360673,True
500,0.0,2,dml_if,-0.2526310612330401,0.20539668604136344,-0.6552085658741125,0.14994644340803226,True
500,0.0,2,dml_mult_boot,-0.2526310612330401,0.2132619530860675,-0.6496383309948693,0.13433470384679322,True
500,0.0,2,dml_pairs_boot,-0.2526310612330401,0.25825907066246123,-0.880266392010312,-0.009762142677536778,False
500,0.0,3,dml_if,-0.17278075636671317,0.1290350866197243,-0.4256895261413728,0.08012801340794642,True
500,0.0,3,dml_mult_boot,-0.17278075636671317,0.1330393888642372,-0.45224347814106725,0.08446762059919648,True
500,0.0,3,dml_pairs_boot,-0.17278075636671317,0.16188202255531414,-0.6425476943856561,0.006891034906700757,True
500,0.0,4,dml_if,0.13768847295162653,0.0928503243705977,-0.04429816281474497,0.31967510871799804,True
500,0.0,4,dml_mult_boot,0.13768847295162653,0.09447495635129564,-0.048630839528468396,0.3099175013651052,True
500,0.0,4,dml_pairs_boot,0.13768847295162653,0.09298555953259979,-0.02618685553906401,0.3173436726985552,True
500,0.0,5,dml_if,-0.20209791145991404,0.14794687125873238,-0.49207377912702954,0.08787795620720143,True
500,0.0,5,dml_mult_boot,-0.20209791145991404,0.14709669198286135,-0.48784646763039685,0.07844450119307607,True
500,0.0,5,dml_pairs_boot,-0.20209791145991404,0.19743778621804875,-0.5878749889369062,0.09784019358196647,True
500,0.0,6,dml_if,0.18707550254125146,0.09617325634431083,-0.0014240798935977461,0.3755750849761007,True
500,0.0,6,dml_mult_boot,0.18707550254125146,0.09868712127213145,-0.020087618696191255,0.3671230607065501,True
500,0.0,6,dml_pairs_boot,0.18707550254125146,0.10135008630222553,-0.02040350607324526,0.34018568821497547,True
500,0.0,7,dml_if,-0.05896353281926589,0.09975338131137437,-0.25448016018955966,0.13655309455102788,True
500,0.0,7,dml_mult_boot,-0.05896353281926589,0.09692910802864131,-0.23598748845563627,0.14667986988665047,True
500,0.0,7,dml_pairs_boot,-0.05896353281926589,0.09554319435303368,-0.23118390252939344,0.08968238041376977,True
500,0.0,8,dml_if,0.00910780141070464,0.10441608874445037,-0.1955477325284181,0.21376333534982736,True
500,0.0,8,dml_mult_boot,0.00910780141070464,0.10772681679463682,-0.22209718888422586,0.217252427189503,True
500,0.0,8,dml_pairs_boot,0.00910780141070464,0.1004379201608086,-0.1337198734173367,0.19090544143042693,True
500,0.0,9,dml_if,-0.032670313794819,0.13529982651776817,-0.2978579737696446,0.23251734618000663,True
500,0.0,9,dml_mult_boot,-0.032670313794819,0.13936948069458735,-0.2927815080095281,0.2496727886323167,True
500,0.0,9,dml_pairs_boot,-0.032670313794819,0.20650964710280706,-0.31463128682233765,0.21920079931917794,True
500,0.0,10,dml_if,0.20042659708482374,0.09332859090741509,0.017502558906290155,0.38335063526335733,False
500,0.0,10,dml_mult_boot,0.20042659708482374,0.09203221857892765,0.02677088829980577,0.3781776108535001,False
500,0.0,10,dml_pairs_boot,0.20042659708482374,0.08954191646409007,0.043877549266476114,0.3656029133310788,False
500,0.0,11,dml_if,0.2638765734094758,0.09425230550752917,0.07914205461471863,0.44861109220423295,False
500,0.0,11,dml_mult_boot,0.2638765734094758,0.09461888622314647,0.08461022443310184,0.4528722831565684,False
500,0.0,11,dml_pairs_boot,0.2638765734094758,0.07853509535379917,0.09342377490470404,0.39780593340599735,False
500,0.0,12,dml_if,0.13381127403264303,0.09944925618322478,-0.06110926808647754,0.3287318161517636,True
500,0.0,12,dml_mult_boot,0.13381127403264303,0.09478846213172684,-0.041280412350741626,0.3205873789886325,True
500,0.0,12,dml_pairs_boot,0.13381127403264303,0.09035622585750079,-0.04372330681197863,0.29431123875986037,True
500,0.0,13,dml_if,0.1562492559425745,0.09625636528355118,-0.032413220013185806,0.3449117318983348,True
500,0.0,13,dml_mult_boot,0.1562492559425745,0.09400694310318086,-0.022838142758133725,0.35032065736818874,True
500,0.0,13,dml_pairs_boot,0.1562492559425745,0.08829852826581767,0.006288292993884347,0.31136221173615103,False
500,0.0,14,dml_if,-0.003798124296797056,0.16234544165756667,-0.3219951899456277,0.3143989413520336,True
500,0.0,14,dml_mult_boot,-0.003798124296797056,0.15665612223030326,-0.28403948416227637,0.28954065498825526,True
500,0.0,14,dml_pairs_boot,-0.003798124296797056,0.2117707104959785,-0.21852360104349197,0.40302373158325855,True
500,0.0,15,dml_if,0.13427678674255525,0.09828282351969213,-0.05835754735604132,0.3269111208411518,True
500,0.0,15,dml_mult_boot,0.13427678674255525,0.1052299718849637,-0.07144767255695281,0.3435738182759538,True
500,0.0,15,dml_pairs_boot,0.13427678674255525,0.10650124119954221,-0.024319080080688928,0.39607573918073746,True
500,0.0,16,dml_if,0.15157978618376836,0.1129440911144178,-0.06979063240049055,0.37295020476802726,True
500,0.0,16,dml_mult_boot,0.15157978618376836,0.1090509919943865,-0.06433816330676068,0.36379182820920075,True
500,0.0,16,dml_pairs_boot,0.15157978618376836,0.11135032142478364,-0.0798897667067336,0.3350364281110292,True
500,0.0,17,dml_if,0.17610059595546118,0.09582533689218008,-0.011717064353211765,0.3639182562641341,True
500,0.0,17,dml_mult_boot,0.17610059595546118,0.09690456943459753,-0.007016014905309634,0.35943017313491804,True
500,0.0,17,dml_pairs_boot,0.17610059595546118,0.10951726606568762,-0.05083310530565288,0.319853491663103,True
500,0.0,18,dml_if,0.14488621614418992,0.0948960782325212,-0.04111009719155165,0.33088252947993146,True
500,0.0,18,dml_mult_boot,0.14488621614418992,0.09118147903733745,-0.034732373427564724,0.32005001377507086,True
500,0.0,18,dml_pairs_boot,0.14488621614418992,0.10250253223599722,-0.04963197914905846,0.3553742752364706,True
500,0.0,19,dml_if,0.018998664263166546,0.1256937375008294,-0.2273610612384591,0.2653583897647922,True
500,0.0,19,dml_mult_boot,0.018998664263166546,0.1220225760385694,-0.20107005310228698,0.2596862637440825,True
500,0.0,19,dml_pairs_boot,0.018998664263166546,0.17573803844169822,-0.2765027669029711,0.30613977701925515,True
500,0.0,20,dml_if,-0.03302353240218487,0.2083604841513862,-0.4414100813389018,0.3753630165345321,True
500,0.0,20,dml_mult_boot,-0.03302353240218487,0.20613840706605754,-0.39935026295014703,0.3220848427030863,True
500,0.0,20,dml_pairs_boot,-0.03302353240218487,0.2559136292492325,-0.5952994269205965,0.37539943640642,True
500,0.0,21,dml_if,0.18615864006021476,0.09398456607619092,0.001948890550880572,0.370368389569549,False
500,0.0,21,dml_mult_boot,0.18615864006021476,0.09548267474331036,-0.004467499127727175,0.3650792741162981,True
500,0.0,21,dml_pairs_boot,0.18615864006021476,0.0914146957555322,0.03907355503805904,0.3316034070892896,False
500,0.0,22,dml_if,0.1457245725377857,0.09639125174601403,-0.043202280884401784,0.3346514259599732,True
500,0.0,22,dml_mult_boot,0.1457245725377857,0.0975122470054787,-0.026776405578318056,0.3320813049197582,True
500,0.0,22,dml_pairs_boot,0.1457245725377857,0.08378820011597718,-0.05281445711869191,0.2708817939229462,True
500,0.0,23,dml_if,0.16374025281688415,0.13970550304219964,-0.11008253314582717,0.43756303877959546,True
500,0.0,23,dml_mult_boot,0.16374025281688415,0.13549282094577628,-0.11266203320984543,0.43004464161996125,True
500,0.0,23,dml_pairs_boot,0.16374025281688415,0.17552221349605934,-0.27333558847899225,0.3257091886393413,True
500,0.0,24,dml_if,0.13456332904556906,0.16479632188952323,-0.18843746185789645,0.45756411994903456,True
500,0.0,24,dml_mult_boot,0.13456332904556906,0.1593769353303122,-0.17924426147445865,0.43493145649970805,True
500,0.0,24,dml_pairs_boot,0.13456332904556906,0.1718673416703048,-0.16531056460843022,0.4037331651134712,True
500,0.0,25,dml_if,-0.19407815987374846,0.19796641295552433,-0.5820923292665762,0.19393600951907922,True
500,0.0,25,dml_mult_boot,-0.19407815987374846,0.20254146774860646,-0.5838891693747487,0.1819738650402314,True
500,0.0,25,dml_pairs_boot,-0.19407815987374846,0.30384687619993067,-0.8179364968053823,0.1340944291646996,True
500,0.0,26,dml_if,-0.1639760038633367,0.23022239310700368,-0.6152118943530639,0.28725988662639057,True
500,0.0,26,dml_mult_boot,-0.1639760038633367,0.22750126529785,-0.5871693536442735,0.2867755534227435,True
500,0.0,26,dml_pairs_boot,-0.1639760038633367,0.2996720634147689,-0.8404770955075398,0.2638819949928265,True
500,0.0,27,dml_if,0.1688225087974588,0.10514107341578129,-0.037253995097472514,0.3748990126923901,True
500,0.0,27,dml_mult_boot,0.1688225087974588,0.10652244028882539,-0.031235580965143547,0.36338276738252234,True
500,0.0,27,dml_pairs_boot,0.1688225087974588,0.09839023661510657,-0.004147863348561475,0.35842871951811467,True
500,0.0,28,dml_if,0.09979145069172021,0.09784884961914807,-0.09199229456180999,0.2915751959452504,True
500,0.0,28,dml_mult_boot,0.09979145069172021,0.09311994570227922,-0.08080089437474192,0.2807531151095552,True
500,0.0,28,dml_pairs_boot,0.09979145069172021,0.09859648816839614,-0.03278647145662238,0.33674389685189177,True
500,0.0,29,dml_if,0.34878814119242346,0.10560841993541961,0.14179563811900103,0.555780644265846,False
500,0.0,29,dml_mult_boot,0.34878814119242346,0.10692030138929072,0.14933451823921026,0.5483535987439498,False
500,0.0,29,dml_pairs_boot,0.34878814119242346,0.1123462256521361,0.15416116081639733,0.5023538119633155,False
500,0.0,30,dml_if,0.10270221852983011,0.09956532174723619,-0.0924458120947528,0.29785024915441305,True
500,0.0,30,dml_mult_boot,0.10270221852983011,0.10090424012956575,-0.09763262796034747,0.27871222565770415,True
500,0.0,30,dml_pairs_boot,0.10270221852983011,0.07896720820521451,-0.012365155897796562,0.25914481370180287,True
500,0.0,31,dml_if,0.06802398269975043,0.09758175509672568,-0.1232362572898319,0.25928422268933277,True
500,0.0,31,dml_mult_boot,0.06802398269975043,0.09861296011927553,-0.11920555209833655,0.2500654374402166,True
500,0.0,31,dml_pairs_boot,0.06802398269975043,0.07310168744261261,-0.0642273226788294,0.1952535382144149,True
500,0.0,32,dml_if,0.22590528550795824,0.09977579702262043,0.030344723343622204,0.4214658476722943,False
500,0.0,32,dml_mult_boot,0.22590528550795824,0.09837777252597993,0.03807195332349666,0.42111460672091394,False
500,0.0,32,dml_pairs_boot,0.22590528550795824,0.1055792529587073,0.06443821443692126,0.39424005374904425,False
500,0.0,33,dml_if,0.08012060253375954,0.12651836753267506,-0.16785539783028358,0.3280966028978027,True
500,0.0,33,dml_mult_boot,0.08012060253375954,0.13093185626075213,-0.16508606696526956,0.3508652717218441,True
500,0.0,33,dml_pairs_boot,0.08012060253375954,0.15384540584971854,-0.3067600422102946,0.269417449287411,True
500,0.0,34,dml_if,-0.05357106831084124,0.14087421530088082,-0.32968453030056766,0.22254239367888518,True
500,0.0,34,dml_mult_boot,-0.05357106831084124,0.1366401394854152,-0.3266935770634013,0.2082220080337713,True
500,0.0,34,dml_pairs_boot,-0.05357106831084124,0.15981549708317427,-0.33763544848783356,0.17759906034206874,True
500,0.0,35,dml_if,0.16644328216089901,0.14063551517341472,-0.10920232757899381,0.4420888919007918,True
500,0.0,35,dml_mult_boot,0.16644328216089901,0.14517471991589942,-0.11056588744861155,0.4367976903125872,True
500,0.0,35,dml_pairs_boot,0.16644328216089901,0.15725661076616396,-0.21576940971449945,0.32465088394998803,True
500,0.0,36,dml_if,0.008161193176782603,0.1528858135105487,-0.29149500130389283,0.30781738765745803,True
500,0.0,36,dml_mult_boot,0.008161193176782603,0.15211526406992573,-0.26110498896455303,0.320859244114779,True
500,0.0,36,dml_pairs_boot,0.008161193176782603,0.2131609700105061,-0.4153356613355778,0.4162249007834806,True
500,0.0,37,dml_if,0.10155179135105649,0.0989080374295089,-0.09230796201078095,0.29541154471289394,True
500,0.0,37,dml_mult_boot,0.10155179135105649,0.09897691744102603,-0.08737545002557404,0.29819571779783033,True
500,0.0,37,dml_pairs_boot,0.10155179135105649,0.11440031806408865,-0.07079842667014893,0.35715027277049644,True
500,0.0,38,dml_if,0.0261356043243604,0.16080194747792043,-0.28903621273236363,0.34130742138108444,True
500,0.0,38,dml_mult_boot,0.0261356043243604,0.16174253470595548,-0.29138483606922544,0.3312585463915985,True
500,0.0,38,dml_pairs_boot,0.0261356043243604,0.17063261917285683,-0.2944437425920687,0.28491943334798225,True
500,0.0,39,dml_if,0.1378293029465838,0.097299261155108,-0.05287724891742787,0.32853585481059544,True
500,0.0,39,dml_mult_boot,0.1378293029465838,0.10802544456731225,-0.07574426136271631,0.3522842571137202,True
500,0.0,39,dml_pairs_boot,0.1378293029465838,0.09557468605988223,-0.08521141548627092,0.2592036036455261,True
500,0.0,40,dml_if,-0.08164551282530885,0.15228620287220684,-0.3801264704548343,0.21683544480421657,True
500,0.0,40,dml_mult_boot,-0.08164551282530885,0.15445651975677785,-0.3775721694697989,0.2135220737766436,True
500,0.0,40,dml_pairs_boot,-0.08164551282530885,0.18756470363096472,-0.4495675390462337,0.19972569055053918,True
500,0.0,41,dml_if,0.2916346202707392,0.09956396328024925,0.09648925224145069,0.4867799883000278,False
500,0.0,41,dml_mult_boot,0.2916346202707392,0.10051571724297315,0.08236779164390146,0.4766087902718475,False
500,0.0,41,dml_pairs_boot,0.2916346202707392,0.08456827215724338,0.1900764966598994,0.4696406676261308,False
500,0.0,42,dml_if,-0.030813428717516415,0.17024813925077395,-0.36449978164903335,0.3028729242140005,True
500,0.0,42,dml_mult_boot,-0.030813428717516415,0.1712854657296165,-0.3955937005279801,0.27840306624725764,True
500,0.0,42,dml_pairs_boot,-0.030813428717516415,0.5577967411095316,-0.6081992924938523,1.8226543331162908,True
500,0.0,43,dml_if,0.19992829299721782,0.17294311374231575,-0.13904020993772104,0.5388967959321567,True
500,0.0,43,dml_mult_boot,0.19992829299721782,0.17317109600397512,-0.11049997568320072,0.5522611659282213,True
500,0.0,43,dml_pairs_boot,0.19992829299721782,0.21570236831336195,-0.13876240697356315,0.7723070865511795,True
500,0.0,44,dml_if,-0.11520149341402362,0.14730990131685004,-0.4039288999950497,0.17352591316700244,True
500,0.0,44,dml_mult_boot,-0.11520149341402362,0.1550624727855282,-0.4275387721789608,0.1713303348543961,True
500,0.0,44,dml_pairs_boot,-0.11520149341402362,0.2385279027080104,-0.694864677072382,0.1389307031508199,True
500,0.0,45,dml_if,0.017521981132925128,0.09230843918217038,-0.1634025596641288,0.19844652192997908,True
500,0.0,45,dml_mult_boot,0.017521981132925128,0.09391525697168458,-0.15888493074210658,0.2131013764365683,True
500,0.0,45,dml_pairs_boot,0.017521981132925128,0.10086944425257723,-0.18982839021349096,0.18995026970562395,True
500,0.0,46,dml_if,0.44757267083899044,0.19646888074908314,0.06249366457078748,0.8326516771071935,False
500,0.0,46,dml_mult_boot,0.44757267083899044,0.19045442257572398,0.09884385238325591,0.8064810708889616,False
500,0.0,46,dml_pairs_boot,0.44757267083899044,0.2366656444444458,-0.1942312521874924,0.7233276602728501,True
500,0.0,47,dml_if,0.315463521210256,0.15574791608023605,0.010197605692993328,0.6207294367275187,False
500,0.0,47,dml_mult_boot,0.315463521210256,0.16039520519063308,0.03153533421432916,0.6291844258221337,False
500,0.0,47,dml_pairs_boot,0.315463521210256,0.2508163881384542,-0.16244420938444623,0.6490260950129804,True
500,0.0,48,dml_if,0.2438833507384877,0.09113275857869738,0.06526314392424085,0.4225035575527345,False
500,0.0,48,dml_mult_boot,0.2438833507384877,0.09418917379870916,0.040734664545693834,0.4214111983127626,False
500,0.0,48,dml_pairs_boot,0.2438833507384877,0.08991977694065728,0.09512110636630469,0.38289932876718813,False
500,0.0,49,dml_if,0.03386990902253486,0.18334016130120231,-0.3254768071278217,0.39321662517289135,True
500,0.0,49,dml_mult_boot,0.03386990902253486,0.1855627625076705,-0.31944799601568635,0.40240708338360265,True
500,0.0,49,dml_pairs_boot,0.03386990902253486,0.2386938529171376,-0.5009365708167849,0.3104307949316182,True
500,0.0,50,dml_if,0.09265598355058159,0.09361236048738,-0.09082424300468321,0.2761362101058464,True
500,0.0,50,dml_mult_boot,0.09265598355058159,0.09738244308586815,-0.09488562968631147,0.2959247545411177,True
500,0.0,50,dml_pairs_boot,0.09265598355058159,0.09315459465401532,-0.024670385749307036,0.30786070549652145,True
500,0.0,51,dml_if,0.1944980375344941,0.16177322363175872,-0.122577480783753,0.5115735558527412,True
500,0.0,51,dml_mult_boot,0.1944980375344941,0.15510753422865567,-0.12980880805062817,0.49011443723081705,True
500,0.0,51,dml_pairs_boot,0.1944980375344941,0.21778266443462369,-0.15907774529797325,0.3986955617959225,True
500,0.0,52,dml_if,-0.0022000428966297675,0.18374076132657632,-0.36233193509671935,0.3579318493034598,True
500,0.0,52,dml_mult_boot,-0.0022000428966297675,0.18524520538643352,-0.36859209417990224,0.3728554370106028,True
500,0.0,52,dml_pairs_boot,-0.0022000428966297675,0.35484248799381424,-1.213914244101429,0.24910343920204422,True
500,0.0,53,dml_if,0.21455266582716026,0.09627814984879553,0.025847492123521026,0.4032578395307995,False
500,0.0,53,dml_mult_boot,0.21455266582716026,0.09940287493726342,0.02786864422926025,0.4110824245772832,False
500,0.0,53,dml_pairs_boot,0.21455266582716026,0.09490770713510095,0.008524498276149876,0.34256657629321313,False
500,0.0,54,dml_if,-0.017293967241555096,0.15446081255024274,-0.32003715984003084,0.2854492253569207,True
500,0.0,54,dml_mult_boot,-0.017293967241555096,0.15161252370663175,-0.31131564693692,0.28013474066927596,True
500,0.0,54,dml_pairs_boot,-0.017293967241555096,0.23645969496443078,-0.5050408950052508,0.3492140672830242,True
500,0.0,55,dml_if,0.03413932242590228,0.09915089878699523,-0.16019643919660836,0.22847508404841294,True
500,0.0,55,dml_mult_boot,0.03413932242590228,0.09824281920267247,-0.16079318637854484,0.22871556657120953,True
500,0.0,55,dml_pairs_boot,0.03413932242590228,0.09711300924228397,-0.18583934669301527,0.18206796374056963,True
500,0.0,56,dml_if,0.1398538316638356,0.09616612669456917,-0.04863177665751997,0.3283394399851912,True
500,0.0,56,dml_mult_boot,0.1398538316638356,0.099936841441424,-0.0612555022624768,0.3309246415634445,True
500,0.0,56,dml_pairs_boot,0.1398538316638356,0.08992297806077423,0.03268325744028898,0.33584700968815223,False
500,0.0,57,dml_if,0.17232274910411557,0.15829924793897845,-0.1379437768562822,0.4825892750645133,True
500,0.0,57,dml_mult_boot,0.17232274910411557,0.15209917341665175,-0.12519707701683566,0.47792594874593036,True
500,0.0,57,dml_pairs_boot,0.17232274910411557,0.1771161332392537,-0.19540502296559556,0.5426986079670775,True
500,0.0,58,dml_if,0.17822095852126119,0.13922419227741,-0.09465845834246245,0.4511003753849848,True
500,0.0,58,dml_mult_boot,0.17822095852126119,0.13276195737182825,-0.0606850068472197,0.4385753081239549,True
500,0.0,58,dml_pairs_boot,0.17822095852126119,0.2641307095299022,-0.22704307815535638,0.5264136529384854,True
500,0.0,59,dml_if,0.10810139728209603,0.1039357369249228,-0.09561264709075268,0.31181544165494474,True
500,0.0,59,dml_mult_boot,0.10810139728209603,0.10833414510753951,-0.1144103097160978,0.31400012295979757,True
500,0.0,59,dml_pairs_boot,0.10810139728209603,0.11451897199318217,-0.11769993184348605,0.3233983655260855,True
500,0.0,60,dml_if,0.003487213573597735,0.10292976129951087,-0.19825511857344355,0.20522954572063903,True
500,0.0,60,dml_mult_boot,0.003487213573597735,0.09982722453596027,-0.18502175583895045,0.18700540502047275,True
500,0.0,60,dml_pairs_boot,0.003487213573597735,0.11314741790455578,-0.15124306402730092,0.26307590476883785,True
500,0.0,61,dml_if,0.16981373014164985,0.13120008304880715,-0.08733843263401214,0.42696589291731185,True
500,0.0,61,dml_mult_boot,0.16981373014164985,0.13179996639470443,-0.06579607388013285,0.42934820798829476,True
500,0.0,61,dml_pairs_boot,0.16981373014164985,0.17318839994735089,-0.20202092446838055,0.4552064943495121,True
500,0.0,62,dml_if,0.2082618445700238,0.10157258110892574,0.009179585596529372,0.40734410354351824,False
500,0.0,62,dml_mult_boot,0.2082618445700238,0.10607832496055479,0.01537328496985555,0.43438369362343104,False
500,0.0,62,dml_pairs_boot,0.2082618445700238,0.10424347696555196,-0.012213649886243247,0.3417832428560222,True
500,0.0,63,dml_if,0.06156677285496144,0.12144446951285594,-0.17646438739023618,0.2995979331001591,True
500,0.0,63,dml_mult_boot,0.06156677285496144,0.11657151493170329,-0.1902010613799821,0.2784037404595973,True
500,0.0,63,dml_pairs_boot,0.06156677285496144,0.13006411007523463,-0.2277411025812179,0.2439835261635002,True
500,0.0,64,dml_if,0.1071310165125241,0.09796443219669164,-0.0848792705929915,0.2991413036180397,True
500,0.0,64,dml_mult_boot,0.1071310165125241,0.09893208443827717,-0.09841413334707706,0.30703624584264405,True
500,0.0,64,dml_pairs_boot,0.1071310165125241,0.08624975757081067,-0.042500870239638215,0.2780455624826364,True
500,0.0,65,dml_if,-0.026364352883876094,0.12782919893857494,-0.276909582803483,0.22418087703573078,True
500,0.0,65,dml_mult_boot,-0.026364352883876094,0.1216429703125819,-0.27361649686690537,0.19316439593313256,True
500,0.0,65,dml_pairs_boot,-0.026364352883876094,0.1473699207286406,-0.31155295275985573,0.1984554553471473,True
500,0.0,66,dml_if,0.010685965199023428,0.16278046936955431,-0.30836375476530303,0.3297356851633499,True
500,0.0,66,dml_mult_boot,0.010685965199023428,0.15963241527109487,-0.2948592463057734,0.31245410352313086,True
500,0.0,66,dml_pairs_boot,0.010685965199023428,0.1961054961965436,-0.42650699290533267,0.3279258685656412,True
500,0.0,67,dml_if,0.06317869215650697,0.09595881258454092,-0.12490058050919324,0.2512579648222072,True
500,0.0,67,dml_mult_boot,0.06317869215650697,0.09256863701002609,-0.12771618442357505,0.2344479591300656,True
500,0.0,67,dml_pairs_boot,0.06317869215650697,0.09122231998412314,-0.0598983729247684,0.2436510246473206,True
500,0.0,68,dml_if,0.08531621591373437,0.13015464512656877,-0.1697868885343404,0.3404193203618091,True
500,0.0,68,dml_mult_boot,0.08531621591373437,0.12494251375100032,-0.14566178234159924,0.3275837133897895,True
500,0.0,68,dml_pairs_boot,0.08531621591373437,0.13485789534494314,-0.18322272214950536,0.348572353402327,True
500,0.0,69,dml_if,0.25986485874660925,0.137114282249826,-0.00887913446304972,0.5286088519562682,True
500,0.0,69,dml_mult_boot,0.25986485874660925,0.1298727586734037,0.02092208763400493,0.5357020711685719,False
500,0.0,69,dml_pairs_boot,0.25986485874660925,0.16045965726995817,0.03420648509273946,0.5662247277453247,False
500,0.0,70,dml_if,0.03836391915483995,0.21909894844789335,-0.391070019803031,0.4677978581127109,True
500,0.0,70,dml_mult_boot,0.03836391915483995,0.2185218167975735,-0.3491212596505843,0.4611415135411573,True
500,0.0,70,dml_pairs_boot,0.03836391915483995,0.2769303732187247,-0.298423189947165,0.7211250025777602,True
500,0.0,71,dml_if,-0.009729856437618504,0.1438293394997767,-0.2916353618571808,0.27217564898194385,True
500,0.0,71,dml_mult_boot,-0.009729856437618504,0.1475577490061806,-0.2822261714551781,0.27739390180429757,True
500,0.0,71,dml_pairs_boot,-0.009729856437618504,0.15754163342206448,-0.3085755537208733,0.25618640732899367,True
500,0.0,72,dml_if,0.18984918579667787,0.10274376429040252,-0.011528592212511068,0.3912269638058668,True
500,0.0,72,dml_mult_boot,0.18984918579667787,0.10653348667606245,-0.015708695352900107,0.40531204949700717,True
500,0.0,72,dml_pairs_boot,0.18984918579667787,0.08969755270631462,0.024234482769364504,0.3807457917436747,False
500,0.0,73,dml_if,-0.4317609684388814,0.2561241811561561,-0.9337643635049473,0.07024242662718455,True
500,0.0,73,dml_mult_boot,-0.4317609684388814,0.25678501242262186,-0.8664259789303154,0.03805403855955389,True
500,0.0,73,dml_pairs_boot,-0.4317609684388814,0.5646277109373105,-1.4061246939328098,0.24988044031723478,True
500,0.0,74,dml_if,0.14243296298832775,0.18843038147430627,-0.22689058470131251,0.511756510677968,True
500,0.0,74,dml_mult_boot,0.14243296298832775,0.19146699033483494,-0.23739788158132807,0.48197722064518983,True
500,0.0,74,dml_pairs_boot,0.14243296298832775,0.263995671944708,-0.5541925168591885,0.4159418706615398,True
500,0.0,75,dml_if,-0.08677423605251877,0.16604260876677554,-0.41221774923539883,0.2386692771303613,True
500,0.0,75,dml_mult_boot,-0.08677423605251877,0.17546463825819616,-0.4236722791980261,0.24809913077789592,True
500,0.0,75,dml_pairs_boot,-0.08677423605251877,0.27383472591761016,-0.8919054949805073,0.2835795559959031,True
500,0.0,76,dml_if,-0.20814566284907454,0.2186602052084366,-0.6367196650576102,0.22042833935946116,True
500,0.0,76,dml_mult_boot,-0.20814566284907454,0.2262861767305915,-0.6235454334979156,0.19015334942825124,True
500,0.0,76,dml_pairs_boot,-0.20814566284907454,0.2543910769119361,-0.7242828787740185,0.10661230961172141,True
500,0.0,77,dml_if,0.2015045932569848,0.09585098981369145,0.013636653222149575,0.38937253329182003,False
500,0.0,77,dml_mult_boot,0.2015045932569848,0.09421629773898176,0.010950861081302861,0.378275151568369,False
500,0.0,77,dml_pairs_boot,0.2015045932569848,0.08701286076116722,0.09075769706987133,0.441082426155772,False
500,0.0,78,dml_if,0.14775395293722426,0.18269953273869188,-0.21033713123061182,0.5058450371050603,True
500,0.0,78,dml_mult_boot,0.14775395293722426,0.176000267569131,-0.17365683805072918,0.5187514187222694,True
500,0.0,78,dml_pairs_boot,0.14775395293722426,0.2815660429379639,-0.41157142202302793,0.6129017286024248,True
500,0.0,79,dml_if,0.03799459199792767,0.14377503517811124,-0.24380447695117033,0.31979366094702566,True
500,0.0,79,dml_mult_boot,0.03799459199792767,0.15429202937950692,-0.2684854816561753,0.33406822949770154,True
500,0.0,79,dml_pairs_boot,0.03799459199792767,0.17746851235525318,-0.23564179530014226,0.4226320039227797,True
500,0.0,80,dml_if,0.1980828954227455,0.23750589942463243,-0.2674286674495341,0.6635944582950251,True
500,0.0,80,dml_mult_boot,0.1980828954227455,0.23383904583699175,-0.22264505564120077,0.6206220421500751,True
500,0.0,80,dml_pairs_boot,0.1980828954227455,0.29993663380592617,-0.4689989194946423,0.7683047751862754,True
500,0.0,81,dml_if,0.17884574766736236,0.09593401950102083,-0.009184930554638454,0.3668764258893632,True
500,0.0,81,dml_mult_boot,0.17884574766736236,0.09486294657155481,-0.012609180365452288,0.37419596528161686,True
500,0.0,81,dml_pairs_boot,0.17884574766736236,0.1081680589017062,-0.06208140354843475,0.3112816529251348,True
500,0.0,82,dml_if,-0.01469687979167655,0.1578076953178062,-0.3239999626145767,0.2946062030312236,True
500,0.0,82,dml_mult_boot,-0.01469687979167655,0.15663743093724505,-0.34190910855227513,0.26527078555998335,True
500,0.0,82,dml_pairs_boot,-0.01469687979167655,0.23476943663136937,-0.4022596900456001,0.3406628273840189,True
500,0.0,83,dml_if,-0.006181902856881053,0.14413234765360922,-0.2886813042579551,0.276317498544193,True
500,0.0,83,dml_mult_boot,-0.006181902856881053,0.14575235889519747,-0.29786987393300507,0.2717538042811072,True
500,0.0,83,dml_pairs_boot,-0.006181902856881053,0.17206694957913957,-0.16249415367264902,0.40304708349665275,True
500,0.0,84,dml_if,0.042496658053500724,0.168359817331961,-0.2874885839171428,0.3724819000241443,True
500,0.0,84,dml_mult_boot,0.042496658053500724,0.16650384280061584,-0.3130294763866755,0.33197165003930623,True
500,0.0,84,dml_pairs_boot,0.042496658053500724,0.2210298434908751,-0.4809170430765358,0.311915636737301,True
500,0.0,85,dml_if,0.07670223074203636,0.15601372918040726,-0.22908467845156189,0.3824891399356346,True
500,0.0,85,dml_mult_boot,0.07670223074203636,0.1608650588920167,-0.2284173051371112,0.3743563484168552,True
500,0.0,85,dml_pairs_boot,0.07670223074203636,0.32023948639857724,-0.3309647443872038,0.46990254753897087,True
500,0.0,86,dml_if,-0.11502591075478001,0.19122619003749275,-0.4898292432282658,0.25977742171870577,True
500,0.0,86,dml_mult_boot,-0.11502591075478001,0.19375087745515046,-0.5003642991134758,0.25501302381432805,True
500,0.0,86,dml_pairs_boot,-0.11502591075478001,0.3752938966629641,-0.8279843424248817,0.4600870629851468,True
500,0.0,87,dml_if,0.07434726439425023,0.1648574213838961,-0.24877328151818617,0.3974678103066866,True
500,0.0,87,dml_mult_boot,0.07434726439425023,0.16271396199961102,-0.25461914001121816,0.41662341690112437,True
500,0.0,87,dml_pairs_boot,0.07434726439425023,0.25098422391295677,-0.5569839934649414,0.42566022737429293,True
500,0.0,88,dml_if,-0.05878287321755787,0.1534310687954561,-0.3595077680566518,0.24194202162153605,True
500,0.0,88,dml_mult_boot,-0.05878287321755787,0.155811108190241,-0.36396801765242004,0.23155328859188126,True
500,0.0,88,dml_pairs_boot,-0.05878287321755787,0.1703999126962498,-0.449009196195638,0.29728669517037837,True
500,0.0,89,dml_if,-0.059261088581567846,0.16796878950362465,-0.38847991600867215,0.2699577388455364,True
500,0.0,89,dml_mult_boot,-0.059261088581567846,0.17288294294135947,-0.4153535835473092,0.28015822028660564,True
500,0.0,89,dml_pairs_boot,-0.059261088581567846,0.1596641630950163,-0.4077070423718281,0.19350256753842907,True
500,0.0,90,dml_if,0.06559203230930577,0.09663256524557563,-0.12380779557202246,0.254991860190634,True
500,0.0,90,dml_mult_boot,0.06559203230930577,0.0933369859096761,-0.12892286951076823,0.23202667404193036,True
500,0.0,90,dml_pairs_boot,0.06559203230930577,0.09763068858980148,-0.1401767927412842,0.2144449641335764,True
500,0.0,91,dml_if,0.044731161052790826,0.09886125408289123,-0.14903689694967598,0.23849921905525762,True
500,0.0,91,dml_mult_boot,0.044731161052790826,0.0993934829339099,-0.14849676654311122,0.220503130412903,True
500,0.0,91,dml_pairs_boot,0.044731161052790826,0.09549608028709772,-0.08930305744499675,0.24370890744826804,True
500,0.0,92,dml_if,-0.2029817590184001,0.17978427959908092,-0.5553589470325987,0.1493954289957985,True
500,0.0,92,dml_mult_boot,-0.2029817590184001,0.17126965554597312,-0.5034716589957314,0.12033969599195467,True
500,0.0,92,dml_pairs_boot,-0.2029817590184001,0.22022978655071077,-0.5724811075437396,0.22504813528261897,True
500,0.0,93,dml_if,0.19494830228545357,0.09696780447531225,0.004891405513841568,0.38500519905706554,False
500,0.0,93,dml_mult_boot,0.19494830228545357,0.09836738316114271,0.006722829366453558,0.41238759223287247,False
500,0.0,93,dml_pairs_boot,0.19494830228545357,0.10439494564211782,-0.030918099077701724,0.35257260814885943,True
500,0.0,94,dml_if,0.08285844473877237,0.15853590157219488,-0.22787192234272963,0.39358881182027433,True
500,0.0,94,dml_mult_boot,0.08285844473877237,0.15912946842513764,-0.23144072795271423,0.3944385344456306,True
500,0.0,94,dml_pairs_boot,0.08285844473877237,0.18839643688844426,-0.24328463320790816,0.48443905818231575,True
500,0.0,95,dml_if,0.3366255116339609,0.18348057959744668,-0.022996424377034586,0.6962474476449565,True
500,0.0,95,dml_mult_boot,0.3366255116339609,0.19007432540972682,-0.016448213085998566,0.7032846198200913,True
500,0.0,95,dml_pairs_boot,0.3366255116339609,0.22594211801115516,-0.11020339717969226,0.7256091856179823,True
500,0.0,96,dml_if,0.12873905703682015,0.1432928587086277,-0.15211494603209014,0.40959306010573043,True
500,0.0,96,dml_mult_boot,0.12873905703682015,0.13776620326940192,-0.13717407715195074,0.3948657236382853,True
500,0.0,96,dml_pairs_boot,0.12873905703682015,0.15084508196277613,-0.17425863440265363,0.4063836547264889,True
500,0.0,97,dml_if,-0.11349475091752338,0.21656192726925516,-0.5379561283652635,0.3109666265302167,True
500,0.0,97,dml_mult_boot,-0.11349475091752338,0.2132524524781399,-0.5217910331844073,0.2674452259811736,True
500,0.0,97,dml_pairs_boot,-0.11349475091752338,0.2895129091974831,-0.881064264266926,0.24789190578423165,True
500,0.0,98,dml_if,0.3342054090715267,0.09701389412356977,0.14405817658932993,0.5243526415537234,False
500,0.0,98,dml_mult_boot,0.3342054090715267,0.0968120509663752,0.14564052368301986,0.5181870782392815,False
500,0.0,98,dml_pairs_boot,0.3342054090715267,0.08621204204564979,0.1828280499913551,0.45976694585272665,False
500,0.0,99,dml_if,0.0754633216783937,0.18315209916614383,-0.2835147926872482,0.4344414360440356,True
500,0.0,99,dml_mult_boot,0.0754633216783937,0.17890858849190888,-0.30052242716360406,0.43685377573002426,True
500,0.0,99,dml_pairs_boot,0.0754633216783937,0.2524228150341252,-0.5915255775312592,0.3805424982135651,True
500,0.0,100,dml_if,0.09943432515466696,0.1563642242057095,-0.20703955428852364,0.4059082045978576,True
500,0.0,100,dml_mult_boot,0.09943432515466696,0.16134131668974783,-0.232017633520872,0.40655015313860815,True
500,0.0,100,dml_pairs_boot,0.09943432515466696,0.2722948162102973,-0.6487782048079292,0.38998033487913436,True
500,0.0,101,dml_if,-0.0941468606236641,0.13705759483331206,-0.36277974649695577,0.17448602524962753,True
500,0.0,101,dml_mult_boot,-0.0941468606236641,0.14169526265300436,-0.3906604726338434,0.17122797014170626,True
500,0.0,101,dml_pairs_boot,-0.0941468606236641,0.13659493934781666,-0.30872076206408366,0.17413776577287995,True
500,0.0,102,dml_if,0.08864910501268584,0.12256525868519604,-0.15157880201029839,0.32887701203567005,True
500,0.0,102,dml_mult_boot,0.08864910501268584,0.122564106382983,-0.12734769875468605,0.32913405144919705,True
500,0.0,102,dml_pairs_boot,0.08864910501268584,0.13322822263218184,-0.2420956472649543,0.268399097830055,True
500,0.0,103,dml_if,-0.10347329941744055,0.17553544308923058,-0.44752276787233247,0.24057616903745138,True
500,0.0,103,dml_mult_boot,-0.10347329941744055,0.1743131645938025,-0.46805281426640777,0.2560178805775393,True
500,0.0,103,dml_pairs_boot,-0.10347329941744055,0.21606003363469325,-0.36653532059960925,0.4686169474430359,True
500,0.0,104,dml_if,0.24505902144447797,0.0999978705233153,0.04906319521878,0.44105484767017594,False
500,0.0,104,dml_mult_boot,0.24505902144447797,0.10576440275285467,0.048463975383621107,0.45144127911029097,False
500,0.0,104,dml_pairs_boot,0.24505902144447797,0.08883291156356589,0.06626980412686376,0.3964673722220408,False
500,0.0,105,dml_if,-0.0018983640253731834,0.17185425609803479,-0.33873270597752136,0.334935977926775,True
500,0.0,105,dml_mult_boot,-0.0018983640253731834,0.16975176955761298,-0.32805924991578567,0.3148210324882824,True
500,0.0,105,dml_pairs_boot,-0.0018983640253731834,0.34491612337369676,-1.0628909861098954,0.41228952337271146,True
500,0.0,106,dml_if,-0.1972509354866359,0.15920183452389097,-0.5092865311534622,0.11478466018019043,True
500,0.0,106,dml_mult_boot,-0.1972509354866359,0.15503428072128578,-0.4819565506704572,0.10349467944448928,True
500,0.0,106,dml_pairs_boot,-0.1972509354866359,0.19263180040737587,-0.7408746254666183,0.0840406349276551,True
500,0.0,107,dml_if,0.32023601724953166,0.10059932622176394,0.12306133785487433,0.5174106966441889,False
500,0.0,107,dml_mult_boot,0.32023601724953166,0.09755911388841167,0.13687298592351244,0.5230966101985016,False
500,0.0,107,dml_pairs_boot,0.32023601724953166,0.09970203096782235,0.1686309964259327,0.47224086642372326,False
500,0.0,108,dml_if,0.22050026734673428,0.09959874522949981,0.025286726696914646,0.4157138079965539,False
500,0.0,108,dml_mult_boot,0.22050026734673428,0.10333347272688646,0.03004396486514307,0.4299104531167839,False
500,0.0,108,dml_pairs_boot,0.22050026734673428,0.09829108656206785,0.030987404092342692,0.3917335286697067,False
500,0.0,109,dml_if,-0.04369731468380075,0.10360302959176527,-0.2467592526836607,0.1593646233160592,True
500,0.0,109,dml_mult_boot,-0.04369731468380075,0.09853902777162483,-0.22633745169971234,0.14304962210660685,True
500,0.0,109,dml_pairs_boot,-0.04369731468380075,0.08659452958527863,-0.15998189843500601,0.11980259378407593,True
500,0.0,110,dml_if,0.28338356285246175,0.10449795657148132,0.07856756797235837,0.4881995577325651,False
500,0.0,110,dml_mult_boot,0.28338356285246175,0.10478089801328615,0.0743288173053085,0.4918962007523602,False
500,0.0,110,dml_pairs_boot,0.28338356285246175,0.09400357082372793,0.13301657194736852,0.4421136430356291,False
500,0.0,111,dml_if,0.04484052341539437,0.16454482313063873,-0.27766732992065757,0.36734837675144627,True
500,0.0,111,dml_mult_boot,0.04484052341539437,0.1694268435228319,-0.3220888338250807,0.3488761583664772,True
500,0.0,111,dml_pairs_boot,0.04484052341539437,0.22600798836587513,-0.38348139482724036,0.3673202031569846,True
500,0.0,112,dml_if,-0.2369072948384083,0.15240268525183243,-0.5356165579319998,0.06180196825518322,True
500,0.0,112,dml_mult_boot,-0.2369072948384083,0.14948169895328084,-0.5143706337391077,0.038638029740387436,True
500,0.0,112,dml_pairs_boot,-0.2369072948384083,0.2185502568853525,-0.741408146652545,0.16975514143296866,True
500,0.0,113,dml_if,0.1491556204658798,0.09830778498055223,-0.043527638096002574,0.34183887902776217,True
500,0.0,113,dml_mult_boot,0.1491556204658798,0.10070468603158393,-0.041554260647813514,0.3571863940068534,True
500,0.0,113,dml_pairs_boot,0.1491556204658798,0.09385825712925644,-0.02500903236846527,0.3168943371672653,True
500,0.0,114,dml_if,-0.13464421607808538,0.16912465823924921,-0.46612854622701383,0.1968401140708431,True
500,0.0,114,dml_mult_boot,-0.13464421607808538,0.173756958995652,-0.4535515238735097,0.21132434447752074,True
500,0.0,114,dml_pairs_boot,-0.13464421607808538,0.17973960725008917,-0.4222859800657974,0.20448427903317967,True
500,0.0,115,dml_if,0.05389475910227066,0.1654469169841799,-0.27038119818672196,0.37817071639126326,True
500,0.0,115,dml_mult_boot,0.05389475910227066,0.16781257839699681,-0.26062286530829254,0.3815598805813296,True
500,0.0,115,dml_pairs_boot,0.05389475910227066,0.1616059901647536,-0.25013840634259266,0.3454403335431647,True
500,0.0,116,dml_if,-0.09162594204137164,0.12000876217908332,-0.3268431159123749,0.14359123182963165,True
500,0.0,116,dml_mult_boot,-0.09162594204137164,0.11647765226056406,-0.3282531057643538,0.11638603127330631,True
500,0.0,116,dml_pairs_boot,-0.09162594204137164,0.13461763775108576,-0.32310459433926303,0.12812717670583043,True
500,0.0,117,dml_if,0.03293210633790601,0.09980711632967496,-0.1626898416682569,0.22855405434406895,True
500,0.0,117,dml_mult_boot,0.03293210633790601,0.10221759288038011,-0.15483453623884538,0.22680838219374524,True
500,0.0,117,dml_pairs_boot,0.03293210633790601,0.09513320715454937,-0.1696825278311486,0.1903232392147132,True
500,0.0,118,dml_if,0.09055755781138987,0.09081391112708186,-0.08743770799769056,0.2685528236204703,True
500,0.0,118,dml_mult_boot,0.09055755781138987,0.0931958471465319,-0.08625860997062126,0.2641620721002913,True
500,0.0,118,dml_pairs_boot,0.09055755781138987,0.08865061786183523,-0.08736066928149801,0.2716460041984259,True
500,0.0,119,dml_if,-0.21380749576861746,0.11965149783140992,-0.4483244315181809,0.020709439980945987,True
500,0.0,119,dml_mult_boot,-0.21380749576861746,0.11515146971355701,-0.4324657096577193,0.017066224959848466,True
500,0.0,119,dml_pairs_boot,-0.21380749576861746,0.15918951805139864,-0.6244243464645347,-0.015232281572896536,False
500,0.0,120,dml_if,-0.04011808754431729,0.15608787676756372,-0.3460503260087422,0.26581415092010763,True
500,0.0,120,dml_mult_boot,-0.04011808754431729,0.15936329594289037,-0.3443380689375876,0.2676562475001807,True
500,0.0,120,dml_pairs_boot,-0.04011808754431729,0.303617874136879,-0.9533879213830817,0.225261077377864,True
500,0.0,121,dml_if,0.05802894373812678,0.0959250412875059,-0.12998413718538476,0.24604202466163833,True
500,0.0,121,dml_mult_boot,0.05802894373812678,0.09362595793397861,-0.11847936421897005,0.23508807228908554,True
500,0.0,121,dml_pairs_boot,0.05802894373812678,0.07542079376406093,-0.0633723126653618,0.20518193885780076,True
500,0.0,122,dml_if,0.21730142596374008,0.09907725439609344,0.023110007347396933,0.41149284458008323,False
500,0.0,122,dml_mult_boot,0.21730142596374008,0.09989466163246363,0.02002751911312551,0.4204049818534789,False
500,0.0,122,dml_pairs_boot,0.21730142596374008,0.08789270884629481,0.07305529232456702,0.3627838988263842,False
500,0.0,123,dml_if,0.13988782212581982,0.09982221667645079,-0.05576372256002371,0.33553936681166335,True
500,0.0,123,dml_mult_boot,0.13988782212581982,0.09551689049427506,-0.05059705823003531,0.3355531255090968,True
500,0.0,123,dml_pairs_boot,0.13988782212581982,0.09773501312671865,-0.021401561073999917,0.33009902968738375,True
500,0.0,124,dml_if,0.1093255497129092,0.13364601424084382,-0.15262063819914468,0.37127173762496307,True
500,0.0,124,dml_mult_boot,0.1093255497129092,0.13190979849152634,-0.1292653023616926,0.3798061191432126,True
500,0.0,124,dml_pairs_boot,0.1093255497129092,0.14041894461199123,-0.24860894608820433,0.2876830981805421,True
500,0.0,125,dml_if,0.1823127906317652,0.13295725804247752,-0.07828343513149072,0.4429090163950211,True
500,0.0,125,dml_mult_boot,0.1823127906317652,0.12632076262422648,-0.0666804398319801,0.41627593220363507,True
500,0.0,125,dml_pairs_boot,0.1823127906317652,0.21661283272183746,-0.39222362895486806,0.41135468342535575,True
500,0.0,126,dml_if,0.08376314063867726,0.10235705467448146,-0.11685668652330639,0.2843829678006609,True
500,0.0,126,dml_mult_boot,0.08376314063867726,0.10030007738806777,-0.1154126584479392,0.27544326047333295,True
500,0.0,126,dml_pairs_boot,0.08376314063867726,0.10179323636689615,-0.11471931975818886,0.28918535244096744,True
500,0.0,127,dml_if,-0.06982274220327861,0.18198620239932137,-0.4265156989059485,0.28687021449939126,True
500,0.0,127,dml_mult_boot,-0.06982274220327861,0.183184682586711,-0.41141121426644134,0.27553771255163384,True
500,0.0,127,dml_pairs_boot,-0.06982274220327861,0.236529307683788,-0.7324257397499877,0.2058832758660503,True
500,0.0,128,dml_if,0.08725112028424581,0.1885596196257122,-0.28232573418215007,0.4568279747506417,True
500,0.0,128,dml_mult_boot,0.08725112028424581,0.1853538915590963,-0.24059002936140908,0.44854465641809654,True
500,0.0,128,dml_pairs_boot,0.08725112028424581,0.4665177426747197,-0.6442172321538622,0.8120580275323074,True
500,0.0,129,dml_if,-0.23643348123940722,0.14567402715387393,-0.5219545744610001,0.0490876119821857,True
500,0.0,129,dml_mult_boot,-0.23643348123940722,0.14973192125095988,-0.5144029433978846,0.056965209081754536,True
500,0.0,129,dml_pairs_boot,-0.23643348123940722,0.1510574887009135,-0.5975935848261569,-0.032913798763148094,False
500,0.0,130,dml_if,0.11127839536971101,0.09723151624398652,-0.07929537646850254,0.30185216720792457,True
500,0.0,130,dml_mult_boot,0.11127839536971101,0.10097660103912247,-0.08590176498611392,0.2986512334821987,True
500,0.0,130,dml_pairs_boot,0.11127839536971101,0.08249605551194265,-0.028111736184671013,0.26351127507922945,True
500,0.0,131,dml_if,0.16156354184618807,0.10083708768722899,-0.03607715002078074,0.3592042337131569,True
500,0.0,131,dml_mult_boot,0.16156354184618807,0.09515834800688891,-0.019785734359692317,0.3372624853655523,True
500,0.0,131,dml_pairs_boot,0.16156354184618807,0.10434030386429276,-0.019359202426333738,0.3589992275132623,True
500,0.0,132,dml_if,-0.08946917507184127,0.10180668371780703,-0.28901027515874306,0.11007192501506052,True
500,0.0,132,dml_mult_boot,-0.08946917507184127,0.09761943061323883,-0.27709048225543725,0.09572352322344166,True
500,0.0,132,dml_pairs_boot,-0.08946917507184127,0.10209868507319407,-0.2788012394445831,0.05919039161575046,True
500,0.0,133,dml_if,-0.27243315932536716,0.15294670117690595,-0.5722086936321028,0.02734237498136849,True
500,0.0,133,dml_mult_boot,-0.27243315932536716,0.15072553486610737,-0.6009806308908068,-0.00814429197145113,False
500,0.0,133,dml_pairs_boot,-0.27243315932536716,0.11831991143636257,-0.4406393114900075,0.0029160184473684915,True
500,0.0,134,dml_if,0.11123642065318702,0.0965272894635298,-0.07795706669533138,0.30042990800170544,True
500,0.0,134,dml_mult_boot,0.11123642065318702,0.09722162904872166,-0.08919014127198523,0.2876342380320189,True
500,0.0,134,dml_pairs_boot,0.11123642065318702,0.10045008905739512,-0.03381774129208604,0.33646680179719535,True
500,0.0,135,dml_if,-0.026763083976970505,0.2440801906582227,-0.5051602576670869,0.45163408971314595,True
500,0.0,135,dml_mult_boot,-0.026763083976970505,0.2359493806751124,-0.4801775851067241,0.4263534285836321,True
500,0.0,135,dml_pairs_boot,-0.026763083976970505,0.4034448481712206,-0.8289314259804498,0.7859749176314347,True
500,0.0,136,dml_if,0.0757818890651385,0.19227938064706368,-0.30108569700310633,0.4526494751333833,True
500,0.0,136,dml_mult_boot,0.0757818890651385,0.18642910004606966,-0.27172839285550476,0.44671066410212124,True
500,0.0,136,dml_pairs_boot,0.0757818890651385,0.16995109208750597,-0.3441500473303114,0.2601178504723279,True
500,0.0,137,dml_if,-0.0005360710878637817,0.1366054565222966,-0.26828276587156513,0.26721062369583753,True
500,0.0,137,dml_mult_boot,-0.0005360710878637817,0.13846969176086552,-0.2843791928951927,0.24413674962186227,True
500,0.0,137,dml_pairs_boot,-0.0005360710878637817,0.15403253029066455,-0.29613702343661125,0.36452860714736846,True
500,0.0,138,dml_if,-0.00020640236355851726,0.10222172641206358,-0.20056098613120313,0.2001481814040861,True
500,0.0,138,dml_mult_boot,-0.00020640236355851726,0.10112976425511784,-0.19533716587606412,0.20328995869166772,True
500,0.0,138,dml_pairs_boot,-0.00020640236355851726,0.11793681365421513,-0.1973853119505073,0.1995289928666907,True
500,0.0,139,dml_if,-0.02683727782494775,0.13335558399694267,-0.2882142224589554,0.23453966680905988,True
500,0.0,139,dml_mult_boot,-0.02683727782494775,0.13613313143043546,-0.29431855077348296,0.22668729200249152,True
500,0.0,139,dml_pairs_boot,-0.02683727782494775,0.15592963459771028,-0.340998260800293,0.24322138709710242,True
500,0.0,140,dml_if,0.15971003973677406,0.09998592674644086,-0.036262376686250014,0.3556824561597981,True
500,0.0,140,dml_mult_boot,0.15971003973677406,0.10245086681554887,-0.013262776952633044,0.37425909100814153,True
500,0.0,140,dml_pairs_boot,0.15971003973677406,0.08500258792897486,-0.030561060255539837,0.2934621246638837,True
500,0.0,141,dml_if,0.2601754973150062,0.10268083092183805,0.058921068708203655,0.46142992592180876,False
500,0.0,141,dml_mult_boot,0.2601754973150062,0.1062580018131783,0.05464690022263796,0.4522002511720794,False
500,0.0,141,dml_pairs_boot,0.2601754973150062,0.10217537651506392,0.05540911929035791,0.4295997719748903,False
500,0.0,142,dml_if,-0.09772954316668253,0.09397334635827916,-0.28191730202890963,0.0864582156955446,True
500,0.0,142,dml_mult_boot,-0.09772954316668253,0.09147609304448652,-0.2755955494609968,0.08215606047423653,True
500,0.0,142,dml_pairs_boot,-0.09772954316668253,0.07523847660528508,-0.18533208156600206,0.08867020788892607,True
500,0.0,143,dml_if,0.020004761179856913,0.13224734224526874,-0.2392000296208698,0.2792095519805836,True
500,0.0,143,dml_mult_boot,0.020004761179856913,0.12334751276920564,-0.22091772380941885,0.2661299250928736,True
500,0.0,143,dml_pairs_boot,0.020004761179856913,0.2065724359309322,-0.3826642642890529,0.3036798912643179,True
500,0.0,144,dml_if,-0.11548829270280708,0.13296176003948562,-0.37609334238019887,0.1451167569745847,True
500,0.0,144,dml_mult_boot,-0.11548829270280708,0.1295511481175936,-0.34279026963241666,0.14686503125384254,True
500,0.0,144,dml_pairs_boot,-0.11548829270280708,0.17030026553593347,-0.3706125978338414,0.17978087577373633,True
500,0.0,145,dml_if,0.18279360364836156,0.1294735104554294,-0.07097447684428004,0.43656168414100316,True
500,0.0,145,dml_mult_boot,0.18279360364836156,0.12591864360468513,-0.05439292774237405,0.4232495907203824,True
500,0.0,145,dml_pairs_boot,0.18279360364836156,0.12099364745505692,0.02039839043380236,0.4232385559620419,False
500,0.0,146,dml_if,-0.055114510728501084,0.14960692979759646,-0.34834409313179016,0.23811507167478796,True
500,0.0,146,dml_mult_boot,-0.055114510728501084,0.1479495135043019,-0.3318115734485532,0.22101407792582053,True
500,0.0,146,dml_pairs_boot,-0.055114510728501084,0.12610206711455815,-0.2442758168265392,0.16391017334845778,True
500,0.0,147,dml_if,0.25313429614610133,0.09645329423091337,0.06408583945351115,0.4421827528386915,False
500,0.0,147,dml_mult_boot,0.25313429614610133,0.10043675207570507,0.05017612634713674,0.4517260891888859,False
500,0.0,147,dml_pairs_boot,0.25313429614610133,0.09493532429730338,0.08670286724771618,0.4328704065241069,False
500,0.0,148,dml_if,-0.00786814692222228,0.09397462752450327,-0.1920584168702487,0.1763221230258041,True
500,0.0,148,dml_mult_boot,-0.00786814692222228,0.09038570464933564,-0.1823740295701216,0.16949909412635183,True
500,0.0,148,dml_pairs_boot,-0.00786814692222228,0.08188896574837808,-0.1327919467133948,0.18105601089513915,True
500,0.0,149,dml_if,-0.25462859302169655,0.29946994603042754,-0.8415896872413344,0.3323325011979414,True
500,0.0,149,dml_mult_boot,-0.25462859302169655,0.30098591610203806,-0.7680299923040663,0.2308084317388441,True
500,0.0,149,dml_pairs_boot,-0.25462859302169655,0.30895935988923345,-0.6954356559447382,0.24420994079895303,True
500,0.0,150,dml_if,-0.09316936355155674,0.19364728701007672,-0.47271804609130713,0.28637931898819363,True
500,0.0,150,dml_mult_boot,-0.09316936355155674,0.19678078263178056,-0.4934053772652154,0.2900597517986087,True
500,0.0,150,dml_pairs_boot,-0.09316936355155674,0.2785615051226702,-0.6504450800157664,0.4166755115035698,True
500,0.0,151,dml_if,0.02427415561314121,0.158239511688591,-0.2858752872964971,0.33442359852277953,True
500,0.0,151,dml_mult_boot,0.02427415561314121,0.1489132910867739,-0.27770284968384185,0.3035023426692042,True
500,0.0,151,dml_pairs_boot,0.02427415561314121,0.1418548348751602,-0.1739176592683435,0.289585872571602,True
500,0.0,152,dml_if,-0.0458741555902414,0.1804179598175172,-0.3994933568325751,0.3077450456520923,True
500,0.0,152,dml_mult_boot,-0.0458741555902414,0.18273014477303653,-0.4051568599470007,0.30426904070018757,True
500,0.0,152,dml_pairs_boot,-0.0458741555902414,0.20616648023795123,-0.6335218901383848,0.11619073896348735,True
500,0.0,153,dml_if,-0.031044419468308708,0.1589690183861487,-0.3426236955051602,0.28053485656854277,True
500,0.0,153,dml_mult_boot,-0.031044419468308708,0.15682584410235634,-0.32848755099178123,0.24910489694152013,True
500,0.0,153,dml_pairs_boot,-0.031044419468308708,0.21268208705494193,-0.5008252562433506,0.3503994124776802,True
500,0.0,154,dml_if,0.31399971297960233,0.0910609278441194,0.1355202944051283,0.49247913155407635,False
500,0.0,154,dml_mult_boot,0.31399971297960233,0.08972492103770122,0.14115122659539242,0.48051232985342407,False
500,0.0,154,dml_pairs_boot,0.31399971297960233,0.09239474521436135,0.11279563114397533,0.4384540693389902,False
500,0.0,155,dml_if,0.11640372069568665,0.15550904163672483,-0.18839400091229397,0.4212014423036673,True
500,0.0,155,dml_mult_boot,0.11640372069568665,0.15194644483136951,-0.17829802276149345,0.3918777462343082,True
500,0.0,155,dml_pairs_boot,0.11640372069568665,0.30607873475076514,-0.6069682849468738,0.4023315109446339,True
500,0.0,156,dml_if,0.033284242881450654,0.09565978445377489,-0.15420893464794813,0.22077742041084944,True
500,0.0,156,dml_mult_boot,0.033284242881450654,0.09680218883631116,-0.14875512341803732,0.22079311657904152,True
500,0.0,156,dml_pairs_boot,0.033284242881450654,0.10284683677082816,-0.1563628311725457,0.2489663655533939,True
500,0.0,157,dml_if,0.011927173738097508,0.11176209692746565,-0.20712653623973515,0.23098088371593017,True
500,0.0,157,dml_mult_boot,0.011927173738097508,0.11644361509584111,-0.20178125232969105,0.2436816903010765,True
500,0.0,157,dml_pairs_boot,0.011927173738097508,0.10503793874198526,-0.14485541943456132,0.21278254509227756,True
500,0.0,158,dml_if,-0.17621368991071035,0.16317903943111592,-0.49604460719569754,0.14361722737427685,True
500,0.0,158,dml_mult_boot,-0.17621368991071035,0.1581787664065377,-0.4802907958703521,0.15640347020380205,True
500,0.0,158,dml_pairs_boot,-0.17621368991071035,0.18965134262180175,-0.7094454580454277,0.038000577853386036,True
500,0.0,159,dml_if,0.008237104133468957,0.11861302163236337,-0.22424441826596325,0.24071862653290116,True
500,0.0,159,dml_mult_boot,0.008237104133468957,0.117150765515199,-0.22822286621821652,0.23343994494924014,True
500,0.0,159,dml_pairs_boot,0.008237104133468957,0.11261321244394575,-0.14858004244779283,0.2827997617076365,True
500,0.0,160,dml_if,0.05530068816382304,0.09447273437101354,-0.12986587120336351,0.24046724753100956,True
500,0.0,160,dml_mult_boot,0.05530068816382304,0.09342132483424297,-0.11554736244988018,0.2492688343429998,True
500,0.0,160,dml_pairs_boot,0.05530068816382304,0.11471952774893242,-0.1592822987638738,0.2533817000172073,True
500,0.0,161,dml_if,-0.14305189507443122,0.1577982796119384,-0.4523365231138305,0.16623273296496804,True
500,0.0,161,dml_mult_boot,-0.14305189507443122,0.15961037383191415,-0.4455045421482965,0.15431596238445885,True
500,0.0,161,dml_pairs_boot,-0.14305189507443122,0.2447908166593707,-0.7796341800875198,0.18822586115678408,True
500,0.0,162,dml_if,-0.1540962479811641,0.1993930442936315,-0.5449066147966818,0.23671411883435364,True
500,0.0,162,dml_mult_boot,-0.1540962479811641,0.20769358569763624,-0.5780213066192321,0.23964198014560323,True
500,0.0,162,dml_pairs_boot,-0.1540962479811641,0.343922116141027,-0.8323548425408386,0.16463298640065632,True
500,0.0,163,dml_if,-0.019370045457109037,0.09425916557415619,-0.20411800998245516,0.16537791906823707,True
500,0.0,163,dml_mult_boot,-0.019370045457109037,0.09134653013752464,-0.2055439564836649,0.15985295302083363,True
500,0.0,163,dml_pairs_boot,-0.019370045457109037,0.09809350711441396,-0.1537271806143401,0.20464253041693797,True
500,0.0,164,dml_if,0.07668805049179132,0.16270866165074707,-0.24222092634367293,0.3955970273272556,True
500,0.0,164,dml_mult_boot,0.07668805049179132,0.1616575602600135,-0.25846226054357563,0.36311507635286927,True
500,0.0,164,dml_pairs_boot,0.07668805049179132,0.2117348858151083,-0.35873665909091157,0.38648012982318714,True
500,0.0,165,dml_if,-0.14257436199439155,0.14254378744938045,-0.4219601853951772,0.1368114614063941,True
500,0.0,165,dml_mult_boot,-0.14257436199439155,0.13798266304019027,-0.41513770420323015,0.14338463106060123,True
500,0.0,165,dml_pairs_boot,-0.14257436199439155,0.16453028954034854,-0.48585170256216526,0.1376883365277672,True
500,0.0,166,dml_if,0.2105003288511898,0.09682334846976251,0.020726565850455292,0.4002740918519243,False
500,0.0,166,dml_mult_boot,0.2105003288511898,0.09955842784135997,0.006925008714676707,0.3812177866770082,False
500,0.0,166,dml_pairs_boot,0.2105003288511898,0.10224050707624986,-0.053770421133932524,0.35207133702529647,True
500,0.0,167,dml_if,0.25583089696934885,0.10824758371490809,0.043665632888129,0.46799616105056874,False
500,0.0,167,dml_mult_boot,0.25583089696934885,0.10647135570952153,0.05459892119591583,0.48987915709743707,False
500,0.0,167,dml_pairs_boot,0.25583089696934885,0.10428216935792231,0.06744671765282077,0.4417946576803901,False
500,0.0,168,dml_if,-0.11305069696110309,0.33929523950645774,-0.7780693663937603,0.551967972471554,True
500,0.0,168,dml_mult_boot,-0.11305069696110309,0.348753119393004,-0.6788227734010973,0.4480708758744079,True
500,0.0,168,dml_pairs_boot,-0.11305069696110309,0.799153096227691,-0.9108726691126825,0.43166748967786045,True
500,0.0,169,dml_if,-0.1981832969656823,0.17524163049358157,-0.5416568927331021,0.14529029880173758,True
500,0.0,169,dml_mult_boot,-0.1981832969656823,0.17560466558978066,-0.5353325902535516,0.13077611449755785,True
500,0.0,169,dml_pairs_boot,-0.1981832969656823,0.1885944194958847,-0.506633404385189,0.10839861663843017,True
500,0.0,170,dml_if,0.02081348550104207,0.10310336123258053,-0.18126910251481576,0.22289607351689988,True
500,0.0,170,dml_mult_boot,0.02081348550104207,0.10203502150791827,-0.18363726948082973,0.22318570909593888,True
500,0.0,170,dml_pairs_boot,0.02081348550104207,0.1142393413676323,-0.17742085540523267,0.18293836846803255,True
500,0.0,171,dml_if,0.0753752073704642,0.21527518783329544,-0.34656416078279484,0.49731457552372327,True
500,0.0,171,dml_mult_boot,0.0753752073704642,0.21532987873397946,-0.32026988903810427,0.4577893854295435,True
500,0.0,171,dml_pairs_boot,0.0753752073704642,0.20563365386568552,-0.3918920408967012,0.3668076019506849,True
500,0.0,172,dml_if,0.05616265682072215,0.14098460455878065,-0.22016716811448794,0.3324924817559322,True
500,0.0,172,dml_mult_boot,0.05616265682072215,0.144904350206202,-0.21309142518698168,0.3548741652783043,True
500,0.0,172,dml_pairs_boot,0.05616265682072215,0.2089704732947005,-0.35296312515074696,0.2126792693612528,True
500,0.0,173,dml_if,0.1770297633125509,0.1377760560539085,-0.09301130655310971,0.4470708331782115,True
500,0.0,173,dml_mult_boot,0.1770297633125509,0.1340180587370567,-0.09216341304038507,0.4403308493778154,True
500,0.0,173,dml_pairs_boot,0.1770297633125509,0.181176716253907,-0.22478046398038887,0.4636343537298875,True
500,0.0,174,dml_if,-0.024616920020862864,0.08967078384265195,-0.20037165635246068,0.15113781631073497,True
500,0.0,174,dml_mult_boot,-0.024616920020862864,0.08616314618790026,-0.19823678486048626,0.13491087487803838,True
500,0.0,174,dml_pairs_boot,-0.024616920020862864,0.07616919179354704,-0.18245274351445623,0.1092846590424659,True
500,0.0,175,dml_if,0.1945780030159599,0.13704111456575926,-0.07402258153292823,0.46317858756484803,True
500,0.0,175,dml_mult_boot,0.1945780030159599,0.13883216534399112,-0.0406407839019459,0.4776677059636626,True
500,0.0,175,dml_pairs_boot,0.1945780030159599,0.16310045244393473,-0.2487705827088621,0.4170729962779322,True
500,0.0,176,dml_if,0.095249663642819,0.10116128440338261,-0.10302645378781092,0.29352578107344895,True
500,0.0,176,dml_mult_boot,0.095249663642819,0.09993268091114195,-0.11170941246070436,0.2786787472932501,True
500,0.0,176,dml_pairs_boot,0.095249663642819,0.11495357817224316,-0.13975906577677605,0.3230819531064403,True
500,0.0,177,dml_if,0.18886054788332615,0.10594535461667189,-0.018792347165350748,0.3965134429320031,True
500,0.0,177,dml_mult_boot,0.18886054788332615,0.1052992542733191,-0.015118504685428257,0.3985209681673954,True
500,0.0,177,dml_pairs_boot,0.18886054788332615,0.11909480561301838,-0.004364981143777784,0.4192936417849095,True
500,0.0,178,dml_if,0.16736329733995126,0.10326654917211345,-0.03503913903739109,0.3697657337172936,True
500,0.0,178,dml_mult_boot,0.16736329733995126,0.10635630362772536,-0.04103826047436007,0.38089218566583716,True
500,0.0,178,dml_pairs_boot,0.16736329733995126,0.09935379331520042,-0.013434347015064737,0.3736373373305198,True
500,0.0,179,dml_if,0.06130571643639679,0.26700305416178866,-0.462020269720709,0.5846317025935026,True
500,0.0,179,dml_mult_boot,0.06130571643639679,0.272165653894125,-0.3766003716977001,0.5282173807553715,True
500,0.0,179,dml_pairs_boot,0.06130571643639679,0.3801249891021181,-1.0497670951686096,0.5582176762476663,True
500,0.0,180,dml_if,0.17059463061408411,0.09871577438851567,-0.022888287187406597,0.3640775484155748,True
500,0.0,180,dml_mult_boot,0.17059463061408411,0.10019474919289491,-0.03189000705457646,0.3631266251700418,True
500,0.0,180,dml_pairs_boot,0.17059463061408411,0.1013874020302678,0.02667653584448428,0.4079363400051336,False
500,0.0,181,dml_if,0.1941737019875055,0.09873768101613255,0.0006478471958857035,0.38769955677912527,False
500,0.0,181,dml_mult_boot,0.1941737019875055,0.10080694770047452,0.0037362441197340973,0.39119481925514477,False
500,0.0,181,dml_pairs_boot,0.1941737019875055,0.09511697132925143,-0.024185196437860924,0.33878627912205134,True
500,0.0,182,dml_if,0.08783710333571514,0.13122398031634136,-0.1693618980843139,0.3450361047557442,True
500,0.0,182,dml_mult_boot,0.08783710333571514,0.13706980274626987,-0.19871982143572786,0.36237879886438557,True
500,0.0,182,dml_pairs_boot,0.08783710333571514,0.14955440241744983,-0.28356020222117445,0.28139221470706105,True
500,0.0,183,dml_if,-0.25915148806372373,0.34193891256894277,-0.9293517566988516,0.4110487805714041,True
500,0.0,183,dml_mult_boot,-0.25915148806372373,0.34123898018327536,-0.809944659700041,0.29771538056642494,True
500,0.0,183,dml_pairs_boot,-0.25915148806372373,0.6491620633696522,-1.952896798707659,0.32239840817204324,True
500,0.0,184,dml_if,0.04739737437776445,0.14006778919673535,-0.22713549244783685,0.3219302412033658,True
500,0.0,184,dml_mult_boot,0.04739737437776445,0.1411207384546861,-0.21908426182536997,0.319050845095834,True
500,0.0,184,dml_pairs_boot,0.04739737437776445,0.16972857976598782,-0.3641028023153533,0.21609273123118292,True
500,0.0,185,dml_if,0.03832104008484389,0.12047422110178667,-0.197808433274658,0.2744505134443458,True
500,0.0,185,dml_mult_boot,0.03832104008484389,0.12295106473687403,-0.19174872489023276,0.2749463531625059,True
500,0.0,185,dml_pairs_boot,0.03832104008484389,0.14756222421602422,-0.2249286104358593,0.3210299976996842,True
500,0.0,186,dml_if,0.06883167956924723,0.21025641680038293,-0.3432708973595033,0.48093425649799776,True
500,0.0,186,dml_mult_boot,0.06883167956924723,0.21062458708500223,-0.3527985544536395,0.4542848347755872,True
500,0.0,186,dml_pairs_boot,0.06883167956924723,0.22570373574496352,-0.31702164387935594,0.4242936922337838,True
500,0.0,187,dml_if,0.20543256701779214,0.11691343920653138,-0.023717773827009375,0.4345829078625937,True
500,0.0,187,dml_mult_boot,0.20543256701779214,0.11144318384250347,-0.028599908558009646,0.41480178313299926,True
500,0.0,187,dml_pairs_boot,0.20543256701779214,0.18963158091761181,-0.351357483555618,0.37725534183572346,True
500,0.0,188,dml_if,-0.2683259376568881,0.13591839631535682,-0.5347259944349875,-0.001925880878788755,False
500,0.0,188,dml_mult_boot,-0.2683259376568881,0.1390466113502938,-0.5547920029555191,0.012443822734310047,True
500,0.0,188,dml_pairs_boot,-0.2683259376568881,0.15897159792405158,-0.6115680419107538,-0.016118300999588987,False
500,0.0,189,dml_if,0.2205668980131129,0.10047648186461869,0.023632993558460297,0.41750080246776555,False
500,0.0,189,dml_mult_boot,0.2205668980131129,0.09795778443863853,0.02416645513815474,0.4123691963295761,False
500,0.0,189,dml_pairs_boot,0.2205668980131129,0.10429520765084802,-0.0625191928712829,0.3691094661429967,True
500,0.0,190,dml_if,0.30042020138060327,0.10533957697728653,0.09395463050512168,0.5068857722560849,False
500,0.0,190,dml_mult_boot,0.30042020138060327,0.101468622332199,0.10607298913649561,0.495412901933606,False
500,0.0,190,dml_pairs_boot,0.30042020138060327,0.10830851549930066,0.1248232911746533,0.5051542966006914,False
500,0.0,191,dml_if,0.3801697137586605,0.09817810049600216,0.18774063678649625,0.5725987907308248,False
500,0.0,191,dml_mult_boot,0.3801697137586605,0.10300670946128215,0.17506905748584503,0.5840427655784022,False
500,0.0,191,dml_pairs_boot,0.3801697137586605,0.11142527637192409,0.16453123296009708,0.5526609221247928,False
500,0.0,192,dml_if,-0.1569560629509972,0.19306760521612346,-0.5353685691745992,0.22145644327260475,True
500,0.0,192,dml_mult_boot,-0.1569560629509972,0.19167293364989826,-0.5214003243507828,0.196878836407453,True
500,0.0,192,dml_pairs_boot,-0.1569560629509972,0.16483913949017578,-0.32008031113024543,0.29729367933879264,True
500,0.0,193,dml_if,-0.0971821531527379,0.14665613812897993,-0.38462818388553854,0.19026387758006277,True
500,0.0,193,dml_mult_boot,-0.0971821531527379,0.15183085137226393,-0.3818661801423807,0.1734601479665101,True
500,0.0,193,dml_pairs_boot,-0.0971821531527379,0.2569423003374939,-0.7487198503705654,0.09823323840908567,True
500,0.0,194,dml_if,0.14347434377099494,0.13772702387698077,-0.12647062302788736,0.41341931056987724,True
500,0.0,194,dml_mult_boot,0.14347434377099494,0.13646330696017528,-0.11342848725520999,0.4190018992228598,True
500,0.0,194,dml_pairs_boot,0.14347434377099494,0.13761536028318486,-0.1892034433181759,0.39707902304094167,True
500,0.0,195,dml_if,0.08211419711227978,0.1585625489199585,-0.22866839877083883,0.3928967929953984,True
500,0.0,195,dml_mult_boot,0.08211419711227978,0.16370375184025415,-0.23988183759325402,0.3880393174991916,True
500,0.0,195,dml_pairs_boot,0.08211419711227978,0.18756390197323897,-0.4191074161240001,0.28403923874682363,True
500,0.0,196,dml_if,-0.1775576339980312,0.16809588886094176,-0.507025576165477,0.15191030816941464,True
500,0.0,196,dml_mult_boot,-0.1775576339980312,0.17089402495800055,-0.5071319799431115,0.12517849199426756,True
500,0.0,196,dml_pairs_boot,-0.1775576339980312,0.15454916913013836,-0.40258021364316293,0.15273131835077625,True
500,0.0,197,dml_if,-0.004062144878422629,0.17034153734141816,-0.33793155806760217,0.32980726831075696,True
500,0.0,197,dml_mult_boot,-0.004062144878422629,0.16932714785270825,-0.315704478217095,0.3297909974768793,True
500,0.0,197,dml_pairs_boot,-0.004062144878422629,0.20816083049714734,-0.49610963195620483,0.26002823133596303,True
500,0.0,198,dml_if,-0.11698633438533215,0.1390931845802005,-0.3896089761625251,0.15563630739186082,True
500,0.0,198,dml_mult_boot,-0.11698633438533215,0.13378359012313873,-0.3513482338427613,0.17081114183190405,True
500,0.0,198,dml_pairs_boot,-0.11698633438533215,0.13165717112164493,-0.36842742003855883,0.12900162651221886,True
500,0.0,199,dml_if,0.12744825690656178,0.10119505472234112,-0.07089405034922683,0.3257905641623504,True
500,0.0,199,dml_mult_boot,0.12744825690656178,0.10022992674477964,-0.0677311781060268,0.32979268622577856,True
500,0.0,199,dml_pairs_boot,0.12744825690656178,0.11899064157512908,-0.0662336335996476,0.3724511177989661,True
500,0.5,0,dml_if,0.42019516412623975,0.2333408350960284,-0.03715287266197592,0.8775432009144555,True
500,0.5,0,dml_mult_boot,0.42019516412623975,0.22458766004445546,-0.001892941038961818,0.8738315621828534,True
500,0.5,0,dml_pairs_boot,0.42019516412623975,0.23275353254598188,-0.028203214863098153,0.9015065038018756,True
500,0.5,1,dml_if,0.5174592542389667,0.2170183921543129,0.09210320561651336,0.9428153028614199,True
500,0.5,1,dml_mult_boot,0.5174592542389667,0.2073059330037109,0.11600461338192367,0.9182851325200571,True
500,0.5,1,dml_pairs_boot,0.5174592542389667,0.25773647820134493,-0.11995868520021867,0.9807998582665605,True
500,0.5,2,dml_if,0.625373437876053,0.10100994071292511,0.42739395407871983,0.8233529216733863,True
500,0.5,2,dml_mult_boot,0.625373437876053,0.09895939243006004,0.43371877365580014,0.8227167723140403,True
500,0.5,2,dml_pairs_boot,0.625373437876053,0.08686312236837462,0.4978918612983524,0.8016583589697451,True
500,0.5,3,dml_if,0.7072238233667635,0.10081976793904988,0.5096170782062257,0.9048305685273013,False
500,0.5,3,dml_mult_boot,0.7072238233667635,0.09918087884826779,0.49629075110543347,0.9020448212250277,True
500,0.5,3,dml_pairs_boot,0.7072238233667635,0.09994344342920411,0.5485701009167351,0.9081867469564832,False
500,0.5,4,dml_if,0.5759426503918315,0.15932263714587092,0.2636702815859245,0.8882150191977385,True
500,0.5,4,dml_mult_boot,0.5759426503918315,0.15637384545936975,0.2785821036837812,0.8656946999419107,True
500,0.5,4,dml_pairs_boot,0.5759426503918315,0.17801821051901978,0.20007098667490864,0.9012969666253497,True
500,0.5,5,dml_if,0.4049990592156482,0.17738512091420466,0.057324222223807064,0.7526738962074894,True
500,0.5,5,dml_mult_boot,0.4049990592156482,0.17412368058414582,0.05202169125051085,0.7153057398441095,True
500,0.5,5,dml_pairs_boot,0.4049990592156482,0.3993968650540494,0.020835499044062303,0.8827732559401573,True
500,0.5,6,dml_if,0.6819699978588352,0.10375210308409571,0.47861587581400755,0.8853241199036628,True
500,0.5,6,dml_mult_boot,0.6819699978588352,0.10355624864288834,0.46267722519130816,0.8732025590800487,True
500,0.5,6,dml_pairs_boot,0.6819699978588352,0.09622589313899234,0.5114066567323122,0.8739920166392834,False
500,0.5,7,dml_if,0.6386023385171048,0.1651424693463452,0.3149230985982682,0.9622815784359413,True
500,0.5,7,dml_mult_boot,0.6386023385171048,0.1650862699032349,0.3326164619116037,0.9515740111739392,True
500,0.5,7,dml_pairs_boot,0.6386023385171048,0.20388042071034382,0.39572042531147017,1.0661892782878388,True
500,0.5,8,dml_if,0.2681034885386619,0.16578353948496322,-0.056832248851865996,0.5930392259291898,True
500,0.5,8,dml_mult_boot,0.2681034885386619,0.1742215489000218,-0.05962175455974603,0.6098180819739278,True
500,0.5,8,dml_pairs_boot,0.2681034885386619,0.16798594883212092,-0.05446985589027558,0.5761276498135313,True
500,0.5,9,dml_if,0.1334327556288136,0.22430409152739741,-0.3062032637648854,0.5730687750225125,True
500,0.5,9,dml_mult_boot,0.1334327556288136,0.2300112497265568,-0.28576737247636325,0.5812448751221638,True
500,0.5,9,dml_pairs_boot,0.1334327556288136,0.22881564351149764,-0.33701775521498833,0.43262774711006746,False
500,0.5,10,dml_if,0.48115232896134347,0.09990168049892692,0.28534503518344667,0.6769596227392403,True
500,0.5,10,dml_mult_boot,0.48115232896134347,0.09972717558380807,0.29284690554671317,0.6843033236862622,True
500,0.5,10,dml_pairs_boot,0.48115232896134347,0.08666680744657934,0.3080958223944567,0.6299328047583574,True
500,0.5,11,dml_if,0.7823915334043443,0.10363307998762136,0.5792706966286064,0.9855123701800822,False
500,0.5,11,dml_mult_boot,0.7823915334043443,0.10228872519046209,0.586807277750672,0.9776296819154291,False
500,0.5,11,dml_pairs_boot,0.7823915334043443,0.10184043003523677,0.6132903495017006,0.9593008306478,False
500,0.5,12,dml_if,0.45403238675874413,0.17041576622296215,0.12001748496173831,0.7880472885557499,True
500,0.5,12,dml_mult_boot,0.45403238675874413,0.17258500005813807,0.122834938034661,0.7870068662307449,True
500,0.5,12,dml_pairs_boot,0.45403238675874413,0.21814502095799837,0.1506099674478631,0.86942294435372,True
500,0.5,13,dml_if,0.11976697089156742,0.43662713048381263,-0.7360222048567053,0.9755561466398401,True
500,0.5,13,dml_mult_boot,0.11976697089156742,0.4311837681831628,-0.5175835323841139,0.7499541359572862,True
500,0.5,13,dml_pairs_boot,0.11976697089156742,0.8955480179983546,-2.6164332998906197,0.8517895852642005,True
500,0.5,14,dml_if,0.5673447789230712,0.13451402276608718,0.30369729430154035,0.8309922635446021,True
500,0.5,14,dml_mult_boot,0.5673447789230712,0.13331132784521424,0.31709001708080614,0.8337434246547554,True
500,0.5,14,dml_pairs_boot,0.5673447789230712,0.16514839877536142,0.31409307145548626,0.8423517401570656,True
500,0.5,15,dml_if,0.6328228402479167,0.1024638883604702,0.4319936190613951,0.8336520614344383,True
500,0.5,15,dml_mult_boot,0.6328228402479167,0.09858501923077792,0.43043070430622377,0.8240806716839044,True
500,0.5,15,dml_pairs_boot,0.6328228402479167,0.09763334916153295,0.5183986059201949,0.8481928386373384,False
500,0.5,16,dml_if,0.5985659988399508,0.09712859200352195,0.40819395851304774,0.7889380391668538,True
500,0.5,16,dml_mult_boot,0.5985659988399508,0.09475399602479445,0.40862591117408403,0.7784867489575096,True
500,0.5,16,dml_pairs_boot,0.5985659988399508,0.0869336812717761,0.5061870878352799,0.8079026606912096,False
500,0.5,17,dml_if,0.7590724849692744,0.09739223516656187,0.5681837040428132,0.9499612658957356,False
500,0.5,17,dml_mult_boot,0.7590724849692744,0.09487317599809478,0.5748478436297684,0.9403158302278061,False
500,0.5,17,dml_pairs_boot,0.7590724849692744,0.08676769583711089,0.6106574577210951,0.903149840269203,False
500,0.5,18,dml_if,0.7443032143103188,0.09427720841062527,0.5595198858254933,0.9290865427951442,False
500,0.5,18,dml_mult_boot,0.7443032143103188,0.09163501276620478,0.5618868424281485,0.9317445272828503,False
500,0.5,18,dml_pairs_boot,0.7443032143103188,0.09193795509488878,0.5711452834100623,0.9209640858426713,False
500,0.5,19,dml_if,0.6703960358971506,0.19861820492126597,0.2811043542514693,1.0596877175428319,True
500,0.5,19,dml_mult_boot,0.6703960358971506,0.19723519294276054,0.2806235952398037,1.0362448211944515,True
500,0.5,19,dml_pairs_boot,0.6703960358971506,0.20611728830150303,0.019987089143698282,0.8234289347490626,True
500,0.5,20,dml_if,0.4448584538233371,0.1658351496386564,0.11982156053157056,0.7698953471151037,True
500,0.5,20,dml_mult_boot,0.4448584538233371,0.16258209786174543,0.1353304121475578,0.7633099348991977,True
500,0.5,20,dml_pairs_boot,0.4448584538233371,0.19781910100152456,0.190001882478483,0.8837094963701505,True
500,0.5,21,dml_if,0.3585174784321982,0.16903079104261048,0.0272171279886817,0.6898178288757147,True
500,0.5,21,dml_mult_boot,0.3585174784321982,0.1721227896765977,0.013672958159597622,0.7213349968929756,True
500,0.5,21,dml_pairs_boot,0.3585174784321982,0.1983314797222728,0.0468076220544513,0.7793978648109477,True
500,0.5,22,dml_if,0.5163387985559862,0.15450384116027757,0.21351126988184216,0.8191663272301302,True
500,0.5,22,dml_mult_boot,0.5163387985559862,0.14835132779170654,0.22272132350997684,0.7968422061941873,True
500,0.5,22,dml_pairs_boot,0.5163387985559862,0.1498282120380914,0.18821310186809387,0.739920457787264,True
500,0.5,23,dml_if,0.42482077456493333,0.1686331005549656,0.09429989747720074,0.7553416516526659,True
500,0.5,23,dml_mult_boot,0.42482077456493333,0.17509802033444966,0.09585094877828312,0.760586220427663,True
500,0.5,23,dml_pairs_boot,0.42482077456493333,0.31967412106363,-0.34953851645593936,0.7326543103406251,True
500,0.5,24,dml_if,0.5164640313267239,0.11253524777922377,0.2958949456794453,0.7370331169740025,True
500,0.5,24,dml_mult_boot,0.5164640313267239,0.10977046898006171,0.30162896671341016,0.705406850312404,True
500,0.5,24,dml_pairs_boot,0.5164640313267239,0.118959773842894,0.3399280606436491,0.7865040101287212,True
500,0.5,25,dml_if,0.6375174158782034,0.22071699407359913,0.20491210749394917,1.0701227242624576,True
500,0.5,25,dml_mult_boot,0.6375174158782034,0.21962145435320973,0.222321405314906,1.0465099598282874,True
500,0.5,25,dml_pairs_boot,0.6375174158782034,0.3308599004180513,0.17631004429160352,1.491504550733399,True
500,0.5,26,dml_if,0.7046076933831559,0.138713522785722,0.43272918872314076,0.9764861980431709,True
500,0.5,26,dml_mult_boot,0.7046076933831559,0.1341089288478892,0.4293617368142992,0.9650418541841737,True
500,0.5,26,dml_pairs_boot,0.7046076933831559,0.17449620630731408,0.4642771836186298,1.0826221415121464,True
500,0.5,27,dml_if,0.5906163871426144,0.13281130612450376,0.3303062271385871,0.8509265471466418,True
500,0.5,27,dml_mult_boot,0.5906163871426144,0.13271183585465207,0.33528314754594846,0.8472476359418734,True
500,0.5,27,dml_pairs_boot,0.5906163871426144,0.17894686612357175,0.29402389223808517,0.9751620798420607,True
500,0.5,28,dml_if,0.4836978556368918,0.0995847940711197,0.2885116592574972,0.6788840520162864,True
500,0.5,28,dml_mult_boot,0.4836978556368918,0.09845503893022514,0.3035976628203756,0.6918222602486264,True
500,0.5,28,dml_pairs_boot,0.4836978556368918,0.11108678978618715,0.3345784861409963,0.7128604955131792,True
500,0.5,29,dml_if,0.6531847842975144,0.19104433649153246,0.27873788477411077,1.027631683820918,True
500,0.5,29,dml_mult_boot,0.6531847842975144,0.18447696406632175,0.2984586250702435,0.9988891549555413,True
500,0.5,29,dml_pairs_boot,0.6531847842975144,0.4554413771857999,-0.8356371423806226,1.0200410602421197,True
500,0.5,30,dml_if,0.5341449705366251,0.10154596364560137,0.3351148817912465,0.7331750592820038,True
500,0.5,30,dml_mult_boot,0.5341449705366251,0.10024042134229447,0.3542813682281821,0.7288553680191154,True
500,0.5,30,dml_pairs_boot,0.5341449705366251,0.10240321242146685,0.3288314968824413,0.6764932528918668,True
500,0.5,31,dml_if,0.6580069356916666,0.10493910023433603,0.45232629923236795,0.8636875721509651,True
500,0.5,31,dml_mult_boot,0.6580069356916666,0.10501532213335282,0.4562124355539259,0.8514734074674714,True
500,0.5,31,dml_pairs_boot,0.6580069356916666,0.12618030699165825,0.4354051469767466,0.8921883406976762,True
500,0.5,32,dml_if,0.5604169805717176,0.10096222766095254,0.3625310143562507,0.7583029467871846,True
500,0.5,32,dml_mult_boot,0.5604169805717176,0.1030768677588408,0.36110050231413904,0.7536905200798327,True
500,0.5,32,dml_pairs_boot,0.5604169805717176,0.09961998671734096,0.41209516922551226,0.7892236116424778,True
500,0.5,33,dml_if,0.5142028697822792,0.22331049083819807,0.07651430773941104,0.9518914318251475,True
500,0.5,33,dml_mult_boot,0.5142028697822792,0.20522239356514266,0.09217300864194386,0.9317342449389212,True
500,0.5,33,dml_pairs_boot,0.5142028697822792,0.2734353833062101,-0.0537091605861722,0.978911471188469,True
500,0.5,34,dml_if,0.6587235445688862,0.09592390585325616,0.4707126890965041,0.8467344000412682,True
500,0.5,34,dml_mult_boot,0.6587235445688862,0.09542938202192723,0.4696561840980092,0.8416033785379292,True
500,0.5,34,dml_pairs_boot,0.6587235445688862,0.10257577218290023,0.46285408809455214,0.8463453366447306,True
500,0.5,35,dml_if,0.45507569351274224,0.10455340581842902,0.2501510181086214,0.6600003689168631,True
500,0.5,35,dml_mult_boot,0.45507569351274224,0.10820472890779473,0.2485803854265409,0.6680476522592411,True
500,0.5,35,dml_pairs_boot,0.45507569351274224,0.11154650898964322,0.3029245588961349,0.6653353591781414,True
500,0.5,36,dml_if,0.7415915942631587,0.09515193293533081,0.5550938057099103,0.9280893828164071,False
500,0.5,36,dml_mult_boot,0.7415915942631587,0.09321193254831371,0.5685363934492196,0.9213866427223993,False
500,0.5,36,dml_pairs_boot,0.7415915942631587,0.11768493459280704,0.5335612146973692,0.9688219030053996,False
500,0.5,37,dml_if,0.47482023558966524,0.17132747156321196,0.13901839132576982,0.8106220798535606,True
500,0.5,37,dml_mult_boot,0.47482023558966524,0.17315715960581876,0.14638435278598724,0.7993745849510326,True
500,0.5,37,dml_pairs_boot,0.47482023558966524,0.5787929473949238,-1.7846594166327279,0.9028115932870208,True
500,0.5,38,dml_if,0.5098216425968429,0.133903611340494,0.2473705643694747,0.7722727208242112,True
500,0.5,38,dml_mult_boot,0.5098216425968429,0.1366236334373064,0.22248410471334937,0.7681610943073487,True
500,0.5,38,dml_pairs_boot,0.5098216425968429,0.17691558134042923,0.19635603881907776,0.7909348249198102,True
500,0.5,39,dml_if,0.5190931074554412,0.14304220297619338,0.2387303896221022,0.7994558252887802,True
500,0.5,39,dml_mult_boot,0.5190931074554412,0.13808472787171117,0.24299385058758438,0.7724159839294176,True
500,0.5,39,dml_pairs_boot,0.5190931074554412,0.3042902924536394,-0.4820500324532185,0.7495625410158131,True
500,0.5,40,dml_if,0.6689428554260362,0.10187140633840805,0.4692748990027564,0.8686108118493159,True
500,0.5,40,dml_mult_boot,0.6689428554260362,0.10271695293274145,0.48078358507532026,0.8875009480823117,True
500,0.5,40,dml_pairs_boot,0.6689428554260362,0.09567209342933976,0.49256450668537277,0.8444625713689344,True
500,0.5,41,dml_if,0.8010370895719184,0.09992739372821524,0.6051793978646166,0.9968947812792203,False
500,0.5,41,dml_mult_boot,0.8010370895719184,0.09966329409851248,0.6071394894497771,1.0003225022581674,False
500,0.5,41,dml_pairs_boot,0.8010370895719184,0.09424915319296179,0.6224938759303847,1.0269192292057976,False
500,0.5,42,dml_if,0.3197931679775446,0.17842490800286634,-0.029919651708073425,0.6695059876631626,True
500,0.5,42,dml_mult_boot,0.3197931679775446,0.17134020828668942,-0.035148713407924505,0.627815520156512,True
500,0.5,42,dml_pairs_boot,0.3197931679775446,0.24836276180867006,-0.21320539330040758,0.6289905324223243,True
500,0.5,43,dml_if,0.5002852767127965,0.12720053199651396,0.2509722339996292,0.7495983194259639,True
500,0.5,43,dml_mult_boot,0.5002852767127965,0.12276868947695796,0.26036118949604803,0.7238197855251399,True
500,0.5,43,dml_pairs_boot,0.5002852767127965,0.1783067073392431,0.07045037612084334,0.7205311217606111,True
500,0.5,44,dml_if,0.6225560582199453,0.10130381851151009,0.42400057393738555,0.8211115425025051,True
500,0.5,44,dml_mult_boot,0.6225560582199453,0.0998987385645245,0.4144898657187835,0.8002023605349855,True
500,0.5,44,dml_pairs_boot,0.6225560582199453,0.10631471672964385,0.49232985271780644,0.8652191731566882,True
500,0.5,45,dml_if,0.3876774825076433,0.15403504495147452,0.0857687944027532,0.6895861706125334,True
500,0.5,45,dml_mult_boot,0.3876774825076433,0.15516087201941128,0.08536175762237731,0.6859381168131617,True
500,0.5,45,dml_pairs_boot,0.3876774825076433,0.17163469807746629,0.1917310209107835,0.7660841055725868,True
500,0.5,46,dml_if,0.4142643924532316,0.1712846217516127,0.07854653382007076,0.7499822510863925,True
500,0.5,46,dml_mult_boot,0.4142643924532316,0.16609888862043326,0.07303709659494981,0.7198660365363848,True
500,0.5,46,dml_pairs_boot,0.4142643924532316,0.2684298740834088,-0.06636339852782533,0.8630811936704065,True
500,0.5,47,dml_if,0.6532844245323752,0.09899795867905303,0.4592484255214313,0.8473204235433192,True
500,0.5,47,dml_mult_boot,0.6532844245323752,0.10068660300674688,0.45475030361044855,0.8385907089837574,True
500,0.5,47,dml_pairs_boot,0.6532844245323752,0.09847258434024257,0.5120194679032491,0.8756620000869059,False
500,0.5,48,dml_if,0.727869465997348,0.09873537335342443,0.5343481342246361,0.9213907977700599,False
500,0.5,48,dml_mult_boot,0.727869465997348,0.09351748567967252,0.5582008437692363,0.919919740343251,False
500,0.5,48,dml_pairs_boot,0.727869465997348,0.10645328589224944,0.5130333772949337,0.919081032531182,False
500,0.5,49,dml_if,0.7375411226973799,0.13780363662078002,0.4674459949206511,1.0076362504741088,True
500,0.5,49,dml_mult_boot,0.7375411226973799,0.14299691611763682,0.461795045611817,1.0035715010038495,True
500,0.5,49,dml_pairs_boot,0.7375411226973799,0.2835279422342061,0.028772060761755085,1.0537613007495175,True
500,0.5,50,dml_if,0.6731239546416202,0.1681766728781442,0.3434976758004576,1.002750233482783,True
500,0.5,50,dml_mult_boot,0.6731239546416202,0.15931804733641197,0.36511951058052483,0.9755953962744848,True
500,0.5,50,dml_pairs_boot,0.6731239546416202,0.2235355969965016,0.09698503147631396,0.8587949208199559,True
500,0.5,51,dml_if,0.5112012892295603,0.10048086450408594,0.31425879480155183,0.7081437836575688,True
500,0.5,51,dml_mult_boot,0.5112012892295603,0.10210787238765937,0.32057245696121933,0.7134154716904718,True
500,0.5,51,dml_pairs_boot,0.5112012892295603,0.10351309955892472,0.29919703021427435,0.7114753932333006,True
500,0.5,52,dml_if,0.4627234325771763,0.12591834237034238,0.21592348153130522,0.7095233836230473,True
500,0.5,52,dml_mult_boot,0.4627234325771763,0.12665205318428577,0.21491997516300954,0.7113400705326235,True
500,0.5,52,dml_pairs_boot,0.4627234325771763,0.34746496184055214,0.13940166980397417,0.7669069144717177,True
500,0.5,53,dml_if,0.6250168594330807,0.09538983310437539,0.438052786548505,0.8119809323176564,True
500,0.5,53,dml_mult_boot,0.6250168594330807,0.09161185130850748,0.4310939105094171,0.8022568007042417,True
500,0.5,53,dml_pairs_boot,0.6250168594330807,0.09879110001806846,0.4326819434775619,0.7699366679227134,True
500,0.5,54,dml_if,0.42330096624441105,0.14787029681840624,0.1334751844803348,0.7131267480084873,True
500,0.5,54,dml_mult_boot,0.42330096624441105,0.14389275845658328,0.14359832712690007,0.700976704496207,True
500,0.5,54,dml_pairs_boot,0.42330096624441105,0.37290421720316047,-0.6012462164042912,0.6753380019553722,True
500,0.5,55,dml_if,0.38470380255685704,0.18874987458410608,0.01475404837200911,0.754653556741705,True
500,0.5,55,dml_mult_boot,0.38470380255685704,0.1949874693240105,0.0288449409605745,0.7734703002275003,True
500,0.5,55,dml_pairs_boot,0.38470380255685704,0.1832517163716259,0.0721000794083174,0.6915635281217833,True
500,0.5,56,dml_if,0.532973410623237,0.2599255508960826,0.023519330866915156,1.0424274903795587,True
500,0.5,56,dml_mult_boot,0.532973410623237,0.26594411523934713,0.060479013086192086,1.0433576393293962,True
500,0.5,56,dml_pairs_boot,0.532973410623237,0.463323850682635,-0.6924655059735637,0.926766888652172,True
500,0.5,57,dml_if,0.27132514604945246,0.13040817753702194,0.015725118076889477,0.5269251740220154,True
500,0.5,57,dml_mult_boot,0.27132514604945246,0.12404702362323214,0.03909241740389002,0.5231729532120843,True
500,0.5,57,dml_pairs_boot,0.27132514604945246,0.18634865514334154,-0.07735240337606003,0.6332615554132629,True
500,0.5,58,dml_if,0.5399825588459594,0.10385330541643517,0.3364300802297464,0.7435350374621723,True
500,0.5,58,dml_mult_boot,0.5399825588459594,0.10340347466213609,0.34539774630095105,0.7326914706090932,True
500,0.5,58,dml_pairs_boot,0.5399825588459594,0.09326138221935687,0.3330490892523288,0.6769475860833867,True
500,0.5,59,dml_if,0.32644821543635527,0.14698335841640814,0.03836083294019532,0.6145355979325152,True
500,0.5,59,dml_mult_boot,0.32644821543635527,0.14146652557913125,0.05292557559169196,0.5770355659415578,True
500,0.5,59,dml_pairs_boot,0.32644821543635527,0.1672603554203322,-0.19997172537548308,0.4259735781983683,False
500,0.5,60,dml_if,0.6479400707232933,0.10133305806209937,0.44932727692157853,0.846552864525008,True
500,0.5,60,dml_mult_boot,0.6479400707232933,0.09977713340994893,0.4527562067240881,0.8224068464641948,True
500,0.5,60,dml_pairs_boot,0.6479400707232933,0.09317911324551201,0.49922533145417486,0.8051111000104488,True
500,0.5,61,dml_if,-0.4116622792970953,1.083857936813738,-2.536023835452022,1.712699276857831,True
500,0.5,61,dml_mult_boot,-0.4116622792970953,1.0764833034144812,-1.6688100333651685,0.8659237950651167,True
500,0.5,61,dml_pairs_boot,-0.4116622792970953,0.7339547871586557,-1.8507180076694447,0.856442183395126,True
500,0.5,62,dml_if,0.6727377408268058,0.09839315004039756,0.4798871667476266,0.8655883149059851,True
500,0.5,62,dml_mult_boot,0.6727377408268058,0.10365982026657863,0.48374581274860345,0.8639420638256439,True
500,0.5,62,dml_pairs_boot,0.6727377408268058,0.0920269579642535,0.49361055081127125,0.8223322703354743,True
500,0.5,63,dml_if,0.6300269658871421,0.10384002820946742,0.426500510596586,0.8335534211776983,True
500,0.5,63,dml_mult_boot,0.6300269658871421,0.10086106054131153,0.4248017495732705,0.8179516247977543,True
500,0.5,63,dml_pairs_boot,0.6300269658871421,0.1112972597412869,0.4577230636706655,0.8789741745120522,True
500,0.5,64,dml_if,0.6368448296541159,0.13481696609569155,0.3726035761065605,0.9010860832016714,True
500,0.5,64,dml_mult_boot,0.6368448296541159,0.13711286863717223,0.34861707147868254,0.8788493439880172,True
500,0.5,64,dml_pairs_boot,0.6368448296541159,0.14724112142400084,0.31847903157579355,0.8116670193076833,True
500,0.5,65,dml_if,0.4947165060334078,0.13517172956792822,0.2297799160802685,0.7596530959865471,True
500,0.5,65,dml_mult_boot,0.4947165060334078,0.13748282972183618,0.237128967012383,0.7723991072385573,True
500,0.5,65,dml_pairs_boot,0.4947165060334078,0.15022176735844492,0.15141229158162336,0.7354790869641453,True
500,0.5,66,dml_if,0.5926806674463828,0.09646111781558969,0.403616876527827,0.7817444583649387,True
500,0.5,66,dml_mult_boot,0.5926806674463828,0.09856015384333175,0.4236146283416206,0.7876107354151612,True
500,0.5,66,dml_pairs_boot,0.5926806674463828,0.10217491009086044,0.4420799192060025,0.81370776380461,True
500,0.5,67,dml_if,0.506830932586472,0.10613030864259414,0.29881552764698754,0.7148463375259566,True
500,0.5,67,dml_mult_boot,0.506830932586472,0.10735519642073318,0.2849032488828158,0.7113266177995465,True
500,0.5,67,dml_pairs_boot,0.506830932586472,0.11765584933576596,0.3241120474366006,0.7320196834408398,True
500,0.5,68,dml_if,0.5485049785950141,0.09700588356134059,0.35837344681478656,0.7386365103752417,True
500,0.5,68,dml_mult_boot,0.5485049785950141,0.10142882727532726,0.3644074962495586,0.7476127513694416,True
500,0.5,68,dml_pairs_boot,0.5485049785950141,0.0933802077026552,0.3240396669786831,0.6893203504701719,True
500,0.5,69,dml_if,0.5992373615434461,0.16503308896614444,0.275772507169803,0.9227022159170892,True
500,0.5,69,dml_mult_boot,0.5992373615434461,0.16865687891693185,0.2675920757848434,0.9297004687252324,True
500,0.5,69,dml_pairs_boot,0.5992373615434461,0.18464337380409687,0.17424604737797236,0.8705933249314998,True
500,0.5,70,dml_if,0.5300763962842753,0.12962427930096793,0.2760128088543781,0.7841399837141725,True
500,0.5,70,dml_mult_boot,0.5300763962842753,0.12956413819791468,0.29283633085339694,0.7840117434345778,True
500,0.5,70,dml_pairs_boot,0.5300763962842753,0.13436391916797427,0.3160369206027421,0.8230072402014493,True
500,0.5,71,dml_if,0.533209262194628,0.13846447135033177,0.2618188983479778,0.8045996260412783,True
500,0.5,71,dml_mult_boot,0.533209262194628,0.1397540337983439,0.24536230043884688,0.8026007758823087,True
500,0.5,71,dml_pairs_boot,0.533209262194628,0.19867912282267397,0.1030249274067236,0.7436881865042925,True
500,0.5,72,dml_if,0.5235873128885932,0.1706192564914554,0.1891735701653406,0.8580010556118458,True
500,0.5,72,dml_mult_boot,0.5235873128885932,0.16855975254228356,0.1603850372331354,0.8434487742183552,True
500,0.5,72,dml_pairs_boot,0.5235873128885932,0.20173912203057806,-0.07617625197066,0.7733504106567334,True
500,0.5,73,dml_if,0.659635678781411,0.10009384243232199,0.46345174761405994,0.8558196099487622,True
500,0.5,73,dml_mult_boot,0.659635678781411,0.0976768400745734,0.4543384884847293,0.8553791015512018,True
500,0.5,73,dml_pairs_boot,0.659635678781411,0.1039878465702196,0.5082541977144052,0.9447488830052305,False
500,0.5,74,dml_if,0.712164542453537,0.14545559791495913,0.4270715705402171,0.997257514366857,True
500,0.5,74,dml_mult_boot,0.712164542453537,0.14480446244663003,0.43295086769588825,1.0135332664022623,True
500,0.5,74,dml_pairs_boot,0.712164542453537,0.15136613988924214,0.500825784295182,1.0133792159733241,False
500,0.5,75,dml_if,0.7590336049599755,0.1273420952026471,0.5094430983627871,1.008624111557164,False
500,0.5,75,dml_mult_boot,0.7590336049599755,0.12380172401334841,0.5398229179705176,1.0111012399302122,False
500,0.5,75,dml_pairs_boot,0.7590336049599755,0.16051908837011647,0.31674280538249183,0.908887947154203,True
500,0.5,76,dml_if,0.4482519609448239,0.14061001236156628,0.172656336716154,0.7238475851734938,True
500,0.5,76,dml_mult_boot,0.4482519609448239,0.14220025965586897,0.16777568829040282,0.7172893170917015,True
500,0.5,76,dml_pairs_boot,0.4482519609448239,0.13821597914162062,0.2189015198583906,0.7177703544497273,True
500,0.5,77,dml_if,0.5292216809851144,0.1571834198905263,0.22114217799968278,0.837301183970546,True
500,0.5,77,dml_mult_boot,0.5292216809851144,0.15586598754367997,0.2308187697552206,0.8491107396729506,True
500,0.5,77,dml_pairs_boot,0.5292216809851144,0.20406844970370322,0.14016580363519626,0.9744347308342274,True
500,0.5,78,dml_if,0.7585630725336252,0.1329020070802423,0.4980751386563503,1.0190510064109002,True
500,0.5,78,dml_mult_boot,0.7585630725336252,0.12639150204125932,0.5212846283114997,1.0044010684866567,False
500,0.5,78,dml_pairs_boot,0.7585630725336252,0.148472920545841,0.4612181474205264,1.086079874999233,True
500,0.5,79,dml_if,0.45620497837389345,0.16646691838105168,0.12992981834703216,0.7824801384007547,True
500,0.5,79,dml_mult_boot,0.45620497837389345,0.1636473709426559,0.16357929577296718,0.7903037827891992,True
500,0.5,79,dml_pairs_boot,0.45620497837389345,0.23630222700903508,-0.18770358762755107,0.7094571905592257,True
500,0.5,80,dml_if,0.39910027705363194,0.18872147556018937,0.029206184955660797,0.768994369151603,True
500,0.5,80,dml_mult_boot,0.39910027705363194,0.19177726270608667,0.05462700983544044,0.7704588735421377,True
500,0.5,80,dml_pairs_boot,0.39910027705363194,0.30991433298673265,-0.34663146378647713,0.6566539180857226,True
500,0.5,81,dml_if,0.6124531279518469,0.10043135625343348,0.4156076696951173,0.8092985862085765,True
500,0.5,81,dml_mult_boot,0.6124531279518469,0.10159841804759069,0.4301615835196321,0.8176192304318141,True
500,0.5,81,dml_pairs_boot,0.6124531279518469,0.1038420985062611,0.4774592899318243,0.8530448416686104,True
500,0.5,82,dml_if,0.7161043175950297,0.09996362706839086,0.5201756085409837,0.9120330266490757,False
500,0.5,82,dml_mult_boot,0.7161043175950297,0.0990047399390598,0.5371483242051884,0.9055261061194799,False
500,0.5,82,dml_pairs_boot,0.7161043175950297,0.10394800068636456,0.4874243018571294,0.8879774163289714,True
500,0.5,83,dml_if,0.6639007277107822,0.10091956599226588,0.46609837836594115,0.8617030770556233,True
500,0.5,83,dml_mult_boot,0.6639007277107822,0.10288509547420198,0.46826380498450804,0.8636655910892277,True
500,0.5,83,dml_pairs_boot,0.6639007277107822,0.09131461823336125,0.5030645308275311,0.8202549284601357,False
500,0.5,84,dml_if,0.7434524303114397,0.09464463235517931,0.5579489508952883,0.9289559097275911,False
500,0.5,84,dml_mult_boot,0.7434524303114397,0.09486590123657557,0.5482616244828789,0.9182701888937262,False
500,0.5,84,dml_pairs_boot,0.7434524303114397,0.09592056163514251,0.5647710290835486,0.921354010950608,False
500,0.5,85,dml_if,0.5325605726798961,0.10412175816315308,0.32848192668011605,0.7366392186796762,True
500,0.5,85,dml_mult_boot,0.5325605726798961,0.10466833411247092,0.33505434200941153,0.7324730032222794,True
500,0.5,85,dml_pairs_boot,0.5325605726798961,0.10132697440240879,0.3671424913815945,0.6943637623591447,True
500,0.5,86,dml_if,0.554854533500324,0.10373976237555152,0.351524599244243,0.7581844677564049,True
500,0.5,86,dml_mult_boot,0.554854533500324,0.10782296361236485,0.36617534841895416,0.7734418009295964,True
500,0.5,86,dml_pairs_boot,0.554854533500324,0.09918895694705411,0.4127822527385101,0.7586364012798195,True
500,0.5,87,dml_if,0.5812846426102092,0.12688708302534485,0.3325859598805333,0.8299833253398851,True
500,0.5,87,dml_mult_boot,0.5812846426102092,0.12251884858177782,0.3345410496874417,0.8330261983096757,True
500,0.5,87,dml_pairs_boot,0.5812846426102092,0.18749787826458025,0.11000830464259617,0.8124323122478619,True
500,0.5,88,dml_if,0.34556650029837943,0.34987631501137273,-0.34019107712391106,1.03132407772067,True
500,0.5,88,dml_mult_boot,0.34556650029837943,0.34723130107959055,-0.15294096305986166,0.9004161698977869,True
500,0.5,88,dml_pairs_boot,0.34556650029837943,0.3158806471106043,-0.4404949921594445,0.8221848108269064,True
500,0.5,89,dml_if,0.6692311238159536,0.1392642731936796,0.39627314835634164,0.9421890992755656,True
500,0.5,89,dml_mult_boot,0.6692311238159536,0.1383239601062583,0.3853180318200956,0.9284718391929936,True
500,0.5,89,dml_pairs_boot,0.6692311238159536,0.22122440483958583,0.36324096199246164,1.0169191167311944,True
500,0.5,90,dml_if,0.4998985244261936,0.1480329233257043,0.20975399470781314,0.790043054144574,True
500,0.5,90,dml_mult_boot,0.4998985244261936,0.14722224220985536,0.23809143552991163,0.8268472926920248,True
500,0.5,90,dml_pairs_boot,0.4998985244261936,0.1625100086093015,0.07532283531958286,0.708517547150275,True
500,0.5,91,dml_if,0.42954735995408655,0.2016813657155503,0.03425188315160799,0.8248428367565651,True
500,0.5,91,dml_mult_boot,0.42954735995408655,0.2018527627069825,0.05770312361855249,0.8230839372686611,True
500,0.5,91,dml_pairs_boot,0.42954735995408655,0.30169124864612723,-0.38725360513551516,0.811324781899329,True
500,0.5,92,dml_if,0.5955250911808617,0.1032031026279378,0.39324701003010365,0.7978031723316198,True
500,0.5,92,dml_mult_boot,0.5955250911808617,0.10228406049433761,0.39536596466239277,0.7954288913853917,True
500,0.5,92,dml_pairs_boot,0.5955250911808617,0.10592102710023396,0.4283079412177241,0.8346760794623967,True
500,0.5,93,dml_if,0.5915480685765384,0.14772734666866674,0.3020024691059516,0.8810936680471253,True
500,0.5,93,dml_mult_boot,0.5915480685765384,0.1510947352376036,0.3106216021418854,0.8875213706396877,True
500,0.5,93,dml_pairs_boot,0.5915480685765384,0.14789130326676728,0.28967096967900097,0.822469475793998,True
500,0.5,94,dml_if,0.5764496107495357,0.16029260909999554,0.2622760969135445,0.890623124585527,True
500,0.5,94,dml_mult_boot,0.5764496107495357,0.1574099688383001,0.26584258706947506,0.8775543940129855,True
500,0.5,94,dml_pairs_boot,0.5764496107495357,0.23207037423393734,0.0024342222541303,1.0496340368270236,True
500,0.5,95,dml_if,0.5154399770902106,0.15460765805434973,0.21240896730368514,0.8184709868767361,True
500,0.5,95,dml_mult_boot,0.5154399770902106,0.14958386707719334,0.24658125215514243,0.8153638735983039,True
500,0.5,95,dml_pairs_boot,0.5154399770902106,0.22894165648475245,-0.006958171120567139,0.7587943452819287,True
500,0.5,96,dml_if,0.3839272902491725,0.30167929138996663,-0.2073641208751621,0.9752187013735071,True
500,0.5,96,dml_mult_boot,0.3839272902491725,0.3028441019953741,-0.13602954842420464,0.8908044929598674,True
500,0.5,96,dml_pairs_boot,0.3839272902491725,0.6610955413013757,-1.9432707420308493,0.9116414683628895,True
500,0.5,97,dml_if,0.50618423021224,0.09150564107658547,0.3268331737021325,0.6855352867223475,True
500,0.5,97,dml_mult_boot,0.50618423021224,0.09572728009121012,0.33234752073981233,0.7004784675499621,True
500,0.5,97,dml_pairs_boot,0.50618423021224,0.08418481157142048,0.3525704810883816,0.6641811950763942,True
500,0.5,98,dml_if,0.21861882044919564,0.23958819097597608,-0.2509740338637175,0.6882116747621088,True
500,0.5,98,dml_mult_boot,0.21861882044919564,0.2330246717169711,-0.2110682861515785,0.6382943045869842,True
500,0.5,98,dml_pairs_boot,0.21861882044919564,0.3523126816400864,-0.5620666841462405,0.6704453637373345,True
500,0.5,99,dml_if,0.44267835604891,0.14097574931091894,0.16636588739950886,0.7189908246983111,True
500,0.5,99,dml_mult_boot,0.44267835604891,0.15276583587043382,0.1451909356112194,0.7338838881534927,True
500,0.5,99,dml_pairs_boot,0.44267835604891,0.1697824389993431,0.12787469489921108,0.7101996881506378,True
500,0.5,100,dml_if,0.759054372084439,0.09834725302426038,0.5662937561568887,0.9518149880119894,False
500,0.5,100,dml_mult_boot,0.759054372084439,0.10172937730828455,0.5540325631501104,0.9504198281894686,False
500,0.5,100,dml_pairs_boot,0.759054372084439,0.09159972843949488,0.590391617461163,0.9328632844711239,False
500,0.5,101,dml_if,0.8055052048251626,0.10101075007705594,0.607524134674133,1.0034862749761924,False
500,0.5,101,dml_mult_boot,0.8055052048251626,0.10451839491514658,0.5947848576208198,0.99695795083307,False
500,0.5,101,dml_pairs_boot,0.8055052048251626,0.10832460555562051,0.5657141528578247,1.0245678833206464,False
500,0.5,102,dml_if,0.5115877890729679,0.1058521805980214,0.30411751510084595,0.7190580630450898,True
500,0.5,102,dml_mult_boot,0.5115877890729679,0.10955425500558015,0.29920324673952053,0.7288688315519032,True
500,0.5,102,dml_pairs_boot,0.5115877890729679,0.1046976353413629,0.377813215932188,0.7280263981335815,True
500,0.5,103,dml_if,0.4635760445243097,0.15794563609700268,0.15400259777418446,0.773149491274435,True
500,0.5,103,dml_mult_boot,0.4635760445243097,0.15159043622037557,0.1680526021603193,0.7549629049660443,True
500,0.5,103,dml_pairs_boot,0.4635760445243097,0.2313484607537475,-0.24098232184410412,0.6844936835322528,True
500,0.5,104,dml_if,0.5671960819201347,0.09644169559213304,0.37817035855955394,0.7562218052807155,True
500,0.5,104,dml_mult_boot,0.5671960819201347,0.09733971698016033,0.3724050679725043,0.7504308958112207,True
500,0.5,104,dml_pairs_boot,0.5671960819201347,0.08832772226651607,0.39164378407951944,0.7013776438371113,True
500,0.5,105,dml_if,0.717687497456862,0.1828743387726818,0.35925379346240566,1.0761212014513184,True
500,0.5,105,dml_mult_boot,0.717687497456862,0.19562077839932512,0.33217786153281803,1.070720455689188,True
500,0.5,105,dml_pairs_boot,0.717687497456862,0.3151715533485944,0.3039392358515106,1.0552052565967438,True
500,0.5,106,dml_if,0.6644290111222004,0.1418490911752412,0.3864047924187277,0.9424532298256731,True
500,0.5,106,dml_mult_boot,0.6644290111222004,0.14222707209436194,0.39824310883168235,0.9439739419581242,True
500,0.5,106,dml_pairs_boot,0.6644290111222004,0.16586742184026143,0.18976648019132414,0.8418375963569725,True
500,0.5,107,dml_if,0.4744205879737779,0.16516381062170077,0.15069951915524438,0.7981416567923114,True
500,0.5,107,dml_mult_boot,0.4744205879737779,0.16240515434705008,0.17647011419600722,0.7965362532883272,True
500,0.5,107,dml_pairs_boot,0.4744205879737779,0.14987761735584482,0.09445603456480749,0.7663755504855031,True
500,0.5,108,dml_if,0.5810661471071563,0.09454042808367762,0.3957669080631482,0.7663653861511645,True
500,0.5,108,dml_mult_boot,0.5810661471071563,0.09325186136207071,0.3853572566527354,0.7509684775247267,True
500,0.5,108,dml_pairs_boot,0.5810661471071563,0.11090839290246558,0.36297859703113494,0.7883991230238637,True
500,0.5,109,dml_if,0.43427079830320203,0.1384343184567013,0.1629395341280675,0.7056020624783366,True
500,0.5,109,dml_mult_boot,0.43427079830320203,0.1338640193948358,0.1671000164394779,0.6920902196201721,True
500,0.5,109,dml_pairs_boot,0.43427079830320203,0.13481067408425196,0.23300308085879037,0.6770558618016391,True
500,0.5,110,dml_if,0.25270773104458055,0.16869330641883637,-0.07793114953633873,0.5833466116254998,True
500,0.5,110,dml_mult_boot,0.25270773104458055,0.17645369002190847,-0.06935608637155576,0.6187850256966568,True
500,0.5,110,dml_pairs_boot,0.25270773104458055,0.30507379183851474,0.12671898145519842,0.7438617987055238,True
500,0.5,111,dml_if,0.8632556337988687,0.09696838270821638,0.6731976036907646,1.053313663906973,False
500,0.5,111,dml_mult_boot,0.8632556337988687,0.09092152907117604,0.6892851955320484,1.039633700105048,False
500,0.5,111,dml_pairs_boot,0.8632556337988687,0.10377494922511615,0.6504671546295158,1.0400554082955127,False
500,0.5,112,dml_if,0.4545511707090165,0.15787679979708397,0.14511264310673194,0.763989698311301,True
500,0.5,112,dml_mult_boot,0.4545511707090165,0.16110739088256162,0.16131436593719736,0.7842243897105654,True
500,0.5,112,dml_pairs_boot,0.4545511707090165,0.1538837151633585,0.17953992892382506,0.6793251191758266,True
500,0.5,113,dml_if,0.6657936034632923,0.09960472213005511,0.4705683480883843,0.8610188588382003,True
500,0.5,113,dml_mult_boot,0.6657936034632923,0.09580606908380881,0.4825478145790508,0.8389834774036037,True
500,0.5,113,dml_pairs_boot,0.6657936034632923,0.09867692987172552,0.4969229988018044,0.8242048657301304,True
500,0.5,114,dml_if,0.7309252247791203,0.14508643823237913,0.44655580584365717,1.0152946437145833,True
500,0.5,114,dml_mult_boot,0.7309252247791203,0.1452051045309388,0.45158376279030216,1.0112630872112756,True
500,0.5,114,dml_pairs_boot,0.7309252247791203,0.16537482537261103,0.39686099500886396,1.0130071988322649,True
500,0.5,115,dml_if,0.431901051355654,0.1372129649368215,0.16296364007948383,0.7008384626318241,True
500,0.5,115,dml_mult_boot,0.431901051355654,0.13318725681285842,0.16002269944226186,0.6855799909147766,True
500,0.5,115,dml_pairs_boot,0.431901051355654,0.18755990368470202,0.06580036606706093,0.7613225541290457,True
500,0.5,116,dml_if,0.5711030543768192,0.13382420946925652,0.3088076038170764,0.833398504936562,True
500,0.5,116,dml_mult_boot,0.5711030543768192,0.13780163742194232,0.30850218172163985,0.8362549031148094,True
500,0.5,116,dml_pairs_boot,0.5711030543768192,0.11234861352533065,0.34645924803950023,0.7318477732611042,True
500,0.5,117,dml_if,0.6587728448904757,0.10575480088143274,0.45149343516286755,0.8660522546180839,True
500,0.5,117,dml_mult_boot,0.6587728448904757,0.1080968190379739,0.4437488203420355,0.8777296717289358,True
500,0.5,117,dml_pairs_boot,0.6587728448904757,0.10094967510013209,0.4685380131382521,0.8446332989496821,True
500,0.5,118,dml_if,0.2882178395096529,0.17553392919110292,-0.0558286617049088,0.6322643407242146,True
500,0.5,118,dml_mult_boot,0.2882178395096529,0.18505821375404619,-0.08569915035870834,0.6505505955570833,True
500,0.5,118,dml_pairs_boot,0.2882178395096529,0.14163640020706378,0.09676350590097578,0.5511217187495072,True
500,0.5,119,dml_if,0.44252762862013856,0.0993268380381875,0.24784702606529108,0.637208231174986,True
500,0.5,119,dml_mult_boot,0.44252762862013856,0.09867602473074777,0.2359251495728212,0.6243462561339362,True
500,0.5,119,dml_pairs_boot,0.44252762862013856,0.08377389946456197,0.2871723279606479,0.6237447768344057,True
500,0.5,120,dml_if,0.2506495833233479,0.19646403871093446,-0.1344199325500836,0.6357190991967794,True
500,0.5,120,dml_mult_boot,0.2506495833233479,0.19901632515686696,-0.12021512086917019,0.6467295104683063,True
500,0.5,120,dml_pairs_boot,0.2506495833233479,0.23061920772269087,-0.24492371207357902,0.584925461262711,True
500,0.5,121,dml_if,0.44761473009382585,0.09294395980710517,0.2654445688718997,0.629784891315752,True
500,0.5,121,dml_mult_boot,0.44761473009382585,0.0947047400414996,0.2701554497593068,0.6298080118123188,True
500,0.5,121,dml_pairs_boot,0.44761473009382585,0.11342992968689838,0.2937491459629492,0.7209799987090638,True
500,0.5,122,dml_if,0.684207467876987,0.09924585616189559,0.4896855897996717,0.8787293459543024,True
500,0.5,122,dml_mult_boot,0.684207467876987,0.09603076277414345,0.5010433542301768,0.8798554570203777,False
500,0.5,122,dml_pairs_boot,0.684207467876987,0.09841972629977118,0.5192045908355339,0.9131852755100269,False
500,0.5,123,dml_if,0.5395317711572223,0.0937324179446903,0.3558162319856293,0.7232473103288153,True
500,0.5,123,dml_mult_boot,0.5395317711572223,0.09535642851688717,0.3529029305055593,0.7355018470493628,True
500,0.5,123,dml_pairs_boot,0.5395317711572223,0.09327586383810467,0.3790132728653715,0.7052628214172307,True
500,0.5,124,dml_if,0.72634701731952,0.10201898184482475,0.5263898129036635,0.9263042217353765,False
500,0.5,124,dml_mult_boot,0.72634701731952,0.09986873137017974,0.544689373283176,0.919568035544432,False
500,0.5,124,dml_pairs_boot,0.72634701731952,0.08988018231777507,0.5073561731695745,0.8916510817705365,False
500,0.5,125,dml_if,0.5390923342738716,0.13695874751266304,0.27065318914905206,0.8075314793986912,True
500,0.5,125,dml_mult_boot,0.5390923342738716,0.14266528184654872,0.24067095808402839,0.8127651772273689,True
500,0.5,125,dml_pairs_boot,0.5390923342738716,0.1394006833658457,0.28526050735735625,0.7194528478903945,True
500,0.5,126,dml_if,0.5578514475240133,0.1825948988247943,0.1999654458274165,0.9157374492206101,True
500,0.5,126,dml_mult_boot,0.5578514475240133,0.17829793377586234,0.21651348309133706,0.9117549032897936,True
500,0.5,126,dml_pairs_boot,0.5578514475240133,0.1771696122685028,0.307955728326228,0.9264066359472589,True
500,0.5,127,dml_if,0.6279460478907621,0.09236669734292934,0.44690732109862064,0.8089847746829036,True
500,0.5,127,dml_mult_boot,0.6279460478907621,0.09013263234204674,0.4566811400111572,0.8095165548129175,True
500,0.5,127,dml_pairs_boot,0.6279460478907621,0.09334546046980356,0.48224441714379973,0.8334426395610093,True
500,0.5,128,dml_if,0.11507579816006641,0.18440024327619933,-0.2463486786612843,0.4765002749814171,False
500,0.5,128,dml_mult_boot,0.11507579816006641,0.17398405604386763,-0.1983290003287447,0.41595217775739274,False
500,0.5,128,dml_pairs_boot,0.11507579816006641,0.1817896071689018,-0.13139336344199412,0.5486696233065746,True
500,0.5,129,dml_if,0.3583629156052715,0.12851184197799265,0.1064797053284059,0.6102461258821371,True
500,0.5,129,dml_mult_boot,0.3583629156052715,0.13059841060192595,0.09997461213114225,0.5988441615468201,True
500,0.5,129,dml_pairs_boot,0.3583629156052715,0.1768501476852028,0.015882050085856088,0.615248794707293,True
500,0.5,130,dml_if,0.6757438533331,0.10102463213790472,0.4777355743428068,0.8737521323233933,True
500,0.5,130,dml_mult_boot,0.6757438533331,0.10404759084475804,0.4620135444876083,0.8611380001006145,True
500,0.5,130,dml_pairs_boot,0.6757438533331,0.11484641799823014,0.49408448311399716,0.8701876432190172,True
500,0.5,131,dml_if,0.49549055411368115,0.103519106308976,0.29259310574808817,0.6983880024792741,True
500,0.5,131,dml_mult_boot,0.49549055411368115,0.10308506070977896,0.28130728333524985,0.6834947593609351,True
500,0.5,131,dml_pairs_boot,0.49549055411368115,0.09848442396032484,0.3377635992104335,0.6887478194644836,True
500,0.5,132,dml_if,0.6776813411648125,0.10547923854382898,0.4709420336189077,0.8844206487107173,True
500,0.5,132,dml_mult_boot,0.6776813411648125,0.10300236992926814,0.474002826026127,0.8759445535119458,True
500,0.5,132,dml_pairs_boot,0.6776813411648125,0.10380733999829504,0.4663966195978353,0.8399888473090154,True
500,0.5,133,dml_if,0.43944659838511035,0.18654398934543837,0.07382037926805118,0.8050728175021695,True
500,0.5,133,dml_mult_boot,0.43944659838511035,0.18594489164091296,0.08837075847085198,0.8161442227866199,True
500,0.5,133,dml_pairs_boot,0.43944659838511035,0.22050216498428996,-0.05904822896434563,0.7130150147509438,True
500,0.5,134,dml_if,0.5423935636053502,0.14173664509929546,0.2645897392107311,0.8201973879999693,True
500,0.5,134,dml_mult_boot,0.5423935636053502,0.14649868556118004,0.24879306187176187,0.8207852668033985,True
500,0.5,134,dml_pairs_boot,0.5423935636053502,0.16631217379590857,0.14543974056105505,0.7875140608918765,True
500,0.5,135,dml_if,0.38499594851327945,0.10271958655022193,0.18366555887484448,0.5863263381517144,True
500,0.5,135,dml_mult_boot,0.38499594851327945,0.10668945336376703,0.1840399172586289,0.5867350123351502,True
500,0.5,135,dml_pairs_boot,0.38499594851327945,0.10110137076808393,0.18037077221575368,0.5654769119074028,True
500,0.5,136,dml_if,0.7092431192083576,0.0951799077111422,0.5226905000945189,0.8957957383221963,False
500,0.5,136,dml_mult_boot,0.7092431192083576,0.09459793582277937,0.5231294136746073,0.895441618901463,False
500,0.5,136,dml_pairs_boot,0.7092431192083576,0.1061233949594931,0.552016638848212,0.9473203029732375,False
500,0.5,137,dml_if,0.5216645830172123,0.176585608019135,0.1755567912997077,0.8677723747347169,True
500,0.5,137,dml_mult_boot,0.5216645830172123,0.17474921690590695,0.15969961471891422,0.8530188044173054,True
500,0.5,137,dml_pairs_boot,0.5216645830172123,0.20771439323874916,0.12145773483181642,0.7611214014072796,True
500,0.5,138,dml_if,0.5065189254499262,0.09988613167747078,0.3107421073620834,0.7022957435377689,True
500,0.5,138,dml_mult_boot,0.5065189254499262,0.09936283621605098,0.2981781031678441,0.6849173088216817,True
500,0.5,138,dml_pairs_boot,0.5065189254499262,0.08411057837022802,0.36816337674838184,0.6913218094684828,True
500,0.5,139,dml_if,0.34797861196032326,0.14361604030178846,0.0664911729688179,0.6294660509518286,True
500,0.5,139,dml_mult_boot,0.34797861196032326,0.13986612903961076,0.06925289696248353,0.6131561527222897,True
500,0.5,139,dml_pairs_boot,0.34797861196032326,0.22683345683449507,-0.01335681829338813,0.6658343402327287,True
500,0.5,140,dml_if,0.7150272554199556,0.10410154823702705,0.5109882208753825,0.9190662899645287,False
500,0.5,140,dml_mult_boot,0.7150272554199556,0.09768063430647092,0.5255102916599549,0.8917015463082905,False
500,0.5,140,dml_pairs_boot,0.7150272554199556,0.10186287918170052,0.5282172307821681,0.9193328576822419,False
500,0.5,141,dml_if,0.7166513421353685,0.10046891103148237,0.519732276513663,0.913570407757074,False
500,0.5,141,dml_mult_boot,0.7166513421353685,0.10243791857417799,0.5333360547438529,0.9266050682877996,False
500,0.5,141,dml_pairs_boot,0.7166513421353685,0.11670230983082339,0.5073935824004062,0.9296834586893065,False
500,0.5,142,dml_if,0.4349987540771232,0.2061236733529892,0.030996354305264373,0.839001153848982,True
500,0.5,142,dml_mult_boot,0.4349987540771232,0.20013039184725875,0.0632319920135983,0.8330397244407294,True
500,0.5,142,dml_pairs_boot,0.4349987540771232,0.22037659455908085,0.1508800794461105,0.9529695478839839,True
500,0.5,143,dml_if,0.7098178958155967,0.17471697449478626,0.36737262580581564,1.0522631658253778,True
500,0.5,143,dml_mult_boot,0.7098178958155967,0.1770382893902722,0.38466389457688926,1.0557448097387752,True
500,0.5,143,dml_pairs_boot,0.7098178958155967,0.23351872354667685,0.41038535637929985,1.3024536310279418,True
500,0.5,144,dml_if,0.7035615101368325,0.09691248653843698,0.513613036521496,0.8935099837521691,False
500,0.5,144,dml_mult_boot,0.7035615101368325,0.09969915890593985,0.5080848489735228,0.8916798644709751,False
500,0.5,144,dml_pairs_boot,0.7035615101368325,0.10348732674104033,0.5232780611030841,0.8598944732703682,False
500,0.5,145,dml_if,0.7528927261472603,0.23230964237439114,0.2975658270934537,1.208219625201067,True
500,0.5,145,dml_mult_boot,0.7528927261472603,0.231169670352363,0.2890629828007968,1.18218966671963,True
500,0.5,145,dml_pairs_boot,0.7528927261472603,0.24931519242692288,0.1532180521254453,1.131497173970407,True
500,0.5,146,dml_if,0.605500803022804,0.09577152420375352,0.41778861558344704,0.7932129904621609,True
500,0.5,146,dml_mult_boot,0.605500803022804,0.10424058167507602,0.40682313880052756,0.816164972987361,True
500,0.5,146,dml_pairs_boot,0.605500803022804,0.1094801882804741,0.41860770275536546,0.8019975429243922,True
500,0.5,147,dml_if,0.6236491293435357,0.1459359960268598,0.33761457713089044,0.9096836815561808,True
500,0.5,147,dml_mult_boot,0.6236491293435357,0.14490762955755343,0.34112019330496807,0.9120297817582664,True
500,0.5,147,dml_pairs_boot,0.6236491293435357,0.18418703591137403,0.12608871793872728,0.7708146606613225,True
500,0.5,148,dml_if,0.8912032088945612,0.14643321766319933,0.6041941022746905,1.1782123155144317,False
500,0.5,148,dml_mult_boot,0.8912032088945612,0.14546370776251796,0.5660220031981322,1.152200868278341,False
500,0.5,148,dml_pairs_boot,0.8912032088945612,0.15869818654469206,0.6073021763850832,1.1752169786360238,False
500,0.5,149,dml_if,0.6285926782495103,0.10572361910053255,0.4213743848124665,0.835810971686554,True
500,0.5,149,dml_mult_boot,0.6285926782495103,0.10586173831693091,0.44481721507080824,0.8279439199644005,True
500,0.5,149,dml_pairs_boot,0.6285926782495103,0.1008005676313629,0.4438979265842415,0.792565353782418,True
500,0.5,150,dml_if,0.5643010529888084,0.10861644434714471,0.35141282206840474,0.777189283909212,True
500,0.5,150,dml_mult_boot,0.5643010529888084,0.10779521087270338,0.36344803481451593,0.7854075928629146,True
500,0.5,150,dml_pairs_boot,0.5643010529888084,0.12163466053489384,0.3108263038737513,0.769154238701538,True
500,0.5,151,dml_if,0.5352599973295775,0.15910585049136333,0.22341253036650538,0.8471074642926497,True
500,0.5,151,dml_mult_boot,0.5352599973295775,0.15112930314221168,0.2114943464172487,0.8158836360820264,True
500,0.5,151,dml_pairs_boot,0.5352599973295775,0.17455089800386223,0.24925141438530485,0.8628891511858318,True
500,0.5,152,dml_if,0.883329085792569,0.14076761004244195,0.6074245701093828,1.1592336014757552,False
500,0.5,152,dml_mult_boot,0.883329085792569,0.138958190021474,0.6190451927908756,1.1539966414702543,False
500,0.5,152,dml_pairs_boot,0.883329085792569,0.14122815454827342,0.6324465531091481,1.1014046010612486,False
500,0.5,153,dml_if,0.3873555144357036,0.1507160377076146,0.09195208052877896,0.6827589483426282,True
500,0.5,153,dml_mult_boot,0.3873555144357036,0.15232899611489142,0.07925058666640618,0.6782710586009537,True
500,0.5,153,dml_pairs_boot,0.3873555144357036,0.16967305934394683,0.0799902935283931,0.6817719333988315,True
500,0.5,154,dml_if,0.8732640087800609,0.0951671964164818,0.6867363038037566,1.0597917137563653,False
500,0.5,154,dml_mult_boot,0.8732640087800609,0.09355187475275237,0.681462795554598,1.04940168414707,False
500,0.5,154,dml_pairs_boot,0.8732640087800609,0.11120218254793542,0.633788090845903,1.0331775279864774,False
500,0.5,155,dml_if,0.35453310096938506,0.2125391148137841,-0.06204356406563177,0.771109766004402,True
500,0.5,155,dml_mult_boot,0.35453310096938506,0.21565400205507906,-0.019359126914100497,0.7892419670802123,True
500,0.5,155,dml_pairs_boot,0.35453310096938506,0.2084382105550285,-0.12180957606142709,0.67095019534744,True
500,0.5,156,dml_if,0.6111791413698422,0.09991783010061407,0.4153401943726386,0.8070180883670458,True
500,0.5,156,dml_mult_boot,0.6111791413698422,0.09998318843819387,0.4278485499197374,0.8220311795130099,True
500,0.5,156,dml_pairs_boot,0.6111791413698422,0.0882579093782506,0.4492761663079712,0.7769987097997937,True
500,0.5,157,dml_if,0.3479388932378505,0.1868602932597671,-0.01830728155129302,0.714185068026994,True
500,0.5,157,dml_mult_boot,0.3479388932378505,0.1896811470603519,-0.014888877907712249,0.7131302295396028,True
500,0.5,157,dml_pairs_boot,0.3479388932378505,0.2878446663929569,-0.2768818691326238,0.7354856107205646,True
500,0.5,158,dml_if,0.3314617153331112,0.13988096609649636,0.05729502178397833,0.6056284088822441,True
500,0.5,158,dml_mult_boot,0.3314617153331112,0.1412120597445059,0.04529775246332865,0.5860227582416375,True
500,0.5,158,dml_pairs_boot,0.3314617153331112,0.18671988040821225,-0.17307552750443086,0.6127303339918827,True
500,0.5,159,dml_if,0.5245280112078595,0.1552682055983431,0.22020232823510705,0.8288536941806119,True
500,0.5,159,dml_mult_boot,0.5245280112078595,0.1510711076434973,0.23957578497490709,0.8114519042606927,True
500,0.5,159,dml_pairs_boot,0.5245280112078595,0.26137583450412016,-0.19188345786893926,0.9009440508897371,True
500,0.5,160,dml_if,0.76901653330085,0.10362001074115305,0.56592131224819,0.9721117543535099,False
500,0.5,160,dml_mult_boot,0.76901653330085,0.10245777308213792,0.568974122135792,0.9641808331074034,False
500,0.5,160,dml_pairs_boot,0.76901653330085,0.086035133444072,0.6599134420393253,0.9768638696156215,False
500,0.5,161,dml_if,0.2904779996926217,0.18618000860328687,-0.07443481716982053,0.6553908165550639,True
500,0.5,161,dml_mult_boot,0.2904779996926217,0.18454159911640053,-0.041033343001688705,0.6445289420438358,True
500,0.5,161,dml_pairs_boot,0.2904779996926217,0.20308900733529053,-0.20453135943180836,0.6520941385596123,True
500,0.5,162,dml_if,0.7506662042835945,0.10019062943174452,0.5542925705973754,0.9470398379698137,False
500,0.5,162,dml_mult_boot,0.7506662042835945,0.0990553169290434,0.5364788038260225,0.9454028079315826,False
500,0.5,162,dml_pairs_boot,0.7506662042835945,0.1298649966987255,0.5125918837657935,0.9421109754650359,False
500,0.5,163,dml_if,0.6229271391992536,0.09298550259349672,0.440675554116,0.8051787242825071,True
500,0.5,163,dml_mult_boot,0.6229271391992536,0.09358659067675375,0.4420468380797587,0.8012631205759161,True
500,0.5,163,dml_pairs_boot,0.6229271391992536,0.11369412788924207,0.4209745420699187,0.7997488015197762,True
500,0.5,164,dml_if,0.45392983014666244,0.16322975521241634,0.13399950993032644,0.7738601503629985,True
500,0.5,164,dml_mult_boot,0.45392983014666244,0.16076177521540683,0.1459218652723459,0.7525934034531342,True
500,0.5,164,dml_pairs_boot,0.45392983014666244,0.18937258869634063,0.20639566191795214,0.8666726618307619,True
500,0.5,165,dml_if,0.3357987982838356,0.14479124441731045,0.05200795922590712,0.619589637341764,True
500,0.5,165,dml_mult_boot,0.3357987982838356,0.14275286209231738,0.06375439521561342,0.6143045513540456,True
500,0.5,165,dml_pairs_boot,0.3357987982838356,0.18751962710391643,-0.024606789136692866,0.5943326592241721,True
500,0.5,166,dml_if,0.2920233243687392,0.18844567989854938,-0.0773302082324176,0.6613768569698959,True
500,0.5,166,dml_mult_boot,0.2920233243687392,0.18688490947266903,-0.07411677103561634,0.6564510649568843,True
500,0.5,166,dml_pairs_boot,0.2920233243687392,0.23594013356376395,-0.4939604521038676,0.4480298173911798,False
500,0.5,167,dml_if,0.1886196382403252,0.18545044153532464,-0.1748632271689111,0.5521025036495615,True
500,0.5,167,dml_mult_boot,0.1886196382403252,0.18666399871893036,-0.17703590554595094,0.5412272429417517,True
500,0.5,167,dml_pairs_boot,0.1886196382403252,0.19767146406778655,-0.12692056316681333,0.6308299537603195,True
500,0.5,168,dml_if,0.1922651182430813,0.3348979761578135,-0.4641349150262332,0.8486651515123957,True
500,0.5,168,dml_mult_boot,0.1922651182430813,0.3343794932103591,-0.4474227556510036,0.7916798974933252,True
500,0.5,168,dml_pairs_boot,0.1922651182430813,0.35126520846067844,-0.559353479505356,0.7558312866217423,True
500,0.5,169,dml_if,0.30616006625655495,0.20968405970928403,-0.10482069077364176,0.7171408232867517,True
500,0.5,169,dml_mult_boot,0.30616006625655495,0.2086860529223921,-0.08963515372008671,0.6978794662106822,True
500,0.5,169,dml_pairs_boot,0.30616006625655495,0.24740125218873307,0.0034159345871245337,0.7436332876550035,True
500,0.5,170,dml_if,0.6096528929915676,0.14546152179827662,0.32454831026694536,0.8947574757161898,True
500,0.5,170,dml_mult_boot,0.6096528929915676,0.14592561509973484,0.3122505342249472,0.8782737426410722,True
500,0.5,170,dml_pairs_boot,0.6096528929915676,0.23734980642887235,0.36032646059579,1.21831269912759,True
500,0.5,171,dml_if,0.3979512526737099,0.14708557156861052,0.10966353239923327,0.6862389729481866,True
500,0.5,171,dml_mult_boot,0.3979512526737099,0.14843710880112007,0.14563169426596,0.6960006129496492,True
500,0.5,171,dml_pairs_boot,0.3979512526737099,0.14468331516112753,0.08972087116482248,0.6923223243748117,True
500,0.5,172,dml_if,0.5506560488196153,0.09932827663923027,0.3559726266067239,0.7453394710325066,True
500,0.5,172,dml_mult_boot,0.5506560488196153,0.10009775778139941,0.350889822783313,0.7297293221721276,True
500,0.5,172,dml_pairs_boot,0.5506560488196153,0.11354482673211241,0.3706135867510091,0.8036213965763394,True
500,0.5,173,dml_if,0.651969842933024,0.10212048910889801,0.45181368427958385,0.852126001586464,True
500,0.5,173,dml_mult_boot,0.651969842933024,0.10201885355171494,0.46210400673537405,0.8528000830419091,True
500,0.5,173,dml_pairs_boot,0.651969842933024,0.10324096069928519,0.5168899200686481,0.9026242060797006,False
500,0.5,174,dml_if,0.7115021785324415,0.09516939248208377,0.5249701692675572,0.8980341877973257,False
500,0.5,174,dml_mult_boot,0.7115021785324415,0.09543139789119474,0.5310026772881332,0.8719882340620158,False
500,0.5,174,dml_pairs_boot,0.7115021785324415,0.09506017999550691,0.5311532280439344,0.8735141935121554,False
500,0.5,175,dml_if,0.3480523756319176,0.18359895664394954,-0.011801579390223471,0.7079063306540587,True
500,0.5,175,dml_mult_boot,0.3480523756319176,0.18319008553239022,0.03975967924126135,0.706366656890156,True
500,0.5,175,dml_pairs_boot,0.3480523756319176,0.2205930312984073,-0.14897146375213952,0.6767606712722304,True
500,0.5,176,dml_if,0.6078001258552777,0.09821902087411775,0.41529084494200685,0.8003094067685484,True
500,0.5,176,dml_mult_boot,0.6078001258552777,0.09925620354361536,0.4065551819985111,0.7949384998190621,True
500,0.5,176,dml_pairs_boot,0.6078001258552777,0.10631506848035817,0.42736164167374546,0.7754658721351589,True
500,0.5,177,dml_if,0.6826141601489197,0.09629245288056838,0.4938809525030057,0.8713473677948338,True
500,0.5,177,dml_mult_boot,0.6826141601489197,0.0931601334040592,0.4961814569616588,0.8714174012551351,True
500,0.5,177,dml_pairs_boot,0.6826141601489197,0.0932398558142926,0.5570655501753675,0.895547190546344,False
500,0.5,178,dml_if,0.8016221534529527,0.10068208804761378,0.6042852608796297,0.9989590460262757,False
500,0.5,178,dml_mult_boot,0.8016221534529527,0.09935699243372827,0.6027037563916959,0.9790829651284197,False
500,0.5,178,dml_pairs_boot,0.8016221534529527,0.11493570436724251,0.5656210675145912,0.9915464092526638,False
500,0.5,179,dml_if,0.563462908641337,0.09443518778984542,0.37836994057323997,0.748555876709434,True
500,0.5,179,dml_mult_boot,0.563462908641337,0.09513728484220643,0.38982913009893677,0.7551179331248531,True
500,0.5,179,dml_pairs_boot,0.563462908641337,0.10558847248677773,0.40929126711054215,0.7516356993948979,True
500,0.5,180,dml_if,0.6641259832642997,0.11698806277437178,0.43482938022653106,0.8934225863020684,True
500,0.5,180,dml_mult_boot,0.6641259832642997,0.12762470860788583,0.39879277508022765,0.906209131668979,True
500,0.5,180,dml_pairs_boot,0.6641259832642997,0.12195241144351028,0.4030837597859304,0.847239376763696,True
500,0.5,181,dml_if,0.5084183217025592,0.10180465634455522,0.30888119526723096,0.7079554481378874,True
500,0.5,181,dml_mult_boot,0.5084183217025592,0.09706412633176302,0.31928145636307553,0.6999450145376043,True
500,0.5,181,dml_pairs_boot,0.5084183217025592,0.10338643992336717,0.3628345656012077,0.7115625530455462,True
500,0.5,182,dml_if,0.7342276529668972,0.12921810601444286,0.4809601651785892,0.9874951407552052,True
500,0.5,182,dml_mult_boot,0.7342276529668972,0.13091092227488113,0.4614204120679604,0.986004870829746,True
500,0.5,182,dml_pairs_boot,0.7342276529668972,0.16066926365163736,0.4537803004047469,1.0984835589510678,True
500,0.5,183,dml_if,0.7337506178474805,0.0934574125214871,0.5505740893053659,0.9169271463895952,False
500,0.5,183,dml_mult_boot,0.7337506178474805,0.09019151362593888,0.5711448552023954,0.927122723315565,False
500,0.5,183,dml_pairs_boot,0.7337506178474805,0.0843605419063976,0.5579060573110896,0.8795401089956195,False
500,0.5,184,dml_if,0.5798182728117449,0.14725285395400262,0.2912026790618998,0.86843386656159,True
500,0.5,184,dml_mult_boot,0.5798182728117449,0.14457315890321798,0.32130982745834485,0.8648995971317648,True
500,0.5,184,dml_pairs_boot,0.5798182728117449,0.14760027923032398,0.3575131238999968,0.8777343789754448,True
500,0.5,185,dml_if,0.3197608434014511,0.16981083726112423,-0.01306839763035239,0.6525900844332546,True
500,0.5,185,dml_mult_boot,0.3197608434014511,0.16925516148118847,-0.015306485876607219,0.6216054228782272,True
500,0.5,185,dml_pairs_boot,0.3197608434014511,0.2966184790405313,-0.5059162882643465,0.6290675484895738,True
500,0.5,186,dml_if,0.6990232946017484,0.100807822192167,0.5014399631051011,0.8966066260983957,False
500,0.5,186,dml_mult_boot,0.6990232946017484,0.0988396957015159,0.49413211360028614,0.883354425775628,True
500,0.5,186,dml_pairs_boot,0.6990232946017484,0.10588382520744485,0.4680875549149312,0.8236685580370798,True
500,0.5,187,dml_if,0.8335244888577783,0.13240067201566458,0.5740191717070757,1.0930298060084809,False
500,0.5,187,dml_mult_boot,0.8335244888577783,0.1322533449593337,0.5686808681801355,1.0923792354449158,False
500,0.5,187,dml_pairs_boot,0.8335244888577783,0.19945863850523862,0.5075507279116367,1.2629297433453015,False
500,0.5,188,dml_if,0.04357631634929345,0.2985545467515755,-0.5415905952837945,0.6287432279823815,True
500,0.5,188,dml_mult_boot,0.04357631634929345,0.29997182041598985,-0.4931846442243261,0.5787547913388927,True
500,0.5,188,dml_pairs_boot,0.04357631634929345,0.3316802646083279,-0.7020351814616599,0.49936041552865934,False
500,0.5,189,dml_if,0.5142345502392497,0.10575550215936243,0.30695376600689933,0.7215153344716001,True
500,0.5,189,dml_mult_boot,0.5142345502392497,0.10314686311848675,0.31092099332922285,0.696605798207147,True
500,0.5,189,dml_pairs_boot,0.5142345502392497,0.10560937596184275,0.3448865640796575,0.7629036085217207,True
500,0.5,190,dml_if,0.2303036146099763,0.15601885132551171,-0.07549333398802663,0.5361005632079793,True
500,0.5,190,dml_mult_boot,0.2303036146099763,0.1508342726737919,-0.08023466872341337,0.4942081486766659,False
500,0.5,190,dml_pairs_boot,0.2303036146099763,0.17143243954374918,-0.10254181838050758,0.5959157551667762,True
500,0.5,191,dml_if,0.23229659145195902,0.19520065671984602,-0.15029669571893917,0.6148898786228572,True
500,0.5,191,dml_mult_boot,0.23229659145195902,0.1940425940626905,-0.14336255864913086,0.5975269218118155,True
500,0.5,191,dml_pairs_boot,0.23229659145195902,0.23888845941191866,-0.20336719542375997,0.6243599854125722,True
500,0.5,192,dml_if,0.616832487434745,0.1286301008981506,0.3647174896743698,0.8689474851951201,True
500,0.5,192,dml_mult_boot,0.616832487434745,0.1316681256353767,0.3623875929167806,0.8595166631611896,True
500,0.5,192,dml_pairs_boot,0.616832487434745,0.14442099508699824,0.38179510339431205,0.8730940607788972,True
500,0.5,193,dml_if,0.7629887133664143,0.09893751221165263,0.5690711894315751,0.9569062373012535,False
500,0.5,193,dml_mult_boot,0.7629887133664143,0.1014985027496062,0.5629730691478139,0.9558444395108044,False
500,0.5,193,dml_pairs_boot,0.7629887133664143,0.12154628339142451,0.5292148239508785,0.970767728084852,False
500,0.5,194,dml_if,0.5810870420810074,0.1408447776009406,0.30503127798316376,0.857142806178851,True
500,0.5,194,dml_mult_boot,0.5810870420810074,0.13608823025036593,0.2962304827238405,0.8353312071549761,True
500,0.5,194,dml_pairs_boot,0.5810870420810074,0.20938386571338,-0.08499358060867748,0.7190928428195785,True
500,0.5,195,dml_if,0.6054697229976916,0.10036732458868405,0.4087497668038709,0.8021896791915124,True
500,0.5,195,dml_mult_boot,0.6054697229976916,0.10105812164154562,0.4198433546567738,0.8040399641659638,True
500,0.5,195,dml_pairs_boot,0.6054697229976916,0.10057809929947645,0.39296923435500847,0.7839782430231406,True
500,0.5,196,dml_if,0.8149678870941535,0.09737661044830552,0.6241097306154746,1.0058260435728323,False
500,0.5,196,dml_mult_boot,0.8149678870941535,0.10156784861185009,0.6138071696579086,1.001017811830377,False
500,0.5,196,dml_pairs_boot,0.8149678870941535,0.0879180469795229,0.6721077808545203,0.9975143470573663,False
500,0.5,197,dml_if,0.4926374416915005,0.14908649615235803,0.20042790923287873,0.7848469741501223,True
500,0.5,197,dml_mult_boot,0.4926374416915005,0.151483352818945,0.19844126475758914,0.7969191725934979,True
500,0.5,197,dml_pairs_boot,0.4926374416915005,0.13782336622607938,0.2266770877345592,0.8113584663850562,True
500,0.5,198,dml_if,0.016425239877088438,0.21231691498878089,-0.3997159135009221,0.432566393255099,False
500,0.5,198,dml_mult_boot,0.016425239877088438,0.21644219557954641,-0.3905027707773599,0.4122524154665551,False
500,0.5,198,dml_pairs_boot,0.016425239877088438,0.419364116146641,-0.8651578368365874,0.3677177257335414,False
500,0.5,199,dml_if,0.4040466109366706,0.18572213633389797,0.04003122372223056,0.7680619981511106,True
500,0.5,199,dml_mult_boot,0.4040466109366706,0.1799980103722854,0.08073643080506901,0.748743389894432,True
500,0.5,199,dml_pairs_boot,0.4040466109366706,0.1903696558795252,0.07576339374833557,0.7835149860380356,True
1000,0.0,0,dml_if,-0.06389390228356562,0.12924584801275665,-0.31721576438856863,0.1894279598214374,True
1000,0.0,0,dml_mult_boot,-0.06389390228356562,0.13324588636499532,-0.30665108686447723,0.2027499855506824,True
1000,0.0,0,dml_pairs_boot,-0.06389390228356562,0.15086329581875804,-0.3667379230313795,0.22213100239072228,True
1000,0.0,1,dml_if,0.08579522905154244,0.09761767967235035,-0.10553542310626426,0.2771258812093491,True
1000,0.0,1,dml_mult_boot,0.08579522905154244,0.09780700681805171,-0.11590303979899633,0.2602353378744697,True
1000,0.0,1,dml_pairs_boot,0.08579522905154244,0.08581411725962791,-0.05500839895147952,0.278155501212389,True
1000,0.0,2,dml_if,0.006525720885667138,0.08089018584761885,-0.15201904337566582,0.1650704851470001,True
1000,0.0,2,dml_mult_boot,0.006525720885667138,0.07956009445595623,-0.14803426430574812,0.1670288096868731,True
1000,0.0,2,dml_pairs_boot,0.006525720885667138,0.07209253756128683,-0.10872532891214715,0.15971092228473618,True
1000,0.0,3,dml_if,-0.011951303843376107,0.10789170273392448,-0.2234190412018681,0.19951643351511586,True
1000,0.0,3,dml_mult_boot,-0.011951303843376107,0.11168446303481915,-0.23678948817181444,0.19215217357466854,True
1000,0.0,3,dml_pairs_boot,-0.011951303843376107,0.09494399225494074,-0.2130216389720604,0.1316806047480115,True
1000,0.0,4,dml_if,0.20345221633549568,0.09450551323253961,0.01822141039971803,0.3886830222712733,False
1000,0.0,4,dml_mult_boot,0.20345221633549568,0.09182024919934623,0.023172015799985655,0.3751456133652285,False
1000,0.0,4,dml_pairs_boot,0.20345221633549568,0.09244059930576233,0.04532454113300364,0.36084534877492136,False
1000,0.0,5,dml_if,0.05645727352897847,0.0682946052439868,-0.07740015274923565,0.1903146998071926,True
1000,0.0,5,dml_mult_boot,0.05645727352897847,0.06801204608495247,-0.08349183916143263,0.18553103374680951,True
1000,0.0,5,dml_pairs_boot,0.05645727352897847,0.061607008768131084,-0.016337161748477724,0.1829989529459831,True
1000,0.0,6,dml_if,0.006339125658512643,0.06910271270665473,-0.12910219124653063,0.1417804425635559,True
1000,0.0,6,dml_mult_boot,0.006339125658512643,0.07193725216329583,-0.1450368165100366,0.14121234400426935,True
1000,0.0,6,dml_pairs_boot,0.006339125658512643,0.07495641653445222,-0.14530471152474284,0.15483076538027638,True
1000,0.0,7,dml_if,0.23815420075398122,0.0842595526527301,0.07300547755463024,0.4033029239533322,False
1000,0.0,7,dml_mult_boot,0.23815420075398122,0.08405901449258481,0.0672805672107881,0.3937659137932032,False
1000,0.0,7,dml_pairs_boot,0.23815420075398122,0.08647537989591451,0.07102978336157924,0.36298972443656036,False
1000,0.0,8,dml_if,-0.16288663966918185,0.09993756294948959,-0.35876426305018144,0.032990983711817745,True
1000,0.0,8,dml_mult_boot,-0.16288663966918185,0.10182023666109026,-0.36249164316851945,0.03527225527068771,True
1000,0.0,8,dml_pairs_boot,-0.16288663966918185,0.08490908742002579,-0.296918719197904,0.01595086952255877,True
1000,0.0,9,dml_if,0.036372718838043896,0.06719019751624958,-0.09532006829380528,0.16806550596989306,True
1000,0.0,9,dml_mult_boot,0.036372718838043896,0.06644936200206372,-0.09057891006345263,0.1664614463103811,True
1000,0.0,9,dml_pairs_boot,0.036372718838043896,0.07520311301425228,-0.12953487399675928,0.14747455409148832,True
1000,0.0,10,dml_if,-0.02124270429996863,0.088648567794536,-0.1949938971772592,0.15250848857732194,True
1000,0.0,10,dml_mult_boot,-0.02124270429996863,0.09083534927601246,-0.1914389304902583,0.1644392443708215,True
1000,0.0,10,dml_pairs_boot,-0.02124270429996863,0.09609864241319697,-0.252394186257134,0.14978753797529412,True
1000,0.0,11,dml_if,0.08810448453153523,0.09251448322780528,-0.09322390259496312,0.2694328716580336,True
1000,0.0,11,dml_mult_boot,0.08810448453153523,0.09407001238580842,-0.08657791036096955,0.2630636131020436,True
1000,0.0,11,dml_pairs_boot,0.08810448453153523,0.08309265734064182,-0.0355013676053715,0.2603982796284795,True
1000,0.0,12,dml_if,-0.03448344945665398,0.08260787045722906,-0.19639487555282292,0.127427976639515,True
1000,0.0,12,dml_mult_boot,-0.03448344945665398,0.08617214805757899,-0.2003920169365755,0.12939530431357638,True
1000,0.0,12,dml_pairs_boot,-0.03448344945665398,0.09230583487372787,-0.1806470613167896,0.12136460765274448,True
1000,0.0,13,dml_if,-0.07874019008662694,0.09968055651749795,-0.2741140808609229,0.11663370068766904,True
1000,0.0,13,dml_mult_boot,-0.07874019008662694,0.096714837370117,-0.2636124490544042,0.09349427440078477,True
1000,0.0,13,dml_pairs_boot,-0.07874019008662694,0.08773809780017476,-0.2878203515943026,0.05705918532965008,True
1000,0.0,14,dml_if,0.09966819018883202,0.071785225612957,-0.04103085201256368,0.24036723239022773,True
1000,0.0,14,dml_mult_boot,0.09966819018883202,0.07186226717567606,-0.04274841508277435,0.23521363159131678,True
1000,0.0,14,dml_pairs_boot,0.09966819018883202,0.05197535429917111,-0.011936441518049684,0.19726430675084342,True
1000,0.0,15,dml_if,0.01945001054412835,0.09401407490681181,-0.1648175762732228,0.20371759736147949,True
1000,0.0,15,dml_mult_boot,0.01945001054412835,0.08956342879490171,-0.1555560350446205,0.18072007164190365,True
1000,0.0,15,dml_pairs_boot,0.01945001054412835,0.095789328607543,-0.14110791327535258,0.21998245572467817,True
1000,0.0,16,dml_if,-0.0645191142613399,0.0988310706576902,-0.2582280127504127,0.12918978422773292,True
1000,0.0,16,dml_mult_boot,-0.0645191142613399,0.10207506182314394,-0.2608871190850233,0.12254607855107127,True
1000,0.0,16,dml_pairs_boot,-0.0645191142613399,0.09922429498439163,-0.2589346218314844,0.12731729105361456,True
1000,0.0,17,dml_if,0.3369248546750682,0.06871175998561563,0.2022498051032616,0.4715999042468748,False
1000,0.0,17,dml_mult_boot,0.3369248546750682,0.06945522710662265,0.19699524410107863,0.46637303326577445,False
1000,0.0,17,dml_pairs_boot,0.3369248546750682,0.0666559765883524,0.2329261034895956,0.4361951862553363,False
1000,0.0,18,dml_if,0.025410075387990942,0.08938709404181852,-0.14978862893397335,0.20060877970995525,True
1000,0.0,18,dml_mult_boot,0.025410075387990942,0.09089264481831945,-0.15678500245220056,0.19422556656068654,True
1000,0.0,18,dml_pairs_boot,0.025410075387990942,0.0967788394727755,-0.22846950722857362,0.13245966711530316,True
1000,0.0,19,dml_if,0.1323281887716522,0.06883062152491302,-0.002579829417177326,0.2672362069604817,True
1000,0.0,19,dml_mult_boot,0.1323281887716522,0.0699092115660482,-0.014258749413930625,0.2618358379388822,True
1000,0.0,19,dml_pairs_boot,0.1323281887716522,0.059179421802775016,0.04248180377532306,0.23328601418213032,False
1000,0.0,20,dml_if,0.040895449719489683,0.06878188905739684,-0.09391705283300811,0.1757079522719875,True
1000,0.0,20,dml_mult_boot,0.040895449719489683,0.06855495047731726,-0.09297444940864327,0.1771545741114154,True
1000,0.0,20,dml_pairs_boot,0.040895449719489683,0.0723631055180427,-0.08816512377242762,0.2048882438165399,True
1000,0.0,21,dml_if,0.009765144756363114,0.0971634310263116,-0.1806751800552076,0.20020546956793384,True
1000,0.0,21,dml_mult_boot,0.009765144756363114,0.097791107235046,-0.1741115974601217,0.19286479787926578,True
1000,0.0,21,dml_pairs_boot,0.009765144756363114,0.08200530722454491,-0.1445714998135396,0.15047483879459989,True
1000,0.0,22,dml_if,-0.02165722328500365,0.09036431998408696,-0.1987712904538141,0.15545684388380682,True
1000,0.0,22,dml_mult_boot,-0.02165722328500365,0.0900498985440695,-0.1987070347133575,0.15950255693416637,True
1000,0.0,22,dml_pairs_boot,-0.02165722328500365,0.08549397707795373,-0.1404293330525077,0.14889970407802333,True
1000,0.0,23,dml_if,0.15082671160470298,0.11065499753670313,-0.06605708356723514,0.3677105067766411,True
1000,0.0,23,dml_mult_boot,0.15082671160470298,0.11373410890986906,-0.0741328747294191,0.3794487527029217,True
1000,0.0,23,dml_pairs_boot,0.15082671160470298,0.10950220285822512,-0.008748703504778667,0.40713880218273174,True
1000,0.0,24,dml_if,0.03377028810081485,0.07302520072593677,-0.10935910532202121,0.17689968152365093,True
1000,0.0,24,dml_mult_boot,0.03377028810081485,0.07533348273214992,-0.11032663591389116,0.1854475665441409,True
1000,0.0,24,dml_pairs_boot,0.03377028810081485,0.08818855872790218,-0.11949423247948167,0.1915317840788105,True
1000,0.0,25,dml_if,0.05102809246746785,0.08871701737193904,-0.12285726158153266,0.22491344651646838,True
1000,0.0,25,dml_mult_boot,0.05102809246746785,0.08651322632661883,-0.1175221500123164,0.21551762587940143,True
1000,0.0,25,dml_pairs_boot,0.05102809246746785,0.08819496421987344,-0.18857853360425525,0.148937585239345,True
1000,0.0,26,dml_if,0.08748502975581438,0.07185609030148626,-0.053352907235098695,0.22832296674672745,True
1000,0.0,26,dml_mult_boot,0.08748502975581438,0.07346298032654436,-0.04912972819742309,0.23424547792061315,True
1000,0.0,26,dml_pairs_boot,0.08748502975581438,0.06671442572794009,-0.027589194903135796,0.2130697326670504,True
1000,0.0,27,dml_if,-0.10848997281826125,0.0901572083135205,-0.28519810111276145,0.06821815547623894,True
1000,0.0,27,dml_mult_boot,-0.10848997281826125,0.08746171976512307,-0.2850341770840302,0.0666655593961639,True
1000,0.0,27,dml_pairs_boot,-0.10848997281826125,0.09618775662487385,-0.25858367664452414,0.0803990044120494,True
1000,0.0,28,dml_if,0.05116603693508851,0.08221201724539302,-0.10996951686588183,0.21230159073605884,True
1000,0.0,28,dml_mult_boot,0.05116603693508851,0.08176278886490679,-0.0957318165183991,0.20764845188962772,True
1000,0.0,28,dml_pairs_boot,0.05116603693508851,0.08275433062739443,-0.15317545670291388,0.17232000876553746,True
1000,0.0,29,dml_if,0.029571129661721728,0.08344540414987667,-0.13398186247203653,0.19312412179548,True
1000,0.0,29,dml_mult_boot,0.029571129661721728,0.08418583662044624,-0.1365025551578675,0.19395071707570663,True
1000,0.0,29,dml_pairs_boot,0.029571129661721728,0.06762843652573503,-0.08875828473900568,0.17435320952609507,True
1000,0.0,30,dml_if,0.05372692294861647,0.07571209997693758,-0.09466879300618117,0.20212263890341411,True
1000,0.0,30,dml_mult_boot,0.05372692294861647,0.0764906850206983,-0.09859638694106218,0.19515377265952533,True
1000,0.0,30,dml_pairs_boot,0.05372692294861647,0.06992630433620849,-0.06164086674016591,0.18552612368756596,True
1000,0.0,31,dml_if,0.0213275618747343,0.10962317068108059,-0.19353385266018364,0.23618897640965225,True
1000,0.0,31,dml_mult_boot,0.0213275618747343,0.11024941793815023,-0.18379337058953862,0.24067258178258447,True
1000,0.0,31,dml_pairs_boot,0.0213275618747343,0.09181865210804635,-0.13091635323653042,0.2063224831835031,True
1000,0.0,32,dml_if,0.09308352401897367,0.07840018352097353,-0.060580835682134446,0.24674788372008177,True
1000,0.0,32,dml_mult_boot,0.09308352401897367,0.0804417597335445,-0.06699107778243729,0.24045107906647045,True
1000,0.0,32,dml_pairs_boot,0.09308352401897367,0.083840038128868,-0.11569681656854808,0.18318166095397687,True
1000,0.0,33,dml_if,0.1309221613153466,0.07792189369408258,-0.021804750325055244,0.2836490729557484,True
1000,0.0,33,dml_mult_boot,0.1309221613153466,0.07989762367001409,-0.02815420425824349,0.28860174724344173,True
1000,0.0,33,dml_pairs_boot,0.1309221613153466,0.0807405787662234,0.02242898408419153,0.3202392827988709,False
1000,0.0,34,dml_if,0.1460910968161939,0.08711583971319586,-0.02465594902167001,0.3168381426540578,True
1000,0.0,34,dml_mult_boot,0.1460910968161939,0.08604732775542648,-0.027581908397910814,0.2986578698593788,True
1000,0.0,34,dml_pairs_boot,0.1460910968161939,0.07850220498652571,-0.011799702112866892,0.278560474868943,True
1000,0.0,35,dml_if,0.03243880449187108,0.06815551373928724,-0.1011460024371319,0.16602361142087407,True
1000,0.0,35,dml_mult_boot,0.03243880449187108,0.06674279926565031,-0.10508559074761689,0.1589936473701241,True
1000,0.0,35,dml_pairs_boot,0.03243880449187108,0.07455175639340926,-0.07950780658502482,0.18749842562501853,True
1000,0.0,36,dml_if,0.1503180192600261,0.07338135665972328,0.0064905602069684765,0.29414547831308374,False
1000,0.0,36,dml_mult_boot,0.1503180192600261,0.07224293155575169,0.011380185795505893,0.2878862146766601,False
1000,0.0,36,dml_pairs_boot,0.1503180192600261,0.07606892482954285,0.04310039699375055,0.3164640267236202,False
1000,0.0,37,dml_if,0.1623291418948422,0.08739104779834624,-0.008957311789916406,0.33361559557960085,True
1000,0.0,37,dml_mult_boot,0.1623291418948422,0.08740234141768266,-0.010971088775731878,0.3459962982197085,True
1000,0.0,37,dml_pairs_boot,0.1623291418948422,0.08005630805698732,-0.006312995285781164,0.30380136080492226,True
1000,0.0,38,dml_if,0.09053746558390335,0.08808523071090274,-0.08210958660946602,0.2631845177772727,True
1000,0.0,38,dml_mult_boot,0.09053746558390335,0.09210068878922399,-0.082893812098962,0.26745188584893775,True
1000,0.0,38,dml_pairs_boot,0.09053746558390335,0.0883814721293421,-0.12437555764502743,0.18677841944351037,True
1000,0.0,39,dml_if,0.1624249577854563,0.0925295619779595,-0.01893298369134433,0.3437828992622569,True
1000,0.0,39,dml_mult_boot,0.1624249577854563,0.09080092914349341,-0.018754805933906153,0.34658898454916887,True
1000,0.0,39,dml_pairs_boot,0.1624249577854563,0.09187527472161958,-0.03302964470050136,0.33027967470004477,True
1000,0.0,40,dml_if,-0.12898963001520752,0.10410367022192046,-0.3330328236501716,0.07505356361975657,True
1000,0.0,40,dml_mult_boot,-0.12898963001520752,0.10117758516205046,-0.3232532312813242,0.0759753858577815,True
1000,0.0,40,dml_pairs_boot,-0.12898963001520752,0.08570289362398137,-0.3037204894107467,-0.0001458489686072725,False
1000,0.0,41,dml_if,0.15449246857288831,0.07917361275428425,-0.0006878124255088047,0.30967274957128543,True
1000,0.0,41,dml_mult_boot,0.15449246857288831,0.07473124713758404,0.0004884477005466051,0.2976302308160647,False
1000,0.0,41,dml_pairs_boot,0.15449246857288831,0.09116629606109418,-0.026981710759767734,0.2670210526500876,True
1000,0.0,42,dml_if,0.07918498711109535,0.08745924568075213,-0.09223513442317881,0.2506051086453695,True
1000,0.0,42,dml_mult_boot,0.07918498711109535,0.0830740493489575,-0.07756504174306415,0.2385035719031036,True
1000,0.0,42,dml_pairs_boot,0.07918498711109535,0.08454891708578886,-0.08272995970166395,0.25060216747095804,True
1000,0.0,43,dml_if,0.04890499242013031,0.08977896647165519,-0.12706178186431386,0.22487176670457446,True
1000,0.0,43,dml_mult_boot,0.04890499242013031,0.08631406530336751,-0.12229976197114355,0.20700850104772184,True
1000,0.0,43,dml_pairs_boot,0.04890499242013031,0.08374940259003834,-0.11220451997797505,0.1977567145582265,True
1000,0.0,44,dml_if,-0.0012595269214483301,0.0785213944863099,-0.15516146011461573,0.1526424062717191,True
1000,0.0,44,dml_mult_boot,-0.0012595269214483301,0.07879836274399206,-0.15285565040465784,0.15903525755041714,True
1000,0.0,44,dml_pairs_boot,-0.0012595269214483301,0.0793513046600543,-0.24133735487941554,0.08079944770605459,True
1000,0.0,45,dml_if,0.16448583390728475,0.08581988987321623,-0.003721150244219068,0.3326928180587886,True
1000,0.0,45,dml_mult_boot,0.16448583390728475,0.08646316578237724,-0.002811202342763258,0.3363063848997175,True
1000,0.0,45,dml_pairs_boot,0.16448583390728475,0.08551811641395031,0.06838483643820442,0.3478508580404711,False
1000,0.0,46,dml_if,-0.17646067272278398,0.0758869440325885,-0.32519908302665745,-0.027722262418910515,False
1000,0.0,46,dml_mult_boot,-0.17646067272278398,0.07579004993923089,-0.3229147399675424,-0.015024245443387358,False
1000,0.0,46,dml_pairs_boot,-0.17646067272278398,0.06892872660600628,-0.36074047690178546,-0.0935092102000246,False
1000,0.0,47,dml_if,0.0656297918455162,0.08330466985425776,-0.09764736106882901,0.22890694475986142,True
1000,0.0,47,dml_mult_boot,0.0656297918455162,0.0868711776097807,-0.10420876132013428,0.2334557492624551,True
1000,0.0,47,dml_pairs_boot,0.0656297918455162,0.08384567708379573,-0.08684494220408773,0.21039353283622078,True
1000,0.0,48,dml_if,-0.00010922652500092766,0.07333696158774938,-0.14384967123698972,0.14363121818698787,True
1000,0.0,48,dml_mult_boot,-0.00010922652500092766,0.0722833419366075,-0.1363590464768251,0.13652559007538578,True
1000,0.0,48,dml_pairs_boot,-0.00010922652500092766,0.0721171983267636,-0.11300882322980342,0.1634282557827617,True
1000,0.0,49,dml_if,0.035717920127212824,0.10634880137639077,-0.1727257305705131,0.24416157082493872,True
1000,0.0,49,dml_mult_boot,0.035717920127212824,0.10385814917616605,-0.17662104913356605,0.2280731201807289,True
1000,0.0,49,dml_pairs_boot,0.035717920127212824,0.10766475462533667,-0.14185433685371415,0.19851163307679456,True
1000,0.0,50,dml_if,0.06378220283536598,0.06639127387520713,-0.06634469396004,0.19390909963077196,True
1000,0.0,50,dml_mult_boot,0.06378220283536598,0.0703223294116039,-0.0672221830773103,0.20486374090044854,True
1000,0.0,50,dml_pairs_boot,0.06378220283536598,0.0856245264463194,-0.06933470435174005,0.22069846086218892,True
1000,0.0,51,dml_if,0.12355323097202552,0.08753842524586408,-0.04802208250986807,0.2951285444539191,True
1000,0.0,51,dml_mult_boot,0.12355323097202552,0.09053878361792406,-0.05526750627986384,0.28648463618037173,True
1000,0.0,51,dml_pairs_boot,0.12355323097202552,0.07324711288534409,-0.06512220504778687,0.20668726946585983,True
1000,0.0,52,dml_if,0.13323533901932358,0.07885124399880201,-0.021313099218328357,0.2877837772569755,True
1000,0.0,52,dml_mult_boot,0.13323533901932358,0.07890960122347056,-0.026495539444126626,0.27159614294782464,True
1000,0.0,52,dml_pairs_boot,0.13323533901932358,0.07735515566290017,0.004802587612217742,0.2659356849354628,False
1000,0.0,53,dml_if,-0.0003767500856538213,0.07278195175705914,-0.14302937552948972,0.14227587535818206,True
1000,0.0,53,dml_mult_boot,-0.0003767500856538213,0.07415996435603428,-0.14113190399339193,0.1439308253839814,True
1000,0.0,53,dml_pairs_boot,-0.0003767500856538213,0.06956947882591695,-0.14823652486692662,0.11579448675402697,True
1000,0.0,54,dml_if,-0.04208866980564703,0.10705034496198271,-0.2519073459311331,0.1677300063198391,True
1000,0.0,54,dml_mult_boot,-0.04208866980564703,0.10302407276697578,-0.24275246888224986,0.1555655543523394,True
1000,0.0,54,dml_pairs_boot,-0.04208866980564703,0.09856076080465945,-0.27098866384881615,0.12628954400617748,True
1000,0.0,55,dml_if,0.017516379002253366,0.09254323096764075,-0.1638683536943225,0.19890111169882924,True
1000,0.0,55,dml_mult_boot,0.017516379002253366,0.0938617205127637,-0.16114207049243692,0.22538240099001672,True
1000,0.0,55,dml_pairs_boot,0.017516379002253366,0.07250674054306193,-0.058149571585103525,0.21220195974484363,True
1000,0.0,56,dml_if,0.08191888553487339,0.07217119157983197,-0.05953664996159727,0.22337442103134406,True
1000,0.0,56,dml_mult_boot,0.08191888553487339,0.07242280986003324,-0.07002929663153815,0.21798810147248093,True
1000,0.0,56,dml_pairs_boot,0.08191888553487339,0.07721058994041823,-0.06496052752451563,0.2694926757595619,True
1000,0.0,57,dml_if,-0.03618465377954556,0.08715360306835404,-0.20700571579351948,0.13463640823442838,True
1000,0.0,57,dml_mult_boot,-0.03618465377954556,0.08786449110412158,-0.199915365425272,0.14658119210387754,True
1000,0.0,57,dml_pairs_boot,-0.03618465377954556,0.09214669923174673,-0.24961395440192458,0.11405675648983771,True
1000,0.0,58,dml_if,0.18249332582503755,0.0656460160551437,0.05382713435695591,0.3111595172931192,False
1000,0.0,58,dml_mult_boot,0.18249332582503755,0.06802119959223102,0.04707598815332125,0.3077460211653357,False
1000,0.0,58,dml_pairs_boot,0.18249332582503755,0.059675496436815925,0.08618614825422762,0.3054086989185412,False
1000,0.0,59,dml_if,0.06543237703482718,0.10291515715066436,-0.13628133098047496,0.2671460850501293,True
1000,0.0,59,dml_mult_boot,0.06543237703482718,0.09770193039379457,-0.1253003171121556,0.24096177734309157,True
1000,0.0,59,dml_pairs_boot,0.06543237703482718,0.12746770896257892,-0.174248795571514,0.27480141824811305,True
1000,0.0,60,dml_if,0.17604255363779137,0.06700830719447065,0.0447062715366289,0.30737883573895386,False
1000,0.0,60,dml_mult_boot,0.17604255363779137,0.06506518620310735,0.05510812561754378,0.30519751404603646,False
1000,0.0,60,dml_pairs_boot,0.17604255363779137,0.0655000605272156,0.08412575689966391,0.307541213086449,False
1000,0.0,61,dml_if,0.1095220739402218,0.09977178423878295,-0.0860306231677928,0.3050747710482364,True
1000,0.0,61,dml_mult_boot,0.1095220739402218,0.09786900051116254,-0.07806714881788006,0.3114746076911518,True
1000,0.0,61,dml_pairs_boot,0.1095220739402218,0.09393474357908868,-0.020423224284105777,0.2954329679778109,True
1000,0.0,62,dml_if,0.055374399613991855,0.07345017217900984,-0.08858793785686744,0.19933673708485114,True
1000,0.0,62,dml_mult_boot,0.055374399613991855,0.07421274276391583,-0.08784783271938786,0.20104768504729809,True
1000,0.0,62,dml_pairs_boot,0.055374399613991855,0.07379034917320106,-0.07431775662636854,0.18386869851877474,True
1000,0.0,63,dml_if,0.0978076401760975,0.0818404249684426,-0.06259959276204999,0.25821487311424496,True
1000,0.0,63,dml_mult_boot,0.0978076401760975,0.08200335789108505,-0.06381946150922051,0.26011603825580254,True
1000,0.0,63,dml_pairs_boot,0.0978076401760975,0.0785254941278182,-0.06765733662787214,0.21814298625129377,True
1000,0.0,64,dml_if,0.11255318704439599,0.08933170469731984,-0.06253695416235089,0.28764332825114286,True
1000,0.0,64,dml_mult_boot,0.11255318704439599,0.08816927652433806,-0.066415249316075,0.28054774138509986,True
1000,0.0,64,dml_pairs_boot,0.11255318704439599,0.08432327158821971,-0.07847762254724071,0.2081598464877038,True
1000,0.0,65,dml_if,0.10168379400762949,0.0939664691459933,-0.08249048551851738,0.28585807353377635,True
1000,0.0,65,dml_mult_boot,0.10168379400762949,0.09055470425097562,-0.08293188957033107,0.27129856435904065,True
1000,0.0,65,dml_pairs_boot,0.10168379400762949,0.0778959803256054,-0.10379191215981379,0.21746925688866212,True
1000,0.0,66,dml_if,0.11983049754161175,0.06910418398851735,-0.015613703075882265,0.25527469815910575,True
1000,0.0,66,dml_mult_boot,0.11983049754161175,0.07067055392761781,-0.016550558358239584,0.2561774304958879,True
1000,0.0,66,dml_pairs_boot,0.11983049754161175,0.08496199588179067,-0.011813626429996222,0.29848569500063843,True
1000,0.0,67,dml_if,-0.006169873377980832,0.10196723958870055,-0.20602566297183392,0.19368591621587225,True
1000,0.0,67,dml_mult_boot,-0.006169873377980832,0.0994113474554332,-0.1842282251824314,0.20220279524818158,True
1000,0.0,67,dml_pairs_boot,-0.006169873377980832,0.10292278873374161,-0.22274433603671168,0.13389463310447366,True
1000,0.0,68,dml_if,0.21313993053255767,0.06998635677443141,0.0759666712546721,0.35031318981044324,False
1000,0.0,68,dml_mult_boot,0.21313993053255767,0.06974097516412361,0.07689120891846933,0.3392985232911645,False
1000,0.0,68,dml_pairs_boot,0.21313993053255767,0.0690581312318476,0.0995630499444213,0.385201206282084,False
1000,0.0,69,dml_if,0.05626697517314723,0.0833671252466287,-0.10713259031024504,0.2196665406565395,True
1000,0.0,69,dml_mult_boot,0.05626697517314723,0.0831093447767493,-0.10115292140459342,0.2243126228714828,True
1000,0.0,69,dml_pairs_boot,0.05626697517314723,0.0826813939723885,-0.11010315658268402,0.18776598767070715,True
1000,0.0,70,dml_if,0.03843104918325167,0.06869809044137638,-0.09621720808184604,0.1730793064483494,True
1000,0.0,70,dml_mult_boot,0.03843104918325167,0.0649352752181422,-0.0844372910961598,0.1666998894262276,True
1000,0.0,70,dml_pairs_boot,0.03843104918325167,0.0700017743560657,-0.11066367474806245,0.1546964196920327,True
1000,0.0,71,dml_if,0.07700467058778873,0.08989064711229752,-0.0991809977523144,0.2531903389278919,True
1000,0.0,71,dml_mult_boot,0.07700467058778873,0.08845504445525604,-0.08487307952996215,0.2526707624907616,True
1000,0.0,71,dml_pairs_boot,0.07700467058778873,0.07960330857230866,-0.06394528281140534,0.22427843454700597,True
1000,0.0,72,dml_if,-0.025091795384631122,0.07336375843157168,-0.16888476191051163,0.11870117114124938,True
1000,0.0,72,dml_mult_boot,-0.025091795384631122,0.07402906173374833,-0.18160930926802807,0.10731490666906,True
1000,0.0,72,dml_pairs_boot,-0.025091795384631122,0.06854861455293536,-0.15343885903374724,0.11173616992986016,True
1000,0.0,73,dml_if,0.2799349601661878,0.07099818206714585,0.14077852331458193,0.41909139701779363,False
1000,0.0,73,dml_mult_boot,0.2799349601661878,0.07150014891168026,0.1336225486460166,0.40978992922881735,False
1000,0.0,73,dml_pairs_boot,0.2799349601661878,0.07093856343262686,0.20462455994311016,0.45621637741631876,False
1000,0.0,74,dml_if,0.02311035798483882,0.09018324670401602,-0.15364880555503257,0.19986952152471021,True
1000,0.0,74,dml_mult_boot,0.02311035798483882,0.0914957483344853,-0.14944698026629474,0.19524324371470628,True
1000,0.0,74,dml_pairs_boot,0.02311035798483882,0.09498050378643155,-0.15500300091110136,0.19440605697841074,True
1000,0.0,75,dml_if,0.11499971019370006,0.0699411309465943,-0.022084906461624754,0.2520843268490249,True
1000,0.0,75,dml_mult_boot,0.11499971019370006,0.071183727186041,-0.020904243407351596,0.2529009711108883,True
1000,0.0,75,dml_pairs_boot,0.11499971019370006,0.09503038415460315,-0.07282779388551727,0.2885171654941605,True
1000,0.0,76,dml_if,0.11390592732929182,0.08526160708959687,-0.05320682256631805,0.2810186772249017,True
1000,0.0,76,dml_mult_boot,0.11390592732929182,0.08288254297317471,-0.04651368211331885,0.290833541402436,True
1000,0.0,76,dml_pairs_boot,0.11390592732929182,0.1012456721427138,-0.1026687283741484,0.2549147388079638,True
1000,0.0,77,dml_if,-0.010520971121122005,0.09824066420733847,-0.20307267296750542,0.18203073072526138,True
1000,0.0,77,dml_mult_boot,-0.010520971121122005,0.09708012270305792,-0.17975177255207933,0.1926182303099611,True
1000,0.0,77,dml_pairs_boot,-0.010520971121122005,0.0880883040989314,-0.1773242966773571,0.14840235372495744,True
1000,0.0,78,dml_if,0.09173635807346986,0.09520725690584352,-0.09486986546198342,0.2783425816089231,True
1000,0.0,78,dml_mult_boot,0.09173635807346986,0.0957363364158421,-0.08450382303167267,0.2838365811187635,True
1000,0.0,78,dml_pairs_boot,0.09173635807346986,0.09858289071215964,-0.1297947921153089,0.23992576961142034,True
1000,0.0,79,dml_if,0.018217174564676693,0.09370859504044148,-0.1654516717145886,0.201886020843942,True
1000,0.0,79,dml_mult_boot,0.018217174564676693,0.09635065720811944,-0.19952704989026732,0.20099392530788834,True
1000,0.0,79,dml_pairs_boot,0.018217174564676693,0.10078781948680741,-0.21982267584170265,0.21058195591477757,True
1000,0.0,80,dml_if,0.10676542651858037,0.0709694913237823,-0.032334776476032945,0.24586562951319368,True
1000,0.0,80,dml_mult_boot,0.10676542651858037,0.07243411770905224,-0.0315128070768694,0.24111533406446042,True
1000,0.0,80,dml_pairs_boot,0.10676542651858037,0.0791474086399001,-0.04912074178696546,0.2425659783240936,True
1000,0.0,81,dml_if,0.10921602486039288,0.0672830296228119,-0.02265871320031844,0.2410907629211042,True
1000,0.0,81,dml_mult_boot,0.10921602486039288,0.06861051488492512,-0.022869518455920012,0.23615299271939696,True
1000,0.0,81,dml_pairs_boot,0.10921602486039288,0.07775488222700448,-0.023927474594995835,0.27842382029439106,True
1000,0.0,82,dml_if,0.2057814206398181,0.06846870363868217,0.07158276150800105,0.33998007977163514,False
1000,0.0,82,dml_mult_boot,0.2057814206398181,0.0681194000336885,0.07811610009048175,0.33947686679017725,False
1000,0.0,82,dml_pairs_boot,0.2057814206398181,0.07303546050856832,0.08629779608025612,0.36985968686839893,False
1000,0.0,83,dml_if,0.14192243021712975,0.08808169591210417,-0.03071769377059444,0.3145625542048539,True
1000,0.0,83,dml_mult_boot,0.14192243021712975,0.0856249527751133,-0.013953987869604112,0.3267751230702583,True
1000,0.0,83,dml_pairs_boot,0.14192243021712975,0.09082235142942938,-0.08206202506377865,0.25018510359164836,True
1000,0.0,84,dml_if,0.03682363390953253,0.0699829063329142,-0.1003428625029793,0.17399013032204436,True
1000,0.0,84,dml_mult_boot,0.03682363390953253,0.06840338232808951,-0.08891292491343804,0.17387554603438393,True
1000,0.0,84,dml_pairs_boot,0.03682363390953253,0.0665651821158658,-0.09990842268714115,0.14280201998333047,True
1000,0.0,85,dml_if,0.13297598534803723,0.08269945513229847,-0.02911494671126777,0.29506691740734226,True
1000,0.0,85,dml_mult_boot,0.13297598534803723,0.08162217080212761,-0.02372583380466531,0.2912940684126752,True
1000,0.0,85,dml_pairs_boot,0.13297598534803723,0.07939145442483028,-0.01382582923531503,0.3034896718629643,True
1000,0.0,86,dml_if,0.08263474822325813,0.0663932539868591,-0.047496029590985686,0.21276552603750193,True
1000,0.0,86,dml_mult_boot,0.08263474822325813,0.06337764330107165,-0.03769961423526306,0.2053056231627048,True
1000,0.0,86,dml_pairs_boot,0.08263474822325813,0.06395143496793383,-0.014663432665330897,0.2062289410873595,True
1000,0.0,87,dml_if,0.034737049004882316,0.09039199225104547,-0.1424312558071668,0.21190535381693143,True
1000,0.0,87,dml_mult_boot,0.034737049004882316,0.09181564519127744,-0.1427405197453452,0.2100667639860363,True
1000,0.0,87,dml_pairs_boot,0.034737049004882316,0.0828523340611681,-0.08062938434696125,0.23075978681957465,True
1000,0.0,88,dml_if,0.10796387795583678,0.0726529584025475,-0.034435920513156304,0.2503636764248299,True
1000,0.0,88,dml_mult_boot,0.10796387795583678,0.06865074316772822,-0.03546641405625115,0.23783373070565952,True
1000,0.0,88,dml_pairs_boot,0.10796387795583678,0.07847189232208411,6.36842897548378e-05,0.285185443256673,False
1000,0.0,89,dml_if,-0.0386028330165466,0.08469867904016833,-0.20461224393527652,0.12740657790218332,True
1000,0.0,89,dml_mult_boot,-0.0386028330165466,0.08640508963130761,-0.19646737084332566,0.12736612311860965,True
1000,0.0,89,dml_pairs_boot,-0.0386028330165466,0.07721334193417535,-0.20542754091964635,0.08831281624285786,True
1000,0.0,90,dml_if,-0.0010581153731466912,0.08849920055249838,-0.1745165484560435,0.17240031770975014,True
1000,0.0,90,dml_mult_boot,-0.0010581153731466912,0.09143094917812211,-0.16953937655034848,0.17843661122935034,True
1000,0.0,90,dml_pairs_boot,-0.0010581153731466912,0.0834030745621574,-0.1643740906163142,0.14376412390328314,True
1000,0.0,91,dml_if,0.25756256237165553,0.07118851247231645,0.1180330779259153,0.39709204681739574,False
1000,0.0,91,dml_mult_boot,0.25756256237165553,0.06858974767891526,0.12947569345224283,0.3879015756478802,False
1000,0.0,91,dml_pairs_boot,0.25756256237165553,0.08844128646070411,0.1066766440731676,0.40168880227054055,False
1000,0.0,92,dml_if,0.08588295089764272,0.07865558023342081,-0.06828198635986207,0.24004788815514752,True
1000,0.0,92,dml_mult_boot,0.08588295089764272,0.08013645811138759,-0.06699192448125173,0.2534125998764467,True
1000,0.0,92,dml_pairs_boot,0.08588295089764272,0.08157177122051357,-0.0847797524837888,0.20596510574188548,True
1000,0.0,93,dml_if,0.049674171232792406,0.09264213661148758,-0.13190441652572324,0.23125275899130807,True
1000,0.0,93,dml_mult_boot,0.049674171232792406,0.10045020727127117,-0.13672058390902092,0.2551696455344228,True
1000,0.0,93,dml_pairs_boot,0.049674171232792406,0.07090462722577524,-0.09330810266068632,0.17220609077467944,True
1000,0.0,94,dml_if,0.14452977977681805,0.06771490970287578,0.011808556759181521,0.2772510027944546,False
1000,0.0,94,dml_mult_boot,0.14452977977681805,0.06986308544178178,0.006550179601250988,0.27661294099289424,False
1000,0.0,94,dml_pairs_boot,0.14452977977681805,0.058135381024938655,0.06100793055310655,0.2711163549702311,False
1000,0.0,95,dml_if,0.11317876881987265,0.06819762555950452,-0.02048857727675621,0.24684611491650152,True
1000,0.0,95,dml_mult_boot,0.11317876881987265,0.06870895356293631,-0.020456358357478405,0.23879654515530827,True
1000,0.0,95,dml_pairs_boot,0.11317876881987265,0.06442671289350686,-0.022666577490317134,0.1973769998207171,True
1000,0.0,96,dml_if,0.04574708926196652,0.08233943935108382,-0.11563821186615775,0.2071323903900908,True
1000,0.0,96,dml_mult_boot,0.04574708926196652,0.07993508232396034,-0.09661454613083481,0.20711481192663272,True
1000,0.0,96,dml_pairs_boot,0.04574708926196652,0.07935843048198017,-0.10917566143077251,0.19907886403652755,True
1000,0.0,97,dml_if,-0.019475198186307066,0.07932807953317524,-0.17495823407133054,0.13600783769871638,True
1000,0.0,97,dml_mult_boot,-0.019475198186307066,0.07861620527946268,-0.1655836819780596,0.13275428031386657,True
1000,0.0,97,dml_pairs_boot,-0.019475198186307066,0.07839148800010681,-0.1898797047830912,0.0922038512934878,True
1000,0.0,98,dml_if,0.14630932609468408,0.07458752522925105,0.00011777664535203569,0.29250087554401616,False
1000,0.0,98,dml_mult_boot,0.14630932609468408,0.0777928580124557,-0.0017746738849817438,0.29502131759696587,True
1000,0.0,98,dml_pairs_boot,0.14630932609468408,0.06844706824320357,0.01299084091914109,0.26523846286232333,False
1000,0.0,99,dml_if,-0.05294332489046151,0.09525751844425748,-0.23964806104120617,0.13376141126028313,True
1000,0.0,99,dml_mult_boot,-0.05294332489046151,0.09958137780380098,-0.25093430703166036,0.1269888347451654,True
1000,0.0,99,dml_pairs_boot,-0.05294332489046151,0.11252546607594807,-0.31399115429184055,0.12860186363160347,True
1000,0.0,100,dml_if,0.12688724311058608,0.08212476374832456,-0.03407729383613006,0.2878517800573022,True
1000,0.0,100,dml_mult_boot,0.12688724311058608,0.08170761279782819,-0.029104530954613128,0.2914650886172582,True
1000,0.0,100,dml_pairs_boot,0.12688724311058608,0.06947889225140019,-0.004554394284092598,0.22879776612784922,True
1000,0.0,101,dml_if,0.022839686263922743,0.06751724691901732,-0.1094941176973512,0.1551734902251967,True
1000,0.0,101,dml_mult_boot,0.022839686263922743,0.06893493579279518,-0.11738827659739162,0.14532611415539187,True
1000,0.0,101,dml_pairs_boot,0.022839686263922743,0.07347380622678402,-0.11371842738185005,0.14100580067802265,True
1000,0.0,102,dml_if,0.10789440428110295,0.06864186633235603,-0.026643653730314854,0.24243246229252075,True
1000,0.0,102,dml_mult_boot,0.10789440428110295,0.07038952409428081,-0.019819406212701535,0.2442506642671912,True
1000,0.0,102,dml_pairs_boot,0.10789440428110295,0.06653167791206678,-0.0015258754279375104,0.21454928682724772,True
1000,0.0,103,dml_if,0.09343747576027124,0.07444829031432197,-0.05248117325579983,0.23935612477634233,True
1000,0.0,103,dml_mult_boot,0.09343747576027124,0.0701546719451383,-0.04382323308906956,0.2334632289750646,True
1000,0.0,103,dml_pairs_boot,0.09343747576027124,0.08742348535072925,-0.05494893660151866,0.24003740109882318,True
1000,0.0,104,dml_if,-0.036164819677590394,0.0897168642657185,-0.21200987363839863,0.13968023428321785,True
1000,0.0,104,dml_mult_boot,-0.036164819677590394,0.09138961605061655,-0.21262115819843122,0.13294982945117678,True
1000,0.0,104,dml_pairs_boot,-0.036164819677590394,0.08712805405986176,-0.2607561052998795,0.046304381997913514,True
1000,0.0,105,dml_if,0.09426593792882586,0.07630889531557547,-0.05529949688970205,0.24383137274735378,True
1000,0.0,105,dml_mult_boot,0.09426593792882586,0.07963597290911617,-0.06042397176634868,0.2541950413553615,True
1000,0.0,105,dml_pairs_boot,0.09426593792882586,0.07883309120156934,-0.031508397353250575,0.24035805733890708,True
1000,0.0,106,dml_if,0.2560177525414597,0.0721973595738411,0.11451092777673114,0.3975245773061883,False
1000,0.0,106,dml_mult_boot,0.2560177525414597,0.06936185263052282,0.12736065344874217,0.4026450318989975,False
1000,0.0,106,dml_pairs_boot,0.2560177525414597,0.07082550126470412,0.1273071534971366,0.3794765569751887,False
1000,0.0,107,dml_if,0.05076984757438839,0.0921954463488108,-0.12993322726928075,0.23147292241805756,True
1000,0.0,107,dml_mult_boot,0.05076984757438839,0.08726211365236801,-0.12748490273706561,0.21693899569648284,True
1000,0.0,107,dml_pairs_boot,0.05076984757438839,0.08910668639415731,-0.08478588835236166,0.23152571185771773,True
1000,0.0,108,dml_if,-0.0381768778024939,0.09642351679684741,-0.22716697072431483,0.15081321511932702,True
1000,0.0,108,dml_mult_boot,-0.0381768778024939,0.10040544650798956,-0.21872514800876366,0.1601472532106375,True
1000,0.0,108,dml_pairs_boot,-0.0381768778024939,0.07927323896591651,-0.19433907088798003,0.08322700565583045,True
1000,0.0,109,dml_if,0.1873714904791901,0.08798334578421237,0.014924132742133861,0.3598188482162463,False
1000,0.0,109,dml_mult_boot,0.1873714904791901,0.09089887857506725,0.011691790465984927,0.3883264434088361,False
1000,0.0,109,dml_pairs_boot,0.1873714904791901,0.06829924995989724,0.03653531412639948,0.2876154265380546,False
1000,0.0,110,dml_if,0.10637963830290106,0.10324517999181704,-0.09598091448106033,0.30874019108686246,True
1000,0.0,110,dml_mult_boot,0.10637963830290106,0.10494538345061555,-0.09556535865758163,0.3020807081725004,True
1000,0.0,110,dml_pairs_boot,0.10637963830290106,0.09375739786103615,-0.11337364637855186,0.20834373047074126,True
1000,0.0,111,dml_if,0.11451587887838387,0.06971135431283089,-0.022118375574764662,0.2511501333315324,True
1000,0.0,111,dml_mult_boot,0.11451587887838387,0.07191233268511422,-0.01643672636868007,0.25604072271554174,True
1000,0.0,111,dml_pairs_boot,0.11451587887838387,0.07335953061680638,0.01756529849021547,0.25396425802556466,False
1000,0.0,112,dml_if,0.05214999637124153,0.1000077876228524,-0.1438652673695492,0.24816526011203222,True
1000,0.0,112,dml_mult_boot,0.05214999637124153,0.09018629359974993,-0.12444964085930477,0.22545199943033012,True
1000,0.0,112,dml_pairs_boot,0.05214999637124153,0.10725006577195444,-0.09937673836254513,0.2896881706556765,True
1000,0.0,113,dml_if,0.11204973655181251,0.07079417307351547,-0.02670684267227781,0.25080631577590284,True
1000,0.0,113,dml_mult_boot,0.11204973655181251,0.07131668136968222,-0.017315588118274876,0.2627956514266491,True
1000,0.0,113,dml_pairs_boot,0.11204973655181251,0.06422901483573758,0.02029480112677237,0.27056472416203553,False
1000,0.0,114,dml_if,0.09611740451826595,0.08724049637570169,-0.07487396837810936,0.26710877741464123,True
1000,0.0,114,dml_mult_boot,0.09611740451826595,0.08947138132877361,-0.07116233388369599,0.2728826095666808,True
1000,0.0,114,dml_pairs_boot,0.09611740451826595,0.07379042037110259,-0.022446834340290163,0.23882420652423664,True
1000,0.0,115,dml_if,0.1310052556376053,0.07350410738267996,-0.013062794832447433,0.275073306107658,True
1000,0.0,115,dml_mult_boot,0.1310052556376053,0.07491675655948393,-0.013606593993009564,0.2757290002293955,True
1000,0.0,115,dml_pairs_boot,0.1310052556376053,0.08807932001978874,-0.020384012859582572,0.31138011126423654,True
1000,0.0,116,dml_if,0.25786345938719063,0.06981216883179071,0.12103160847688083,0.39469531029750043,False
1000,0.0,116,dml_mult_boot,0.25786345938719063,0.0731967077641574,0.11481040256193716,0.41005175465181987,False
1000,0.0,116,dml_pairs_boot,0.25786345938719063,0.07280501353728867,0.11098319266624325,0.38159755650143745,False
1000,0.0,117,dml_if,-0.01912379185904348,0.09469230177912714,-0.20472070334613268,0.16647311962804573,True
1000,0.0,117,dml_mult_boot,-0.01912379185904348,0.09565214685067022,-0.20527954022762812,0.1613251969210093,True
1000,0.0,117,dml_pairs_boot,-0.01912379185904348,0.09624709057405663,-0.18743652562073038,0.16942149733379955,True
1000,0.0,118,dml_if,0.0696090913235649,0.08426452243306218,-0.09554937264523698,0.23476755529236676,True
1000,0.0,118,dml_mult_boot,0.0696090913235649,0.08258628880627021,-0.0974268022418948,0.22841655668402838,True
1000,0.0,118,dml_pairs_boot,0.0696090913235649,0.07538384951666809,-0.043834713524012935,0.2354194036084764,True
1000,0.0,119,dml_if,0.03037447077571901,0.08357597794709272,-0.1334344460005827,0.19418338755202072,True
1000,0.0,119,dml_mult_boot,0.03037447077571901,0.08238143873668072,-0.12738427468093677,0.18729916092936424,True
1000,0.0,119,dml_pairs_boot,0.03037447077571901,0.07912115952990453,-0.10984389109675793,0.17377294678836425,True
1000,0.0,120,dml_if,-8.393721280840793e-05,0.09960536050442156,-0.19531044380147466,0.19514256937585783,True
1000,0.0,120,dml_mult_boot,-8.393721280840793e-05,0.09996127668539068,-0.18755994671831933,0.20060007973802071,True
1000,0.0,120,dml_pairs_boot,-8.393721280840793e-05,0.07988554195789355,-0.08684996221244824,0.2055915266246572,True
1000,0.0,121,dml_if,0.006503567400059768,0.070144400837452,-0.13097945824134616,0.14398659304146572,True
1000,0.0,121,dml_mult_boot,0.006503567400059768,0.06955901064151225,-0.12750210473249055,0.14790105959823358,True
1000,0.0,121,dml_pairs_boot,0.006503567400059768,0.08268250123054281,-0.13890689439520784,0.14835140782427395,True
1000,0.0,122,dml_if,0.16337866940452844,0.08892880836463421,-0.01092179499015461,0.3376791337992115,True
1000,0.0,122,dml_mult_boot,0.16337866940452844,0.09164857741474434,-0.0074595371190140525,0.3433361491937482,True
1000,0.0,122,dml_pairs_boot,0.16337866940452844,0.063820473205526,0.03336815195594442,0.23968615259045553,False
1000,0.0,123,dml_if,0.060724044869065,0.08541679786036967,-0.10669287893725957,0.22814096867538955,True
1000,0.0,123,dml_mult_boot,0.060724044869065,0.08626097584166006,-0.12166954234457181,0.22773397989680885,True
1000,0.0,123,dml_pairs_boot,0.060724044869065,0.07806859415506379,-0.06440899812302163,0.24932561627352914,True
1000,0.0,124,dml_if,0.072598726384972,0.08294547949336221,-0.08997441342201792,0.23517186619196193,True
1000,0.0,124,dml_mult_boot,0.072598726384972,0.08357641820689161,-0.09087991966641502,0.22989785411377367,True
1000,0.0,124,dml_pairs_boot,0.072598726384972,0.09642604132686582,-0.13884501945874322,0.19246608625849496,True
1000,0.0,125,dml_if,0.05414330859745816,0.08962073315088824,-0.12151332837828277,0.2297999455731991,True
1000,0.0,125,dml_mult_boot,0.05414330859745816,0.0912731539002635,-0.12365421784434479,0.23474610570708693,True
1000,0.0,125,dml_pairs_boot,0.05414330859745816,0.07621312180007289,-0.07322817616467507,0.225339855851702,True
1000,0.0,126,dml_if,0.0641111948326799,0.09344320265988762,-0.11903748238069985,0.24725987204605965,True
1000,0.0,126,dml_mult_boot,0.0641111948326799,0.09040516007194292,-0.10476564985922726,0.24069475628640014,True
1000,0.0,126,dml_pairs_boot,0.0641111948326799,0.09061620009849762,-0.1375056659782011,0.20100259589415212,True
1000,0.0,127,dml_if,0.14099319002484678,0.1040032745967313,-0.06285322818474656,0.34483960823444015,True
1000,0.0,127,dml_mult_boot,0.14099319002484678,0.1053516529391978,-0.04554191545285017,0.3497485357670176,True
1000,0.0,127,dml_pairs_boot,0.14099319002484678,0.10471413775560102,-0.03397102341637016,0.3582885269597107,True
1000,0.0,128,dml_if,-0.04614841704937519,0.06761036709395128,-0.1786647365535197,0.0863679024547693,True
1000,0.0,128,dml_mult_boot,-0.04614841704937519,0.0671346187710944,-0.19347436701441498,0.08621951996689092,True
1000,0.0,128,dml_pairs_boot,-0.04614841704937519,0.06461214215190815,-0.17695979625109823,0.07563547376154846,True
1000,0.0,129,dml_if,0.18172803983004254,0.06872959540696603,0.04701803283238912,0.31643804682769594,False
1000,0.0,129,dml_mult_boot,0.18172803983004254,0.06884520712751657,0.044778806629054944,0.31065432012593625,False
1000,0.0,129,dml_pairs_boot,0.18172803983004254,0.08161873626128369,0.028561327319710214,0.3239925313608949,False
1000,0.0,130,dml_if,-0.10004229864227301,0.0700897006988416,-0.23741811201200255,0.037333514727456524,True
1000,0.0,130,dml_mult_boot,-0.10004229864227301,0.06868672185495502,-0.2295452034942939,0.03970329661153998,True
1000,0.0,130,dml_pairs_boot,-0.10004229864227301,0.0644834623040168,-0.21191150562537314,0.027000753823190296,True
1000,0.0,131,dml_if,0.06837255715145989,0.11219463109435121,-0.1515289197934685,0.28827403409638824,True
1000,0.0,131,dml_mult_boot,0.06837255715145989,0.1160916584404191,-0.14508008756824387,0.28774052056065075,True
1000,0.0,131,dml_pairs_boot,0.06837255715145989,0.10496493493696094,-0.14145465954729494,0.25305932501856915,True
1000,0.0,132,dml_if,-0.052670709340251774,0.06813985836444944,-0.1862248317345727,0.08088341305406913,True
1000,0.0,132,dml_mult_boot,-0.052670709340251774,0.07096037869448954,-0.17855621676734135,0.09050017377589521,True
1000,0.0,132,dml_pairs_boot,-0.052670709340251774,0.06559934068094182,-0.14883117510378294,0.08526667665695577,True
1000,0.0,133,dml_if,0.03927956669577562,0.07773385032641601,-0.11307877994399976,0.191637913335551,True
1000,0.0,133,dml_mult_boot,0.03927956669577562,0.07994127948577039,-0.12359590578546698,0.18601056028652413,True
1000,0.0,133,dml_pairs_boot,0.03927956669577562,0.06792085592716975,-0.09208120407138179,0.152538372801757,True
1000,0.0,134,dml_if,0.10160440441384387,0.06903546050157602,-0.03370509816924512,0.23691390699693288,True
1000,0.0,134,dml_mult_boot,0.10160440441384387,0.06638981576355993,-0.025716317501837133,0.23596818502469055,True
1000,0.0,134,dml_pairs_boot,0.10160440441384387,0.07834156434395073,-0.04540130838835394,0.21648271610696643,True
1000,0.0,135,dml_if,-0.02787716742028879,0.0816747719785747,-0.1879597204982952,0.13220538565771764,True
1000,0.0,135,dml_mult_boot,-0.02787716742028879,0.0845520858763106,-0.18441102841191803,0.1455902461326463,True
1000,0.0,135,dml_pairs_boot,-0.02787716742028879,0.07186712533224576,-0.181805868926273,0.09248853799346876,True
1000,0.0,136,dml_if,0.13919087139692712,0.09183034341509491,-0.04079660169665891,0.3191783444905132,True
1000,0.0,136,dml_mult_boot,0.13919087139692712,0.09603499362595834,-0.03984820552891747,0.3309808161630114,True
1000,0.0,136,dml_pairs_boot,0.13919087139692712,0.09236742247900859,-0.11862653532613575,0.2732711069646527,True
1000,0.0,137,dml_if,0.10228320671364412,0.09928246393271867,-0.09231042259448448,0.2968768360217727,True
1000,0.0,137,dml_mult_boot,0.10228320671364412,0.09808846989522738,-0.09613778870511971,0.2993877860485215,True
1000,0.0,137,dml_pairs_boot,0.10228320671364412,0.09601553007048337,-0.05518583426050815,0.293635283467464,True
1000,0.0,138,dml_if,0.15456878969342627,0.09511163639182728,-0.031850017634555194,0.34098759702140774,True
1000,0.0,138,dml_mult_boot,0.15456878969342627,0.08907475026381328,-0.036622360737059274,0.3189907554516029,True
1000,0.0,138,dml_pairs_boot,0.15456878969342627,0.06947600174053706,0.008101160337442646,0.26237013449011704,False
1000,0.0,139,dml_if,0.018345834322888395,0.08563705204226842,-0.1495027876799577,0.18619445632573448,True
1000,0.0,139,dml_mult_boot,0.018345834322888395,0.08363854714828974,-0.14615441260135564,0.18187180745729467,True
1000,0.0,139,dml_pairs_boot,0.018345834322888395,0.09159466542412675,-0.14086420399221253,0.19029737096767907,True
1000,0.0,140,dml_if,-0.13549410372431686,0.11067448449872926,-0.3524160933418262,0.08142788589319247,True
1000,0.0,140,dml_mult_boot,-0.13549410372431686,0.1073372377436864,-0.32231370179529995,0.0732568652951929,True
1000,0.0,140,dml_pairs_boot,-0.13549410372431686,0.14175155248418167,-0.44703698392898855,0.019718542875100633,True
1000,0.0,141,dml_if,0.06937556197248011,0.0750664622506318,-0.07775470403875821,0.21650582798371842,True
1000,0.0,141,dml_mult_boot,0.06937556197248011,0.0774578403983504,-0.08604319881534148,0.21007476925748697,True
1000,0.0,141,dml_pairs_boot,0.06937556197248011,0.07460841099348085,-0.05088924954787812,0.2371120187446708,True
1000,0.0,142,dml_if,0.04745478326929921,0.08631042351765553,-0.12171364682530562,0.21662321336390405,True
1000,0.0,142,dml_mult_boot,0.04745478326929921,0.08824355489583291,-0.12861999156736406,0.21095112771491054,True
1000,0.0,142,dml_pairs_boot,0.04745478326929921,0.0766591020718523,-0.13678389753297937,0.1568669918886099,True
1000,0.0,143,dml_if,-0.026465741729058082,0.07947637877226031,-0.18223944412268828,0.12930796066457212,True
1000,0.0,143,dml_mult_boot,-0.026465741729058082,0.08093827619601822,-0.1778006709621289,0.13298252747082304,True
1000,0.0,143,dml_pairs_boot,-0.026465741729058082,0.08765687696209307,-0.19041144386193098,0.1125416735514418,True
1000,0.0,144,dml_if,0.07621276535008073,0.08480245875154659,-0.09000005380295056,0.24242558450311202,True
1000,0.0,144,dml_mult_boot,0.07621276535008073,0.0872306871748615,-0.1003093528081286,0.2348018099344212,True
1000,0.0,144,dml_pairs_boot,0.07621276535008073,0.07538174886651816,-0.1031933059938638,0.14439215901080651,True
1000,0.0,145,dml_if,0.12969960161308736,0.0728364626361856,-0.01305986515383642,0.2724590683800111,True
1000,0.0,145,dml_mult_boot,0.12969960161308736,0.0739392991642296,-0.005409649059546596,0.2669838731476072,True
1000,0.0,145,dml_pairs_boot,0.12969960161308736,0.08310273475789015,-0.010177455343167347,0.3042343334472232,True
1000,0.0,146,dml_if,0.1480062844774426,0.07490149069242472,0.0011993627202901702,0.29481320623459506,False
1000,0.0,146,dml_mult_boot,0.1480062844774426,0.07194134659227494,-0.0029032034789504427,0.28444985004181766,True
1000,0.0,146,dml_pairs_boot,0.1480062844774426,0.07860170783832358,-0.010424009837920478,0.2588936763803099,True
1000,0.0,147,dml_if,0.08497831150262751,0.07171783471482275,-0.05558864453842509,0.2255452675436801,True
1000,0.0,147,dml_mult_boot,0.08497831150262751,0.07124892803811099,-0.05310733648464354,0.2322587835693792,True
1000,0.0,147,dml_pairs_boot,0.08497831150262751,0.07867953955047706,-0.019607119526249345,0.24600736502272716,True
1000,0.0,148,dml_if,0.10565702194081167,0.08511317936956517,-0.06116480962353604,0.2724788535051594,True
1000,0.0,148,dml_mult_boot,0.10565702194081167,0.08516517363395551,-0.05996708365549358,0.2504595249255005,True
1000,0.0,148,dml_pairs_boot,0.10565702194081167,0.0785555267650533,-0.06246467024317677,0.21462503958446713,True
1000,0.0,149,dml_if,0.05559444744672097,0.09819673787018893,-0.1368711587788493,0.24806005367229128,True
1000,0.0,149,dml_mult_boot,0.05559444744672097,0.09856376699739154,-0.1341913001675865,0.23792225485658325,True
1000,0.0,149,dml_pairs_boot,0.05559444744672097,0.0969364079043052,-0.08433208248961199,0.274642237466839,True
1000,0.0,150,dml_if,0.009429738837386108,0.06680985960899967,-0.12151758599625324,0.14037706367102545,True
1000,0.0,150,dml_mult_boot,0.009429738837386108,0.06754233093648021,-0.11647390225838766,0.13952860097076958,True
1000,0.0,150,dml_pairs_boot,0.009429738837386108,0.05986776468619272,-0.12597147976435522,0.10197677251806589,True
1000,0.0,151,dml_if,0.17293336641071044,0.0897429507772729,-0.0029628171127444314,0.3488295499341653,True
1000,0.0,151,dml_mult_boot,0.17293336641071044,0.09006108852222683,0.010422372373469758,0.34452956636298265,False
1000,0.0,151,dml_pairs_boot,0.17293336641071044,0.0837904353769759,0.034645902685237234,0.3231350766131433,False
1000,0.0,152,dml_if,-0.07783851123857013,0.17583795021880483,-0.4224808936674276,0.26680387119028737,True
1000,0.0,152,dml_mult_boot,-0.07783851123857013,0.17983169895822032,-0.380800734127762,0.21761556976428653,True
1000,0.0,152,dml_pairs_boot,-0.07783851123857013,0.2121177603547474,-0.5724189752355364,0.1995177119039789,True
1000,0.0,153,dml_if,0.22452063625845403,0.0959787910723484,0.03640220575665118,0.41263906676025686,False
1000,0.0,153,dml_mult_boot,0.22452063625845403,0.09331231886963831,0.04631234685088945,0.40935761453440306,False
1000,0.0,153,dml_pairs_boot,0.22452063625845403,0.08096436477790732,0.07528194216906822,0.3925189747339405,False
1000,0.0,154,dml_if,0.0038919338783273217,0.07083813882293195,-0.13495081821461932,0.14273468597127395,True
1000,0.0,154,dml_mult_boot,0.0038919338783273217,0.07170343477332757,-0.13847970535572596,0.14009310360090013,True
1000,0.0,154,dml_pairs_boot,0.0038919338783273217,0.07538312894368367,-0.1452993025089136,0.13480214889614833,True
1000,0.0,155,dml_if,0.13990241543581527,0.07213657469673077,-0.0014852709697770194,0.28129010184140757,True
1000,0.0,155,dml_mult_boot,0.13990241543581527,0.07306617343244516,-0.007956594272466875,0.28554733974329705,True
1000,0.0,155,dml_pairs_boot,0.13990241543581527,0.08393551717750358,-0.0037451953807165544,0.31963836175697513,True
1000,0.0,156,dml_if,0.01087382358367742,0.09534013080059375,-0.17599283278548633,0.19774047995284116,True
1000,0.0,156,dml_mult_boot,0.01087382358367742,0.09717268772950552,-0.1856886977531595,0.19980303081783332,True
1000,0.0,156,dml_pairs_boot,0.01087382358367742,0.09029157344798679,-0.13953023818467664,0.1599751085523517,True
1000,0.0,157,dml_if,0.04266783639649747,0.0704957523966041,-0.09550383830084658,0.1808395110938415,True
1000,0.0,157,dml_mult_boot,0.04266783639649747,0.06901509794423621,-0.08172707892093858,0.17964405328931995,True
1000,0.0,157,dml_pairs_boot,0.04266783639649747,0.06197988114807875,-0.05512903276727772,0.14604556634308427,True
1000,0.0,158,dml_if,0.037434404660774995,0.08574700883014344,-0.13062973264630615,0.20549854196785614,True
1000,0.0,158,dml_mult_boot,0.037434404660774995,0.08505627944586962,-0.10872974434833953,0.22006718372986428,True
1000,0.0,158,dml_pairs_boot,0.037434404660774995,0.08563802203620961,-0.11678273357140137,0.21139078396550398,True
1000,0.0,159,dml_if,0.07589898647909198,0.08245619930847921,-0.08571516416552728,0.23751313712371125,True
1000,0.0,159,dml_mult_boot,0.07589898647909198,0.08163113464251864,-0.08846201221652895,0.23731567534731682,True
1000,0.0,159,dml_pairs_boot,0.07589898647909198,0.08241802738751115,0.0007092961979471075,0.28854303095534967,False
1000,0.0,160,dml_if,0.07127966289287914,0.08967062157233223,-0.10447475538889202,0.2470340811746503,True
1000,0.0,160,dml_mult_boot,0.07127966289287914,0.09254566554482355,-0.13185258558391044,0.23324030002658155,True
1000,0.0,160,dml_pairs_boot,0.07127966289287914,0.07456846255100179,-0.08385167044633543,0.18177325000773362,True
1000,0.0,161,dml_if,0.10856600328956707,0.07088510123229155,-0.030368795125724365,0.2475008017048585,True
1000,0.0,161,dml_mult_boot,0.10856600328956707,0.07230274311643616,-0.04029371029747185,0.24056267683528046,True
1000,0.0,161,dml_pairs_boot,0.10856600328956707,0.07087706709734151,-0.047448820111779644,0.21707628457427616,True
1000,0.0,162,dml_if,0.05220960759233459,0.09300749012952145,-0.13008507306152745,0.23450428824619662,True
1000,0.0,162,dml_mult_boot,0.05220960759233459,0.09976985419379997,-0.15071420442754171,0.24469977006319552,True
1000,0.0,162,dml_pairs_boot,0.05220960759233459,0.09763496060105517,-0.09626445733754166,0.2513336871096093,True
1000,0.0,163,dml_if,0.12251137861327496,0.09784840407056852,-0.06927149336503935,0.3142942505915893,True
1000,0.0,163,dml_mult_boot,0.12251137861327496,0.09861146206525491,-0.06529412207282496,0.3198647366716509,True
1000,0.0,163,dml_pairs_boot,0.12251137861327496,0.08678563492477848,-0.00486295645327037,0.2819772792698526,True
1000,0.0,164,dml_if,-0.01981090530002121,0.0862539251466339,-0.18886859858742366,0.14924678798738122,True
1000,0.0,164,dml_mult_boot,-0.01981090530002121,0.08731851030855459,-0.19575242112531277,0.15316538700126817,True
1000,0.0,164,dml_pairs_boot,-0.01981090530002121,0.09592405135051092,-0.19341262716536278,0.1501152992710116,True
1000,0.0,165,dml_if,0.009712177831111148,0.08753737090791479,-0.16186106914840184,0.18128542481062412,True
1000,0.0,165,dml_mult_boot,0.009712177831111148,0.08951937094368838,-0.16761837989682127,0.18659734215932072,True
1000,0.0,165,dml_pairs_boot,0.009712177831111148,0.09720809823386738,-0.18409369227660002,0.19494124340690003,True
1000,0.0,166,dml_if,0.12011460979023991,0.08394008292623312,-0.044407952745177004,0.28463717232565683,True
1000,0.0,166,dml_mult_boot,0.12011460979023991,0.08018098615541638,-0.03836217410643431,0.275968849166882,True
1000,0.0,166,dml_pairs_boot,0.12011460979023991,0.07070752606444995,0.038284802227271035,0.278428835183835,False
1000,0.0,167,dml_if,0.029127852594835503,0.0714472973852323,-0.1109088502802198,0.1691645554698908,True
1000,0.0,167,dml_mult_boot,0.029127852594835503,0.0735386710125938,-0.11849024015394337,0.17240295045562756,True
1000,0.0,167,dml_pairs_boot,0.029127852594835503,0.06403800682560015,-0.0648111016544409,0.16238266015460415,True
1000,0.0,168,dml_if,0.0006648115035608271,0.08110061431564745,-0.15829239255510819,0.15962201556222982,True
1000,0.0,168,dml_mult_boot,0.0006648115035608271,0.08563960935442969,-0.16411391195399078,0.17537304704002213,True
1000,0.0,168,dml_pairs_boot,0.0006648115035608271,0.06977805312280166,-0.1339172779135782,0.11206501894133222,True
1000,0.0,169,dml_if,0.05904076741001953,0.09762690792359369,-0.13230797212022408,0.25038950694026313,True
1000,0.0,169,dml_mult_boot,0.05904076741001953,0.10145626159059155,-0.1482992833482196,0.24947160928680712,True
1000,0.0,169,dml_pairs_boot,0.05904076741001953,0.07813669281164065,-0.09379501077997525,0.18677678750985474,True
1000,0.0,170,dml_if,0.16189842866197088,0.07263511044567515,0.01953361218844757,0.3042632451354942,False
1000,0.0,170,dml_mult_boot,0.16189842866197088,0.06902535276148825,0.020144867454541915,0.3019402845048817,False
1000,0.0,170,dml_pairs_boot,0.16189842866197088,0.08379762455957229,0.03565038680495552,0.3117904913319237,False
1000,0.0,171,dml_if,0.10225163109226974,0.09258751115559295,-0.07921989077269244,0.28372315295723194,True
1000,0.0,171,dml_mult_boot,0.10225163109226974,0.09143464437236759,-0.07846858097277887,0.2791003604112323,True
1000,0.0,171,dml_pairs_boot,0.10225163109226974,0.0980760221099284,-0.06745189263189823,0.2653524142009379,True
1000,0.0,172,dml_if,0.013136301334857159,0.06654563884362755,-0.11729315079865282,0.14356575346836714,True
1000,0.0,172,dml_mult_boot,0.013136301334857159,0.06600541153213012,-0.1198564701292395,0.133131651112841,True
1000,0.0,172,dml_pairs_boot,0.013136301334857159,0.07679209928674569,-0.11193832411403175,0.17010435293720097,True
1000,0.0,173,dml_if,0.08782053094436272,0.06989423113374438,-0.04917216207777626,0.22481322396650172,True
1000,0.0,173,dml_mult_boot,0.08782053094436272,0.07159587441912096,-0.041098565360177544,0.2332737407448035,True
1000,0.0,173,dml_pairs_boot,0.08782053094436272,0.07199679104480948,-0.0418503771810643,0.22004391964529788,True
1000,0.0,174,dml_if,0.04416049688181613,0.06976105480640636,-0.09257117053874032,0.1808921643023726,True
1000,0.0,174,dml_mult_boot,0.04416049688181613,0.07120445275014729,-0.09302063174792095,0.1828824549985669,True
1000,0.0,174,dml_pairs_boot,0.04416049688181613,0.06646811388790079,-0.06760158248899135,0.15916561824408915,True
1000,0.0,175,dml_if,0.017119086992214896,0.07661866463032627,-0.13305349568322458,0.16729166966765438,True
1000,0.0,175,dml_mult_boot,0.017119086992214896,0.07638116673753795,-0.11316749194112667,0.17092731715382115,True
1000,0.0,175,dml_pairs_boot,0.017119086992214896,0.07620932388576214,-0.12990006811433336,0.1322901163931193,True
1000,0.0,176,dml_if,0.008714710417150428,0.08807162820100478,-0.16390568085681892,0.1813351016911198,True
1000,0.0,176,dml_mult_boot,0.008714710417150428,0.08672753561966867,-0.15901005173229185,0.16823348235591132,True
1000,0.0,176,dml_pairs_boot,0.008714710417150428,0.08494368112974342,-0.18125146886764812,0.13649970114629878,True
1000,0.0,177,dml_if,0.08093568973804935,0.07154727132343616,-0.05929696205588553,0.22116834153198422,True
1000,0.0,177,dml_mult_boot,0.08093568973804935,0.07234016791155831,-0.050056267318019654,0.21771062303032085,True
1000,0.0,177,dml_pairs_boot,0.08093568973804935,0.06888520386665616,-0.029440094260366888,0.2039443201929818,True
1000,0.0,178,dml_if,0.04761776659443067,0.07494243715197209,-0.0992694102234346,0.19450494341229596,True
1000,0.0,178,dml_mult_boot,0.04761776659443067,0.07342864665739013,-0.09188970625855332,0.18987587060335268,True
1000,0.0,178,dml_pairs_boot,0.04761776659443067,0.07764857812786516,-0.1544551706888235,0.1633229917973723,True
1000,0.0,179,dml_if,-0.0017426793331665352,0.08489726933253067,-0.16814132722492664,0.16465596855859355,True
1000,0.0,179,dml_mult_boot,-0.0017426793331665352,0.08069961303923562,-0.1586306141899077,0.15459525416666497,True
1000,0.0,179,dml_pairs_boot,-0.0017426793331665352,0.08586200625673386,-0.18682804475194756,0.19103510742989643,True
1000,0.0,180,dml_if,-0.01942011573572155,0.11542310484727909,-0.24564940123638856,0.20680916976494546,True
1000,0.0,180,dml_mult_boot,-0.01942011573572155,0.12155120157218159,-0.24463138005210225,0.21407580427543751,True
1000,0.0,180,dml_pairs_boot,-0.01942011573572155,0.09152283440848184,-0.24463389291979928,0.10365092350791155,True
1000,0.0,181,dml_if,0.11925352626509868,0.0855114747398592,-0.04834896422502537,0.2868560167552227,True
1000,0.0,181,dml_mult_boot,0.11925352626509868,0.09060184141091995,-0.045872015992196515,0.3136917448908488,True
1000,0.0,181,dml_pairs_boot,0.11925352626509868,0.08991845395959788,-0.027068362164967073,0.26876688321209274,True
1000,0.0,182,dml_if,0.06270108051245918,0.06991973565751129,-0.07434160137626294,0.1997437624011813,True
1000,0.0,182,dml_mult_boot,0.06270108051245918,0.06997858359174565,-0.07970012997874705,0.18839881652191906,True
1000,0.0,182,dml_pairs_boot,0.06270108051245918,0.07455245452062441,-0.11792962030968455,0.18502908410089966,True
1000,0.0,183,dml_if,0.09074359692541309,0.10133558581130861,-0.10787415126475178,0.289361345115578,True
1000,0.0,183,dml_mult_boot,0.09074359692541309,0.10453655259157288,-0.11147429687302203,0.3022937988121634,True
1000,0.0,183,dml_pairs_boot,0.09074359692541309,0.09611418612084455,-0.10985400597910251,0.22363778472898618,True
1000,0.0,184,dml_if,0.013464003143928495,0.06836382303532969,-0.12052909000531768,0.14745709629317466,True
1000,0.0,184,dml_mult_boot,0.013464003143928495,0.06753103271775385,-0.12319407966848506,0.1399051867717086,True
1000,0.0,184,dml_pairs_boot,0.013464003143928495,0.07691194138362141,-0.16935016651854515,0.1243926178234044,True
1000,0.0,185,dml_if,0.039974193135387866,0.09182917390386208,-0.1400109877161818,0.21995937398695753,True
1000,0.0,185,dml_mult_boot,0.039974193135387866,0.09369988281777301,-0.15905933400676853,0.21097696685515935,True
1000,0.0,185,dml_pairs_boot,0.039974193135387866,0.08526172796764184,-0.12338820818633284,0.18188665626409153,True
1000,0.0,186,dml_if,-0.004505114078651204,0.10836876006793279,-0.21690788381179948,0.20789765565449708,True
1000,0.0,186,dml_mult_boot,-0.004505114078651204,0.1045872142159548,-0.19218116377998906,0.1964703922173742,True
1000,0.0,186,dml_pairs_boot,-0.004505114078651204,0.08786058227663755,-0.15125836734592288,0.15617040934753942,True
1000,0.0,187,dml_if,0.04674346889297952,0.11087113149059342,-0.1705639488285836,0.2640508866145426,True
1000,0.0,187,dml_mult_boot,0.04674346889297952,0.11270046343005798,-0.1764259235371185,0.2477068003811331,True
1000,0.0,187,dml_pairs_boot,0.04674346889297952,0.10742080642801684,-0.09303281043395914,0.24214822626871813,True
1000,0.0,188,dml_if,0.07946483233338546,0.08525698828998067,-0.08763886471497666,0.24656852938174756,True
1000,0.0,188,dml_mult_boot,0.07946483233338546,0.08482962146728135,-0.09104575173696754,0.24661231995538466,True
1000,0.0,188,dml_pairs_boot,0.07946483233338546,0.07811006396520286,-0.058050461797091855,0.2202733170478011,True
1000,0.0,189,dml_if,0.08299793531135033,0.0682431657315611,-0.05075866952250943,0.2167545401452101,True
1000,0.0,189,dml_mult_boot,0.08299793531135033,0.06980390665040029,-0.04325425041970709,0.22664822604336818,True
1000,0.0,189,dml_pairs_boot,0.08299793531135033,0.0710052461375558,-0.08109527591321741,0.21223914729886045,True
1000,0.0,190,dml_if,0.007907557661796532,0.09907848510217147,-0.18628627313845955,0.20210138846205264,True
1000,0.0,190,dml_mult_boot,0.007907557661796532,0.10097307914967657,-0.1910907721029563,0.20032184248594428,True
1000,0.0,190,dml_pairs_boot,0.007907557661796532,0.1026042816817792,-0.21568508297302635,0.14662734466418126,True
1000,0.0,191,dml_if,0.05197488969681871,0.10669610452102568,-0.15714947516439162,0.26109925455802907,True
1000,0.0,191,dml_mult_boot,0.05197488969681871,0.1065828253330917,-0.16569133622068458,0.25263456005246293,True
1000,0.0,191,dml_pairs_boot,0.05197488969681871,0.09506312688447546,-0.1418074717669146,0.22668036753838508,True
1000,0.0,192,dml_if,0.05761177488623565,0.07089223488524204,-0.08133700548883877,0.19656055526131005,True
1000,0.0,192,dml_mult_boot,0.05761177488623565,0.07163002447042731,-0.08054225137136695,0.2046739287350508,True
1000,0.0,192,dml_pairs_boot,0.05761177488623565,0.07125466926593912,-0.028838281926595707,0.21040645982474562,True
1000,0.0,193,dml_if,0.03973542575449348,0.08488407701802382,-0.1266373652008332,0.20610821670982019,True
1000,0.0,193,dml_mult_boot,0.03973542575449348,0.08591849070834713,-0.13896267390095127,0.19137179851354075,True
1000,0.0,193,dml_pairs_boot,0.03973542575449348,0.08219330203015231,-0.10817246103506116,0.18926447936477186,True
1000,0.0,194,dml_if,0.0017028281339884189,0.1430995857959843,-0.2787723600261408,0.28217801629411765,True
1000,0.0,194,dml_mult_boot,0.0017028281339884189,0.14838260995079056,-0.25927043845114045,0.2768286425595141,True
1000,0.0,194,dml_pairs_boot,0.0017028281339884189,0.11302739486543131,-0.2424412022214527,0.17167988437305012,True
1000,0.0,195,dml_if,0.07284185874695188,0.08943008892956575,-0.10244111555499698,0.24812483304890076,True
1000,0.0,195,dml_mult_boot,0.07284185874695188,0.09134450988631233,-0.11585312665133585,0.25386081990081577,True
1000,0.0,195,dml_pairs_boot,0.07284185874695188,0.06427170326514228,-0.02038697690142902,0.17537325660746167,True
1000,0.0,196,dml_if,0.1030480763265191,0.0949515453567857,-0.08305695257278087,0.28915310522581905,True
1000,0.0,196,dml_mult_boot,0.1030480763265191,0.09660981117373119,-0.07998857209929372,0.29824398015337034,True
1000,0.0,196,dml_pairs_boot,0.1030480763265191,0.07779430904070596,0.0009966183003637969,0.2695589146803611,False
1000,0.0,197,dml_if,-0.037360052956796765,0.10935985438635185,-0.2517053675540464,0.17698526164045286,True
1000,0.0,197,dml_mult_boot,-0.037360052956796765,0.1137800902745714,-0.2568735904052467,0.2064713326120645,True
1000,0.0,197,dml_pairs_boot,-0.037360052956796765,0.10580822541063928,-0.21888600949297318,0.17943943929511175,True
1000,0.0,198,dml_if,0.04059581300324955,0.0855256865250646,-0.12703453258587707,0.20822615859237617,True
1000,0.0,198,dml_mult_boot,0.04059581300324955,0.0856515210487596,-0.13588538996116725,0.2042702029429425,True
1000,0.0,198,dml_pairs_boot,0.04059581300324955,0.07792032430238433,-0.11441297783786052,0.1864135420251777,True
1000,0.0,199,dml_if,0.1508073902997977,0.09898554607492477,-0.04320428000705484,0.34481906060665024,True
1000,0.0,199,dml_mult_boot,0.1508073902997977,0.08937312367885492,-0.025257545464971116,0.32517389420088266,True
1000,0.0,199,dml_pairs_boot,0.1508073902997977,0.09972520196184063,0.0017786060713455955,0.33407389735630016,False
1000,0.5,0,dml_if,0.6359927072758532,0.09136248007184791,0.4569222463350313,0.8150631682166751,True
1000,0.5,0,dml_mult_boot,0.6359927072758532,0.08924035813102442,0.47518186651618977,0.8084128537047596,True
1000,0.5,0,dml_pairs_boot,0.6359927072758532,0.08970723267857551,0.482546642839837,0.7693576284091476,True
1000,0.5,1,dml_if,0.5527271570912342,0.09295315256921895,0.37053897805556507,0.7349153361269034,True
1000,0.5,1,dml_mult_boot,0.5527271570912342,0.09181760435893895,0.38356405307952995,0.7339513574657244,True
1000,0.5,1,dml_pairs_boot,0.5527271570912342,0.09932671388591843,0.4218748054829636,0.7935489288416934,True
1000,0.5,2,dml_if,0.6239367945839421,0.0686363383106881,0.4894095714949934,0.7584640176728908,True
1000,0.5,2,dml_mult_boot,0.6239367945839421,0.06960316385779286,0.4878270354889131,0.7576863554660414,True
1000,0.5,2,dml_pairs_boot,0.6239367945839421,0.07287497009361131,0.46473092560080154,0.7162125654069024,True
1000,0.5,3,dml_if,0.6522777207738257,0.07083795291275372,0.5134353330648285,0.791120108482823,False
1000,0.5,3,dml_mult_boot,0.6522777207738257,0.06748312489963906,0.5125972170730132,0.7853309460265469,False
1000,0.5,3,dml_pairs_boot,0.6522777207738257,0.055145628193612184,0.5535158616112376,0.744428197596156,False
1000,0.5,4,dml_if,0.579134841512986,0.06987552444669888,0.4421788135974562,0.7160908694285157,True
1000,0.5,4,dml_mult_boot,0.579134841512986,0.06856944907766414,0.44341702221761903,0.7093487565151829,True
1000,0.5,4,dml_pairs_boot,0.579134841512986,0.0715726474785323,0.4685151363882994,0.7272177591871832,True
1000,0.5,5,dml_if,0.6129321469127812,0.07036442689491165,0.47501787019875436,0.750846423626808,True
1000,0.5,5,dml_mult_boot,0.6129321469127812,0.06737634251678651,0.47491236470295434,0.7396877259371064,True
1000,0.5,5,dml_pairs_boot,0.6129321469127812,0.07712426231490968,0.45389329659137106,0.7595381848544724,True
1000,0.5,6,dml_if,0.6816972126720157,0.08066672406991011,0.5235904334949919,0.8398039918490394,False
1000,0.5,6,dml_mult_boot,0.6816972126720157,0.07770579659110778,0.5205976286206744,0.8212808404505493,False
1000,0.5,6,dml_pairs_boot,0.6816972126720157,0.07245000025248548,0.5583475098650549,0.8209088207874838,False
1000,0.5,7,dml_if,0.5434945649259095,0.09103967368054205,0.36505680451204714,0.7219323253397719,True
1000,0.5,7,dml_mult_boot,0.5434945649259095,0.09208367516421131,0.3654563915111216,0.7247139041237022,True
1000,0.5,7,dml_pairs_boot,0.5434945649259095,0.1067802537093059,0.3095504879871908,0.7171085813293774,True
1000,0.5,8,dml_if,0.5172101926098829,0.06805387586609257,0.3838245959123414,0.6505957893074243,True
1000,0.5,8,dml_mult_boot,0.5172101926098829,0.06510964624703823,0.39287521882801857,0.6352773188091558,True
1000,0.5,8,dml_pairs_boot,0.5172101926098829,0.05997540081651928,0.41001850385059296,0.6182750658417518,True
1000,0.5,9,dml_if,0.6993517194583586,0.07881056280188484,0.5448830163666644,0.8538204225500529,False
1000,0.5,9,dml_mult_boot,0.6993517194583586,0.07854362706737332,0.5522714749862969,0.8694390799793771,False
1000,0.5,9,dml_pairs_boot,0.6993517194583586,0.08256765430243543,0.4922498154999621,0.7728451238103762,True
1000,0.5,10,dml_if,0.5653998204839155,0.07996388220426488,0.4086706113635563,0.7221290296042746,True
1000,0.5,10,dml_mult_boot,0.5653998204839155,0.0816931690844224,0.4091265287477978,0.720244563218878,True
1000,0.5,10,dml_pairs_boot,0.5653998204839155,0.07909222536551369,0.4356938994630738,0.6968983472846294,True
1000,0.5,11,dml_if,0.5687280471174593,0.0984593464166591,0.3757477281408075,0.7617083660941111,True
1000,0.5,11,dml_mult_boot,0.5687280471174593,0.09836751580398836,0.39417566765938566,0.7717808691709981,True
1000,0.5,11,dml_pairs_boot,0.5687280471174593,0.08078888724477716,0.4401239631052833,0.7337883409611499,True
1000,0.5,12,dml_if,0.5621211091484749,0.06955902863239327,0.4257854130289841,0.6984568052679657,True
1000,0.5,12,dml_mult_boot,0.5621211091484749,0.06654406712043512,0.43076652673077437,0.6949174216006458,True
1000,0.5,12,dml_pairs_boot,0.5621211091484749,0.07715296624851221,0.4363661939847901,0.7109716665672399,True
1000,0.5,13,dml_if,0.5540730831030056,0.06931268273742297,0.4182202249376566,0.6899259412683547,True
1000,0.5,13,dml_mult_boot,0.5540730831030056,0.06642799571268322,0.41825182002702377,0.6675802959340347,True
1000,0.5,13,dml_pairs_boot,0.5540730831030056,0.07744456980257731,0.42252477747140077,0.6693972666884126,True
1000,0.5,14,dml_if,0.6331245780892685,0.08693224473119986,0.46273737841611673,0.8035117777624202,True
1000,0.5,14,dml_mult_boot,0.6331245780892685,0.0839837024472298,0.4649459923035671,0.7883310405006958,True
1000,0.5,14,dml_pairs_boot,0.6331245780892685,0.09053654444360108,0.47867740890017857,0.8089970110648435,True
1000,0.5,15,dml_if,0.539797991020091,0.09075585863579305,0.3619165080939366,0.7176794739462453,True
1000,0.5,15,dml_mult_boot,0.539797991020091,0.08906913395313078,0.36715840280455553,0.7112420855498767,True
1000,0.5,15,dml_pairs_boot,0.539797991020091,0.09689455534237132,0.3645133061473349,0.7369537093083108,True
1000,0.5,16,dml_if,0.6248801616278071,0.06784369000627113,0.4919065292155157,0.7578537940400986,True
1000,0.5,16,dml_mult_boot,0.6248801616278071,0.06987826830686905,0.4990483919349775,0.7537019626891392,True
1000,0.5,16,dml_pairs_boot,0.6248801616278071,0.08158682286619383,0.486916852677496,0.750985839289914,True
1000,0.5,17,dml_if,0.5784623893404036,0.08921762064961299,0.40359585286716215,0.7533289258136451,True
1000,0.5,17,dml_mult_boot,0.5784623893404036,0.08876024504448823,0.3895306421106654,0.7433172237218808,True
1000,0.5,17,dml_pairs_boot,0.5784623893404036,0.10233945690068602,0.4309171827188415,0.7666203099151098,True
1000,0.5,18,dml_if,0.5901663038083076,0.08646144466158472,0.42070187227160155,0.7596307353450136,True
1000,0.5,18,dml_mult_boot,0.5901663038083076,0.08835417681016097,0.4073122168262999,0.752510611258066,True
1000,0.5,18,dml_pairs_boot,0.5901663038083076,0.07283159446352806,0.4629877378452548,0.7525327864830565,True
1000,0.5,19,dml_if,0.6499126120691706,0.06831916562537084,0.5160070474434437,0.7838181766948975,False
1000,0.5,19,dml_mult_boot,0.6499126120691706,0.0673764331493674,0.5142724926488386,0.7776310839654829,False
1000,0.5,19,dml_pairs_boot,0.6499126120691706,0.06349059494164733,0.5314410161970777,0.7737064372217883,False
1000,0.5,20,dml_if,0.5608029877989218,0.06849047480132782,0.4265616571883193,0.6950443184095243,True
1000,0.5,20,dml_mult_boot,0.5608029877989218,0.06600051109603618,0.43774408860626063,0.6829907465908047,True
1000,0.5,20,dml_pairs_boot,0.5608029877989218,0.06915289738307294,0.4567179610471806,0.6939803965266511,True
1000,0.5,21,dml_if,0.5408995640231633,0.09841285735017768,0.34801036361681503,0.7337887644295116,True
1000,0.5,21,dml_mult_boot,0.5408995640231633,0.09849967548022677,0.3346242105371774,0.7379342199052625,True
1000,0.5,21,dml_pairs_boot,0.5408995640231633,0.11361862003903078,0.24901578270976155,0.7156852285867249,True
1000,0.5,22,dml_if,0.5849861729607314,0.0698252750680829,0.4481286338272889,0.7218437120941739,True
1000,0.5,22,dml_mult_boot,0.5849861729607314,0.06863809168086668,0.4444055020670823,0.7187211240497512,True
1000,0.5,22,dml_pairs_boot,0.5849861729607314,0.07990875188349397,0.4290100279794183,0.7375141314802413,True
1000,0.5,23,dml_if,0.6031758643608087,0.08397178093742484,0.438591173723456,0.7677605549981614,True
1000,0.5,23,dml_mult_boot,0.6031758643608087,0.08358873005823428,0.4374847377237776,0.7570505047785645,True
1000,0.5,23,dml_pairs_boot,0.6031758643608087,0.06809800435910775,0.4332207177414239,0.69476823459067,True
1000,0.5,24,dml_if,0.434988369626932,0.10089726017872384,0.23722973967663327,0.6327469995772307,True
1000,0.5,24,dml_mult_boot,0.434988369626932,0.10069511740474264,0.2241632810556832,0.6192854572352352,True
1000,0.5,24,dml_pairs_boot,0.434988369626932,0.09951456187450176,0.20033517527176373,0.5651456749576013,True
1000,0.5,25,dml_if,0.5830981146570436,0.08221941949901782,0.4219480524389687,0.7442481768751186,True
1000,0.5,25,dml_mult_boot,0.5830981146570436,0.0828835735372565,0.4091530307690866,0.7341732815627001,True
1000,0.5,25,dml_pairs_boot,0.5830981146570436,0.09245091050577368,0.37631870835482334,0.7332050104422994,True
1000,0.5,26,dml_if,0.49353441201716436,0.08425540827452196,0.3283938117991013,0.6586750122352274,True
1000,0.5,26,dml_mult_boot,0.49353441201716436,0.08181951665658925,0.3325704149273849,0.6662340147888864,True
1000,0.5,26,dml_pairs_boot,0.49353441201716436,0.07213161288314314,0.3383592453213997,0.6127714444920228,True
1000,0.5,27,dml_if,0.5619217925286466,0.09290507174632633,0.379827851905847,0.7440157331514462,True
1000,0.5,27,dml_mult_boot,0.5619217925286466,0.09026423026278634,0.3922784475420619,0.7328279285810797,True
1000,0.5,27,dml_pairs_boot,0.5619217925286466,0.07041711571357509,0.3901611104293336,0.6812826441866754,True
1000,0.5,28,dml_if,0.5525527609378325,0.08391569297797087,0.38807800270100956,0.7170275191746553,True
1000,0.5,28,dml_mult_boot,0.5525527609378325,0.07959914144951101,0.3990435247191479,0.7144280834652368,True
1000,0.5,28,dml_pairs_boot,0.5525527609378325,0.06810471939570945,0.4655721671558707,0.6971694851495748,True
1000,0.5,29,dml_if,0.4801656649889668,0.0757060939763496,0.3317817207953216,0.6285496091826119,True
1000,0.5,29,dml_mult_boot,0.4801656649889668,0.07650755671594772,0.3294695637900599,0.6179829785329479,True
1000,0.5,29,dml_pairs_boot,0.4801656649889668,0.07809890340990767,0.3100024986403387,0.569356769246322,True
1000,0.5,30,dml_if,0.5335425455696766,0.09033720892492168,0.35648161607683015,0.7106034750625231,True
1000,0.5,30,dml_mult_boot,0.5335425455696766,0.08716730092690812,0.37222158429731644,0.7149776124774713,True
1000,0.5,30,dml_pairs_boot,0.5335425455696766,0.09752312045480742,0.33064157307955533,0.6786270406395717,True
1000,0.5,31,dml_if,0.6046830013856672,0.07419093318856969,0.45926877233607066,0.7500972304352638,True
1000,0.5,31,dml_mult_boot,0.6046830013856672,0.07312238119012066,0.4700541246786834,0.7478929992081145,True
1000,0.5,31,dml_pairs_boot,0.6046830013856672,0.07673094109121302,0.4629073576285887,0.7168626171307193,True
1000,0.5,32,dml_if,0.5262443310820988,0.07013404437889498,0.3887816040994646,0.663707058064733,True
1000,0.5,32,dml_mult_boot,0.5262443310820988,0.06976218142007894,0.3877193790795489,0.6540925436702473,True
1000,0.5,32,dml_pairs_boot,0.5262443310820988,0.06588857244476051,0.3978979248307015,0.6530724239365217,True
1000,0.5,33,dml_if,0.6103750945970664,0.06872997723988344,0.4756643392068949,0.7450858499872379,True
1000,0.5,33,dml_mult_boot,0.6103750945970664,0.0686013685289003,0.4679723575117887,0.7454127105595737,True
1000,0.5,33,dml_pairs_boot,0.6103750945970664,0.07357366113362532,0.4418962949315908,0.6902940052669075,True
1000,0.5,34,dml_if,0.6166415039255915,0.10057621247496072,0.4195121274746685,0.8137708803765145,True
1000,0.5,34,dml_mult_boot,0.6166415039255915,0.10050537230275448,0.42055589585307485,0.8010361850820538,True
1000,0.5,34,dml_pairs_boot,0.6166415039255915,0.09624888052460513,0.4163470708568167,0.7784802419566478,True
1000,0.5,35,dml_if,0.5050457044137012,0.11056392716566435,0.2883404071689991,0.7217510016584033,True
1000,0.5,35,dml_mult_boot,0.5050457044137012,0.11374215380129084,0.2995381443895689,0.7353564523354581,True
1000,0.5,35,dml_pairs_boot,0.5050457044137012,0.10167322871803831,0.36510305952209615,0.7366587346889101,True
1000,0.5,36,dml_if,0.420359315309713,0.09633502597305381,0.23154266440252752,0.6091759662168985,True
1000,0.5,36,dml_mult_boot,0.420359315309713,0.09472994231735515,0.24224775004901897,0.6150698975070545,True
1000,0.5,36,dml_pairs_boot,0.420359315309713,0.08726526353484146,0.27260450103622064,0.5684674487696049,True
1000,0.5,37,dml_if,0.6643098672415313,0.0883397901230477,0.4911638786003578,0.8374558558827048,True
1000,0.5,37,dml_mult_boot,0.6643098672415313,0.08561342171381374,0.49522600559857344,0.815765467274365,True
1000,0.5,37,dml_pairs_boot,0.6643098672415313,0.08949518640598561,0.5491813978876441,0.8525943748431761,False
1000,0.5,38,dml_if,0.6052775412248795,0.08320901659722614,0.4421878686943163,0.7683672137554427,True
1000,0.5,38,dml_mult_boot,0.6052775412248795,0.08441735379008426,0.450491095638078,0.7581078719439955,True
1000,0.5,38,dml_pairs_boot,0.6052775412248795,0.07822758950692692,0.4409528631080989,0.7310601152433215,True
1000,0.5,39,dml_if,0.4911740540695896,0.11069087179830021,0.27421994534492117,0.7081281627942579,True
1000,0.5,39,dml_mult_boot,0.4911740540695896,0.10971968311486198,0.29036682566692834,0.6938610123644078,True
1000,0.5,39,dml_pairs_boot,0.4911740540695896,0.08490059299145299,0.3208790247998161,0.6575554896875653,True
1000,0.5,40,dml_if,0.48165728559910326,0.09471842427201803,0.29600917402594795,0.6673053971722586,True
1000,0.5,40,dml_mult_boot,0.48165728559910326,0.09495716963818619,0.29855672639359515,0.6801917702746523,True
1000,0.5,40,dml_pairs_boot,0.48165728559910326,0.09348352590407015,0.30044576170317966,0.6426401803357276,True
1000,0.5,41,dml_if,0.7277942995912505,0.0701163148533402,0.5903663224787037,0.8652222767037974,False
1000,0.5,41,dml_mult_boot,0.7277942995912505,0.0707013398094839,0.5899956574726531,0.8740427103841812,False
1000,0.5,41,dml_pairs_boot,0.7277942995912505,0.07906344094981811,0.570118142093193,0.8314043399012356,False
1000,0.5,42,dml_if,0.46053457398673936,0.09395357933697183,0.27638555848627455,0.6446835894872042,True
1000,0.5,42,dml_mult_boot,0.46053457398673936,0.09307099366806906,0.2744239990467952,0.6364377819711186,True
1000,0.5,42,dml_pairs_boot,0.46053457398673936,0.09332734359542691,0.27579279061982837,0.6505618730724922,True
1000,0.5,43,dml_if,0.6632714358655976,0.08008210468600849,0.506310510681021,0.8202323610501742,False
1000,0.5,43,dml_mult_boot,0.6632714358655976,0.07807613943953712,0.5043889106707058,0.8212017567839173,False
1000,0.5,43,dml_pairs_boot,0.6632714358655976,0.07926848698189397,0.43161727997070864,0.7473741501263187,True
1000,0.5,44,dml_if,0.4919581949429986,0.09726768838267136,0.3013135257129627,0.6826028641730344,True
1000,0.5,44,dml_mult_boot,0.4919581949429986,0.10206935928746992,0.2918959278708846,0.677282965579626,True
1000,0.5,44,dml_pairs_boot,0.4919581949429986,0.095058370535073,0.3230513519381157,0.659108335996202,True
1000,0.5,45,dml_if,0.5603970088837792,0.06551131201299634,0.43199483733830635,0.688799180429252,True
1000,0.5,45,dml_mult_boot,0.5603970088837792,0.06623877348719069,0.4394864153190907,0.6944261266007047,True
1000,0.5,45,dml_pairs_boot,0.5603970088837792,0.05643220604241965,0.4544553070631159,0.6468815453704286,True
1000,0.5,46,dml_if,0.6901357144792717,0.06739360094788177,0.5580442566214234,0.82222717233712,False
1000,0.5,46,dml_mult_boot,0.6901357144792717,0.06798621063566525,0.5570064298736461,0.8203087881358382,False
1000,0.5,46,dml_pairs_boot,0.6901357144792717,0.07408877414936961,0.5613341419825927,0.8193272452551038,False
1000,0.5,47,dml_if,0.5980907915220947,0.07080400947318607,0.45931493295465,0.7368666500895393,True
1000,0.5,47,dml_mult_boot,0.5980907915220947,0.07020770655899987,0.45478532701537,0.7315192155282315,True
1000,0.5,47,dml_pairs_boot,0.5980907915220947,0.07240042182103669,0.4730963520475207,0.7424246719863052,True
1000,0.5,48,dml_if,0.4983746839409225,0.09461844729562505,0.3129225272414974,0.6838268406403476,True
1000,0.5,48,dml_mult_boot,0.4983746839409225,0.0965782370480078,0.30500586120565537,0.6800235126442424,True
1000,0.5,48,dml_pairs_boot,0.4983746839409225,0.09414475402686062,0.3445275201166737,0.687690130362175,True
1000,0.5,49,dml_if,0.5358130444632386,0.08466462198770883,0.3698703853673293,0.701755703559148,True
1000,0.5,49,dml_mult_boot,0.5358130444632386,0.08395348027028438,0.3767838913040932,0.6997316855435357,True
1000,0.5,49,dml_pairs_boot,0.5358130444632386,0.07476948872556119,0.3862549304105976,0.6908922462589653,True
1000,0.5,50,dml_if,0.47748027490064565,0.09370635135306186,0.29381582624864444,0.6611447235526469,True
1000,0.5,50,dml_mult_boot,0.47748027490064565,0.09801501870960846,0.27965855824395985,0.6600517637807273,True
1000,0.5,50,dml_pairs_boot,0.47748027490064565,0.08754013974263654,0.3165144903075217,0.6504320302020979,True
1000,0.5,51,dml_if,0.40261339545906294,0.08836699440389853,0.22941408642742184,0.575812704490704,True
1000,0.5,51,dml_mult_boot,0.40261339545906294,0.08662706242912813,0.2414618718409503,0.5846645104189567,True
1000,0.5,51,dml_pairs_boot,0.40261339545906294,0.06268354177275941,0.32582779209732265,0.5700140521708166,True
1000,0.5,52,dml_if,0.6360764273993489,0.09342538346753683,0.45296267580297667,0.8191901789957211,True
1000,0.5,52,dml_mult_boot,0.6360764273993489,0.08903351963968564,0.472215952313361,0.8111391203665564,True
1000,0.5,52,dml_pairs_boot,0.6360764273993489,0.10908412999369187,0.5139496499341489,0.8406824252246737,False
1000,0.5,53,dml_if,0.569184014729932,0.06972130003099984,0.43253026666917227,0.7058377627906917,True
1000,0.5,53,dml_mult_boot,0.569184014729932,0.06864703496457707,0.4377644078551481,0.718811877473608,True
1000,0.5,53,dml_pairs_boot,0.569184014729932,0.08304968488165693,0.45578338031258575,0.7524095700830606,True
1000,0.5,54,dml_if,0.46985593077924626,0.09955888466917993,0.2747205168276536,0.6649913447308389,True
1000,0.5,54,dml_mult_boot,0.46985593077924626,0.09734076108645888,0.27661320403826095,0.6801092236605267,True
1000,0.5,54,dml_pairs_boot,0.46985593077924626,0.0933222708681728,0.3304865172124185,0.6670207574384908,True
1000,0.5,55,dml_if,0.5373539613269491,0.06965169487618925,0.4008366393696182,0.67387128328428,True
1000,0.5,55,dml_mult_boot,0.5373539613269491,0.06957249491706191,0.41056909794087665,0.6842714407073934,True
1000,0.5,55,dml_pairs_boot,0.5373539613269491,0.07983108529951524,0.38111789549121905,0.6925953684820082,True
1000,0.5,56,dml_if,0.41673430166120046,0.10047349735466654,0.21980624684605404,0.6136623564763468,True
1000,0.5,56,dml_mult_boot,0.41673430166120046,0.09953884660268705,0.2310888395366173,0.6082447036771043,True
1000,0.5,56,dml_pairs_boot,0.41673430166120046,0.07424007191871505,0.35117935120861454,0.6029781139672,True
1000,0.5,57,dml_if,0.6003583864663317,0.07159635121701362,0.460029538080985,0.7406872348516783,True
1000,0.5,57,dml_mult_boot,0.6003583864663317,0.07072701376914932,0.4646398208482988,0.7393308575982781,True
1000,0.5,57,dml_pairs_boot,0.6003583864663317,0.07135459472932869,0.46421745538698217,0.7183054594770563,True
1000,0.5,58,dml_if,0.6741604628358889,0.09519447384445967,0.48757929410074796,0.8607416315710299,True
1000,0.5,58,dml_mult_boot,0.6741604628358889,0.09285556819654014,0.48071551057725276,0.8323031230550301,True
1000,0.5,58,dml_pairs_boot,0.6741604628358889,0.0947666398666434,0.48780397384269863,0.8300350970411574,True
1000,0.5,59,dml_if,0.5140411202701958,0.09214998840502171,0.33342714299635323,0.6946550975440383,True
1000,0.5,59,dml_mult_boot,0.5140411202701958,0.09192160678299043,0.34472166684649935,0.6988100738215547,True
1000,0.5,59,dml_pairs_boot,0.5140411202701958,0.0887405031113872,0.35624619778300476,0.6999432756461343,True
1000,0.5,60,dml_if,0.6268632716916654,0.06839251521975086,0.49281394186095373,0.7609126015223772,True
1000,0.5,60,dml_mult_boot,0.6268632716916654,0.06721700904753312,0.4928016922387384,0.7570461685986034,True
1000,0.5,60,dml_pairs_boot,0.6268632716916654,0.08236359218707522,0.44531557772178826,0.8103180478561508,True
1000,0.5,61,dml_if,0.5309725874340099,0.084511947041715,0.3653291712322485,0.6966160036357713,True
1000,0.5,61,dml_mult_boot,0.5309725874340099,0.08072142659801404,0.3684135446449893,0.6903747202674956,True
1000,0.5,61,dml_pairs_boot,0.5309725874340099,0.08124503051647393,0.36335761132938105,0.6410265388467572,True
1000,0.5,62,dml_if,0.4533060976559096,0.06868840908783404,0.3186768158437549,0.5879353794680644,True
1000,0.5,62,dml_mult_boot,0.4533060976559096,0.0678907817528206,0.32055281227493376,0.5901471117306125,True
1000,0.5,62,dml_pairs_boot,0.4533060976559096,0.07098361749688745,0.3324439066298998,0.6219234901784884,True
1000,0.5,63,dml_if,0.5836808566171655,0.073500681319895,0.43961952123017134,0.7277421920041597,True
1000,0.5,63,dml_mult_boot,0.5836808566171655,0.06912520945027738,0.4507566411593201,0.7138773843928266,True
1000,0.5,63,dml_pairs_boot,0.5836808566171655,0.079937833237334,0.4328547588826994,0.7231394352209746,True
1000,0.5,64,dml_if,0.5767536919390722,0.08599309685207997,0.4082072221089955,0.7453001617691489,True
1000,0.5,64,dml_mult_boot,0.5767536919390722,0.08716503916304202,0.40079278377167254,0.7419151041548528,True
1000,0.5,64,dml_pairs_boot,0.5767536919390722,0.07583263008786367,0.4103005813565627,0.7330001769679918,True
1000,0.5,65,dml_if,0.5759334079696296,0.08290869818363283,0.4134323595297092,0.73843445640955,True
1000,0.5,65,dml_mult_boot,0.5759334079696296,0.08311955374075924,0.4264939263408533,0.7515000771435344,True
1000,0.5,65,dml_pairs_boot,0.5759334079696296,0.07260895318188779,0.46925016474975595,0.7021189360804636,True
1000,0.5,66,dml_if,0.6104351797112426,0.07953021225709322,0.45455596368733986,0.7663143957351454,True
1000,0.5,66,dml_mult_boot,0.6104351797112426,0.07789512603660638,0.45952696336274795,0.7752770226447954,True
1000,0.5,66,dml_pairs_boot,0.6104351797112426,0.08898730176887715,0.4360655721679619,0.7644021819650807,True
1000,0.5,67,dml_if,0.5567678115921937,0.08840257773540373,0.38349875923080234,0.730036863953585,True
1000,0.5,67,dml_mult_boot,0.5567678115921937,0.0865263387628168,0.4070863646810667,0.7341234414213285,True
1000,0.5,67,dml_pairs_boot,0.5567678115921937,0.09396979697608063,0.3246800423653974,0.663034566694262,True
1000,0.5,68,dml_if,0.5687967223760074,0.0804227800779237,0.411168073423277,0.7264253713287379,True
1000,0.5,68,dml_mult_boot,0.5687967223760074,0.07959452783489264,0.4143734877393964,0.7182064413029465,True
1000,0.5,68,dml_pairs_boot,0.5687967223760074,0.06791089383943696,0.4892787496874843,0.7149819869405739,True
1000,0.5,69,dml_if,0.6381552664868112,0.09060246130119995,0.4605744423364593,0.8157360906371631,True
1000,0.5,69,dml_mult_boot,0.6381552664868112,0.09132405747828645,0.45600226522520704,0.8084770599162711,True
1000,0.5,69,dml_pairs_boot,0.6381552664868112,0.08630633254887693,0.46192332675819897,0.7950007223382372,True
1000,0.5,70,dml_if,0.5927053018067068,0.08106281088702669,0.43382219246813447,0.7515884111452791,True
1000,0.5,70,dml_mult_boot,0.5927053018067068,0.07820190786638624,0.4447488294472953,0.7556137360558461,True
1000,0.5,70,dml_pairs_boot,0.5927053018067068,0.08277559270343643,0.39849448529198184,0.7181016788252246,True
1000,0.5,71,dml_if,0.5288387871832326,0.06792680373888638,0.39570225185501534,0.66197532251145,True
1000,0.5,71,dml_mult_boot,0.5288387871832326,0.06759124003594738,0.4028193607855487,0.6592292974719824,True
1000,0.5,71,dml_pairs_boot,0.5288387871832326,0.06414251067891467,0.4402378733925772,0.6622072174076705,True
1000,0.5,72,dml_if,0.5485163352199796,0.07041979867935627,0.4104935298084412,0.6865391406315179,True
1000,0.5,72,dml_mult_boot,0.5485163352199796,0.07084843340158561,0.4053183451924004,0.6916042379259335,True
1000,0.5,72,dml_pairs_boot,0.5485163352199796,0.07426892580233865,0.43257841645912637,0.7054266491954869,True
1000,0.5,73,dml_if,0.5907231767663277,0.08814647499333653,0.4179560857793881,0.7634902677532673,True
1000,0.5,73,dml_mult_boot,0.5907231767663277,0.09104413926422619,0.4243549046355768,0.7649574894012762,True
1000,0.5,73,dml_pairs_boot,0.5907231767663277,0.07985650937642602,0.4322366662475504,0.7119961654149386,True
1000,0.5,74,dml_if,0.5668417263645652,0.08420586431332197,0.40179823231045414,0.7318852204186763,True
1000,0.5,74,dml_mult_boot,0.5668417263645652,0.08249245875426116,0.4115637754843313,0.7205782353113268,True
1000,0.5,74,dml_pairs_boot,0.5668417263645652,0.08892912460824876,0.41403414820894074,0.7181420311322948,True
1000,0.5,75,dml_if,0.513687342120489,0.09882816094229178,0.31998414667359715,0.707390537567381,True
1000,0.5,75,dml_mult_boot,0.513687342120489,0.10360024834748142,0.31429933036702595,0.7164948822034782,True
1000,0.5,75,dml_pairs_boot,0.513687342120489,0.10468704273025009,0.2882236334177463,0.6724639983132497,True
1000,0.5,76,dml_if,0.6309012230265324,0.08257541368027807,0.4690534122131874,0.7927490338398774,True
1000,0.5,76,dml_mult_boot,0.6309012230265324,0.08478372651732828,0.4566141422167301,0.7883226338094383,True
1000,0.5,76,dml_pairs_boot,0.6309012230265324,0.086295111939047,0.44574536618767124,0.741133314911802,True
1000,0.5,77,dml_if,0.595161775716989,0.0659062899997954,0.46598544731739,0.724338104116588,True
1000,0.5,77,dml_mult_boot,0.595161775716989,0.06507636117846713,0.4791643881604589,0.7297753775773655,True
1000,0.5,77,dml_pairs_boot,0.595161775716989,0.07364223650137722,0.4735439923405881,0.7747101923468789,True
1000,0.5,78,dml_if,0.5358464245777016,0.09539867241325854,0.34886502664771485,0.7228278225076883,True
1000,0.5,78,dml_mult_boot,0.5358464245777016,0.09800944625214425,0.3360821392347397,0.7393092171108622,True
1000,0.5,78,dml_pairs_boot,0.5358464245777016,0.09742718171473598,0.37276842016732403,0.7343101993730231,True
1000,0.5,79,dml_if,0.5885286267877662,0.06695006986522065,0.45730648985193373,0.7197507637235987,True
1000,0.5,79,dml_mult_boot,0.5885286267877662,0.0646828461696111,0.46513182434781636,0.7180102072533961,True
1000,0.5,79,dml_pairs_boot,0.5885286267877662,0.06227384795266396,0.517066357885328,0.7513336053156954,False
1000,0.5,80,dml_if,0.5380263964986898,0.10449057055531145,0.33322487821027935,0.7428279147871002,True
1000,0.5,80,dml_mult_boot,0.5380263964986898,0.10245070073885601,0.35265666829241865,0.7356270346796704,True
1000,0.5,80,dml_pairs_boot,0.5380263964986898,0.1039997905403715,0.2739358231631323,0.6886588306190196,True
1000,0.5,81,dml_if,0.6295704258544418,0.07616039329515652,0.480296054995935,0.7788447967129486,True
1000,0.5,81,dml_mult_boot,0.6295704258544418,0.07931753240552604,0.4937784674176979,0.7824111597100464,True
1000,0.5,81,dml_pairs_boot,0.6295704258544418,0.08529093261792954,0.45527509234201846,0.7525469975633567,True
1000,0.5,82,dml_if,0.49815081544821554,0.07143038835226047,0.35814725427778504,0.638154376618646,True
1000,0.5,82,dml_mult_boot,0.49815081544821554,0.07011253946007538,0.3627076487362081,0.6313958303889629,True
1000,0.5,82,dml_pairs_boot,0.49815081544821554,0.06994868433823691,0.4036468603715927,0.6220166125061101,True
1000,0.5,83,dml_if,0.4307524660815732,0.08990558363652766,0.25453752215397896,0.6069674100091674,True
1000,0.5,83,dml_mult_boot,0.4307524660815732,0.09046299717644171,0.2517179630807906,0.6003118088847901,True
1000,0.5,83,dml_pairs_boot,0.4307524660815732,0.09333569036229124,0.23790128886155493,0.5881425394210189,True
1000,0.5,84,dml_if,0.6528533138894357,0.07327816646438948,0.5092281076192323,0.796478520159639,False
1000,0.5,84,dml_mult_boot,0.6528533138894357,0.0746753058379388,0.522201289593502,0.8042647665061926,False
1000,0.5,84,dml_pairs_boot,0.6528533138894357,0.07647237211500253,0.5171954454840341,0.7778512318473487,False
1000,0.5,85,dml_if,0.6332345662173989,0.07469082159341096,0.4868405558943134,0.7796285765404845,True
1000,0.5,85,dml_mult_boot,0.6332345662173989,0.07154324613258205,0.4950815736715836,0.7636980052720288,True
1000,0.5,85,dml_pairs_boot,0.6332345662173989,0.06935664580019281,0.5399907898578236,0.8051399443051875,False
1000,0.5,86,dml_if,0.48182623386318724,0.06949440629731243,0.34561719752045483,0.6180352702059196,True
1000,0.5,86,dml_mult_boot,0.48182623386318724,0.06884242667909227,0.3475028018916761,0.6197728324303793,True
1000,0.5,86,dml_pairs_boot,0.48182623386318724,0.07497054379746246,0.32567556718842533,0.5897522650766363,True
1000,0.5,87,dml_if,0.5242515555958934,0.06936066084360852,0.3883046603424207,0.6601984508493661,True
1000,0.5,87,dml_mult_boot,0.5242515555958934,0.06773349142249872,0.392465620646909,0.6509331393301139,True
1000,0.5,87,dml_pairs_boot,0.5242515555958934,0.07426694446990942,0.42420525196035547,0.7178693090345757,True
1000,0.5,88,dml_if,0.43619428040282193,0.08300118792606792,0.2735119520677288,0.598876608737915,True
1000,0.5,88,dml_mult_boot,0.43619428040282193,0.08327117854103966,0.2741623883072424,0.6024551673532834,True
1000,0.5,88,dml_pairs_boot,0.43619428040282193,0.0703147377550464,0.3557144716963838,0.6249658928401078,True
1000,0.5,89,dml_if,0.5800005381942522,0.07092586260951125,0.44098584747961017,0.7190152289088942,True
1000,0.5,89,dml_mult_boot,0.5800005381942522,0.07007209615536096,0.45244194792167225,0.7205915543189242,True
1000,0.5,89,dml_pairs_boot,0.5800005381942522,0.0793224385706094,0.469483606477276,0.7392852584637388,True
1000,0.5,90,dml_if,0.5806712957900775,0.08113799254834259,0.421640830395326,0.7397017611848289,True
1000,0.5,90,dml_mult_boot,0.5806712957900775,0.0778458344329098,0.43528005312839746,0.7347464376015409,True
1000,0.5,90,dml_pairs_boot,0.5806712957900775,0.08299246969349752,0.43797595666287714,0.7646755661506763,True
1000,0.5,91,dml_if,0.6405104038590453,0.07124548758209236,0.5008692481981443,0.7801515595199464,False
1000,0.5,91,dml_mult_boot,0.6405104038590453,0.07256758485206068,0.49644805818340004,0.7828484707199517,True
1000,0.5,91,dml_pairs_boot,0.6405104038590453,0.05947377453344075,0.5569756833608913,0.7617523128445719,False
1000,0.5,92,dml_if,0.5727797815925844,0.07833453012474667,0.41924410254808087,0.7263154606370879,True
1000,0.5,92,dml_mult_boot,0.5727797815925844,0.07633366806150259,0.4042027580641745,0.7255435530516846,True
1000,0.5,92,dml_pairs_boot,0.5727797815925844,0.0778763544816237,0.3795551711830487,0.680689235990431,True
1000,0.5,93,dml_if,0.6551873487297426,0.08529326386545387,0.488012551553453,0.8223621459060322,True
1000,0.5,93,dml_mult_boot,0.6551873487297426,0.08226195464707985,0.4973947152842062,0.8183426829595948,True
1000,0.5,93,dml_pairs_boot,0.6551873487297426,0.07514046885494627,0.5290950762481285,0.8304307982410231,False
1000,0.5,94,dml_if,0.5633049458099572,0.08255204112678015,0.40150294520146806,0.7251069464184463,True
1000,0.5,94,dml_mult_boot,0.5633049458099572,0.08582349628182619,0.40763354594954243,0.7355584891891415,True
1000,0.5,94,dml_pairs_boot,0.5633049458099572,0.0709651048898054,0.3893372681529001,0.6578489728563746,True
1000,0.5,95,dml_if,0.6789337138792356,0.07983304194286138,0.5224609516712273,0.8354064760872439,False
1000,0.5,95,dml_mult_boot,0.6789337138792356,0.08000982893971575,0.5175324380270155,0.8294967949181206,False
1000,0.5,95,dml_pairs_boot,0.6789337138792356,0.09414766614175983,0.5237064683847898,0.8527390600702494,False
1000,0.5,96,dml_if,0.5894017014985532,0.07972856702970378,0.4331337101203338,0.7456696928767725,True
1000,0.5,96,dml_mult_boot,0.5894017014985532,0.08131508215587605,0.4285613500529181,0.7483772393050727,True
1000,0.5,96,dml_pairs_boot,0.5894017014985532,0.0859875763293331,0.43715010108429747,0.7268458618770994,True
1000,0.5,97,dml_if,0.840080999489483,0.16446433273107822,0.5177309073365697,1.1624310916423963,False
1000,0.5,97,dml_mult_boot,0.840080999489483,0.16378559448924368,0.5667210657755117,1.1402761726851756,False
1000,0.5,97,dml_pairs_boot,0.840080999489483,0.10876124544898769,0.5289402511837922,0.9342353760019684,False
1000,0.5,98,dml_if,0.6896928714357211,0.08627531206559463,0.5205932597871556,0.8587924830842866,False
1000,0.5,98,dml_mult_boot,0.6896928714357211,0.08151988012304416,0.5333910816029758,0.8483466176010434,False
1000,0.5,98,dml_pairs_boot,0.6896928714357211,0.07858904993862871,0.531460571069916,0.8140838127987138,False
1000,0.5,99,dml_if,0.45266174620325783,0.09806549793499487,0.2604533702506679,0.6448701221558477,True
1000,0.5,99,dml_mult_boot,0.45266174620325783,0.10142625554272447,0.26313931163369947,0.6558525298785384,True
1000,0.5,99,dml_pairs_boot,0.45266174620325783,0.0841325496195846,0.31545663266468965,0.60902784479214,True
1000,0.5,100,dml_if,0.5883772427554507,0.08343850580670133,0.4248377713743161,0.7519167141365852,True
1000,0.5,100,dml_mult_boot,0.5883772427554507,0.09045122031520023,0.4219718141636508,0.7703348225277036,True
1000,0.5,100,dml_pairs_boot,0.5883772427554507,0.09185348348375083,0.37691193352911995,0.741071030620205,True
1000,0.5,101,dml_if,0.533749735936955,0.07251402792747887,0.3916222411990964,0.6758772306748135,True
1000,0.5,101,dml_mult_boot,0.533749735936955,0.07085693089381366,0.3992235268406768,0.6793225463513949,True
1000,0.5,101,dml_pairs_boot,0.533749735936955,0.08508108829647777,0.3683169787808971,0.6710321445228526,True
1000,0.5,102,dml_if,0.6488898083157578,0.07307118536819832,0.5056702849940891,0.7921093316374266,False
1000,0.5,102,dml_mult_boot,0.6488898083157578,0.07292193595592052,0.5033099406337924,0.7826542768665367,False
1000,0.5,102,dml_pairs_boot,0.6488898083157578,0.07461010091779456,0.5035985736282722,0.7952093642351508,False
1000,0.5,103,dml_if,0.5061068846291967,0.08295962836124264,0.34350601304116113,0.6687077562172323,True
1000,0.5,103,dml_mult_boot,0.5061068846291967,0.08307652837162588,0.35886587528241176,0.6784452247179698,True
1000,0.5,103,dml_pairs_boot,0.5061068846291967,0.08984867745714259,0.35592691064756615,0.6848253954136305,True
1000,0.5,104,dml_if,0.482103571393754,0.09089326105894624,0.3039527797182193,0.6602543630692886,True
1000,0.5,104,dml_mult_boot,0.482103571393754,0.0922247785542038,0.2987023943123653,0.64639979255446,True
1000,0.5,104,dml_pairs_boot,0.482103571393754,0.09585261441143246,0.2693273004008914,0.6384413377577294,True
1000,0.5,105,dml_if,0.678045704755763,0.1151804489284435,0.4522920248560137,0.9037993846555122,True
1000,0.5,105,dml_mult_boot,0.678045704755763,0.11661033780729077,0.47525635324397775,0.9331471736727326,True
1000,0.5,105,dml_pairs_boot,0.678045704755763,0.11029804041839746,0.4833223643781591,0.9076795832828862,True
1000,0.5,106,dml_if,0.5172494922515737,0.08853266721415884,0.3437254645118224,0.690773519991325,True
1000,0.5,106,dml_mult_boot,0.5172494922515737,0.0865460836276504,0.3367659995681791,0.6847127747436713,True
1000,0.5,106,dml_pairs_boot,0.5172494922515737,0.08037999444022138,0.3694101304432973,0.6381465782522806,True
1000,0.5,107,dml_if,0.6755435364481049,0.07613307457286222,0.526322710285295,0.8247643626109149,False
1000,0.5,107,dml_mult_boot,0.6755435364481049,0.07538055181251142,0.5178868279576109,0.8317865834865329,False
1000,0.5,107,dml_pairs_boot,0.6755435364481049,0.08171571592897767,0.5157616857174543,0.8431852223242811,False
1000,0.5,108,dml_if,0.42191805205065863,0.09294768139813694,0.2397405965103102,0.604095507591007,True
1000,0.5,108,dml_mult_boot,0.42191805205065863,0.09721508872221472,0.22311406225733044,0.6290112055062599,True
1000,0.5,108,dml_pairs_boot,0.42191805205065863,0.08652612868424427,0.24048539103306396,0.5912389898539012,True
1000,0.5,109,dml_if,0.6412140878404541,0.06865774331275966,0.5066449109474451,0.775783264733463,False
1000,0.5,109,dml_mult_boot,0.6412140878404541,0.07074599146454146,0.5015963183043426,0.791595169124996,False
1000,0.5,109,dml_pairs_boot,0.6412140878404541,0.08298468848882418,0.48234865210800715,0.800235011144534,True
1000,0.5,110,dml_if,0.5543268413148835,0.08590147016658067,0.3859599597883854,0.7226937228413817,True
1000,0.5,110,dml_mult_boot,0.5543268413148835,0.08804145422776287,0.3747050482227886,0.713491924760225,True
1000,0.5,110,dml_pairs_boot,0.5543268413148835,0.0839727747680342,0.3587100194295595,0.6747961745158733,True
1000,0.5,111,dml_if,0.6865867465685306,0.06504157711117782,0.5591052554306221,0.8140682377064391,False
1000,0.5,111,dml_mult_boot,0.6865867465685306,0.06380520572989777,0.5614602666079964,0.8138808421859269,False
1000,0.5,111,dml_pairs_boot,0.6865867465685306,0.06576087456304157,0.5616267925508115,0.8110281289120679,False
1000,0.5,112,dml_if,0.6321374510227367,0.09057392767287212,0.45461255278390733,0.809662349261566,True
1000,0.5,112,dml_mult_boot,0.6321374510227367,0.09163849215036664,0.4532831369009656,0.7918320951404129,True
1000,0.5,112,dml_pairs_boot,0.6321374510227367,0.07960962115866893,0.45708763555777104,0.7546862351799593,True
1000,0.5,113,dml_if,0.5309332955833794,0.06754840573008875,0.3985384203524055,0.6633281708143534,True
1000,0.5,113,dml_mult_boot,0.5309332955833794,0.07173379169657151,0.39242124485958635,0.6736938228916728,True
1000,0.5,113,dml_pairs_boot,0.5309332955833794,0.07373124783622832,0.3922439709404117,0.6688989591688022,True
1000,0.5,114,dml_if,0.5732659964865386,0.08859775266438483,0.3996144012643444,0.746917591708733,True
1000,0.5,114,dml_mult_boot,0.5732659964865386,0.09111433961537553,0.4007939325874742,0.7497973553252953,True
1000,0.5,114,dml_pairs_boot,0.5732659964865386,0.07835465746083578,0.4564372247888527,0.7354428526969715,True
1000,0.5,115,dml_if,0.6503011938379236,0.07336180961905163,0.5065120469845824,0.7940903406912648,False
1000,0.5,115,dml_mult_boot,0.6503011938379236,0.0731457603848878,0.5099031928394305,0.7835358520679641,False
1000,0.5,115,dml_pairs_boot,0.6503011938379236,0.06255985496424772,0.5364529912180974,0.7830458451244677,False
1000,0.5,116,dml_if,0.6722419358401895,0.09424521337203806,0.48752131763099493,0.8569625540493842,True
1000,0.5,116,dml_mult_boot,0.6722419358401895,0.09452571895419054,0.47654618262133563,0.8504732132696511,True
1000,0.5,116,dml_pairs_boot,0.6722419358401895,0.11627886185883753,0.501589189364557,0.9119670913586219,False
1000,0.5,117,dml_if,0.42221128432429184,0.09065110757434376,0.24453511347857806,0.5998874551700056,True
1000,0.5,117,dml_mult_boot,0.42221128432429184,0.08987994496509209,0.23696567166239488,0.6020540601973697,True
1000,0.5,117,dml_pairs_boot,0.42221128432429184,0.08253994797090783,0.2904269237466605,0.6061727345478078,True
1000,0.5,118,dml_if,0.7272076839015017,0.0689723523460067,0.5920218733033286,0.8623934944996748,False
1000,0.5,118,dml_mult_boot,0.7272076839015017,0.06888611179310021,0.5854443221167009,0.8611779604620586,False
1000,0.5,118,dml_pairs_boot,0.7272076839015017,0.08092562900826854,0.633545490357883,0.882724781136379,False
1000,0.5,119,dml_if,0.5895944242954603,0.08041880875787488,0.4319735591300255,0.747215289460895,True
1000,0.5,119,dml_mult_boot,0.5895944242954603,0.07824178769970226,0.439129979670279,0.7434376691326361,True
1000,0.5,119,dml_pairs_boot,0.5895944242954603,0.07737498240472697,0.4641080826376872,0.767705617194074,True
1000,0.5,120,dml_if,0.4937110444426419,0.07952089207210244,0.3378500959813211,0.6495719929039627,True
1000,0.5,120,dml_mult_boot,0.4937110444426419,0.08084090863739092,0.34365102405769066,0.6519229912417638,True
1000,0.5,120,dml_pairs_boot,0.4937110444426419,0.0802127953776308,0.31229466634761827,0.5737843536583079,True
1000,0.5,121,dml_if,0.4818276084975269,0.08755945973335957,0.31021106742014215,0.6534441495749117,True
1000,0.5,121,dml_mult_boot,0.4818276084975269,0.09073827044075752,0.3089059415266387,0.6645461056235729,True
1000,0.5,121,dml_pairs_boot,0.4818276084975269,0.09724964816965347,0.2991732614810612,0.6356026763533268,True
1000,0.5,122,dml_if,0.47529423378467756,0.06995736931231979,0.3381777899325308,0.6124106776368243,True
1000,0.5,122,dml_mult_boot,0.47529423378467756,0.07155598314112299,0.3439002938938179,0.6140731813434614,True
1000,0.5,122,dml_pairs_boot,0.47529423378467756,0.07333262151925546,0.3672898934257733,0.6261834922427901,True
1000,0.5,123,dml_if,0.6100619263742801,0.07051124055939881,0.4718598948778585,0.7482639578707018,True
1000,0.5,123,dml_mult_boot,0.6100619263742801,0.07260548319210698,0.47140025208818837,0.7529293208120867,True
1000,0.5,123,dml_pairs_boot,0.6100619263742801,0.06543972577031186,0.49541281807147447,0.7519685758764824,True
1000,0.5,124,dml_if,0.5403232887098202,0.06607732006907294,0.4108117413744372,0.6698348360452031,True
1000,0.5,124,dml_mult_boot,0.5403232887098202,0.06432152764506904,0.4203185726731008,0.6661542185825964,True
1000,0.5,124,dml_pairs_boot,0.5403232887098202,0.06049797280908267,0.4355537235453489,0.6467977992736637,True
1000,0.5,125,dml_if,0.514561631348694,0.08756373906161477,0.3429367027879291,0.686186559909459,True
1000,0.5,125,dml_mult_boot,0.514561631348694,0.08911784611359444,0.3363377700753789,0.6861328217903103,True
1000,0.5,125,dml_pairs_boot,0.514561631348694,0.08839805608712588,0.2898440279539508,0.6419473737764463,True
1000,0.5,126,dml_if,0.662729454483728,0.07980538521067133,0.5063108994708122,0.8191480094966438,False
1000,0.5,126,dml_mult_boot,0.662729454483728,0.0816164855978948,0.5138868081638492,0.8220209492268387,False
1000,0.5,126,dml_pairs_boot,0.662729454483728,0.07053536009355264,0.5424056550809959,0.7805428927271657,False
1000,0.5,127,dml_if,0.6707267587762116,0.08562954765268012,0.5028928453769586,0.8385606721754646,False
1000,0.5,127,dml_mult_boot,0.6707267587762116,0.08903916409356939,0.4987760591812476,0.852937104544751,True
1000,0.5,127,dml_pairs_boot,0.6707267587762116,0.08692719936149408,0.46412316911369217,0.8038395306599118,True
1000,0.5,128,dml_if,0.48380474876980806,0.09076423367274472,0.30590685077122837,0.6617026467683877,True
1000,0.5,128,dml_mult_boot,0.48380474876980806,0.08930667826331376,0.3088556731453072,0.6642582408787127,True
1000,0.5,128,dml_pairs_boot,0.48380474876980806,0.08792134498404099,0.2688553126783846,0.5831777742358069,True
1000,0.5,129,dml_if,0.4566966498062661,0.09187190708866999,0.27662771191247293,0.6367655877000593,True
1000,0.5,129,dml_mult_boot,0.4566966498062661,0.08938263802031203,0.28176021893631803,0.6317412573311807,True
1000,0.5,129,dml_pairs_boot,0.4566966498062661,0.10246807928923925,0.27711011494406085,0.6836771582389923,True
1000,0.5,130,dml_if,0.6110434503010788,0.08781778711870156,0.4389205875484237,0.7831663130537339,True
1000,0.5,130,dml_mult_boot,0.6110434503010788,0.09165131838293421,0.4263976991357743,0.7866652725389852,True
1000,0.5,130,dml_pairs_boot,0.6110434503010788,0.07744650520961885,0.5007515834425652,0.7566316403381493,False
1000,0.5,131,dml_if,0.7328324464031059,0.09744851022267002,0.5418333663666726,0.9238315264395391,False
1000,0.5,131,dml_mult_boot,0.7328324464031059,0.09769121376898135,0.5501129828861948,0.9162243301043378,False
1000,0.5,131,dml_pairs_boot,0.7328324464031059,0.10812401750467426,0.5107509550320609,0.9075066388114752,False
1000,0.5,132,dml_if,0.6007628002702415,0.08835445618274342,0.42758806615206446,0.7739375343884186,True
1000,0.5,132,dml_mult_boot,0.6007628002702415,0.08414363773986858,0.4481031996074554,0.7821318805323968,True
1000,0.5,132,dml_pairs_boot,0.6007628002702415,0.08341160295665236,0.40338198403948394,0.7231922400807691,True
1000,0.5,133,dml_if,0.2981402596009058,0.09962769496568413,0.1028699774681649,0.4934105417336467,False
1000,0.5,133,dml_mult_boot,0.2981402596009058,0.09805591933026703,0.11470024722180931,0.4950052780433923,False
1000,0.5,133,dml_pairs_boot,0.2981402596009058,0.11790325813937484,0.07410102955247108,0.5367263319488808,True
1000,0.5,134,dml_if,0.6436568378365463,0.07074056535466239,0.505005329741408,0.7823083459316845,False
1000,0.5,134,dml_mult_boot,0.6436568378365463,0.06993674050845428,0.5151777716660285,0.7838310821745903,False
1000,0.5,134,dml_pairs_boot,0.6436568378365463,0.08555316515557897,0.47022036998564404,0.7729215722224071,True
1000,0.5,135,dml_if,0.43452148104937205,0.10394520314240209,0.23078888289026395,0.6382540792084801,True
1000,0.5,135,dml_mult_boot,0.43452148104937205,0.10317337395899055,0.22597425310951308,0.624827360499791,True
1000,0.5,135,dml_pairs_boot,0.43452148104937205,0.11110829206493174,0.21974614192162445,0.6255478229707748,True
1000,0.5,136,dml_if,0.463509735350709,0.08066727061658277,0.30540188494220677,0.6216175857592112,True
1000,0.5,136,dml_mult_boot,0.463509735350709,0.07754667145301906,0.31067328288584645,0.6266736937281085,True
1000,0.5,136,dml_pairs_boot,0.463509735350709,0.07003403747968304,0.28729155425503483,0.5282073173514851,True
1000,0.5,137,dml_if,0.5297261851844544,0.07138333927588593,0.3898148402037179,0.6696375301651908,True
1000,0.5,137,dml_mult_boot,0.5297261851844544,0.07181953513545476,0.3925339596660548,0.6731701016576527,True
1000,0.5,137,dml_pairs_boot,0.5297261851844544,0.09443908799349485,0.367805665082224,0.6942225555811864,True
1000,0.5,138,dml_if,0.3956937762720023,0.09974836042331788,0.20018698984229927,0.5912005627017054,True
1000,0.5,138,dml_mult_boot,0.3956937762720023,0.09915066646086085,0.22296223099466597,0.5902382211723304,True
1000,0.5,138,dml_pairs_boot,0.3956937762720023,0.10308665168257347,0.2492593017620381,0.5615558125910572,True
1000,0.5,139,dml_if,0.4600260332526918,0.10575616025717097,0.25274395914863673,0.6673081073567468,True
1000,0.5,139,dml_mult_boot,0.4600260332526918,0.11036503791799201,0.25428616877821075,0.6698344809087133,True
1000,0.5,139,dml_pairs_boot,0.4600260332526918,0.10531472036579846,0.301588247458898,0.6662238146930651,True
1000,0.5,140,dml_if,0.5168351392694397,0.07984030439138352,0.36034814266232795,0.6733221358765514,True
1000,0.5,140,dml_mult_boot,0.5168351392694397,0.0786719713187563,0.35212769424053364,0.671935939543727,True
1000,0.5,140,dml_pairs_boot,0.5168351392694397,0.08453159294885867,0.40136906927351207,0.671804009988858,True
1000,0.5,141,dml_if,0.598492435445249,0.07213469088218673,0.457108441316163,0.739876429574335,True
1000,0.5,141,dml_mult_boot,0.598492435445249,0.06944542468610658,0.4616781251920007,0.7212174499723485,True
1000,0.5,141,dml_pairs_boot,0.598492435445249,0.07732868034757737,0.4053311637585904,0.7177370650238474,True
1000,0.5,142,dml_if,0.656386551896617,0.07108120279275688,0.5170673944228135,0.7957057093704205,False
1000,0.5,142,dml_mult_boot,0.656386551896617,0.07267566556645094,0.5332655967341791,0.8098930447515742,False
1000,0.5,142,dml_pairs_boot,0.656386551896617,0.07440876017771444,0.5066908339145704,0.767912055885991,False
1000,0.5,143,dml_if,0.4561525247414579,0.0895983131496635,0.2805398309681174,0.6317652185147984,True
1000,0.5,143,dml_mult_boot,0.4561525247414579,0.08716505396347896,0.29097581055890187,0.6161598879451441,True
1000,0.5,143,dml_pairs_boot,0.4561525247414579,0.08158705155859107,0.283399645584277,0.5883878869750145,True
1000,0.5,144,dml_if,0.5165824951340181,0.09027372432367704,0.3396459954596111,0.693518994808425,True
1000,0.5,144,dml_mult_boot,0.5165824951340181,0.0946826362928561,0.34724171022202,0.692721922693576,True
1000,0.5,144,dml_pairs_boot,0.5165824951340181,0.08253540429616177,0.4026859528438671,0.6609079100475356,True
1000,0.5,145,dml_if,0.6962423339887979,0.08708124542411881,0.525563092957525,0.8669215750200707,False
1000,0.5,145,dml_mult_boot,0.6962423339887979,0.08748291155768091,0.521512549667374,0.8699070408181392,False
1000,0.5,145,dml_pairs_boot,0.6962423339887979,0.07766556530792738,0.5274833640152623,0.8226506270432108,False
1000,0.5,146,dml_if,0.46792906768971854,0.06941314222108601,0.33187930893638995,0.6039788264430471,True
1000,0.5,146,dml_mult_boot,0.46792906768971854,0.06352105919452143,0.34907605773803396,0.5870663857309089,True
1000,0.5,146,dml_pairs_boot,0.46792906768971854,0.0736634406096312,0.3142168362039189,0.6108634351786714,True
1000,0.5,147,dml_if,0.6258771634057401,0.069240673202727,0.4901654439283951,0.761588882883085,True
1000,0.5,147,dml_mult_boot,0.6258771634057401,0.06764492751659613,0.47000208706155144,0.749055956823108,True
1000,0.5,147,dml_pairs_boot,0.6258771634057401,0.07083808081862873,0.5187229728992996,0.7274135393843792,False
1000,0.5,148,dml_if,0.6017214020476545,0.10190952825165392,0.4019787266744128,0.8014640774208961,True
1000,0.5,148,dml_mult_boot,0.6017214020476545,0.10098034815320545,0.4058149509469172,0.7931511864570957,True
1000,0.5,148,dml_pairs_boot,0.6017214020476545,0.10393546630239126,0.45712136899255845,0.7982662702436887,True
1000,0.5,149,dml_if,0.3667792465165293,0.1041302026411796,0.1626840493398173,0.5708744436932414,True
1000,0.5,149,dml_mult_boot,0.3667792465165293,0.10463433135130597,0.16167088270923,0.5580374824544118,True
1000,0.5,149,dml_pairs_boot,0.3667792465165293,0.11418116764937901,0.0836831193723822,0.5306883712956633,True
1000,0.5,150,dml_if,0.5505361329059247,0.08375786308598782,0.3863707212573886,0.7147015445544609,True
1000,0.5,150,dml_mult_boot,0.5505361329059247,0.08871952313357435,0.36612634702337454,0.7190695656842828,True
1000,0.5,150,dml_pairs_boot,0.5505361329059247,0.06558402818520441,0.3725296959203508,0.6512035816121698,True
1000,0.5,151,dml_if,0.5358082142957905,0.06724195502276178,0.4040139824511774,0.6676024461404035,True
1000,0.5,151,dml_mult_boot,0.5358082142957905,0.06843353947061874,0.412729751283759,0.6669171167097425,True
1000,0.5,151,dml_pairs_boot,0.5358082142957905,0.07632149836890348,0.3946546771317022,0.6730386231697598,True
1000,0.5,152,dml_if,0.6302641348568457,0.06724382173883352,0.49846624424873204,0.7620620254649595,True
1000,0.5,152,dml_mult_boot,0.6302641348568457,0.07288366381881282,0.49041498874022765,0.7839572386839181,True
1000,0.5,152,dml_pairs_boot,0.6302641348568457,0.07483297375167235,0.5263597734751401,0.7539736597595601,False
1000,0.5,153,dml_if,0.44959085618709616,0.08868975155602123,0.27575894313729454,0.6234227692368978,True
1000,0.5,153,dml_mult_boot,0.44959085618709616,0.08910338393637111,0.2916463456641114,0.6268046598240508,True
1000,0.5,153,dml_pairs_boot,0.44959085618709616,0.0783375930616696,0.29244148345669974,0.6007770651029851,True
1000,0.5,154,dml_if,0.4656114177848024,0.08535455206437656,0.2983164957386244,0.6329063398309804,True
1000,0.5,154,dml_mult_boot,0.4656114177848024,0.08416985935487438,0.30401239614009057,0.6198695043087251,True
1000,0.5,154,dml_pairs_boot,0.4656114177848024,0.0899540085045913,0.27991924656932565,0.5967613575107866,True
1000,0.5,155,dml_if,0.4525932825849808,0.06829801858039582,0.31872916616740504,0.5864573990025566,True
1000,0.5,155,dml_mult_boot,0.4525932825849808,0.06890311852377787,0.3111589661621781,0.5862327551382238,True
1000,0.5,155,dml_pairs_boot,0.4525932825849808,0.06798208454168517,0.36094555019560437,0.5769935113163931,True
1000,0.5,156,dml_if,0.5199892603917285,0.09580100081749045,0.3322192987894473,0.7077592219940099,True
1000,0.5,156,dml_mult_boot,0.5199892603917285,0.0958476793611374,0.33980484848204245,0.6998240293319351,True
1000,0.5,156,dml_pairs_boot,0.5199892603917285,0.0864375073567677,0.39730250718182675,0.7008005828387864,True
1000,0.5,157,dml_if,0.5228551051708262,0.08464171202235261,0.3569573496070151,0.6887528607346374,True
1000,0.5,157,dml_mult_boot,0.5228551051708262,0.08493397978263736,0.35804569520528623,0.6944369357041309,True
1000,0.5,157,dml_pairs_boot,0.5228551051708262,0.08687952979420825,0.3504164951634204,0.6947364469858567,True
1000,0.5,158,dml_if,0.4553030900065408,0.08795808063095435,0.28290525196987026,0.6277009280432113,True
1000,0.5,158,dml_mult_boot,0.4553030900065408,0.08613797594140742,0.2944381717476363,0.6249916925887576,True
1000,0.5,158,dml_pairs_boot,0.4553030900065408,0.08512175598772133,0.3540177320768173,0.6684862005292611,True
1000,0.5,159,dml_if,0.733544312458477,0.06800930656503973,0.6002460715909991,0.8668425533259548,False
1000,0.5,159,dml_mult_boot,0.733544312458477,0.0705176445549164,0.5875317240028456,0.8577738277095989,False
1000,0.5,159,dml_pairs_boot,0.733544312458477,0.06786246658157657,0.608651960127508,0.8714789409645587,False
1000,0.5,160,dml_if,0.6875377739623485,0.07205737488274609,0.5463053191921662,0.8287702287325308,False
1000,0.5,160,dml_mult_boot,0.6875377739623485,0.06854979441440497,0.5450171021894492,0.8291299403615706,False
1000,0.5,160,dml_pairs_boot,0.6875377739623485,0.07996212257874079,0.5539757081148842,0.7978000570556179,False
1000,0.5,161,dml_if,0.5576253012122031,0.07192370050586543,0.41665484822070686,0.6985957542036993,True
1000,0.5,161,dml_mult_boot,0.5576253012122031,0.0750287923439335,0.4195149568766752,0.6981446065078544,True
1000,0.5,161,dml_pairs_boot,0.5576253012122031,0.0795718566349993,0.3899100292999985,0.6719532220889984,True
1000,0.5,162,dml_if,0.5409258825597237,0.09044468734992783,0.3636542953538652,0.7181974697655823,True
1000,0.5,162,dml_mult_boot,0.5409258825597237,0.09112277843260877,0.353993507995512,0.7117056601773252,True
1000,0.5,162,dml_pairs_boot,0.5409258825597237,0.08513395290870114,0.3389177528898785,0.6817185459829271,True
1000,0.5,163,dml_if,0.741709478695124,0.08554000518601645,0.5740510685305318,0.9093678888597163,False
1000,0.5,163,dml_mult_boot,0.741709478695124,0.08906957578464261,0.5676403726932628,0.9154257911049389,False
1000,0.5,163,dml_pairs_boot,0.741709478695124,0.07576771510303777,0.6005967179341921,0.855064670053476,False
1000,0.5,164,dml_if,0.51973614500603,0.08424052648548787,0.35462471309447385,0.6848475769175862,True
1000,0.5,164,dml_mult_boot,0.51973614500603,0.08640759581406697,0.35359389109029654,0.6982185477221556,True
1000,0.5,164,dml_pairs_boot,0.51973614500603,0.08232232170797116,0.35601659831209015,0.6885841136868079,True
1000,0.5,165,dml_if,0.5323645874520108,0.0718777536222719,0.3914841903523578,0.6732449845516637,True
1000,0.5,165,dml_mult_boot,0.5323645874520108,0.07424620103867613,0.4067089203995521,0.675127491794118,True
1000,0.5,165,dml_pairs_boot,0.5323645874520108,0.07436105646028845,0.35238545167911556,0.6368396174962033,True
1000,0.5,166,dml_if,0.4989156967456314,0.08066780077023368,0.3408068072359734,0.6570245862552895,True
1000,0.5,166,dml_mult_boot,0.4989156967456314,0.08227234803639331,0.33007530063163637,0.6561146681827473,True
1000,0.5,166,dml_pairs_boot,0.4989156967456314,0.08514828349108507,0.37644942427954503,0.7088280008307737,True
1000,0.5,167,dml_if,0.6028093334462444,0.09203703989910857,0.42241673524399165,0.7832019316484973,True
1000,0.5,167,dml_mult_boot,0.6028093334462444,0.08710141133845681,0.4244120450641562,0.7673661506805365,True
1000,0.5,167,dml_pairs_boot,0.6028093334462444,0.11337511766197045,0.3985460149989605,0.8152432626887725,True
1000,0.5,168,dml_if,0.4858216478820108,0.09373520420621376,0.30210064763783184,0.6695426481261898,True
1000,0.5,168,dml_mult_boot,0.4858216478820108,0.0930114724215193,0.3045188452830282,0.6588413950881584,True
1000,0.5,168,dml_pairs_boot,0.4858216478820108,0.08215020822827561,0.34259264658581173,0.6198593265795671,True
1000,0.5,169,dml_if,0.664727670484828,0.07023544847733047,0.5270661914692603,0.8023891495003956,False
1000,0.5,169,dml_mult_boot,0.664727670484828,0.06674948505521297,0.5478263506644632,0.7985293190518807,False
1000,0.5,169,dml_pairs_boot,0.664727670484828,0.06089567947906526,0.557948944727445,0.7611614040104955,False
1000,0.5,170,dml_if,0.3909434262322986,0.09899395355548758,0.19691527726354294,0.5849715752010543,True
1000,0.5,170,dml_mult_boot,0.3909434262322986,0.10654126183030219,0.18582578130754004,0.5915717701458629,True
1000,0.5,170,dml_pairs_boot,0.3909434262322986,0.08410398196083531,0.2194186074906521,0.5279562226952824,True
1000,0.5,171,dml_if,0.6262077876445032,0.06952336738717048,0.4899419875656491,0.7624735877233574,True
1000,0.5,171,dml_mult_boot,0.6262077876445032,0.06800356319796456,0.4917683546696984,0.7616667220340522,True
1000,0.5,171,dml_pairs_boot,0.6262077876445032,0.07842046107060316,0.47597146079581915,0.7766246005484094,True
1000,0.5,172,dml_if,0.4280294067786033,0.07000375958385621,0.2908220379942451,0.5652367755629615,True
1000,0.5,172,dml_mult_boot,0.4280294067786033,0.06817810034738331,0.29093658347773005,0.5744302624260054,True
1000,0.5,172,dml_pairs_boot,0.4280294067786033,0.07680085000432228,0.3046068959536129,0.5700407313773631,True
1000,0.5,173,dml_if,0.6036051697281855,0.08797604189735984,0.4311721276093602,0.7760382118470107,True
1000,0.5,173,dml_mult_boot,0.6036051697281855,0.08687500976837927,0.4335762082787854,0.7873079016471919,True
1000,0.5,173,dml_pairs_boot,0.6036051697281855,0.08144835015767662,0.4841324904818502,0.7811710786043317,True
1000,0.5,174,dml_if,0.5890829634065635,0.0915203101510288,0.4097031555105471,0.76846277130258,True
1000,0.5,174,dml_mult_boot,0.5890829634065635,0.09203278672416686,0.4130099811964753,0.768651405807413,True
1000,0.5,174,dml_pairs_boot,0.5890829634065635,0.08109011830357657,0.41393757888066557,0.6851846009692862,True
1000,0.5,175,dml_if,0.5654454304704561,0.08221159176530676,0.40431071061045487,0.7265801503304574,True
1000,0.5,175,dml_mult_boot,0.5654454304704561,0.07967570277481723,0.39914477502025725,0.7102422323764025,True
1000,0.5,175,dml_pairs_boot,0.5654454304704561,0.06926013556401225,0.45984341693848774,0.7102740514257193,True
1000,0.5,176,dml_if,0.5344109860652504,0.08040812364206767,0.37681106372679773,0.692010908403703,True
1000,0.5,176,dml_mult_boot,0.5344109860652504,0.0803159526339081,0.37440482080972687,0.6930751998380895,True
1000,0.5,176,dml_pairs_boot,0.5344109860652504,0.08184127047975716,0.3623586478879828,0.6536364454111331,True
1000,0.5,177,dml_if,0.6523374372661717,0.08990744605116843,0.47611884300588153,0.8285560315264617,True
1000,0.5,177,dml_mult_boot,0.6523374372661717,0.0906623812799342,0.46685182691176363,0.8325082834091471,True
1000,0.5,177,dml_pairs_boot,0.6523374372661717,0.08664810586633007,0.5018082929004479,0.7995398934583032,False
1000,0.5,178,dml_if,0.6393169042750203,0.074227395469596,0.49383120915461215,0.7848025993954284,True
1000,0.5,178,dml_mult_boot,0.6393169042750203,0.07398528726966204,0.49788772088799066,0.776201494330268,True
1000,0.5,178,dml_pairs_boot,0.6393169042750203,0.08537258984814682,0.5216049011884587,0.785585847163971,False
1000,0.5,179,dml_if,0.4024029625554109,0.07265456362101923,0.26000001785821325,0.5448059072526086,True
1000,0.5,179,dml_mult_boot,0.4024029625554109,0.07485807070384512,0.25620011578026347,0.5451698220048594,True
1000,0.5,179,dml_pairs_boot,0.4024029625554109,0.07134322982131705,0.2865840376242193,0.5037920516798151,True
1000,0.5,180,dml_if,0.5233339057153505,0.09536183027178291,0.3364247183826561,0.710243093048045,True
1000,0.5,180,dml_mult_boot,0.5233339057153505,0.10012904930571079,0.333824367628538,0.7154681788373481,True
1000,0.5,180,dml_pairs_boot,0.5233339057153505,0.08769174221617715,0.39145168398289015,0.7319785048179103,True
1000,0.5,181,dml_if,0.4796687851001365,0.09543459602775296,0.29261697688574073,0.6667205933145323,True
1000,0.5,181,dml_mult_boot,0.4796687851001365,0.10066247233870286,0.2667590718794192,0.6654923671131558,True
1000,0.5,181,dml_pairs_boot,0.4796687851001365,0.1084496922504583,0.25591245300959586,0.6216893786809687,True
1000,0.5,182,dml_if,0.5529526615399655,0.08855313017185508,0.37938852640312953,0.7265167966768014,True
1000,0.5,182,dml_mult_boot,0.5529526615399655,0.08758602353663922,0.399245200516368,0.7325531565852654,True
1000,0.5,182,dml_pairs_boot,0.5529526615399655,0.09538212885141091,0.3704731440631907,0.7430804437766589,True
1000,0.5,183,dml_if,0.5348514643609212,0.08920723346205653,0.3600052867752904,0.709697641946552,True
1000,0.5,183,dml_mult_boot,0.5348514643609212,0.08895051246743846,0.36624149135216955,0.7120426063957274,True
1000,0.5,183,dml_pairs_boot,0.5348514643609212,0.08064373842587005,0.40343365422062805,0.6742171289749896,True
1000,0.5,184,dml_if,0.6393318064666237,0.07343075330952785,0.4954075299799491,0.7832560829532983,True
1000,0.5,184,dml_mult_boot,0.6393318064666237,0.07358258350786541,0.4974906809213736,0.7751726276453251,True
1000,0.5,184,dml_pairs_boot,0.6393318064666237,0.0806357422187148,0.5305229312185512,0.8079679586956715,False
1000,0.5,185,dml_if,0.601607688943649,0.07123883155316758,0.46197957909944054,0.7412357987878575,True
1000,0.5,185,dml_mult_boot,0.601607688943649,0.07007493334413918,0.4677471687370035,0.7378915059203117,True
1000,0.5,185,dml_pairs_boot,0.601607688943649,0.07253139272838073,0.4608034757626928,0.7019165723145514,True
1000,0.5,186,dml_if,0.45617564987138176,0.08212488621256098,0.2952108728947622,0.6171404268480013,True
1000,0.5,186,dml_mult_boot,0.45617564987138176,0.08214734394454659,0.29535874723968386,0.6139572253361925,True
1000,0.5,186,dml_pairs_boot,0.45617564987138176,0.06554800689027232,0.3429634679995508,0.5716448242086989,True
1000,0.5,187,dml_if,0.39056596903971375,0.09249627247899253,0.20927327498088838,0.5718586630985392,True
1000,0.5,187,dml_mult_boot,0.39056596903971375,0.09341640345349438,0.20455293202144145,0.5693147602307053,True
1000,0.5,187,dml_pairs_boot,0.39056596903971375,0.10108208335053312,0.21760235002874484,0.5769469052202342,True
1000,0.5,188,dml_if,0.45980441902048613,0.0964034972177004,0.2708535644737934,0.6487552735671789,True
1000,0.5,188,dml_mult_boot,0.45980441902048613,0.0962403856383673,0.29294220176700675,0.6488132079970561,True
1000,0.5,188,dml_pairs_boot,0.45980441902048613,0.08216214938259304,0.31917398632785715,0.6156399747389881,True
1000,0.5,189,dml_if,0.5787784491995817,0.09221127211414662,0.3980443558558543,0.759512542543309,True
1000,0.5,189,dml_mult_boot,0.5787784491995817,0.08396438883123929,0.4170846008884409,0.7349396670704742,True
1000,0.5,189,dml_pairs_boot,0.5787784491995817,0.09351457913074818,0.3533750558315266,0.7272660963912319,True
1000,0.5,190,dml_if,0.5622972834501754,0.09060304192045275,0.384715321286088,0.7398792456142628,True
1000,0.5,190,dml_mult_boot,0.5622972834501754,0.08975948890279115,0.4022115869948466,0.7348624116514306,True
1000,0.5,190,dml_pairs_boot,0.5622972834501754,0.09776693861571317,0.35289556785074117,0.7091038858266298,True
1000,0.5,191,dml_if,0.5042799240532663,0.10495307553322132,0.2985718960081525,0.7099879520983801,True
1000,0.5,191,dml_mult_boot,0.5042799240532663,0.10610852718505707,0.29447326133127033,0.6979058476530344,True
1000,0.5,191,dml_pairs_boot,0.5042799240532663,0.10314647109926793,0.33101180133387254,0.6721097537746934,True
1000,0.5,192,dml_if,0.5132441756498439,0.08436446920529223,0.34788981600747115,0.6785985352922167,True
1000,0.5,192,dml_mult_boot,0.5132441756498439,0.08385722400468394,0.3463541440345381,0.6704043728524717,True
1000,0.5,192,dml_pairs_boot,0.5132441756498439,0.08713899752947377,0.3323509331993352,0.653651672793313,True
1000,0.5,193,dml_if,0.5518413025022157,0.08744316296044369,0.3804527030997461,0.7232299019046854,True
1000,0.5,193,dml_mult_boot,0.5518413025022157,0.08554312857200107,0.3973064750616082,0.714165750534434,True
1000,0.5,193,dml_pairs_boot,0.5518413025022157,0.08235800381309345,0.4171449986820124,0.7238997589943872,True
1000,0.5,194,dml_if,0.6086069999993926,0.07071151743684892,0.4700124258231687,0.7472015741756165,True
1000,0.5,194,dml_mult_boot,0.6086069999993926,0.07394781415247803,0.4598360736736908,0.7542573299400704,True
1000,0.5,194,dml_pairs_boot,0.6086069999993926,0.05717380537544331,0.5101683390707327,0.7205502328336452,False
1000,0.5,195,dml_if,0.6003622795648029,0.10566956746862467,0.3932499273262986,0.8074746318033073,True
1000,0.5,195,dml_mult_boot,0.6003622795648029,0.10081425487791061,0.3920610596747936,0.8007628339270516,True
1000,0.5,195,dml_pairs_boot,0.6003622795648029,0.1234148964932405,0.33043506352247076,0.774495199774971,True
1000,0.5,196,dml_if,0.5094369144378368,0.07989983583303498,0.3528332362050882,0.6660405926705854,True
1000,0.5,196,dml_mult_boot,0.5094369144378368,0.08276603634864227,0.35144088725159034,0.6693620941979271,True
1000,0.5,196,dml_pairs_boot,0.5094369144378368,0.07270765754489823,0.4103391106176441,0.6675004743969506,True
1000,0.5,197,dml_if,0.6032309073050328,0.0749788349506322,0.4562723908017937,0.7501894238082719,True
1000,0.5,197,dml_mult_boot,0.6032309073050328,0.07308548070316902,0.476170722624921,0.7515076904712109,True
1000,0.5,197,dml_pairs_boot,0.6032309073050328,0.06625024384148767,0.48055398574189245,0.7238715922911519,True
1000,0.5,198,dml_if,0.6461095694686851,0.11042693731624662,0.42967277232884177,0.8625463666085285,True
1000,0.5,198,dml_mult_boot,0.6461095694686851,0.11328152997640421,0.42409249484977973,0.8716184769911537,True
1000,0.5,198,dml_pairs_boot,0.6461095694686851,0.09967910535557,0.4259031952863656,0.8018655920752125,True
1000,0.5,199,dml_if,0.5138677840844749,0.08694192219372374,0.34346161658477636,0.6842739515841734,True
1000,0.5,199,dml_mult_boot,0.5138677840844749,0.08452608596995294,0.3600999457466779,0.686982252598169,True
1000,0.5,199,dml_pairs_boot,0.5138677840844749,0.07465370822961241,0.340715837023569,0.6038680489533245,True
2000,0.0,0,dml_if,0.04050420214764553,0.05021699671499906,-0.05792111141375262,0.1389295157090437,True
2000,0.0,0,dml_mult_boot,0.04050420214764553,0.05035986925692554,-0.05723160231264985,0.14687853479125254,True
2000,0.0,0,dml_pairs_boot,0.04050420214764553,0.04972074826888843,-0.04801198108160446,0.1589171921493595,True
2000,0.0,1,dml_if,0.047665241890028055,0.05762166660946232,-0.0652732246645181,0.1606037084445742,True
2000,0.0,1,dml_mult_boot,0.047665241890028055,0.05939627676932006,-0.07582666055648428,0.15847263895877525,True
2000,0.0,1,dml_pairs_boot,0.047665241890028055,0.0576742308846591,-0.06040135914177638,0.14262059047752007,True
2000,0.0,2,dml_if,0.18370225405270005,0.06161276669433186,0.0629412313318096,0.30446327677359053,False
2000,0.0,2,dml_mult_boot,0.18370225405270005,0.06306759910409097,0.052834469125692944,0.30223624143668987,False
2000,0.0,2,dml_pairs_boot,0.18370225405270005,0.05444162941139622,0.0926008626373353,0.2797400199095241,False
2000,0.0,3,dml_if,0.07993701949154414,0.05668376464159802,-0.031163159205987986,0.19103719818907627,True
2000,0.0,3,dml_mult_boot,0.07993701949154414,0.0570496768547763,-0.030414548681392838,0.18599059309325414,True
2000,0.0,3,dml_pairs_boot,0.07993701949154414,0.05650137714005094,-0.04177023426631859,0.18421865353732386,True
2000,0.0,4,dml_if,0.13603326724618625,0.05480871392164459,0.02860818795976286,0.24345834653260964,False
2000,0.0,4,dml_mult_boot,0.13603326724618625,0.054807651824522116,0.02459729208623998,0.23959048310878098,False
2000,0.0,4,dml_pairs_boot,0.13603326724618625,0.047839969121356435,0.05776231145388076,0.24119632452116746,False
2000,0.0,5,dml_if,0.060489070150811154,0.05876486024364193,-0.05469005592672702,0.17566819622834934,True
2000,0.0,5,dml_mult_boot,0.060489070150811154,0.06304972101086853,-0.07087584299893879,0.18396957961534935,True
2000,0.0,5,dml_pairs_boot,0.060489070150811154,0.05919004283370278,-0.05963792107568103,0.16550365744630324,True
2000,0.0,6,dml_if,0.04004676446583216,0.059067762979779226,-0.07572605097453512,0.15581957990619943,True
2000,0.0,6,dml_mult_boot,0.04004676446583216,0.05941860568932769,-0.06862658095466309,0.1580672273095592,True
2000,0.0,6,dml_pairs_boot,0.04004676446583216,0.06241313106503784,-0.07654579302752895,0.14780931569796024,True
2000,0.0,7,dml_if,0.045221465647781685,0.06183449423716006,-0.07597414305705202,0.1664170743526154,True
2000,0.0,7,dml_mult_boot,0.045221465647781685,0.06474369704841325,-0.08613248999887363,0.17927455948215973,True
2000,0.0,7,dml_pairs_boot,0.045221465647781685,0.05616646592040965,0.0010996733097259047,0.18681925790401177,False
2000,0.0,8,dml_if,0.04654593934758144,0.048614475844343245,-0.04873843330733132,0.14183031200249419,True
2000,0.0,8,dml_mult_boot,0.04654593934758144,0.04597633566475529,-0.04068395732920119,0.13752756427970023,True
2000,0.0,8,dml_pairs_boot,0.04654593934758144,0.0478120121709158,-0.03156795219743603,0.12816311553923557,True
2000,0.0,9,dml_if,0.056164808798921204,0.05635334288271628,-0.05428774325120271,0.1666173608490451,True
2000,0.0,9,dml_mult_boot,0.056164808798921204,0.05438115033885629,-0.043963282929839476,0.16340146057071722,True
2000,0.0,9,dml_pairs_boot,0.056164808798921204,0.05908145910510348,-0.04342939436297167,0.157815912205159,True
2000,0.0,10,dml_if,0.11950078719600617,0.05189974153308106,0.017777293791167298,0.22122428060084504,False
2000,0.0,10,dml_mult_boot,0.11950078719600617,0.05180154775864234,0.018796566029695167,0.2253015205813869,False
2000,0.0,10,dml_pairs_boot,0.11950078719600617,0.06062678813412616,0.028989330081562452,0.26376724412037716,False
2000,0.0,11,dml_if,0.006998972478861624,0.059144622088443344,-0.10892448681448733,0.12292243177221057,True
2000,0.0,11,dml_mult_boot,0.006998972478861624,0.06252910590125142,-0.1185116358152856,0.13391267515417787,True
2000,0.0,11,dml_pairs_boot,0.006998972478861624,0.055594759989635784,-0.09973423738234231,0.10369926566589122,True
2000,0.0,12,dml_if,0.17953996393760938,0.05169770701570521,0.07821245818682716,0.2808674696883916,False
2000,0.0,12,dml_mult_boot,0.17953996393760938,0.053462945106715745,0.07570363569470465,0.28224858792886426,False
2000,0.0,12,dml_pairs_boot,0.17953996393760938,0.053427058991421854,0.10107506839304259,0.271026843987437,False
2000,0.0,13,dml_if,0.012186078868792543,0.05991741304888094,-0.1052520507070141,0.12962420844459918,True
2000,0.0,13,dml_mult_boot,0.012186078868792543,0.06368696394322657,-0.10827436689266907,0.13194088871997023,True
2000,0.0,13,dml_pairs_boot,0.012186078868792543,0.06413983939883891,-0.08329264949525512,0.14243847676727944,True
2000,0.0,14,dml_if,0.04760389458919373,0.050364658596060534,-0.05111083625908491,0.14631862543747237,True
2000,0.0,14,dml_mult_boot,0.04760389458919373,0.05118518962486665,-0.05217302684991556,0.14233104640088007,True
2000,0.0,14,dml_pairs_boot,0.04760389458919373,0.05502739135902773,-0.03200262352663586,0.14984807024985886,True
2000,0.0,15,dml_if,0.029596786341623712,0.06537623187205172,-0.09854062812759765,0.15773420081084508,True
2000,0.0,15,dml_mult_boot,0.029596786341623712,0.06435465927828807,-0.09482390961980716,0.15862210608568175,True
2000,0.0,15,dml_pairs_boot,0.029596786341623712,0.06307651277737535,-0.08619501212364028,0.14229561579622624,True
2000,0.0,16,dml_if,0.07710622456731853,0.05151922750313694,-0.023871461338829877,0.17808391047346694,True
2000,0.0,16,dml_mult_boot,0.07710622456731853,0.051134899643330865,-0.016843460809041682,0.1879034145040079,True
2000,0.0,16,dml_pairs_boot,0.07710622456731853,0.05855754326446178,-0.04337634346609121,0.1706168708700049,True
2000,0.0,17,dml_if,-0.09764150341414253,0.05448340673529503,-0.20442898061532078,0.00914597378703573,True
2000,0.0,17,dml_mult_boot,-0.09764150341414253,0.05398231034045472,-0.20981455607073793,-0.0023099529470307625,False
2000,0.0,17,dml_pairs_boot,-0.09764150341414253,0.04922196813064017,-0.1843354348252204,-0.0014105174001370774,False
2000,0.0,18,dml_if,0.17267633955262207,0.05104238855444918,0.07263325798590167,0.27271942111934244,False
2000,0.0,18,dml_mult_boot,0.17267633955262207,0.05079364993279686,0.0659823669942396,0.2626578968244653,False
2000,0.0,18,dml_pairs_boot,0.17267633955262207,0.05394329810413377,0.08954736090093508,0.2833956704131216,False
2000,0.0,19,dml_if,0.08308096895550175,0.0549312156627934,-0.024584213743573308,0.1907461516545768,True
2000,0.0,19,dml_mult_boot,0.08308096895550175,0.05865097873391427,-0.032778689745093556,0.1957838381745354,True
2000,0.0,19,dml_pairs_boot,0.08308096895550175,0.05632602996989975,-0.026766168393167023,0.1680861307883433,True
2000,0.0,20,dml_if,0.02188662385060036,0.050073958127978296,-0.07625833408023709,0.12003158178143782,True
2000,0.0,20,dml_mult_boot,0.02188662385060036,0.049978299586164295,-0.07447262731748229,0.11684346227328696,True
2000,0.0,20,dml_pairs_boot,0.02188662385060036,0.05401958018623053,-0.07441647354564557,0.11651986676206708,True
2000,0.0,21,dml_if,0.1763460447928679,0.054100320420941476,0.0703094167678226,0.2823826728179132,False
2000,0.0,21,dml_mult_boot,0.1763460447928679,0.05394118064727741,0.08066686396407059,0.27989561452149786,False
2000,0.0,21,dml_pairs_boot,0.1763460447928679,0.04993729282266997,0.09058015689527744,0.2956221494472676,False
2000,0.0,22,dml_if,0.0743930139989844,0.05397348728659526,-0.03139502108274231,0.18018104908071111,True
2000,0.0,22,dml_mult_boot,0.0743930139989844,0.053412447143789475,-0.027054684357159596,0.17500030750576448,True
2000,0.0,22,dml_pairs_boot,0.0743930139989844,0.041559234185573786,-0.0028480317089573546,0.14442282519403976,True
2000,0.0,23,dml_if,0.07163079133031108,0.053755694397925845,-0.03373036968962358,0.17699195235024573,True
2000,0.0,23,dml_mult_boot,0.07163079133031108,0.055190740500678015,-0.031115010769515544,0.17611434315103208,True
2000,0.0,23,dml_pairs_boot,0.07163079133031108,0.057292283803520964,-0.029305937011536935,0.15857485460913232,True
2000,0.0,24,dml_if,0.10636398982820017,0.052322231768963806,0.00381241556103111,0.2089155640953692,False
2000,0.0,24,dml_mult_boot,0.10636398982820017,0.0504366044339245,0.006737561854970813,0.20547398905126094,False
2000,0.0,24,dml_pairs_boot,0.10636398982820017,0.04614955899083795,0.0016519334876454207,0.18245681504047362,False
2000,0.0,25,dml_if,0.05150981314729651,0.05029423829697687,-0.047066893914778155,0.1500865202093712,True
2000,0.0,25,dml_mult_boot,0.05150981314729651,0.05158068425395073,-0.055520308584141004,0.14757472654652282,True
2000,0.0,25,dml_pairs_boot,0.05150981314729651,0.050766060296683055,-0.03509065618477661,0.14322537047454426,True
2000,0.0,26,dml_if,0.05790946245207798,0.05641497846229622,-0.052663895334022603,0.16848282023817857,True
2000,0.0,26,dml_mult_boot,0.05790946245207798,0.0558482860668137,-0.04855634141410095,0.1736446168275109,True
2000,0.0,26,dml_pairs_boot,0.05790946245207798,0.054727837781739994,-0.056686987259889986,0.13377262962328612,True
2000,0.0,27,dml_if,0.09456248375530517,0.0583286118143279,-0.019761595400777515,0.20888656291138785,True
2000,0.0,27,dml_mult_boot,0.09456248375530517,0.05857569959858979,-0.027069400890086626,0.20184030914994952,True
2000,0.0,27,dml_pairs_boot,0.09456248375530517,0.06538917310581631,-0.03688394354037941,0.2146784408788098,True
2000,0.0,28,dml_if,0.1205834104035817,0.055765889000151246,0.011282267963285256,0.22988455284387815,False
2000,0.0,28,dml_mult_boot,0.1205834104035817,0.05634411480866679,0.01582579847582444,0.22697234963769708,False
2000,0.0,28,dml_pairs_boot,0.1205834104035817,0.05721300437833339,0.008948435198420132,0.21594414016715746,False
2000,0.0,29,dml_if,0.09312773678328973,0.05072450313091599,-0.0062922893533056135,0.19254776291988507,True
2000,0.0,29,dml_mult_boot,0.09312773678328973,0.05155850874823156,-0.000718104153626928,0.1932438162710736,True
2000,0.0,29,dml_pairs_boot,0.09312773678328973,0.052499065901577546,-0.01141896575251546,0.17020931474440779,True
2000,0.0,30,dml_if,0.03334039621538116,0.05586347872973203,-0.07615202209489363,0.14283281452565594,True
2000,0.0,30,dml_mult_boot,0.03334039621538116,0.05468037739203962,-0.0672345714366131,0.14424811228129913,True
2000,0.0,30,dml_pairs_boot,0.03334039621538116,0.054258224245268404,-0.08908513369189004,0.1320887215847139,True
2000,0.0,31,dml_if,0.09400174306168836,0.062184100747715534,-0.027879094403834084,0.21588258052721082,True
2000,0.0,31,dml_mult_boot,0.09400174306168836,0.06298247169665036,-0.027123179249419208,0.21018973806232538,True
2000,0.0,31,dml_pairs_boot,0.09400174306168836,0.06152620684294097,-0.0008886894965969574,0.21661749268909508,True
2000,0.0,32,dml_if,0.013286684790542232,0.056792699237234415,-0.09802700571443722,0.12460037529552169,True
2000,0.0,32,dml_mult_boot,0.013286684790542232,0.05876884082498616,-0.10454732987955212,0.1285000699187507,True
2000,0.0,32,dml_pairs_boot,0.013286684790542232,0.051251576209009636,-0.06302277034145785,0.12190271835683046,True
2000,0.0,33,dml_if,0.14389161256310667,0.049386280072027784,0.047094503621932224,0.2406887215042811,False
2000,0.0,33,dml_mult_boot,0.14389161256310667,0.04938547103513057,0.051837470002821136,0.2449962876478034,False
2000,0.0,33,dml_pairs_boot,0.14389161256310667,0.06410183244070525,0.044538542322984744,0.28390341188669915,False
2000,0.0,34,dml_if,0.006044055690058741,0.054613041720012676,-0.1009975060811661,0.11308561746128358,True
2000,0.0,34,dml_mult_boot,0.006044055690058741,0.05173892840966127,-0.09201083348119991,0.11168316042557355,True
2000,0.0,34,dml_pairs_boot,0.006044055690058741,0.04632672442560547,-0.08711923286548913,0.09439999543609591,True
2000,0.0,35,dml_if,-0.019777757906843732,0.059130853552760564,-0.13567423087025443,0.09611871505656697,True
2000,0.0,35,dml_mult_boot,-0.019777757906843732,0.05575559609782888,-0.1237592153421108,0.08612746400113619,True
2000,0.0,35,dml_pairs_boot,-0.019777757906843732,0.05086078482764154,-0.10894845808245031,0.08425066986383119,True
2000,0.0,36,dml_if,0.11442054238968638,0.050638392085071995,0.015169293902945274,0.2136717908764275,False
2000,0.0,36,dml_mult_boot,0.11442054238968638,0.05097197072096844,0.012917692721185422,0.21107070505826822,False
2000,0.0,36,dml_pairs_boot,0.11442054238968638,0.04762677651623172,0.03310264240061666,0.21485775083548675,False
2000,0.0,37,dml_if,0.09491744544680716,0.0557062433977952,-0.014266791612871435,0.20410168250648575,True
2000,0.0,37,dml_mult_boot,0.09491744544680716,0.05509964705392869,-0.002940762100651963,0.21277525423643545,True
2000,0.0,37,dml_pairs_boot,0.09491744544680716,0.05376445248117655,0.0037783074123756873,0.18938232943401037,False
2000,0.0,38,dml_if,0.08585747240294837,0.05035188282191766,-0.012832217928010231,0.18454716273390698,True
2000,0.0,38,dml_mult_boot,0.08585747240294837,0.05029418859444716,-0.0019538761520798984,0.18981397195557909,True
2000,0.0,38,dml_pairs_boot,0.08585747240294837,0.051068438627853346,-0.014233058884480825,0.17261133557778247,True
2000,0.0,39,dml_if,0.029949496728120577,0.056476561970007916,-0.08074456473309494,0.14064355818933608,True
2000,0.0,39,dml_mult_boot,0.029949496728120577,0.05442478102939595,-0.07092784090973583,0.1293578570036199,True
2000,0.0,39,dml_pairs_boot,0.029949496728120577,0.0538168043477815,-0.06082585559576753,0.14659247835020273,True
2000,0.0,40,dml_if,0.07096141733499778,0.05546152630107201,-0.037743174215103356,0.17966600888509893,True
2000,0.0,40,dml_mult_boot,0.07096141733499778,0.056631001169840066,-0.039327765965546574,0.1814989112762386,True
2000,0.0,40,dml_pairs_boot,0.07096141733499778,0.05478287094225195,-0.009581023330157586,0.18764678901395823,True
2000,0.0,41,dml_if,0.1625571660900834,0.056112629043070544,0.05257641316566512,0.27253791901450164,False
2000,0.0,41,dml_mult_boot,0.1625571660900834,0.054963383401994845,0.06492892898604828,0.2744662994483805,False
2000,0.0,41,dml_pairs_boot,0.1625571660900834,0.05281405579400738,0.08042603933742416,0.23964069252894793,False
2000,0.0,42,dml_if,0.08210090157791557,0.052510614567238566,-0.020819902973872026,0.18502170612970315,True
2000,0.0,42,dml_mult_boot,0.08210090157791557,0.05311274710768489,-0.02263846946240224,0.19219317811016956,True
2000,0.0,42,dml_pairs_boot,0.08210090157791557,0.05886521307898575,-0.053789539911833745,0.1813622434139695,True
2000,0.0,43,dml_if,0.10888615096871064,0.04973288331975892,0.011409699661983158,0.20636260227543812,False
2000,0.0,43,dml_mult_boot,0.10888615096871064,0.04734763434057689,0.017037915759844185,0.2033722489040427,False
2000,0.0,43,dml_pairs_boot,0.10888615096871064,0.04627060978595268,-0.014568758778643736,0.1530241730551163,True
2000,0.0,44,dml_if,0.05713450956028559,0.06070599675709667,-0.061849244083623876,0.17611826320419505,True
2000,0.0,44,dml_mult_boot,0.05713450956028559,0.060259560036021426,-0.05965653901036497,0.17567167225279423,True
2000,0.0,44,dml_pairs_boot,0.05713450956028559,0.05373540360582588,-0.04151831044220403,0.15402639303421561,True
2000,0.0,45,dml_if,0.1292830358823357,0.04778904493443091,0.035616507810851114,0.22294956395382026,False
2000,0.0,45,dml_mult_boot,0.1292830358823357,0.0470616334518549,0.03712477450388513,0.21830697404447766,False
2000,0.0,45,dml_pairs_boot,0.1292830358823357,0.0418201367642917,0.06240877196863704,0.19696354201361288,False
2000,0.0,46,dml_if,0.0765460559456919,0.05696548684893409,-0.035106298278218914,0.1881984101696027,True
2000,0.0,46,dml_mult_boot,0.0765460559456919,0.05823318130559628,-0.038413605918310216,0.18565997595996708,True
2000,0.0,46,dml_pairs_boot,0.0765460559456919,0.0634963794160577,-0.07679378426666358,0.16310451904805054,True
2000,0.0,47,dml_if,0.15720863705445318,0.05804951914361725,0.043431579532963366,0.270985694575943,False
2000,0.0,47,dml_mult_boot,0.15720863705445318,0.05809559349580006,0.04543165310827551,0.26921076793469306,False
2000,0.0,47,dml_pairs_boot,0.15720863705445318,0.06313441479397965,0.04623357284798363,0.2826894726976436,False
2000,0.0,48,dml_if,0.1056890532705462,0.0575393313997359,-0.007088036272936166,0.21846614281402857,True
2000,0.0,48,dml_mult_boot,0.1056890532705462,0.056962951427480965,-0.0003979490118660473,0.2132814742497566,True
2000,0.0,48,dml_pairs_boot,0.1056890532705462,0.05392811105737171,-0.010532222161631044,0.19540733380687925,True
2000,0.0,49,dml_if,0.013884278524447544,0.060515921909189856,-0.10472692841756458,0.13249548546645967,True
2000,0.0,49,dml_mult_boot,0.013884278524447544,0.06014370201273834,-0.10652426958615992,0.1399647258004093,True
2000,0.0,49,dml_pairs_boot,0.013884278524447544,0.055656642134743375,-0.055919654677614526,0.12564636430553627,True
2000,0.0,50,dml_if,-0.07698941784139761,0.055806779218231205,-0.18637070510913079,0.032391869426335554,True
2000,0.0,50,dml_mult_boot,-0.07698941784139761,0.052793617284615776,-0.18010274525980208,0.027164811341279963,True
2000,0.0,50,dml_pairs_boot,-0.07698941784139761,0.05593485840602833,-0.18814881729458904,0.02923460838686637,True
2000,0.0,51,dml_if,0.1617940483502104,0.051172041085737696,0.061496847822164524,0.2620912488782563,False
2000,0.0,51,dml_mult_boot,0.1617940483502104,0.049727949509807676,0.06989747064394033,0.25540698657934396,False
2000,0.0,51,dml_pairs_boot,0.1617940483502104,0.06069660629616551,0.05933861761490526,0.27596778016090523,False
2000,0.0,52,dml_if,0.0007048539121978444,0.05710845185857353,-0.11122771173060626,0.11263741955500196,True
2000,0.0,52,dml_mult_boot,0.0007048539121978444,0.055567843454076,-0.10707200771174248,0.1079193173667806,True
2000,0.0,52,dml_pairs_boot,0.0007048539121978444,0.05663359613152248,-0.12432177891101542,0.06211138131017845,True
2000,0.0,53,dml_if,0.006798639618954795,0.04988085637959275,-0.09096783888504699,0.10456511812295659,True
2000,0.0,53,dml_mult_boot,0.006798639618954795,0.05292849516464654,-0.09614536369753031,0.10042823774137646,True
2000,0.0,53,dml_pairs_boot,0.006798639618954795,0.053486708955705994,-0.10603401995981589,0.07573246646774583,True
2000,0.0,54,dml_if,-0.0284283668384931,0.056372236343021166,-0.1389179500708146,0.08206121639382838,True
2000,0.0,54,dml_mult_boot,-0.0284283668384931,0.05829746757068172,-0.13037350371603368,0.09566694999915393,True
2000,0.0,54,dml_pairs_boot,-0.0284283668384931,0.05106886167926168,-0.10237847016343972,0.08062697008632605,True
2000,0.0,55,dml_if,0.13648182665786773,0.058235159085254035,0.022340914850769833,0.25062273846496563,False
2000,0.0,55,dml_mult_boot,0.13648182665786773,0.06065450606224614,0.014842148091776561,0.2564316572378465,False
2000,0.0,55,dml_pairs_boot,0.13648182665786773,0.057107166601659036,0.03513204674003033,0.24691431437200806,False
2000,0.0,56,dml_if,0.14441548449264632,0.05770170559143046,0.03132014153344262,0.25751082745185006,False
2000,0.0,56,dml_mult_boot,0.14441548449264632,0.05904445252995192,0.022541800638058072,0.25645684309257516,False
2000,0.0,56,dml_pairs_boot,0.14441548449264632,0.06560184207573082,0.018311072075803216,0.25528869862214465,False
2000,0.0,57,dml_if,0.031216299834687072,0.05554976366702885,-0.07766123695268948,0.14009383662206362,True
2000,0.0,57,dml_mult_boot,0.031216299834687072,0.05201872636176194,-0.07056142073163385,0.1390533421676181,True
2000,0.0,57,dml_pairs_boot,0.031216299834687072,0.05803691256943667,-0.07077545332506774,0.1399443047923334,True
2000,0.0,58,dml_if,-0.02339234307471512,0.06707598539365615,-0.15486127444628117,0.10807658829685095,True
2000,0.0,58,dml_mult_boot,-0.02339234307471512,0.06361729588055531,-0.13794621771578366,0.1005295854863607,True
2000,0.0,58,dml_pairs_boot,-0.02339234307471512,0.06921000571819946,-0.17316586595207653,0.09935918207372627,True
2000,0.0,59,dml_if,0.044069858810524914,0.05424148844196785,-0.06224345853573207,0.1503831761567819,True
2000,0.0,59,dml_mult_boot,0.044069858810524914,0.053710188400147366,-0.060433808870853443,0.15251747145492628,True
2000,0.0,59,dml_pairs_boot,0.044069858810524914,0.04212333693614431,-0.02588709882783008,0.1383225265872914,True
2000,0.0,60,dml_if,0.1182670730449438,0.053266240953036635,0.013865240776992,0.2226689053128956,False
2000,0.0,60,dml_mult_boot,0.1182670730449438,0.053577647280859675,0.009459057939155137,0.21803478620467875,False
2000,0.0,60,dml_pairs_boot,0.1182670730449438,0.05040110655157506,0.0129348222206617,0.19969098125776524,False
2000,0.0,61,dml_if,0.19884909510046883,0.05283342586594052,0.09529558040322542,0.3024026097977123,False
2000,0.0,61,dml_mult_boot,0.19884909510046883,0.054437063724618685,0.0946924292549213,0.30676885165711953,False
2000,0.0,61,dml_pairs_boot,0.19884909510046883,0.055110441887378715,0.11816803050652049,0.3101584521619146,False
2000,0.0,62,dml_if,0.17419742956976758,0.05053415022181594,0.07515049513500834,0.27324436400452684,False
2000,0.0,62,dml_mult_boot,0.17419742956976758,0.0504567682769539,0.07791360588500859,0.277413734025044,False
2000,0.0,62,dml_pairs_boot,0.17419742956976758,0.04923479002860154,0.0418492325054198,0.2335001036326272,False
2000,0.0,63,dml_if,0.14133710147844966,0.05812040457944528,0.02742110850273692,0.2552530944541624,False
2000,0.0,63,dml_mult_boot,0.14133710147844966,0.0571018458740665,0.02786349374301478,0.2567161004795722,False
2000,0.0,63,dml_pairs_boot,0.14133710147844966,0.05125902707817439,0.04101237942415369,0.22823404629817975,False
2000,0.0,64,dml_if,0.05409445237222924,0.05863225791207856,-0.06082477313544473,0.1690136778799032,True
2000,0.0,64,dml_mult_boot,0.05409445237222924,0.05873767786886155,-0.06092044577577549,0.17155674879220595,True
2000,0.0,64,dml_pairs_boot,0.05409445237222924,0.04791597328641951,-0.03561393121084566,0.13756463805605282,True
2000,0.0,65,dml_if,-0.005832794063804115,0.05611145205580092,-0.11581124009317391,0.10414565196556567,True
2000,0.0,65,dml_mult_boot,-0.005832794063804115,0.05384907386051859,-0.11290508583025433,0.09859850153237333,True
2000,0.0,65,dml_pairs_boot,-0.005832794063804115,0.05742730948367843,-0.1191078238588442,0.12752166052466835,True
2000,0.0,66,dml_if,0.010392601997508034,0.05563494875354041,-0.09865189755943116,0.11943710155444723,True
2000,0.0,66,dml_mult_boot,0.010392601997508034,0.05684409174627672,-0.10852367509231617,0.11924992526102997,True
2000,0.0,66,dml_pairs_boot,0.010392601997508034,0.04783602663612538,-0.07632402628978219,0.11006844506608766,True
2000,0.0,67,dml_if,0.11332675516391728,0.05195397679388862,0.011496960647895585,0.21515654967993897,False
2000,0.0,67,dml_mult_boot,0.11332675516391728,0.05200763366307034,0.018589935644201902,0.21941909727069867,False
2000,0.0,67,dml_pairs_boot,0.11332675516391728,0.05340001998305451,0.011226429463926199,0.18514590936431255,False
2000,0.0,68,dml_if,0.11962221495837566,0.0495699441128841,0.022465124497122818,0.2167793054196285,False
2000,0.0,68,dml_mult_boot,0.11962221495837566,0.0501291562543382,0.03178516094687601,0.2214896492676547,False
2000,0.0,68,dml_pairs_boot,0.11962221495837566,0.047971795850388986,0.03695156929966302,0.21655160338875426,False
2000,0.0,69,dml_if,-0.03175292339750463,0.054158802019893794,-0.13790417535649646,0.0743983285614872,True
2000,0.0,69,dml_mult_boot,-0.03175292339750463,0.05239940765993383,-0.13662857939813786,0.06567652577998928,True
2000,0.0,69,dml_pairs_boot,-0.03175292339750463,0.05889077770007788,-0.15204843109657903,0.07030940536685107,True
2000,0.0,70,dml_if,0.06261901947313628,0.05106242230137872,-0.037463328237566,0.16270136718383854,True
2000,0.0,70,dml_mult_boot,0.06261901947313628,0.04939655845930373,-0.03300886798042322,0.1670244329463847,True
2000,0.0,70,dml_pairs_boot,0.06261901947313628,0.055146501315282044,-0.00793225263667258,0.18249007915151905,True
2000,0.0,71,dml_if,0.1472532593084538,0.050208822990127605,0.04884396624780368,0.2456625523691039,False
2000,0.0,71,dml_mult_boot,0.1472532593084538,0.05206814365035127,0.04545396729103935,0.24920955328423128,False
2000,0.0,71,dml_pairs_boot,0.1472532593084538,0.055768514151590357,0.04165794138703436,0.23857655344691023,False
2000,0.0,72,dml_if,0.02849636317017765,0.05083869989493499,-0.07114748862389493,0.12814021496425024,True
2000,0.0,72,dml_mult_boot,0.02849636317017765,0.051456435261213705,-0.07326987242931439,0.12137798216540355,True
2000,0.0,72,dml_pairs_boot,0.02849636317017765,0.05036238567429848,-0.07146082974051556,0.11719893035221744,True
2000,0.0,73,dml_if,0.1268431859369279,0.06263762818360592,0.004073434697060285,0.2496129371767955,False
2000,0.0,73,dml_mult_boot,0.1268431859369279,0.06422246089001744,0.005570328227385903,0.24602384791427825,False
2000,0.0,73,dml_pairs_boot,0.1268431859369279,0.05622652890684317,0.05091228971408339,0.2589480891309787,False
2000,0.0,74,dml_if,-0.00707701033623514,0.0584401186323872,-0.12161964285571406,0.10746562218324376,True
2000,0.0,74,dml_mult_boot,-0.00707701033623514,0.05841177191782827,-0.11778704038052629,0.1112728020587412,True
2000,0.0,74,dml_pairs_boot,-0.00707701033623514,0.04760711740983409,-0.06465775749092491,0.09312530112691596,True
2000,0.0,75,dml_if,0.0009159216406991106,0.059640041449856074,-0.1159785596010188,0.11781040288241701,True
2000,0.0,75,dml_mult_boot,0.0009159216406991106,0.056587254894606344,-0.10492853423370173,0.11171880888900027,True
2000,0.0,75,dml_pairs_boot,0.0009159216406991106,0.0673428786006311,-0.11926536834566194,0.09980274447504192,True
2000,0.0,76,dml_if,0.12120366217860687,0.05697015051609256,0.009542167167065449,0.23286515719014828,False
2000,0.0,76,dml_mult_boot,0.12120366217860687,0.05588497404036379,0.015547782702904802,0.23499604695266224,False
2000,0.0,76,dml_pairs_boot,0.12120366217860687,0.06318753071560772,-0.005838144382349218,0.23435444043226558,True
2000,0.0,77,dml_if,0.04622581682007402,0.055517053802806395,-0.06258760863342652,0.15503924227357455,True
2000,0.0,77,dml_mult_boot,0.04622581682007402,0.05499315942257392,-0.06194032917292341,0.15047870470333494,True
2000,0.0,77,dml_pairs_boot,0.04622581682007402,0.052694442463705006,-0.04545818579876222,0.15504615829176666,True
2000,0.0,78,dml_if,0.07772294272461301,0.05862436331332782,-0.037180809369509515,0.19262669481873554,True
2000,0.0,78,dml_mult_boot,0.07772294272461301,0.05869140670971875,-0.0352163323226507,0.19583328107757803,True
2000,0.0,78,dml_pairs_boot,0.07772294272461301,0.06172683582556989,-0.043012468038101964,0.1904369659632458,True
2000,0.0,79,dml_if,0.08620502005066974,0.05680391370839658,-0.025130650817787564,0.19754069091912704,True
2000,0.0,79,dml_mult_boot,0.08620502005066974,0.059357663179007925,-0.02640935507534203,0.21087054411035183,True
2000,0.0,79,dml_pairs_boot,0.08620502005066974,0.05997748989894261,-0.04960371091588692,0.2060880691596495,True
2000,0.0,80,dml_if,0.08955341175026621,0.048361891521120345,-0.005235895631129667,0.18434271913166209,True
2000,0.0,80,dml_mult_boot,0.08955341175026621,0.04822723442583234,-0.003245411637509917,0.18563241676368605,True
2000,0.0,80,dml_pairs_boot,0.08955341175026621,0.0578406456580971,-0.011161478696960318,0.21657798391908306,True
2000,0.0,81,dml_if,0.07291032977218763,0.06016758083486897,-0.045018128664155554,0.1908387882085308,True
2000,0.0,81,dml_mult_boot,0.07291032977218763,0.06241204542749382,-0.04723390528953325,0.20522991545420025,True
2000,0.0,81,dml_pairs_boot,0.07291032977218763,0.05752962682367358,-0.014512347628976298,0.16547869139707808,True
2000,0.0,82,dml_if,0.0446768915493303,0.05765609565035261,-0.06832905592536082,0.15768283902402142,True
2000,0.0,82,dml_mult_boot,0.0446768915493303,0.06077182798952735,-0.07570461263550023,0.1595869056786419,True
2000,0.0,82,dml_pairs_boot,0.0446768915493303,0.05095453137602209,-0.062067279366366794,0.12138865524214747,True
2000,0.0,83,dml_if,0.07585017319827224,0.05621135909111595,-0.03432409062031502,0.1860244370168595,True
2000,0.0,83,dml_mult_boot,0.07585017319827224,0.05693776243435197,-0.01957797382129542,0.2025554340230614,True
2000,0.0,83,dml_pairs_boot,0.07585017319827224,0.06445610420271233,-0.04965548899210572,0.18816556787324712,True
2000,0.0,84,dml_if,-0.03797375599016445,0.05729772985115434,-0.15027730649842697,0.07432979451809806,True
2000,0.0,84,dml_mult_boot,-0.03797375599016445,0.05843070900076627,-0.15686611082760077,0.0824709417322939,True
2000,0.0,84,dml_pairs_boot,-0.03797375599016445,0.05756315330086862,-0.12592662055678766,0.06680704511640781,True
2000,0.0,85,dml_if,0.040241222282610005,0.05783988331129983,-0.07312494900753766,0.15360739357275766,True
2000,0.0,85,dml_mult_boot,0.040241222282610005,0.0561165508944828,-0.06909813852347549,0.15846729722899733,True
2000,0.0,85,dml_pairs_boot,0.040241222282610005,0.051668908537953785,-0.049432417076514246,0.14123924682607125,True
2000,0.0,86,dml_if,0.05160595864999715,0.052637278460237615,-0.051563107132068575,0.15477502443206287,True
2000,0.0,86,dml_mult_boot,0.05160595864999715,0.05316456960358691,-0.04785920405488326,0.16107430650810795,True
2000,0.0,86,dml_pairs_boot,0.05160595864999715,0.05098258361163527,-0.03322593681300324,0.16975198430811858,True
2000,0.0,87,dml_if,0.1369592796520618,0.05588590825727191,0.027422899467808876,0.24649565983631475,False
2000,0.0,87,dml_mult_boot,0.1369592796520618,0.058373164400149405,0.030044773188519825,0.24705642214051945,False
2000,0.0,87,dml_pairs_boot,0.1369592796520618,0.054960965256314435,0.021301486657613937,0.2244810630122224,False
2000,0.0,88,dml_if,0.033314811711777734,0.06045280992177711,-0.0851726957349054,0.15180231915846087,True
2000,0.0,88,dml_mult_boot,0.033314811711777734,0.05968386463173341,-0.08771812852540885,0.14556696995998328,True
2000,0.0,88,dml_pairs_boot,0.033314811711777734,0.06150322757117375,-0.10104985526007511,0.12020177448160858,True
2000,0.0,89,dml_if,0.05772148331321169,0.057265516731663066,-0.05451892948084792,0.1699618961072713,True
2000,0.0,89,dml_mult_boot,0.05772148331321169,0.057844270853641695,-0.060416440160601374,0.17058276038583306,True
2000,0.0,89,dml_pairs_boot,0.05772148331321169,0.05522288635428424,-0.018110853471345625,0.18132614477742068,True
2000,0.0,90,dml_if,0.060221851507556094,0.05118305646463074,-0.04009693916312016,0.16054064217823236,True
2000,0.0,90,dml_mult_boot,0.060221851507556094,0.053164808961876725,-0.04552464475584736,0.1698418527091498,True
2000,0.0,90,dml_pairs_boot,0.060221851507556094,0.05750333478061476,-0.04524109964807324,0.18462557275754377,True
2000,0.0,91,dml_if,0.10439999676170478,0.06584956625783193,-0.02466515310364581,0.23346514662705536,True
2000,0.0,91,dml_mult_boot,0.10439999676170478,0.06760517970366332,-0.03707753518826947,0.24371859452688133,True
2000,0.0,91,dml_pairs_boot,0.10439999676170478,0.07014638142290608,-0.0009554205562898738,0.23669930640936507,True
2000,0.0,92,dml_if,0.048317112176282456,0.053927551308385835,-0.05738088838815378,0.1540151127407187,True
2000,0.0,92,dml_mult_boot,0.048317112176282456,0.05289102108596148,-0.04656563754572905,0.15863089923718957,True
2000,0.0,92,dml_pairs_boot,0.048317112176282456,0.04450017710119403,-0.032308156215710815,0.1304745131961024,True
2000,0.0,93,dml_if,-0.030106495141510755,0.05591967955818955,-0.13970906707556227,0.07949607679254075,True
2000,0.0,93,dml_mult_boot,-0.030106495141510755,0.05652228412606716,-0.1387563624660095,0.08276424705927078,True
2000,0.0,93,dml_pairs_boot,-0.030106495141510755,0.042775666986005934,-0.1138582801829677,0.03370098574713677,True
2000,0.0,94,dml_if,0.08720051002283095,0.048289856819991456,-0.007447609344352291,0.1818486293900142,True
2000,0.0,94,dml_mult_boot,0.08720051002283095,0.04970498975984594,-0.0032259788750909437,0.18585778765955277,True
2000,0.0,94,dml_pairs_boot,0.08720051002283095,0.05301935373022915,-0.010436271804196528,0.213209113134641,True
2000,0.0,95,dml_if,-0.02211604184149184,0.05483632200925381,-0.12959523297962933,0.08536314929664564,True
2000,0.0,95,dml_mult_boot,-0.02211604184149184,0.05818740943475849,-0.13591730334193766,0.08947308201197168,True
2000,0.0,95,dml_pairs_boot,-0.02211604184149184,0.0449876741704347,-0.11639317718720045,0.054933832194700626,True
2000,0.0,96,dml_if,0.10707957597195823,0.04890240916087185,0.011230854016649403,0.20292829792726708,False
2000,0.0,96,dml_mult_boot,0.10707957597195823,0.04831774876083427,0.016351296625443473,0.19930390007297372,False
2000,0.0,96,dml_pairs_boot,0.10707957597195823,0.052970405211338834,0.036800929535227636,0.21748759526757971,False
2000,0.0,97,dml_if,0.03827261756981146,0.0583767989090327,-0.07614590829189263,0.15269114343151555,True
2000,0.0,97,dml_mult_boot,0.03827261756981146,0.058306737572095736,-0.07677515578585087,0.1479482716473721,True
2000,0.0,97,dml_pairs_boot,0.03827261756981146,0.05527952066508907,-0.07217358586968402,0.12945484648784053,True
2000,0.0,98,dml_if,0.08825577068544686,0.05503057255174432,-0.019604151515972,0.19611569288686573,True
2000,0.0,98,dml_mult_boot,0.08825577068544686,0.05530233956646342,-0.024836406969263158,0.1967157677397227,True
2000,0.0,98,dml_pairs_boot,0.08825577068544686,0.04063633277551534,0.02363988916990417,0.17226544075231018,False
2000,0.0,99,dml_if,0.07230546680065641,0.051622353479685884,-0.028874346019527916,0.17348527962084076,True
2000,0.0,99,dml_mult_boot,0.07230546680065641,0.04971818657980356,-0.025247447413182123,0.17980186446488786,True
2000,0.0,99,dml_pairs_boot,0.07230546680065641,0.05065903095991072,0.00540482530786238,0.18302310057988677,False
2000,0.0,100,dml_if,0.09071416761983433,0.05362586424451556,-0.014392526299416161,0.19582086153908485,True
2000,0.0,100,dml_mult_boot,0.09071416761983433,0.05026765541483301,-0.01081475088190495,0.18364957802296633,True
2000,0.0,100,dml_pairs_boot,0.09071416761983433,0.06404679666878255,-0.059039205922236576,0.17783469873165417,True
2000,0.0,101,dml_if,0.09308158637483598,0.05185630912975184,-0.008556779519477628,0.19471995226914957,True
2000,0.0,101,dml_mult_boot,0.09308158637483598,0.05456795729701795,-0.018053589176222053,0.1909972730362293,True
2000,0.0,101,dml_pairs_boot,0.09308158637483598,0.06729861373004584,-0.035943693988590465,0.19025744866498748,True
2000,0.0,102,dml_if,0.008431906210255946,0.05675783550864565,-0.10281345138668954,0.11967726380720142,True
2000,0.0,102,dml_mult_boot,0.008431906210255946,0.05810637770253294,-0.10396969767908273,0.11983689168904045,True
2000,0.0,102,dml_pairs_boot,0.008431906210255946,0.0628002413570503,-0.10332662895483707,0.13706590001225735,True
2000,0.0,103,dml_if,0.04267058846421438,0.05812783235694036,-0.07125996295538872,0.15660113988381746,True
2000,0.0,103,dml_mult_boot,0.04267058846421438,0.058503623774017396,-0.07521893110117711,0.15954647239348044,True
2000,0.0,103,dml_pairs_boot,0.04267058846421438,0.06600783559659416,-0.10262788937300801,0.15511288278601684,True
2000,0.0,104,dml_if,0.08838876156720539,0.062128597790291465,-0.03338329010176588,0.21016081323617666,True
2000,0.0,104,dml_mult_boot,0.08838876156720539,0.06532280131016603,-0.03918706790506465,0.20700176985641935,True
2000,0.0,104,dml_pairs_boot,0.08838876156720539,0.06236384055587395,-0.002021656582823379,0.20186999774893152,True
2000,0.0,105,dml_if,0.2303464562267249,0.0578110935852303,0.11703671279967351,0.34365619965377625,False
2000,0.0,105,dml_mult_boot,0.2303464562267249,0.05729246872812365,0.11833350289564018,0.3372384111020668,False
2000,0.0,105,dml_pairs_boot,0.2303464562267249,0.05616236055371634,0.13120767902041144,0.3398258369606593,False
2000,0.0,106,dml_if,-0.040622890706446244,0.050859307880557564,-0.14030713415233909,0.059061352739446585,True
2000,0.0,106,dml_mult_boot,-0.040622890706446244,0.04905464477965456,-0.12587464825312933,0.06444261971498151,True
2000,0.0,106,dml_pairs_boot,-0.040622890706446244,0.05638772003325255,-0.13088261236548565,0.08754839993443107,True
2000,0.0,107,dml_if,0.03511992053122602,0.060203285180431096,-0.08287851842241893,0.15311835948487096,True
2000,0.0,107,dml_mult_boot,0.03511992053122602,0.059399557371852325,-0.0783106021283742,0.14590189484957938,True
2000,0.0,107,dml_pairs_boot,0.03511992053122602,0.061373110026332216,-0.06796613903861154,0.14503351914120693,True
2000,0.0,108,dml_if,0.08133656166797588,0.0546475026363658,-0.02577254349930108,0.18844566683525285,True
2000,0.0,108,dml_mult_boot,0.08133656166797588,0.0537276684216547,-0.02701087534747522,0.1785539003339646,True
2000,0.0,108,dml_pairs_boot,0.08133656166797588,0.050320142664170515,-0.03686516388405153,0.1693055937818059,True
2000,0.0,109,dml_if,-0.0013605646085149026,0.05357183616784396,-0.10636136349748905,0.10364023428045925,True
2000,0.0,109,dml_mult_boot,-0.0013605646085149026,0.05615873496183703,-0.10872728312972604,0.09867170750203917,True
2000,0.0,109,dml_pairs_boot,-0.0013605646085149026,0.063741356853214,-0.1310539813323225,0.10375137911007754,True
2000,0.0,110,dml_if,0.049843912721526794,0.055229497164716944,-0.05840590172131841,0.158093727164372,True
2000,0.0,110,dml_mult_boot,0.049843912721526794,0.05730797891086871,-0.06769999137253967,0.15744601334332628,True
2000,0.0,110,dml_pairs_boot,0.049843912721526794,0.0536239411945463,-0.02717796535156592,0.15414853340668502,True
2000,0.0,111,dml_if,0.03169112529306246,0.0495758381749444,-0.06547751752982858,0.12885976811595348,True
2000,0.0,111,dml_mult_boot,0.03169112529306246,0.05046969953404304,-0.07478060422849359,0.1323579061357484,True
2000,0.0,111,dml_pairs_boot,0.03169112529306246,0.04714998082235692,-0.03625889035435821,0.12795362771507954,True
2000,0.0,112,dml_if,0.1293303350560335,0.055250993163561864,0.02103838845545225,0.23762228165661475,False
2000,0.0,112,dml_mult_boot,0.1293303350560335,0.05692238194369894,0.024933429314127686,0.24146736772898744,False
2000,0.0,112,dml_pairs_boot,0.1293303350560335,0.05604070605871456,0.01660848218757178,0.22266135137873833,False
2000,0.0,113,dml_if,-0.012626688494209158,0.05799975007056482,-0.12630619863251621,0.10105282164409789,True
2000,0.0,113,dml_mult_boot,-0.012626688494209158,0.05545204925402717,-0.1241219782795453,0.09177185957631442,True
2000,0.0,113,dml_pairs_boot,-0.012626688494209158,0.06015551560081776,-0.16263164606864863,0.0717773253115018,True
2000,0.0,114,dml_if,0.0806012273160192,0.0613507414212398,-0.03964622586961081,0.2008486805016492,True
2000,0.0,114,dml_mult_boot,0.0806012273160192,0.06401693618284388,-0.03909428909706363,0.2086065542721706,True
2000,0.0,114,dml_pairs_boot,0.0806012273160192,0.054144103430762584,-0.006852583519886725,0.1746080844866092,True
2000,0.0,115,dml_if,0.16291182786233716,0.053190023564266636,0.05865938167637455,0.2671642740482998,False
2000,0.0,115,dml_mult_boot,0.16291182786233716,0.05081706916150878,0.06381133319592852,0.25022197826502846,False
2000,0.0,115,dml_pairs_boot,0.16291182786233716,0.05479169760289385,0.04893326691076402,0.24847696899473729,False
2000,0.0,116,dml_if,0.08259436420140277,0.05793990218382822,-0.030967844078900533,0.1961565724817061,True
2000,0.0,116,dml_mult_boot,0.08259436420140277,0.05477201237126899,-0.015540061034446856,0.19104442155949666,True
2000,0.0,116,dml_pairs_boot,0.08259436420140277,0.05121071276141707,-0.041412731188425686,0.15161041088810925,True
2000,0.0,117,dml_if,0.0931536715569394,0.04848115224907081,-0.0018693868512393852,0.1881767299651182,True
2000,0.0,117,dml_mult_boot,0.0931536715569394,0.051198274013504984,-0.0033753902193169706,0.20175692013258284,True
2000,0.0,117,dml_pairs_boot,0.0931536715569394,0.057465657000826946,0.012343269000877559,0.21056305982656423,False
2000,0.0,118,dml_if,0.10615503098701026,0.05251405621649601,0.0032274808026780816,0.20908258117134243,False
2000,0.0,118,dml_mult_boot,0.10615503098701026,0.05439140690138442,0.003117790614490667,0.21759706756520777,False
2000,0.0,118,dml_pairs_boot,0.10615503098701026,0.05217747217826801,0.011513298504916192,0.20553293148388874,False
2000,0.0,119,dml_if,0.056675320495717996,0.05901603441000279,-0.05899610694788747,0.17234674793932347,True
2000,0.0,119,dml_mult_boot,0.056675320495717996,0.059225656182922914,-0.056216103472901374,0.1661554192933449,True
2000,0.0,119,dml_pairs_boot,0.056675320495717996,0.05089418464865411,-0.02979650115603921,0.16386279862083325,True
2000,0.0,120,dml_if,0.07764161173273379,0.05723802960956297,-0.03454492630200963,0.1898281497674772,True
2000,0.0,120,dml_mult_boot,0.07764161173273379,0.05480204290165187,-0.027675212293214846,0.18225073318583096,True
2000,0.0,120,dml_pairs_boot,0.07764161173273379,0.05808883416874961,-0.0495476453163792,0.1870091071789003,True
2000,0.0,121,dml_if,0.06748841521874165,0.05721552833746499,-0.044654020322689725,0.17963085076017302,True
2000,0.0,121,dml_mult_boot,0.06748841521874165,0.05946461652484482,-0.055389532407698186,0.1807233067894909,True
2000,0.0,121,dml_pairs_boot,0.06748841521874165,0.04546316877602338,0.01626175028756214,0.17960653493348933,False
2000,0.0,122,dml_if,0.06372159956042259,0.055085988020247716,-0.044246936959262934,0.1716901360801081,True
2000,0.0,122,dml_mult_boot,0.06372159956042259,0.05540007547563645,-0.04174919296363645,0.17227032627872102,True
2000,0.0,122,dml_pairs_boot,0.06372159956042259,0.056662715300562376,-0.022733865579048197,0.17302151681908554,True
2000,0.0,123,dml_if,0.15581152077895552,0.04941407715008795,0.058959929564783145,0.2526631119931279,False
2000,0.0,123,dml_mult_boot,0.15581152077895552,0.04979237594810808,0.05263477041606383,0.25436147890763333,False
2000,0.0,123,dml_pairs_boot,0.15581152077895552,0.04689941646084953,0.07461889410370467,0.23803380562553492,False
2000,0.0,124,dml_if,0.0314296330504492,0.061370842021219466,-0.08885721731114095,0.15171648341203936,True
2000,0.0,124,dml_mult_boot,0.0314296330504492,0.06279510904730297,-0.09140839525920343,0.16473099888541443,True
2000,0.0,124,dml_pairs_boot,0.0314296330504492,0.054087466717031255,-0.07920790090722422,0.10346263684416179,True
2000,0.0,125,dml_if,0.022923983598341274,0.06278010758402544,-0.10012502726634859,0.14597299446303114,True
2000,0.0,125,dml_mult_boot,0.022923983598341274,0.060397457490173695,-0.10112492848620147,0.14201073159377953,True
2000,0.0,125,dml_pairs_boot,0.022923983598341274,0.06365292078248327,-0.08287776662075934,0.157336634266055,True
2000,0.0,126,dml_if,0.08194654157346075,0.05034827859752776,-0.01673608447769366,0.18062916762461517,True
2000,0.0,126,dml_mult_boot,0.08194654157346075,0.049607692722112635,-0.009899240160188625,0.18266013618197485,True
2000,0.0,126,dml_pairs_boot,0.08194654157346075,0.043271851466652654,0.01252218710917068,0.17528723262294418,False
2000,0.0,127,dml_if,0.11058040135574664,0.06738370792710037,-0.021491666181370092,0.24265246889286335,True
2000,0.0,127,dml_mult_boot,0.11058040135574664,0.06611977478184045,-0.02394255656903673,0.23665390547190662,True
2000,0.0,127,dml_pairs_boot,0.11058040135574664,0.05672928767786705,0.00034547764770783427,0.2021546406519748,False
2000,0.0,128,dml_if,0.033101928120462205,0.056822047821984,-0.07826928561062643,0.14447314185155086,True
2000,0.0,128,dml_mult_boot,0.033101928120462205,0.0596358236985173,-0.08848514702045632,0.15430073970280517,True
2000,0.0,128,dml_pairs_boot,0.033101928120462205,0.055646949997228225,-0.06476705000495035,0.14240535142024227,True
2000,0.0,129,dml_if,0.02626194121130422,0.05440419807391136,-0.08037028701356204,0.1328941694361705,True
2000,0.0,129,dml_mult_boot,0.02626194121130422,0.05528485869570784,-0.08486867322612617,0.12994242950711252,True
2000,0.0,129,dml_pairs_boot,0.02626194121130422,0.05685554939925322,-0.04348197027855004,0.15994880063279152,True
2000,0.0,130,dml_if,0.09910119809000349,0.06307004927802784,-0.02451609849493107,0.22271849467493804,True
2000,0.0,130,dml_mult_boot,0.09910119809000349,0.06456341809238796,-0.02724970745042645,0.22616613480117126,True
2000,0.0,130,dml_pairs_boot,0.09910119809000349,0.0649477446866941,0.0014273025569183006,0.22184920117591866,False
2000,0.0,131,dml_if,0.03896980105643488,0.05501136848052887,-0.0688524811654017,0.14679208327827148,True
2000,0.0,131,dml_mult_boot,0.03896980105643488,0.05354832190715098,-0.06674412212348331,0.1447534474637659,True
2000,0.0,131,dml_pairs_boot,0.03896980105643488,0.05793028678153558,-0.058905657953937436,0.15524680459571588,True
2000,0.0,132,dml_if,0.06947749122236484,0.05911194167172205,-0.046381914454210374,0.18533689689894006,True
2000,0.0,132,dml_mult_boot,0.06947749122236484,0.0586784173960621,-0.04133499334811804,0.18920586802755737,True
2000,0.0,132,dml_pairs_boot,0.06947749122236484,0.061125295702354344,-0.027848974852157767,0.19242418320119448,True
2000,0.0,133,dml_if,0.0708259987613991,0.05074761340775809,-0.02863932351780675,0.17029132104060496,True
2000,0.0,133,dml_mult_boot,0.0708259987613991,0.05140459435036765,-0.026980231798469,0.1736900373448682,True
2000,0.0,133,dml_pairs_boot,0.0708259987613991,0.048516894050827895,-0.0003549438461696499,0.1703023310938687,True
2000,0.0,134,dml_if,0.17476409515899194,0.0488825344705589,0.07895432759669649,0.27057386272128736,False
2000,0.0,134,dml_mult_boot,0.17476409515899194,0.04872828889159443,0.08137634135462271,0.2678127959038924,False
2000,0.0,134,dml_pairs_boot,0.17476409515899194,0.05056723559011497,0.05215414227711246,0.24257356503816832,False
2000,0.0,135,dml_if,0.08528328473819065,0.047600351713132996,-0.008013404619550024,0.17857997409593132,True
2000,0.0,135,dml_mult_boot,0.08528328473819065,0.04583937973492827,-0.003667266281298983,0.1765981207920456,True
2000,0.0,135,dml_pairs_boot,0.08528328473819065,0.04859486975484542,-0.00032580555827056875,0.17120448048204173,True
2000,0.0,136,dml_if,0.08446472329623435,0.05122927991800636,-0.01594466534305812,0.18487411193552683,True
2000,0.0,136,dml_mult_boot,0.08446472329623435,0.053230020173824034,-0.02055154040654157,0.19417359291381864,True
2000,0.0,136,dml_pairs_boot,0.08446472329623435,0.048375298645752615,0.030319006671367898,0.19032030805279943,False
2000,0.0,137,dml_if,0.17412928877648975,0.056047591431255206,0.06427600957122956,0.2839825679817499,False
2000,0.0,137,dml_mult_boot,0.17412928877648975,0.05546780918474118,0.07133364723691592,0.28167232156338845,False
2000,0.0,137,dml_pairs_boot,0.17412928877648975,0.05641600983681816,0.10340104148068804,0.2961964173502719,False
2000,0.0,138,dml_if,0.11096047773849745,0.04884597905685473,0.015222358787062185,0.2066985966899327,False
2000,0.0,138,dml_mult_boot,0.11096047773849745,0.04954529463935856,0.020124543387250587,0.2131763404023475,False
2000,0.0,138,dml_pairs_boot,0.11096047773849745,0.04836089314440938,-0.004572065435012099,0.19997185387988586,True
2000,0.0,139,dml_if,0.04896125139435917,0.0555286333357695,-0.05987486994374906,0.1577973727324674,True
2000,0.0,139,dml_mult_boot,0.04896125139435917,0.056741340142504676,-0.0737342847351629,0.15598949135890747,True
2000,0.0,139,dml_pairs_boot,0.04896125139435917,0.056404898710024104,-0.03617660929858371,0.18650095230194993,True
2000,0.0,140,dml_if,0.14965918728014352,0.05690003089801089,0.03813512672004217,0.2611832478402449,False
2000,0.0,140,dml_mult_boot,0.14965918728014352,0.05708605447863836,0.03594609224560862,0.2538718455701884,False
2000,0.0,140,dml_pairs_boot,0.14965918728014352,0.06108634730800432,0.049231762059403134,0.31024123284621913,False
2000,0.0,141,dml_if,0.17065586378391231,0.056500383605293164,0.05991511191753772,0.2813966156502869,False
2000,0.0,141,dml_mult_boot,0.17065586378391231,0.05474315358324755,0.06026077012599828,0.2712644354037128,False
2000,0.0,141,dml_pairs_boot,0.17065586378391231,0.062434594004192774,0.07496408105824372,0.3009832992449626,False
2000,0.0,142,dml_if,0.06964118062493552,0.05316589065240498,-0.034563965053778234,0.17384632630364927,True
2000,0.0,142,dml_mult_boot,0.06964118062493552,0.05431371578155038,-0.041092433821365126,0.17357072757728303,True
2000,0.0,142,dml_pairs_boot,0.06964118062493552,0.0419363908709363,0.003008233144175249,0.16684668070468714,False
2000,0.0,143,dml_if,-0.020601903422694464,0.057278938632062924,-0.1328686231415378,0.09166481629614887,True
2000,0.0,143,dml_mult_boot,-0.020601903422694464,0.05763437573834983,-0.12665744650876648,0.09231379443825062,True
2000,0.0,143,dml_pairs_boot,-0.020601903422694464,0.047612809993599396,-0.11420515605986914,0.0577449628680753,True
2000,0.0,144,dml_if,0.06987207823474453,0.05547525795729311,-0.03885942736154997,0.17860358383103903,True
2000,0.0,144,dml_mult_boot,0.06987207823474453,0.05233144948293229,-0.028290359531624207,0.17166539129999195,True
2000,0.0,144,dml_pairs_boot,0.06987207823474453,0.05353832494317911,-0.04156308050115015,0.16976750527183232,True
2000,0.0,145,dml_if,0.1122287703333981,0.05617987931814049,0.002116206869842749,0.22234133379695348,False
2000,0.0,145,dml_mult_boot,0.1122287703333981,0.05584519437945168,0.003944732519867356,0.2162477465949024,False
2000,0.0,145,dml_pairs_boot,0.1122287703333981,0.051608157148538954,0.03352236299820643,0.20632098988884887,False
2000,0.0,146,dml_if,0.10971125464986696,0.05228963751794898,0.007223565114686956,0.21219894418504698,False
2000,0.0,146,dml_mult_boot,0.10971125464986696,0.051810283640564087,0.008891585475738161,0.20284499344629278,False
2000,0.0,146,dml_pairs_boot,0.10971125464986696,0.05254880758168485,0.02538715557258444,0.19550203450247755,False
2000,0.0,147,dml_if,0.07128847097458495,0.05751619283430204,-0.04144326698064704,0.18402020892981694,True
2000,0.0,147,dml_mult_boot,0.07128847097458495,0.05674961652104623,-0.03241752981673679,0.18539385182183263,True
2000,0.0,147,dml_pairs_boot,0.07128847097458495,0.06395357908368789,-0.02938095850775187,0.19400163826502234,True
2000,0.0,148,dml_if,-0.02673495983463799,0.06137560495278974,-0.1470311455421059,0.0935612258728299,True
2000,0.0,148,dml_mult_boot,-0.02673495983463799,0.059406448295417025,-0.13061916332020823,0.10564476548295959,True
2000,0.0,148,dml_pairs_boot,-0.02673495983463799,0.06486646143986914,-0.14773595525261496,0.11349140634581545,True
2000,0.0,149,dml_if,0.006532739812984708,0.05831479286584967,-0.10776425420408065,0.12082973383005005,True
2000,0.0,149,dml_mult_boot,0.006532739812984708,0.05784086655819553,-0.10158977781739602,0.12265199652279424,True
2000,0.0,149,dml_pairs_boot,0.006532739812984708,0.06444937987079179,-0.13804499086946584,0.11266047101208987,True
2000,0.0,150,dml_if,0.06830427676559,0.0504645406233029,-0.03060622285608368,0.16721477638726367,True
2000,0.0,150,dml_mult_boot,0.06830427676559,0.051182802393936536,-0.03213634363001567,0.16867813029142603,True
2000,0.0,150,dml_pairs_boot,0.06830427676559,0.057632726046996284,-0.0383361360086819,0.18339847308423018,True
2000,0.0,151,dml_if,0.04849620827903498,0.0558931086564412,-0.061054284687589756,0.15804670124565973,True
2000,0.0,151,dml_mult_boot,0.04849620827903498,0.05608065646725473,-0.05528480924945285,0.15942039136573055,True
2000,0.0,151,dml_pairs_boot,0.04849620827903498,0.04761022918686597,-0.017151712819116406,0.1442822307318108,True
2000,0.0,152,dml_if,0.03039538778383341,0.05843968484842167,-0.08414639451907306,0.1449371700867399,True
2000,0.0,152,dml_mult_boot,0.03039538778383341,0.05532656296700541,-0.07564337550050684,0.14635310007696986,True
2000,0.0,152,dml_pairs_boot,0.03039538778383341,0.059883424177892254,-0.08775494462871662,0.11422950953644305,True
2000,0.0,153,dml_if,0.11034566559410808,0.05452284037971196,0.0034808984498726353,0.2172104327383435,False
2000,0.0,153,dml_mult_boot,0.11034566559410808,0.056254187516122135,0.005730989238295736,0.22517277323254475,False
2000,0.0,153,dml_pairs_boot,0.11034566559410808,0.04495088226688866,0.028537207935044422,0.19735920636924098,False
2000,0.0,154,dml_if,0.0806466553297368,0.04910214361653935,-0.015593546158680319,0.17688685681815391,True
2000,0.0,154,dml_mult_boot,0.0806466553297368,0.05180862398396261,-0.016378424908114052,0.18364413709656016,True
2000,0.0,154,dml_pairs_boot,0.0806466553297368,0.051058966255334064,-0.01436119855914154,0.18726682466356898,True
2000,0.0,155,dml_if,0.0799452945876686,0.055633061515356116,-0.029095505982429395,0.1889860951577666,True
2000,0.0,155,dml_mult_boot,0.0799452945876686,0.05432185293790492,-0.0344012364406019,0.184740536836227,True
2000,0.0,155,dml_pairs_boot,0.0799452945876686,0.04579406865574168,0.006804019218811761,0.1565278374259187,False
2000,0.0,156,dml_if,0.12039178060572303,0.05431615330725521,0.013932120123502811,0.22685144108794325,False
2000,0.0,156,dml_mult_boot,0.12039178060572303,0.05563813323612078,0.019837053470469768,0.2276225672859653,False
2000,0.0,156,dml_pairs_boot,0.12039178060572303,0.04995910765788734,0.010062967903362125,0.1940744293124425,False
2000,0.0,157,dml_if,0.018775843608819853,0.06044808613867877,-0.09970240522299052,0.13725409244063022,True
2000,0.0,157,dml_mult_boot,0.018775843608819853,0.05933251896323251,-0.09150593832416505,0.13728487682248,True
2000,0.0,157,dml_pairs_boot,0.018775843608819853,0.05003762361472371,-0.06544157470142174,0.14033062401312824,True
2000,0.0,158,dml_if,0.019594297839984304,0.056152703939074684,-0.09046500188060208,0.12965359756057068,True
2000,0.0,158,dml_mult_boot,0.019594297839984304,0.0558241892086552,-0.08151624972695247,0.13638575628427987,True
2000,0.0,158,dml_pairs_boot,0.019594297839984304,0.04569043095479014,-0.06459636637495328,0.10172882058001345,True
2000,0.0,159,dml_if,0.045025844803749486,0.05815694816569629,-0.06896177360101524,0.1590134632085142,True
2000,0.0,159,dml_mult_boot,0.045025844803749486,0.05578892958940893,-0.06164874706590184,0.15496994491592572,True
2000,0.0,159,dml_pairs_boot,0.045025844803749486,0.052304998696082516,-0.017872941324567,0.14532364479656312,True
2000,0.0,160,dml_if,0.14545298663402648,0.050667669473556345,0.04614435446585605,0.2447616188021969,False
2000,0.0,160,dml_mult_boot,0.14545298663402648,0.05215131436008763,0.04779306777851371,0.245295499993828,False
2000,0.0,160,dml_pairs_boot,0.14545298663402648,0.058982878889745086,0.06255930108326344,0.24786724871966706,False
2000,0.0,161,dml_if,0.0769439078634856,0.050031369123956025,-0.021117575619468212,0.1750053913464394,True
2000,0.0,161,dml_mult_boot,0.0769439078634856,0.052485578588016786,-0.028861306199200867,0.16845255936791514,True
2000,0.0,161,dml_pairs_boot,0.0769439078634856,0.051566113014759815,-0.020129587742005538,0.17958937567819655,True
2000,0.0,162,dml_if,0.16235417386429044,0.04832691849850342,0.06763341360722373,0.2570749341213571,False
2000,0.0,162,dml_mult_boot,0.16235417386429044,0.046778858079694036,0.07356969282748481,0.2553022562081718,False
2000,0.0,162,dml_pairs_boot,0.16235417386429044,0.054435118910982905,0.06242275786816778,0.24656720218081543,False
2000,0.0,163,dml_if,-0.03686419220506755,0.04911484895983678,-0.13312929616634764,0.05940091175621254,True
2000,0.0,163,dml_mult_boot,-0.03686419220506755,0.0472614560167018,-0.12931727461001033,0.05430750546126834,True
2000,0.0,163,dml_pairs_boot,-0.03686419220506755,0.05842313910989601,-0.13686763794694712,0.09596546313309258,True
2000,0.0,164,dml_if,0.06676017608802469,0.04837673835534048,-0.02805823108844266,0.16157858326449204,True
2000,0.0,164,dml_mult_boot,0.06676017608802469,0.0499495155725149,-0.028902024225094053,0.16090391937563803,True
2000,0.0,164,dml_pairs_boot,0.06676017608802469,0.05519580921443925,-0.011865531983914171,0.16906164602370577,True
2000,0.0,165,dml_if,0.05568560594887415,0.05190283584945154,-0.04604395231605086,0.15741516421379917,True
2000,0.0,165,dml_mult_boot,0.05568560594887415,0.04978811981880842,-0.04377623253103958,0.14806581720404136,True
2000,0.0,165,dml_pairs_boot,0.05568560594887415,0.05277392333875808,-0.0335458938060461,0.1902436231850582,True
2000,0.0,166,dml_if,0.04467537595710103,0.05190744247433777,-0.057063211292601,0.14641396320680305,True
2000,0.0,166,dml_mult_boot,0.04467537595710103,0.05232910696217634,-0.05073872548014657,0.1472833201196199,True
2000,0.0,166,dml_pairs_boot,0.04467537595710103,0.05732237338255182,-0.07434641440753974,0.13689186447403923,True
2000,0.0,167,dml_if,-0.025294518386549055,0.06109913479226937,-0.145048822579397,0.0944597858062989,True
2000,0.0,167,dml_mult_boot,-0.025294518386549055,0.06072147275775649,-0.14129005779558124,0.09296735929947947,True
2000,0.0,167,dml_pairs_boot,-0.025294518386549055,0.07095529568977471,-0.14660397563025276,0.08555247696463177,True
2000,0.0,168,dml_if,0.039414286442431674,0.051001463364683815,-0.0605485817523486,0.13937715463721195,True
2000,0.0,168,dml_mult_boot,0.039414286442431674,0.05143537920350523,-0.057349388404701405,0.14182324828971862,True
2000,0.0,168,dml_pairs_boot,0.039414286442431674,0.06088489362761108,-0.06336493639535223,0.15051675267394654,True
2000,0.0,169,dml_if,-0.021996952605900604,0.054076421097542994,-0.12798673795708487,0.08399283274528366,True
2000,0.0,169,dml_mult_boot,-0.021996952605900604,0.05355429161555142,-0.12807524955484784,0.07626190564453154,True
2000,0.0,169,dml_pairs_boot,-0.021996952605900604,0.053258438172517054,-0.11354240566339192,0.07288723411668233,True
2000,0.0,170,dml_if,0.034446821287252516,0.05948298267815402,-0.08213982476192937,0.1510334673364344,True
2000,0.0,170,dml_mult_boot,0.034446821287252516,0.05798883122364562,-0.07460722781763994,0.15269422228280566,True
2000,0.0,170,dml_pairs_boot,0.034446821287252516,0.05496014114274116,-0.05723633977234721,0.14392385711881367,True
2000,0.0,171,dml_if,0.03470978684082917,0.06221218245032766,-0.08722609076181304,0.1566456644434714,True
2000,0.0,171,dml_mult_boot,0.03470978684082917,0.06365338930151922,-0.10075313933358547,0.15869800900744288,True
2000,0.0,171,dml_pairs_boot,0.03470978684082917,0.05122450646234285,-0.044109058475285595,0.14944948617588644,True
2000,0.0,172,dml_if,0.043697701469442615,0.06004962826496004,-0.07399956992987906,0.1613949728687643,True
2000,0.0,172,dml_mult_boot,0.043697701469442615,0.061647806423929696,-0.07075538336796848,0.16889086834093472,True
2000,0.0,172,dml_pairs_boot,0.043697701469442615,0.0571763408246817,-0.05585300413744657,0.15654179897964696,True
2000,0.0,173,dml_if,0.03063272234804195,0.060784604869534985,-0.0885051031962466,0.14977054789233052,True
2000,0.0,173,dml_mult_boot,0.03063272234804195,0.061858982140430584,-0.09213720785716233,0.1561902258055692,True
2000,0.0,173,dml_pairs_boot,0.03063272234804195,0.06451740896302692,-0.09615713875123644,0.14590862814526329,True
2000,0.0,174,dml_if,0.01628344586475426,0.05275206439077928,-0.08711060034117313,0.11967749207068165,True
2000,0.0,174,dml_mult_boot,0.01628344586475426,0.051464459189628026,-0.07920033927979325,0.12072473056633498,True
2000,0.0,174,dml_pairs_boot,0.01628344586475426,0.052809389880389246,-0.09671383400352332,0.10609226806128928,True
2000,0.0,175,dml_if,0.007941037641935933,0.056923197883472186,-0.10362843020966955,0.11951050549354142,True
2000,0.0,175,dml_mult_boot,0.007941037641935933,0.05627550158992365,-0.1015175110102646,0.11127590631951356,True
2000,0.0,175,dml_pairs_boot,0.007941037641935933,0.05829208272176507,-0.10577553975795535,0.11695971287034279,True
2000,0.0,176,dml_if,-0.005248731987356344,0.05114646759120533,-0.10549580846611878,0.0949983444914061,True
2000,0.0,176,dml_mult_boot,-0.005248731987356344,0.049166145333238445,-0.09930204956961079,0.09010610539228783,True
2000,0.0,176,dml_pairs_boot,-0.005248731987356344,0.05776451723746675,-0.09682739300582009,0.11449481441538548,True
2000,0.0,177,dml_if,0.022999029223791795,0.05949540699086677,-0.09361196847830708,0.13961002692589067,True
2000,0.0,177,dml_mult_boot,0.022999029223791795,0.05952641283683787,-0.08885909791641981,0.13868454554717977,True
2000,0.0,177,dml_pairs_boot,0.022999029223791795,0.06460346687699611,-0.07077303443206119,0.1522799978308214,True
2000,0.0,178,dml_if,-0.027041377546525046,0.055226084357944835,-0.13528450288809693,0.08120174779504682,True
2000,0.0,178,dml_mult_boot,-0.027041377546525046,0.05375914599473231,-0.1350692682816323,0.07902935448978698,True
2000,0.0,178,dml_pairs_boot,-0.027041377546525046,0.04980763556949424,-0.0849611699493255,0.0934235036616487,True
2000,0.0,179,dml_if,0.13765832936628106,0.05758250800790857,0.024796613670780274,0.2505200450617818,False
2000,0.0,179,dml_mult_boot,0.13765832936628106,0.058069646800589785,0.025831058781906446,0.25078724355510956,False
2000,0.0,179,dml_pairs_boot,0.13765832936628106,0.05864381016180106,0.017303870174837786,0.22122519657677117,False
2000,0.0,180,dml_if,0.1433048346959388,0.05142193985338673,0.042517832583300816,0.24409183680857677,False
2000,0.0,180,dml_mult_boot,0.1433048346959388,0.05087088614394424,0.0381353014466944,0.2424267880150413,False
2000,0.0,180,dml_pairs_boot,0.1433048346959388,0.05331912276891356,0.053513548043464275,0.23936342658261636,False
2000,0.0,181,dml_if,0.08932175913791573,0.050033376180233555,-0.008743658175342034,0.1873871764511735,True
2000,0.0,181,dml_mult_boot,0.08932175913791573,0.05091548218771034,-0.003932913038038355,0.19467447729647927,True
2000,0.0,181,dml_pairs_boot,0.08932175913791573,0.049414867310364124,0.0035971814013933154,0.16933624620966498,False
2000,0.0,182,dml_if,0.07274510800446628,0.05590433470913473,-0.03682738802543779,0.18231760403437036,True
2000,0.0,182,dml_mult_boot,0.07274510800446628,0.05899416177354125,-0.043417778284040594,0.18306171699312948,True
2000,0.0,182,dml_pairs_boot,0.07274510800446628,0.055394345846084,-0.0027306016186231436,0.19105251917229643,True
2000,0.0,183,dml_if,0.05813641514707069,0.06070567039917623,-0.06084669883531472,0.1771195291294561,True
2000,0.0,183,dml_mult_boot,0.05813641514707069,0.06129288655336873,-0.07414898947980407,0.17580204974938973,True
2000,0.0,183,dml_pairs_boot,0.05813641514707069,0.05186842452849029,-0.04400336949040979,0.1522060392231529,True
2000,0.0,184,dml_if,0.018590615331730804,0.0580660732783407,-0.09521888829381697,0.13240011895727857,True
2000,0.0,184,dml_mult_boot,0.018590615331730804,0.05660528068349148,-0.0999801952528984,0.12543591112804936,True
2000,0.0,184,dml_pairs_boot,0.018590615331730804,0.054185598110320116,-0.07237879437160258,0.13932425721616729,True
2000,0.0,185,dml_if,0.032418740022734996,0.057289474952505484,-0.07986863088417576,0.14470611092964575,True
2000,0.0,185,dml_mult_boot,0.032418740022734996,0.05480321185999287,-0.06991749175209667,0.13983070003318634,True
2000,0.0,185,dml_pairs_boot,0.032418740022734996,0.05109005212186143,-0.04253396003386312,0.12589020210522292,True
2000,0.0,186,dml_if,0.04370665563541079,0.06315196476271243,-0.08007119529950556,0.16748450657032715,True
2000,0.0,186,dml_mult_boot,0.04370665563541079,0.060905273553551964,-0.07578445996474148,0.15996379262371566,True
2000,0.0,186,dml_pairs_boot,0.04370665563541079,0.054343159303563676,-0.07582604697888001,0.12400241563181873,True
2000,0.0,187,dml_if,0.1286711870499465,0.052141570003369525,0.02647370984334224,0.23086866425655078,False
2000,0.0,187,dml_mult_boot,0.1286711870499465,0.052861152166734586,0.028155111965352763,0.23582509388652176,False
2000,0.0,187,dml_pairs_boot,0.1286711870499465,0.052987251299397194,0.0253637306414802,0.2106205222420017,False
2000,0.0,188,dml_if,-0.04832467013619986,0.049281990922546655,-0.14491737234439128,0.04826803207199158,True
2000,0.0,188,dml_mult_boot,-0.04832467013619986,0.0475950287418396,-0.13898183884258575,0.045445355234856315,True
2000,0.0,188,dml_pairs_boot,-0.04832467013619986,0.051405859106557164,-0.10504156250797364,0.07128593780314935,True
2000,0.0,189,dml_if,0.1483736344891625,0.060152044934027024,0.03047562641846953,0.26627164255985547,False
2000,0.0,189,dml_mult_boot,0.1483736344891625,0.05795864781220529,0.03212430232481987,0.26462685730863167,False
2000,0.0,189,dml_pairs_boot,0.1483736344891625,0.058621946421318,0.06404041066633023,0.2581128750335292,False
2000,0.0,190,dml_if,0.07779514873738132,0.05855394895636191,-0.036970591217088025,0.19256088869185067,True
2000,0.0,190,dml_mult_boot,0.07779514873738132,0.058279329162135914,-0.03202842830676677,0.19036768268719503,True
2000,0.0,190,dml_pairs_boot,0.07779514873738132,0.04641970569684188,-0.009070400288531004,0.15387741665043242,True
2000,0.0,191,dml_if,0.17703925845916887,0.056755321802805014,0.06579882772567106,0.28827968919266667,False
2000,0.0,191,dml_mult_boot,0.17703925845916887,0.05374790699341659,0.07379226511928597,0.27755133254380776,False
2000,0.0,191,dml_pairs_boot,0.17703925845916887,0.04940069429154314,0.0762893901119664,0.26553686900519846,False
2000,0.0,192,dml_if,0.05871663090533114,0.049497484458135774,-0.03829843863261497,0.15573170044327725,True
2000,0.0,192,dml_mult_boot,0.05871663090533114,0.05027476210195245,-0.03517496696626462,0.16572917853076113,True
2000,0.0,192,dml_pairs_boot,0.05871663090533114,0.05106985426680915,-0.014968652827842684,0.14517696139005204,True
2000,0.0,193,dml_if,0.030371820310388264,0.056883364310532494,-0.08111957373825542,0.14186321435903193,True
2000,0.0,193,dml_mult_boot,0.030371820310388264,0.056481469889117716,-0.0815051065007575,0.14773028679265193,True
2000,0.0,193,dml_pairs_boot,0.030371820310388264,0.058785982837211946,-0.08616508140734534,0.1367378895288031,True
2000,0.0,194,dml_if,0.17421180639890094,0.05874771151651425,0.059066291826533016,0.28935732097126887,False
2000,0.0,194,dml_mult_boot,0.17421180639890094,0.05690186089147015,0.0695009414283136,0.2891716091101284,False
2000,0.0,194,dml_pairs_boot,0.17421180639890094,0.04935925930909384,0.06241535319453479,0.25166462641209675,False
2000,0.0,195,dml_if,0.11157454805639068,0.055820512025139234,0.0021663444871177773,0.22098275162566358,False
2000,0.0,195,dml_mult_boot,0.11157454805639068,0.05164510441200585,0.0069711843133762035,0.20835658436810758,False
2000,0.0,195,dml_pairs_boot,0.11157454805639068,0.04618435593181502,0.03444073874658342,0.2024622123350715,False
2000,0.0,196,dml_if,0.011259695781686774,0.05639063078430552,-0.09926594055555205,0.12178533211892559,True
2000,0.0,196,dml_mult_boot,0.011259695781686774,0.05573008678231225,-0.1034423272847306,0.12200065850332245,True
2000,0.0,196,dml_pairs_boot,0.011259695781686774,0.0502226467514266,-0.07025763527670087,0.10584916447836565,True
2000,0.0,197,dml_if,0.05823367503409943,0.05129348558243795,-0.042301556707478954,0.15876890677567781,True
2000,0.0,197,dml_mult_boot,0.05823367503409943,0.049863552339765006,-0.03301679338008083,0.1593446404273505,True
2000,0.0,197,dml_pairs_boot,0.05823367503409943,0.054729922820322977,-0.05360171953355085,0.15590017079427937,True
2000,0.0,198,dml_if,0.08809561462377177,0.051374632586656976,-0.012598665246075905,0.18878989449361944,True
2000,0.0,198,dml_mult_boot,0.08809561462377177,0.054382687930035783,-0.015181251897844132,0.19481351256387097,True
2000,0.0,198,dml_pairs_boot,0.08809561462377177,0.05198318650797646,-0.01060272167985198,0.17356494456871807,True
2000,0.0,199,dml_if,0.034332503838356114,0.051642824409574614,-0.06688743200441014,0.13555243968112235,True
2000,0.0,199,dml_mult_boot,0.034332503838356114,0.051968803703410976,-0.06650976557365139,0.12913036418252954,True
2000,0.0,199,dml_pairs_boot,0.034332503838356114,0.04838124862642184,-0.05480986640640281,0.13015140902898634,True
2000,0.5,0,dml_if,0.5858648280875071,0.05088038917284722,0.48613926530872653,0.6855903908662876,True
2000,0.5,0,dml_mult_boot,0.5858648280875071,0.048869404068045866,0.4839474336184067,0.6797186730771931,True
2000,0.5,0,dml_pairs_boot,0.5858648280875071,0.05117040276968167,0.47534143416980373,0.6914400452261862,True
2000,0.5,1,dml_if,0.5569747662571416,0.04812821944389005,0.4626434561471171,0.6513060763671661,True
2000,0.5,1,dml_mult_boot,0.5569747662571416,0.04717436431956702,0.4736029109936757,0.6579911625120162,True
2000,0.5,1,dml_pairs_boot,0.5569747662571416,0.05028089097723115,0.4755305920183599,0.6527582425612926,True
2000,0.5,2,dml_if,0.5252055135284498,0.05054806711884771,0.4261313019755083,0.6242797250813913,True
2000,0.5,2,dml_mult_boot,0.5252055135284498,0.05225519201015535,0.422293744051592,0.6264633934121535,True
2000,0.5,2,dml_pairs_boot,0.5252055135284498,0.05311620680522357,0.45051485457630597,0.6130363381214338,True
2000,0.5,3,dml_if,0.6424540975369979,0.051146255666447156,0.5422074364307614,0.7427007586432344,False
2000,0.5,3,dml_mult_boot,0.6424540975369979,0.04979539585627707,0.5464092061279454,0.7261567761036509,False
2000,0.5,3,dml_pairs_boot,0.6424540975369979,0.049202176656157726,0.5415161641097654,0.7197427456492028,False
2000,0.5,4,dml_if,0.6394852834622787,0.05507591675276461,0.5315364866268601,0.7474340802976973,False
2000,0.5,4,dml_mult_boot,0.6394852834622787,0.0544336229933079,0.5302070061808437,0.7458605014732851,False
2000,0.5,4,dml_pairs_boot,0.6394852834622787,0.05683522262964003,0.5247103964386801,0.7522128622287962,False
2000,0.5,5,dml_if,0.5715356110657226,0.048610752243095204,0.476258536669256,0.6668126854621892,True
2000,0.5,5,dml_mult_boot,0.5715356110657226,0.050400726719887746,0.4717467829253388,0.660953221670856,True
2000,0.5,5,dml_pairs_boot,0.5715356110657226,0.0429042975812656,0.5070108472780951,0.6565219659398346,False
2000,0.5,6,dml_if,0.5328166955949123,0.04962980575581653,0.4355422763135119,0.6300911148763126,True
2000,0.5,6,dml_mult_boot,0.5328166955949123,0.048270525559856,0.43497440179718355,0.6316562172695369,True
2000,0.5,6,dml_pairs_boot,0.5328166955949123,0.05116899593357566,0.45538919102931036,0.6423478724208003,True
2000,0.5,7,dml_if,0.504132685851181,0.05388715306054354,0.39851386585251564,0.6097515058498464,True
2000,0.5,7,dml_mult_boot,0.504132685851181,0.0575924367224147,0.3943722842945547,0.6230786157540555,True
2000,0.5,7,dml_pairs_boot,0.504132685851181,0.05699616483230295,0.3979065548335897,0.5908127438025395,True
2000,0.5,8,dml_if,0.6339617493017128,0.04938270667488908,0.5371716442189302,0.7307518543844954,False
2000,0.5,8,dml_mult_boot,0.6339617493017128,0.04676094738068308,0.5387147754994143,0.7204745571830624,False
2000,0.5,8,dml_pairs_boot,0.6339617493017128,0.05516315467238603,0.5388400053529745,0.718485675524754,False
2000,0.5,9,dml_if,0.5684751495391744,0.05815549293774098,0.4544903833812021,0.6824599156971467,True
2000,0.5,9,dml_mult_boot,0.5684751495391744,0.05573547087889758,0.4554845375750521,0.672431901144468,True
2000,0.5,9,dml_pairs_boot,0.5684751495391744,0.05583708948408742,0.4669616239333304,0.6623044224966841,True
2000,0.5,10,dml_if,0.5679612585024677,0.062159545235798454,0.4461285498403027,0.6897939671646327,True
2000,0.5,10,dml_mult_boot,0.5679612585024677,0.06149410921850502,0.4458129254778044,0.6907007913668513,True
2000,0.5,10,dml_pairs_boot,0.5679612585024677,0.05900482892617248,0.4601502756413892,0.6653871598789103,True
2000,0.5,11,dml_if,0.6075130572088774,0.05242021714846194,0.504769431597892,0.7102566828198628,False
2000,0.5,11,dml_mult_boot,0.6075130572088774,0.05640414770562758,0.500140724679169,0.7162799385154596,False
2000,0.5,11,dml_pairs_boot,0.6075130572088774,0.05397894654248986,0.5131295463001931,0.6986648133698727,False
2000,0.5,12,dml_if,0.46460385923476666,0.05949329486374328,0.3479970013018298,0.5812107171677035,True
2000,0.5,12,dml_mult_boot,0.46460385923476666,0.061949877797705596,0.33710234119804694,0.5871131297428855,True
2000,0.5,12,dml_pairs_boot,0.46460385923476666,0.06918119874342499,0.3078480863880199,0.5663973240169439,True
2000,0.5,13,dml_if,0.6162825448829119,0.05493547397805805,0.5086090158859181,0.7239560738799057,False
2000,0.5,13,dml_mult_boot,0.6162825448829119,0.05473573553979639,0.5121931079206715,0.7238825569536934,False
2000,0.5,13,dml_pairs_boot,0.6162825448829119,0.05922948875842041,0.4667909674624028,0.6808423344626879,True
2000,0.5,14,dml_if,0.5161556836019324,0.055753806657346236,0.4068782225535338,0.6254331446503311,True
2000,0.5,14,dml_mult_boot,0.5161556836019324,0.05572811280925814,0.3992345831189825,0.620739977210145,True
2000,0.5,14,dml_pairs_boot,0.5161556836019324,0.04277515412798567,0.43523794298135543,0.5955064321921331,True
2000,0.5,15,dml_if,0.5347537855930489,0.06200819994603698,0.4132177136988164,0.6562898574872813,True
2000,0.5,15,dml_mult_boot,0.5347537855930489,0.06232100292513126,0.41105561117443173,0.6512202941923229,True
2000,0.5,15,dml_pairs_boot,0.5347537855930489,0.06028185390222735,0.39866135664520125,0.6397325581586133,True
2000,0.5,16,dml_if,0.4940465985898868,0.05043188956849239,0.39520009503564174,0.5928931021441319,True
2000,0.5,16,dml_mult_boot,0.4940465985898868,0.05377377402910498,0.3849792848892925,0.5971770785734507,True
2000,0.5,16,dml_pairs_boot,0.4940465985898868,0.058783054333608,0.3867500547727387,0.5899504010251775,True
2000,0.5,17,dml_if,0.5694209167792976,0.06322659309986192,0.44549679430356826,0.693345039255027,True
2000,0.5,17,dml_mult_boot,0.5694209167792976,0.06329990688715012,0.4494733653485897,0.6847820750510564,True
2000,0.5,17,dml_pairs_boot,0.5694209167792976,0.0524786377184858,0.49557215570633034,0.678060602500119,True
2000,0.5,18,dml_if,0.5590062931463775,0.058978943175601345,0.44340756452219887,0.6746050217705561,True
2000,0.5,18,dml_mult_boot,0.5590062931463775,0.05814915031230388,0.4513501665695402,0.6833325098790269,True
2000,0.5,18,dml_pairs_boot,0.5590062931463775,0.0515658540138285,0.4650049555991949,0.6534780497525334,True
2000,0.5,19,dml_if,0.6030371334098834,0.052620454110680386,0.4999010433529498,0.706173223466817,True
2000,0.5,19,dml_mult_boot,0.6030371334098834,0.05405256671820183,0.4975695233189246,0.6981906956611273,True
2000,0.5,19,dml_pairs_boot,0.6030371334098834,0.052093718887378786,0.517038107557168,0.7238194537183867,False
2000,0.5,20,dml_if,0.5955375814099708,0.05603727415341867,0.4857045240692702,0.7053706387506714,True
2000,0.5,20,dml_mult_boot,0.5955375814099708,0.05578833188634668,0.48524801791632777,0.6946150736678698,True
2000,0.5,20,dml_pairs_boot,0.5955375814099708,0.055530433256938364,0.48060093193193953,0.6722619317307751,True
2000,0.5,21,dml_if,0.541204356973286,0.05674714981340234,0.42997994333901735,0.6524287706075546,True
2000,0.5,21,dml_mult_boot,0.541204356973286,0.05422225673967286,0.44471891417267273,0.6609333579836719,True
2000,0.5,21,dml_pairs_boot,0.541204356973286,0.05831142945964268,0.42411477601534225,0.644522617485335,True
2000,0.5,22,dml_if,0.6188016838804632,0.05657766904694861,0.5079094525484439,0.7296939152124825,False
2000,0.5,22,dml_mult_boot,0.6188016838804632,0.05554523720898048,0.5107724797870498,0.7230087220944086,False
2000,0.5,22,dml_pairs_boot,0.6188016838804632,0.057699224442859874,0.5042156970049688,0.7238594161404093,False
2000,0.5,23,dml_if,0.5415018482322873,0.058967349263123574,0.4259258436765651,0.6570778527880095,True
2000,0.5,23,dml_mult_boot,0.5415018482322873,0.05826768884709558,0.4281207772523655,0.659473104482225,True
2000,0.5,23,dml_pairs_boot,0.5415018482322873,0.06310299920516615,0.4211150723906326,0.6651261789890643,True
2000,0.5,24,dml_if,0.5582760775081058,0.057056909523677736,0.44644453484169744,0.6701076201745142,True
2000,0.5,24,dml_mult_boot,0.5582760775081058,0.05889417182083242,0.4453598980300429,0.669478853210062,True
2000,0.5,24,dml_pairs_boot,0.5582760775081058,0.05047010744559361,0.4768580496020147,0.6400693778946505,True
2000,0.5,25,dml_if,0.7468652945211114,0.05204351154992859,0.6448600118832514,0.8488705771589714,False
2000,0.5,25,dml_mult_boot,0.7468652945211114,0.051583635513594364,0.6533721152557678,0.848742370329755,False
2000,0.5,25,dml_pairs_boot,0.7468652945211114,0.04502614382695561,0.6395492651064282,0.8055344117510329,False
2000,0.5,26,dml_if,0.6186153870467194,0.05025834143409136,0.5201090378359003,0.7171217362575384,False
2000,0.5,26,dml_mult_boot,0.6186153870467194,0.05043535695706944,0.5245225342820982,0.7206500993055768,False
2000,0.5,26,dml_pairs_boot,0.6186153870467194,0.05215436734076458,0.5129706137919171,0.7244667424582172,False
2000,0.5,27,dml_if,0.5514054560914704,0.05405076845506269,0.4454659499195475,0.6573449622633932,True
2000,0.5,27,dml_mult_boot,0.5514054560914704,0.05453888751886453,0.4503668118335874,0.6615388706464378,True
2000,0.5,27,dml_pairs_boot,0.5514054560914704,0.0568746972046837,0.4267825901148637,0.6214021583167687,True
2000,0.5,28,dml_if,0.5339330281872898,0.05902354719210279,0.41824687569076835,0.6496191806838113,True
2000,0.5,28,dml_mult_boot,0.5339330281872898,0.05888401941591242,0.4089876307132006,0.6397870830540602,True
2000,0.5,28,dml_pairs_boot,0.5339330281872898,0.0589163416491931,0.44108686708273426,0.6354379521079896,True
2000,0.5,29,dml_if,0.5379000172246715,0.0637283581512461,0.41299243524822915,0.6628075992011139,True
2000,0.5,29,dml_mult_boot,0.5379000172246715,0.06725650787968888,0.4075312538174642,0.6708043747914338,True
2000,0.5,29,dml_pairs_boot,0.5379000172246715,0.05665645106584847,0.4545204461030294,0.6554341652201662,True
2000,0.5,30,dml_if,0.5128880825202301,0.05004981878984417,0.4147904376921355,0.6109857273483247,True
2000,0.5,30,dml_mult_boot,0.5128880825202301,0.047893387324761644,0.4271423340881868,0.5983071582038761,True
2000,0.5,30,dml_pairs_boot,0.5128880825202301,0.05093296099432226,0.4225315303898492,0.6256830276102415,True
2000,0.5,31,dml_if,0.5955869392272558,0.05322228947867482,0.4912712518490532,0.6999026266054584,True
2000,0.5,31,dml_mult_boot,0.5955869392272558,0.054413131218334035,0.48222911776355515,0.7020551734891415,True
2000,0.5,31,dml_pairs_boot,0.5955869392272558,0.05087321384015282,0.4890685452190251,0.6884149739092739,True
2000,0.5,32,dml_if,0.6087175734875703,0.0596058532371634,0.49189010114273,0.7255450458324105,True
2000,0.5,32,dml_mult_boot,0.6087175734875703,0.05900022711239192,0.4976457001639742,0.7264465706519659,True
2000,0.5,32,dml_pairs_boot,0.6087175734875703,0.055762329759095335,0.49008870091920365,0.6782948859338805,True
2000,0.5,33,dml_if,0.6069001406981757,0.049268452003878895,0.5103339747705731,0.7034663066257782,False
2000,0.5,33,dml_mult_boot,0.6069001406981757,0.048980651928652294,0.5049501411691732,0.7043799293266599,False
2000,0.5,33,dml_pairs_boot,0.6069001406981757,0.051955164949626674,0.5265478329527595,0.7084705153904519,False
2000,0.5,34,dml_if,0.576262281752233,0.059049529515045766,0.4605252039027433,0.6919993596017228,True
2000,0.5,34,dml_mult_boot,0.576262281752233,0.054795342849417,0.46931676163050484,0.6783026367368297,True
2000,0.5,34,dml_pairs_boot,0.576262281752233,0.062067794459500475,0.4636100956576716,0.675488380601353,True
2000,0.5,35,dml_if,0.5412628444522242,0.05544375258150555,0.4325930893924733,0.649932599511975,True
2000,0.5,35,dml_mult_boot,0.5412628444522242,0.05564281494359808,0.4320828915266488,0.6462902177657422,True
2000,0.5,35,dml_pairs_boot,0.5412628444522242,0.05100651074512575,0.4525704276939871,0.6358855096477338,True
2000,0.5,36,dml_if,0.5826090959685541,0.058416236063052275,0.4681132732849717,0.6971049186521366,True
2000,0.5,36,dml_mult_boot,0.5826090959685541,0.05840988071247947,0.46981648169931833,0.6943148596405051,True
2000,0.5,36,dml_pairs_boot,0.5826090959685541,0.05348901527214427,0.49206164721884293,0.6971836296210095,True
2000,0.5,37,dml_if,0.5267660887519521,0.05414129125742296,0.4206491578874031,0.6328830196165011,True
2000,0.5,37,dml_mult_boot,0.5267660887519521,0.05663865358458792,0.42512585037655776,0.6412530078799463,True
2000,0.5,37,dml_pairs_boot,0.5267660887519521,0.06205355175383576,0.4081482692951962,0.6320450023425882,True
2000,0.5,38,dml_if,0.6424259393856755,0.05018633331680234,0.5440607260847429,0.7407911526866081,False
2000,0.5,38,dml_mult_boot,0.6424259393856755,0.049388086102862314,0.5516287003584743,0.7400458209082597,False
2000,0.5,38,dml_pairs_boot,0.6424259393856755,0.052118841272461205,0.5510853294229364,0.7383034615040961,False
2000,0.5,39,dml_if,0.5742757457646558,0.06201215479414606,0.45273192236812954,0.695819569161182,True
2000,0.5,39,dml_mult_boot,0.5742757457646558,0.06513061516524309,0.45677845956058644,0.7087046488462077,True
2000,0.5,39,dml_pairs_boot,0.5742757457646558,0.05241107752276505,0.4650786877931569,0.6813152195771031,True
2000,0.5,40,dml_if,0.5776385814295111,0.05495923557244044,0.4699184797075278,0.6853586831514943,True
2000,0.5,40,dml_mult_boot,0.5776385814295111,0.05808203616019395,0.4618120874551665,0.699994051733914,True
2000,0.5,40,dml_pairs_boot,0.5776385814295111,0.05084397904525145,0.4818549520019774,0.6806026026099847,True
2000,0.5,41,dml_if,0.7148500228525322,0.05849195054550182,0.6002057997833486,0.8294942459217157,False
2000,0.5,41,dml_mult_boot,0.7148500228525322,0.05737850210459684,0.60235052539145,0.8330905845413262,False
2000,0.5,41,dml_pairs_boot,0.7148500228525322,0.04574419123479274,0.6058841052123021,0.7943842514009983,False
2000,0.5,42,dml_if,0.5467657793286751,0.06219371997120286,0.4248660881851175,0.6686654704722327,True
2000,0.5,42,dml_mult_boot,0.5467657793286751,0.06208223819102194,0.43185721646482583,0.6764135334481473,True
2000,0.5,42,dml_pairs_boot,0.5467657793286751,0.04918996915828715,0.4690876371608616,0.6310246414183386,True
2000,0.5,43,dml_if,0.5568068176354293,0.053710011859817636,0.4515351943901867,0.6620784408806718,True
2000,0.5,43,dml_mult_boot,0.5568068176354293,0.0509981162467808,0.46398200065717654,0.662696309887851,True
2000,0.5,43,dml_pairs_boot,0.5568068176354293,0.048065004094581754,0.4804418454030587,0.6388285028973649,True
2000,0.5,44,dml_if,0.5946060908096851,0.059181272793775316,0.47861079613388546,0.7106013854854847,True
2000,0.5,44,dml_mult_boot,0.5946060908096851,0.06046081395165865,0.4696708342973226,0.7131213465308933,True
2000,0.5,44,dml_pairs_boot,0.5946060908096851,0.044894211887968036,0.5309543119640302,0.7093305576360919,False
2000,0.5,45,dml_if,0.5738606178887833,0.05037078127117769,0.475133886597275,0.6725873491802915,True
2000,0.5,45,dml_mult_boot,0.5738606178887833,0.050784162567056645,0.479056693295519,0.669598479450075,True
2000,0.5,45,dml_pairs_boot,0.5738606178887833,0.04482423761247214,0.4843251104241879,0.6462622293494107,True
2000,0.5,46,dml_if,0.6364203704831795,0.04921968348251486,0.5399497908574503,0.7328909501089086,False
2000,0.5,46,dml_mult_boot,0.6364203704831795,0.04836522549044385,0.5461718819521958,0.738465489114571,False
2000,0.5,46,dml_pairs_boot,0.6364203704831795,0.05265152864654511,0.5341460178309277,0.7373826542788987,False
2000,0.5,47,dml_if,0.6468799486664959,0.04940157564863995,0.5500528603951615,0.7437070369378302,False
2000,0.5,47,dml_mult_boot,0.6468799486664959,0.050194157241274066,0.5538841026628732,0.748951950405658,False
2000,0.5,47,dml_pairs_boot,0.6468799486664959,0.05190361900705448,0.5496209227986676,0.7604711498540435,False
2000,0.5,48,dml_if,0.589821148945362,0.057911088677213944,0.47631541513802267,0.7033268827527013,True
2000,0.5,48,dml_mult_boot,0.589821148945362,0.05753729000516656,0.4771110576017177,0.6937621881594366,True
2000,0.5,48,dml_pairs_boot,0.589821148945362,0.06356089262709773,0.47456870656406586,0.6874106200305873,True
2000,0.5,49,dml_if,0.5600897639341151,0.06128779512409867,0.4399656854908818,0.6802138423773485,True
2000,0.5,49,dml_mult_boot,0.5600897639341151,0.06331096213479852,0.44763270572624697,0.6831446299514216,True
2000,0.5,49,dml_pairs_boot,0.5600897639341151,0.05039515610577799,0.4374292269970852,0.632416654631431,True
2000,0.5,50,dml_if,0.5123671652015982,0.05037895139250105,0.41362442047229614,0.6111099099309003,True
2000,0.5,50,dml_mult_boot,0.5123671652015982,0.05016335681160283,0.4141192163109325,0.612973281107536,True
2000,0.5,50,dml_pairs_boot,0.5123671652015982,0.04520963038020423,0.43240348108616455,0.6016894939889846,True
2000,0.5,51,dml_if,0.5283293725084522,0.05908484918961149,0.4125230680968137,0.6441356769200908,True
2000,0.5,51,dml_mult_boot,0.5283293725084522,0.05677488987427006,0.41763515635693016,0.6509705189331085,True
2000,0.5,51,dml_pairs_boot,0.5283293725084522,0.06127887775244177,0.41603855046139143,0.6338438705746466,True
2000,0.5,52,dml_if,0.5676225566162793,0.05755683115977433,0.45481116754312156,0.6804339456894369,True
2000,0.5,52,dml_mult_boot,0.5676225566162793,0.05785713737899645,0.452944638845541,0.6700719232099254,True
2000,0.5,52,dml_pairs_boot,0.5676225566162793,0.04951389674174525,0.5065284784947098,0.7037243088897315,False
2000,0.5,53,dml_if,0.5602553099810657,0.05725680090374269,0.44803198020973,0.6724786397524013,True
2000,0.5,53,dml_mult_boot,0.5602553099810657,0.058406847901583216,0.44956314254037605,0.6735547681903973,True
2000,0.5,53,dml_pairs_boot,0.5602553099810657,0.051436646332004045,0.4838323749181886,0.6742489521608178,True
2000,0.5,54,dml_if,0.573357966773723,0.06547749485257155,0.4450220768626827,0.7016938566847633,True
2000,0.5,54,dml_mult_boot,0.573357966773723,0.06639323868484644,0.4424701202600944,0.7090522732305249,True
2000,0.5,54,dml_pairs_boot,0.573357966773723,0.056147478707461014,0.45274423978959216,0.6445534311902508,True
2000,0.5,55,dml_if,0.5429468577554263,0.056216085705469744,0.4327633297727056,0.653130385738147,True
2000,0.5,55,dml_mult_boot,0.5429468577554263,0.05713242010067174,0.43690341647196584,0.6523972344299027,True
2000,0.5,55,dml_pairs_boot,0.5429468577554263,0.058645930781749595,0.4313184518132978,0.6290141784027861,True
2000,0.5,56,dml_if,0.61704526571434,0.058420660966054166,0.5025407702208738,0.7315497612078062,False
2000,0.5,56,dml_mult_boot,0.61704526571434,0.05546879678159693,0.50943818933479,0.731465093202587,False
2000,0.5,56,dml_pairs_boot,0.61704526571434,0.055083488532886,0.49661824365124785,0.7081026735354626,True
2000,0.5,57,dml_if,0.4964984687611956,0.058052066241956544,0.38271641892696073,0.6102805185954304,True
2000,0.5,57,dml_mult_boot,0.4964984687611956,0.05941730626442177,0.3808314205795128,0.6115588553614041,True
2000,0.5,57,dml_pairs_boot,0.4964984687611956,0.057809592606003414,0.3873194181399388,0.6215635904466077,True
2000,0.5,58,dml_if,0.702783099028248,0.052817224812286484,0.5992613383961665,0.8063048596603295,False
2000,0.5,58,dml_mult_boot,0.702783099028248,0.05230056951609789,0.6050516092883016,0.8117430337996242,False
2000,0.5,58,dml_pairs_boot,0.702783099028248,0.05761215638811685,0.5906744356524647,0.8069638196813891,False
2000,0.5,59,dml_if,0.48037777996172254,0.05005047593801145,0.38227884712322013,0.578476712800225,True
2000,0.5,59,dml_mult_boot,0.48037777996172254,0.049677769459209646,0.38709157108110503,0.5725312583456394,True
2000,0.5,59,dml_pairs_boot,0.48037777996172254,0.05188810297441172,0.38078496805172724,0.5978518746064371,True
2000,0.5,60,dml_if,0.6254099100393868,0.05562175950371657,0.5163912614121023,0.7344285586666713,False
2000,0.5,60,dml_mult_boot,0.6254099100393868,0.055894821646350325,0.5207501348350544,0.7259409762252352,False
2000,0.5,60,dml_pairs_boot,0.6254099100393868,0.05829799768438585,0.5212721296289571,0.7387214435313595,False
2000,0.5,61,dml_if,0.6148632812841294,0.050464165282756844,0.515953517329926,0.7137730452383327,False
2000,0.5,61,dml_mult_boot,0.6148632812841294,0.05099356045618682,0.5211052868604674,0.7181698439218069,False
2000,0.5,61,dml_pairs_boot,0.6148632812841294,0.047531223497841134,0.5154561666922638,0.7110874802094811,False
2000,0.5,62,dml_if,0.4672340041216381,0.05554540935912218,0.35836500177775865,0.5761030064655176,True
2000,0.5,62,dml_mult_boot,0.4672340041216381,0.055340512236326946,0.3601115377528199,0.5655193412327972,True
2000,0.5,62,dml_pairs_boot,0.4672340041216381,0.046412189755571584,0.38942885088069484,0.5642181448664662,True
2000,0.5,63,dml_if,0.5723626012904599,0.05568025601530214,0.4632292995004677,0.681495903080452,True
2000,0.5,63,dml_mult_boot,0.5723626012904599,0.05334108038055715,0.4640751421232529,0.6796739657616491,True
2000,0.5,63,dml_pairs_boot,0.5723626012904599,0.0502702812526862,0.46378541788989686,0.6561508234696215,True
2000,0.5,64,dml_if,0.7210526184230024,0.059394369401704394,0.6046396543956618,0.837465582450343,False
2000,0.5,64,dml_mult_boot,0.7210526184230024,0.05909543619482729,0.6166901945698424,0.846533088528268,False
2000,0.5,64,dml_pairs_boot,0.7210526184230024,0.06487402464440366,0.5977354885930916,0.8223876485957927,False
2000,0.5,65,dml_if,0.5445167710494169,0.05963469479400087,0.42763276925317517,0.6614007728456586,True
2000,0.5,65,dml_mult_boot,0.5445167710494169,0.05768168038496655,0.4331981975137948,0.6548812564987132,True
2000,0.5,65,dml_pairs_boot,0.5445167710494169,0.05484571227633478,0.4593303930143383,0.6222174984512365,True
2000,0.5,66,dml_if,0.5414650199871367,0.05616499886387779,0.4313816222139362,0.6515484177603371,True
2000,0.5,66,dml_mult_boot,0.5414650199871367,0.05735104014210817,0.42239450975273585,0.6596567952859554,True
2000,0.5,66,dml_pairs_boot,0.5414650199871367,0.058708819146849466,0.46999077152372065,0.6774327308277146,True
2000,0.5,67,dml_if,0.553578525272388,0.05563310492659051,0.44453763961627063,0.6626194109285054,True
2000,0.5,67,dml_mult_boot,0.553578525272388,0.05432663017919115,0.44609665115447483,0.6639962790988964,True
2000,0.5,67,dml_pairs_boot,0.553578525272388,0.04949787474491299,0.4766989495743593,0.6544644171859938,True
2000,0.5,68,dml_if,0.6155686492723674,0.057819958789649045,0.5022415300446553,0.7288957685000795,False
2000,0.5,68,dml_mult_boot,0.6155686492723674,0.055396477695680756,0.5116414541620579,0.7280874463685848,False
2000,0.5,68,dml_pairs_boot,0.6155686492723674,0.055066052066113896,0.5187434115789572,0.7054643027474745,False
2000,0.5,69,dml_if,0.5806210978876089,0.058564745767745355,0.46583419618282795,0.6954079995923897,True
2000,0.5,69,dml_mult_boot,0.5806210978876089,0.057750432015558316,0.4782975493856692,0.6945739120145328,True
2000,0.5,69,dml_pairs_boot,0.5806210978876089,0.04544512445714456,0.5037694847749676,0.677469345208594,False
2000,0.5,70,dml_if,0.5453112226758039,0.05716969208863416,0.43325862618208094,0.6573638191695268,True
2000,0.5,70,dml_mult_boot,0.5453112226758039,0.05968795739373508,0.4362474998870145,0.6652789812066406,True
2000,0.5,70,dml_pairs_boot,0.5453112226758039,0.04788257412768485,0.45470304430773417,0.6295491455401632,True
2000,0.5,71,dml_if,0.5908668233956094,0.048154305292661743,0.4964843850219923,0.6852492617692264,True
2000,0.5,71,dml_mult_boot,0.5908668233956094,0.04765819567951628,0.4950922853857969,0.6854503104101926,True
2000,0.5,71,dml_pairs_boot,0.5908668233956094,0.05278298212489298,0.4754139438182188,0.6852399905158902,True
2000,0.5,72,dml_if,0.6548752904254093,0.05064244756021915,0.5556160932073797,0.7541344876434388,False
2000,0.5,72,dml_mult_boot,0.6548752904254093,0.04918282984809327,0.5549023241494556,0.7505691806948449,False
2000,0.5,72,dml_pairs_boot,0.6548752904254093,0.047935458118582484,0.5473065482491422,0.7403088973401372,False
2000,0.5,73,dml_if,0.601850785038659,0.057262753381698964,0.489615788410529,0.7140857816667889,True
2000,0.5,73,dml_mult_boot,0.601850785038659,0.05758097891412821,0.4912383845570816,0.7195694357801926,True
2000,0.5,73,dml_pairs_boot,0.601850785038659,0.05300930697447825,0.48097416984648494,0.6811488460761367,True
2000,0.5,74,dml_if,0.5377554821846402,0.058793727731382264,0.422519775831131,0.6529911885381494,True
2000,0.5,74,dml_mult_boot,0.5377554821846402,0.05812698724080495,0.41979500509233636,0.6438027644354016,True
2000,0.5,74,dml_pairs_boot,0.5377554821846402,0.05930204304792812,0.4070176356626338,0.62846494677865,True
2000,0.5,75,dml_if,0.540032408483067,0.057913818171632755,0.42652132486666683,0.6535434920994672,True
2000,0.5,75,dml_mult_boot,0.540032408483067,0.05902915125282091,0.4288477158663356,0.6550551378614808,True
2000,0.5,75,dml_pairs_boot,0.540032408483067,0.050703117435287506,0.4559338444598458,0.6465781028068375,True
2000,0.5,76,dml_if,0.6298807193372462,0.0523445487106811,0.5272854038643112,0.7324760348101812,False
2000,0.5,76,dml_mult_boot,0.6298807193372462,0.054168381532911994,0.5277980261052807,0.7355839170003882,False
2000,0.5,76,dml_pairs_boot,0.6298807193372462,0.04951017914552846,0.5585994931984619,0.7510595461922318,False
2000,0.5,77,dml_if,0.491981977255001,0.0499124854571232,0.3941535057590395,0.5898104487509624,True
2000,0.5,77,dml_mult_boot,0.491981977255001,0.05034290849509613,0.39190708434893606,0.5840240364364222,True
2000,0.5,77,dml_pairs_boot,0.491981977255001,0.04798272353673415,0.3952412295833296,0.5643713608283965,True
2000,0.5,78,dml_if,0.517593557535924,0.05167493683927897,0.4163106813309372,0.6188764337409107,True
2000,0.5,78,dml_mult_boot,0.517593557535924,0.05200828018755728,0.413089829941301,0.6237377448329189,True
2000,0.5,78,dml_pairs_boot,0.517593557535924,0.052378984418308364,0.4211602617936032,0.6213042062513259,True
2000,0.5,79,dml_if,0.5956164912582718,0.050398627523037615,0.49683518131311805,0.6943978012034255,True
2000,0.5,79,dml_mult_boot,0.5956164912582718,0.051165430856913816,0.500202656253852,0.6920860743798434,False
2000,0.5,79,dml_pairs_boot,0.5956164912582718,0.0459371707515349,0.5250601954216698,0.6803102349503409,False
2000,0.5,80,dml_if,0.5507262690144046,0.05790862102138216,0.43722537181249554,0.6642271662163136,True
2000,0.5,80,dml_mult_boot,0.5507262690144046,0.059527334163319415,0.44991690107434895,0.6771827406437507,True
2000,0.5,80,dml_pairs_boot,0.5507262690144046,0.04747021491471203,0.46550679611588885,0.6431952517163523,True
2000,0.5,81,dml_if,0.5943544978374748,0.06222358308959184,0.47239627498187486,0.7163127206930748,True
2000,0.5,81,dml_mult_boot,0.5943544978374748,0.06465055555724471,0.46521428608595794,0.7204767318883086,True
2000,0.5,81,dml_pairs_boot,0.5943544978374748,0.06111590378052679,0.4801311896659305,0.6855902336452977,True
2000,0.5,82,dml_if,0.5111219483431156,0.05739241750229441,0.3986328100386186,0.6236110866476127,True
2000,0.5,82,dml_mult_boot,0.5111219483431156,0.056561947622628145,0.3927673360804687,0.6208272546927947,True
2000,0.5,82,dml_pairs_boot,0.5111219483431156,0.060949698089963436,0.3859893184371855,0.6030390428646277,True
2000,0.5,83,dml_if,0.6600788003193561,0.05745634247379342,0.5474643690707209,0.7726932315679912,False
2000,0.5,83,dml_mult_boot,0.6600788003193561,0.057069702215486226,0.532632185440593,0.7769053808953329,False
2000,0.5,83,dml_pairs_boot,0.6600788003193561,0.056117820436068784,0.5379148716566878,0.7289224421142136,False
2000,0.5,84,dml_if,0.6450425751323651,0.05882115300643123,0.5297531152397599,0.7603320350249703,False
2000,0.5,84,dml_mult_boot,0.6450425751323651,0.059822098752398835,0.5293315440082678,0.7641925260135256,False
2000,0.5,84,dml_pairs_boot,0.6450425751323651,0.05777836823787808,0.55835196851713,0.7533611033451981,False
2000,0.5,85,dml_if,0.4992680196659058,0.05992248422388899,0.3818199505870834,0.6167160887447282,True
2000,0.5,85,dml_mult_boot,0.4992680196659058,0.058761658248105496,0.37059314979578806,0.6108441957947007,True
2000,0.5,85,dml_pairs_boot,0.4992680196659058,0.06597705049103574,0.3661320302520057,0.5988889590060119,True
2000,0.5,86,dml_if,0.5048812914003189,0.0503123225120154,0.4062691392767687,0.6034934435238691,True
2000,0.5,86,dml_mult_boot,0.5048812914003189,0.05147162908832742,0.40205062653003976,0.6046012178395568,True
2000,0.5,86,dml_pairs_boot,0.5048812914003189,0.043371824159227725,0.42582980687261207,0.5715931488285234,True
2000,0.5,87,dml_if,0.5751166356199919,0.0557148091804616,0.4659156096262872,0.6843176616136967,True
2000,0.5,87,dml_mult_boot,0.5751166356199919,0.055515747095844066,0.46047725609480744,0.6790228260397997,True
2000,0.5,87,dml_pairs_boot,0.5751166356199919,0.04910264841269662,0.48093669564736813,0.6692967985076761,True
2000,0.5,88,dml_if,0.4809854789125872,0.05023671784842199,0.3825215119296801,0.5794494458954943,True
2000,0.5,88,dml_mult_boot,0.4809854789125872,0.050696155558324234,0.37061842405292994,0.5718020386139836,True
2000,0.5,88,dml_pairs_boot,0.4809854789125872,0.052444140618681724,0.3997395965424696,0.5848781765384353,True
2000,0.5,89,dml_if,0.551596345371886,0.06375834417800383,0.42662999078299846,0.6765626999607735,True
2000,0.5,89,dml_mult_boot,0.551596345371886,0.0608954392218341,0.434823283283556,0.675356222502514,True
2000,0.5,89,dml_pairs_boot,0.551596345371886,0.06763685544297107,0.45218108108296173,0.7088356658148217,True
2000,0.5,90,dml_if,0.49709892352878365,0.05096059772004916,0.3972161519974873,0.59698169506008,True
2000,0.5,90,dml_mult_boot,0.49709892352878365,0.050619319920781364,0.39762393416003106,0.5915861711108865,True
2000,0.5,90,dml_pairs_boot,0.49709892352878365,0.054345842005202934,0.4092092756176702,0.6138234569201083,True
2000,0.5,91,dml_if,0.5697163930018883,0.055593487167306097,0.46075315815396833,0.6786796278498082,True
2000,0.5,91,dml_mult_boot,0.5697163930018883,0.057779176611314,0.46889542660317485,0.6844794684941009,True
2000,0.5,91,dml_pairs_boot,0.5697163930018883,0.049055377164353146,0.4965171036211145,0.6495609156185315,True
2000,0.5,92,dml_if,0.5778892269597775,0.06017046176310177,0.45995512190409804,0.695823332015457,True
2000,0.5,92,dml_mult_boot,0.5778892269597775,0.060824451058370865,0.4590535315335949,0.7017294516712815,True
2000,0.5,92,dml_pairs_boot,0.5778892269597775,0.05459960550051509,0.46126681137895686,0.659868385821478,True
2000,0.5,93,dml_if,0.5123756872656184,0.056811672811295885,0.4010248085554785,0.6237265659757584,True
2000,0.5,93,dml_mult_boot,0.5123756872656184,0.05855635480653885,0.403840869189299,0.6264038665071144,True
2000,0.5,93,dml_pairs_boot,0.5123756872656184,0.05791617010293719,0.4008605006389463,0.607789123137775,True
2000,0.5,94,dml_if,0.47247967766778937,0.059886372631361255,0.3551023873103213,0.5898569680252574,True
2000,0.5,94,dml_mult_boot,0.47247967766778937,0.0589241816257455,0.36699146049544196,0.5842042602253276,True
2000,0.5,94,dml_pairs_boot,0.47247967766778937,0.05685566999852456,0.39647522639143884,0.5855688578143761,True
2000,0.5,95,dml_if,0.5576282381995322,0.0580423611686938,0.44386521030889237,0.6713912660901721,True
2000,0.5,95,dml_mult_boot,0.5576282381995322,0.06065363086883945,0.4470784161545838,0.6827987264048063,True
2000,0.5,95,dml_pairs_boot,0.5576282381995322,0.04523205901958229,0.4711592580230978,0.6394603334919963,True
2000,0.5,96,dml_if,0.5221678812989008,0.05635422640222303,0.41171359755054365,0.6326221650472579,True
2000,0.5,96,dml_mult_boot,0.5221678812989008,0.05826554818933291,0.41117267664872015,0.6316254168259416,True
2000,0.5,96,dml_pairs_boot,0.5221678812989008,0.050601331045456666,0.44151344268233256,0.6059926237722048,True
2000,0.5,97,dml_if,0.5715465357803747,0.04912060382052892,0.47527015229213804,0.6678229192686114,True
2000,0.5,97,dml_mult_boot,0.5715465357803747,0.05161927301832886,0.47538370002867775,0.6794523537158705,True
2000,0.5,97,dml_pairs_boot,0.5715465357803747,0.05445792642665481,0.47439759106010226,0.6635946978380429,True
2000,0.5,98,dml_if,0.62744282835657,0.04903754696361223,0.53132923630789,0.7235564204052499,False
2000,0.5,98,dml_mult_boot,0.62744282835657,0.046831520173770166,0.536353072533545,0.7219253777738583,False
2000,0.5,98,dml_pairs_boot,0.62744282835657,0.05514158219183929,0.5096537787946549,0.7157924049006384,False
2000,0.5,99,dml_if,0.5145418886266898,0.053182051329882185,0.41030506802012073,0.6187787092332588,True
2000,0.5,99,dml_mult_boot,0.5145418886266898,0.05456264798068258,0.4039222185079932,0.6156690081334453,True
2000,0.5,99,dml_pairs_boot,0.5145418886266898,0.05027205499004481,0.4192651940821287,0.6304561642172272,True
2000,0.5,100,dml_if,0.5209308571013745,0.05006561848071872,0.42280224487916584,0.6190594693235832,True
2000,0.5,100,dml_mult_boot,0.5209308571013745,0.05221353044705178,0.4169424817543051,0.6202239069633093,True
2000,0.5,100,dml_pairs_boot,0.5209308571013745,0.04416507252133561,0.43103235521977107,0.573445163920872,True
2000,0.5,101,dml_if,0.5216032943094675,0.05425127447889432,0.41527079633083464,0.6279357922881004,True
2000,0.5,101,dml_mult_boot,0.5216032943094675,0.05539478260238438,0.42114707410259045,0.6315948693937865,True
2000,0.5,101,dml_pairs_boot,0.5216032943094675,0.04811670547144229,0.41812899743659926,0.6007250287841737,True
2000,0.5,102,dml_if,0.47737384333326716,0.05608359224024773,0.3674500025423816,0.5872976841241527,True
2000,0.5,102,dml_mult_boot,0.47737384333326716,0.05651518323758005,0.37548169285606364,0.5930758272976661,True
2000,0.5,102,dml_pairs_boot,0.47737384333326716,0.05887279393484033,0.356586329675379,0.5774393655518613,True
2000,0.5,103,dml_if,0.5605829833777184,0.05321826822269141,0.4562751776612432,0.6648907890941935,True
2000,0.5,103,dml_mult_boot,0.5605829833777184,0.051259553605778545,0.46502904152634317,0.6538614162989074,True
2000,0.5,103,dml_pairs_boot,0.5605829833777184,0.05229243661924088,0.46808217106383027,0.6700506186787638,True
2000,0.5,104,dml_if,0.510964198375707,0.059155322222716765,0.3950197668191821,0.6269086299322318,True
2000,0.5,104,dml_mult_boot,0.510964198375707,0.05976759893115245,0.3930354953412669,0.6248311201564611,True
2000,0.5,104,dml_pairs_boot,0.510964198375707,0.05317350082002395,0.3926596077766972,0.5769669742777268,True
2000,0.5,105,dml_if,0.5628903160565935,0.05400446096530897,0.4570415725645879,0.668739059548599,True
2000,0.5,105,dml_mult_boot,0.5628903160565935,0.054939127768187275,0.4527183647426157,0.6693387504079578,True
2000,0.5,105,dml_pairs_boot,0.5628903160565935,0.04673507869179269,0.46034395518165366,0.6356720499754164,True
2000,0.5,106,dml_if,0.550857347862014,0.05863762284238037,0.43592760709094847,0.6657870886330796,True
2000,0.5,106,dml_mult_boot,0.550857347862014,0.05614224785307298,0.4430051950383083,0.6619547532875275,True
2000,0.5,106,dml_pairs_boot,0.550857347862014,0.06301588114301825,0.425416872565047,0.6453366955744828,True
2000,0.5,107,dml_if,0.5338944245930982,0.057680409528253214,0.42084082191772193,0.6469480272684746,True
2000,0.5,107,dml_mult_boot,0.5338944245930982,0.05799492217674952,0.4201280112195785,0.6394677668613982,True
2000,0.5,107,dml_pairs_boot,0.5338944245930982,0.057804258944085224,0.44075164953229645,0.674089141689678,True
2000,0.5,108,dml_if,0.5345242674238446,0.05192874814719109,0.4327439210553501,0.6363046137923392,True
2000,0.5,108,dml_mult_boot,0.5345242674238446,0.050725104689852495,0.4321844701895975,0.6256653559062061,True
2000,0.5,108,dml_pairs_boot,0.5345242674238446,0.055502449445123475,0.46461141384588706,0.6448885385141262,True
2000,0.5,109,dml_if,0.608893307480608,0.060877078563840156,0.4895742334954813,0.7282123814657346,True
2000,0.5,109,dml_mult_boot,0.608893307480608,0.06010308845270449,0.4846163156114429,0.7260774963924916,True
2000,0.5,109,dml_pairs_boot,0.608893307480608,0.05545590545875851,0.5489374525132106,0.7537415161881836,False
2000,0.5,110,dml_if,0.6112071749762344,0.05693262746304437,0.49961922514866747,0.7227951248038014,True
2000,0.5,110,dml_mult_boot,0.6112071749762344,0.058857250463353855,0.48995633158390123,0.7293249655557995,True
2000,0.5,110,dml_pairs_boot,0.6112071749762344,0.05356390348213148,0.5121902677538428,0.7098200425173332,False
2000,0.5,111,dml_if,0.640396694872318,0.06116051454236771,0.5205220863692772,0.7602713033753588,False
2000,0.5,111,dml_mult_boot,0.640396694872318,0.059667971368640285,0.5301894060817729,0.7657542771445238,False
2000,0.5,111,dml_pairs_boot,0.640396694872318,0.05484810958939067,0.5359132763007324,0.7288210076175792,False
2000,0.5,112,dml_if,0.535902523011018,0.05779988291196634,0.422614752503564,0.649190293518472,True
2000,0.5,112,dml_mult_boot,0.535902523011018,0.05860905270738182,0.42025944518827074,0.6570558954354945,True
2000,0.5,112,dml_pairs_boot,0.535902523011018,0.04596226438927608,0.4590983341819704,0.6202921635624695,True
2000,0.5,113,dml_if,0.5353712567378198,0.04959036972200442,0.4381741320826912,0.6325683813929485,True
2000,0.5,113,dml_mult_boot,0.5353712567378198,0.05079937237306353,0.4331465021154001,0.6217967605864939,True
2000,0.5,113,dml_pairs_boot,0.5353712567378198,0.052318757390989706,0.44214911643337945,0.6108919015368026,True
2000,0.5,114,dml_if,0.5057724941327388,0.047003391131031115,0.4136458475159178,0.5978991407495599,True
2000,0.5,114,dml_mult_boot,0.5057724941327388,0.048327113658025854,0.405319973849635,0.5983781160711964,True
2000,0.5,114,dml_pairs_boot,0.5057724941327388,0.05917079155418325,0.4025664367786891,0.6024046508380599,True
2000,0.5,115,dml_if,0.5693175533301209,0.049841228736390325,0.47162874500679586,0.667006361653446,True
2000,0.5,115,dml_mult_boot,0.5693175533301209,0.04822917226149297,0.4795182367267724,0.6615626143986014,True
2000,0.5,115,dml_pairs_boot,0.5693175533301209,0.05805917935704713,0.45918240620779777,0.6700727114517656,True
2000,0.5,116,dml_if,0.5531019972035712,0.04938050756245214,0.45631620238116505,0.6498877920259775,True
2000,0.5,116,dml_mult_boot,0.5531019972035712,0.04749076584087813,0.4600261206119233,0.6471859872881688,True
2000,0.5,116,dml_pairs_boot,0.5531019972035712,0.049754452251793396,0.4476373021776689,0.6629520970923097,True
2000,0.5,117,dml_if,0.5336389612953509,0.05191153478835746,0.4318923531101703,0.6353855694805315,True
2000,0.5,117,dml_mult_boot,0.5336389612953509,0.050372260876208906,0.4365589542963581,0.6321674385990849,True
2000,0.5,117,dml_pairs_boot,0.5336389612953509,0.05309448671120724,0.4336701856118621,0.6197902348786163,True
2000,0.5,118,dml_if,0.5289842769241013,0.05661002407287269,0.41802862974127086,0.6399399241069318,True
2000,0.5,118,dml_mult_boot,0.5289842769241013,0.05316012631605812,0.4256562198028109,0.6309641914131018,True
2000,0.5,118,dml_pairs_boot,0.5289842769241013,0.050751799585014225,0.433646969937742,0.5994847536414928,True
2000,0.5,119,dml_if,0.5127994034512834,0.055098321074751724,0.40480669414477,0.6207921127577968,True
2000,0.5,119,dml_mult_boot,0.5127994034512834,0.05452290930440663,0.4086548158297499,0.6186400825915098,True
2000,0.5,119,dml_pairs_boot,0.5127994034512834,0.05037100297785265,0.42157315832372527,0.6171983212348513,True
2000,0.5,120,dml_if,0.5618501941021288,0.05113636301637609,0.4616229225900316,0.6620774656142259,True
2000,0.5,120,dml_mult_boot,0.5618501941021288,0.05296079895499624,0.4625161036826341,0.6581669346050665,True
2000,0.5,120,dml_pairs_boot,0.5618501941021288,0.05749543034948194,0.45335678046573463,0.656441322583075,True
2000,0.5,121,dml_if,0.5898581567088297,0.05589576126966715,0.4803024646202821,0.6994138487973773,True
2000,0.5,121,dml_mult_boot,0.5898581567088297,0.054793240499499206,0.48608388143099146,0.7027580426180414,True
2000,0.5,121,dml_pairs_boot,0.5898581567088297,0.05016229471711861,0.5228053464818637,0.697700108809457,False
2000,0.5,122,dml_if,0.5262568119180876,0.05945221471770171,0.40973047107139227,0.6427831527647829,True
2000,0.5,122,dml_mult_boot,0.5262568119180876,0.06147549880203997,0.40929395166715843,0.6526056422928281,True
2000,0.5,122,dml_pairs_boot,0.5262568119180876,0.06387032979263875,0.4153334855056207,0.6938121714486599,True
2000,0.5,123,dml_if,0.49608023105055216,0.056352868201149264,0.3856286093762996,0.6065318527248047,True
2000,0.5,123,dml_mult_boot,0.49608023105055216,0.057431906420621404,0.3763524115721689,0.6037049409817193,True
2000,0.5,123,dml_pairs_boot,0.49608023105055216,0.06137542302705912,0.38600867776234155,0.5988098473321525,True
2000,0.5,124,dml_if,0.6069335938144378,0.049936819194243344,0.5090574281937208,0.7048097594351548,False
2000,0.5,124,dml_mult_boot,0.6069335938144378,0.05240215543669818,0.5069639625644096,0.7095654540481596,False
2000,0.5,124,dml_pairs_boot,0.6069335938144378,0.05132336877115613,0.5115939946539623,0.6933827761564976,False
2000,0.5,125,dml_if,0.655035997110275,0.05650670321197528,0.5442828588148035,0.7657891354057466,False
2000,0.5,125,dml_mult_boot,0.655035997110275,0.058508510509662964,0.5399221243180293,0.7653054085986996,False
2000,0.5,125,dml_pairs_boot,0.655035997110275,0.061824625330685175,0.5522548423744016,0.7583224951403706,False
2000,0.5,126,dml_if,0.602431855984695,0.056365037505253984,0.49195638247439716,0.7129073294949928,True
2000,0.5,126,dml_mult_boot,0.602431855984695,0.05491286498246782,0.5041267119924396,0.7244167675157159,False
2000,0.5,126,dml_pairs_boot,0.602431855984695,0.05249530827695619,0.5228536557351512,0.7264878926319266,False
2000,0.5,127,dml_if,0.48856854370219116,0.04930748965359558,0.3919258639811438,0.5852112234232385,True
2000,0.5,127,dml_mult_boot,0.48856854370219116,0.05036020209999894,0.3839759143384727,0.5838590905298227,True
2000,0.5,127,dml_pairs_boot,0.48856854370219116,0.04498407769269048,0.4140092551601774,0.5923527316107084,True
2000,0.5,128,dml_if,0.5063186464343801,0.06180634504050349,0.3851782101549932,0.6274590827137669,True
2000,0.5,128,dml_mult_boot,0.5063186464343801,0.062215858522872286,0.39390823178263407,0.6408039052651463,True
2000,0.5,128,dml_pairs_boot,0.5063186464343801,0.060409853106731276,0.36528503448105526,0.6083999456071464,True
2000,0.5,129,dml_if,0.6089458473123847,0.059968792946681206,0.4914070131368895,0.7264846814878798,True
2000,0.5,129,dml_mult_boot,0.6089458473123847,0.061047863605136934,0.496832148541429,0.7314130147229405,True
2000,0.5,129,dml_pairs_boot,0.6089458473123847,0.060537259307750155,0.4739842690370117,0.7332245776916347,True
2000,0.5,130,dml_if,0.6038440745110646,0.059424185069178466,0.48737267177547483,0.7203154772466543,True
2000,0.5,130,dml_mult_boot,0.6038440745110646,0.06295025433938398,0.48237964987110565,0.7346407336702544,True
2000,0.5,130,dml_pairs_boot,0.6038440745110646,0.05922701339586807,0.5145923044014472,0.7291303112516228,False
2000,0.5,131,dml_if,0.6239666234946492,0.05000116647318371,0.5259643372072091,0.7219689097820892,False
2000,0.5,131,dml_mult_boot,0.6239666234946492,0.049510283491801345,0.5301859680169129,0.7255513326010598,False
2000,0.5,131,dml_pairs_boot,0.6239666234946492,0.05627594689350075,0.5440891889344901,0.7405805459004092,False
2000,0.5,132,dml_if,0.6162913177024497,0.05070337943044683,0.5169126940187739,0.7156699413861255,False
2000,0.5,132,dml_mult_boot,0.6162913177024497,0.05250719087396181,0.5209990724103889,0.7267074609956515,False
2000,0.5,132,dml_pairs_boot,0.6162913177024497,0.04835292616714467,0.5093848196181736,0.6944661634345503,False
2000,0.5,133,dml_if,0.5654732084250365,0.05775427902337204,0.45227482153922727,0.6786715953108456,True
2000,0.5,133,dml_mult_boot,0.5654732084250365,0.05941540183187107,0.45929384126402745,0.6793821224306977,True
2000,0.5,133,dml_pairs_boot,0.5654732084250365,0.05309781232867361,0.4497193819484782,0.655692345186424,True
2000,0.5,134,dml_if,0.5038006572879288,0.05022649562706024,0.4053567258588907,0.6022445887169668,True
2000,0.5,134,dml_mult_boot,0.5038006572879288,0.054710690952588834,0.3988756557746116,0.60870062449964,True
2000,0.5,134,dml_pairs_boot,0.5038006572879288,0.0601089372115803,0.40000454951569103,0.6451346934390502,True
2000,0.5,135,dml_if,0.6887335413801309,0.05771538515326957,0.5756113864797225,0.8018556962805392,False
2000,0.5,135,dml_mult_boot,0.6887335413801309,0.05533439470175813,0.5848071437950411,0.804565106984337,False
2000,0.5,135,dml_pairs_boot,0.6887335413801309,0.06443831736149626,0.5700868918245727,0.8134659124284107,False
2000,0.5,136,dml_if,0.5852835610724082,0.05797677557441636,0.4716490809465521,0.6989180411982643,True
2000,0.5,136,dml_mult_boot,0.5852835610724082,0.05826051120191447,0.47555409222251827,0.7015220982841637,True
2000,0.5,136,dml_pairs_boot,0.5852835610724082,0.06125748449398116,0.4801580304832552,0.7072438263067921,True
2000,0.5,137,dml_if,0.6173978218349957,0.05060961410666174,0.5182029781859387,0.7165926654840526,False
2000,0.5,137,dml_mult_boot,0.6173978218349957,0.050873484155921765,0.5165886514733861,0.7186452641851943,False
2000,0.5,137,dml_pairs_boot,0.6173978218349957,0.06847866208940984,0.48518555362812643,0.7264202485119479,True
2000,0.5,138,dml_if,0.577590449134941,0.04857469058387369,0.48238405559054853,0.6727968426793334,True
2000,0.5,138,dml_mult_boot,0.577590449134941,0.049225737626292995,0.4804160413328007,0.6740941525703307,True
2000,0.5,138,dml_pairs_boot,0.577590449134941,0.048460471281685194,0.5006029297922299,0.6627022949157988,False
2000,0.5,139,dml_if,0.5781931033668725,0.05712916836533883,0.46621993337080836,0.6901662733629366,True
2000,0.5,139,dml_mult_boot,0.5781931033668725,0.055419601834142546,0.46847237178729095,0.6869831750179006,True
2000,0.5,139,dml_pairs_boot,0.5781931033668725,0.04869363644149901,0.48938147967805,0.6551901671208453,True
2000,0.5,140,dml_if,0.5810727569694352,0.05421291167628304,0.4748154500839204,0.6873300638549499,True
2000,0.5,140,dml_mult_boot,0.5810727569694352,0.05585080640861388,0.46911287350807884,0.6862530281859963,True
2000,0.5,140,dml_pairs_boot,0.5810727569694352,0.057451053868351906,0.5020403187063529,0.7100868143884371,False
2000,0.5,141,dml_if,0.4836003954513893,0.06488175291055302,0.3564321597467054,0.6107686311560732,True
2000,0.5,141,dml_mult_boot,0.4836003954513893,0.06963008711783762,0.3443943096811512,0.6228182276258516,True
2000,0.5,141,dml_pairs_boot,0.4836003954513893,0.06074734896675571,0.37544009506053566,0.6117265999282949,True
2000,0.5,142,dml_if,0.5474575519604874,0.05555032870670806,0.4385789076953396,0.6563361962256352,True
2000,0.5,142,dml_mult_boot,0.5474575519604874,0.0542642941792625,0.43667645639719027,0.6518351273902127,True
2000,0.5,142,dml_pairs_boot,0.5474575519604874,0.049531663945578966,0.44733030466793566,0.6141160908027139,True
2000,0.5,143,dml_if,0.6229531954603612,0.049139565311665065,0.5266396474494976,0.7192667434712248,False
2000,0.5,143,dml_mult_boot,0.6229531954603612,0.05088090671341416,0.5190067469947249,0.7138524505547883,False
2000,0.5,143,dml_pairs_boot,0.6229531954603612,0.061298206849127256,0.5254750879072064,0.7392571637312657,False
2000,0.5,144,dml_if,0.5530468331044136,0.05006192522820426,0.45492545965713327,0.6511682065516939,True
2000,0.5,144,dml_mult_boot,0.5530468331044136,0.050854873760472326,0.4558282439595183,0.6523858687792308,True
2000,0.5,144,dml_pairs_boot,0.5530468331044136,0.05436397473080597,0.4513282424062578,0.6504509390509955,True
2000,0.5,145,dml_if,0.5598828958185714,0.05874701071778102,0.44473875481172065,0.6750270368254222,True
2000,0.5,145,dml_mult_boot,0.5598828958185714,0.05770188844292251,0.44352608139988786,0.6689595114539655,True
2000,0.5,145,dml_pairs_boot,0.5598828958185714,0.06978053030362914,0.4502392202990958,0.6830748968007756,True
2000,0.5,146,dml_if,0.5514187765463534,0.05744541204068039,0.43882576894661984,0.664011784146087,True
2000,0.5,146,dml_mult_boot,0.5514187765463534,0.05899383268535703,0.44131745145604573,0.6792161315221869,True
2000,0.5,146,dml_pairs_boot,0.5514187765463534,0.05324032851413347,0.4793846672696286,0.6595830875337296,True
2000,0.5,147,dml_if,0.5676080642993448,0.058815409033371555,0.4523298625939366,0.6828862660047531,True
2000,0.5,147,dml_mult_boot,0.5676080642993448,0.057817555397443945,0.44395923617230093,0.6793417537047042,True
2000,0.5,147,dml_pairs_boot,0.5676080642993448,0.04853156946619227,0.47159170063673483,0.6368600992734528,True
2000,0.5,148,dml_if,0.5111797655327652,0.061509629231508996,0.3906208922390076,0.6317386388265228,True
2000,0.5,148,dml_mult_boot,0.5111797655327652,0.0626938443185462,0.38510601986029463,0.6167849700566812,True
2000,0.5,148,dml_pairs_boot,0.5111797655327652,0.055593401082451394,0.42607943002785886,0.6227229557673656,True
2000,0.5,149,dml_if,0.5813487103839808,0.054040600067942805,0.47542913425081296,0.6872682865171488,True
2000,0.5,149,dml_mult_boot,0.5813487103839808,0.05421790366205165,0.48086722712744756,0.6939466346207172,True
2000,0.5,149,dml_pairs_boot,0.5813487103839808,0.04668355710876041,0.5130464253030445,0.6858762685784096,False
2000,0.5,150,dml_if,0.6167664893189542,0.06370793059700781,0.49189894534881884,0.7416340332890895,True
2000,0.5,150,dml_mult_boot,0.6167664893189542,0.0644178433826673,0.4896130157924772,0.7389902266441875,True
2000,0.5,150,dml_pairs_boot,0.6167664893189542,0.06677815161527764,0.48907065112636633,0.7217562213529727,True
2000,0.5,151,dml_if,0.5846211643118312,0.05331472039800624,0.48012431233173897,0.6891180162919235,True
2000,0.5,151,dml_mult_boot,0.5846211643118312,0.055708496607612824,0.47752012055812554,0.6918092321128315,True
2000,0.5,151,dml_pairs_boot,0.5846211643118312,0.047094223386573715,0.4566648817359456,0.6379244285430434,True
2000,0.5,152,dml_if,0.4487300883674033,0.05534962151418432,0.34024483019960206,0.5572153465352045,True
2000,0.5,152,dml_mult_boot,0.4487300883674033,0.054436349501364084,0.3418647967725637,0.5642482425032381,True
2000,0.5,152,dml_pairs_boot,0.4487300883674033,0.059208605786030745,0.3392537145519042,0.5463553002589344,True
2000,0.5,153,dml_if,0.5382469988932909,0.05921237988702007,0.42219073431473153,0.6543032634718502,True
2000,0.5,153,dml_mult_boot,0.5382469988932909,0.060807349302042894,0.42500737786010034,0.6603961830972124,True
2000,0.5,153,dml_pairs_boot,0.5382469988932909,0.05343608283954667,0.4714176125132513,0.6918682362603499,True
2000,0.5,154,dml_if,0.5630366108996223,0.0578542945417291,0.4496421935978333,0.6764310282014113,True
2000,0.5,154,dml_mult_boot,0.5630366108996223,0.05731909496343055,0.45163657333665425,0.6684043001577045,True
2000,0.5,154,dml_pairs_boot,0.5630366108996223,0.06058938356807681,0.4330056004412551,0.6441963904423946,True
2000,0.5,155,dml_if,0.5907110650314974,0.05769186404400407,0.47763501150524945,0.7037871185577453,True
2000,0.5,155,dml_mult_boot,0.5907110650314974,0.05639714281032104,0.4776964176388687,0.6989029699907858,True
2000,0.5,155,dml_pairs_boot,0.5907110650314974,0.054426740238013686,0.520958624621837,0.7123664690690951,False
2000,0.5,156,dml_if,0.5483701750017599,0.05541895844456713,0.4397490164504083,0.6569913335531115,True
2000,0.5,156,dml_mult_boot,0.5483701750017599,0.05322218532814039,0.44658934101576864,0.6524141655988153,True
2000,0.5,156,dml_pairs_boot,0.5483701750017599,0.05979571258499793,0.4514277701431513,0.6672366003910939,True
2000,0.5,157,dml_if,0.5998486963324468,0.06207116191829554,0.4781892189725875,0.721508173692306,True
2000,0.5,157,dml_mult_boot,0.5998486963324468,0.061985765634510526,0.48141483849534267,0.7190560090405593,True
2000,0.5,157,dml_pairs_boot,0.5998486963324468,0.05605302981048245,0.5264683829936243,0.7248879467128252,False
2000,0.5,158,dml_if,0.6053178026835924,0.05753921894088938,0.49254093355944917,0.7180946718077356,True
2000,0.5,158,dml_mult_boot,0.6053178026835924,0.05649467870241423,0.4885176105356661,0.7132969542359758,True
2000,0.5,158,dml_pairs_boot,0.6053178026835924,0.04982131722579258,0.5228278081702765,0.7096707041205375,False
2000,0.5,159,dml_if,0.5168220063937079,0.049884706429188956,0.4190479817924976,0.6145960309949182,True
2000,0.5,159,dml_mult_boot,0.5168220063937079,0.050891847070072084,0.41645243786609604,0.6100360504913342,True
2000,0.5,159,dml_pairs_boot,0.5168220063937079,0.05030439265965823,0.4108182770806054,0.5882064979111575,True
2000,0.5,160,dml_if,0.5415599810042273,0.050298258322835326,0.44297539469147007,0.6401445673169845,True
2000,0.5,160,dml_mult_boot,0.5415599810042273,0.04808541544049835,0.44672361197846505,0.6357338419828259,True
2000,0.5,160,dml_pairs_boot,0.5415599810042273,0.04631869822748348,0.4646115179172525,0.6227437351140838,True
2000,0.5,161,dml_if,0.5316846801538163,0.06006674364941224,0.41395386260096834,0.6494154977066643,True
2000,0.5,161,dml_mult_boot,0.5316846801538163,0.05672759403964665,0.4142032107654181,0.6399799144294912,True
2000,0.5,161,dml_pairs_boot,0.5316846801538163,0.053263262896639366,0.4198390404217037,0.6229369800595134,True
2000,0.5,162,dml_if,0.5996737890548581,0.05954349050437979,0.48296854766627373,0.7163790304434425,True
2000,0.5,162,dml_mult_boot,0.5996737890548581,0.06361433510191944,0.48574130829653467,0.7309804769967098,True
2000,0.5,162,dml_pairs_boot,0.5996737890548581,0.06476078203238342,0.44709892118762484,0.7092235247984903,True
2000,0.5,163,dml_if,0.5442778380813754,0.049328815141109296,0.4475933604048012,0.6409623157579496,True
2000,0.5,163,dml_mult_boot,0.5442778380813754,0.049408716101028725,0.4478614126466613,0.650298234140224,True
2000,0.5,163,dml_pairs_boot,0.5442778380813754,0.05499381678195365,0.42792030138654047,0.6020169881538504,True
2000,0.5,164,dml_if,0.6235787136643192,0.049772664235837816,0.526024291762077,0.7211331355665613,False
2000,0.5,164,dml_mult_boot,0.6235787136643192,0.05003705436116144,0.5213008605558227,0.7164636427940448,False
2000,0.5,164,dml_pairs_boot,0.6235787136643192,0.05251901066563597,0.5165430755451461,0.6982522109954524,False
2000,0.5,165,dml_if,0.5975626037283153,0.05768274598169179,0.4845044216041994,0.7106207858524312,True
2000,0.5,165,dml_mult_boot,0.5975626037283153,0.058549232973290906,0.4858045613021696,0.716144265049164,True
2000,0.5,165,dml_pairs_boot,0.5975626037283153,0.04935982435024382,0.5094074420808856,0.6795298793356379,False
2000,0.5,166,dml_if,0.6286831829599681,0.04985509013460448,0.5309672062961432,0.7263991596237929,False
2000,0.5,166,dml_mult_boot,0.6286831829599681,0.04967619833090793,0.5253397530561448,0.7208996024811671,False
2000,0.5,166,dml_pairs_boot,0.6286831829599681,0.04552026676468703,0.549830233145386,0.7051339524495245,False
2000,0.5,167,dml_if,0.4704624744705623,0.05855098117469598,0.35570255136815815,0.5852223975729665,True
2000,0.5,167,dml_mult_boot,0.4704624744705623,0.05649795442412849,0.3651218881988487,0.5800120263862691,True
2000,0.5,167,dml_pairs_boot,0.4704624744705623,0.05526158739592627,0.3744087009428195,0.5562198266552497,True
2000,0.5,168,dml_if,0.5212413759497447,0.05711358279181121,0.4092987536777948,0.6331839982216947,True
2000,0.5,168,dml_mult_boot,0.5212413759497447,0.06063009528418318,0.40671517149016434,0.6276440661886921,True
2000,0.5,168,dml_pairs_boot,0.5212413759497447,0.06055011135545742,0.40247184655375723,0.6388919046598782,True
2000,0.5,169,dml_if,0.5479396265008539,0.056668009683521474,0.43687032752115185,0.659008925480556,True
2000,0.5,169,dml_mult_boot,0.5479396265008539,0.058247142903818175,0.43381698054991435,0.6634977477485173,True
2000,0.5,169,dml_pairs_boot,0.5479396265008539,0.05602251329635091,0.4631425834982455,0.6546749899882817,True
2000,0.5,170,dml_if,0.6075320848887631,0.051074125223300994,0.5074267994510931,0.707637370326433,False
2000,0.5,170,dml_mult_boot,0.6075320848887631,0.05308658351728554,0.5091852909730488,0.7144006192589409,False
2000,0.5,170,dml_pairs_boot,0.6075320848887631,0.05427183046690317,0.5219850874024857,0.7203910358943885,False
2000,0.5,171,dml_if,0.6237043032762485,0.0627305454988705,0.5007524340984623,0.7466561724540347,False
2000,0.5,171,dml_mult_boot,0.6237043032762485,0.06471416289697475,0.49732080201184586,0.7577205140815116,True
2000,0.5,171,dml_pairs_boot,0.6237043032762485,0.06596333354447735,0.4963648900791797,0.7310984680133584,True
2000,0.5,172,dml_if,0.5920131235492038,0.04896720403080503,0.4960374036488259,0.6879888434495817,True
2000,0.5,172,dml_mult_boot,0.5920131235492038,0.046815003592300286,0.49143409464241655,0.6775607060879276,True
2000,0.5,172,dml_pairs_boot,0.5920131235492038,0.053218496641596884,0.49535780301118293,0.7037469466883309,True
2000,0.5,173,dml_if,0.565928846355025,0.05664291590973615,0.4549087311719422,0.6769489615381079,True
2000,0.5,173,dml_mult_boot,0.565928846355025,0.05618311387377405,0.45910972385417115,0.6664829972230517,True
2000,0.5,173,dml_pairs_boot,0.565928846355025,0.05509210015607769,0.4474500752969699,0.6430601238858153,True
2000,0.5,174,dml_if,0.5748884511315043,0.055770746245048755,0.4655777884912088,0.6841991137717999,True
2000,0.5,174,dml_mult_boot,0.5748884511315043,0.05340098964980437,0.4806251783556159,0.6869453637293249,True
2000,0.5,174,dml_pairs_boot,0.5748884511315043,0.04800742850381127,0.4699014678944087,0.6460806876187992,True
2000,0.5,175,dml_if,0.5399151883143536,0.049674301593692675,0.44255355719071593,0.6372768194379912,True
2000,0.5,175,dml_mult_boot,0.5399151883143536,0.050359963650293375,0.44134701328211606,0.6411149520676004,True
2000,0.5,175,dml_pairs_boot,0.5399151883143536,0.050878276908976124,0.45077406914479723,0.6386385031406627,True
2000,0.5,176,dml_if,0.6778413623889874,0.06394107993296821,0.5525168457203697,0.8031658790576051,False
2000,0.5,176,dml_mult_boot,0.6778413623889874,0.06469910120125505,0.5501255300651472,0.8076876127174999,False
2000,0.5,176,dml_pairs_boot,0.6778413623889874,0.05914239149567688,0.5929024406500074,0.805461145596644,False
2000,0.5,177,dml_if,0.7242562065964675,0.05787510790744675,0.6108209950978719,0.8376914180950631,False
2000,0.5,177,dml_mult_boot,0.7242562065964675,0.05737278211899275,0.6148892413417966,0.8375743183206404,False
2000,0.5,177,dml_pairs_boot,0.7242562065964675,0.0533108485935764,0.6403190805595383,0.8262384397301711,False
2000,0.5,178,dml_if,0.5459007368956553,0.06076897138632522,0.4267935529784579,0.6650079208128528,True
2000,0.5,178,dml_mult_boot,0.5459007368956553,0.05912821616691305,0.4306150972389832,0.6708521432697394,True
2000,0.5,178,dml_pairs_boot,0.5459007368956553,0.05212900074126599,0.429247914528783,0.6264663184392988,True
2000,0.5,179,dml_if,0.5452579080733444,0.05720262882283249,0.43314075558059273,0.6573750605660961,True
2000,0.5,179,dml_mult_boot,0.5452579080733444,0.0589132140942122,0.42115883677778704,0.6550646133247665,True
2000,0.5,179,dml_pairs_boot,0.5452579080733444,0.05817199334182122,0.4478201980109508,0.6514024526289512,True
2000,0.5,180,dml_if,0.48463804264602844,0.05528358111156759,0.376282223667356,0.5929938616247009,True
2000,0.5,180,dml_mult_boot,0.48463804264602844,0.055987109926766206,0.38118137949929465,0.5963578784416873,True
2000,0.5,180,dml_pairs_boot,0.48463804264602844,0.0464039913225097,0.41512189373288616,0.5777030942821237,True
2000,0.5,181,dml_if,0.6176056374490563,0.05302734264378239,0.5136720458672428,0.7215392290308698,False
2000,0.5,181,dml_mult_boot,0.6176056374490563,0.05133505744843283,0.5212520008360534,0.7182209064258446,False
2000,0.5,181,dml_pairs_boot,0.6176056374490563,0.06195608676339304,0.4987536374636967,0.7413091230903293,True
2000,0.5,182,dml_if,0.5242836821156944,0.057271631837598695,0.412031283714001,0.6365360805173879,True
2000,0.5,182,dml_mult_boot,0.5242836821156944,0.05599754620468986,0.4270836241966817,0.6380702521579482,True
2000,0.5,182,dml_pairs_boot,0.5242836821156944,0.048898210661343124,0.452668685244421,0.6417154146163138,True
2000,0.5,183,dml_if,0.49516549055375547,0.05869271371068271,0.38012777168081735,0.6102032094266936,True
2000,0.5,183,dml_mult_boot,0.49516549055375547,0.06079943670728499,0.36836563975849645,0.5981710538098383,True
2000,0.5,183,dml_pairs_boot,0.49516549055375547,0.05997621112567535,0.3764348015296563,0.5906453565907448,True
2000,0.5,184,dml_if,0.5282031788988558,0.06157303862899761,0.40752002318602054,0.6488863346116911,True
2000,0.5,184,dml_mult_boot,0.5282031788988558,0.05788384190429464,0.40262855964922467,0.6321836051010241,True
2000,0.5,184,dml_pairs_boot,0.5282031788988558,0.059997182482169495,0.4256455246883935,0.6665010724525594,True
2000,0.5,185,dml_if,0.6547356262390471,0.05116442869234709,0.5544533460020469,0.7550179064760474,False
2000,0.5,185,dml_mult_boot,0.6547356262390471,0.0512861714538772,0.5480249281226076,0.7488992799481021,False
2000,0.5,185,dml_pairs_boot,0.6547356262390471,0.045500198963355214,0.5799404651209934,0.756365091119404,False
2000,0.5,186,dml_if,0.5686761669729307,0.05101938695012702,0.46867816855068173,0.6686741653951797,True
2000,0.5,186,dml_mult_boot,0.5686761669729307,0.04903510561608544,0.4732288596408283,0.6617575007246543,True
2000,0.5,186,dml_pairs_boot,0.5686761669729307,0.04955552703272458,0.4614394449135526,0.6538971269294696,True
2000,0.5,187,dml_if,0.42009521753416706,0.0636501493589435,0.2953409247906378,0.5448495102776963,True
2000,0.5,187,dml_mult_boot,0.42009521753416706,0.06033623741677574,0.30131934475057043,0.538077806976302,True
2000,0.5,187,dml_pairs_boot,0.42009521753416706,0.06715445292369708,0.30149491650718635,0.5565167214698868,True
2000,0.5,188,dml_if,0.5290383886203617,0.04898931359480337,0.43301933397454706,0.6250574432661763,True
2000,0.5,188,dml_mult_boot,0.5290383886203617,0.04945857825191794,0.4354721649987351,0.6276127170793233,True
2000,0.5,188,dml_pairs_boot,0.5290383886203617,0.0536473967432171,0.4213037581481619,0.6128141856570982,True
2000,0.5,189,dml_if,0.42189851117764093,0.06177983479551132,0.3008100349784387,0.5429869873768431,True
2000,0.5,189,dml_mult_boot,0.42189851117764093,0.059012855774831945,0.30377690053445106,0.5420259031179128,True
2000,0.5,189,dml_pairs_boot,0.42189851117764093,0.05733621475535194,0.3312686214880336,0.5349231891602544,True
2000,0.5,190,dml_if,0.6404887138041506,0.060632426886682037,0.5216491571062538,0.7593282705020474,False
2000,0.5,190,dml_mult_boot,0.6404887138041506,0.061346598257832494,0.522904649336914,0.762438799108672,False
2000,0.5,190,dml_pairs_boot,0.6404887138041506,0.06276884688889364,0.5194068128553606,0.7560265947046124,False
2000,0.5,191,dml_if,0.5063022016293028,0.049227129006311855,0.4098170287769316,0.6027873744816741,True
2000,0.5,191,dml_mult_boot,0.5063022016293028,0.04987323447755623,0.40685979793195676,0.6077347137845186,True
2000,0.5,191,dml_pairs_boot,0.5063022016293028,0.04520216673618266,0.4299764017388507,0.5988822859527175,True
2000,0.5,192,dml_if,0.6209750142734936,0.061370374023656395,0.500689081187127,0.7412609473598601,False
2000,0.5,192,dml_mult_boot,0.6209750142734936,0.06207798512791606,0.5004739319408102,0.7477671388620705,False
2000,0.5,192,dml_pairs_boot,0.6209750142734936,0.06419748420381031,0.5338087303343962,0.7366864488396603,False
2000,0.5,193,dml_if,0.5682247867768602,0.06316411311826639,0.44442312506505804,0.6920264484886622,True
2000,0.5,193,dml_mult_boot,0.5682247867768602,0.06422890640248863,0.4438120407371275,0.6884546074317079,True
2000,0.5,193,dml_pairs_boot,0.5682247867768602,0.07194169143776175,0.42773592565024676,0.7058460599070027,True
2000,0.5,194,dml_if,0.5266987378873216,0.0579241662606267,0.41316737201649323,0.6402301037581499,True
2000,0.5,194,dml_mult_boot,0.5266987378873216,0.056656435068215834,0.4120125080070382,0.6380394794964962,True
2000,0.5,194,dml_pairs_boot,0.5266987378873216,0.05033187864217273,0.4624240647810267,0.6457720478847103,True
2000,0.5,195,dml_if,0.46670245443337577,0.06968908897036996,0.33011184005145067,0.6032930688153009,True
2000,0.5,195,dml_mult_boot,0.46670245443337577,0.07085754007404796,0.32476963963981487,0.6066434501956819,True
2000,0.5,195,dml_pairs_boot,0.46670245443337577,0.0657603565591364,0.3358423145500989,0.5947902300500488,True
2000,0.5,196,dml_if,0.5297142710794661,0.06038407377881398,0.4113614864729907,0.6480670556859415,True
2000,0.5,196,dml_mult_boot,0.5297142710794661,0.0585685026258248,0.4120128006281817,0.6502084208735792,True
2000,0.5,196,dml_pairs_boot,0.5297142710794661,0.052212281789807906,0.43671083015531287,0.6365831738031632,True
2000,0.5,197,dml_if,0.564252520073931,0.05053039029800494,0.46521295508984134,0.6632920850580207,True
2000,0.5,197,dml_mult_boot,0.564252520073931,0.05063132055639714,0.4602707553728923,0.6541567419757005,True
2000,0.5,197,dml_pairs_boot,0.564252520073931,0.05232160378132417,0.4676036179312639,0.6732884507680976,True
2000,0.5,198,dml_if,0.5224695657638583,0.05587571303728999,0.4129531682107699,0.6319859633169467,True
2000,0.5,198,dml_mult_boot,0.5224695657638583,0.051355303324627545,0.42429213385674697,0.6234311404715213,True
2000,0.5,198,dml_pairs_boot,0.5224695657638583,0.05783422602525333,0.40873332767708814,0.6295365930135989,True
2000,0.5,199,dml_if,0.515054326055148,0.05797904408564415,0.40141539964728545,0.6286932524630106,True
2000,0.5,199,dml_mult_boot,0.515054326055148,0.059196460855142255,0.3943031057109542,0.6320134105267106,True
2000,0.5,199,dml_pairs_boot,0.515054326055148,0.06415297209283798,0.39874893164459246,0.6361768776264131,True
